series,team_display,department_display,driver,driver_value,current_value,unit,expected_productivity,ci80_lower,ci80_upper,ci95_lower,ci95_upper
10__0,Team 10,Finishing,Incentive,0.0,0.0,BDT,0.7255615642841575,0.6818645191817317,0.7666581213369467,0.659080004950715,0.7872803382702086
10__0,Team 10,Finishing,Incentive,2.9333333333333327,0.0,BDT,0.7282887519953474,0.6480888793341915,0.8049955338451574,0.5999479424462368,0.8347564424908932
10__0,Team 10,Finishing,Incentive,5.866666666666665,0.0,BDT,0.7133313703968521,0.622874160280944,0.7982061779054793,0.5730315038617128,0.8326352815332567
10__0,Team 10,Finishing,Incentive,8.799999999999997,0.0,BDT,0.7035425439952422,0.6065497959803418,0.794793653271305,0.5546004095824878,0.8294350167043987
10__0,Team 10,Finishing,Incentive,11.73333333333333,0.0,BDT,0.6962258819453758,0.59490797822199,0.7914470735259467,0.5404888195467272,0.8256576072206302
10__0,Team 10,Finishing,Incentive,14.666666666666664,0.0,BDT,0.690370200745836,0.5845940321902322,0.7894360013607723,0.5284693801674639,0.8246759611638851
10__0,Team 10,Finishing,Incentive,17.599999999999994,0.0,BDT,0.6854827185862019,0.5773104582861708,0.7873172619350998,0.5175257523616988,0.8242134092812918
10__0,Team 10,Finishing,Incentive,20.533333333333328,0.0,BDT,0.6812852942568343,0.5706206044669788,0.7856838320429547,0.5081863252045346,0.8238179341449122
10__0,Team 10,Finishing,Incentive,23.46666666666666,0.0,BDT,0.67909949997975,0.5657908478920788,0.7852201951691922,0.5040259973155192,0.8236633425493269
10__0,Team 10,Finishing,Incentive,26.399999999999995,0.0,BDT,0.6839903180719241,0.5701678637402887,0.7901982401609363,0.5077088126374155,0.8293243749843371
10__0,Team 10,Finishing,Incentive,29.33333333333333,0.0,BDT,0.688177969807249,0.5729885494720713,0.7954773061923442,0.5079209058643274,0.8348399436108159
10__0,Team 10,Finishing,Incentive,32.26666666666666,0.0,BDT,0.6925449245726631,0.5767032843367482,0.8005080626516131,0.5098648767951328,0.8401810499521073
10__0,Team 10,Finishing,Incentive,35.19999999999999,0.0,BDT,0.6975452608454754,0.5797907118009475,0.8047401270058465,0.5125587091519193,0.8463717001771495
10__0,Team 10,Finishing,Incentive,38.133333333333326,0.0,BDT,0.7033921991456278,0.5856116889685717,0.8099088202782079,0.5185922894987955,0.8517098709981296
10__0,Team 10,Finishing,Incentive,41.066666666666656,0.0,BDT,0.710158599225277,0.5918661243089167,0.8165981825702509,0.525676248634213,0.8573602843361536
10__0,Team 10,Finishing,Incentive,43.99999999999999,0.0,BDT,0.7178337025793398,0.6013044121704222,0.8231459974809227,0.5333905358078002,0.8635410825240663
10__0,Team 10,Finishing,Incentive,46.93333333333332,0.0,BDT,0.7263565763463752,0.6104660591351027,0.8306225697587648,0.5424254225573434,0.8692100917104586
10__0,Team 10,Finishing,Incentive,49.86666666666665,0.0,BDT,0.7356365642110376,0.6213233168345514,0.8384482329388196,0.5526123237872943,0.8760206423703494
10__0,Team 10,Finishing,Incentive,52.79999999999999,0.0,BDT,0.7455662212639272,0.6333624186672038,0.8462898315766412,0.5635791656545581,0.8830583058353768
10__0,Team 10,Finishing,Incentive,55.73333333333332,0.0,BDT,0.7560297692143721,0.644926753704122,0.8548221470943124,0.5762188595028671,0.8901823174642469
10__0,Team 10,Finishing,Incentive,58.66666666666666,0.0,BDT,0.7669088086806782,0.657133658300701,0.8634823127826663,0.5896601856698844,0.8973200518664104
10__0,Team 10,Finishing,Incentive,61.59999999999999,0.0,BDT,0.7780863023852755,0.6711816748573027,0.8719224603671893,0.603906657657817,0.9044005955859736
10__0,Team 10,Finishing,Incentive,64.53333333333332,0.0,BDT,0.7894216042197836,0.6849518214447317,0.8804309861738037,0.6188797037645971,0.9111597438891768
10__0,Team 10,Finishing,Incentive,67.46666666666665,0.0,BDT,0.8006988240539761,0.6985171518869769,0.8886302469938918,0.6344219272372171,0.917343599124427
10__0,Team 10,Finishing,Incentive,69.5,0.0,BDT,0.8083844495015835,0.7086090560284091,0.8941170127451306,0.645012617050205,0.9214647634000295
10__0,Team 10,Finishing,Incentive,70.39999999999998,0.0,BDT,0.8117371906718355,0.7125941524035814,0.896568555499474,0.64976626610864,0.9231961273855299
10__0,Team 10,Finishing,Incentive,73.33333333333331,0.0,BDT,0.8224078132563142,0.727287497664748,0.9039354915784931,0.6638693165270132,0.9279100460915941
10__0,Team 10,Finishing,Incentive,76.26666666666665,0.0,BDT,0.8326228647890159,0.7402229790342185,0.9107763356029402,0.6775708451214947,0.9336245638238402
10__0,Team 10,Finishing,Incentive,79.19999999999999,0.0,BDT,0.8423266297537289,0.7530352276385818,0.9171634084869911,0.6926938725466425,0.938838885361651
10__0,Team 10,Finishing,Incentive,82.13333333333331,0.0,BDT,0.8514881488999763,0.7651410825146456,0.9231285527889528,0.7073338204485027,0.9436507161836346
10__0,Team 10,Finishing,Incentive,85.06666666666665,0.0,BDT,0.8600952295625321,0.7766412889624679,0.9284891149791495,0.7214105612199478,0.9479544509944983
10__0,Team 10,Finishing,Incentive,87.99999999999999,0.0,BDT,0.8681496167895785,0.7873049001009181,0.9334116382819699,0.7341270892980774,0.9519688588968489
10__0,Team 10,Finishing,WIP,0.0,0.0,pieces,0.5378699783184834,0.37236655523595014,0.7070696379769572,0.2858455368024759,0.7870847814797842
10__0,Team 10,Finishing,WIP,50.09333333333334,0.0,pieces,0.6362676649238292,0.4784517551235151,0.7786828831130888,0.38376974378009865,0.8404237112933007
10__0,Team 10,Finishing,WIP,100.18666666666668,0.0,pieces,0.6520145990681879,0.49205230762579644,0.7991266545555714,0.39322634318264377,0.853288579246233
10__0,Team 10,Finishing,WIP,150.28000000000003,0.0,pieces,0.6610046449369572,0.49561073696663377,0.8088290578947804,0.3984316093072233,0.8628644390983324
10__0,Team 10,Finishing,WIP,200.37333333333336,0.0,pieces,0.6672656104440537,0.4992346857293781,0.8161892686781258,0.40174515475025063,0.8693654316528722
10__0,Team 10,Finishing,WIP,250.4666666666667,0.0,pieces,0.6720496378635765,0.5013428329766936,0.8226864175446985,0.4018604782495209,0.8726160602073587
10__0,Team 10,Finishing,WIP,300.56000000000006,0.0,pieces,0.6759095033539039,0.5044211105004883,0.8260106928000168,0.4029161902651113,0.8751411042725362
10__0,Team 10,Finishing,WIP,350.65333333333336,0.0,pieces,0.6791376343620623,0.5061092952667373,0.8303410610393459,0.40484196012496393,0.8771284330439919
10__0,Team 10,Finishing,WIP,400.7466666666667,0.0,pieces,0.6819072656388755,0.5075831792536726,0.834115854731698,0.40651969300760216,0.8797800899718803
10__0,Team 10,Finishing,WIP,450.8400000000001,0.0,pieces,0.6843293659926654,0.5085624020998561,0.8369570886474575,0.40803369689421043,0.8819804117529889
10__0,Team 10,Finishing,WIP,500.9333333333334,0.0,pieces,0.6864792238001759,0.5099211601181857,0.838878714820636,0.4093898485390119,0.8837573676715563
10__0,Team 10,Finishing,WIP,551.0266666666668,0.0,pieces,0.6884102246047182,0.5108218732933608,0.8414309436335422,0.4110139966650389,0.8857115209697827
10__0,Team 10,Finishing,WIP,601.1200000000001,0.0,pieces,0.69016157172351,0.5133179224775979,0.844358592264918,0.41277186174392533,0.8875916698251078
10__0,Team 10,Finishing,WIP,651.2133333333335,0.0,pieces,0.6917628852016952,0.5166511042482854,0.8458261748930312,0.4144136770248184,0.8895085755432864
10__0,Team 10,Finishing,WIP,701.3066666666667,0.0,pieces,0.6932370793175768,0.51718059078975,0.8471154123408431,0.4159356389708913,0.8912580493109926
10__0,Team 10,Finishing,WIP,751.4000000000001,0.0,pieces,0.694602237360104,0.5173752064578291,0.8484815239674987,0.41734012226536216,0.8928456292391532
10__0,Team 10,Finishing,WIP,801.4933333333335,0.0,pieces,0.6958728752596353,0.5179532713854605,0.8501212758531682,0.41693400744882075,0.8942115641255651
10__0,Team 10,Finishing,WIP,851.5866666666668,0.0,pieces,0.6970608182518729,0.518948152868372,0.8519529432317446,0.41665423970498167,0.8950123153343845
10__0,Team 10,Finishing,WIP,901.6800000000002,0.0,pieces,0.6981758244055511,0.5196107553712151,0.852846440006376,0.416459982563528,0.8957559440045889
10__0,Team 10,Finishing,WIP,951.7733333333334,0.0,pieces,0.6992260378273402,0.5202979579136393,0.8537937956126845,0.41604975273160466,0.8964461219997273
10__0,Team 10,Finishing,WIP,1001.8666666666668,0.0,pieces,0.7002183244085277,0.5197968923548834,0.8547655362074292,0.4160892703129296,0.8973678249795752
10__0,Team 10,Finishing,WIP,1051.9600000000003,0.0,pieces,0.7011585247928648,0.5202307106503864,0.855572387381427,0.4159133822503424,0.8982617245913566
10__0,Team 10,Finishing,WIP,1102.0533333333335,0.0,pieces,0.7020516478702646,0.5202086220808504,0.8565265500523057,0.4157456914956019,0.8989077495491581
10__0,Team 10,Finishing,WIP,1152.1466666666668,0.0,pieces,0.7029020207967757,0.5209835613176756,0.8575937421821294,0.41558546879721936,0.899398235143319
10__0,Team 10,Finishing,WIP,1202.2400000000002,0.0,pieces,0.7037134067396078,0.5218436919673395,0.8585866227133895,0.4154320780515087,0.8998658657278877
10__0,Team 10,Finishing,WIP,1252.3333333333335,0.0,pieces,0.7044890983223893,0.5222790650951272,0.8595157725090289,0.4152849610872867,0.9003345863115111
10__0,Team 10,Finishing,WIP,1302.426666666667,0.0,pieces,0.705231992540053,0.5226068850994504,0.860484062304666,0.4151436254354555,0.9009693572826387
10__0,Team 10,Finishing,WIP,1352.5200000000002,0.0,pieces,0.7059446513771889,0.5233528871637664,0.8614008396148685,0.41500763440728167,0.9014339964886733
10__0,Team 10,Finishing,WIP,1402.6133333333335,0.0,pieces,0.7066293512778323,0.5240033173349513,0.8622795200577754,0.41487659897741147,0.9017742210335946
10__0,Team 10,Finishing,WIP,1452.706666666667,0.0,pieces,0.7072881238354868,0.5239342375063786,0.8632869903732284,0.41475017109150103,0.9024193277303385
10__0,Team 10,Finishing,WIP,1502.8000000000002,0.0,pieces,0.7079227895057685,0.5238674954765108,0.863952536991783,0.41462803810858995,0.903039001211041
10__0,Team 10,Finishing,Workers,7.000000000000002,7.000000000000002,workers,0.7255615642841575,0.6818645191817317,0.7666581213369467,0.659080004950715,0.7872803382702086
10__0,Team 10,Finishing,Workers,8.700000000000003,7.000000000000002,workers,0.7491390823706161,0.7084816948773788,0.7871266189055459,0.686467910402574,0.8065063646898687
10__0,Team 10,Finishing,Workers,10.400000000000002,7.000000000000002,workers,0.7677914886882005,0.7291272238628522,0.8047376258888154,0.7085526256275972,0.8231030810446492
10__0,Team 10,Finishing,Workers,12.100000000000003,7.000000000000002,workers,0.7830184326154205,0.7458576189825816,0.8195933122084517,0.7254554785646026,0.836047827869943
10__0,Team 10,Finishing,Workers,13.800000000000004,7.000000000000002,workers,0.7957487565859463,0.7599169007163031,0.8325149535167148,0.7393227575011679,0.8473333937572282
10__0,Team 10,Finishing,Workers,15.500000000000004,7.000000000000002,workers,0.8065930489796291,0.7709671464875909,0.8420686200439607,0.7489097958046746,0.8573489319089479
10__0,Team 10,Finishing,Workers,17.200000000000003,7.000000000000002,workers,0.8159715581006117,0.7799655229624451,0.8514701617836806,0.7588095956503592,0.8653858612821158
10__0,Team 10,Finishing,Workers,18.900000000000006,7.000000000000002,workers,0.8241843154508094,0.7885903081012275,0.8596875045084895,0.7661993472087661,0.8727988035477705
10__0,Team 10,Finishing,Workers,20.600000000000005,7.000000000000002,workers,0.8314520320206011,0.7958618765677022,0.8668928383332626,0.7728003854435384,0.8797682154558826
10__0,Team 10,Finishing,Workers,22.300000000000004,7.000000000000002,workers,0.8379411690323506,0.8020671939235635,0.8731750739706106,0.7795787952915485,0.8865470394466795
10__0,Team 10,Finishing,Workers,24.000000000000007,7.000000000000002,workers,0.8437799526593985,0.8073964959162421,0.8790380848209395,0.7846532848203994,0.8923380424002331
10__0,Team 10,Finishing,Workers,25.700000000000003,7.000000000000002,workers,0.849068963791013,0.8132977169726122,0.8841060669111659,0.7903222038292762,0.897459474807499
10__0,Team 10,Finishing,Workers,27.400000000000006,7.000000000000002,workers,0.853888350128675,0.8183706406593949,0.8886407824443244,0.7946765943805728,0.9020705901749693
10__0,Team 10,Finishing,Workers,29.10000000000001,7.000000000000002,workers,0.8583028646759207,0.8228736689967916,0.8929910651454783,0.7992278085208561,0.9063369467808765
10__0,Team 10,Finishing,Workers,30.800000000000004,7.000000000000002,workers,0.8623654648728429,0.8263938206156806,0.8969910183857244,0.8028896740139027,0.910273906751727
10__0,Team 10,Finishing,Workers,32.50000000000001,7.000000000000002,workers,0.8661199344314611,0.830636135158901,0.9004426587839153,0.806296215691685,0.9138653130485885
10__0,Team 10,Finishing,Workers,34.20000000000001,7.000000000000002,workers,0.8696028267691209,0.8338156282645738,0.9042552861375303,0.8098313005981967,0.9167070533306373
10__0,Team 10,Finishing,Workers,35.900000000000006,7.000000000000002,workers,0.8728449281678473,0.8366702869005012,0.9075190555109475,0.8127520621688463,0.9199257286868442
10__0,Team 10,Finishing,Workers,37.60000000000001,7.000000000000002,workers,0.8758723748794931,0.839686564760617,0.9102147862958656,0.815258183189072,0.9228270096514101
10__0,Team 10,Finishing,Workers,39.300000000000004,7.000000000000002,workers,0.8787075168949506,0.8417419263022988,0.9130343486239944,0.8180905956425304,0.9252622293871884
10__0,Team 10,Finishing,Workers,41.00000000000001,7.000000000000002,workers,0.8813695935653512,0.8444630365895938,0.91547905980155,0.8207050527443949,0.9276663140722399
10__0,Team 10,Finishing,Workers,42.70000000000001,7.000000000000002,workers,0.883875267645972,0.846922667491996,0.9179187386564431,0.8230182865206854,0.9301446006756386
10__0,Team 10,Finishing,Workers,44.400000000000006,7.000000000000002,workers,0.8862390515220859,0.8496374603797358,0.9201242488127448,0.8257272260313019,0.9323645350523148
10__0,Team 10,Finishing,Workers,46.10000000000001,7.000000000000002,workers,0.8884736504175519,0.8517330669862365,0.9222301360689041,0.8274839871384696,0.9343389813862591
10__0,Team 10,Finishing,Workers,47.80000000000001,7.000000000000002,workers,0.8905902410309271,0.8540361921211594,0.9242289257074988,0.8294107528792241,0.9361928517427489
10__0,Team 10,Finishing,Workers,49.50000000000001,7.000000000000002,workers,0.8925986994727458,0.8563213630503199,0.9262612612330433,0.8313537656454293,0.9379318577380663
10__0,Team 10,Finishing,Workers,51.20000000000001,7.000000000000002,workers,0.8945077890493693,0.8583926148299907,0.9280119162984254,0.8332504906747716,0.9395703683250847
10__0,Team 10,Finishing,Workers,52.90000000000001,7.000000000000002,workers,0.8963253159872419,0.8601452176679596,0.9295498713620394,0.8350622895057237,0.9410299016307735
10__0,Team 10,Finishing,Workers,54.60000000000001,7.000000000000002,workers,0.8980582593662304,0.8617981116694081,0.930919033565739,0.8366796422096628,0.9425901587399445
10__0,Team 10,Finishing,Workers,56.30000000000001,7.000000000000002,workers,0.8997128801583502,0.8636221856155006,0.9322758726537068,0.8385171467004366,0.9439812397256271
10__0,Team 10,Finishing,Workers,58.000000000000014,7.000000000000002,workers,0.9012948132265746,0.8653980037708344,0.9338363187399944,0.8401447743100272,0.9452077407842231
10__0,Team 10,Finishing,Overtime,960.0,960.0,min,0.7255615642841575,0.6818645191817317,0.7666581213369467,0.659080004950715,0.7872803382702086
10__0,Team 10,Finishing,Overtime,1273.6,960.0,min,0.7238505772254746,0.6798456432303408,0.7651744410627259,0.6575623445341235,0.7855226668111643
10__0,Team 10,Finishing,Overtime,1587.2,960.0,min,0.7225125120225557,0.677684208708933,0.7642963633882534,0.6561617569840817,0.7842440827497252
10__0,Team 10,Finishing,Overtime,1900.8000000000002,960.0,min,0.7214128575736934,0.6767963951139427,0.7631715807589434,0.6552872965167804,0.7830181409810919
10__0,Team 10,Finishing,Overtime,2214.4,960.0,min,0.7204789698187679,0.6761669825441634,0.762229602208609,0.6540141620133778,0.7825044136387512
10__0,Team 10,Finishing,Overtime,2528.0,960.0,min,0.7196671061769858,0.6750886325671329,0.7614064715862566,0.6531641317883964,0.7820975367197683
10__0,Team 10,Finishing,Overtime,2841.6000000000004,960.0,min,0.7189488641698316,0.6743209030811781,0.7605232526584088,0.6524585575945021,0.7816720695026703
10__0,Team 10,Finishing,Overtime,3155.2000000000003,960.0,min,0.7183047483815483,0.6737132666110007,0.7600425493258163,0.651900691314121,0.7807962294576241
10__0,Team 10,Finishing,Overtime,3468.8,960.0,min,0.7177207932238961,0.6728520771465623,0.7595489899292757,0.6514019523467102,0.7801600064801425
10__0,Team 10,Finishing,Overtime,3782.4,960.0,min,0.7171866493557393,0.6723420864102242,0.7592386901047177,0.6512138474185403,0.7798551637919745
10__0,Team 10,Finishing,Overtime,4096.0,960.0,min,0.7166944327073588,0.671930248741821,0.7589988134051976,0.6510546235548499,0.7793116731018855
10__0,Team 10,Finishing,Overtime,4409.6,960.0,min,0.7162379980780514,0.6715147540360357,0.7584719224740616,0.6506025751489662,0.7788031603390826
10__0,Team 10,Finishing,Overtime,4723.200000000001,960.0,min,0.7158124621545944,0.6711618718283886,0.7582227290426299,0.6499983459112216,0.7783288378766743
10__0,Team 10,Finishing,Overtime,5036.8,960.0,min,0.7154138797187072,0.6708750708859422,0.7579266473571835,0.6494325281884529,0.7781709518108252
10__0,Team 10,Finishing,Overtime,5350.400000000001,960.0,min,0.7150390175324037,0.6703880354418568,0.7575474368731042,0.6490942985120998,0.7780656805541
10__0,Team 10,Finishing,Overtime,5664.0,960.0,min,0.7146851925327654,0.6700711038847259,0.757202919198,0.6485750629186506,0.7779663695689112
10__0,Team 10,Finishing,Overtime,5977.6,960.0,min,0.7143501535564951,0.6697465494434518,0.7569070101667033,0.6479062679795187,0.7776960202479476
10__0,Team 10,Finishing,Overtime,6291.200000000001,960.0,min,0.714031993251114,0.6693395751146862,0.7567290768473758,0.6474506740247776,0.7774196202825859
10__0,Team 10,Finishing,Overtime,6604.8,960.0,min,0.7137290813715431,0.6691542133523941,0.7565659294508236,0.6471110704723381,0.7771564366129479
10__0,Team 10,Finishing,Overtime,6918.400000000001,960.0,min,0.7134400135171172,0.6688257214883003,0.7564102814095437,0.6468459648739495,0.7769052532355735
10__0,Team 10,Finishing,Overtime,7232.0,960.0,min,0.7131635712075289,0.6686025699665897,0.7562614706779667,0.6465942867222981,0.7766650150256053
10__0,Team 10,Finishing,Overtime,7545.6,960.0,min,0.7128986904140012,0.6683994490490385,0.756118919300082,0.6463532161859632,0.7764348005186164
10__0,Team 10,Finishing,Overtime,7859.200000000001,960.0,min,0.7126444364830433,0.6681697802264457,0.7559821197361737,0.6459203556202656,0.776322728765006
10__0,Team 10,Finishing,Overtime,8172.8,960.0,min,0.7123999839545447,0.6679927287031099,0.7558506238615044,0.6455556348105251,0.7762590511920239
10__0,Team 10,Finishing,Overtime,8486.400000000001,960.0,min,0.7121646001703561,0.6677228694125706,0.7557223886015833,0.6453092584056984,0.7761932861941754
10__0,Team 10,Finishing,Overtime,8800.0,960.0,min,0.7119376318495729,0.6675531116606817,0.7555911630195578,0.6450728935140374,0.7761298919633004
10__0,Team 10,Finishing,Overtime,9113.6,960.0,min,0.7117184940083583,0.6673019973818555,0.7554197685057632,0.6448447381205952,0.7760687029907596
10__0,Team 10,Finishing,Overtime,9427.2,960.0,min,0.7115066607493069,0.6670810602848627,0.7552051591332818,0.6446242390071031,0.7760095705335398
10__0,Team 10,Finishing,Overtime,9740.800000000001,960.0,min,0.7113016575539672,0.6667378833314327,0.7549974493815844,0.644410897124746,0.7759523604225311
10__0,Team 10,Finishing,Overtime,10054.400000000001,960.0,min,0.7111030547933284,0.6664315754493759,0.7547962058311973,0.6442042607407642,0.7758969512177432
10__0,Team 10,Finishing,Overtime,10368.0,960.0,min,0.7109104622322583,0.6663357026202676,0.7546984956830606,0.6439314015054091,0.7757694636097701
10__0,Team 10,Finishing,SMV,1.8999999999999997,1.8999999999999997,,0.7255615642841575,0.6818645191817317,0.7666581213369467,0.659080004950715,0.7872803382702086
10__0,Team 10,Finishing,SMV,2.806666666666666,1.8999999999999997,,0.7073566498518125,0.662532789862402,0.7487953610789405,0.6395666484090498,0.7712547171257257
10__0,Team 10,Finishing,SMV,3.713333333333333,1.8999999999999997,,0.6925463518454892,0.647611207598875,0.7365161293765229,0.6211634291755943,0.7581507148051275
10__0,Team 10,Finishing,SMV,4.619999999999999,1.8999999999999997,,0.6800283465698701,0.6340422572299773,0.7255391187405212,0.6055601679247595,0.7476040223923733
10__0,Team 10,Finishing,SMV,5.526666666666666,1.8999999999999997,,0.6691703877711825,0.6195775928461783,0.7159160880344829,0.5920543672705125,0.7402818767623626
10__0,Team 10,Finishing,SMV,6.433333333333333,1.8999999999999997,,0.6595740380179331,0.608609592973906,0.7082144443890269,0.5792461752532287,0.73450304803675
10__0,Team 10,Finishing,SMV,7.339999999999999,1.8999999999999997,,0.6509710449167997,0.598592236980984,0.7019046601744688,0.5699179447220931,0.72787367055691
10__0,Team 10,Finishing,SMV,8.246666666666666,1.8999999999999997,,0.643171707291324,0.5895095541803514,0.6954406299863715,0.5600306399769205,0.7228035166429493
10__0,Team 10,Finishing,SMV,9.153333333333332,1.8999999999999997,,0.6360366707502032,0.5811569265139022,0.6896432738394502,0.550320186677947,0.7184117672741313
10__0,Team 10,Finishing,SMV,10.06,1.8999999999999997,,0.6294604090083968,0.572874598828541,0.6842029154495052,0.541180425802427,0.7151242977332699
10__0,Team 10,Finishing,SMV,10.966666666666667,1.8999999999999997,,0.6233610036152665,0.5654232295020414,0.6797800378712594,0.5334397619894373,0.7107116288894809
10__0,Team 10,Finishing,SMV,11.873333333333333,1.8999999999999997,,0.617673533496643,0.5590718120740497,0.6754270261060206,0.524831411458624,0.7066533914554658
10__0,Team 10,Finishing,SMV,12.78,1.8999999999999997,,0.6123456394357121,0.5527601383504549,0.6715862515324299,0.5174608695190356,0.7031636010299533
10__0,Team 10,Finishing,SMV,13.686666666666666,1.8999999999999997,,0.6073344545351357,0.5465153881117253,0.6668875065713985,0.5101145572811951,0.6994715276444381
10__0,Team 10,Finishing,SMV,14.593333333333334,1.8999999999999997,,0.6026044232271577,0.540382590913203,0.6636798408651561,0.5042657755395007,0.6966319328187146
10__0,Team 10,Finishing,SMV,15.5,1.8999999999999997,,0.598125715908169,0.5345941984146375,0.6600289639797933,0.4987442502521091,0.6938871535846689
10__0,Team 10,Finishing,SMV,16.406666666666666,1.8999999999999997,,0.5938730533816976,0.5292256699645161,0.6571227406132963,0.49302204676578054,0.6915172260110607
10__0,Team 10,Finishing,SMV,17.313333333333333,1.8999999999999997,,0.589824819769146,0.5240394923207798,0.6540756027992581,0.48682497698772026,0.6893888793268622
10__0,Team 10,Finishing,SMV,18.22,1.8999999999999997,,0.5859623826080049,0.5185993188037537,0.6509664421362698,0.4814814739524572,0.6865132964501931
10__0,Team 10,Finishing,SMV,19.126666666666665,1.8999999999999997,,0.5822695644510797,0.5141329504499699,0.647564899752787,0.47650600409375676,0.6843422137161387
10__0,Team 10,Finishing,SMV,20.03333333333333,1.8999999999999997,,0.5787322270406159,0.5094336020762673,0.6445232640286193,0.4719291947444969,0.682988308687817
10__0,Team 10,Finishing,SMV,20.939999999999998,1.8999999999999997,,0.5753379403520104,0.5043447564316146,0.6415523223977234,0.4674460850632437,0.6823220627359361
10__0,Team 10,Finishing,SMV,21.846666666666664,1.8999999999999997,,0.5720757164643782,0.4998426591889067,0.6388943106794325,0.4629898310812188,0.6809896487997608
10__0,Team 10,Finishing,SMV,22.75333333333333,1.8999999999999997,,0.568935793542942,0.49625570527064117,0.6364471555591044,0.45882047856741776,0.679173814146276
10__0,Team 10,Finishing,SMV,23.659999999999997,1.8999999999999997,,0.5659094589831094,0.49213062808820335,0.6344927460003713,0.4546133237267336,0.6767782915421755
10__0,Team 10,Finishing,SMV,24.566666666666663,1.8999999999999997,,0.5629889034668295,0.4889890358941739,0.6321302936564516,0.4507342867501151,0.6745681093870044
10__0,Team 10,Finishing,SMV,25.47333333333333,1.8999999999999997,,0.5601670996455536,0.4850844611989313,0.6303471098956762,0.4468514839525203,0.6731239013634086
10__0,Team 10,Finishing,SMV,26.38,1.8999999999999997,,0.5574377006101593,0.4818209655015988,0.6279599525003768,0.4427063934634326,0.6717252058006288
10__0,Team 10,Finishing,SMV,27.286666666666665,1.8999999999999997,,0.5547949543853664,0.4785900222252683,0.6262294097902104,0.43921337705906094,0.6703691743058329
10__0,Team 10,Finishing,SMV,28.19333333333333,1.8999999999999997,,0.5522336314972168,0.47524970049659615,0.6241223053797124,0.4361133027234801,0.6690532204977848
10__0,Team 10,Finishing,SMV,29.099999999999998,1.8999999999999997,,0.5497489632791147,0.4719359282107766,0.6225578083831942,0.4326247128404212,0.6676569791800608
10__0,Team 10,Finishing,Style Changes,0.0,0.0,,0.7255615642841575,0.6818645191817317,0.7666581213369467,0.659080004950715,0.7872803382702086
10__0,Team 10,Finishing,Style Changes,1.0,0.0,,0.739318787011172,0.695121858756866,0.7795775176886082,0.6727093542513661,0.8010106776651039
10__0,Team 10,Finishing,Style Changes,2.0,0.0,,0.752471423505681,0.7078444084842851,0.7938961619501036,0.6834224792778555,0.8132320392429594
10__1,Team 10,Sewing,Incentive,0.0,33.99999999999998,BDT,0.5352503500766107,0.4850609072064913,0.5846489731533047,0.4556598115353268,0.6039106007727164
10__1,Team 10,Sewing,Incentive,2.9333333333333327,33.99999999999998,BDT,0.624501371426299,0.5766632756955257,0.6701764640968317,0.5526055133627177,0.6939540092496942
10__1,Team 10,Sewing,Incentive,5.866666666666665,33.99999999999998,BDT,0.6399831581530031,0.59803189806328,0.6799353603863914,0.5772743732573239,0.700257111010146
10__1,Team 10,Sewing,Incentive,8.799999999999997,33.99999999999998,BDT,0.6497061038609594,0.6115967736993169,0.6871030408143608,0.5912586859770586,0.7053692955278541
10__1,Team 10,Sewing,Incentive,11.73333333333333,33.99999999999998,BDT,0.656775299660909,0.620753665292106,0.6918732744938285,0.6012537067435823,0.7101374108652145
10__1,Team 10,Sewing,Incentive,14.666666666666664,33.99999999999998,BDT,0.6623161341657432,0.6285736757841379,0.6958117554076512,0.6078036857779767,0.7143547594146347
10__1,Team 10,Sewing,Incentive,17.599999999999994,33.99999999999998,BDT,0.6668640437154054,0.6331815453593042,0.6994707830301123,0.6133911557868402,0.717832212895154
10__1,Team 10,Sewing,Incentive,20.533333333333328,33.99999999999998,BDT,0.6707156408494179,0.6371265962854374,0.7023919748863335,0.6178623697545957,0.7203619882708164
10__1,Team 10,Sewing,Incentive,23.46666666666666,33.99999999999998,BDT,0.675622176028613,0.6434514369194244,0.70618928327633,0.6236684838470059,0.724429276023455
10__1,Team 10,Sewing,Incentive,26.399999999999995,33.99999999999998,BDT,0.6870541728320327,0.6579982340660382,0.7146187578642856,0.6398351535390155,0.731117930935705
10__1,Team 10,Sewing,Incentive,29.33333333333333,33.99999999999998,BDT,0.6969618465377152,0.6690696658015712,0.7233538168088722,0.6523604093560357,0.738438105099569
10__1,Team 10,Sewing,Incentive,32.26666666666666,33.99999999999998,BDT,0.7063994948624446,0.6788601811596389,0.7330990495465375,0.6635821748630029,0.7462741893556643
10__1,Team 10,Sewing,Incentive,33.99999999999998,33.99999999999998,BDT,0.7119947846436399,0.6847196713386328,0.7382328235522608,0.6703887024039711,0.7515245834178591
10__1,Team 10,Sewing,Incentive,35.19999999999999,33.99999999999998,BDT,0.7159240537764621,0.688955976703062,0.741566102070695,0.67490055460383,0.7551343553012081
10__1,Team 10,Sewing,Incentive,38.133333333333326,33.99999999999998,BDT,0.725811451979903,0.6993609781433148,0.7507965382448073,0.6850434387457617,0.7640316269756092
10__1,Team 10,Sewing,Incentive,41.066666666666656,33.99999999999998,BDT,0.7361732044385054,0.7102520114816137,0.7600965688727842,0.6969063880207668,0.7734941218871693
10__1,Team 10,Sewing,Incentive,43.99999999999999,33.99999999999998,BDT,0.7470225726640777,0.7219745924769871,0.7703057435136804,0.7092708534747848,0.782218341343145
10__1,Team 10,Sewing,Incentive,46.93333333333332,33.99999999999998,BDT,0.7583138780584672,0.7344495828139909,0.7805470444363055,0.7217830724597857,0.7917631100445777
10__1,Team 10,Sewing,Incentive,49.86666666666665,33.99999999999998,BDT,0.7699668588731694,0.7469512216317464,0.791425891782611,0.7335671822671229,0.8022737976486263
10__1,Team 10,Sewing,Incentive,52.79999999999999,33.99999999999998,BDT,0.781882348084621,0.7599742341289504,0.8026988517586467,0.7462893821870077,0.8131730003783882
10__1,Team 10,Sewing,Incentive,55.73333333333332,33.99999999999998,BDT,0.7939527132286617,0.7730727269570634,0.8141042467040469,0.7591065236394933,0.8235361408111773
10__1,Team 10,Sewing,Incentive,58.66666666666666,33.99999999999998,BDT,0.8060690008165121,0.7864708013487237,0.8252963167939876,0.7735340406037817,0.834475225828381
10__1,Team 10,Sewing,Incentive,61.59999999999999,33.99999999999998,BDT,0.8181259074991479,0.7992152163880492,0.8364929957642172,0.7873252325101734,0.8451234625451871
10__1,Team 10,Sewing,Incentive,64.53333333333332,33.99999999999998,BDT,0.8300005149730203,0.8118034974749629,0.847388858973366,0.8003014825018397,0.8558039729194925
10__1,Team 10,Sewing,Incentive,67.46666666666665,33.99999999999998,BDT,0.8415095470909381,0.8242401162301656,0.8581216180722752,0.8141716134069713,0.8659599881894584
10__1,Team 10,Sewing,Incentive,69.5,33.99999999999998,BDT,0.8491953870674577,0.8326672907756266,0.865227699177909,0.8231228114881758,0.8729163077039386
10__1,Team 10,Sewing,Incentive,70.39999999999998,33.99999999999998,BDT,0.8525102522967589,0.8362251487948629,0.8682957779043858,0.8268680514245228,0.8757799361330199
10__1,Team 10,Sewing,Incentive,73.33333333333331,33.99999999999998,BDT,0.862912601298536,0.8474133587942705,0.878031929937047,0.8394419430864937,0.8848968271299119
10__1,Team 10,Sewing,Incentive,76.26666666666665,33.99999999999998,BDT,0.8726667974710489,0.8579385328009407,0.8869661318202301,0.850708313267173,0.8935070373830999
10__1,Team 10,Sewing,Incentive,79.19999999999999,33.99999999999998,BDT,0.8817530664917986,0.8678635613490941,0.8952631370492151,0.8608341040029188,0.90156637727538
10__1,Team 10,Sewing,Incentive,82.13333333333331,33.99999999999998,BDT,0.8901734469755886,0.8768592169473988,0.9029232824009827,0.8702147038774247,0.9091104067063581
10__1,Team 10,Sewing,Incentive,85.06666666666665,33.99999999999998,BDT,0.8979453029157713,0.8850834958512777,0.9102206005888478,0.878713979567727,0.9158708382913954
10__1,Team 10,Sewing,Incentive,87.99999999999999,33.99999999999998,BDT,0.905096287382518,0.8928030179655388,0.9169436790236487,0.8865411592370493,0.9223389252277854
10__1,Team 10,Sewing,WIP,0.0,1674.0,pieces,0.46716125544061393,0.36563614955176177,0.5642498522173823,0.31891141862094274,0.629436968355548
10__1,Team 10,Sewing,WIP,50.09333333333334,1674.0,pieces,0.6022119534695308,0.5522977289154943,0.649132557150529,0.5263922627653079,0.6787694716175928
10__1,Team 10,Sewing,WIP,100.18666666666668,1674.0,pieces,0.6250102884895227,0.5830125144888724,0.6638949166446961,0.5607023345695565,0.6902478550431651
10__1,Team 10,Sewing,WIP,150.28000000000003,1674.0,pieces,0.6381882671076027,0.6007203028380446,0.6732097432194436,0.579163730514088,0.6989856252067403
10__1,Team 10,Sewing,WIP,200.37333333333336,1674.0,pieces,0.6474363312530952,0.6124819619965124,0.6806555662259278,0.591959477795254,0.7040121867271487
10__1,Team 10,Sewing,WIP,250.4666666666667,1674.0,pieces,0.6545419755103349,0.6220589445435183,0.6860980770700519,0.6018086580114913,0.7080240638941597
10__1,Team 10,Sewing,WIP,300.56000000000006,1674.0,pieces,0.660299730678028,0.6289006185999843,0.6901134300542949,0.6097526887706007,0.7112265260301285
10__1,Team 10,Sewing,WIP,350.65333333333336,1674.0,pieces,0.6651320969807482,0.6357174161667721,0.6939436700733493,0.6166236417817976,0.7139148810703729
10__1,Team 10,Sewing,WIP,400.7466666666667,1674.0,pieces,0.6692904123180377,0.640288394272298,0.6976877692460415,0.6212669585279749,0.7163160024537718
10__1,Team 10,Sewing,WIP,450.8400000000001,1674.0,pieces,0.6729362412114658,0.6447377160511183,0.7011585075275255,0.6256680390606187,0.7188291969484583
10__1,Team 10,Sewing,WIP,500.9333333333334,1674.0,pieces,0.6761795307655342,0.6483133450410661,0.7040538884290682,0.6298650556262595,0.7209205591884172
10__1,Team 10,Sewing,WIP,551.0266666666668,1674.0,pieces,0.6790984491410519,0.6514570515908487,0.7065393540207137,0.6337093890260754,0.7229647901310214
10__1,Team 10,Sewing,WIP,601.1200000000001,1674.0,pieces,0.6817505341453942,0.6544938659591093,0.7087317383585411,0.6370714798036049,0.7244493366003648
10__1,Team 10,Sewing,WIP,651.2133333333335,1674.0,pieces,0.684179350874886,0.6571503552703579,0.710496845245727,0.6395772598702791,0.7257983316615393
10__1,Team 10,Sewing,WIP,701.3066666666667,1674.0,pieces,0.6864186667352111,0.6597310882584662,0.7128148859005928,0.6426593036409395,0.7269760693435963
10__1,Team 10,Sewing,WIP,751.4000000000001,1674.0,pieces,0.6884951771673626,0.6619017711723251,0.7146000867639405,0.6454835114821456,0.7287085425144734
10__1,Team 10,Sewing,WIP,801.4933333333335,1674.0,pieces,0.6904303462793412,0.6641387925217876,0.7160418667902556,0.6472687579459374,0.7310897163537385
10__1,Team 10,Sewing,WIP,851.5866666666668,1674.0,pieces,0.6922416860213277,0.6660954663130183,0.7181965556026019,0.6501048882572353,0.7337174839083855
10__1,Team 10,Sewing,WIP,901.6800000000002,1674.0,pieces,0.6939436674576164,0.6674671217628801,0.7198143371699247,0.6527391926741661,0.7356287503257389
10__1,Team 10,Sewing,WIP,951.7733333333334,1674.0,pieces,0.6955483841042345,0.6687162620537703,0.7213998432015856,0.6538741762817477,0.7367821445636041
10__1,Team 10,Sewing,WIP,1001.8666666666668,1674.0,pieces,0.6970660440341053,0.6702084313748831,0.7226915042322164,0.6562599975656405,0.7380679908271036
10__1,Team 10,Sewing,WIP,1051.9600000000003,1674.0,pieces,0.698505341139453,0.6715641246310832,0.7239660622696329,0.6581759815270424,0.7391988116885572
10__1,Team 10,Sewing,WIP,1102.0533333333335,1674.0,pieces,0.6998737394595439,0.673157251142397,0.7252625534600754,0.6601269376821257,0.7402685106678576
10__1,Team 10,Sewing,WIP,1152.1466666666668,1674.0,pieces,0.7011776938840764,0.6743425596145247,0.7266376048341269,0.6616211493416219,0.7412824511104794
10__1,Team 10,Sewing,WIP,1202.2400000000002,1674.0,pieces,0.7024228235670177,0.6758213250446296,0.7277412452089511,0.6627994146438089,0.7426085941788838
10__1,Team 10,Sewing,WIP,1252.3333333333335,1674.0,pieces,0.7036140496969634,0.6769821165239333,0.7287814887158192,0.6636878764512837,0.7434705500849336
10__1,Team 10,Sewing,WIP,1302.426666666667,1674.0,pieces,0.7047557060582152,0.6781294866371537,0.7301493992123967,0.6642412457096308,0.7447847061205348
10__1,Team 10,Sewing,WIP,1352.5200000000002,1674.0,pieces,0.7058516285784736,0.6793980329089322,0.7314217022705374,0.6647823579390357,0.7458611253553781
10__1,Team 10,Sewing,WIP,1402.6133333333335,1674.0,pieces,0.706905228474388,0.6803270877827468,0.732547600060931,0.6655316865291835,0.7459994113595985
10__1,Team 10,Sewing,WIP,1452.706666666667,1674.0,pieces,0.7079195524682593,0.681039186125867,0.7334421179586401,0.6663576271280046,0.7467267008664717
10__1,Team 10,Sewing,WIP,1502.8000000000002,1674.0,pieces,0.7088973327210346,0.6819552513485994,0.7346947325928334,0.6673613446773408,0.7473541663935507
10__1,Team 10,Sewing,WIP,1674.0,1674.0,pieces,0.7119947846436399,0.6847196713386328,0.7382328235522608,0.6703887024039711,0.7515245834178591
10__1,Team 10,Sewing,Workers,7.000000000000002,48.99999999999999,workers,0.5953673661888459,0.4636016470304776,0.7240774761271795,0.39380425929514845,0.7747798914169672
10__1,Team 10,Sewing,Workers,8.700000000000003,48.99999999999999,workers,0.6083363758227842,0.49017581418662953,0.7240816321878331,0.42513982134531453,0.7710610182404755
10__1,Team 10,Sewing,Workers,10.400000000000002,48.99999999999999,workers,0.6191730274696557,0.5120331447591844,0.7244747762650289,0.45462457016693714,0.7687587890513694
10__1,Team 10,Sewing,Workers,12.100000000000003,48.99999999999999,workers,0.6284525400382299,0.5308838811532246,0.7249682421632414,0.47824372301283824,0.7667705981584306
10__1,Team 10,Sewing,Workers,13.800000000000004,48.99999999999999,workers,0.6365456843135597,0.5473608908493496,0.724168584245306,0.49893335346251744,0.7642723630632802
10__1,Team 10,Sewing,Workers,15.500000000000004,48.99999999999999,workers,0.6437056136638667,0.5618944708714093,0.7239033004159338,0.5170527601018866,0.7611131517699499
10__1,Team 10,Sewing,Workers,17.200000000000003,48.99999999999999,workers,0.6501129061509815,0.5737055455058744,0.723374500691724,0.5337339439251265,0.7582183994960184
10__1,Team 10,Sewing,Workers,18.900000000000006,48.99999999999999,workers,0.6559008850273431,0.5855128549159684,0.7229155805952698,0.5488330933644705,0.7575119272376702
10__1,Team 10,Sewing,Workers,20.600000000000005,48.99999999999999,workers,0.6611707655933676,0.5960421001208545,0.7235849497506784,0.5625877364625,0.7559388394424479
10__1,Team 10,Sewing,Workers,22.300000000000004,48.99999999999999,workers,0.6660011771808928,0.6052988913121764,0.7242212212306912,0.5743016326384506,0.7544972932683341
10__1,Team 10,Sewing,Workers,24.000000000000007,48.99999999999999,workers,0.6704543971724801,0.6136975756081046,0.7255205718487637,0.5848264652665806,0.7524088722535884
10__1,Team 10,Sewing,Workers,25.700000000000003,48.99999999999999,workers,0.6745805730392306,0.6221793936814015,0.7254195937896158,0.5942681881605023,0.7518783728011367
10__1,Team 10,Sewing,Workers,27.400000000000006,48.99999999999999,workers,0.6784206650536443,0.6300330371166346,0.7255724171407194,0.6039967632506745,0.7517299971038998
10__1,Team 10,Sewing,Workers,29.10000000000001,48.99999999999999,workers,0.6820085485505242,0.637193980889372,0.7268142889931656,0.6125670752605734,0.7501036892826604
10__1,Team 10,Sewing,Workers,30.800000000000004,48.99999999999999,workers,0.6853725483021074,0.6430210546246093,0.7272750281795796,0.6209940424645037,0.7492791874003154
10__1,Team 10,Sewing,Workers,32.50000000000001,48.99999999999999,workers,0.6885365796588461,0.6483788261971003,0.7273309749982652,0.6289614798158392,0.7484505589272089
10__1,Team 10,Sewing,Workers,34.20000000000001,48.99999999999999,workers,0.691521011462457,0.6535818811514943,0.727329785077558,0.6344993891672523,0.7481202133592589
10__1,Team 10,Sewing,Workers,35.900000000000006,48.99999999999999,workers,0.6943433283059652,0.6582770044195444,0.7280179122381885,0.6388704852274871,0.7477167153180306
10__1,Team 10,Sewing,Workers,37.60000000000001,48.99999999999999,workers,0.6970186455969182,0.6630527399060472,0.7292225258465467,0.644233249669628,0.7482330980367019
10__1,Team 10,Sewing,Workers,39.300000000000004,48.99999999999999,workers,0.6995601149710455,0.6672219645188278,0.7298033818480755,0.6499721821722251,0.7480683375632288
10__1,Team 10,Sewing,Workers,41.00000000000001,48.99999999999999,workers,0.7019792468869852,0.6709736722621272,0.7308383251981964,0.6537954544969062,0.7485504589707556
10__1,Team 10,Sewing,Workers,42.70000000000001,48.99999999999999,workers,0.7042861698757592,0.6744193353782111,0.7320941400041521,0.6584567587003888,0.7484649575346418
10__1,Team 10,Sewing,Workers,44.400000000000006,48.99999999999999,workers,0.7064898407805061,0.6776682820176384,0.732937122628515,0.6620108850845211,0.7487602626775386
10__1,Team 10,Sewing,Workers,46.10000000000001,48.99999999999999,workers,0.7085982166771329,0.6803356015666459,0.7342590772154725,0.6664757725684789,0.7504937128573627
10__1,Team 10,Sewing,Workers,47.80000000000001,48.99999999999999,workers,0.7106183965433499,0.6829369382308139,0.7365976956517324,0.6689088724292952,0.7504130215457191
10__1,Team 10,Sewing,Workers,48.99999999999999,48.99999999999999,workers,0.7119947846436399,0.6847196713386328,0.7382328235522608,0.6703887024039711,0.7515245834178591
10__1,Team 10,Sewing,Workers,49.50000000000001,48.99999999999999,workers,0.7125567388311919,0.6855200140235347,0.738317770801101,0.6711252899832293,0.7519803186838818
10__1,Team 10,Sewing,Workers,51.20000000000001,48.99999999999999,workers,0.7144189596864902,0.6882393452170691,0.739999736278929,0.67361427721551,0.7532439209856612
10__1,Team 10,Sewing,Workers,52.90000000000001,48.99999999999999,workers,0.7162102155053667,0.6903713384656632,0.7416395654423689,0.6756526580776818,0.753650818885961
10__1,Team 10,Sewing,Workers,54.60000000000001,48.99999999999999,workers,0.7179351727233535,0.6923227488705713,0.7427794420030904,0.6777119133057997,0.7547955290195042
10__1,Team 10,Sewing,Workers,56.30000000000001,48.99999999999999,workers,0.7195980671278501,0.693888261652323,0.7442308772063871,0.6783546582215134,0.7557344450024345
10__1,Team 10,Sewing,Workers,58.000000000000014,48.99999999999999,workers,0.7212027545198461,0.6953761281282732,0.7461327426694446,0.6787892433773316,0.7580226355655115
10__1,Team 10,Sewing,Overtime,960.0,6000.000000000005,min,0.7232910847570907,0.6958861955708583,0.7488834312434494,0.6811006138265917,0.7629647685143763
10__1,Team 10,Sewing,Overtime,1273.6,6000.000000000005,min,0.7215707972816429,0.6943171791568595,0.7469733879271314,0.6791716526069461,0.761160861353896
10__1,Team 10,Sewing,Overtime,1587.2,6000.000000000005,min,0.7202254376734285,0.6934457924900838,0.7456311876295194,0.6776772268611644,0.7594925586389322
10__1,Team 10,Sewing,Overtime,1900.8000000000002,6000.000000000005,min,0.7191197746032241,0.6925433929413484,0.7443650837079281,0.676454895503324,0.7581212487209692
10__1,Team 10,Sewing,Overtime,2214.4,6000.000000000005,min,0.718180774117429,0.6915059193736828,0.7435347617040104,0.675426741594569,0.7571139559603359
10__1,Team 10,Sewing,Overtime,2528.0,6000.000000000005,min,0.7173644584019981,0.6908981279355713,0.7428461335433753,0.6744637126072496,0.7564375581397295
10__1,Team 10,Sewing,Overtime,2841.6000000000004,6000.000000000005,min,0.71664227198517,0.6898841622090601,0.7422961576938993,0.673912817198665,0.7554924258517093
10__1,Team 10,Sewing,Overtime,3155.2000000000003,6000.000000000005,min,0.7159946142846336,0.6891739842246694,0.7417066021271146,0.6734192407373543,0.7544797140690772
10__1,Team 10,Sewing,Overtime,3468.8,6000.000000000005,min,0.7154074442789429,0.6885598553789347,0.7412676128690903,0.6729662456669258,0.7540059775033939
10__1,Team 10,Sewing,Overtime,3782.4,6000.000000000005,min,0.7148703566617531,0.6880673564718813,0.740795088017012,0.6725582865215725,0.7533426594508242
10__1,Team 10,Sewing,Overtime,4096.0,6000.000000000005,min,0.714375424684541,0.6875468659390467,0.7405197613823972,0.6721881465480732,0.7527216804406849
10__1,Team 10,Sewing,Overtime,4409.6,6000.000000000005,min,0.7139164698487367,0.6871232751155777,0.7402352799431942,0.671845127685344,0.7521447804763151
10__1,Team 10,Sewing,Overtime,4723.200000000001,6000.000000000005,min,0.7134885823572493,0.6867193855133733,0.73969382769632,0.6715172088086497,0.7521294713444451
10__1,Team 10,Sewing,Overtime,5036.8,6000.000000000005,min,0.7130877955778389,0.6862227647112186,0.7393021387041494,0.6712382249271338,0.7522918239458417
10__1,Team 10,Sewing,Overtime,5350.400000000001,6000.000000000005,min,0.7127108587094998,0.6856217189916601,0.7388611851074831,0.670929730194604,0.7522486362035429
10__1,Team 10,Sewing,Overtime,5664.0,6000.000000000005,min,0.7123550741042898,0.68522989341609,0.7386291493510355,0.6706565016259922,0.7518900098501242
10__1,Team 10,Sewing,Overtime,5977.6,6000.000000000005,min,0.7120181783533233,0.6847591294498714,0.7382587189939404,0.6704060869271217,0.7515483118126037
10__1,Team 10,Sewing,Overtime,6000.000000000005,6000.000000000005,min,0.7119947846436399,0.6847196713386328,0.7382328235522608,0.6703887024039711,0.7515245834178591
10__1,Team 10,Sewing,Overtime,6291.200000000001,6000.000000000005,min,0.7116982537220546,0.6844877482351327,0.7378818945942416,0.6701929045318075,0.7512237963870505
10__1,Team 10,Sewing,Overtime,6604.8,6000.000000000005,min,0.7113936610862538,0.6842826885761631,0.7374241574646732,0.6700451849939202,0.7509148053319687
10__1,Team 10,Sewing,Overtime,6918.400000000001,6000.000000000005,min,0.7111029883917132,0.684050472499398,0.7369541715977264,0.6697178236842884,0.7506199100110141
10__1,Team 10,Sewing,Overtime,7232.0,6000.000000000005,min,0.7108250105141154,0.6837841890593213,0.7367084072538231,0.6695024934535114,0.7503616727248051
10__1,Team 10,Sewing,Overtime,7545.6,6000.000000000005,min,0.710558657619776,0.6833268007698019,0.7365408255935068,0.6692962357816987,0.7502097481939111
10__1,Team 10,Sewing,Overtime,7859.200000000001,6000.000000000005,min,0.7103029899535309,0.6830353745545225,0.7362989685184015,0.6690983144556957,0.750063718771769
10__1,Team 10,Sewing,Overtime,8172.8,6000.000000000005,min,0.7100571775474189,0.682841545908657,0.7360329191933574,0.6688361291510396,0.7498559183551898
10__1,Team 10,Sewing,Overtime,8486.400000000001,6000.000000000005,min,0.7098204837403725,0.6826902594801771,0.7357553827434387,0.668464702729246,0.7496542435433681
10__1,Team 10,Sewing,Overtime,8800.0,6000.000000000005,min,0.7095922516806352,0.6823128384983622,0.7355043689446127,0.6681065559702472,0.7494290927278069
10__1,Team 10,Sewing,Overtime,9113.6,6000.000000000005,min,0.7093718931854623,0.6819621979866255,0.7352987076551645,0.6677629211293326,0.7492116975604562
10__1,Team 10,Sewing,Overtime,9427.2,6000.000000000005,min,0.7091588794804289,0.6817031120393394,0.7351067162432917,0.6674321609540053,0.7490015375249075
10__1,Team 10,Sewing,Overtime,9740.800000000001,6000.000000000005,min,0.7089527334501102,0.6814523944566738,0.7349297318825776,0.6671120669302631,0.7489460782541744
10__1,Team 10,Sewing,Overtime,10054.400000000001,6000.000000000005,min,0.7087530231132702,0.6811881286145144,0.7347116418412496,0.666801968175474,0.7489060852918659
10__1,Team 10,Sewing,Overtime,10368.0,6000.000000000005,min,0.7085593560974263,0.6809218816143771,0.7344346854064487,0.6665028462372954,0.7488654711365426
10__1,Team 10,Sewing,SMV,1.8999999999999997,20.819999999999997,,0.8269771765397175,0.7910634053743247,0.8609381791652267,0.7649774104581175,0.8767813511940317
10__1,Team 10,Sewing,SMV,2.806666666666666,20.819999999999997,,0.8140885694911374,0.7790858563023577,0.8470582142814419,0.755373018638902,0.8627066066557385
10__1,Team 10,Sewing,SMV,3.713333333333333,20.819999999999997,,0.8034044661256093,0.7706957726258706,0.8350992021437775,0.7481403017678614,0.8495701240917377
10__1,Team 10,Sewing,SMV,4.619999999999999,20.819999999999997,,0.7942286946766856,0.7633480224471163,0.824831164512006,0.7421485454704053,0.8395357474503036
10__1,Team 10,Sewing,SMV,5.526666666666666,20.819999999999997,,0.7861580294846534,0.7566526933895338,0.8161330151087208,0.7365153021531309,0.8298237943981766
10__1,Team 10,Sewing,SMV,6.433333333333333,20.819999999999997,,0.7789361031745965,0.7507665574149028,0.8081018463772118,0.7309486195249019,0.8218530885159762
10__1,Team 10,Sewing,SMV,7.339999999999999,20.819999999999997,,0.7723889074625506,0.744271825762128,0.800509725686068,0.7264354602921715,0.8144092700691055
10__1,Team 10,Sewing,SMV,8.246666666666666,20.819999999999997,,0.7663924584969773,0.7388101514293175,0.7937176946771078,0.7215103640524289,0.8072506090491348
10__1,Team 10,Sewing,SMV,9.153333333333332,20.819999999999997,,0.760855034424491,0.7334094705384361,0.7875050402568221,0.7174060597298609,0.8009642627830535
10__1,Team 10,Sewing,SMV,10.06,20.819999999999997,,0.7557067171010797,0.7284544107819748,0.781896878700565,0.7137157030448995,0.7956752920508182
10__1,Team 10,Sewing,SMV,10.966666666666667,20.819999999999997,,0.7508928889636947,0.7240012329345487,0.7762643931470007,0.708977945176794,0.7900150116955377
10__1,Team 10,Sewing,SMV,11.873333333333333,20.819999999999997,,0.7463700067458088,0.7196140279959029,0.7718253135355609,0.7057227905221728,0.7853151149295169
10__1,Team 10,Sewing,SMV,12.78,20.819999999999997,,0.7421027527849587,0.7153142973955903,0.7674859914790133,0.7014105085197025,0.7809182932371861
10__1,Team 10,Sewing,SMV,13.686666666666666,20.819999999999997,,0.7380620550208363,0.7113349392276388,0.7630576612213187,0.6982071419295676,0.7764918951646529
10__1,Team 10,Sewing,SMV,14.593333333333334,20.819999999999997,,0.7342236742492219,0.7074612261988198,0.7591319506614433,0.6945504079709507,0.7730004548386471
10__1,Team 10,Sewing,SMV,15.5,20.819999999999997,,0.7305671730446337,0.7037544038768151,0.7554973719374695,0.6907221543805199,0.7691796380610603
10__1,Team 10,Sewing,SMV,16.406666666666666,20.819999999999997,,0.7270751482281568,0.7002226083800303,0.7522456618706589,0.6863004274832939,0.7657919376301333
10__1,Team 10,Sewing,SMV,17.313333333333333,20.819999999999997,,0.7237326494929723,0.6967297363428585,0.7489532943940249,0.6832042518751139,0.7628957436412843
10__1,Team 10,Sewing,SMV,18.22,20.819999999999997,,0.7205267321858845,0.6937026679949103,0.7460769661484129,0.6795952847990971,0.7595244575947848
10__1,Team 10,Sewing,SMV,19.126666666666665,20.819999999999997,,0.7174461085086646,0.6905907159085048,0.7435404690318983,0.675678662511953,0.756712586680757
10__1,Team 10,Sewing,SMV,20.03333333333333,20.819999999999997,,0.7144808720843758,0.6875561921120324,0.7407244890959203,0.6724778608806529,0.7536947234978232
10__1,Team 10,Sewing,SMV,20.819999999999997,20.819999999999997,,0.7119947846436399,0.6847196713386328,0.7382328235522608,0.6703887024039711,0.7515245834178591
10__1,Team 10,Sewing,SMV,20.939999999999998,20.819999999999997,,0.7116222780045522,0.6842942704665187,0.737854154463091,0.6699826519627403,0.7511239567195236
10__1,Team 10,Sewing,SMV,21.846666666666664,20.819999999999997,,0.708862565382869,0.6817080408545974,0.7349068396686999,0.6663320409137515,0.7486633731164956
10__1,Team 10,Sewing,SMV,22.75333333333333,20.819999999999997,,0.7061948128634928,0.6784210932728477,0.7321926915977756,0.6633496688593279,0.7466278990727417
10__1,Team 10,Sewing,SMV,23.659999999999997,20.819999999999997,,0.7036128199571078,0.675762086553963,0.730020298390768,0.6604779883075927,0.7446200675187556
10__1,Team 10,Sewing,SMV,24.566666666666663,20.819999999999997,,0.7011110088212416,0.6729482790192748,0.727634802277356,0.657310720839236,0.7424754631766446
10__1,Team 10,Sewing,SMV,25.47333333333333,20.819999999999997,,0.6986843423725294,0.6701823275648682,0.7252532599493773,0.6545498670175302,0.7409222728077969
10__1,Team 10,Sewing,SMV,26.38,20.819999999999997,,0.696328255556564,0.6673048669987466,0.722830816667471,0.6515671746805632,0.739162493214842
10__1,Team 10,Sewing,SMV,27.286666666666665,20.819999999999997,,0.694038597301508,0.6649750677655203,0.7209124609589486,0.6486703297779638,0.7374377419090578
10__1,Team 10,Sewing,SMV,28.19333333333333,20.819999999999997,,0.6918115812101376,0.6626396314231252,0.7189119775198167,0.6458544295330305,0.7357525616215076
10__1,Team 10,Sewing,SMV,29.099999999999998,20.819999999999997,,0.6896437434480104,0.6600752692621579,0.7171139706982956,0.6431149878887357,0.7341213813446025
10__1,Team 10,Sewing,Style Changes,0.0,0.0,,0.7119947846436399,0.6847196713386328,0.7382328235522608,0.6703887024039711,0.7515245834178591
10__1,Team 10,Sewing,Style Changes,1.0,0.0,,0.7262347618410755,0.6982896726122891,0.7523535654916691,0.6831180842172797,0.7658433960151056
10__1,Team 10,Sewing,Style Changes,2.0,0.0,,0.7398783479142128,0.7083765959395163,0.7702167799197749,0.6920859469024534,0.7858328992049399
11__0,Team 11,Finishing,Incentive,0.0,0.0,BDT,0.7902014414949428,0.757047721372476,0.8224410486090252,0.7385092205939212,0.8389378599579276
11__0,Team 11,Finishing,Incentive,2.9333333333333327,0.0,BDT,0.7311547545103247,0.6638794506277705,0.7941083869271763,0.6197123658757695,0.8209767771304293
11__0,Team 11,Finishing,Incentive,5.866666666666665,0.0,BDT,0.7163470378820372,0.642058027764505,0.7883956574032861,0.5889626551212893,0.8146353899208029
11__0,Team 11,Finishing,Incentive,8.799999999999997,0.0,BDT,0.7066413835676619,0.6257482306135266,0.783781922167127,0.572877667358365,0.8123715227208688
11__0,Team 11,Finishing,Incentive,11.73333333333333,0.0,BDT,0.6993791768240789,0.612629497000285,0.7805941122785749,0.5606917967878312,0.8117539399370252
11__0,Team 11,Finishing,Incentive,14.666666666666664,0.0,BDT,0.6935623094978909,0.6029838592644858,0.7795816352152836,0.5511504287968781,0.8105598530065878
11__0,Team 11,Finishing,Incentive,17.599999999999994,0.0,BDT,0.6887039769529634,0.5943305623337666,0.7783717097395367,0.5407558765879958,0.8082738403739628
11__0,Team 11,Finishing,Incentive,20.533333333333328,0.0,BDT,0.6845292314601997,0.5873209615565804,0.7769344848233538,0.5341805843727051,0.8068888577207068
11__0,Team 11,Finishing,Incentive,23.46666666666666,0.0,BDT,0.6823744688681094,0.5813673865674277,0.7764789774022156,0.5294603292723223,0.8080456366733129
11__0,Team 11,Finishing,Incentive,26.399999999999995,0.0,BDT,0.6873477976659078,0.5866343093777803,0.7808209873025945,0.5315208101688178,0.8128956053637246
11__0,Team 11,Finishing,Incentive,29.33333333333333,0.0,BDT,0.6915981343295808,0.5892503723790904,0.7851356459092195,0.5345129221522016,0.8179914394750715
11__0,Team 11,Finishing,Incentive,32.26666666666666,0.0,BDT,0.6960145619328388,0.5933050309608647,0.7902748435481273,0.5374197929637244,0.8216319603415865
11__0,Team 11,Finishing,Incentive,35.19999999999999,0.0,BDT,0.7010552201190153,0.5964219821882268,0.7953457453747382,0.5410586145486374,0.8265494879850183
11__0,Team 11,Finishing,Incentive,38.133333333333326,0.0,BDT,0.7069355462012924,0.6024445872547062,0.8008986700062892,0.5453637068989297,0.8317499116543314
11__0,Team 11,Finishing,Incentive,41.066666666666656,0.0,BDT,0.7137293212243151,0.6092122503888576,0.807467250991301,0.5517766579401786,0.837989172773593
11__0,Team 11,Finishing,Incentive,43.99999999999999,0.0,BDT,0.7214258273215136,0.6158654972374009,0.8149671487384584,0.5592610778163197,0.8447490069828993
11__0,Team 11,Finishing,Incentive,46.93333333333332,0.0,BDT,0.7299636057282579,0.6250115852209986,0.8223299384189423,0.5677946215490018,0.8514872254076632
11__0,Team 11,Finishing,Incentive,49.86666666666665,0.0,BDT,0.7392511472313017,0.6354129290997365,0.8304163026526954,0.5772554272631846,0.8588120238373724
11__0,Team 11,Finishing,Incentive,52.79999999999999,0.0,BDT,0.7491800108032135,0.6456370429692846,0.8390650990798206,0.5879218707778308,0.8666802506568662
11__0,Team 11,Finishing,Incentive,55.73333333333332,0.0,BDT,0.7596334198110637,0.6596338096967828,0.8482554234034203,0.599566758028714,0.8743095255230512
11__0,Team 11,Finishing,Incentive,58.66666666666666,0.0,BDT,0.7704920812477716,0.6725935682552621,0.8574905748284058,0.6118909398070493,0.8818625951331482
11__0,Team 11,Finishing,Incentive,61.59999999999999,0.0,BDT,0.7816382475663429,0.6858771135271403,0.86572765558675,0.6251017857845662,0.88934175880277
11__0,Team 11,Finishing,Incentive,64.53333333333332,0.0,BDT,0.7929309070749446,0.6991897090456853,0.8748688652954836,0.6395594599844009,0.8969411066275924
11__0,Team 11,Finishing,Incentive,67.46666666666665,0.0,BDT,0.8041545685398087,0.712025116572409,0.8834516015019864,0.6529219146986502,0.9053251649036991
11__0,Team 11,Finishing,Incentive,69.5,0.0,BDT,0.8117971494477619,0.721524014832025,0.8892127915529111,0.6631069912995529,0.9104084121487914
11__0,Team 11,Finishing,Incentive,70.39999999999998,0.0,BDT,0.8151294138373967,0.7259361619476067,0.8914599278503569,0.6676333597337293,0.9125906554185552
11__0,Team 11,Finishing,Incentive,73.33333333333331,0.0,BDT,0.8257278356180159,0.739386431370546,0.8993241669896928,0.681177108079119,0.9193763950387593
11__0,Team 11,Finishing,Incentive,76.26666666666665,0.0,BDT,0.8358634752723818,0.7524689769521441,0.906338466243869,0.6955256527254445,0.9256780199482875
11__0,Team 11,Finishing,Incentive,79.19999999999999,0.0,BDT,0.8454821503114093,0.7655947088743104,0.9127797899734967,0.7096595995440134,0.9314962642423226
11__0,Team 11,Finishing,Incentive,82.13333333333331,0.0,BDT,0.8545544069305595,0.7776791205179093,0.9187233435211856,0.7225976393077724,0.9366175152373167
11__0,Team 11,Finishing,Incentive,85.06666666666665,0.0,BDT,0.8630694651215959,0.7893153234086214,0.9246015118177936,0.7360935841932739,0.9413580596072852
11__0,Team 11,Finishing,Incentive,87.99999999999999,0.0,BDT,0.8710303481613609,0.800191038183644,0.9302804890623858,0.7478277731168521,0.945800100967025
11__0,Team 11,Finishing,WIP,0.0,0.0,pieces,0.6184388426384101,0.45154850323369544,0.7712517967223902,0.35826761311576416,0.8377614611611436
11__0,Team 11,Finishing,WIP,50.09333333333334,0.0,pieces,0.7089782228600311,0.5626283323588691,0.8342994322126952,0.4788257183995781,0.8787859038107421
11__0,Team 11,Finishing,WIP,100.18666666666668,0.0,pieces,0.7227939263213536,0.575136854256104,0.846504246382075,0.4908453105421329,0.8890472005427937
11__0,Team 11,Finishing,WIP,150.28000000000003,0.0,pieces,0.7306106609736931,0.5785868379486635,0.8542619576410836,0.4922838015233863,0.8959763447134331
11__0,Team 11,Finishing,WIP,200.37333333333336,0.0,pieces,0.7360254734154829,0.5823724921310334,0.8608070427749421,0.49594714940381973,0.8988038833336451
11__0,Team 11,Finishing,WIP,250.4666666666667,0.0,pieces,0.7401473740921123,0.5866746348139249,0.8652610078479883,0.49995474568545456,0.9018686268033892
11__0,Team 11,Finishing,WIP,300.56000000000006,0.0,pieces,0.7434634074555213,0.5898447143227108,0.8682069501123187,0.5032318991320542,0.9048988376656609
11__0,Team 11,Finishing,WIP,350.65333333333336,0.0,pieces,0.7462302425607688,0.5919904757033689,0.87062971364972,0.5046489962826803,0.9073967431414801
11__0,Team 11,Finishing,WIP,400.7466666666667,0.0,pieces,0.7485994709722762,0.595094979482353,0.8726620497981756,0.5017526097320366,0.9095127957354691
11__0,Team 11,Finishing,WIP,450.8400000000001,0.0,pieces,0.7506679551157277,0.5959323771039435,0.8746354224848311,0.5030474853619702,0.9110697268825014
11__0,Team 11,Finishing,WIP,500.9333333333334,0.0,pieces,0.752501273265491,0.5966716706266362,0.8764522487879334,0.504222373778659,0.9126639932792956
11__0,Team 11,Finishing,WIP,551.0266666666668,0.0,pieces,0.7541458401014037,0.5982187289802614,0.8778595512933535,0.5075990611687836,0.9140842653706255
11__0,Team 11,Finishing,WIP,601.1200000000001,0.0,pieces,0.7556356845915994,0.6001754759906913,0.8793986481029903,0.5097427217969773,0.9153624503958743
11__0,Team 11,Finishing,WIP,651.2133333333335,0.0,pieces,0.7569964800214696,0.6009662731297595,0.8807835210521872,0.5080729782594662,0.9165223133930762
11__0,Team 11,Finishing,WIP,701.3066666666667,0.0,pieces,0.7582480614402203,0.6037450791665885,0.881828018335517,0.508172744199885,0.9175834737572289
11__0,Team 11,Finishing,WIP,751.4000000000001,0.0,pieces,0.7594060634582982,0.6050011741186246,0.8828376862057129,0.5102653944134964,0.9185604987734366
11__0,Team 11,Finishing,WIP,801.4933333333335,0.0,pieces,0.7604830226890743,0.6055159665857979,0.8836618386036391,0.5122227838542976,0.9193652914039487
11__0,Team 11,Finishing,WIP,851.5866666666668,0.0,pieces,0.7614891416596862,0.606848376835342,0.8844087602835606,0.5140612672299052,0.9196675339407947
11__0,Team 11,Finishing,WIP,901.6800000000002,0.0,pieces,0.7624328315375746,0.6068530762374204,0.8852996069466151,0.5156833526005326,0.919951496228393
11__0,Team 11,Finishing,WIP,951.7733333333334,0.0,pieces,0.7633211061988712,0.6074503697680245,0.8863571325365588,0.5158772779411627,0.9203733006374663
11__0,Team 11,Finishing,WIP,1001.8666666666668,0.0,pieces,0.7641598738848041,0.6089459526064285,0.8873526090313497,0.5160612594654082,0.9212508337984342
11__0,Team 11,Finishing,WIP,1051.9600000000003,0.0,pieces,0.7649541567526321,0.6095526761196722,0.8882924972961005,0.5162362671123819,0.9220766515558518
11__0,Team 11,Finishing,WIP,1102.0533333333335,0.0,pieces,0.7657082586675377,0.6095215130869878,0.8891823181378801,0.5159958477415396,0.9228566675427936
11__0,Team 11,Finishing,WIP,1152.1466666666668,0.0,pieces,0.7664258951923554,0.6106670893577529,0.8900268245908779,0.5149272885354204,0.9231758541253978
11__0,Team 11,Finishing,WIP,1202.2400000000002,0.0,pieces,0.7671102955352788,0.6112528310645787,0.8908301366654887,0.5139235462963353,0.9234772611632255
11__0,Team 11,Finishing,WIP,1252.3333333333335,0.0,pieces,0.7677642834006628,0.6117441916280956,0.8915873908753734,0.5143391288975828,0.923861479635285
11__0,Team 11,Finishing,WIP,1302.426666666667,0.0,pieces,0.7683903417633886,0.6121015510767567,0.8923075647184999,0.5147595442596853,0.9245336109239248
11__0,Team 11,Finishing,WIP,1352.5200000000002,0.0,pieces,0.7689906652483627,0.6126253122449558,0.8928864361597632,0.5151762316469992,0.9252145972201554
11__0,Team 11,Finishing,WIP,1402.6133333333335,0.0,pieces,0.7695672028506141,0.6132721971476315,0.8933978909448761,0.5155777544105669,0.9258654870553453
11__0,Team 11,Finishing,WIP,1452.706666666667,0.0,pieces,0.7701216930530934,0.6137973169877445,0.8941075795714137,0.5159651765254472,0.9262997069284427
11__0,Team 11,Finishing,WIP,1502.8000000000002,0.0,pieces,0.7706556929063773,0.6143004334810132,0.8948539175590725,0.5154996587151717,0.9266270116403075
11__0,Team 11,Finishing,Workers,7.000000000000002,9.000000000000002,workers,0.7658431753257724,0.7297226475482669,0.8005820448842702,0.7097830734391118,0.8180685161535955
11__0,Team 11,Finishing,Workers,8.700000000000003,9.000000000000002,workers,0.7869939256131281,0.7537325080619475,0.8195532220395464,0.7343635158274895,0.8359446150545059
11__0,Team 11,Finishing,Workers,9.000000000000002,9.000000000000002,workers,0.7902014414949428,0.757047721372476,0.8224410486090252,0.7385092205939212,0.8389378599579276
11__0,Team 11,Finishing,Workers,10.400000000000002,9.000000000000002,workers,0.8035756553665339,0.7712376235466393,0.8344098656736306,0.7522886141434141,0.8493255149580088
11__0,Team 11,Finishing,Workers,12.100000000000003,9.000000000000002,workers,0.8170153925017773,0.7861666872834717,0.8471497001157337,0.7660316280733087,0.8607583730260839
11__0,Team 11,Finishing,Workers,13.800000000000004,9.000000000000002,workers,0.8281859369841998,0.7974887867606466,0.8579792138850285,0.7774359186717268,0.8708112702416212
11__0,Team 11,Finishing,Workers,15.500000000000004,9.000000000000002,workers,0.837655149873714,0.8066492184219124,0.8670857808219508,0.7879479007866151,0.8795933257282874
11__0,Team 11,Finishing,Workers,17.200000000000003,9.000000000000002,workers,0.8458105131863366,0.8147608489504063,0.8751910299459785,0.7966660809379056,0.8874173261385176
11__0,Team 11,Finishing,Workers,18.900000000000006,9.000000000000002,workers,0.8529266402240354,0.8215023961054311,0.882521406038041,0.8041103909266609,0.8938658995023833
11__0,Team 11,Finishing,Workers,20.600000000000005,9.000000000000002,workers,0.8592042660884199,0.8274361678000397,0.8888115456233884,0.8108308431765375,0.8997387098052615
11__0,Team 11,Finishing,Workers,22.300000000000004,9.000000000000002,workers,0.8647939491081248,0.8330558797448397,0.8944293736774346,0.8162880956098917,0.9045044731009375
11__0,Team 11,Finishing,Workers,24.000000000000007,9.000000000000002,workers,0.8698110992307044,0.8378060192727919,0.8993703852557885,0.8215674153869016,0.9093025347402396
11__0,Team 11,Finishing,Workers,25.700000000000003,9.000000000000002,workers,0.8743458507187195,0.8420014996824322,0.9037041350335073,0.8260630920467086,0.9134828624423323
11__0,Team 11,Finishing,Workers,27.400000000000006,9.000000000000002,workers,0.8784697467274893,0.8457639512692668,0.9076576299512178,0.8296997238977887,0.9174033258636006
11__0,Team 11,Finishing,Workers,29.10000000000001,9.000000000000002,workers,0.8822403848121958,0.8492636800750035,0.9112674532800316,0.832550655106862,0.9209409520016919
11__0,Team 11,Finishing,Workers,30.800000000000004,9.000000000000002,workers,0.8857047196284638,0.8525420208072468,0.9145254869295454,0.8351708106587368,0.9241835601687314
11__0,Team 11,Finishing,Workers,32.50000000000001,9.000000000000002,workers,0.8889014584622854,0.8557213579560474,0.9173923400842584,0.8379531010359612,0.9272074566337957
11__0,Team 11,Finishing,Workers,34.20000000000001,9.000000000000002,workers,0.8918628299213694,0.8590382641685085,0.9203589120851637,0.841232124176789,0.9300663637502758
11__0,Team 11,Finishing,Workers,35.900000000000006,9.000000000000002,workers,0.8946159107196454,0.8618067863021728,0.9229283881342114,0.8443273842960143,0.932758260555824
11__0,Team 11,Finishing,Workers,37.60000000000001,9.000000000000002,workers,0.8971836352832946,0.8643862892058033,0.9253194929958984,0.8474553059149725,0.9350310774459373
11__0,Team 11,Finishing,Workers,39.300000000000004,9.000000000000002,workers,0.899585573989586,0.8669381618072567,0.9274043997805196,0.850573997938572,0.93714184433157
11__0,Team 11,Finishing,Workers,41.00000000000001,9.000000000000002,workers,0.9018385401429752,0.8693084999270376,0.9294492530270263,0.8531017400652987,0.9390397684593532
11__0,Team 11,Finishing,Workers,42.70000000000001,9.000000000000002,workers,0.90395706847725,0.8715894087486551,0.9313959756688205,0.8555259510196165,0.9409833685140717
11__0,Team 11,Finishing,Workers,44.400000000000006,9.000000000000002,workers,0.9059537960999592,0.8736307497569542,0.9332778844930864,0.8573087446248485,0.9427496464887121
11__0,Team 11,Finishing,Workers,46.10000000000001,9.000000000000002,workers,0.9078397685222438,0.8755054693240074,0.9349960710062128,0.8594998310734354,0.9444399780585417
11__0,Team 11,Finishing,Workers,47.80000000000001,9.000000000000002,workers,0.9096246875657673,0.8773109501482254,0.9366870105266624,0.8613878914237422,0.9459888049137423
11__0,Team 11,Finishing,Workers,49.50000000000001,9.000000000000002,workers,0.9113171137431734,0.879158583880605,0.9382951698957053,0.8630730333144351,0.9475316722008424
11__0,Team 11,Finishing,Workers,51.20000000000001,9.000000000000002,workers,0.9129246326623375,0.8808887123292699,0.9399035266472104,0.8646860670729108,0.9490397398668925
11__0,Team 11,Finishing,Workers,52.90000000000001,9.000000000000002,workers,0.91445399276697,0.8825232014328754,0.9413126572672683,0.866206770598835,0.9503948985488915
11__0,Team 11,Finishing,Workers,54.60000000000001,9.000000000000002,workers,0.9159112200644052,0.884088417009865,0.9426527747214389,0.867674075167083,0.951573654275663
11__0,Team 11,Finishing,Workers,56.30000000000001,9.000000000000002,workers,0.9173017142447558,0.8853087778659108,0.9438818134343864,0.8691250871616834,0.952564438485824
11__0,Team 11,Finishing,Workers,58.000000000000014,9.000000000000002,workers,0.9186303296517889,0.8867586213881936,0.9450853941454271,0.8704912936335335,0.9536550744791578
11__0,Team 11,Finishing,Overtime,960.0,2399.999999999999,min,0.7947984453150128,0.7621412498942508,0.8262849288339904,0.7452891420077211,0.8422605576203965
11__0,Team 11,Finishing,Overtime,1273.6,2399.999999999999,min,0.7933900330282677,0.7608309501450994,0.8251052358408283,0.7424200372514022,0.8410234407081395
11__0,Team 11,Finishing,Overtime,1587.2,2399.999999999999,min,0.7922872181571086,0.7595285379826532,0.8243438578388302,0.7412927121138266,0.8403178398673268
11__0,Team 11,Finishing,Overtime,1900.8000000000002,2399.999999999999,min,0.7913799915848855,0.7584730089401851,0.8236466874676038,0.7401539290298221,0.8395719889251366
11__0,Team 11,Finishing,Overtime,2214.4,2399.999999999999,min,0.7906088806779601,0.7575027652324581,0.8227483368356776,0.738951325502646,0.8392337967913078
11__0,Team 11,Finishing,Overtime,2399.999999999999,2399.999999999999,min,0.7902014414949428,0.757047721372476,0.8224410486090252,0.7385092205939212,0.8389378599579276
11__0,Team 11,Finishing,Overtime,2528.0,2399.999999999999,min,0.789938043861381,0.7567530806235878,0.8222509708424278,0.7382235490312666,0.8387448433502228
11__0,Team 11,Finishing,Overtime,2841.6000000000004,2399.999999999999,min,0.7893441922046913,0.7561033721282427,0.8218225780429397,0.7372052186292806,0.8382187520305696
11__0,Team 11,Finishing,Overtime,3155.2000000000003,2399.999999999999,min,0.7888113302626008,0.755507870182149,0.8214284552431289,0.7364460446575795,0.8377444634662874
11__0,Team 11,Finishing,Overtime,3468.8,2399.999999999999,min,0.7883279933282346,0.7549904899833939,0.8211339254240839,0.7359591769455421,0.8373124510169836
11__0,Team 11,Finishing,Overtime,3782.4,2399.999999999999,min,0.7878856811441411,0.7545558552994428,0.8208134321968326,0.7354470070661946,0.83702425434356
11__0,Team 11,Finishing,Overtime,4096.0,2399.999999999999,min,0.7874779153394099,0.754168438459546,0.8203599730825282,0.7349777864509599,0.8368065893854043
11__0,Team 11,Finishing,Overtime,4409.6,2399.999999999999,min,0.7870996442892352,0.7537489073008389,0.8199505613015328,0.7344319368740911,0.8366047775606085
11__0,Team 11,Finishing,Overtime,4723.200000000001,2399.999999999999,min,0.7867468521618977,0.7532526170918072,0.8195298652706048,0.7339169712297446,0.8364166529197347
11__0,Team 11,Finishing,Overtime,5036.8,2399.999999999999,min,0.7864162934238262,0.7529543898863603,0.8193774442819257,0.733434539903499,0.8361823190163477
11__0,Team 11,Finishing,Overtime,5350.400000000001,2399.999999999999,min,0.7861053073700941,0.7525497092566215,0.8191502053425188,0.7329807450351008,0.8359527800734496
11__0,Team 11,Finishing,Overtime,5664.0,2399.999999999999,min,0.7858116853604863,0.7521675024219949,0.8187607630763815,0.732552351500913,0.8356870182066093
11__0,Team 11,Finishing,Overtime,5977.6,2399.999999999999,min,0.785533573742369,0.7518239566612376,0.8184232574534728,0.7321466659564722,0.8354352614550676
11__0,Team 11,Finishing,Overtime,6291.200000000001,2399.999999999999,min,0.7852694015287909,0.7514174822479824,0.8182717904617361,0.7317622585060717,0.8351960928344769
11__0,Team 11,Finishing,Overtime,6604.8,2399.999999999999,min,0.7850178256191226,0.7511070447907142,0.818151194235761,0.7314408739886956,0.8350129577149198
11__0,Team 11,Finishing,Overtime,6918.400000000001,2399.999999999999,min,0.7847776886889728,0.7509544025825691,0.8180188834409108,0.7311277560791876,0.8348580683863135
11__0,Team 11,Finishing,Overtime,7232.0,2399.999999999999,min,0.7845479863863585,0.7504843893557346,0.8177185759646423,0.7308072502860941,0.8347099369772154
11__0,Team 11,Finishing,Overtime,7545.6,2399.999999999999,min,0.7843278414690473,0.7500595590054319,0.8174133058116608,0.7305434495245092,0.8345679941372168
11__0,Team 11,Finishing,Overtime,7859.200000000001,2399.999999999999,min,0.7841164831909895,0.7498996884812518,0.8172554149636053,0.730290237790778,0.834431739733267
11__0,Team 11,Finishing,Overtime,8172.8,2399.999999999999,min,0.7839132307084896,0.7496382902166846,0.8171097833581045,0.7300335564723921,0.8343007320529394
11__0,Team 11,Finishing,Overtime,8486.400000000001,2399.999999999999,min,0.7837174796001914,0.7494559446919307,0.817036194462337,0.7297117950807711,0.8341745790354113
11__0,Team 11,Finishing,Overtime,8800.0,2399.999999999999,min,0.7835286908246132,0.7492765900307826,0.8169486614802254,0.7294014814191399,0.8340529310894811
11__0,Team 11,Finishing,Overtime,9113.6,2399.999999999999,min,0.7833463816044349,0.7491386289789556,0.8168985883626126,0.7291018216718763,0.8339354751658103
11__0,Team 11,Finishing,Overtime,9427.2,2399.999999999999,min,0.7831701178474894,0.7490149567605547,0.8168407190920169,0.7288121020723818,0.8338211487620991
11__0,Team 11,Finishing,Overtime,9740.800000000001,2399.999999999999,min,0.7829995078034815,0.748895293038104,0.8167456299312762,0.7285316784738198,0.8336975648869125
11__0,Team 11,Finishing,Overtime,10054.400000000001,2399.999999999999,min,0.7828341967221993,0.7487504428405257,0.8166144493014463,0.7282601031853516,0.8335778270536507
11__0,Team 11,Finishing,Overtime,10368.0,2399.999999999999,min,0.7826738623291205,0.7485099616915347,0.8164991449132152,0.7279964394381285,0.8334617010938256
11__0,Team 11,Finishing,SMV,1.8999999999999997,1.8999999999999997,,0.7902014414949428,0.757047721372476,0.8224410486090252,0.7385092205939212,0.8389378599579276
11__0,Team 11,Finishing,SMV,2.806666666666666,1.8999999999999997,,0.7748838538742322,0.7396783682182593,0.8092491665178889,0.7197680836061237,0.8265907260485826
11__0,Team 11,Finishing,SMV,3.713333333333333,1.8999999999999997,,0.7622805216547501,0.7240470972555453,0.7990486715386463,0.704312230377262,0.8190774582382039
11__0,Team 11,Finishing,SMV,4.619999999999999,1.8999999999999997,,0.7515268322237293,0.7115567685546984,0.7895168897139685,0.6908958731304883,0.8094235338867464
11__0,Team 11,Finishing,SMV,5.526666666666666,1.8999999999999997,,0.742123172853722,0.6991279475727611,0.7823396316323469,0.6787455107463471,0.8026120589142011
11__0,Team 11,Finishing,SMV,6.433333333333333,1.8999999999999997,,0.733752636107451,0.688226542222433,0.7765751023254367,0.6675540390235439,0.796872467636918
11__0,Team 11,Finishing,SMV,7.339999999999999,1.8999999999999997,,0.7262006166220343,0.6788358005823565,0.7715620506147899,0.657256515393551,0.7915502746711208
11__0,Team 11,Finishing,SMV,8.246666666666666,1.8999999999999997,,0.7193145480771898,0.6694437643507806,0.7665649562554215,0.6478810961607262,0.7873948858117925
11__0,Team 11,Finishing,SMV,9.153333333333332,1.8999999999999997,,0.7129818110480678,0.6612700725101014,0.7619681738800793,0.6398239700486837,0.7838779975717799
11__0,Team 11,Finishing,SMV,10.06,1.8999999999999997,,0.7071167408359961,0.6538111111251519,0.7577065134424861,0.6318982474502834,0.7803601983685404
11__0,Team 11,Finishing,SMV,10.966666666666667,1.8999999999999997,,0.7016525584000896,0.646593653910643,0.7537160358341402,0.623671897647366,0.7776459066186666
11__0,Team 11,Finishing,SMV,11.873333333333333,1.8999999999999997,,0.696536132687757,0.6403302596276336,0.7500043597304787,0.6155441421454488,0.7749192245400909
11__0,Team 11,Finishing,SMV,12.78,1.8999999999999997,,0.6917244544583181,0.6337692439351386,0.7468260324678715,0.6070787273477275,0.7722669672421153
11__0,Team 11,Finishing,SMV,13.686666666666666,1.8999999999999997,,0.6871821883153875,0.6271515886461766,0.7439313943779177,0.5990941848864003,0.769635778040987
11__0,Team 11,Finishing,SMV,14.593333333333334,1.8999999999999997,,0.68287992813286,0.6217757613448867,0.7414640333227566,0.5917398454532724,0.7675000901354391
11__0,Team 11,Finishing,SMV,15.5,1.8999999999999997,,0.6787929252917835,0.6164827104805577,0.739265446514213,0.5850476897516392,0.7658435544094303
11__0,Team 11,Finishing,SMV,16.406666666666666,1.8999999999999997,,0.6749001430830815,0.6118198444301349,0.7366334716499363,0.579706309633135,0.7637726332477591
11__0,Team 11,Finishing,SMV,17.313333333333333,1.8999999999999997,,0.6711835412801126,0.6068431277775521,0.7341020053071131,0.5741942803153294,0.7617712917675173
11__0,Team 11,Finishing,SMV,18.22,1.8999999999999997,,0.6676275264270386,0.6025405122187051,0.7313965905153544,0.5678147886441152,0.7599602594782422
11__0,Team 11,Finishing,SMV,19.126666666666665,1.8999999999999997,,0.6642185235849158,0.5978901567941666,0.7288828029244818,0.5624366159390309,0.758263476723438
11__0,Team 11,Finishing,SMV,20.03333333333333,1.8999999999999997,,0.6609446385309409,0.5933841549431896,0.7268736316614048,0.557587989479836,0.7565832790705096
11__0,Team 11,Finishing,SMV,20.939999999999998,1.8999999999999997,,0.6577953882973536,0.5896114738339944,0.7250546485696426,0.5529430546182477,0.7546277306113286
11__0,Team 11,Finishing,SMV,21.846666666666664,1.8999999999999997,,0.6547614840202123,0.5857324952475332,0.7228077172732422,0.548517232380215,0.7529400203450043
11__0,Team 11,Finishing,SMV,22.75333333333333,1.8999999999999997,,0.6518346543061087,0.5819836468860285,0.7208633255306962,0.5442564337864519,0.7513692806197824
11__0,Team 11,Finishing,SMV,23.659999999999997,1.8999999999999997,,0.6490075003253185,0.5780173945315914,0.7190113833799566,0.5401491374173026,0.7498489106126265
11__0,Team 11,Finishing,SMV,24.566666666666663,1.8999999999999997,,0.6462733759959275,0.5744625022853204,0.7170984569434304,0.5361849933367016,0.7489144266386547
11__0,Team 11,Finishing,SMV,25.47333333333333,1.8999999999999997,,0.6436262881940037,0.5711533620909125,0.7151373210943854,0.5323570736972423,0.7472600112951968
11__0,Team 11,Finishing,SMV,26.38,1.8999999999999997,,0.641060813083258,0.5682190320701899,0.7132310692441186,0.5289545610436286,0.7456336089781607
11__0,Team 11,Finishing,SMV,27.286666666666665,1.8999999999999997,,0.6385720255219947,0.5650225122088043,0.7113739396497387,0.5258008144537308,0.7442087396913449
11__0,Team 11,Finishing,SMV,28.19333333333333,1.8999999999999997,,0.6361554391570218,0.5619955071464164,0.7098423554625105,0.5215948455918623,0.7427713545530031
11__0,Team 11,Finishing,SMV,29.099999999999998,1.8999999999999997,,0.6338069553106656,0.5590892390749205,0.7082081805917716,0.5180788134057241,0.7416324845228228
11__0,Team 11,Finishing,Style Changes,0.0,0.0,,0.7902014414949428,0.757047721372476,0.8224410486090252,0.7385092205939212,0.8389378599579276
11__0,Team 11,Finishing,Style Changes,1.0,0.0,,0.8015880063574644,0.7681098112020917,0.8334132690914218,0.7486814193878425,0.8492435309917316
11__0,Team 11,Finishing,Style Changes,2.0,0.0,,0.8123516649965508,0.777416140382736,0.8462911546019051,0.7571425776859699,0.8624191917315864
11__1,Team 11,Sewing,Incentive,0.0,50.0,BDT,0.6682402121601583,0.6259894275817149,0.7083829407931767,0.6096038976375014,0.7270586861135959
11__1,Team 11,Sewing,Incentive,2.9333333333333327,50.0,BDT,0.6624900400120017,0.6197679510750581,0.7021456920267826,0.595259374218813,0.7196054943466424
11__1,Team 11,Sewing,Incentive,5.866666666666665,50.0,BDT,0.6727259402614333,0.6327361477515472,0.7087944121771622,0.6128099459764499,0.7243754377174708
11__1,Team 11,Sewing,Incentive,8.799999999999997,50.0,BDT,0.6791661155619864,0.6411590138246244,0.7124970522122126,0.6220317663413361,0.7280308034833203
11__1,Team 11,Sewing,Incentive,11.73333333333333,50.0,BDT,0.6838576751881178,0.6483734438176014,0.7163734514467086,0.6275780123073029,0.7318416879987791
11__1,Team 11,Sewing,Incentive,14.666666666666664,50.0,BDT,0.6875417402588039,0.6537801254601906,0.7191467220358024,0.6329765339676378,0.7341176407153738
11__1,Team 11,Sewing,Incentive,17.599999999999994,50.0,BDT,0.690570835901836,0.6569301749201728,0.7219264357572768,0.6373653018141466,0.7363650046826341
11__1,Team 11,Sewing,Incentive,20.533333333333328,50.0,BDT,0.6931402704955386,0.6600765611073933,0.7234874445994497,0.6400012767190133,0.738976881216784
11__1,Team 11,Sewing,Incentive,23.46666666666666,50.0,BDT,0.6968902822649982,0.6647291224637077,0.7257774439023926,0.6466486938294578,0.7402379757786272
11__1,Team 11,Sewing,Incentive,26.399999999999995,50.0,BDT,0.7070815782652891,0.6792227013660607,0.7328562015052421,0.663067024479782,0.7460301703371781
11__1,Team 11,Sewing,Incentive,29.33333333333333,50.0,BDT,0.7158912067733177,0.6912229597886573,0.7400948803263634,0.6737368276712076,0.7511538371155732
11__1,Team 11,Sewing,Incentive,32.26666666666666,50.0,BDT,0.7243221677334685,0.701141531071486,0.7476819388651148,0.6862705626280261,0.7580416261843486
11__1,Team 11,Sewing,Incentive,35.19999999999999,50.0,BDT,0.7328996928514296,0.7110555495748404,0.7549351878725935,0.6963326478222716,0.7654534344435662
11__1,Team 11,Sewing,Incentive,38.133333333333326,50.0,BDT,0.741880127849417,0.7210282961007806,0.7629785763874857,0.70692942541947,0.7725621046050271
11__1,Team 11,Sewing,Incentive,41.066666666666656,50.0,BDT,0.7513630022488734,0.7313221657675769,0.7717263783772267,0.7180509815122982,0.7811775059959196
11__1,Team 11,Sewing,Incentive,43.99999999999999,50.0,BDT,0.7613545052102854,0.7420948012900395,0.7809007182712993,0.7299126328633576,0.7897232439448114
11__1,Team 11,Sewing,Incentive,46.93333333333332,50.0,BDT,0.7718051823148314,0.7533655039751754,0.7906565828326547,0.7420822005454483,0.7990726032071711
11__1,Team 11,Sewing,Incentive,49.86666666666665,50.0,BDT,0.7826332808020898,0.7645208484018091,0.8005743731486821,0.7542845393723521,0.8087779257533616
11__1,Team 11,Sewing,Incentive,50.0,50.0,BDT,0.7831328707151564,0.7650352357722119,0.8010314998656155,0.7548561776950128,0.8092413654267595
11__1,Team 11,Sewing,Incentive,52.79999999999999,50.0,BDT,0.793739755640744,0.776500722641909,0.8109608144631726,0.7665047701946289,0.8190349201050371
11__1,Team 11,Sewing,Incentive,55.73333333333332,50.0,BDT,0.8050182295285011,0.7890029993213816,0.821690499306826,0.7786628695523515,0.8293702725689969
11__1,Team 11,Sewing,Incentive,58.66666666666666,50.0,BDT,0.8163617689006273,0.8009475829645583,0.8322289661241727,0.791385773357909,0.8394989415741748
11__1,Team 11,Sewing,Incentive,61.59999999999999,50.0,BDT,0.8276675560771477,0.8129742242376455,0.842959008705655,0.8037751708081652,0.8498046192213861
11__1,Team 11,Sewing,Incentive,64.53333333333332,50.0,BDT,0.8388164147556029,0.8246839911558612,0.8535114518230429,0.8157479640870903,0.8595716431698194
11__1,Team 11,Sewing,Incentive,67.46666666666665,50.0,BDT,0.849631821205464,0.8357567188030683,0.8634105062510369,0.8270645736051491,0.8695640844522882
11__1,Team 11,Sewing,Incentive,69.5,50.0,BDT,0.8568586507036161,0.8434192948893258,0.870076704445307,0.8348788046844577,0.876248239244765
11__1,Team 11,Sewing,Incentive,70.39999999999998,50.0,BDT,0.8599764521524466,0.8467114654701746,0.872863699577718,0.8379553505951243,0.8790504717823249
11__1,Team 11,Sewing,Incentive,73.33333333333331,50.0,BDT,0.8697636431889735,0.8569535858086449,0.8820475507052407,0.8484546154727338,0.8878285506844195
11__1,Team 11,Sewing,Incentive,76.26666666666665,50.0,BDT,0.8789452635258641,0.8664077756787102,0.8906605311495424,0.8586837504151661,0.8968177100376034
11__1,Team 11,Sewing,Incentive,79.19999999999999,50.0,BDT,0.8875018499194982,0.8753408759468198,0.8987576584550866,0.8679583203549006,0.9049028276452237
11__1,Team 11,Sewing,Incentive,82.13333333333331,50.0,BDT,0.8954347122306978,0.8835032240597104,0.9062548743262303,0.8764073248987609,0.9118258127595004
11__1,Team 11,Sewing,Incentive,85.06666666666665,50.0,BDT,0.9027597232981208,0.8910434107816909,0.9133990563541331,0.8839947665356285,0.918532303520709
11__1,Team 11,Sewing,Incentive,87.99999999999999,50.0,BDT,0.9095025181199005,0.8982387046727524,0.9199561173108943,0.8911388250609367,0.9248610707623961
11__1,Team 11,Sewing,WIP,0.0,559.9999999999998,pieces,0.5730784560521714,0.48313040301179844,0.6603190337406039,0.43482279755034486,0.6983963974718244
11__1,Team 11,Sewing,WIP,50.09333333333334,559.9999999999998,pieces,0.7127505106834107,0.6757032755969318,0.7469317206220872,0.6560811572194234,0.7620921020480097
11__1,Team 11,Sewing,WIP,100.18666666666668,559.9999999999998,pieces,0.7342071975467294,0.7049749139324,0.7615740417858448,0.6890241186246934,0.7741385463566699
11__1,Team 11,Sewing,WIP,150.28000000000003,559.9999999999998,pieces,0.7463332861692948,0.7204160401325673,0.7705164140312286,0.7065689283440465,0.7816448932002501
11__1,Team 11,Sewing,WIP,200.37333333333336,559.9999999999998,pieces,0.7547231690703652,0.7316396503581644,0.7769877624291344,0.7184494872514658,0.7868856620273393
11__1,Team 11,Sewing,WIP,250.4666666666667,559.9999999999998,pieces,0.7611025936725926,0.7396135484731357,0.7822436101589068,0.7268296878349644,0.7913432125233697
11__1,Team 11,Sewing,WIP,300.56000000000006,559.9999999999998,pieces,0.7662294757086094,0.7457570293471469,0.7865871779428724,0.7341700879211168,0.7950598081459376
11__1,Team 11,Sewing,WIP,350.65333333333336,559.9999999999998,pieces,0.7705031693014666,0.7507317263303753,0.7903485372287148,0.7395456302622047,0.7984389544583083
11__1,Team 11,Sewing,WIP,400.7466666666667,559.9999999999998,pieces,0.7741594814648028,0.7548337271777102,0.7933022069339255,0.7441229880037338,0.8009270135356997
11__1,Team 11,Sewing,WIP,450.8400000000001,559.9999999999998,pieces,0.7773490439836697,0.7588504433986252,0.7960575311481556,0.7475640745862356,0.8037700930645313
11__1,Team 11,Sewing,WIP,500.9333333333334,559.9999999999998,pieces,0.7801738080214768,0.7620267497967862,0.7983244501423561,0.7508967296766106,0.8069975232940647
11__1,Team 11,Sewing,WIP,551.0266666666668,559.9999999999998,pieces,0.7827059099839859,0.7645454254050142,0.8006487965384423,0.7542856096310186,0.8086776648027102
11__1,Team 11,Sewing,WIP,559.9999999999998,559.9999999999998,pieces,0.7831328707151564,0.7650352357722119,0.8010314998656155,0.7548561776950128,0.8092413654267595
11__1,Team 11,Sewing,WIP,601.1200000000001,559.9999999999998,pieces,0.7849982203880891,0.7671757280594128,0.8028758269231091,0.7567150160936257,0.8116397076173248
11__1,Team 11,Sewing,WIP,651.2133333333335,559.9999999999998,pieces,0.7870906152846023,0.769356216990455,0.8047526664730928,0.7589709956043446,0.8137374453191096
11__1,Team 11,Sewing,WIP,701.3066666666667,559.9999999999998,pieces,0.7890138932841047,0.7712676798825947,0.8067123350454612,0.7615173628992806,0.815793222768177
11__1,Team 11,Sewing,WIP,751.4000000000001,559.9999999999998,pieces,0.7907923234975951,0.7732680539258542,0.8082501574707104,0.7632163676975542,0.8175343520888343
11__1,Team 11,Sewing,WIP,801.4933333333335,559.9999999999998,pieces,0.7924453603389022,0.7749585539765929,0.8098491605805608,0.7647445268160623,0.8193751879874387
11__1,Team 11,Sewing,WIP,851.5866666666668,559.9999999999998,pieces,0.7939888315563411,0.7765694346488753,0.8111562314250772,0.7666754466355822,0.820587807083828
11__1,Team 11,Sewing,WIP,901.6800000000002,559.9999999999998,pieces,0.7954357821341794,0.7781126726717676,0.8125488581563517,0.7684283878155739,0.8221514835848195
11__1,Team 11,Sewing,WIP,951.7733333333334,559.9999999999998,pieces,0.7967970869344074,0.7794917905345783,0.8137236006162935,0.7696319208643293,0.8236024805442891
11__1,Team 11,Sewing,WIP,1001.8666666666668,559.9999999999998,pieces,0.7980819040433776,0.7807217740047073,0.8149674349897557,0.7711950832281508,0.8248189807143325
11__1,Team 11,Sewing,WIP,1051.9600000000003,559.9999999999998,pieces,0.7992980159787025,0.7818401133468551,0.8163839832805381,0.772305093120866,0.8260009885631467
11__1,Team 11,Sewing,WIP,1102.0533333333335,559.9999999999998,pieces,0.800452090411049,0.7830351048047339,0.8175684806084733,0.7733481208684952,0.8270960477509555
11__1,Team 11,Sewing,WIP,1152.1466666666668,559.9999999999998,pieces,0.8015498821120228,0.7841056357136924,0.8187545192480673,0.7743463262825826,0.8282472776454518
11__1,Team 11,Sewing,WIP,1202.2400000000002,559.9999999999998,pieces,0.802596391309351,0.7851200876783067,0.8198720693710561,0.7752931114209307,0.829337756463759
11__1,Team 11,Sewing,WIP,1252.3333333333335,559.9999999999998,pieces,0.8035959892506114,0.7860441350909331,0.8207101512672627,0.7761986236801452,0.8302316188021918
11__1,Team 11,Sewing,WIP,1302.426666666667,559.9999999999998,pieces,0.8045525187824912,0.7869000178780069,0.8216029005679897,0.777068185196884,0.8314021610566988
11__1,Team 11,Sewing,WIP,1352.5200000000002,559.9999999999998,pieces,0.805469375669987,0.7879339838075674,0.8226206898555473,0.7779047573153335,0.8325224874883353
11__1,Team 11,Sewing,WIP,1402.6133333333335,559.9999999999998,pieces,0.8063495749082179,0.788730103111164,0.8236453027077173,0.7785631631206152,0.8334726245354012
11__1,Team 11,Sewing,WIP,1452.706666666667,559.9999999999998,pieces,0.8071958052245759,0.7896114280843459,0.82463911762128,0.7794591685065136,0.8342201136546122
11__1,Team 11,Sewing,WIP,1502.8000000000002,559.9999999999998,pieces,0.8080104742024614,0.7904185355218291,0.8254898803932262,0.7801776415940769,0.8351610271817893
11__1,Team 11,Sewing,Workers,7.000000000000002,56.999999999999986,workers,0.6498142601753679,0.5467872962127028,0.7462980461800869,0.48247360773443176,0.7881321143332427
11__1,Team 11,Sewing,Workers,8.700000000000003,56.999999999999986,workers,0.6644902571432538,0.572960049924207,0.7504353174951168,0.5178359745673448,0.7878191498758537
11__1,Team 11,Sewing,Workers,10.400000000000002,56.999999999999986,workers,0.6765966322725071,0.595312522662161,0.752990539088092,0.5453784106445987,0.787266478558891
11__1,Team 11,Sewing,Workers,12.100000000000003,56.999999999999986,workers,0.6868511590431894,0.6129758656225616,0.7558785622524186,0.5685563966890702,0.7858415523837305
11__1,Team 11,Sewing,Workers,13.800000000000004,56.999999999999986,workers,0.6957110877162015,0.6291344790126586,0.7585251025832289,0.5891357763342978,0.7856023706575257
11__1,Team 11,Sewing,Workers,15.500000000000004,56.999999999999986,workers,0.7034852988756705,0.6431514417141664,0.7605070701358996,0.6066416500406612,0.7865327781643507
11__1,Team 11,Sewing,Workers,17.200000000000003,56.999999999999986,workers,0.7103919788910866,0.6560234288577005,0.7624659349187601,0.6242661698603574,0.7858215733318799
11__1,Team 11,Sewing,Workers,18.900000000000006,56.999999999999986,workers,0.7165907776666317,0.6672889036163568,0.7642880245571748,0.6385773743067688,0.7852739718952811
11__1,Team 11,Sewing,Workers,20.600000000000005,56.999999999999986,workers,0.7222018968644307,0.6769604286314783,0.7659956505075992,0.6505350419569103,0.7856915710021214
11__1,Team 11,Sewing,Workers,22.300000000000004,56.999999999999986,workers,0.7273180015853475,0.6857093906075048,0.7678845836530201,0.6618680696585859,0.7855908040127713
11__1,Team 11,Sewing,Workers,24.000000000000007,56.999999999999986,workers,0.7320119645708537,0.6943876323633955,0.7691172465132243,0.671535924095994,0.786107223857831
11__1,Team 11,Sewing,Workers,25.700000000000003,56.999999999999986,workers,0.7363420762605513,0.7021816416936635,0.7710451034990388,0.6818887567467895,0.7864463596390835
11__1,Team 11,Sewing,Workers,27.400000000000006,56.999999999999986,workers,0.7403556532282684,0.708786245851386,0.7723601099658783,0.6902196764154753,0.7867087312666662
11__1,Team 11,Sewing,Workers,29.10000000000001,56.999999999999986,workers,0.744091600530003,0.7150055928813963,0.7735664058445997,0.6982882898071139,0.7880386255129358
11__1,Team 11,Sewing,Workers,30.800000000000004,56.999999999999986,workers,0.7475822711541231,0.7204921881750327,0.774911691815716,0.7063444395678734,0.7889536045171507
11__1,Team 11,Sewing,Workers,32.50000000000001,56.999999999999986,workers,0.7508548413518615,0.7253346518716776,0.7760073683604545,0.7122046686462842,0.7901892049861233
11__1,Team 11,Sewing,Workers,34.20000000000001,56.999999999999986,workers,0.7539323451977349,0.7300219078028996,0.7774206865891415,0.7173232378695071,0.790153529987386
11__1,Team 11,Sewing,Workers,35.900000000000006,56.999999999999986,workers,0.7568344646090104,0.7340750989922215,0.7788256100588457,0.7220289690994791,0.7910239185367766
11__1,Team 11,Sewing,Workers,37.60000000000001,56.999999999999986,workers,0.7595781408274443,0.7382603120649912,0.7803810720136667,0.726510929476501,0.791415048853296
11__1,Team 11,Sewing,Workers,39.300000000000004,56.999999999999986,workers,0.7621780535153003,0.7424027170525945,0.7822112826347127,0.7306020279154539,0.7923847407161039
11__1,Team 11,Sewing,Workers,41.00000000000001,56.999999999999986,workers,0.7646470003018548,0.7460750230540123,0.7836779530369601,0.7341711206054302,0.7935466038805029
11__1,Team 11,Sewing,Workers,42.70000000000001,56.999999999999986,workers,0.766996200512557,0.7488778099202068,0.7854232507653014,0.7380452794090039,0.7948891444435434
11__1,Team 11,Sewing,Workers,44.400000000000006,56.999999999999986,workers,0.7692355404800919,0.7517523794760639,0.7871951845500651,0.7411394610816712,0.7964278139475958
11__1,Team 11,Sewing,Workers,46.10000000000001,56.999999999999986,workers,0.7713737733614469,0.7541719714074008,0.7888350809343098,0.7441767303200589,0.7979278467642772
11__1,Team 11,Sewing,Workers,47.80000000000001,56.999999999999986,workers,0.7734186831767222,0.7561734888407876,0.7908165722488357,0.745443935866869,0.7995101153796215
11__1,Team 11,Sewing,Workers,49.50000000000001,56.999999999999986,workers,0.7753772204546275,0.7583745700652077,0.7926854107277722,0.7484751348878791,0.8009197037054031
11__1,Team 11,Sewing,Workers,51.20000000000001,56.999999999999986,workers,0.7772556151556228,0.7606726592764144,0.7944871929299359,0.7491414900518942,0.8022323385657728
11__1,Team 11,Sewing,Workers,52.90000000000001,56.999999999999986,workers,0.7790594712687695,0.7624243089997204,0.7968083071342348,0.7502059175640243,0.8039422693882551
11__1,Team 11,Sewing,Workers,54.60000000000001,56.999999999999986,workers,0.7807938465203326,0.7636995953028451,0.798639363780983,0.7524119956703493,0.8060271888594507
11__1,Team 11,Sewing,Workers,56.30000000000001,56.999999999999986,workers,0.7824633199049043,0.7646511751568743,0.8002673289849166,0.7543528731840212,0.8083249273506392
11__1,Team 11,Sewing,Workers,56.999999999999986,56.999999999999986,workers,0.7831328707151564,0.7650352357722119,0.8010314998656155,0.7548561776950128,0.8092413654267595
11__1,Team 11,Sewing,Workers,58.000000000000014,56.999999999999986,workers,0.784072049192965,0.7658194198114456,0.8020750644745535,0.7552995487232904,0.8105811038880796
11__1,Team 11,Sewing,Overtime,960.0,3420.0000000000027,min,0.7896421641724175,0.7724567138638164,0.8073724260104762,0.761717766573635,0.8157872715726657
11__1,Team 11,Sewing,Overtime,1273.6,3420.0000000000027,min,0.7882091437641312,0.7709235733303273,0.8061154785914306,0.7600414746398252,0.8144834501297662
11__1,Team 11,Sewing,Overtime,1587.2,3420.0000000000027,min,0.7870871140165737,0.7697499981222217,0.8048792261030934,0.7586303428266169,0.8133587126812711
11__1,Team 11,Sewing,Overtime,1900.8000000000002,3420.0000000000027,min,0.7861641157086596,0.7688023073469579,0.8039754368355068,0.7579113726003495,0.8125172868267336
11__1,Team 11,Sewing,Overtime,2214.4,3420.0000000000027,min,0.7853796243840692,0.7679059528615845,0.8031268764280776,0.7565797230605154,0.8118100459218539
11__1,Team 11,Sewing,Overtime,2528.0,3420.0000000000027,min,0.7846971657772284,0.7670710868886302,0.802352280782997,0.756034160995921,0.810698484523436
11__1,Team 11,Sewing,Overtime,2841.6000000000004,3420.0000000000027,min,0.7840930405108284,0.7661642963556146,0.8017986610819936,0.755391522752344,0.8101285348254673
11__1,Team 11,Sewing,Overtime,3155.2000000000003,3420.0000000000027,min,0.7835509716274243,0.765526930962998,0.8012974259050683,0.755107650292653,0.8096249739962111
11__1,Team 11,Sewing,Overtime,3420.0000000000027,3420.0000000000027,min,0.7831328707151564,0.7650352357722119,0.8010314998656155,0.7548561776950128,0.8092413654267595
11__1,Team 11,Sewing,Overtime,3468.8,3420.0000000000027,min,0.783059292896404,0.7649672525462354,0.8009943331288979,0.754792826301743,0.8091738613695807
11__1,Team 11,Sewing,Overtime,3782.4,3420.0000000000027,min,0.7826093548110159,0.7644482203332448,0.8007008921857758,0.7541210973484251,0.8087610894223339
11__1,Team 11,Sewing,Overtime,4096.0,3420.0000000000027,min,0.7821945653666198,0.7640889105727338,0.8003832212400804,0.7535035480449312,0.8084559841198139
11__1,Team 11,Sewing,Overtime,4409.6,3420.0000000000027,min,0.7818097844124905,0.7635725678157177,0.8000710908293752,0.7530167455201588,0.8083654963633996
11__1,Team 11,Sewing,Overtime,4723.200000000001,3420.0000000000027,min,0.7814509258026224,0.7630218768231634,0.7997307474592855,0.7524660363344969,0.808281187030445
11__1,Team 11,Sewing,Overtime,5036.8,3420.0000000000027,min,0.7811146872216012,0.7626087505845244,0.7993888779211044,0.7519508371856333,0.8081521903078647
11__1,Team 11,Sewing,Overtime,5350.400000000001,3420.0000000000027,min,0.7807983614489634,0.762217100693458,0.7992559408118901,0.7514945937345272,0.8078069785166718
11__1,Team 11,Sewing,Overtime,5664.0,3420.0000000000027,min,0.7804997012589817,0.7619292949615579,0.7990374529454798,0.7510638269997555,0.8074774790983701
11__1,Team 11,Sewing,Overtime,5977.6,3420.0000000000027,min,0.7802168206364337,0.761640815051158,0.79877878554705,0.7507048182403979,0.8071653426096895
11__1,Team 11,Sewing,Overtime,6291.200000000001,3420.0000000000027,min,0.7799481211837582,0.761489865158284,0.7985464855858763,0.7504611889109111,0.8068937300459031
11__1,Team 11,Sewing,Overtime,6604.8,3420.0000000000027,min,0.7796922363796348,0.7612698674661061,0.798361670433051,0.7500619908700253,0.8067718944470593
11__1,Team 11,Sewing,Overtime,6918.400000000001,3420.0000000000027,min,0.7794479887297495,0.7610420120297303,0.7982115005079623,0.7496809159063206,0.8066480708402917
11__1,Team 11,Sewing,Overtime,7232.0,3420.0000000000027,min,0.779214356387527,0.7607883605108153,0.7980289030352253,0.7493163741891059,0.8064097217527852
11__1,Team 11,Sewing,Overtime,7545.6,3420.0000000000027,min,0.7789904468379841,0.7605453037762028,0.7978502637287638,0.7489669769727978,0.8061799074210606
11__1,Team 11,Sewing,Overtime,7859.200000000001,3420.0000000000027,min,0.7787754759229507,0.7602221175893771,0.7976973118845504,0.748631504001819,0.8059615008025366
11__1,Team 11,Sewing,Overtime,8172.8,3420.0000000000027,min,0.7785687509565542,0.7599980116707609,0.7975483860859108,0.7483088772692983,0.8057522293457491
11__1,Team 11,Sewing,Overtime,8486.400000000001,3420.0000000000027,min,0.7783696570092228,0.7597222560599891,0.7973683923220966,0.7479982795612289,0.8055506757022102
11__1,Team 11,Sewing,Overtime,8800.0,3420.0000000000027,min,0.7781776456719482,0.7595837913831125,0.7972704338075796,0.7477395905533888,0.8053794439571036
11__1,Team 11,Sewing,Overtime,9113.6,3420.0000000000027,min,0.7779922257811537,0.7594243895132969,0.7971520581994714,0.7475157130554717,0.8053202876558433
11__1,Team 11,Sewing,Overtime,9427.2,3420.0000000000027,min,0.7778129557071198,0.7592723563133112,0.7970083749017837,0.747299284779076,0.8052631182941233
11__1,Team 11,Sewing,Overtime,9740.800000000001,3420.0000000000027,min,0.777639436899864,0.7590834638813823,0.7968868195452161,0.7470898221980992,0.8051164719653754
11__1,Team 11,Sewing,Overtime,10054.400000000001,3420.0000000000027,min,0.7774713084540078,0.7588903164439978,0.796762192274732,0.7468872466246249,0.8049496254121661
11__1,Team 11,Sewing,Overtime,10368.0,3420.0000000000027,min,0.777308242505366,0.7586531105134701,0.7966408693197968,0.7466925015914316,0.8047875181870501
11__1,Team 11,Sewing,SMV,1.8999999999999997,10.410000000000002,,0.8495881099251211,0.822033175200563,0.8757660643896378,0.8061811587226764,0.8877092278244553
11__1,Team 11,Sewing,SMV,2.806666666666666,10.410000000000002,,0.8379958651130516,0.8127294799715766,0.8628370926105199,0.7979571531184113,0.8740394370579645
11__1,Team 11,Sewing,SMV,3.713333333333333,10.410000000000002,,0.8283494442097825,0.8044635952228685,0.8514859411248152,0.7905670538873627,0.8619266672910715
11__1,Team 11,Sewing,SMV,4.619999999999999,10.410000000000002,,0.8200380940826261,0.7975279219398581,0.8417609535128314,0.7851876618309247,0.8523961560781826
11__1,Team 11,Sewing,SMV,5.526666666666666,10.410000000000002,,0.8127072667382781,0.7916671916328991,0.8337188660994096,0.7792539068718779,0.8437497196805206
11__1,Team 11,Sewing,SMV,6.433333333333333,10.410000000000002,,0.8061311030480655,0.7860279694607192,0.8262367035615512,0.7744033827538677,0.8358160068849241
11__1,Team 11,Sewing,SMV,7.339999999999999,10.410000000000002,,0.8001560352962039,0.7810609390373932,0.8198754832903979,0.7699063640430921,0.8289876220295006
11__1,Team 11,Sewing,SMV,8.246666666666666,10.410000000000002,,0.7946724713293529,0.7763134437882946,0.8136464717692314,0.7650635213315632,0.8220484224935013
11__1,Team 11,Sewing,SMV,9.153333333333332,10.410000000000002,,0.789599218757183,0.771299317651086,0.8081253787847179,0.7603376683210865,0.8166600464258589
11__1,Team 11,Sewing,SMV,10.06,10.410000000000002,,0.7848743028512498,0.7667205775189272,0.8029483828175666,0.7557717310939273,0.8110988854286109
11__1,Team 11,Sewing,SMV,10.410000000000002,10.410000000000002,,0.7831328707151564,0.7650352357722119,0.8010314998656155,0.7548561776950128,0.8092413654267595
11__1,Team 11,Sewing,SMV,10.966666666666667,10.410000000000002,,0.7804492505040861,0.7626866967793752,0.7980702555503049,0.7523191510066762,0.806713961950703
11__1,Team 11,Sewing,SMV,11.873333333333333,10.410000000000002,,0.7762853715486409,0.7585835430925604,0.7938083967997146,0.7483922067473812,0.8024028303651517
11__1,Team 11,Sewing,SMV,12.78,10.410000000000002,,0.7723512497385904,0.7545220819836135,0.7901006231075659,0.7437854818518018,0.798614570900479
11__1,Team 11,Sewing,SMV,13.686666666666666,10.410000000000002,,0.7686209972161319,0.7502102388557486,0.7864554956279651,0.7405008005135367,0.7954102749083589
11__1,Team 11,Sewing,SMV,14.593333333333334,10.410000000000002,,0.7650730079644137,0.7465744116752984,0.7831234835788949,0.7366804442625292,0.7918967849629903
11__1,Team 11,Sewing,SMV,15.5,10.410000000000002,,0.7616890472658614,0.7429427128561252,0.779722000430852,0.731983438629932,0.7885303205451861
11__1,Team 11,Sewing,SMV,16.406666666666666,10.410000000000002,,0.7584535733542971,0.7391874014982716,0.7765967770368305,0.7295429171973935,0.7856017357233102
11__1,Team 11,Sewing,SMV,17.313333333333333,10.410000000000002,,0.7553532232002881,0.7360627174456339,0.7737774079698466,0.7251288862372703,0.782786510601566
11__1,Team 11,Sewing,SMV,18.22,10.410000000000002,,0.7523764166640423,0.7326654173366681,0.7715203730734419,0.7214043811577967,0.7806363101739705
11__1,Team 11,Sewing,SMV,19.126666666666665,10.410000000000002,,0.7495130475442288,0.729017898802402,0.7690120000931334,0.717720361245658,0.7783400006975333
11__1,Team 11,Sewing,SMV,20.03333333333333,10.410000000000002,,0.746754239443909,0.7259654267024843,0.7666165592774813,0.714057834486291,0.7762889490710427
11__1,Team 11,Sewing,SMV,20.939999999999998,10.410000000000002,,0.7440921506840722,0.7230166530550334,0.764276022562204,0.710859874667516,0.7736199913635825
11__1,Team 11,Sewing,SMV,21.846666666666664,10.410000000000002,,0.741519816817703,0.7201103481295356,0.762413021801979,0.7079918599230008,0.7720660540779898
11__1,Team 11,Sewing,SMV,22.75333333333333,10.410000000000002,,0.73903102231228,0.7168881104864139,0.7604928830472983,0.704192094463146,0.7703358959435375
11__1,Team 11,Sewing,SMV,23.659999999999997,10.410000000000002,,0.7366201951055583,0.7139424542158322,0.7582957452702218,0.7012403685081648,0.768916429277014
11__1,Team 11,Sewing,SMV,24.566666666666663,10.410000000000002,,0.7342823192771714,0.7115306000714939,0.7560279960762517,0.6987012637613091,0.7673409396054766
11__1,Team 11,Sewing,SMV,25.47333333333333,10.410000000000002,,0.7320128621998379,0.7089928022230603,0.7542409863097524,0.6956093456203326,0.7657474508462276
11__1,Team 11,Sewing,SMV,26.38,10.410000000000002,,0.7298077133620136,0.7061672420146734,0.7528621238560032,0.692791406865503,0.7641769190599155
11__1,Team 11,Sewing,SMV,27.286666666666665,10.410000000000002,,0.7276631326724051,0.7036638249052045,0.7512187116262681,0.6894087035392473,0.7627472824835468
11__1,Team 11,Sewing,SMV,28.19333333333333,10.410000000000002,,0.7255757065237799,0.70095743825661,0.7500148453581545,0.6870964673845573,0.7614769264089816
11__1,Team 11,Sewing,SMV,29.099999999999998,10.410000000000002,,0.7235423102496521,0.6985412771251863,0.7483926993032566,0.6841300433710162,0.7600981739226289
11__1,Team 11,Sewing,Style Changes,0.0,0.0,,0.7831328707151564,0.7650352357722119,0.8010314998656155,0.7548561776950128,0.8092413654267595
11__1,Team 11,Sewing,Style Changes,1.0,0.0,,0.7949303771765819,0.7769528244760062,0.8119067014445519,0.7672612651367805,0.8205229233495271
11__1,Team 11,Sewing,Style Changes,2.0,0.0,,0.8060961637304191,0.7862255708161131,0.825423839398956,0.7731461494782665,0.8359662842001707
12__0,Team 12,Finishing,Incentive,0.0,0.0,BDT,0.7989538676831877,0.7691835266663176,0.8279548997671773,0.7512479783684709,0.8436281063613098
12__0,Team 12,Finishing,Incentive,2.9333333333333327,0.0,BDT,0.7526106959807579,0.6774204789269174,0.820587988867605,0.6306863296497559,0.8561190099810001
12__0,Team 12,Finishing,Incentive,5.866666666666665,0.0,BDT,0.73846505552137,0.6563582156573751,0.8136973890131497,0.6040251418845844,0.8511038982371762
12__0,Team 12,Finishing,Incentive,8.799999999999997,0.0,BDT,0.7291663350845091,0.6414917198718948,0.8089971748566269,0.5864610351816801,0.851395228311819
12__0,Team 12,Finishing,Incentive,11.73333333333333,0.0,BDT,0.7221945998233216,0.6288374273717241,0.8068196215075394,0.5708606186830127,0.8518777058933483
12__0,Team 12,Finishing,Incentive,14.666666666666664,0.0,BDT,0.7166017357264786,0.6202446318405824,0.8050870949290393,0.561646199656559,0.8491785730525776
12__0,Team 12,Finishing,Incentive,17.599999999999994,0.0,BDT,0.7119245903207088,0.6120311223735292,0.8039028288100127,0.5555960426169646,0.8466273306764939
12__0,Team 12,Finishing,Incentive,20.533333333333328,0.0,BDT,0.7079012454291773,0.6052578442684188,0.8029033191095254,0.5472167474202314,0.844402829667352
12__0,Team 12,Finishing,Incentive,23.46666666666666,0.0,BDT,0.7058033588422615,0.59995170956451,0.8026594974904037,0.5408056492515971,0.8442006057171488
12__0,Team 12,Finishing,Incentive,26.399999999999995,0.0,BDT,0.7104892496029017,0.6052331090582421,0.8074135887248848,0.5454455735736718,0.8509594385071295
12__0,Team 12,Finishing,Incentive,29.33333333333333,0.0,BDT,0.7144889976749587,0.608348656829022,0.8121930274817322,0.5480352582115228,0.854018870641494
12__0,Team 12,Finishing,Incentive,32.26666666666666,0.0,BDT,0.7186502582926646,0.6103827400484448,0.8164652784403179,0.5531399175433046,0.8584804652830328
12__0,Team 12,Finishing,Incentive,35.19999999999999,0.0,BDT,0.7234073552537145,0.615338977874634,0.8217394924072566,0.5556339789664079,0.8632222900049238
12__0,Team 12,Finishing,Incentive,38.133333333333326,0.0,BDT,0.7289623232902384,0.6200053096453453,0.826954983113744,0.5598616946067136,0.8689136358741771
12__0,Team 12,Finishing,Incentive,41.066666666666656,0.0,BDT,0.7353818038847468,0.6267222110936611,0.833169582041691,0.5657902642293027,0.8731486618991069
12__0,Team 12,Finishing,Incentive,43.99999999999999,0.0,BDT,0.742651847619415,0.6335458042888951,0.8402089211515651,0.5733233856896883,0.8784493285532299
12__0,Team 12,Finishing,Incentive,46.93333333333332,0.0,BDT,0.7507103399429412,0.6429860207851307,0.8467179808050477,0.5823465251098603,0.8843607595229159
12__0,Team 12,Finishing,Incentive,49.86666666666665,0.0,BDT,0.7594669314672183,0.6533877423651473,0.8546729442152302,0.5927584211383492,0.8898298907257285
12__0,Team 12,Finishing,Incentive,52.79999999999999,0.0,BDT,0.7688157089671743,0.6648872916950517,0.8620166218427484,0.6038759747687183,0.8955268708198947
12__0,Team 12,Finishing,Incentive,55.73333333333332,0.0,BDT,0.7786435077379801,0.6772331349242307,0.8693910986692484,0.6150072712505174,0.9014442375645122
12__0,Team 12,Finishing,Incentive,58.66666666666666,0.0,BDT,0.7888355265978628,0.6901189531676472,0.8770194182440262,0.6283070053681448,0.9074116533302867
12__0,Team 12,Finishing,Incentive,61.59999999999999,0.0,BDT,0.7992792190844512,0.7023087371921514,0.8847842445260058,0.6413653546917965,0.9133407833359806
12__0,Team 12,Finishing,Incentive,64.53333333333332,0.0,BDT,0.8098411221684265,0.7161302437269549,0.8928881678245352,0.6558326062710905,0.9201100373219124
12__0,Team 12,Finishing,Incentive,67.46666666666665,0.0,BDT,0.8203192890048143,0.7291361151367312,0.900025015744706,0.6684601627192095,0.9259833767114041
12__0,Team 12,Finishing,Incentive,69.5,0.0,BDT,0.82744322427727,0.7379917854455276,0.9055072240954547,0.6786002241443012,0.9296319029406911
12__0,Team 12,Finishing,Incentive,70.39999999999998,0.0,BDT,0.8305465539762754,0.741937301120995,0.9076407580649221,0.6834140357837875,0.9312004049432504
12__0,Team 12,Finishing,Incentive,73.33333333333331,0.0,BDT,0.8404055310333678,0.7546409857731505,0.9141926226607018,0.6977104926569148,0.9361122457938321
12__0,Team 12,Finishing,Incentive,76.26666666666665,0.0,BDT,0.8498179143396797,0.7669070499409216,0.9203485282029035,0.7127836440528984,0.9407047364965969
12__0,Team 12,Finishing,Incentive,79.19999999999999,0.0,BDT,0.85873566672908,0.7793046766658326,0.9262849839103351,0.7273462519669988,0.9450091018438541
12__0,Team 12,Finishing,Incentive,82.13333333333331,0.0,BDT,0.8671338320165215,0.7915315089835366,0.9315000056116723,0.7402826919413121,0.9493549225474526
12__0,Team 12,Finishing,Incentive,85.06666666666665,0.0,BDT,0.8750047325244386,0.8026353374394684,0.9360204100763544,0.7518935877916291,0.9532390267512232
12__0,Team 12,Finishing,Incentive,87.99999999999999,0.0,BDT,0.882353336528553,0.8128754505518535,0.9405206536480215,0.7629707823353046,0.9567313508443591
12__0,Team 12,Finishing,WIP,0.0,0.0,pieces,0.6302596544148308,0.4664268649791382,0.7811254893055528,0.38415267644958684,0.8433690802763174
12__0,Team 12,Finishing,WIP,50.09333333333334,0.0,pieces,0.7094392824141972,0.5689972673562511,0.8337131511172471,0.477116311286259,0.8787192555515416
12__0,Team 12,Finishing,WIP,100.18666666666668,0.0,pieces,0.7215241131574416,0.579070739734537,0.8455329632260707,0.4865662553802763,0.8899792916487498
12__0,Team 12,Finishing,WIP,150.28000000000003,0.0,pieces,0.7283651299186193,0.5864308832515505,0.8522529977187951,0.491675223562298,0.8949101142142192
12__0,Team 12,Finishing,WIP,200.37333333333336,0.0,pieces,0.7331059011054605,0.5896727982046363,0.8584607658714597,0.4933427343864992,0.9007697984252465
12__0,Team 12,Finishing,WIP,250.4666666666667,0.0,pieces,0.7367158435048445,0.5933222762547293,0.8615655843309263,0.49305587771735954,0.9026149503537121
12__0,Team 12,Finishing,WIP,300.56000000000006,0.0,pieces,0.7396207824000801,0.5963281483931372,0.8654185909566795,0.4949153077742555,0.9050755443228397
12__0,Team 12,Finishing,WIP,350.65333333333336,0.0,pieces,0.7420451651542478,0.597476332304553,0.8673254812134641,0.4961904831553195,0.9074071453901972
12__0,Team 12,Finishing,WIP,400.7466666666667,0.0,pieces,0.7441215742765283,0.5985961870917003,0.8698045774842218,0.498753881940327,0.910073865241651
12__0,Team 12,Finishing,WIP,450.8400000000001,0.0,pieces,0.7459347384182798,0.599152546908813,0.8721182429663714,0.4986602755960617,0.910548684388897
12__0,Team 12,Finishing,WIP,500.9333333333334,0.0,pieces,0.747542028705737,0.5998391024834645,0.8744943513616054,0.4985765246765912,0.9120808689736515
12__0,Team 12,Finishing,WIP,551.0266666666668,0.0,pieces,0.7489840560500355,0.5996526871711685,0.8757660769594953,0.49940508855877375,0.9135704358657735
12__0,Team 12,Finishing,WIP,601.1200000000001,0.0,pieces,0.7502905978219616,0.5991245225752262,0.8776329161559827,0.5008989203337869,0.9149040336615095
12__0,Team 12,Finishing,WIP,651.2133333333335,0.0,pieces,0.7514841221008084,0.6004547798105347,0.8788850530974222,0.5005343646247916,0.9161145207405947
12__0,Team 12,Finishing,WIP,701.3066666666667,0.0,pieces,0.7525819893721828,0.6019322600979646,0.8803180863893566,0.49952196381821684,0.9175000035520112
12__0,Team 12,Finishing,WIP,751.4000000000001,0.0,pieces,0.7535978850280001,0.6030210455245965,0.8815138461943927,0.4990406131492617,0.9186337583362877
12__0,Team 12,Finishing,WIP,801.4933333333335,0.0,pieces,0.754542783695473,0.6037149986195387,0.8821802976795462,0.4995518239342781,0.9192613909949019
12__0,Team 12,Finishing,WIP,851.5866666666668,0.0,pieces,0.7554256174975484,0.6045699133007227,0.8834454078696343,0.4986056831124175,0.9200925159006731
12__0,Team 12,Finishing,WIP,901.6800000000002,0.0,pieces,0.7562537508588393,0.6054131837623737,0.8847375772809127,0.4978403799846022,0.9209238518711172
12__0,Team 12,Finishing,WIP,951.7733333333334,0.0,pieces,0.7570333252818177,0.6052654615106647,0.885700804158689,0.49775098029867043,0.9216910351313937
12__0,Team 12,Finishing,WIP,1001.8666666666668,0.0,pieces,0.7577695145385454,0.6051252714258971,0.886490409098616,0.49766616309171285,0.9224053908590166
12__0,Team 12,Finishing,WIP,1051.9600000000003,0.0,pieces,0.7584667167844766,0.6058586030705619,0.8871311051254243,0.4975854815280844,0.9229084352076892
12__0,Team 12,Finishing,WIP,1102.0533333333335,0.0,pieces,0.7591287013906935,0.6074399281623554,0.8877390541002989,0.497508551099937,0.9229608148388773
12__0,Team 12,Finishing,WIP,1152.1466666666668,0.0,pieces,0.7597587227028996,0.6074551606406912,0.8883904066390651,0.4974541720288727,0.9230096317455662
12__0,Team 12,Finishing,WIP,1202.2400000000002,0.0,pieces,0.760359609264944,0.6081990667098032,0.8895892836836828,0.49741764965089674,0.9234770979284166
12__0,Team 12,Finishing,WIP,1252.3333333333335,0.0,pieces,0.7609338345825515,0.6094450601178758,0.8904492934156365,0.4967860783774811,0.9240540501509747
12__0,Team 12,Finishing,WIP,1302.426666666667,0.0,pieces,0.7614835738194417,0.6096781848888037,0.8910859584428887,0.49623029459216583,0.9246046322047138
12__0,Team 12,Finishing,WIP,1352.5200000000002,0.0,pieces,0.7620107496467925,0.6098729060630289,0.8913363115444785,0.4952923104227217,0.9251309912116087
12__0,Team 12,Finishing,WIP,1402.6133333333335,0.0,pieces,0.7625170696394528,0.6099911972415478,0.8917211090753595,0.49589623118707993,0.9256350281810246
12__0,Team 12,Finishing,WIP,1452.706666666667,0.0,pieces,0.763004057018783,0.6101250322090662,0.8924947195729778,0.49669346878917914,0.9261184338284063
12__0,Team 12,Finishing,WIP,1502.8000000000002,0.0,pieces,0.7634730761108889,0.6099610199452695,0.8932359455427649,0.4966667543500898,0.9265042995886792
12__0,Team 12,Finishing,Workers,7.000000000000002,8.000000000000005,workers,0.7866998867531604,0.7551442224303794,0.8172467287341726,0.7367994581535228,0.8338071233584385
12__0,Team 12,Finishing,Workers,8.000000000000005,8.000000000000005,workers,0.7989538676831877,0.7691835266663176,0.8279548997671773,0.7512479783684709,0.8436281063613098
12__0,Team 12,Finishing,Workers,8.700000000000003,8.000000000000005,workers,0.806457267724707,0.7773488775112245,0.8350317235798013,0.758816974860004,0.8496721277471465
12__0,Team 12,Finishing,Workers,10.400000000000002,8.000000000000005,workers,0.8218748058274425,0.7941328460951702,0.8500465096310018,0.775734156433274,0.8614654088219343
12__0,Team 12,Finishing,Workers,12.100000000000003,8.000000000000005,workers,0.8343252872454164,0.8073797012219516,0.8613392549906269,0.7901580748791429,0.8724959738724831
12__0,Team 12,Finishing,Workers,13.800000000000004,8.000000000000005,workers,0.844642884678712,0.8177361195182316,0.8709406620673168,0.7992862783518309,0.8817967353171293
12__0,Team 12,Finishing,Workers,15.500000000000004,8.000000000000005,workers,0.8533674652462895,0.8266568213020169,0.8797359505445144,0.8092833121597242,0.8905126192878837
12__0,Team 12,Finishing,Workers,17.200000000000003,8.000000000000005,workers,0.8608657934600874,0.8335704952747023,0.8873167666627566,0.8177238352412886,0.8985458568962613
12__0,Team 12,Finishing,Workers,18.900000000000006,8.000000000000005,workers,0.867396833842501,0.8399802527892583,0.8938077563841362,0.8232517449734543,0.9050843125509866
12__0,Team 12,Finishing,Workers,20.600000000000005,8.000000000000005,workers,0.8731492774267632,0.8457009259328855,0.8993617919354852,0.8291609888009129,0.9109213927233248
12__0,Team 12,Finishing,Workers,22.300000000000004,8.000000000000005,workers,0.878264254879242,0.8509728539814008,0.904221662574133,0.8347881036398985,0.9153496167059311
12__0,Team 12,Finishing,Workers,24.000000000000007,8.000000000000005,workers,0.8828496841027936,0.8554839079154218,0.909114618032331,0.8396081936632473,0.9201301950367122
12__0,Team 12,Finishing,Workers,25.700000000000003,8.000000000000005,workers,0.8869896644867218,0.8595267524932609,0.9133741754751468,0.8438660896817602,0.924166505765957
12__0,Team 12,Finishing,Workers,27.400000000000006,8.000000000000005,workers,0.8907508188152807,0.8632679077809434,0.917178057309618,0.8475267255227267,0.9271497754707593
12__0,Team 12,Finishing,Workers,29.10000000000001,8.000000000000005,workers,0.8941866890092692,0.8667703566653832,0.9204441197364367,0.8509903307445618,0.9302205045894548
12__0,Team 12,Finishing,Workers,30.800000000000004,8.000000000000005,workers,0.8973408538215176,0.8700240867267764,0.9236280011422626,0.8540715312266819,0.9335688168075947
12__0,Team 12,Finishing,Workers,32.50000000000001,8.000000000000005,workers,0.9002491852952571,0.8728666816981551,0.9263057783546081,0.8571988959094753,0.9360380639017672
12__0,Team 12,Finishing,Workers,34.20000000000001,8.000000000000005,workers,0.9029415114925526,0.875691833240953,0.9289278495245356,0.8599925417690873,0.9386440538444685
12__0,Team 12,Finishing,Workers,35.900000000000006,8.000000000000005,workers,0.9054428615379,0.8781283687196,0.9313244153694962,0.8620159050818604,0.9413248662849146
12__0,Team 12,Finishing,Workers,37.60000000000001,8.000000000000005,workers,0.9077744114486853,0.8803503311871035,0.9334697217899589,0.8647739348912046,0.9433879554913682
12__0,Team 12,Finishing,Workers,39.300000000000004,8.000000000000005,workers,0.9099542120929444,0.8824826237421319,0.9354191481470664,0.8665642485913554,0.945292758647518
12__0,Team 12,Finishing,Workers,41.00000000000001,8.000000000000005,workers,0.9119977561399522,0.884436955767597,0.9372306579990232,0.8686277448122377,0.947067983826943
12__0,Team 12,Finishing,Workers,42.70000000000001,8.000000000000005,workers,0.913918424415655,0.8865294411137893,0.938827990797829,0.8706044547651597,0.9489054741762635
12__0,Team 12,Finishing,Workers,44.400000000000006,8.000000000000005,workers,0.9157278408144364,0.8884839573141485,0.9406208972215545,0.8723670643748115,0.9502496759127911
12__0,Team 12,Finishing,Workers,46.10000000000001,8.000000000000005,workers,0.9174361570852078,0.8901831504218424,0.9423034487228543,0.873974855345585,0.9516743693318696
12__0,Team 12,Finishing,Workers,47.80000000000001,8.000000000000005,workers,0.9190522832783933,0.8918686155602106,0.943900919369411,0.8754544765174744,0.9530348798574939
12__0,Team 12,Finishing,Workers,49.50000000000001,8.000000000000005,workers,0.9205840756804096,0.8935363854155953,0.9454025105706723,0.8769786053166957,0.9544384512702265
12__0,Team 12,Finishing,Workers,51.20000000000001,8.000000000000005,workers,0.9220384911909154,0.8950325199465322,0.9467087813929987,0.8785113101539814,0.9558048787997325
12__0,Team 12,Finishing,Workers,52.90000000000001,8.000000000000005,workers,0.9234217149917402,0.8963468618572059,0.9480014145854149,0.8799309162551332,0.9570857164991811
12__0,Team 12,Finishing,Workers,54.60000000000001,8.000000000000005,workers,0.9247392667940325,0.8975448883093206,0.9491133490409498,0.8811349602362706,0.9581630770163123
12__0,Team 12,Finishing,Workers,56.30000000000001,8.000000000000005,workers,0.9259960897796462,0.8990738209170711,0.9501762505669452,0.8824962001016099,0.9590878369169054
12__0,Team 12,Finishing,Workers,58.000000000000014,8.000000000000005,workers,0.9271966254672818,0.9005930738989475,0.9511839944808201,0.8835622616341023,0.9602122685945732
12__0,Team 12,Finishing,Overtime,960.0,2159.9999999999973,min,0.8028904625609841,0.7729521888085598,0.8314292379803059,0.7553631149393331,0.8463140274175757
12__0,Team 12,Finishing,Overtime,1273.6,2159.9999999999973,min,0.801526374683691,0.7716121409089042,0.8305639850871197,0.7537588052007657,0.8453771992126153
12__0,Team 12,Finishing,Overtime,1587.2,2159.9999999999973,min,0.8004580887324689,0.7708304357372596,0.8295010292361825,0.7526662321530246,0.8446399356234774
12__0,Team 12,Finishing,Overtime,1900.8000000000002,2159.9999999999973,min,0.7995791497543389,0.7698400140901825,0.8286671233848429,0.7518272199724968,0.8440483036046654
12__0,Team 12,Finishing,Overtime,2159.9999999999973,2159.9999999999973,min,0.7989538676831877,0.7691835266663176,0.8279548997671773,0.7512479783684709,0.8436281063613098
12__0,Team 12,Finishing,Overtime,2214.4,2159.9999999999973,min,0.7988319987558864,0.7690041655461147,0.8277833247699958,0.7511300161469406,0.8435462363792583
12__0,Team 12,Finishing,Overtime,2528.0,2159.9999999999973,min,0.7981819435753597,0.7683069502481683,0.8272250170712863,0.7505012187169003,0.8431094440203186
12__0,Team 12,Finishing,Overtime,2841.6000000000004,2159.9999999999973,min,0.7976064400099067,0.7677014727174496,0.8267783535880755,0.7494992793677976,0.8424748450510934
12__0,Team 12,Finishing,Overtime,3155.2000000000003,2159.9999999999973,min,0.7970900028358691,0.7672159942615572,0.826359005002615,0.7487193814788975,0.8417249268069529
12__0,Team 12,Finishing,Overtime,3468.8,2159.9999999999973,min,0.7966215322343605,0.7667210182892924,0.8259586948009241,0.7483166409359766,0.8412738594546969
12__0,Team 12,Finishing,Overtime,3782.4,2159.9999999999973,min,0.7961927979440998,0.7662453938452218,0.8256124831248394,0.7478283439351537,0.8409899486396232
12__0,Team 12,Finishing,Overtime,4096.0,2159.9999999999973,min,0.7957975269927577,0.7657285030207959,0.8253565322236082,0.7470264301499646,0.8407275159457307
12__0,Team 12,Finishing,Overtime,4409.6,2159.9999999999973,min,0.7954308276498281,0.7652654436026922,0.8251361772742641,0.7463443707638475,0.8404832164782914
12__0,Team 12,Finishing,Overtime,4723.200000000001,2159.9999999999973,min,0.7950888109953678,0.7648505630108596,0.8248065742622683,0.745623447528914,0.8402554317590466
12__0,Team 12,Finishing,Overtime,5036.8,2159.9999999999973,min,0.7947683339155037,0.7645593629304812,0.8244939267768066,0.7452180826382283,0.8400420541788045
12__0,Team 12,Finishing,Overtime,5350.400000000001,2159.9999999999973,min,0.7944668195557566,0.7641610525561978,0.8242187428736276,0.7448442049838587,0.8398413563828255
12__0,Team 12,Finishing,Overtime,5664.0,2159.9999999999973,min,0.7941821287911827,0.7637563988076327,0.824034347738792,0.7444941836712531,0.8396519048679663
12__0,Team 12,Finishing,Overtime,5977.6,2159.9999999999973,min,0.7939124662413384,0.7634427053614997,0.823817574552417,0.7441883369979329,0.8394724968218067
12__0,Team 12,Finishing,Overtime,6291.200000000001,2159.9999999999973,min,0.7936563102492599,0.7631687547554592,0.8235536014126829,0.7438402936022263,0.8393021130800152
12__0,Team 12,Finishing,Overtime,6604.8,2159.9999999999973,min,0.7934123598429571,0.7627779519788462,0.8233532564365722,0.7435319891146699,0.8391711330219876
12__0,Team 12,Finishing,Overtime,6918.400000000001,2159.9999999999973,min,0.7931794939621079,0.762564440494059,0.8232093302519644,0.7432377584477231,0.8390501970028971
12__0,Team 12,Finishing,Overtime,7232.0,2159.9999999999973,min,0.7929567396945963,0.7623251809519748,0.8230321535328128,0.7428289040869104,0.8389345531880932
12__0,Team 12,Finishing,Overtime,7545.6,2159.9999999999973,min,0.792743247233228,0.7621372793499169,0.8229092572223982,0.7424356273869247,0.8388237550562443
12__0,Team 12,Finishing,Overtime,7859.200000000001,2159.9999999999973,min,0.7925382699146933,0.7620815720140536,0.8228008683416089,0.7420631641457979,0.8387030809941975
12__0,Team 12,Finishing,Overtime,8172.8,2159.9999999999973,min,0.7923411481505396,0.7619950032792578,0.8226966714989494,0.7417098361729156,0.8386188873985426
12__0,Team 12,Finishing,Overtime,8486.400000000001,2159.9999999999973,min,0.7921512963731152,0.7617838951473463,0.8225963527655984,0.741522861541211,0.8385237620157583
12__0,Team 12,Finishing,Overtime,8800.0,2159.9999999999973,min,0.7919681923417563,0.7615184196979368,0.8224935935932167,0.7414967775328445,0.8384320451995396
12__0,Team 12,Finishing,Overtime,9113.6,2159.9999999999973,min,0.7917913683146872,0.7612371326604938,0.8223174591167094,0.7414715993934222,0.8383434996954215
12__0,Team 12,Finishing,Overtime,9427.2,2159.9999999999973,min,0.7916204037089299,0.7609731504450649,0.8221727307845889,0.7412985761338011,0.8382579122354396
12__0,Team 12,Finishing,Overtime,9740.800000000001,2159.9999999999973,min,0.7914549189568586,0.7607798528929464,0.822084131125746,0.741031792279461,0.8381750904069567
12__0,Team 12,Finishing,Overtime,10054.400000000001,2159.9999999999973,min,0.7912945703325821,0.7606080191825553,0.8219983060261604,0.7407194213180163,0.8380940037870171
12__0,Team 12,Finishing,Overtime,10368.0,2159.9999999999973,min,0.7911390455698643,0.7604413803320517,0.821915086030566,0.7404394077664117,0.8380141990304102
12__0,Team 12,Finishing,SMV,1.8999999999999997,3.599999999999999,,0.8223001890361193,0.7947822523423732,0.8502148701245915,0.7767701577460431,0.862926437740194
12__0,Team 12,Finishing,SMV,2.806666666666666,3.599999999999999,,0.8088178199767643,0.7803675355094088,0.837266245385866,0.7622931173283999,0.8512846306179291
12__0,Team 12,Finishing,SMV,3.599999999999999,3.599999999999999,,0.7989538676831877,0.7691835266663176,0.8279548997671773,0.7512479783684709,0.8436281063613098
12__0,Team 12,Finishing,SMV,3.713333333333333,3.599999999999999,,0.7976567459331786,0.767752066598428,0.8266255889825035,0.7494501506120721,0.8423150421010392
12__0,Team 12,Finishing,SMV,4.619999999999999,3.599999999999999,,0.7880842272175025,0.7567433512258019,0.8191038045808648,0.7367043627799351,0.8348212143516259
12__0,Team 12,Finishing,SMV,5.526666666666666,3.599999999999999,,0.7796755245984335,0.7459116148333305,0.8116440549671593,0.7273935247368758,0.8292632193809693
12__0,Team 12,Finishing,SMV,6.433333333333333,3.599999999999999,,0.7721604606359097,0.7368234755091172,0.8055583178780584,0.7176443449077545,0.8230965257563242
12__0,Team 12,Finishing,SMV,7.339999999999999,3.599999999999999,,0.7653555996837049,0.7289882893612586,0.8003163384132882,0.7078612691353314,0.8173059905792136
12__0,Team 12,Finishing,SMV,8.246666666666666,3.599999999999999,,0.7591302201765584,0.7212106849480185,0.7958613160506872,0.7015044211095656,0.8126001038148498
12__0,Team 12,Finishing,SMV,9.153333333333332,3.599999999999999,,0.7533876101783872,0.7142940630819109,0.7913360988208138,0.693630250699009,0.8080976964752584
12__0,Team 12,Finishing,SMV,10.06,3.599999999999999,,0.7480540489248962,0.7067913554855121,0.7876748010862913,0.6850748991525409,0.8044048302752965
12__0,Team 12,Finishing,SMV,10.966666666666667,3.599999999999999,,0.7430719526623871,0.7008346939780237,0.784608761559486,0.6773037091854992,0.8019819101063923
12__0,Team 12,Finishing,SMV,11.873333333333333,3.599999999999999,,0.7383954188386219,0.6945990006379535,0.7809605210553062,0.6715818590983369,0.7991901834224633
12__0,Team 12,Finishing,SMV,12.78,3.599999999999999,,0.7339872219610241,0.689472630952515,0.7775262083683591,0.6649961487252459,0.7968623513494482
12__0,Team 12,Finishing,SMV,13.686666666666666,3.599999999999999,,0.729816725147778,0.6841953636301521,0.7750059764398562,0.659685257313729,0.7940151720571573
12__0,Team 12,Finishing,SMV,14.593333333333334,3.599999999999999,,0.725858389785225,0.679115211218766,0.7721265026547353,0.6541782616132168,0.7919057473282278
12__0,Team 12,Finishing,SMV,15.5,3.599999999999999,,0.7220906876991547,0.6742559146723562,0.7697588505260953,0.6487310933032208,0.789928732682486
12__0,Team 12,Finishing,SMV,16.406666666666666,3.599999999999999,,0.7184952913150927,0.6697628680881043,0.7679183237558002,0.6436890810952592,0.7880316442377335
12__0,Team 12,Finishing,SMV,17.313333333333333,3.599999999999999,,0.715056460207625,0.6652389989376629,0.7654215511266198,0.6383484819412975,0.7862018369061968
12__0,Team 12,Finishing,SMV,18.22,3.599999999999999,,0.7117605691958352,0.6605980125121511,0.7631790310664666,0.6337502600515906,0.7844322826230975
12__0,Team 12,Finishing,SMV,19.126666666666665,3.599999999999999,,0.7085957402897233,0.656458419240157,0.7609771217809169,0.6295592810728045,0.7826000918201129
12__0,Team 12,Finishing,SMV,20.03333333333333,3.599999999999999,,0.7055515520557826,0.6520832341519709,0.7584639279015668,0.6254323958860599,0.7812164880654314
12__0,Team 12,Finishing,SMV,20.939999999999998,3.599999999999999,,0.7026188075323286,0.6482497551490757,0.7564311725045723,0.6208299206563775,0.7800040557163666
12__0,Team 12,Finishing,SMV,21.846666666666664,3.599999999999999,,0.6997893470041381,0.644035080512919,0.7543927289523206,0.617051976961672,0.7789405419492451
12__0,Team 12,Finishing,SMV,22.75333333333333,3.599999999999999,,0.6970558955565876,0.6403089307946286,0.7524118035499502,0.6129019546070813,0.7775274174158003
12__0,Team 12,Finishing,SMV,23.659999999999997,3.599999999999999,,0.6944119378877625,0.6364195110026469,0.7503283708653347,0.6085157211020328,0.7761611527012843
12__0,Team 12,Finishing,SMV,24.566666666666663,3.599999999999999,,0.691851614696976,0.6327997533299282,0.74824319348098,0.6042712365611411,0.7748356811636522
12__0,Team 12,Finishing,SMV,25.47333333333333,3.599999999999999,,0.6893696363092597,0.6294239764738889,0.7463450854606449,0.6001797485715764,0.7735496368625528
12__0,Team 12,Finishing,SMV,26.38,3.599999999999999,,0.6869612101854008,0.6262924556158652,0.7447016829425818,0.5967006850174632,0.7723019839960149
12__0,Team 12,Finishing,SMV,27.286666666666665,3.599999999999999,,0.6846219797064508,0.6229277593676237,0.7430035886216423,0.593752417534262,0.7712985343142956
12__0,Team 12,Finishing,SMV,28.19333333333333,3.599999999999999,,0.6823479721793934,0.6196640127693326,0.7416990700069924,0.5905181486968405,0.7704126847554362
12__0,Team 12,Finishing,SMV,29.099999999999998,3.599999999999999,,0.6801355544360498,0.6166208817653129,0.7404303443333945,0.5874314023091777,0.7696232938485571
12__0,Team 12,Finishing,Style Changes,0.0,0.0,,0.7989538676831877,0.7691835266663176,0.8279548997671773,0.7512479783684709,0.8436281063613098
12__0,Team 12,Finishing,Style Changes,1.0,0.0,,0.809987533384417,0.7801847858226625,0.8385402644252317,0.7612555791028829,0.8539863906989329
12__0,Team 12,Finishing,Style Changes,2.0,0.0,,0.8204011984623952,0.7883924468939099,0.8509450962226691,0.7693315577026679,0.8668280333178507
12__1,Team 12,Sewing,Incentive,0.0,63.000000000000036,BDT,0.6388879636436043,0.5919582055740445,0.6874662829432489,0.5670480405879358,0.7140815525605927
12__1,Team 12,Sewing,Incentive,2.9333333333333327,63.000000000000036,BDT,0.6465354297046894,0.6064897891475285,0.6852430921748778,0.5826380488720788,0.7029440782820577
12__1,Team 12,Sewing,Incentive,5.866666666666665,63.000000000000036,BDT,0.6562654578603991,0.6208026213366427,0.690121166146095,0.5993479955200927,0.7069527160160698
12__1,Team 12,Sewing,Incentive,8.799999999999997,63.000000000000036,BDT,0.6624027082404966,0.6287124536299716,0.6932529158200625,0.6091581149611285,0.709493805745249
12__1,Team 12,Sewing,Incentive,11.73333333333333,63.000000000000036,BDT,0.6668814726060466,0.6351673494093774,0.6962230208219999,0.6149975363753257,0.7113670395062265
12__1,Team 12,Sewing,Incentive,14.666666666666664,63.000000000000036,BDT,0.6704032667502814,0.6394776486054251,0.699246553588814,0.6205074862499724,0.7134845936612537
12__1,Team 12,Sewing,Incentive,17.599999999999994,63.000000000000036,BDT,0.6733022097770058,0.6429380628398397,0.7012817415558578,0.6255250742927495,0.7148097156206141
12__1,Team 12,Sewing,Incentive,20.533333333333328,63.000000000000036,BDT,0.6757636057143283,0.6462345731669158,0.7033100343652935,0.6284931177378943,0.7165122432715298
12__1,Team 12,Sewing,Incentive,23.46666666666666,63.000000000000036,BDT,0.6794643510428497,0.6508787641017635,0.7061322080488456,0.6339996942517979,0.718185929288498
12__1,Team 12,Sewing,Incentive,26.399999999999995,63.000000000000036,BDT,0.6898218958910434,0.6654929357727132,0.7123745461281226,0.6509628360954779,0.7240025588616609
12__1,Team 12,Sewing,Incentive,29.33333333333333,63.000000000000036,BDT,0.6987939606076974,0.6764419070755925,0.7198831488579651,0.6640379049670576,0.730939341885601
12__1,Team 12,Sewing,Incentive,32.26666666666666,63.000000000000036,BDT,0.7074066892797863,0.6867549172377129,0.7267990005736898,0.6751440146385943,0.737888785171733
12__1,Team 12,Sewing,Incentive,35.19999999999999,63.000000000000036,BDT,0.7161996673008127,0.6965029860723346,0.7346644736150574,0.6850002921578134,0.7451214997188791
12__1,Team 12,Sewing,Incentive,38.133333333333326,63.000000000000036,BDT,0.7254377192748114,0.7065241770834768,0.7434006694071597,0.694491966368545,0.7529931245155006
12__1,Team 12,Sewing,Incentive,41.066666666666656,63.000000000000036,BDT,0.7352249149200812,0.7171911213993489,0.7525149283294892,0.7049645017826772,0.7620219266697106
12__1,Team 12,Sewing,Incentive,43.99999999999999,63.000000000000036,BDT,0.7455692285440901,0.7280451789656319,0.7623200442532689,0.7167843874367866,0.7710114836343873
12__1,Team 12,Sewing,Incentive,46.93333333333332,63.000000000000036,BDT,0.7564209471032896,0.739795037180609,0.7729549211572238,0.7287089653769704,0.7806982062239686
12__1,Team 12,Sewing,Incentive,49.86666666666665,63.000000000000036,BDT,0.7676964570727417,0.7516588021269454,0.7836577004021185,0.7413311091792661,0.7912775018803975
12__1,Team 12,Sewing,Incentive,52.79999999999999,63.000000000000036,BDT,0.7792935510093423,0.763837689248656,0.7944165353315275,0.7540419317951775,0.8021091908833722
12__1,Team 12,Sewing,Incentive,55.73333333333332,63.000000000000036,BDT,0.7911016228888722,0.7764502453981439,0.8056915685524179,0.7667834414159012,0.8131221549089925
12__1,Team 12,Sewing,Incentive,58.66666666666666,63.000000000000036,BDT,0.8030086558540881,0.7889342444929953,0.817356860842346,0.7794900749077227,0.8246573582960167
12__1,Team 12,Sewing,Incentive,61.59999999999999,63.000000000000036,BDT,0.8149061020673353,0.801346277759528,0.8289060642222112,0.792303190090364,0.8353736091454582
12__1,Team 12,Sewing,Incentive,63.000000000000036,63.000000000000036,BDT,0.8205479875630075,0.8073560358307488,0.8342222595704876,0.7981238621965783,0.8405581192844291
12__1,Team 12,Sewing,Incentive,64.53333333333332,63.000000000000036,BDT,0.8266672134178408,0.8137024522848423,0.8401623456423037,0.8043564833516158,0.846369636176559
12__1,Team 12,Sewing,Incentive,67.46666666666665,63.000000000000036,BDT,0.8381033460095227,0.8249371285649907,0.8513030731953066,0.8169108889012979,0.857041131258032
12__1,Team 12,Sewing,Incentive,69.5,63.000000000000036,BDT,0.8457594768493162,0.8326372244152175,0.8585883849039311,0.8254240510175723,0.8642517914035319
12__1,Team 12,Sewing,Incentive,70.39999999999998,63.000000000000036,BDT,0.8490660658219255,0.8360443272928257,0.8617512424267371,0.8289498987011773,0.8673033000389687
12__1,Team 12,Sewing,Incentive,73.33333333333331,63.000000000000036,BDT,0.8594598708716781,0.8466521936761011,0.871742922572137,0.8397749181626385,0.8769887166639462
12__1,Team 12,Sewing,Incentive,76.26666666666665,63.000000000000036,BDT,0.8692298549826442,0.8566506878955183,0.8811428616858457,0.8498090327505157,0.8864430316558449
12__1,Team 12,Sewing,Incentive,79.19999999999999,63.000000000000036,BDT,0.8783515956952829,0.8661292831124645,0.8899235710424805,0.8596212745763555,0.8949772131410325
12__1,Team 12,Sewing,Incentive,82.13333333333331,63.000000000000036,BDT,0.8868229964527681,0.8748426500575434,0.8981403578402491,0.8685147682851514,0.9029845418983791
12__1,Team 12,Sewing,Incentive,85.06666666666665,63.000000000000036,BDT,0.8946578135454673,0.883074581810765,0.9055481737316148,0.8766400197606653,0.9105712828898714
12__1,Team 12,Sewing,Incentive,87.99999999999999,63.000000000000036,BDT,0.9018806069471629,0.8907536483956656,0.9124824549079033,0.8842413296808709,0.9177368681157878
12__1,Team 12,Sewing,WIP,0.0,470.0,pieces,0.6121282186834465,0.503916158906655,0.7171676078985777,0.44812192647704147,0.7682897051158045
12__1,Team 12,Sewing,WIP,50.09333333333334,470.0,pieces,0.7568581248594656,0.7189488299783026,0.7939584658963413,0.6948531871416838,0.8113790983327697
12__1,Team 12,Sewing,WIP,100.18666666666668,470.0,pieces,0.7780386013995462,0.7490608533350243,0.8064059824082956,0.7305975615947764,0.8193904186370133
12__1,Team 12,Sewing,WIP,150.28000000000003,470.0,pieces,0.7898496563335723,0.7655051740528531,0.8136307043181441,0.7516421069753114,0.82473879747166
12__1,Team 12,Sewing,WIP,200.37333333333336,470.0,pieces,0.7979507955314907,0.7768574837211912,0.8192529261521249,0.7656025178466497,0.8278664278677794
12__1,Team 12,Sewing,WIP,250.4666666666667,470.0,pieces,0.8040706653410973,0.7852085809384152,0.8229871259166113,0.7747435594487014,0.8310194926488318
12__1,Team 12,Sewing,WIP,300.56000000000006,470.0,pieces,0.8089633243051662,0.7915782271408909,0.8259102177705161,0.781996814578477,0.8335741404579158
12__1,Team 12,Sewing,WIP,350.65333333333336,470.0,pieces,0.8130240029863894,0.797203381627548,0.8286353624563959,0.7875147846114238,0.8357464557748232
12__1,Team 12,Sewing,WIP,400.7466666666667,470.0,pieces,0.8164850593906368,0.8019488590647521,0.8313952396919352,0.7925193024003381,0.8378499703057691
12__1,Team 12,Sewing,WIP,450.8400000000001,470.0,pieces,0.8194943706892835,0.8059860508412654,0.8334381318934668,0.7965297800957222,0.8399508305920302
12__1,Team 12,Sewing,WIP,470.0,470.0,pieces,0.8205479875630075,0.8073560358307488,0.8342222595704876,0.7981238621965783,0.8405581192844291
12__1,Team 12,Sewing,WIP,500.9333333333334,470.0,pieces,0.8221516982736169,0.8093497613349386,0.8353668467833288,0.8006802433533411,0.8415559352480319
12__1,Team 12,Sewing,WIP,551.0266666666668,470.0,pieces,0.8245274248993479,0.8122121852764269,0.8372695500665056,0.8040746029677126,0.8431036514601481
12__1,Team 12,Sewing,WIP,601.1200000000001,470.0,pieces,0.8266730011916177,0.814442931791318,0.8391647325281753,0.8064534864245835,0.844689713687521
12__1,Team 12,Sewing,WIP,651.2133333333335,470.0,pieces,0.8286271400490981,0.816679570340355,0.8410580038033865,0.8094176663990373,0.8461931153419986
12__1,Team 12,Sewing,WIP,701.3066666666667,470.0,pieces,0.830419676423445,0.8186766323015904,0.842737470948849,0.8116835360500048,0.847603780862129
12__1,Team 12,Sewing,WIP,751.4000000000001,470.0,pieces,0.8320740725849558,0.8206570880873395,0.8441371799117768,0.8139128147460112,0.8490052427729508
12__1,Team 12,Sewing,WIP,801.4933333333335,470.0,pieces,0.8336091008314165,0.8223314960664988,0.8455633315671176,0.8153338917978449,0.8503942941247412
12__1,Team 12,Sewing,WIP,851.5866666666668,470.0,pieces,0.8350400071176377,0.8236534949700334,0.8471447530974099,0.8168777396080051,0.8516130933141702
12__1,Team 12,Sewing,WIP,901.6800000000002,470.0,pieces,0.8363793361871814,0.8250396590613231,0.8484634845016925,0.8186011460023382,0.8527547782190601
12__1,Team 12,Sewing,WIP,951.7733333333334,470.0,pieces,0.8376375296110307,0.826414265611764,0.849517271291926,0.819960415952929,0.8539884445602494
12__1,Team 12,Sewing,WIP,1001.8666666666668,470.0,pieces,0.8388233676478957,0.8275807477724416,0.8506050833486193,0.8210389618777559,0.8553114546172726
12__1,Team 12,Sewing,WIP,1051.9600000000003,470.0,pieces,0.8399443013225326,0.8287101664832587,0.8517605699305635,0.8221666615145925,0.8564199481583957
12__1,Team 12,Sewing,WIP,1102.0533333333335,470.0,pieces,0.8410067058222634,0.829750639032437,0.8527769304930845,0.8229280454657221,0.8576160493012266
12__1,Team 12,Sewing,WIP,1152.1466666666668,470.0,pieces,0.8420160765133875,0.830557437277059,0.8535817820773755,0.8240066044881414,0.8585665646538285
12__1,Team 12,Sewing,WIP,1202.2400000000002,470.0,pieces,0.8429771824529182,0.8313574799887082,0.8543792561596003,0.8250266312278651,0.8597090620249491
12__1,Team 12,Sewing,WIP,1252.3333333333335,470.0,pieces,0.8438941879662207,0.8322093778919027,0.8553687309995263,0.8254746971769988,0.8608572554262298
12__1,Team 12,Sewing,WIP,1302.426666666667,470.0,pieces,0.8447707499218158,0.8331233361283703,0.8562891573586573,0.8264779268949844,0.8620015616290905
12__1,Team 12,Sewing,WIP,1352.5200000000002,470.0,pieces,0.8456100962924149,0.8339584350619094,0.8572706693599138,0.827369703953065,0.8627764123496934
12__1,Team 12,Sewing,WIP,1402.6133333333335,470.0,pieces,0.8464150901499432,0.8346299576815234,0.8580857554835147,0.8280798211689319,0.8637313407539143
12__1,Team 12,Sewing,WIP,1452.706666666667,470.0,pieces,0.8471882822100018,0.8352080862708745,0.8588400380977357,0.8287418530521744,0.8645446120321338
12__1,Team 12,Sewing,WIP,1502.8000000000002,470.0,pieces,0.847931954292145,0.8359022799626126,0.8597336943729427,0.8293836991714594,0.8653719919639427
12__1,Team 12,Sewing,Workers,7.000000000000002,33.00000000000001,workers,0.7345168661978618,0.6657925518962842,0.8004701733076639,0.6211534271408052,0.8256892929940802
12__1,Team 12,Sewing,Workers,8.700000000000003,33.00000000000001,workers,0.7475798017532324,0.6896051518261431,0.8040105236298035,0.650732767905458,0.8275424170403703
12__1,Team 12,Sewing,Workers,10.400000000000002,33.00000000000001,workers,0.7581738613437085,0.7079756515900316,0.8069359687686753,0.6750465557043971,0.8276266101250817
12__1,Team 12,Sewing,Workers,12.100000000000003,33.00000000000001,workers,0.7670217000415789,0.7240492349233034,0.8091257882159163,0.6971166773209646,0.8275068456839124
12__1,Team 12,Sewing,Workers,13.800000000000004,33.00000000000001,workers,0.774575385519644,0.7374502196479182,0.8109776302768396,0.7136423705133982,0.8280995059588601
12__1,Team 12,Sewing,Workers,15.500000000000004,33.00000000000001,workers,0.781135471785123,0.7485499610259189,0.8131835205300245,0.728881999133675,0.8287445673220238
12__1,Team 12,Sewing,Workers,17.200000000000003,33.00000000000001,workers,0.7869112867954138,0.7582383084870526,0.8152627926598415,0.7406080818140592,0.8288645403097301
12__1,Team 12,Sewing,Workers,18.900000000000006,33.00000000000001,workers,0.7920540756633692,0.7662297423197023,0.817384678567809,0.7530366114964742,0.8292438996783292
12__1,Team 12,Sewing,Workers,20.600000000000005,33.00000000000001,workers,0.7966764220878101,0.7738139267968535,0.8191002532711166,0.7613164647279747,0.8297430751933941
12__1,Team 12,Sewing,Workers,22.300000000000004,33.00000000000001,workers,0.8008642255056339,0.7807088399474917,0.8212347920032615,0.7695120502703331,0.829912360456987
12__1,Team 12,Sewing,Workers,24.000000000000007,33.00000000000001,workers,0.8046844033750197,0.7868677461261664,0.8233687476217649,0.7771362684089081,0.8307154709630484
12__1,Team 12,Sewing,Workers,25.700000000000003,33.00000000000001,workers,0.808190020925629,0.7918235670426836,0.8250391787772603,0.7821488906179438,0.8324882942314731
12__1,Team 12,Sewing,Workers,27.400000000000006,33.00000000000001,workers,0.8114238107461781,0.7963748785234679,0.8265458273904648,0.7866846152426163,0.833945618326088
12__1,Team 12,Sewing,Workers,29.10000000000001,33.00000000000001,workers,0.814420650230482,0.7998844226989287,0.8288416763765823,0.7912296190417427,0.8353943234877674
12__1,Team 12,Sewing,Workers,30.800000000000004,33.00000000000001,workers,0.8172093447341957,0.8033618703569748,0.8310222994390565,0.7947845244674816,0.8373541208822206
12__1,Team 12,Sewing,Workers,32.50000000000001,33.00000000000001,workers,0.8198139363702164,0.8066241733328081,0.8335968142206446,0.797716464345285,0.8396769951666593
12__1,Team 12,Sewing,Workers,33.00000000000001,33.00000000000001,workers,0.8205479875630075,0.8073560358307488,0.8342222595704876,0.7981238621965783,0.8405581192844291
12__1,Team 12,Sewing,Workers,34.20000000000001,33.00000000000001,workers,0.8222546814254966,0.8084486187143679,0.8357186237451294,0.7993640963707797,0.8421283304789161
12__1,Team 12,Sewing,Workers,35.900000000000006,33.00000000000001,workers,0.8245487916747694,0.8105043344615861,0.8383041853392744,0.8017252354976153,0.8447709256219266
12__1,Team 12,Sewing,Workers,37.60000000000001,33.00000000000001,workers,0.826711004482843,0.8124064863884508,0.8407270239113662,0.8031251825541157,0.8478428549299855
12__1,Team 12,Sewing,Workers,39.300000000000004,33.00000000000001,workers,0.8287540267683425,0.8139977756400686,0.843468790378763,0.8041384466729938,0.8504726408470524
12__1,Team 12,Sewing,Workers,41.00000000000001,33.00000000000001,workers,0.8306888846939139,0.8153272519246526,0.8458174449929209,0.8053439828617727,0.8532340495037712
12__1,Team 12,Sewing,Workers,42.70000000000001,33.00000000000001,workers,0.8325252019738889,0.8167508073197206,0.8481644095081855,0.8055461220500983,0.8554521475371331
12__1,Team 12,Sewing,Workers,44.400000000000006,33.00000000000001,workers,0.8342714234851464,0.8178672494135515,0.8504900124427753,0.8060788214056854,0.8583096281895577
12__1,Team 12,Sewing,Workers,46.10000000000001,33.00000000000001,workers,0.8359349965067353,0.8188613632717854,0.8528279774903915,0.8066056065539169,0.8606900606232365
12__1,Team 12,Sewing,Workers,47.80000000000001,33.00000000000001,workers,0.8375225188051104,0.81982145380778,0.8548067299138394,0.8073050099199214,0.8629594112434404
12__1,Team 12,Sewing,Workers,49.50000000000001,33.00000000000001,workers,0.8390398605353074,0.8208015168864464,0.8569078737364498,0.8077408661619703,0.8650006912655446
12__1,Team 12,Sewing,Workers,51.20000000000001,33.00000000000001,workers,0.840492265284514,0.8213400993433616,0.8593382502455041,0.8079388650647122,0.8669079558531986
12__1,Team 12,Sewing,Workers,52.90000000000001,33.00000000000001,workers,0.8418844343678935,0.8220205340587854,0.8612007426832171,0.8086581663476161,0.8693666473754393
12__1,Team 12,Sewing,Workers,54.60000000000001,33.00000000000001,workers,0.8432205975763651,0.8225780177219035,0.8629855587775952,0.8095134612226254,0.8712359213930774
12__1,Team 12,Sewing,Workers,56.30000000000001,33.00000000000001,workers,0.844504572888373,0.8233571128717608,0.8648328687657644,0.8100433908780649,0.8733909550804938
12__1,Team 12,Sewing,Workers,58.000000000000014,33.00000000000001,workers,0.8457398171333452,0.8240851452212792,0.8665793106722768,0.810345690795343,0.8753164649204624
12__1,Team 12,Sewing,Overtime,960.0,4080.0000000000036,min,0.8269523578127856,0.813627322329937,0.8407022458991061,0.8047365137696056,0.8465992357195875
12__1,Team 12,Sewing,Overtime,1273.6,4080.0000000000036,min,0.8257186796969577,0.8121839276200034,0.8393481445464772,0.8034645226425677,0.845268795397172
12__1,Team 12,Sewing,Overtime,1587.2,4080.0000000000036,min,0.8247520682642218,0.8111785473745925,0.8382938590915577,0.8024606702722465,0.8445376748236355
12__1,Team 12,Sewing,Overtime,1900.8000000000002,4080.0000000000036,min,0.8239564814597009,0.8105080768100588,0.8375889708308054,0.8016373517645485,0.8438268259365892
12__1,Team 12,Sewing,Overtime,2214.4,4080.0000000000036,min,0.8232799705288673,0.8099448643479692,0.8368283044260828,0.8009698316110947,0.8431591114609903
12__1,Team 12,Sewing,Overtime,2528.0,4080.0000000000036,min,0.8226912148898772,0.8094709586069124,0.8362636068607466,0.8005308059404549,0.8425455463387196
12__1,Team 12,Sewing,Overtime,2841.6000000000004,4080.0000000000036,min,0.822169855867825,0.808989717817794,0.8357319238993515,0.7999927528448603,0.8420320286780084
12__1,Team 12,Sewing,Overtime,3155.2000000000003,4080.0000000000036,min,0.8217019061778547,0.8086079424681314,0.8353452313689866,0.7994781888779596,0.841436512508344
12__1,Team 12,Sewing,Overtime,3468.8,4080.0000000000036,min,0.8212773376478828,0.8081715526257827,0.834939424852742,0.7989598744013885,0.8412676558187722
12__1,Team 12,Sewing,Overtime,3782.4,4080.0000000000036,min,0.8208887132321105,0.8077839252428064,0.8345510639607361,0.7984760515596212,0.840895599909151
12__1,Team 12,Sewing,Overtime,4080.0000000000036,4080.0000000000036,min,0.8205479875630075,0.8073560358307488,0.8342222595704876,0.7981238621965783,0.8405581192844291
12__1,Team 12,Sewing,Overtime,4096.0,4080.0000000000036,min,0.8205303635730988,0.8073312790503465,0.8341961505189431,0.7981056495826365,0.8405406254647007
12__1,Team 12,Sewing,Overtime,4409.6,4080.0000000000036,min,0.8201978669578177,0.8068641820634875,0.8338985397945969,0.7976704273796598,0.8402109284791037
12__1,Team 12,Sewing,Overtime,4723.200000000001,4080.0000000000036,min,0.8198877076242097,0.8065527229993706,0.8335842515174045,0.7974845868936079,0.8399864261860048
12__1,Team 12,Sewing,Overtime,5036.8,4080.0000000000036,min,0.819597043673231,0.8060837001093992,0.8333647228299984,0.7973197360290377,0.8397581880345522
12__1,Team 12,Sewing,Overtime,5350.400000000001,4080.0000000000036,min,0.8193235449076217,0.8057562775834699,0.8331010526212934,0.7970183174821058,0.8395140496589996
12__1,Team 12,Sewing,Overtime,5664.0,4080.0000000000036,min,0.8190652767331494,0.8053271139934295,0.8328056518698187,0.7965991304185002,0.839325392418523
12__1,Team 12,Sewing,Overtime,5977.6,4080.0000000000036,min,0.8188206152536904,0.8051293579303064,0.8325975666918283,0.7962045203351803,0.8391533230975914
12__1,Team 12,Sewing,Overtime,6291.200000000001,4080.0000000000036,min,0.8185881840082064,0.8049594889220488,0.8323192528697636,0.7956896292727192,0.8388542128659265
12__1,Team 12,Sewing,Overtime,6604.8,4080.0000000000036,min,0.8183668060462063,0.8046474503957426,0.8321264341128546,0.7953396604873477,0.8386551609491744
12__1,Team 12,Sewing,Overtime,6918.400000000001,4080.0000000000036,min,0.8181554670822031,0.8044166056913148,0.8319071758080542,0.7950778247783986,0.8384651586131223
12__1,Team 12,Sewing,Overtime,7232.0,4080.0000000000036,min,0.817953286789387,0.8041416881028267,0.8317320764754846,0.7948333599964741,0.8382834112633033
12__1,Team 12,Sewing,Overtime,7545.6,4080.0000000000036,min,0.81775949616469,0.8038850567343756,0.831467092073417,0.7945990703294483,0.8381223861592695
12__1,Team 12,Sewing,Overtime,7859.200000000001,4080.0000000000036,min,0.8175734194858043,0.8036713762083956,0.8312936763888105,0.7943741350410517,0.8379447896352861
12__1,Team 12,Sewing,Overtime,8172.8,4080.0000000000036,min,0.817394459785051,0.8034141278600851,0.831139078889847,0.7941578291428368,0.837786422619138
12__1,Team 12,Sewing,Overtime,8486.400000000001,4080.0000000000036,min,0.8172220870478142,0.8031858252932644,0.8310594212467002,0.793949509036008,0.837633900389999
12__1,Team 12,Sewing,Overtime,8800.0,4080.0000000000036,min,0.8170558285440458,0.8030581364980297,0.8309672263379237,0.7937486007498551,0.8374845064367856
12__1,Team 12,Sewing,Overtime,9113.6,4080.0000000000036,min,0.8168952608460052,0.8029348560003999,0.8309101792342152,0.7935547936438325,0.8373385723390032
12__1,Team 12,Sewing,Overtime,9427.2,4080.0000000000036,min,0.8167400031909873,0.8027610677831492,0.8307706753425329,0.7933791818743633,0.8371974746504999
12__1,Team 12,Sewing,Overtime,9740.800000000001,4080.0000000000036,min,0.8165897119257662,0.802549811367405,0.8306148674738819,0.7932467683904395,0.8370609000250403
12__1,Team 12,Sewing,Overtime,10054.400000000001,4080.0000000000036,min,0.8164440758277035,0.8024129465050075,0.8304882390711754,0.7931187633801848,0.8369296678623962
12__1,Team 12,Sewing,Overtime,10368.0,4080.0000000000036,min,0.8163028121415278,0.8022650177711514,0.8304027273014856,0.7929296145070452,0.8368036968110637
12__1,Team 12,Sewing,SMV,1.8999999999999997,14.26,,0.8872956400964847,0.8659661438539122,0.9063919657460127,0.8553270940486267,0.9160954274760864
12__1,Team 12,Sewing,SMV,2.806666666666666,14.26,,0.8782020191737328,0.8585174208271883,0.896388002115872,0.8482806087991934,0.9060723610414372
12__1,Team 12,Sewing,SMV,3.713333333333333,14.26,,0.8705865368696202,0.8521792797507658,0.8878557557114016,0.8428918226662416,0.8970912939531028
12__1,Team 12,Sewing,SMV,4.619999999999999,14.26,,0.8639892482323842,0.8466952065948309,0.8800921307971272,0.838178003106884,0.8893952919442147
12__1,Team 12,Sewing,SMV,5.526666666666666,14.26,,0.8581423597253274,0.8418495532183493,0.8734644528245414,0.83348739164401,0.8824682579683798
12__1,Team 12,Sewing,SMV,6.433333333333333,14.26,,0.8528748304854799,0.83730369032552,0.8678040326518851,0.8291899252298726,0.8759956583826932
12__1,Team 12,Sewing,SMV,7.339999999999999,14.26,,0.8480700891578365,0.8332927386330781,0.8622970725476201,0.8252819383635448,0.8701607791918927
12__1,Team 12,Sewing,SMV,8.246666666666666,14.26,,0.8436447641348791,0.8292745091670352,0.857545185547995,0.8218681936961664,0.8646512449495163
12__1,Team 12,Sewing,SMV,9.153333333333332,14.26,,0.8395369634451665,0.8252564722332444,0.8532865451583471,0.8177969414862967,0.8596457430719113
12__1,Team 12,Sewing,SMV,10.06,14.26,,0.8356993546425692,0.8218475843698653,0.8492673018930346,0.8141838799558754,0.8553259732481884
12__1,Team 12,Sewing,SMV,10.966666666666667,14.26,,0.8320948505217651,0.8185318128809953,0.845409772409216,0.8108608508566567,0.851481777584782
12__1,Team 12,Sewing,SMV,11.873333333333333,14.26,,0.8286937984735352,0.8150834724468965,0.8420418340095592,0.8076348335107868,0.8482440527330377
12__1,Team 12,Sewing,SMV,12.78,14.26,,0.8254720816290475,0.812232906147064,0.8388878395780124,0.8039290985767198,0.8451883707316729
12__1,Team 12,Sewing,SMV,13.686666666666666,14.26,,0.8224097961687284,0.80928455817781,0.8359362145670721,0.8004033951620524,0.8422804664683363
12__1,Team 12,Sewing,SMV,14.26,14.26,,0.8205479875630075,0.8073560358307488,0.8342222595704876,0.7981238621965783,0.8405581192844291
12__1,Team 12,Sewing,SMV,14.593333333333334,14.26,,0.8194903056131684,0.8063647566189441,0.8332007952295482,0.7969503435365517,0.8393912022000062
12__1,Team 12,Sewing,SMV,15.5,14.26,,0.8166995492389666,0.803121967087712,0.8306915810986011,0.7938979131933146,0.8369503503391036
12__1,Team 12,Sewing,SMV,16.406666666666666,14.26,,0.8140255262863185,0.7999901826183374,0.8284732643466064,0.7907543677395268,0.8349145413140991
12__1,Team 12,Sewing,SMV,17.313333333333333,14.26,,0.8114579045535495,0.797035230109117,0.8262569576555508,0.7873681016737145,0.8326643616912554
12__1,Team 12,Sewing,SMV,18.22,14.26,,0.8089877187812037,0.7941535219659144,0.8240622487033763,0.7847752852862043,0.8305040784451873
12__1,Team 12,Sewing,SMV,19.126666666666665,14.26,,0.8066071350132624,0.7914075056334116,0.82192122026693,0.7820098590582526,0.8293632528314576
12__1,Team 12,Sewing,SMV,20.03333333333333,14.26,,0.8043092642158345,0.7888971053766609,0.8197775448933392,0.7794513697290457,0.8277714401720331
12__1,Team 12,Sewing,SMV,20.939999999999998,14.26,,0.8020880132016418,0.7862403403309938,0.8181517562222765,0.7764628120728941,0.8264891486581989
12__1,Team 12,Sewing,SMV,21.846666666666664,14.26,,0.7999379641777937,0.783846443808141,0.8160575754110705,0.7732152407467343,0.8248508196469989
12__1,Team 12,Sewing,SMV,22.75333333333333,14.26,,0.7978542765160425,0.7811980502186969,0.8146893495812906,0.7704144526051814,0.8235592571347364
12__1,Team 12,Sewing,SMV,23.659999999999997,14.26,,0.7958326059634754,0.7785161826822788,0.8132011846692081,0.7673022923422375,0.8224428215209392
12__1,Team 12,Sewing,SMV,24.566666666666663,14.26,,0.7938690376768575,0.7759638049973295,0.8117076870455956,0.7653786991827352,0.8210800617115369
12__1,Team 12,Sewing,SMV,25.47333333333333,14.26,,0.7919600303143873,0.7734796118201551,0.8102005252001263,0.7627155016667867,0.8195562467983932
12__1,Team 12,Sewing,SMV,26.38,14.26,,0.7901023690470055,0.7712099463341852,0.8087292869292834,0.7600350011331548,0.8185457922272091
12__1,Team 12,Sewing,SMV,27.286666666666665,14.26,,0.7882931258212158,0.7689854067453451,0.8072298096499493,0.7573577128393714,0.8175562835217955
12__1,Team 12,Sewing,SMV,28.19333333333333,14.26,,0.7865296255602626,0.766798477880921,0.8060475379574872,0.755060725248784,0.8166059246978906
12__1,Team 12,Sewing,SMV,29.099999999999998,14.26,,0.7848094172613251,0.764387594792241,0.8046268998042548,0.7526268555053003,0.8156817118229784
12__1,Team 12,Sewing,Style Changes,0.0,0.0,,0.8205479875630075,0.8073560358307488,0.8342222595704876,0.7981238621965783,0.8405581192844291
12__1,Team 12,Sewing,Style Changes,1.0,0.0,,0.8306895227147082,0.8161312892025495,0.8450616271538594,0.8051610505260107,0.8519578870839507
12__1,Team 12,Sewing,Style Changes,2.0,0.0,,0.8402236606214165,0.8218504636011631,0.8580285645359386,0.8103834201122503,0.8679001218011085
1__0,Team 1,Finishing,Incentive,0.0,0.0,BDT,0.7621150599954013,0.7259035447136484,0.7990489288878637,0.7056884071285742,0.8169689253457533
1__0,Team 1,Finishing,Incentive,2.9333333333333327,0.0,BDT,0.7246364649656312,0.6473108192003673,0.7970412799657096,0.602287371388054,0.8267180393191691
1__0,Team 1,Finishing,Incentive,5.866666666666665,0.0,BDT,0.7096009427052963,0.6236920042224351,0.7901461653968453,0.5705420375717909,0.8228774712444105
1__0,Team 1,Finishing,Incentive,8.799999999999997,0.0,BDT,0.699761628557271,0.6076509770492546,0.7859232245456522,0.5496878908656534,0.8215400713548503
1__0,Team 1,Finishing,Incentive,11.73333333333333,0.0,BDT,0.6924075494945433,0.5961482461607236,0.7838512446793704,0.535811804478539,0.8217806257016974
1__0,Team 1,Finishing,Incentive,14.666666666666664,0.0,BDT,0.6865221245272723,0.5863349489492412,0.7826723662868716,0.5247318977552029,0.8191905279593007
1__0,Team 1,Finishing,Incentive,17.599999999999994,0.0,BDT,0.6816099605522313,0.5783791058993092,0.7815067219821904,0.5143106898095146,0.8201636087525175
1__0,Team 1,Finishing,Incentive,20.533333333333328,0.0,BDT,0.6773914495361009,0.5715791466319912,0.7800269070837478,0.5054900841962234,0.8209905677609093
1__0,Team 1,Finishing,Incentive,23.46666666666666,0.0,BDT,0.6752009880151741,0.5681326731028106,0.7804295158838407,0.5002610549575044,0.8226220879001908
1__0,Team 1,Finishing,Incentive,26.399999999999995,0.0,BDT,0.6801510843867814,0.5713548523664759,0.784939065185177,0.5000933854719054,0.8251606151675754
1__0,Team 1,Finishing,Incentive,29.33333333333333,0.0,BDT,0.6843902243864597,0.5733086716595669,0.7884650305096493,0.49959954743318463,0.82815931425625
1__0,Team 1,Finishing,Incentive,32.26666666666666,0.0,BDT,0.6888089928852238,0.5773263334147337,0.7928177073589738,0.5010324785324407,0.8328322542589349
1__0,Team 1,Finishing,Incentive,35.19999999999999,0.0,BDT,0.6938661341771124,0.5817723503433453,0.7993339716325079,0.504185171043031,0.8358635735818628
1__0,Team 1,Finishing,Incentive,38.133333333333326,0.0,BDT,0.6997774499204522,0.5878223072051977,0.8057883824248151,0.5088606097979087,0.8419941691398509
1__0,Team 1,Finishing,Incentive,41.066666666666656,0.0,BDT,0.7066171064548525,0.5944730819865137,0.8121648625482171,0.5145770578661205,0.8483258208756047
1__0,Team 1,Finishing,Incentive,43.99999999999999,0.0,BDT,0.7143748505383213,0.6030769107091294,0.8196676828268653,0.521728996944563,0.8547912561526908
1__0,Team 1,Finishing,Incentive,46.93333333333332,0.0,BDT,0.7229897295571045,0.6131593750082015,0.82761960629748,0.5302430392724943,0.8619419112331842
1__0,Team 1,Finishing,Incentive,49.86666666666665,0.0,BDT,0.7323707057741449,0.6237543366218901,0.8348435658309847,0.5402218239526217,0.8699059405459056
1__0,Team 1,Finishing,Incentive,52.79999999999999,0.0,BDT,0.7424096910348371,0.6342995625229267,0.843087569049011,0.5508817598856546,0.8774421486724392
1__0,Team 1,Finishing,Incentive,55.73333333333332,0.0,BDT,0.7529900672391749,0.6468090469302862,0.850602711963512,0.5627042196817386,0.8849970426755388
1__0,Team 1,Finishing,Incentive,58.66666666666666,0.0,BDT,0.7639924459744893,0.6597644475325207,0.8585815392893649,0.5771907363615075,0.8923852702338658
1__0,Team 1,Finishing,Incentive,61.59999999999999,0.0,BDT,0.7752986904349984,0.6730375857240475,0.8672920664005181,0.5931629213786428,0.8996252148338976
1__0,Team 1,Finishing,Incentive,64.53333333333332,0.0,BDT,0.7867666548024718,0.6870569423801639,0.876208667873077,0.606675943880312,0.9067230732618494
1__0,Team 1,Finishing,Incentive,67.46666666666665,0.0,BDT,0.7981779137337555,0.7010477245746712,0.8848063223840898,0.6209864591753653,0.9129093613205549
1__0,Team 1,Finishing,Incentive,69.5,0.0,BDT,0.8059560269189411,0.7108898784998142,0.8905395801684487,0.6321655044025769,0.9168672736035289
1__0,Team 1,Finishing,Incentive,70.39999999999998,0.0,BDT,0.8093493941678127,0.7149876691284337,0.8929314229280744,0.6371269180946716,0.9185778448730201
1__0,Team 1,Finishing,Incentive,73.33333333333331,0.0,BDT,0.8201504036207781,0.7282307461224589,0.9000908241544099,0.6532054580605561,0.9248364154602989
1__0,Team 1,Finishing,Incentive,76.26666666666665,0.0,BDT,0.8304917504189087,0.7417777343690536,0.9072435251728466,0.6689690230684325,0.9306967643762064
1__0,Team 1,Finishing,Incentive,79.19999999999999,0.0,BDT,0.840316729815936,0.7544333388299933,0.9139650704353527,0.6842816114911129,0.9355919231344302
1__0,Team 1,Finishing,Incentive,82.13333333333331,0.0,BDT,0.8495937093298819,0.7665518650289102,0.9203648333903731,0.6982702970249857,0.9400950354822101
1__0,Team 1,Finishing,Incentive,85.06666666666665,0.0,BDT,0.8583100831740412,0.7784800215588884,0.9257934941509582,0.7121666160792417,0.9442360938231241
1__0,Team 1,Finishing,Incentive,87.99999999999999,0.0,BDT,0.8664673923611095,0.7893368334896306,0.9311654355666616,0.7241817800715799,0.9480452824451331
1__0,Team 1,Finishing,WIP,0.0,0.0,pieces,0.5822092526020121,0.42012771247991687,0.746502134762912,0.3241671568235237,0.8107806437994075
1__0,Team 1,Finishing,WIP,50.09333333333334,0.0,pieces,0.6764329187171477,0.5218903710423398,0.8131414986147392,0.43186360239338883,0.8634494004431748
1__0,Team 1,Finishing,WIP,100.18666666666668,0.0,pieces,0.6909680233331974,0.5326408722928958,0.8276838281033688,0.440615255731727,0.8767332483903911
1__0,Team 1,Finishing,WIP,150.28000000000003,0.0,pieces,0.6991995153789992,0.5355427500550956,0.8353610569619233,0.4473467758467034,0.8829921489673284
1__0,Team 1,Finishing,WIP,200.37333333333336,0.0,pieces,0.7049036556597775,0.5367484795991484,0.841219392620225,0.4493974870692609,0.8869231957253811
1__0,Team 1,Finishing,WIP,250.4666666666667,0.0,pieces,0.7092464480777771,0.5396762096238399,0.846815436121346,0.4491704751703159,0.8907026894597435
1__0,Team 1,Finishing,WIP,300.56000000000006,0.0,pieces,0.7127403748616706,0.5435327323783502,0.8513209645126416,0.4502849126595382,0.893330887625213
1__0,Team 1,Finishing,WIP,350.65333333333336,0.0,pieces,0.7156556485769857,0.5472196675673122,0.8548476690099236,0.45201664661590524,0.8956878342832827
1__0,Team 1,Finishing,WIP,400.7466666666667,0.0,pieces,0.7181519166378504,0.5488739675099629,0.8581643159091188,0.4501125094022222,0.8983377368610513
1__0,Team 1,Finishing,WIP,450.8400000000001,0.0,pieces,0.7203312155764552,0.5512846014780661,0.8590154902431766,0.4485331718987304,0.9007860241906421
1__0,Team 1,Finishing,WIP,500.9333333333334,0.0,pieces,0.7222626403259402,0.5529607083608881,0.8613353692164603,0.4496381437011095,0.9031934034198617
1__0,Team 1,Finishing,WIP,551.0266666666668,0.0,pieces,0.7239951020431612,0.5532924493193836,0.8633348171566081,0.45175356114446424,0.904917133689042
1__0,Team 1,Finishing,WIP,601.1200000000001,0.0,pieces,0.7255644642868151,0.5538540305464492,0.8650265780158809,0.4511461956814879,0.9068152122771044
1__0,Team 1,Finishing,WIP,651.2133333333335,0.0,pieces,0.7269977870211948,0.5535400056635297,0.8661981164304855,0.4519716041984791,0.9085294713248306
1__0,Team 1,Finishing,WIP,701.3066666666667,0.0,pieces,0.7283159782128521,0.5536673419250798,0.8685365126874863,0.4518193951141417,0.9095615089290078
1__0,Team 1,Finishing,WIP,751.4000000000001,0.0,pieces,0.7295355191690897,0.5543774378195299,0.8700077268963704,0.45173681729068377,0.9101901763480233
1__0,Team 1,Finishing,WIP,801.4933333333335,0.0,pieces,0.7306696260576482,0.5553766361667615,0.8712971261534144,0.4516595906263994,0.9112743792252116
1__0,Team 1,Finishing,WIP,851.5866666666668,0.0,pieces,0.7317290548443756,0.5561394226925852,0.8723032508015889,0.45137915297918874,0.9123285606528443
1__0,Team 1,Finishing,WIP,901.6800000000002,0.0,pieces,0.7327226732228613,0.5569795036375327,0.874079259036401,0.45198097202774323,0.9133121987363131
1__0,Team 1,Finishing,WIP,951.7733333333334,0.0,pieces,0.7336578759215935,0.5577739015776554,0.8746167512310626,0.45336041291722595,0.9143561145864122
1__0,Team 1,Finishing,WIP,1001.8666666666668,0.0,pieces,0.7345408921019086,0.5583636275115628,0.8752496176047586,0.4544509432083635,0.9151201242189714
1__0,Team 1,Finishing,WIP,1051.9600000000003,0.0,pieces,0.7353770167734184,0.559177487341501,0.8765068353350309,0.45548872371863164,0.9160961179180152
1__0,Team 1,Finishing,WIP,1102.0533333333335,0.0,pieces,0.7361707876631901,0.5599266377194119,0.8775234422863691,0.4564786319705989,0.917059453615764
1__0,Team 1,Finishing,WIP,1152.1466666666668,0.0,pieces,0.7369261222443707,0.5602038288771942,0.8786772575098958,0.45717405092518887,0.9179611882539641
1__0,Team 1,Finishing,WIP,1202.2400000000002,0.0,pieces,0.7376464252089517,0.560617499889844,0.8792304852237024,0.4564398477505753,0.9188161961823073
1__0,Team 1,Finishing,WIP,1252.3333333333335,0.0,pieces,0.7383346737034518,0.5606544436786745,0.880232445994516,0.4557357766822872,0.9194724059482042
1__0,Team 1,Finishing,WIP,1302.426666666667,0.0,pieces,0.7389934856185345,0.5613148823274654,0.880741184496836,0.45505947110518485,0.9198923001682054
1__0,Team 1,Finishing,WIP,1352.5200000000002,0.0,pieces,0.739625174812683,0.5620036842186265,0.8811156479222302,0.45440883246683056,0.9202944436007188
1__0,Team 1,Finishing,WIP,1402.6133333333335,0.0,pieces,0.7402317961531196,0.5627276986537778,0.8819522357278009,0.4537819912762074,0.9206744561646589
1__0,Team 1,Finishing,WIP,1452.706666666667,0.0,pieces,0.7408151825422269,0.5632608614417499,0.8828031141713676,0.45317727494600496,0.9211888345547822
1__0,Team 1,Finishing,WIP,1502.8000000000002,0.0,pieces,0.7413769755783082,0.5637043586619322,0.8836201057534133,0.4525931810863224,0.9217475619298212
1__0,Team 1,Finishing,Workers,7.000000000000002,7.000000000000002,workers,0.7621150599954013,0.7259035447136484,0.7990489288878637,0.7056884071285742,0.8169689253457533
1__0,Team 1,Finishing,Workers,8.700000000000003,7.000000000000002,workers,0.7834780615605934,0.7485700373117872,0.8183971953545082,0.7322037975897384,0.8344975014804276
1__0,Team 1,Finishing,Workers,10.400000000000002,7.000000000000002,workers,0.800238868855859,0.766865731247226,0.8333164298222043,0.7497358587544426,0.8485963979141803
1__0,Team 1,Finishing,Workers,12.100000000000003,7.000000000000002,workers,0.8138322264622818,0.7808266183383554,0.8468571199931638,0.7621917079509973,0.8611834391761026
1__0,Team 1,Finishing,Workers,13.800000000000004,7.000000000000002,workers,0.825136418316112,0.7930951865940975,0.8578362100548661,0.7735225561048547,0.8717209977231126
1__0,Team 1,Finishing,Workers,15.500000000000004,7.000000000000002,workers,0.8347232899559858,0.8024211201140569,0.8665678455549772,0.7838544112068314,0.8802851382896772
1__0,Team 1,Finishing,Workers,17.200000000000003,7.000000000000002,workers,0.8429832857247156,0.8109128285717857,0.875056832143263,0.7909826855760377,0.8883203223915502
1__0,Team 1,Finishing,Workers,18.900000000000006,7.000000000000002,workers,0.8501932687990491,0.818440577455066,0.8817820459037999,0.7974851207179208,0.8952811222252364
1__0,Team 1,Finishing,Workers,20.600000000000005,7.000000000000002,workers,0.8565557160567558,0.8246093723546599,0.8877083340911481,0.8032168421150614,0.901068355780873
1__0,Team 1,Finishing,Workers,22.300000000000004,7.000000000000002,workers,0.8622225573479955,0.8300298978333398,0.8930983730278248,0.808667173988688,0.907234636054667
1__0,Team 1,Finishing,Workers,24.000000000000007,7.000000000000002,workers,0.8673102989795954,0.8347376522754925,0.8980131963544405,0.8128825752118323,0.9121566046988877
1__0,Team 1,Finishing,Workers,25.700000000000003,7.000000000000002,workers,0.8719099634233388,0.838770000227201,0.9025099032029018,0.8174376973688628,0.9166637174566178
1__0,Team 1,Finishing,Workers,27.400000000000006,7.000000000000002,workers,0.8760938220552104,0.8429692250099143,0.9065551463662633,0.8210449207284601,0.9207891168116021
1__0,Team 1,Finishing,Workers,29.10000000000001,7.000000000000002,workers,0.8799200759028795,0.8468429412805986,0.9102112767297176,0.8246330469598189,0.9241289155880591
1__0,Team 1,Finishing,Workers,30.800000000000004,7.000000000000002,workers,0.8834361845565636,0.8507033149224171,0.9132977176984917,0.8280225934058133,0.9271665013661132
1__0,Team 1,Finishing,Workers,32.50000000000001,7.000000000000002,workers,0.8866812814846717,0.8537976589899587,0.91653730818202,0.8311982476991762,0.9299426173218572
1__0,Team 1,Finishing,Workers,34.20000000000001,7.000000000000002,workers,0.8896879578643525,0.8569741385688026,0.9192846323605026,0.8341761913948458,0.9327012570578177
1__0,Team 1,Finishing,Workers,35.900000000000006,7.000000000000002,workers,0.8924836010938062,0.8600718195220112,0.9218106892163948,0.8368535308121172,0.9352853897841632
1__0,Team 1,Finishing,Workers,37.60000000000001,7.000000000000002,workers,0.8950914135865645,0.8626618341505502,0.9244713562564537,0.8392672457760854,0.9377160550597504
1__0,Team 1,Finishing,Workers,39.300000000000004,7.000000000000002,workers,0.8975311982840458,0.8651325116278421,0.9268685002210595,0.8420820230850597,0.9399564939949021
1__0,Team 1,Finishing,Workers,41.00000000000001,7.000000000000002,workers,0.8998199714449424,0.8677695607097463,0.9290349463546088,0.8444350132759407,0.9420355536630185
1__0,Team 1,Finishing,Workers,42.70000000000001,7.000000000000002,workers,0.9019724458345512,0.8700599187657652,0.9310085788354636,0.846660759717201,0.9439411430871792
1__0,Team 1,Finishing,Workers,44.400000000000006,7.000000000000002,workers,0.9040014154794074,0.8722316279296183,0.9327949026070966,0.8487762003079353,0.945831990965535
1__0,Team 1,Finishing,Workers,46.10000000000001,7.000000000000002,workers,0.9059180648179082,0.8743813564943012,0.9346251883051234,0.8507912029229909,0.9474437100712959
1__0,Team 1,Finishing,Workers,47.80000000000001,7.000000000000002,workers,0.9077322191814508,0.8764628781162355,0.936231458376989,0.8527137914621131,0.9489253680634747
1__0,Team 1,Finishing,Workers,49.50000000000001,7.000000000000002,workers,0.9094525493121932,0.8783600434643991,0.9378644986945541,0.8545511034564921,0.9500895466560266
1__0,Team 1,Finishing,Workers,51.20000000000001,7.000000000000002,workers,0.9110867395528227,0.879988812232863,0.9394754171281696,0.8560424039985159,0.9513327568715007
1__0,Team 1,Finishing,Workers,52.90000000000001,7.000000000000002,workers,0.9126416270873384,0.8816472853969493,0.9409993405107594,0.8575993386104681,0.9525083341159455
1__0,Team 1,Finishing,Workers,54.60000000000001,7.000000000000002,workers,0.9141233179361058,0.8831290972082674,0.9422984396101016,0.8594027048903116,0.9536218562962475
1__0,Team 1,Finishing,Workers,56.30000000000001,7.000000000000002,workers,0.9155372841510009,0.8846365382736457,0.9435149710818596,0.8607579668176726,0.9546782933543062
1__0,Team 1,Finishing,Workers,58.000000000000014,7.000000000000002,workers,0.916888445704184,0.8860715442514653,0.9448195488509215,0.8624085096103316,0.9556820887781566
1__0,Team 1,Finishing,Overtime,960.0,1920.0000000000007,min,0.7659024030476012,0.7304939978364947,0.8025669416779345,0.7102153200594343,0.8210108706286678
1__0,Team 1,Finishing,Overtime,1273.6,1920.0000000000007,min,0.7643641753384756,0.7288108708456305,0.801047522625443,0.7083776364126053,0.8194392807496118
1__0,Team 1,Finishing,Overtime,1587.2,1920.0000000000007,min,0.7631603084788058,0.7272838605305526,0.7998551401767542,0.7067056901625864,0.8178976986422108
1__0,Team 1,Finishing,Overtime,1900.8000000000002,1920.0000000000007,min,0.762170344097216,0.725959647704237,0.7991258894794483,0.7057591660801852,0.8170180568981504
1__0,Team 1,Finishing,Overtime,1920.0000000000007,1920.0000000000007,min,0.7621150599954013,0.7259035447136484,0.7990489288878637,0.7056884071285742,0.8169689253457533
1__0,Team 1,Finishing,Overtime,2214.4,1920.0000000000007,min,0.7613291871610237,0.7251526185135402,0.7980519986756914,0.7046829364720442,0.81627041554446
1__0,Team 1,Finishing,Overtime,2528.0,1920.0000000000007,min,0.760597620848554,0.7242751979986586,0.7973285678149663,0.7038456753011274,0.8156200120034812
1__0,Team 1,Finishing,Overtime,2841.6000000000004,1920.0000000000007,min,0.7599501703233074,0.7234195718499697,0.7968228043966034,0.7029107100819649,0.8151286476274242
1__0,Team 1,Finishing,Overtime,3155.2000000000003,1920.0000000000007,min,0.7593693431319902,0.722869929501748,0.796237133672971,0.7021675861354838,0.8146022541907906
1__0,Team 1,Finishing,Overtime,3468.8,1920.0000000000007,min,0.7588426043399223,0.722424743245225,0.7960437562916116,0.7016713290341702,0.8140590530098617
1__0,Team 1,Finishing,Overtime,3782.4,1920.0000000000007,min,0.758360662024592,0.7218202924756268,0.795653902371018,0.7011448829775713,0.8136302376691079
1__0,Team 1,Finishing,Overtime,4096.0,1920.0000000000007,min,0.7579164357251976,0.7213474671967949,0.7952559120740521,0.7005860325771285,0.813234917839291
1__0,Team 1,Finishing,Overtime,4409.6,1920.0000000000007,min,0.7575044052329363,0.7208377699456867,0.7949938992474748,0.7000678884367931,0.812924473236724
1__0,Team 1,Finishing,Overtime,4723.200000000001,1920.0000000000007,min,0.7571201828763424,0.7204911191187268,0.7947462437483412,0.699585475939487,0.8125845366334542
1__0,Team 1,Finishing,Overtime,5036.8,1920.0000000000007,min,0.7567602231058751,0.7201500959457611,0.794438747159866,0.6991341973066264,0.8122660219462619
1__0,Team 1,Finishing,Overtime,5350.400000000001,1920.0000000000007,min,0.7564216196441128,0.7196474684104793,0.7941437400400739,0.6987098286086214,0.8119663654987355
1__0,Team 1,Finishing,Overtime,5664.0,1920.0000000000007,min,0.7561019602996395,0.7192397497821946,0.7938535917018642,0.6983093229095577,0.8116834392101457
1__0,Team 1,Finishing,Overtime,5977.6,1920.0000000000007,min,0.7557992208198762,0.7189591552520314,0.7936065164687509,0.6979301240744699,0.8114154570515839
1__0,Team 1,Finishing,Overtime,6291.200000000001,1920.0000000000007,min,0.7555116858212271,0.7188331783267949,0.7933178125660394,0.6975165204051147,0.8111839584242203
1__0,Team 1,Finishing,Overtime,6604.8,1920.0000000000007,min,0.7552378889051226,0.7185969549606468,0.7930692933780152,0.6971307127022921,0.811071354071816
1__0,Team 1,Finishing,Overtime,6918.400000000001,1920.0000000000007,min,0.75497656662867,0.7181522659894067,0.792831356279671,0.6968254976423162,0.8109634618650648
1__0,Team 1,Finishing,Overtime,7232.0,1920.0000000000007,min,0.7547266226512743,0.717726890574729,0.7926183998933171,0.6965355535828565,0.8108603074551162
1__0,Team 1,Finishing,Overtime,7545.6,1920.0000000000007,min,0.7544870994703107,0.7173192057625453,0.7924128981793891,0.6960328663884533,0.8107614904176764
1__0,Team 1,Finishing,Overtime,7859.200000000001,1920.0000000000007,min,0.7542571558953853,0.7169354402741543,0.7922128661934145,0.6956336142899059,0.8106666591104135
1__0,Team 1,Finishing,Overtime,8172.8,1920.0000000000007,min,0.7540360489167619,0.7166965873908058,0.7920114865377206,0.6953459633630069,0.8105755030521112
1__0,Team 1,Finishing,Overtime,8486.400000000001,1920.0000000000007,min,0.7538231189773495,0.7166395133233819,0.7918097644598492,0.695077264097344,0.8104877467348098
1__0,Team 1,Finishing,Overtime,8800.0,1920.0000000000007,min,0.7536177779088757,0.7163856974244446,0.7915124583885164,0.6948284178916108,0.810403144557198
1__0,Team 1,Finishing,Overtime,9113.6,1920.0000000000007,min,0.753419498973801,0.7160293113969802,0.7911980151552491,0.6948175396340892,0.8103214766438888
1__0,Team 1,Finishing,Overtime,9427.2,1920.0000000000007,min,0.7532278085864932,0.7156847205464337,0.7910218145496265,0.6945654925872735,0.8102425453709229
1__0,Team 1,Finishing,Overtime,9740.800000000001,1920.0000000000007,min,0.7530422793847872,0.7153518011611207,0.7908950085193377,0.6944745370109378,0.810166172458971
1__0,Team 1,Finishing,Overtime,10054.400000000001,1920.0000000000007,min,0.7528625243957617,0.7152092908528372,0.7907721645863305,0.6942489711962666,0.8100921965264111
1__0,Team 1,Finishing,Overtime,10368.0,1920.0000000000007,min,0.7526881920946282,0.7151009208544907,0.7906530410442169,0.6940302444847547,0.8100204710176221
1__0,Team 1,Finishing,SMV,1.8999999999999997,2.9399999999999995,,0.7799395416801742,0.7449601668905543,0.8152303786117393,0.7246354887054008,0.8340350661568776
1__0,Team 1,Finishing,SMV,2.806666666666666,2.9399999999999995,,0.7641690294152906,0.7281671463304134,0.8005988804904988,0.7080852856744044,0.8182598050064339
1__0,Team 1,Finishing,SMV,2.9399999999999995,2.9399999999999995,,0.7621150599954013,0.7259035447136484,0.7990489288878637,0.7056884071285742,0.8169689253457533
1__0,Team 1,Finishing,SMV,3.713333333333333,2.9399999999999995,,0.7512134322617476,0.7140866678931025,0.7895744877564719,0.6920618975948218,0.8082299330239856
1__0,Team 1,Finishing,SMV,4.619999999999999,2.9399999999999995,,0.7401734037997724,0.7018296157457642,0.7807942924745735,0.6785004130109384,0.7990873965072439
1__0,Team 1,Finishing,SMV,5.526666666666666,2.9399999999999995,,0.7305299001379857,0.6903848459448698,0.7723432122227419,0.6666181308320615,0.7901291944759203
1__0,Team 1,Finishing,SMV,6.433333333333333,2.9399999999999995,,0.7219540300945265,0.6811094764960124,0.7655356935436213,0.6548113619630043,0.7837088913854785
1__0,Team 1,Finishing,SMV,7.339999999999999,2.9399999999999995,,0.7142232738556574,0.6723767198351375,0.7592687420619789,0.6438525729218648,0.7786516344805218
1__0,Team 1,Finishing,SMV,8.246666666666666,2.9399999999999995,,0.7071795651035461,0.6627925060137747,0.753828361445266,0.6349805163868961,0.7743418798116433
1__0,Team 1,Finishing,SMV,9.153333333333332,2.9399999999999995,,0.7007063085368421,0.654682551953639,0.748670492647698,0.6260805161191991,0.7704039984147676
1__0,Team 1,Finishing,SMV,10.06,2.9399999999999995,,0.6947148733837825,0.6468692731441762,0.7442854470058851,0.6176577741901397,0.7660913539885245
1__0,Team 1,Finishing,SMV,10.966666666666667,2.9399999999999995,,0.689136210124747,0.6398525317069833,0.7402314948979507,0.6101346483054852,0.7632353818393205
1__0,Team 1,Finishing,SMV,11.873333333333333,2.9399999999999995,,0.6839154119706421,0.6339461379406216,0.7357384786849361,0.6015814812325468,0.761334732124036
1__0,Team 1,Finishing,SMV,12.78,2.9399999999999995,,0.6790080553954073,0.6279631973695415,0.7314990893809868,0.5953629813960606,0.7578005205259866
1__0,Team 1,Finishing,SMV,13.686666666666666,2.9399999999999995,,0.6743776608801821,0.6221549349563703,0.7277848227892822,0.5894976501013475,0.7543824712108158
1__0,Team 1,Finishing,SMV,14.593333333333334,2.9399999999999995,,0.6699938841125169,0.6166919195644008,0.724145895933592,0.5834554052932067,0.7515205997889849
1__0,Team 1,Finishing,SMV,15.5,2.9399999999999995,,0.66583119797272,0.6112604558347093,0.7209006365608467,0.5763444505548158,0.7497368420482887
1__0,Team 1,Finishing,SMV,16.406666666666666,2.9399999999999995,,0.6618679129477223,0.605653727015039,0.7177410398833874,0.5695847197360948,0.7474550044895931
1__0,Team 1,Finishing,SMV,17.313333333333333,2.9399999999999995,,0.6580854362748632,0.6010393111411915,0.7145779254611813,0.5646442141937447,0.7454706647519663
1__0,Team 1,Finishing,SMV,18.22,2.9399999999999995,,0.654467702901095,0.5970669932611367,0.7119559343932408,0.5603420393503402,0.7431405982914437
1__0,Team 1,Finishing,SMV,19.126666666666665,2.9399999999999995,,0.6510007323262976,0.592597038009225,0.7099793576076988,0.5562494187309385,0.7414949541629935
1__0,Team 1,Finishing,SMV,20.03333333333333,2.9399999999999995,,0.6476722791647281,0.5878012482646142,0.7078919408746215,0.5523300146440936,0.7398787776588339
1__0,Team 1,Finishing,SMV,20.939999999999998,2.9399999999999995,,0.644471554490228,0.5833699252162109,0.7055576454605301,0.5475734787880675,0.7379532897912858
1__0,Team 1,Finishing,SMV,21.846666666666664,2.9399999999999995,,0.641389001345406,0.5793236706277832,0.7039816795967618,0.54342922685351,0.7368854234924173
1__0,Team 1,Finishing,SMV,22.75333333333333,2.9399999999999995,,0.6384161121925258,0.575491384551005,0.701746308512981,0.5387089282542361,0.7352015218192399
1__0,Team 1,Finishing,SMV,23.659999999999997,2.9399999999999995,,0.635545279196277,0.572018563311617,0.7000028619707394,0.5340551170805252,0.7338092604381867
1__0,Team 1,Finishing,SMV,24.566666666666663,2.9399999999999995,,0.6327696704646708,0.5680512734511093,0.6986824386741414,0.5297678045647395,0.7322041128073925
1__0,Team 1,Finishing,SMV,25.47333333333333,2.9399999999999995,,0.6300831270025814,0.5641568082102691,0.6972366257345896,0.5256120233974172,0.7306480520484128
1__0,Team 1,Finishing,SMV,26.38,2.9399999999999995,,0.6274800763331518,0.5603629833888387,0.6952438146452216,0.5216570019930871,0.7290337904653912
1__0,Team 1,Finishing,SMV,27.286666666666665,2.9399999999999995,,0.6249554596380339,0.5568067386444818,0.6932655562852492,0.5180324033013605,0.7276643734787231
1__0,Team 1,Finishing,SMV,28.19333333333333,2.9399999999999995,,0.6225046699427365,0.5539633479924908,0.6912303854337464,0.5146785923866606,0.7262382454259038
1__0,Team 1,Finishing,SMV,29.099999999999998,2.9399999999999995,,0.6201234993876732,0.5505749299395928,0.689529672083972,0.5118474811626529,0.7248948113491122
1__0,Team 1,Finishing,Style Changes,0.0,0.0,,0.7621150599954013,0.7259035447136484,0.7990489288878637,0.7056884071285742,0.8169689253457533
1__0,Team 1,Finishing,Style Changes,1.0,0.0,,0.774568168956566,0.7378433418156655,0.8114327793356256,0.7154953763035453,0.8281174528978761
1__0,Team 1,Finishing,Style Changes,2.0,0.0,,0.7863952800913265,0.7474846680363395,0.8254987890926033,0.722462631615866,0.8428937904064395
1__1,Team 1,Sewing,Incentive,0.0,45.0,BDT,0.6032652241332455,0.5520277956233628,0.655171703499917,0.5130549726448916,0.6777812544176031
1__1,Team 1,Sewing,Incentive,2.9333333333333327,45.0,BDT,0.637517015327205,0.5873734965452029,0.683839083266976,0.5638663500243749,0.7084455351991479
1__1,Team 1,Sewing,Incentive,5.866666666666665,45.0,BDT,0.6517727918423581,0.6075570844896112,0.6928717359924893,0.5859413298019144,0.7122167457289253
1__1,Team 1,Sewing,Incentive,8.799999999999997,45.0,BDT,0.6607231228588456,0.6193127950403503,0.6987368484867591,0.6009268147451653,0.7160705549251086
1__1,Team 1,Sewing,Incentive,11.73333333333333,45.0,BDT,0.6672304624041201,0.6286854618847287,0.7041682619270719,0.6112965666707086,0.7198211702855222
1__1,Team 1,Sewing,Incentive,14.666666666666664,45.0,BDT,0.6723313296582669,0.6351172447045169,0.7083622342551474,0.6181561305831379,0.7235012825427052
1__1,Team 1,Sewing,Incentive,17.599999999999994,45.0,BDT,0.6765186349795232,0.6406397253639178,0.7114889262538953,0.6236960099129947,0.7266586528352456
1__1,Team 1,Sewing,Incentive,20.533333333333328,45.0,BDT,0.6800653485216912,0.6451847296547462,0.714641212533153,0.6275395249713941,0.7298164980184878
1__1,Team 1,Sewing,Incentive,23.46666666666666,45.0,BDT,0.6846849234855176,0.6513173040953258,0.7175871018370394,0.63369187902749,0.7330886739815163
1__1,Team 1,Sewing,Incentive,26.399999999999995,45.0,BDT,0.6957549691192848,0.6649380434180643,0.7264565052006272,0.6477551147365732,0.7402525480607308
1__1,Team 1,Sewing,Incentive,29.33333333333333,45.0,BDT,0.705340773574853,0.6767738157492934,0.7339753559876018,0.6600080646932557,0.7485785196924892
1__1,Team 1,Sewing,Incentive,32.26666666666666,45.0,BDT,0.7144787552141577,0.6872150821180336,0.7424904866799389,0.6705366931345196,0.7564773109179148
1__1,Team 1,Sewing,Incentive,35.19999999999999,45.0,BDT,0.7237144561560686,0.696885692858437,0.7509607792347719,0.6814065436961162,0.7647786671086556
1__1,Team 1,Sewing,Incentive,38.133333333333326,45.0,BDT,0.7333166655132133,0.7074000961272071,0.7594479494723972,0.6927849146680939,0.7726107013978281
1__1,Team 1,Sewing,Incentive,41.066666666666656,45.0,BDT,0.7433925382515988,0.7180648777543321,0.7689091231428711,0.7043258116265952,0.7816754009780404
1__1,Team 1,Sewing,Incentive,43.99999999999999,45.0,BDT,0.7539528400506147,0.7292460897530662,0.7784395092319385,0.7166706014027868,0.7906061077839261
1__1,Team 1,Sewing,Incentive,45.0,45.0,BDT,0.7576564731489259,0.7332244300171694,0.7817500143730124,0.7208342991066182,0.7936658798701204
1__1,Team 1,Sewing,Incentive,46.93333333333332,45.0,BDT,0.7649506953381476,0.7413560793653017,0.7880863117732338,0.7289682770550502,0.7994950767903914
1__1,Team 1,Sewing,Incentive,49.86666666666665,45.0,BDT,0.7763055852038101,0.7536893701879452,0.7982874860242015,0.7417451530249233,0.8089160998586583
1__1,Team 1,Sewing,Incentive,52.79999999999999,45.0,BDT,0.7879187839322331,0.766631940818154,0.8085707254174035,0.7550201476243209,0.8190328016355802
1__1,Team 1,Sewing,Incentive,55.73333333333332,45.0,BDT,0.799683623292169,0.7798492344667791,0.8192197831622763,0.768492170008057,0.829011140571617
1__1,Team 1,Sewing,Incentive,58.66666666666666,45.0,BDT,0.8114924979919416,0.7930006225468403,0.829838249239384,0.7820150935222316,0.8389502938058316
1__1,Team 1,Sewing,Incentive,61.59999999999999,45.0,BDT,0.8232417189839066,0.8056569717616833,0.8405034136936765,0.7962053917693335,0.8485831750597381
1__1,Team 1,Sewing,Incentive,64.53333333333332,45.0,BDT,0.8348106897749487,0.818217873935798,0.8512397693031682,0.8094457474658903,0.8586422058617735
1__1,Team 1,Sewing,Incentive,67.46666666666665,45.0,BDT,0.8460201610923971,0.830121639350054,0.8613813211157418,0.8219101561436485,0.8681172095149082
1__1,Team 1,Sewing,Incentive,69.5,45.0,BDT,0.8535038158221707,0.8382652349805532,0.8683296603575877,0.830216707298977,0.8745297748730739
1__1,Team 1,Sewing,Incentive,70.39999999999998,45.0,BDT,0.8567309118313499,0.8417229205553449,0.8713934314418008,0.8337003878187405,0.8773579835406853
1__1,Team 1,Sewing,Incentive,73.33333333333331,45.0,BDT,0.8668555025076464,0.8529239891817936,0.8806809846439809,0.8446168395673633,0.8863156742002892
1__1,Team 1,Sewing,Incentive,76.26666666666665,45.0,BDT,0.876345913688567,0.863267975487829,0.8891629917133989,0.8550668508489605,0.8947320915129355
1__1,Team 1,Sewing,Incentive,79.19999999999999,45.0,BDT,0.8851834650266305,0.872929955072928,0.8971147648423196,0.8653870927435638,0.9024187880857115
1__1,Team 1,Sewing,Incentive,82.13333333333331,45.0,BDT,0.8933707315067172,0.8816650969368556,0.9047790892452553,0.8746042345554036,0.9094804085545751
1__1,Team 1,Sewing,Incentive,85.06666666666665,45.0,BDT,0.9009251726346319,0.8898854920201579,0.9117353777792764,0.8833086580476609,0.9163417985008985
1__1,Team 1,Sewing,Incentive,87.99999999999999,45.0,BDT,0.907874200361715,0.8973008466093277,0.9180783379293557,0.8906769527197781,0.9225357332184926
1__1,Team 1,Sewing,WIP,0.0,1322.0000000000005,pieces,0.5314536568428736,0.4274394438755529,0.6354986513544427,0.3770124544555882,0.6861019990038044
1__1,Team 1,Sewing,WIP,50.09333333333334,1322.0000000000005,pieces,0.6636585839842232,0.6169769275172404,0.7113327184398276,0.5938862779688449,0.7307604980297356
1__1,Team 1,Sewing,WIP,100.18666666666668,1322.0000000000005,pieces,0.6849698635837422,0.6469003155193332,0.7245937746456806,0.6282753905359402,0.7377534791977289
1__1,Team 1,Sewing,WIP,150.28000000000003,1322.0000000000005,pieces,0.6971567694034442,0.6628296507876865,0.7324834989597395,0.6461742958338849,0.7457761913009233
1__1,Team 1,Sewing,WIP,200.37333333333336,1322.0000000000005,pieces,0.7056521767467779,0.6730931096110516,0.7371773353955209,0.6592172109311297,0.7506772809540081
1__1,Team 1,Sewing,WIP,250.4666666666667,1322.0000000000005,pieces,0.7121476822108997,0.6812798125051698,0.7418086854179987,0.6661563224839099,0.7551179775887755
1__1,Team 1,Sewing,WIP,300.56000000000006,1322.0000000000005,pieces,0.7173908319474742,0.6881618979764261,0.7454352441550705,0.6735698699223723,0.7590709272921276
1__1,Team 1,Sewing,WIP,350.65333333333336,1322.0000000000005,pieces,0.7217773927887511,0.693266726764621,0.7483296056854004,0.6796570913923747,0.7624045539492781
1__1,Team 1,Sewing,WIP,400.7466666666667,1322.0000000000005,pieces,0.7255419607043104,0.6979619725347898,0.7515424142074492,0.6834400088177879,0.7651829657918315
1__1,Team 1,Sewing,WIP,450.8400000000001,1322.0000000000005,pieces,0.7288348860802272,0.7019141164293644,0.7545210373941896,0.6883277892413395,0.7672890404739264
1__1,Team 1,Sewing,WIP,500.9333333333334,1322.0000000000005,pieces,0.731758219674742,0.7055649330342333,0.757081150190836,0.6918144311885098,0.7698242307289421
1__1,Team 1,Sewing,WIP,551.0266666666668,1322.0000000000005,pieces,0.7343843502781388,0.7086384910889277,0.7594195268998932,0.6953918646504614,0.7723762249032251
1__1,Team 1,Sewing,WIP,601.1200000000001,1322.0000000000005,pieces,0.7367664531925402,0.7115279255344056,0.7614569720635528,0.6988725892494767,0.7740310186150713
1__1,Team 1,Sewing,WIP,651.2133333333335,1322.0000000000005,pieces,0.7389447164180858,0.7140575906156555,0.7634859180443905,0.7010653108553822,0.7760576887908243
1__1,Team 1,Sewing,WIP,701.3066666666667,1322.0000000000005,pieces,0.7409502375841192,0.716407542562207,0.7650550150011012,0.7033648600813367,0.7778691696755633
1__1,Team 1,Sewing,WIP,751.4000000000001,1322.0000000000005,pieces,0.7428075636666477,0.7185612138107594,0.7668026617164262,0.7055575957470241,0.7800713937513176
1__1,Team 1,Sewing,WIP,801.4933333333335,1322.0000000000005,pieces,0.7445364032606864,0.720179113022246,0.7685371452372493,0.7075928475273983,0.7815416574296496
1__1,Team 1,Sewing,WIP,851.5866666666668,1322.0000000000005,pieces,0.7461528147884914,0.721756423283847,0.7698991253938868,0.7094545485192738,0.7829162482742709
1__1,Team 1,Sewing,WIP,901.6800000000002,1322.0000000000005,pieces,0.7476700518041034,0.7233270305528968,0.7714230973683993,0.7108575365615564,0.7841446225686561
1__1,Team 1,Sewing,WIP,951.7733333333334,1322.0000000000005,pieces,0.7490991775225381,0.7246049720406604,0.7726006122840277,0.7121831332750984,0.7854805326187903
1__1,Team 1,Sewing,WIP,1001.8666666666668,1322.0000000000005,pieces,0.7504495201678651,0.7261648137739706,0.7739119069491969,0.7137325706312929,0.7865861931734837
1__1,Team 1,Sewing,WIP,1051.9600000000003,1322.0000000000005,pieces,0.75172901611621,0.7275768380501701,0.7753587272971822,0.7149870296112267,0.7876097934506655
1__1,Team 1,Sewing,WIP,1102.0533333333335,1322.0000000000005,pieces,0.7529444724079681,0.7287552447819731,0.776744228173492,0.7161046689492422,0.7886393172462981
1__1,Team 1,Sewing,WIP,1152.1466666666668,1322.0000000000005,pieces,0.7541017703113527,0.7299000403430489,0.7778463568182703,0.7172038810428545,0.7900212414175698
1__1,Team 1,Sewing,WIP,1202.2400000000002,1322.0000000000005,pieces,0.7552060251153535,0.731014628561445,0.778862955151712,0.7182673119419996,0.7912412350499594
1__1,Team 1,Sewing,WIP,1252.3333333333335,1322.0000000000005,pieces,0.7562617129628664,0.7319224840118145,0.7801174407427656,0.719629869249956,0.7921433849125054
1__1,Team 1,Sewing,WIP,1302.426666666667,1322.0000000000005,pieces,0.7572727725458864,0.7328291873486966,0.7814434830495544,0.7205266074430038,0.7932937652241193
1__1,Team 1,Sewing,WIP,1322.0000000000005,1322.0000000000005,pieces,0.7576564731489259,0.7332244300171694,0.7817500143730124,0.7208342991066182,0.7936658798701204
1__1,Team 1,Sewing,WIP,1352.5200000000002,1322.0000000000005,pieces,0.758242687403748,0.7338956429668354,0.7823478554571999,0.7213409742242279,0.7940052104393768
1__1,Team 1,Sewing,WIP,1402.6133333333335,1322.0000000000005,pieces,0.7591745530934234,0.734951399731055,0.7831557885416499,0.7220677652541186,0.7946319374442777
1__1,Team 1,Sewing,WIP,1452.706666666667,1322.0000000000005,pieces,0.7600711324448034,0.7361290548230084,0.7842338926561669,0.7227702690381631,0.7953940102272359
1__1,Team 1,Sewing,WIP,1502.8000000000002,1322.0000000000005,pieces,0.760934901345868,0.7370653619307691,0.7847738580118854,0.7234610147903245,0.7962497033040705
1__1,Team 1,Sewing,Workers,7.000000000000002,58.000000000000014,workers,0.6333062641114868,0.5075217524909311,0.7547128665119641,0.42911269221776566,0.7984472984711778
1__1,Team 1,Sewing,Workers,8.700000000000003,58.000000000000014,workers,0.6465038520794073,0.5320855799816783,0.7561622118571545,0.46429816274107444,0.7967173056215321
1__1,Team 1,Sewing,Workers,10.400000000000002,58.000000000000014,workers,0.6574634283840834,0.5540433431361274,0.7576597864732255,0.49163023416740853,0.7944244224470318
1__1,Team 1,Sewing,Workers,12.100000000000003,58.000000000000014,workers,0.6667988428427227,0.5745226374161102,0.7588346311020373,0.5153930674623262,0.7917695433376581
1__1,Team 1,Sewing,Workers,13.800000000000004,58.000000000000014,workers,0.674903577852851,0.5898348471605165,0.7598577945568725,0.5359280363653156,0.7894282801458067
1__1,Team 1,Sewing,Workers,15.500000000000004,58.000000000000014,workers,0.682044952023031,0.6031298890655807,0.7600804768791475,0.5540944194954909,0.7874138413352411
1__1,Team 1,Sewing,Workers,17.200000000000003,58.000000000000014,workers,0.6884127798508781,0.6145701964143108,0.7601952930640227,0.5706763693434294,0.7865204430863442
1__1,Team 1,Sewing,Workers,18.900000000000006,58.000000000000014,workers,0.6941466185537621,0.6258173395669137,0.7604048007579891,0.5859537861966772,0.7856635708702822
1__1,Team 1,Sewing,Workers,20.600000000000005,58.000000000000014,workers,0.6993520075583309,0.6360406718189779,0.7608731518796877,0.6010360714860958,0.7850388100508071
1__1,Team 1,Sewing,Workers,22.300000000000004,58.000000000000014,workers,0.7041106422164521,0.645174926527316,0.76111842526134,0.6121964456007398,0.7847722081638604
1__1,Team 1,Sewing,Workers,24.000000000000007,58.000000000000014,workers,0.708487012870498,0.6535184327146442,0.7614357294214774,0.6224400770116904,0.7839113149718085
1__1,Team 1,Sewing,Workers,25.700000000000003,58.000000000000014,workers,0.7125328873769005,0.6613291344603147,0.7627022135227104,0.631960897994329,0.7841781641777981
1__1,Team 1,Sewing,Workers,27.400000000000006,58.000000000000014,workers,0.7162904262472394,0.6682648368853968,0.7636000337513531,0.6407646564843709,0.7838505763095488
1__1,Team 1,Sewing,Workers,29.10000000000001,58.000000000000014,workers,0.71979440190456,0.6748715152724404,0.7644262670582658,0.6498010547243648,0.7839109830364617
1__1,Team 1,Sewing,Workers,30.800000000000004,58.000000000000014,workers,0.7230738141573363,0.6799976323084042,0.7654995513699695,0.6570286349641895,0.7830091357706394
1__1,Team 1,Sewing,Workers,32.50000000000001,58.000000000000014,workers,0.726153088614697,0.6855719417571912,0.766245500891097,0.6638568018896019,0.7827573683955702
1__1,Team 1,Sewing,Workers,34.20000000000001,58.000000000000014,workers,0.7290529807168954,0.6911541638270127,0.7667477536866802,0.6712467780668183,0.7817593550457073
1__1,Team 1,Sewing,Workers,35.900000000000006,58.000000000000014,workers,0.7317912679445704,0.6953284409844922,0.7674303767686765,0.6771837686923069,0.7817879191652277
1__1,Team 1,Sewing,Workers,37.60000000000001,58.000000000000014,workers,0.7343832869791435,0.6997596225961386,0.7680521044957356,0.6830325289409273,0.7828088244743193
1__1,Team 1,Sewing,Workers,39.300000000000004,58.000000000000014,workers,0.7368423556086289,0.70384772024109,0.7689772354776323,0.6884435322988461,0.7819737471184081
1__1,Team 1,Sewing,Workers,41.00000000000001,58.000000000000014,workers,0.7391801077583579,0.7075849309571427,0.7694078875525822,0.6926596588408854,0.7822446206528306
1__1,Team 1,Sewing,Workers,42.70000000000001,58.000000000000014,workers,0.7414067622046734,0.7112382025683994,0.7702438050357894,0.6981966246880008,0.7834753253506306
1__1,Team 1,Sewing,Workers,44.400000000000006,58.000000000000014,workers,0.7435313400770854,0.7149642538897786,0.7711643997493214,0.7022215259820107,0.7849762503919882
1__1,Team 1,Sewing,Workers,46.10000000000001,58.000000000000014,workers,0.7455618423932118,0.7181734348528335,0.7724430645368778,0.7058988841078808,0.7852531729789348
1__1,Team 1,Sewing,Workers,47.80000000000001,58.000000000000014,workers,0.7475053960970474,0.7211676822188867,0.7734219430994058,0.7089912725969322,0.7858150269340756
1__1,Team 1,Sewing,Workers,49.50000000000001,58.000000000000014,workers,0.7493683750519222,0.7238951674957296,0.7747038542366094,0.7121791829151466,0.7864959790362102
1__1,Team 1,Sewing,Workers,51.20000000000001,58.000000000000014,workers,0.7511565009519187,0.7265728756219028,0.7758404004929922,0.7140687593203181,0.7883614333815432
1__1,Team 1,Sewing,Workers,52.90000000000001,58.000000000000014,workers,0.7528749280068125,0.7284681873966462,0.7767445971533686,0.716007148842898,0.7899148821533364
1__1,Team 1,Sewing,Workers,54.60000000000001,58.000000000000014,workers,0.7545283144210062,0.729955390360012,0.7780468344374176,0.7175864669264663,0.7912139591049193
1__1,Team 1,Sewing,Workers,56.30000000000001,58.000000000000014,workers,0.7561208830522251,0.731571404968291,0.7797806848257264,0.7191137944532336,0.7922931853579348
1__1,Team 1,Sewing,Workers,58.000000000000014,58.000000000000014,workers,0.7576564731489259,0.7332244300171694,0.7817500143730124,0.7208342991066182,0.7936658798701204
1__1,Team 1,Sewing,Overtime,960.0,7079.999999999998,min,0.7686383880792462,0.744865471701534,0.7920934417494685,0.7327485570857295,0.8030940454559444
1__1,Team 1,Sewing,Overtime,1273.6,7079.999999999998,min,0.7671109051270466,0.7434039532828425,0.790365811414605,0.7313625257795109,0.8014133379993789
1__1,Team 1,Sewing,Overtime,1587.2,7079.999999999998,min,0.7659153490882805,0.7423776994273733,0.7887573744831674,0.7298337057046562,0.7999850941431844
1__1,Team 1,Sewing,Overtime,1900.8000000000002,7079.999999999998,min,0.7649321539962325,0.7412628030680284,0.7879269976658436,0.7285546521445136,0.7993188780915387
1__1,Team 1,Sewing,Overtime,2214.4,7079.999999999998,min,0.7640967027292465,0.7403740384181686,0.787134984880217,0.7274834970106818,0.7986040281486988
1__1,Team 1,Sewing,Overtime,2528.0,7079.999999999998,min,0.7633700642414609,0.7395584202446026,0.7863090645189946,0.7265522557567715,0.7980267837767088
1__1,Team 1,Sewing,Overtime,2841.6000000000004,7079.999999999998,min,0.7627269481486441,0.7389620556169721,0.785797981203184,0.7258220901727069,0.7972131688359164
1__1,Team 1,Sewing,Overtime,3155.2000000000003,7079.999999999998,min,0.7621499879435527,0.7382703746919276,0.7853937237604869,0.7253633728120324,0.7968009324057743
1__1,Team 1,Sewing,Overtime,3468.8,7079.999999999998,min,0.7616267384922385,0.7377669006840721,0.7848910824023144,0.724740328413787,0.7968245938864512
1__1,Team 1,Sewing,Overtime,3782.4,7079.999999999998,min,0.7611479741390414,0.7371591393067733,0.7844255074470213,0.7242093813185625,0.7965012577872332
1__1,Team 1,Sewing,Overtime,4096.0,7079.999999999998,min,0.7607066647101554,0.7367011071277894,0.7841427276739128,0.7237651490397066,0.7959464844255087
1__1,Team 1,Sewing,Overtime,4409.6,7079.999999999998,min,0.7602973290534232,0.7363206538644518,0.783876191474918,0.7234160925411482,0.7956516385433503
1__1,Team 1,Sewing,Overtime,4723.200000000001,7079.999999999998,min,0.759915610431598,0.7358412026604517,0.7835240019843465,0.7230362364140928,0.7954736654700809
1__1,Team 1,Sewing,Overtime,5036.8,7079.999999999998,min,0.7595579882099329,0.7354432599921972,0.7832387617567141,0.7226805107209653,0.7952629345703853
1__1,Team 1,Sewing,Overtime,5350.400000000001,7079.999999999998,min,0.7592215764705988,0.734999664551421,0.7830238401423915,0.7223560263165133,0.7949787235265765
1__1,Team 1,Sewing,Overtime,5664.0,7079.999999999998,min,0.7589039798714304,0.7346711692979359,0.7826907788642925,0.7220518477123123,0.7948110970513286
1__1,Team 1,Sewing,Overtime,5977.6,7079.999999999998,min,0.7586031882605195,0.7342803301561578,0.7825065082786771,0.7217638694554677,0.7946507015335613
1__1,Team 1,Sewing,Overtime,6291.200000000001,7079.999999999998,min,0.7583174981723012,0.7339860800775889,0.7822774609775451,0.7215791173035137,0.7944274374373792
1__1,Team 1,Sewing,Overtime,6604.8,7079.999999999998,min,0.7580454533711398,0.7336749977135469,0.7820514752825792,0.7213069067856198,0.7941140677870552
1__1,Team 1,Sewing,Overtime,6918.400000000001,7079.999999999998,min,0.7577857991498185,0.7334545741267697,0.781889169492189,0.7209633989127886,0.7938149065590635
1__1,Team 1,Sewing,Overtime,7079.999999999998,7079.999999999998,min,0.7576564731489259,0.7332244300171694,0.7817500143730124,0.7208342991066182,0.7936658798701204
1__1,Team 1,Sewing,Overtime,7232.0,7079.999999999998,min,0.7575374467309435,0.733178638368498,0.7816186724459754,0.7207193330034526,0.7935287079751684
1__1,Team 1,Sewing,Overtime,7545.6,7079.999999999998,min,0.7572994452030357,0.7328058100065392,0.7814000726851962,0.7204642136962072,0.7932652568892483
1__1,Team 1,Sewing,Overtime,7859.200000000001,7079.999999999998,min,0.7570709591541894,0.7326204788796918,0.7812038640537645,0.7202620142974926,0.793118740580224
1__1,Team 1,Sewing,Overtime,8172.8,7079.999999999998,min,0.7568512506685352,0.7324263158616647,0.7810741331886208,0.7200438143444992,0.7929425601434915
1__1,Team 1,Sewing,Overtime,8486.400000000001,7079.999999999998,min,0.7566396647020444,0.7322828170807227,0.780985437091366,0.7198371809293339,0.7927247852588761
1__1,Team 1,Sewing,Overtime,8800.0,7079.999999999998,min,0.7564356171035758,0.7321444792971206,0.7807736012261529,0.7196420675843657,0.792514752498367
1__1,Team 1,Sewing,Overtime,9113.6,7079.999999999998,min,0.7562385847267259,0.7319116733345215,0.7805248099436214,0.7195393270893113,0.7923417108047308
1__1,Team 1,Sewing,Overtime,9427.2,7079.999999999998,min,0.756048097209047,0.7317618210062172,0.7803014462464114,0.7194478526789791,0.7922071459751586
1__1,Team 1,Sewing,Overtime,9740.800000000001,7079.999999999998,min,0.7558637300920963,0.7316316724203512,0.7800939899647704,0.7191619353289013,0.7920769232098738
1__1,Team 1,Sewing,Overtime,10054.400000000001,7079.999999999998,min,0.7556850990279859,0.7314697881023784,0.7798870616109288,0.7189093999976,0.7919900923673018
1__1,Team 1,Sewing,Overtime,10368.0,7079.999999999998,min,0.7555118548727504,0.7313110133630236,0.7796930598553539,0.7187374611519515,0.7918324032216366
1__1,Team 1,Sewing,SMV,1.8999999999999997,25.819999999999997,,0.8658055045031456,0.8341763644649808,0.8952782095812156,0.81145580171772,0.9085630972558227
1__1,Team 1,Sewing,SMV,2.806666666666666,25.819999999999997,,0.8553700589604953,0.8249730824866842,0.8841583721398084,0.8042399493197596,0.8974334385030641
1__1,Team 1,Sewing,SMV,3.713333333333333,25.819999999999997,,0.8466641421447924,0.8175779937859015,0.8743835723234812,0.796442909393462,0.8880151536822647
1__1,Team 1,Sewing,SMV,4.619999999999999,25.819999999999997,,0.8391462971635727,0.8103965157648488,0.8659086498212983,0.7906674954019053,0.8795309121329324
1__1,Team 1,Sewing,SMV,5.526666666666666,25.819999999999997,,0.8325019861225977,0.8044170428447921,0.8585895546439708,0.7858115295216578,0.8720069026820906
1__1,Team 1,Sewing,SMV,6.433333333333333,25.819999999999997,,0.8265307030210897,0.7991058176340592,0.8517144693640459,0.7810284003959292,0.865035577071599
1__1,Team 1,Sewing,SMV,7.339999999999999,25.819999999999997,,0.8210960294533831,0.7938580879678906,0.8456723567107371,0.7766406743541499,0.8589020675054916
1__1,Team 1,Sewing,SMV,8.246666666666666,25.819999999999997,,0.8161005500352325,0.7894609801647438,0.8404679315685679,0.7731094410883828,0.8534003903095585
1__1,Team 1,Sewing,SMV,9.153333333333332,25.819999999999997,,0.8114720492378719,0.7855819398859214,0.8355718380401667,0.7693911778846587,0.8482759532270957
1__1,Team 1,Sewing,SMV,10.06,25.819999999999997,,0.8071553714506969,0.7821416680067376,0.831048731502548,0.7662427844494474,0.8438505322674892
1__1,Team 1,Sewing,SMV,10.966666666666667,25.819999999999997,,0.8031073519650432,0.7783024160546452,0.8269887037558519,0.7640170299890715,0.8390954288471976
1__1,Team 1,Sewing,SMV,11.873333333333333,25.819999999999997,,0.7992935181057876,0.7747525456719855,0.8231536601629554,0.7613491002766148,0.8347679467245709
1__1,Team 1,Sewing,SMV,12.78,25.819999999999997,,0.7956858627136657,0.771651125170169,0.8190108898540346,0.7575204876927122,0.8308526727644509
1__1,Team 1,Sewing,SMV,13.686666666666666,25.819999999999997,,0.7922612946364432,0.7683593690840407,0.8155905750730897,0.7542675461843382,0.8269352656730827
1__1,Team 1,Sewing,SMV,14.593333333333334,25.819999999999997,,0.7890005318064319,0.765450513225538,0.8120067842703621,0.7514996886026948,0.8228253081373595
1__1,Team 1,Sewing,SMV,15.5,25.819999999999997,,0.7858872924268524,0.7624083073153115,0.8086744639223395,0.7496462910503446,0.8200306214965186
1__1,Team 1,Sewing,SMV,16.406666666666666,25.819999999999997,,0.7829076922186688,0.7593504713559811,0.8057977966814973,0.7471997943489642,0.8164749919909688
1__1,Team 1,Sewing,SMV,17.313333333333333,25.819999999999997,,0.7800497873660948,0.756716414423396,0.8028179213187866,0.7444649048039557,0.8137531737639745
1__1,Team 1,Sewing,SMV,18.22,25.819999999999997,,0.7773032225626955,0.7541377041847805,0.7999823431878894,0.7421488622593674,0.8119111609508342
1__1,Team 1,Sewing,SMV,19.126666666666665,25.819999999999997,,0.7746589562339314,0.7517819237578633,0.7978639386327916,0.7393256334620819,0.8096197529055202
1__1,Team 1,Sewing,SMV,20.03333333333333,25.819999999999997,,0.7721090433416176,0.7489360855439957,0.7955315689566245,0.7371838378245417,0.8061921091459205
1__1,Team 1,Sewing,SMV,20.939999999999998,25.819999999999997,,0.7696464617720994,0.7465468503783788,0.7931531189766763,0.734564010747403,0.8040706802864495
1__1,Team 1,Sewing,SMV,21.846666666666664,25.819999999999997,,0.7672649721447055,0.7438986553154237,0.7909130963019703,0.7318940758453802,0.8020018100020164
1__1,Team 1,Sewing,SMV,22.75333333333333,25.819999999999997,,0.7649590035521995,0.7412342127115242,0.7884625495375595,0.7291250302332578,0.7997420036954085
1__1,Team 1,Sewing,SMV,23.659999999999997,25.819999999999997,,0.7627235596416072,0.7387448801692341,0.7863104683140197,0.726434462087069,0.797694326067526
1__1,Team 1,Sewing,SMV,24.566666666666663,25.819999999999997,,0.7605541408086887,0.736589163860728,0.7843474395402888,0.723727371949503,0.796009956432919
1__1,Team 1,Sewing,SMV,25.47333333333333,25.819999999999997,,0.7584466792748125,0.734038400181548,0.7824851569248951,0.7215936171734041,0.7941092892744809
1__1,Team 1,Sewing,SMV,25.819999999999997,25.819999999999997,,0.7576564731489259,0.7332244300171694,0.7817500143730124,0.7208342991066182,0.7936658798701204
1__1,Team 1,Sewing,SMV,26.38,25.819999999999997,,0.7563974845503292,0.7321020681308934,0.7803971733348286,0.7197790349321257,0.7926276909957595
1__1,Team 1,Sewing,SMV,27.286666666666665,25.819999999999997,,0.7544031973378822,0.7299727444766942,0.7784877349167092,0.7178695137538615,0.7907412367524953
1__1,Team 1,Sewing,SMV,28.19333333333333,25.819999999999997,,0.752460750344015,0.7281295479591966,0.7766631418262083,0.7157561778246097,0.7893262696759383
1__1,Team 1,Sewing,SMV,29.099999999999998,25.819999999999997,,0.7505673347838188,0.7261847987750605,0.7749266594690549,0.7138113183487373,0.7879544456563082
1__1,Team 1,Sewing,Style Changes,0.0,0.0,,0.7576564731489259,0.7332244300171694,0.7817500143730124,0.7208342991066182,0.7936658798701204
1__1,Team 1,Sewing,Style Changes,1.0,0.0,,0.7703574545958726,0.74622088363857,0.7952161350146438,0.731958062945042,0.806992397648742
1__1,Team 1,Sewing,Style Changes,2.0,0.0,,0.7824296343592183,0.7539126187338565,0.8097082816509279,0.7388271743566135,0.823311631575696
2__0,Team 2,Finishing,Incentive,0.0,0.0,BDT,0.7332923724147623,0.697220495344306,0.769679370453942,0.6741085080035351,0.7822953119227597
2__0,Team 2,Finishing,Incentive,2.9333333333333327,0.0,BDT,0.7313850714155712,0.6528155369577413,0.8058379303780414,0.6064865255280973,0.8355792006757344
2__0,Team 2,Finishing,Incentive,5.866666666666665,0.0,BDT,0.71651893236399,0.628556298719575,0.8008941015145659,0.5770830055744032,0.8330446627095544
2__0,Team 2,Finishing,Incentive,8.799999999999997,0.0,BDT,0.7067846276026772,0.6132146916977173,0.7964372878210934,0.5555188573994366,0.8326111603497126
2__0,Team 2,Finishing,Incentive,11.73333333333333,0.0,BDT,0.6995060016841017,0.6014063366118353,0.7932956326352846,0.5412188409001111,0.8314567363603562
2__0,Team 2,Finishing,Incentive,14.666666666666664,0.0,BDT,0.6936790752699321,0.5921198843021531,0.7915164323710511,0.5296717860235316,0.8291720076408169
2__0,Team 2,Finishing,Incentive,17.599999999999994,0.0,BDT,0.6888144400358897,0.5827110379661827,0.7892636350079972,0.5189513335659339,0.8287393955103577
2__0,Team 2,Finishing,Incentive,20.533333333333328,0.0,BDT,0.6846357965347529,0.5759179202261298,0.7874146108160065,0.5115095035893802,0.8280841122200321
2__0,Team 2,Finishing,Incentive,23.46666666666666,0.0,BDT,0.682463386399855,0.5724046391939456,0.7876520960674619,0.5050826259093574,0.8278733354968468
2__0,Team 2,Finishing,Incentive,26.399999999999995,0.0,BDT,0.6873506109129807,0.5783021945378414,0.7931669170825015,0.5066186200919403,0.8330934504290861
2__0,Team 2,Finishing,Incentive,29.33333333333333,0.0,BDT,0.6915272713463304,0.5797883912751086,0.7979257498379004,0.5068899626906028,0.8363515008656665
2__0,Team 2,Finishing,Incentive,32.26666666666666,0.0,BDT,0.6958743666697739,0.5824641641240975,0.8025035265503508,0.5073843839690128,0.8417397606181753
2__0,Team 2,Finishing,Incentive,35.19999999999999,0.0,BDT,0.7008455185097255,0.5870514827335075,0.8078731469485847,0.5108272305009462,0.8476441190631925
2__0,Team 2,Finishing,Incentive,38.133333333333326,0.0,BDT,0.7066539330714751,0.5926871560602038,0.8136560336887599,0.5164608488322843,0.8535418437375744
2__0,Team 2,Finishing,Incentive,41.066666666666656,0.0,BDT,0.7133726509779356,0.6004025047853918,0.8194213235822196,0.521899935547774,0.8596083297535473
2__0,Team 2,Finishing,Incentive,43.99999999999999,0.0,BDT,0.7209911926910821,0.6081676200714644,0.8261674118623933,0.5280563709903908,0.8653550655824938
2__0,Team 2,Finishing,Incentive,46.93333333333332,0.0,BDT,0.7294489735610711,0.6169041578445068,0.8331740915704368,0.5362574753889209,0.8711632708896347
2__0,Team 2,Finishing,Incentive,49.86666666666665,0.0,BDT,0.7386557539109698,0.6265619677266657,0.8403947414123538,0.5460830415426603,0.8772491728785234
2__0,Team 2,Finishing,Incentive,52.79999999999999,0.0,BDT,0.748504581364446,0.637982475020307,0.848926973026664,0.5573418127979534,0.8840443893015528
2__0,Team 2,Finishing,Incentive,55.73333333333332,0.0,BDT,0.758880252476075,0.6501648203209687,0.8580979062232152,0.5699321368097979,0.890719074055742
2__0,Team 2,Finishing,Incentive,58.66666666666666,0.0,BDT,0.7696650264722157,0.6628639952520332,0.8666223744934743,0.5836822145982518,0.8975068694166783
2__0,Team 2,Finishing,Incentive,61.59999999999999,0.0,BDT,0.7807426038597801,0.6765248773047131,0.8743038756903014,0.5984463266706296,0.9046870374572265
2__0,Team 2,Finishing,Incentive,64.53333333333332,0.0,BDT,0.7919733752367217,0.6906732513434509,0.8823088597697564,0.6135510158462308,0.9113659564648018
2__0,Team 2,Finishing,Incentive,67.46666666666665,0.0,BDT,0.8031432782321456,0.7045899291688467,0.8903801488074087,0.6292629202966038,0.9177536519376897
2__0,Team 2,Finishing,Incentive,69.5,0.0,BDT,0.8107538178657268,0.7144958780251389,0.8957584413938184,0.6402411299417974,0.9219963937713124
2__0,Team 2,Finishing,Incentive,70.39999999999998,0.0,BDT,0.8140733029931155,0.7188436524204551,0.8980748175290443,0.6450536183182842,0.9238230212529377
2__0,Team 2,Finishing,Incentive,73.33333333333331,0.0,BDT,0.8246360387065899,0.7328031045331475,0.9046464099797531,0.6607791676000456,0.9295566006088423
2__0,Team 2,Finishing,Incentive,76.26666666666665,0.0,BDT,0.8347448715006655,0.7460435018740903,0.9117492470195075,0.6756199684476352,0.9350854974431339
2__0,Team 2,Finishing,Incentive,79.19999999999999,0.0,BDT,0.8443450515531129,0.7587108651624261,0.9176929879198732,0.690278146656205,0.9399659664773407
2__0,Team 2,Finishing,Incentive,82.13333333333331,0.0,BDT,0.853406361637858,0.7709271664137098,0.9236091641049355,0.7045650357257353,0.9443831068759707
2__0,Team 2,Finishing,Incentive,85.06666666666665,0.0,BDT,0.8619171540218038,0.7819235390837392,0.9291802754468763,0.7183164611663538,0.9484926398048785
2__0,Team 2,Finishing,Incentive,87.99999999999999,0.0,BDT,0.8698795491988578,0.7934377821247415,0.934417806235666,0.7310900382202807,0.9525077618488756
2__0,Team 2,Finishing,WIP,0.0,0.0,pieces,0.5468270846692258,0.3817632694147489,0.7151171369149825,0.2974479742690947,0.7816873769814008
2__0,Team 2,Finishing,WIP,50.09333333333334,0.0,pieces,0.6770107006860532,0.526861574938259,0.8114563338626585,0.4320902907210565,0.8657024592814747
2__0,Team 2,Finishing,WIP,100.18666666666668,0.0,pieces,0.6970756283767976,0.5458078688718375,0.8306183969159201,0.4478838243748954,0.8794348744497331
2__0,Team 2,Finishing,WIP,150.28000000000003,0.0,pieces,0.708406289888388,0.554928514483413,0.8413772346566666,0.46110217920141233,0.8887697076986415
2__0,Team 2,Finishing,WIP,200.37333333333336,0.0,pieces,0.7162410772089122,0.5645494827037972,0.8490926199780497,0.47078146154996975,0.8932665327229511
2__0,Team 2,Finishing,WIP,250.4666666666667,0.0,pieces,0.72219557899661,0.5684878773330728,0.8551865207951953,0.47227491641827846,0.8981215964982628
2__0,Team 2,Finishing,WIP,300.56000000000006,0.0,pieces,0.7269791106117238,0.5703494716977404,0.8582375491277393,0.4711737607885875,0.9018310444412755
2__0,Team 2,Finishing,WIP,350.65333333333336,0.0,pieces,0.7309653022313835,0.5740725310047328,0.8614654030656371,0.4715422355870575,0.9048424907146966
2__0,Team 2,Finishing,WIP,400.7466666666667,0.0,pieces,0.7343747074401615,0.5767352094589983,0.8650793373474664,0.47411194084548824,0.9073626736514243
2__0,Team 2,Finishing,WIP,450.8400000000001,0.0,pieces,0.7373481763515336,0.5785569894651926,0.8687067708231496,0.48022806953504565,0.9087523963850994
2__0,Team 2,Finishing,WIP,500.9333333333334,0.0,pieces,0.7399810160246086,0.5796834611691122,0.8713165808542334,0.4848946851066,0.9106117460020292
2__0,Team 2,Finishing,WIP,551.0266666666668,0.0,pieces,0.7423406463390827,0.5828930275808258,0.8741875274334969,0.48631535606117776,0.9122568818661235
2__0,Team 2,Finishing,WIP,601.1200000000001,0.0,pieces,0.7444764704877656,0.5822698869330741,0.8763437347816277,0.4870815747457464,0.9137351788797529
2__0,Team 2,Finishing,WIP,651.2133333333335,0.0,pieces,0.7464257420632308,0.5851882115306841,0.8774110687560249,0.48907346979497673,0.9150754021058028
2__0,Team 2,Finishing,WIP,701.3066666666667,0.0,pieces,0.7482172289246971,0.5874325989487206,0.8790419675839177,0.4901415907109898,0.916299608946877
2__0,Team 2,Finishing,WIP,751.4000000000001,0.0,pieces,0.7498735960812163,0.5901086991250036,0.8806099754104678,0.4911361704494078,0.9172949764412283
2__0,Team 2,Finishing,WIP,801.4933333333335,0.0,pieces,0.75141300916208,0.5912815067818307,0.8812953553710495,0.4920813721379469,0.9186625234735946
2__0,Team 2,Finishing,WIP,851.5866666666668,0.0,pieces,0.7528502451542122,0.59382942256316,0.8821955194758578,0.4920727126128548,0.9196781176185912
2__0,Team 2,Finishing,WIP,901.6800000000002,0.0,pieces,0.7541974812886685,0.5949757610562926,0.8839687499224061,0.49382305594129816,0.9203701699774641
2__0,Team 2,Finishing,WIP,951.7733333333334,0.0,pieces,0.7554648676672212,0.5956459821623074,0.8856245844563905,0.4943482898382044,0.9212234092097514
2__0,Team 2,Finishing,WIP,1001.8666666666668,0.0,pieces,0.7566609509443003,0.5975347806601352,0.8867727202910176,0.49440308968259417,0.9220732003036087
2__0,Team 2,Finishing,WIP,1051.9600000000003,0.0,pieces,0.7577929931681663,0.599620134531059,0.8878359985337937,0.49446488691407126,0.92291239198617
2__0,Team 2,Finishing,WIP,1102.0533333333335,0.0,pieces,0.7588672153841811,0.6017146551001328,0.8889013128739892,0.4945238127357762,0.9237048650907874
2__0,Team 2,Finishing,WIP,1152.1466666666668,0.0,pieces,0.7598889863020043,0.6025556065146835,0.8898523161396322,0.49458012210293456,0.9243121257255017
2__0,Team 2,Finishing,WIP,1202.2400000000002,0.0,pieces,0.7608629702209603,0.603746645809963,0.8907656098115511,0.4946221515069681,0.9250645003399308
2__0,Team 2,Finishing,WIP,1252.3333333333335,0.0,pieces,0.7617932443114999,0.6046165980973901,0.8915760078785674,0.4954831698331424,0.9257158626363434
2__0,Team 2,Finishing,WIP,1302.426666666667,0.0,pieces,0.7626833925508874,0.6050988625012721,0.8924307198507359,0.4963561920026462,0.9261440783821888
2__0,Team 2,Finishing,WIP,1352.5200000000002,0.0,pieces,0.763536581663671,0.605646413542633,0.8934157301915259,0.49720140847900235,0.9265489960441035
2__0,Team 2,Finishing,WIP,1402.6133333333335,0.0,pieces,0.7643556230416959,0.6061979772878147,0.8943291087776577,0.4979983959508038,0.9270480062223017
2__0,Team 2,Finishing,WIP,1452.706666666667,0.0,pieces,0.765143023632044,0.6066824809697163,0.8951908245060098,0.4986748204864947,0.9275534045710506
2__0,Team 2,Finishing,WIP,1502.8000000000002,0.0,pieces,0.765901028064839,0.6071736948364579,0.8960173740768979,0.49932833109036745,0.9280108554372121
2__0,Team 2,Finishing,Workers,7.000000000000002,7.000000000000002,workers,0.7332923724147623,0.697220495344306,0.769679370453942,0.6741085080035351,0.7822953119227597
2__0,Team 2,Finishing,Workers,8.700000000000003,7.000000000000002,workers,0.7564779928434423,0.7220721187821985,0.7893467103176444,0.6995866982516656,0.8019581979888981
2__0,Team 2,Finishing,Workers,10.400000000000002,7.000000000000002,workers,0.7747872451001379,0.7415562371065643,0.8056583424473704,0.7234311058336534,0.8195028172781367
2__0,Team 2,Finishing,Workers,12.100000000000003,7.000000000000002,workers,0.7897122787875036,0.7566191410186188,0.8200036007208183,0.7382501690959467,0.8337895907430948
2__0,Team 2,Finishing,Workers,13.800000000000004,7.000000000000002,workers,0.8021751351303106,0.7693388713022308,0.8323972868711264,0.7525354138054607,0.8466258030232535
2__0,Team 2,Finishing,Workers,15.500000000000004,7.000000000000002,workers,0.8127807494864707,0.780618014885648,0.8424656888261284,0.7635604180799682,0.8575389416742992
2__0,Team 2,Finishing,Workers,17.200000000000003,7.000000000000002,workers,0.8219447890222658,0.7895572551541093,0.8513003124902481,0.7709416358733451,0.8669896725070064
2__0,Team 2,Finishing,Workers,18.900000000000006,7.000000000000002,workers,0.8299635903659394,0.7973336513239817,0.8596016193785385,0.7795978139742763,0.8747145881267082
2__0,Team 2,Finishing,Workers,20.600000000000005,7.000000000000002,workers,0.8370548745597797,0.8048734586708948,0.8667883251214514,0.7868686873721323,0.8815899343527082
2__0,Team 2,Finishing,Workers,22.300000000000004,7.000000000000002,workers,0.8433826672339643,0.8113675884238445,0.8734451099240417,0.7927912894802001,0.8880229425605264
2__0,Team 2,Finishing,Workers,24.000000000000007,7.000000000000002,workers,0.8490731948259289,0.8169732711104509,0.879298617401054,0.7978304483997246,0.8938071092644994
2__0,Team 2,Finishing,Workers,25.700000000000003,7.000000000000002,workers,0.8542253828041527,0.8211144138349973,0.8843173306406483,0.8032727461504683,0.8986948116097083
2__0,Team 2,Finishing,Workers,27.400000000000006,7.000000000000002,workers,0.8589179973474611,0.8257386272341849,0.889057321916447,0.8075229490153396,0.903727457465062
2__0,Team 2,Finishing,Workers,29.10000000000001,7.000000000000002,workers,0.8632146295380221,0.830362858490393,0.8930981023261573,0.8116940086277489,0.9082631858354114
2__0,Team 2,Finishing,Workers,30.800000000000004,7.000000000000002,workers,0.8671672523949526,0.8338580568591063,0.8973434816638729,0.8154385589495297,0.9120835427104833
2__0,Team 2,Finishing,Workers,32.50000000000001,7.000000000000002,workers,0.8708188098332971,0.8375924227371403,0.9011082925212947,0.818768930304037,0.9152251767156747
2__0,Team 2,Finishing,Workers,34.20000000000001,7.000000000000002,workers,0.8742051342254125,0.8408130139802843,0.9045937533706392,0.8211205910019249,0.9181168821044456
2__0,Team 2,Finishing,Workers,35.900000000000006,7.000000000000002,workers,0.8773563890391052,0.8437294253684879,0.9079406520498897,0.8237578705700088,0.9207878056933271
2__0,Team 2,Finishing,Workers,37.60000000000001,7.000000000000002,workers,0.8802981695382024,0.8464989637325371,0.9107446044589425,0.8266244592262403,0.9235614112701069
2__0,Team 2,Finishing,Workers,39.300000000000004,7.000000000000002,workers,0.8830523533382572,0.8490336862229517,0.9134467628937695,0.8292778172970182,0.9265169562504212
2__0,Team 2,Finishing,Workers,41.00000000000001,7.000000000000002,workers,0.8856377653068717,0.8515092713373773,0.9159537051271995,0.8314749074093287,0.9284013073556494
2__0,Team 2,Finishing,Workers,42.70000000000001,7.000000000000002,workers,0.8880707028485123,0.8541459357415842,0.9182759475958582,0.8341579500097946,0.9306579832678483
2__0,Team 2,Finishing,Workers,44.400000000000006,7.000000000000002,workers,0.8903653549266812,0.8567020796071334,0.9204385039417285,0.8363659338236888,0.9328403226893208
2__0,Team 2,Finishing,Workers,46.10000000000001,7.000000000000002,workers,0.8925341393108274,0.8590297518677014,0.9226674843064112,0.838020315866075,0.9348823770684825
2__0,Team 2,Finishing,Workers,47.80000000000001,7.000000000000002,workers,0.894587976249295,0.8611779491133886,0.9248571588170347,0.8396032610724837,0.9367896283764235
2__0,Team 2,Finishing,Workers,49.50000000000001,7.000000000000002,workers,0.896536512251468,0.8632617102322181,0.9266339438751593,0.8411385913982331,0.9385820395715697
2__0,Team 2,Finishing,Workers,51.20000000000001,7.000000000000002,workers,0.8983883043744048,0.8652418559337207,0.9284832431864138,0.8428671671156466,0.9403679705628568
2__0,Team 2,Finishing,Workers,52.90000000000001,7.000000000000002,workers,0.9001509729887563,0.8666949484771028,0.930326414323168,0.8449440319877647,0.9420953678146585
2__0,Team 2,Finishing,Workers,54.60000000000001,7.000000000000002,workers,0.901831329197677,0.8685266102910846,0.9320705984699518,0.8469349740726096,0.9437245432145178
2__0,Team 2,Finishing,Workers,56.30000000000001,7.000000000000002,workers,0.9034354817286967,0.8702717750798588,0.9337234648432471,0.8488490338332025,0.9452636878919582
2__0,Team 2,Finishing,Workers,58.000000000000014,7.000000000000002,workers,0.9049689270916569,0.8716665540461062,0.9352826109830265,0.8507049614486939,0.9467198859425706
2__0,Team 2,Finishing,Overtime,960.0,1920.0000000000007,min,0.7373926756222058,0.7012131397269834,0.7734346378033023,0.6783215873131689,0.7857371084000607
2__0,Team 2,Finishing,Overtime,1273.6,1920.0000000000007,min,0.7357266127529756,0.6996570912929878,0.7718439970508033,0.6767242053329763,0.7842817477564141
2__0,Team 2,Finishing,Overtime,1587.2,1920.0000000000007,min,0.7344233909540535,0.6984149609767554,0.7705617709610215,0.6753452111282012,0.7830341040833015
2__0,Team 2,Finishing,Overtime,1900.8000000000002,1920.0000000000007,min,0.7333521814577522,0.6973014333672642,0.7697274430199016,0.67418442870094,0.7823177057518156
2__0,Team 2,Finishing,Overtime,1920.0000000000007,1920.0000000000007,min,0.7332923724147623,0.697220495344306,0.769679370453942,0.6741085080035351,0.7822953119227597
2__0,Team 2,Finishing,Overtime,2214.4,1920.0000000000007,min,0.7324423159017202,0.6961490532607771,0.7685106863277653,0.6731288102680753,0.7817628809377958
2__0,Team 2,Finishing,Overtime,2528.0,1920.0000000000007,min,0.7316512349724974,0.6953804691391889,0.7675139356477855,0.6722714488350242,0.7810099812160118
2__0,Team 2,Finishing,Overtime,2841.6000000000004,1920.0000000000007,min,0.730951300970704,0.6945565595072354,0.7669552235115655,0.6715177859348113,0.78081740111513
2__0,Team 2,Finishing,Overtime,3155.2000000000003,1920.0000000000007,min,0.7303235413157138,0.6937484674314929,0.7664186463608689,0.6707292180272191,0.7805180159677512
2__0,Team 2,Finishing,Overtime,3468.8,1920.0000000000007,min,0.7297543636148902,0.6931946846287105,0.7659560704093545,0.669878735383376,0.7799230380218282
2__0,Team 2,Finishing,Overtime,3782.4,1920.0000000000007,min,0.7292336941959949,0.6923998335068571,0.7656572902424673,0.6690985673403157,0.7792317475794822
2__0,Team 2,Finishing,Overtime,4096.0,1920.0000000000007,min,0.7287538583753258,0.6920783369832106,0.7652034227746635,0.6683826877617046,0.7791005769203094
2__0,Team 2,Finishing,Overtime,4409.6,1920.0000000000007,min,0.7283088737163531,0.6913979924203716,0.7647067948141101,0.66777152120887,0.7786287816534402
2__0,Team 2,Finishing,Overtime,4723.200000000001,1920.0000000000007,min,0.7278939859238094,0.6908698239369164,0.764283881352485,0.6672426994267138,0.7781633913375312
2__0,Team 2,Finishing,Overtime,5036.8,1920.0000000000007,min,0.7275053537700765,0.6903789475889321,0.7638404105152465,0.6667484266068056,0.7778681508587235
2__0,Team 2,Finishing,Overtime,5350.400000000001,1920.0000000000007,min,0.7271398290552699,0.6900135993615314,0.7635818441810927,0.666287989581425,0.7777856762425169
2__0,Team 2,Finishing,Overtime,5664.0,1920.0000000000007,min,0.7267947991397301,0.689499909517065,0.7632623338345718,0.6658910443379116,0.7777078357218115
2__0,Team 2,Finishing,Overtime,5977.6,1920.0000000000007,min,0.726468071832974,0.689341559239647,0.7629536104041561,0.6655850295283408,0.7774994510124389
2__0,Team 2,Finishing,Overtime,6291.200000000001,1920.0000000000007,min,0.7261577896571937,0.6891668575937191,0.7626459561670744,0.6652945340622178,0.7771677543719238
2__0,Team 2,Finishing,Overtime,6604.8,1920.0000000000007,min,0.7258623649218866,0.6887809426840601,0.7623713802125762,0.6650180539423376,0.7770222250081936
2__0,Team 2,Finishing,Overtime,6918.400000000001,1920.0000000000007,min,0.725580429824997,0.6884129364889985,0.7621093364766098,0.6647542939901606,0.7769447303807105
2__0,Team 2,Finishing,Overtime,7232.0,1920.0000000000007,min,0.7253107975895716,0.6880610194945294,0.7618504814188954,0.6645021308706295,0.7768706519439836
2__0,Team 2,Finishing,Overtime,7545.6,1920.0000000000007,min,0.7250524318296852,0.6877149825834538,0.7615870961056787,0.6642605839578555,0.7767355874818225
2__0,Team 2,Finishing,Overtime,7859.200000000001,1920.0000000000007,min,0.7248044221383931,0.6874242356512291,0.7613466578379536,0.664028792126907,0.7764902508910378
2__0,Team 2,Finishing,Overtime,8172.8,1920.0000000000007,min,0.7245659644396613,0.6872008741877508,0.7611210388132461,0.6638059950812686,0.7763162994720851
2__0,Team 2,Finishing,Overtime,8486.400000000001,1920.0000000000007,min,0.7243363450298976,0.6871206622166046,0.7609494220635689,0.6634755732272637,0.7761959773357132
2__0,Team 2,Finishing,Overtime,8800.0,1920.0000000000007,min,0.7241149275073848,0.6867957583177033,0.7608244580141347,0.6631558843583106,0.7760492432887539
2__0,Team 2,Finishing,Overtime,9113.6,1920.0000000000007,min,0.7239011419840282,0.6865100041171809,0.7606564130341608,0.6628472482677967,0.775888091464109
2__0,Team 2,Finishing,Overtime,9427.2,1920.0000000000007,min,0.7236944761170896,0.6863458792233678,0.7605784241448882,0.6625489219200043,0.7757321510079405
2__0,Team 2,Finishing,Overtime,9740.800000000001,1920.0000000000007,min,0.7234944676043047,0.6861898667382849,0.7605029706216746,0.6622602349172646,0.7755852886281106
2__0,Team 2,Finishing,Overtime,10054.400000000001,1920.0000000000007,min,0.72330069786473,0.6859406300434695,0.7604179107570477,0.661980580321145,0.7755015768215894
2__0,Team 2,Finishing,Overtime,10368.0,1920.0000000000007,min,0.7231127866873216,0.6857827861235055,0.7603266403429715,0.6617094068799866,0.7753446752984261
2__0,Team 2,Finishing,SMV,1.8999999999999997,2.8999999999999995,,0.7519790025125981,0.7165110662016936,0.7869186537523319,0.6946334646000062,0.7993678335717693
2__0,Team 2,Finishing,SMV,2.806666666666666,2.8999999999999995,,0.734855372403961,0.6985862603615272,0.7710556306262125,0.6762892625629974,0.7834120235430164
2__0,Team 2,Finishing,SMV,2.8999999999999995,2.8999999999999995,,0.7332923724147623,0.697220495344306,0.769679370453942,0.6741085080035351,0.7822953119227597
2__0,Team 2,Finishing,SMV,3.713333333333333,2.8999999999999995,,0.7208584624047473,0.6827503011087154,0.7582642361756834,0.6576339977286478,0.7731270138866152
2__0,Team 2,Finishing,SMV,4.619999999999999,2.8999999999999995,,0.7089811716961057,0.6691647626603233,0.7487963566061905,0.6441036182696561,0.765089213598296
2__0,Team 2,Finishing,SMV,5.526666666666666,2.8999999999999995,,0.6986440235770488,0.6564854587181816,0.7402266539614617,0.6301694711469348,0.7577791832130092
2__0,Team 2,Finishing,SMV,6.433333333333333,2.8999999999999995,,0.6894808150870578,0.6455593943372437,0.7329076316054123,0.6185367228659612,0.7520545375534468
2__0,Team 2,Finishing,SMV,7.339999999999999,2.8999999999999995,,0.6812443800705321,0.6358266068788195,0.7263827438894552,0.6099211450442426,0.7463740581080301
2__0,Team 2,Finishing,SMV,8.246666666666666,2.8999999999999995,,0.6737595326536955,0.6270452679549102,0.7201289462910039,0.6005428452993197,0.7416135272514549
2__0,Team 2,Finishing,SMV,9.153333333333332,2.8999999999999995,,0.6668973135844797,0.6185476335519648,0.7147627653314571,0.5911122437051546,0.7374971799644338
2__0,Team 2,Finishing,SMV,10.06,2.8999999999999995,,0.6605598802316897,0.61057030046601,0.7100627475724015,0.583727240950319,0.7336379011944872
2__0,Team 2,Finishing,SMV,10.966666666666667,2.8999999999999995,,0.654671142536763,0.6037164667967995,0.7053188724568026,0.5754766305053622,0.7296135754568545
2__0,Team 2,Finishing,SMV,11.873333333333333,2.8999999999999995,,0.6491706970699364,0.5965745729100391,0.701160098540976,0.5697908356117698,0.7257614414588108
2__0,Team 2,Finishing,SMV,12.78,2.8999999999999995,,0.6440097510000649,0.5895459866878435,0.6969472760706277,0.5621251147498734,0.7229037877087855
2__0,Team 2,Finishing,SMV,13.686666666666666,2.8999999999999995,,0.639148297489442,0.5829959671753819,0.6932747117318875,0.5556308401580654,0.7196445321726687
2__0,Team 2,Finishing,SMV,14.593333333333334,2.8999999999999995,,0.6345531061377917,0.5764854705389083,0.6898417357539729,0.5480230635172152,0.7165460721652489
2__0,Team 2,Finishing,SMV,15.5,2.8999999999999995,,0.6301962604319794,0.5709690043875988,0.6862038840059169,0.5403909892920111,0.7141964299056862
2__0,Team 2,Finishing,SMV,16.406666666666666,2.8999999999999995,,0.6260540719802686,0.5656585094141229,0.6834019362616279,0.5347510921451297,0.7111852727491559
2__0,Team 2,Finishing,SMV,17.313333333333333,2.8999999999999995,,0.6221062602568614,0.560041953153076,0.6808462043916357,0.5288932545148795,0.7085051324811985
2__0,Team 2,Finishing,SMV,18.22,2.8999999999999995,,0.6183353232439518,0.5548224258679054,0.6784534431637979,0.5239244527239071,0.7069237875931027
2__0,Team 2,Finishing,SMV,19.126666666666665,2.8999999999999995,,0.6147260478031834,0.5500089071656802,0.6756171931865005,0.5188211429766156,0.7054592066614601
2__0,Team 2,Finishing,SMV,20.03333333333333,2.8999999999999995,,0.6112651239752886,0.5456334468847601,0.6729995845102774,0.514446252366482,0.7040551670833771
2__0,Team 2,Finishing,SMV,20.939999999999998,2.8999999999999995,,0.607940837703695,0.5416873703020604,0.6708275762291841,0.5095655914704907,0.7025355055303674
2__0,Team 2,Finishing,SMV,21.846666666666664,2.8999999999999995,,0.6047428235155897,0.5376648887107746,0.66860639989998,0.5045188195024451,0.7008010458793508
2__0,Team 2,Finishing,SMV,22.75333333333333,2.8999999999999995,,0.6016618635911541,0.5339323386901385,0.6662546839872051,0.49966760225476814,0.69947112577765
2__0,Team 2,Finishing,SMV,23.659999999999997,2.8999999999999995,,0.5986897231151797,0.5300435625825375,0.6641670108637292,0.495011381317887,0.6975288287386078
2__0,Team 2,Finishing,SMV,24.566666666666663,2.8999999999999995,,0.5958190142917129,0.5266831593946694,0.6626555874796893,0.4909010054611676,0.6956499415101106
2__0,Team 2,Finishing,SMV,25.47333333333333,2.8999999999999995,,0.593043083211606,0.5231168477025062,0.6604107452766629,0.4872531545894169,0.6938303123213251
2__0,Team 2,Finishing,SMV,26.38,2.8999999999999995,,0.5903559150961322,0.5196649038012324,0.6590946469034225,0.48372944230932474,0.692055136568263
2__0,Team 2,Finishing,SMV,27.286666666666665,2.8999999999999995,,0.5877520544337342,0.5165239654950196,0.6572879149168527,0.4803220711043583,0.6903286993936933
2__0,Team 2,Finishing,SMV,28.19333333333333,2.8999999999999995,,0.5852265372757619,0.5134463474061973,0.6552869498510787,0.4770239527855458,0.6886516700280626
2__0,Team 2,Finishing,SMV,29.099999999999998,2.8999999999999995,,0.582774833527088,0.5103243264795391,0.6532939179763017,0.47383476858133483,0.6871157969514041
2__0,Team 2,Finishing,Style Changes,0.0,0.0,,0.7332923724147623,0.697220495344306,0.769679370453942,0.6741085080035351,0.7822953119227597
2__0,Team 2,Finishing,Style Changes,1.0,0.0,,0.7467939684042461,0.7092741891855214,0.7827309173521955,0.6877576853943079,0.7970418761808195
2__0,Team 2,Finishing,Style Changes,2.0,0.0,,0.7596827723403986,0.7200937379082404,0.7975977311126681,0.6983779455169334,0.8133694616375523
2__1,Team 2,Sewing,Incentive,0.0,45.0,BDT,0.6674606903092136,0.6271778521690631,0.7066982675072067,0.6006773981866106,0.7291023874044854
2__1,Team 2,Sewing,Incentive,2.9333333333333327,45.0,BDT,0.7343564871672827,0.6925023049643421,0.773161939233678,0.6687071992802534,0.7924800779257876
2__1,Team 2,Sewing,Incentive,5.866666666666665,45.0,BDT,0.7452797853877376,0.7084125653554103,0.7803269299971125,0.6863079571451666,0.7975065015349349
2__1,Team 2,Sewing,Incentive,8.799999999999997,45.0,BDT,0.7520730147946187,0.7169329248394266,0.7851150641514963,0.6961225477884074,0.8017625335741518
2__1,Team 2,Sewing,Incentive,11.73333333333333,45.0,BDT,0.7569822325006909,0.7230073728660215,0.7886267870895347,0.7026799042087112,0.8038032676342215
2__1,Team 2,Sewing,Incentive,14.666666666666664,45.0,BDT,0.7608135050323585,0.7283219862832875,0.7915489740354569,0.7078337187989017,0.8063416246313734
2__1,Team 2,Sewing,Incentive,17.599999999999994,45.0,BDT,0.7639478420097638,0.7316173171685828,0.794417429255543,0.7118555823391391,0.8078667487904173
2__1,Team 2,Sewing,Incentive,20.533333333333328,45.0,BDT,0.7665952797150699,0.7349427539830671,0.7965931080447213,0.7156145230352176,0.811025837528814
2__1,Team 2,Sewing,Incentive,23.46666666666666,45.0,BDT,0.7701573552984005,0.7386906382831716,0.7994697697930971,0.7202547517420166,0.8137428084868215
2__1,Team 2,Sewing,Incentive,26.399999999999995,45.0,BDT,0.7790044316208755,0.750405282547285,0.8067035649747581,0.7325076028575456,0.820174625282177
2__1,Team 2,Sewing,Incentive,29.33333333333333,45.0,BDT,0.7865923971655931,0.7593147564572101,0.813374657068911,0.7432081686687128,0.8256656901758557
2__1,Team 2,Sewing,Incentive,32.26666666666666,45.0,BDT,0.7937839963870381,0.7675129422231892,0.8191899615353545,0.7508715502157856,0.831432229742778
2__1,Team 2,Sewing,Incentive,35.19999999999999,45.0,BDT,0.8010217150512331,0.7746979257935773,0.8254396799206569,0.7587949243091006,0.8377943107666393
2__1,Team 2,Sewing,Incentive,38.133333333333326,45.0,BDT,0.8085156654612032,0.7830655158680841,0.8325813819376123,0.7666003515925558,0.84421151949686
2__1,Team 2,Sewing,Incentive,41.066666666666656,45.0,BDT,0.8163426587513495,0.7917230463530032,0.8395218427132486,0.7749145473318365,0.8506037923333842
2__1,Team 2,Sewing,Incentive,43.99999999999999,45.0,BDT,0.8245018106032515,0.8005842338344072,0.846867689483883,0.7850018667592552,0.8571443607551806
2__1,Team 2,Sewing,Incentive,45.0,45.0,BDT,0.8273519782122757,0.8036945179200958,0.849531905300165,0.7881662488745292,0.8597656186019853
2__1,Team 2,Sewing,Incentive,46.93333333333332,45.0,BDT,0.8329474058654065,0.8098802785070248,0.8543794403350872,0.7950548482763752,0.8648632024152678
2__1,Team 2,Sewing,Incentive,49.86666666666665,45.0,BDT,0.8416091519896588,0.8196740994520441,0.8620218972830246,0.8052580526572382,0.8723730040530687
2__1,Team 2,Sewing,Incentive,52.79999999999999,45.0,BDT,0.850405068357451,0.8294744436877539,0.8697539952374823,0.8158054681963574,0.8792899965483527
2__1,Team 2,Sewing,Incentive,55.73333333333332,45.0,BDT,0.8592498672721102,0.8391947879091606,0.8776380805963138,0.8265163170407513,0.886411503741367
2__1,Team 2,Sewing,Incentive,58.66666666666666,45.0,BDT,0.8680604489522996,0.8489943914666229,0.8855878086377665,0.8367129870926909,0.893931125926172
2__1,Team 2,Sewing,Incentive,61.59999999999999,45.0,BDT,0.8767594688820837,0.8586413909842691,0.8932863198476677,0.8467020241979195,0.9011088159354286
2__1,Team 2,Sewing,Incentive,64.53333333333332,45.0,BDT,0.8852597715730932,0.8682390109682624,0.9010118937534441,0.8570540518665026,0.9081667598981585
2__1,Team 2,Sewing,Incentive,67.46666666666665,45.0,BDT,0.8934342206515993,0.877271188363782,0.9083150769256405,0.8670439672739172,0.914996351073737
2__1,Team 2,Sewing,Incentive,69.5,45.0,BDT,0.8988579824358228,0.8833186296717449,0.9131222162263978,0.8736047081972447,0.9192886139211904
2__1,Team 2,Sewing,Incentive,70.39999999999998,45.0,BDT,0.9011885432072654,0.8858046854564706,0.9151821165766149,0.8763020393924624,0.9211249266691344
2__1,Team 2,Sewing,Incentive,73.33333333333331,45.0,BDT,0.9084682460035252,0.8938229912972429,0.9214756185986556,0.8847814302075274,0.9272454011988771
2__1,Team 2,Sewing,Incentive,76.26666666666665,45.0,BDT,0.9152481059416847,0.9014351418706935,0.927387625805537,0.8929559772845811,0.9330898022622223
2__1,Team 2,Sewing,Incentive,79.19999999999999,45.0,BDT,0.9215238700923519,0.9083468770682177,0.932925641324218,0.900435510595217,0.9383546889397981
2__1,Team 2,Sewing,Incentive,82.13333333333331,45.0,BDT,0.9273058254877689,0.9149195272154034,0.9380937188285361,0.9076110673106836,0.9431778121334957
2__1,Team 2,Sewing,Incentive,85.06666666666665,45.0,BDT,0.9326139090129584,0.9210047495660103,0.9428520375241698,0.914098579483316,0.947549333580825
2__1,Team 2,Sewing,Incentive,87.99999999999999,45.0,BDT,0.9374740573871037,0.9262823233223282,0.9470823880011607,0.9199149161676238,0.9514891519067353
2__1,Team 2,Sewing,WIP,0.0,971.0,pieces,0.5580083175784387,0.4570301960587755,0.6580153722108681,0.3933771712481623,0.7033920790373006
2__1,Team 2,Sewing,WIP,50.09333333333334,971.0,pieces,0.7299070859431863,0.6860839799877416,0.7727945039922849,0.6577205056712632,0.7916712931512061
2__1,Team 2,Sewing,WIP,100.18666666666668,971.0,pieces,0.7553845236383471,0.7186439590048963,0.7897776090510356,0.6984786742549622,0.8064543291826383
2__1,Team 2,Sewing,WIP,150.28000000000003,971.0,pieces,0.7695858678678662,0.7364899287679016,0.8011798708726344,0.7173302922190906,0.8155813013257194
2__1,Team 2,Sewing,WIP,200.37333333333336,971.0,pieces,0.7793187123726539,0.7495085596804948,0.8092275337380163,0.7314926761748524,0.8222866079780953
2__1,Team 2,Sewing,WIP,250.4666666666667,971.0,pieces,0.7866650301888094,0.758266594155413,0.8149554844703044,0.7404169867678262,0.8279908175479604
2__1,Team 2,Sewing,WIP,300.56000000000006,971.0,pieces,0.7925333981510971,0.7650395927580309,0.8192073205231422,0.7488225197510535,0.8321857582063734
2__1,Team 2,Sewing,WIP,350.65333333333336,971.0,pieces,0.7974000928212238,0.7706019925538603,0.822863653317188,0.7546323075931088,0.8351361351778686
2__1,Team 2,Sewing,WIP,400.7466666666667,971.0,pieces,0.8015451106111047,0.7756013711688442,0.8265988795028095,0.7595933269901847,0.8385487917956986
2__1,Team 2,Sewing,WIP,450.8400000000001,971.0,pieces,0.8051466261220988,0.7795573574131263,0.8293660540197187,0.7636591393290418,0.841741721536154
2__1,Team 2,Sewing,WIP,500.9333333333334,971.0,pieces,0.8083248203102574,0.7831874928104171,0.8320161565822026,0.7677141233912489,0.843770186416281
2__1,Team 2,Sewing,WIP,551.0266666666668,971.0,pieces,0.8111644656654604,0.7864288157373212,0.8347160291665708,0.7707355085288279,0.8463049054466573
2__1,Team 2,Sewing,WIP,601.1200000000001,971.0,pieces,0.8137275186857887,0.7889319952720126,0.8370377570228955,0.7736475393539413,0.8488688734960516
2__1,Team 2,Sewing,WIP,651.2133333333335,971.0,pieces,0.8160605867405847,0.7913467244933191,0.8392072990731657,0.7764593862830298,0.8508463321867197
2__1,Team 2,Sewing,WIP,701.3066666666667,971.0,pieces,0.8181995805516503,0.7938405212240602,0.8408583549007929,0.7792233976157485,0.8525100461757176
2__1,Team 2,Sewing,WIP,751.4000000000001,971.0,pieces,0.820172733786294,0.7962060185636971,0.8427576424815845,0.7808478391621707,0.8540433207073824
2__1,Team 2,Sewing,WIP,801.4933333333335,971.0,pieces,0.8220026310575563,0.7982201016266979,0.8445514833847793,0.7828048781614595,0.8554748529651166
2__1,Team 2,Sewing,WIP,851.5866666666668,971.0,pieces,0.8237076101954645,0.7998609214989301,0.8459499461804042,0.784649693600454,0.856797238332758
2__1,Team 2,Sewing,WIP,901.6800000000002,971.0,pieces,0.8253027564940639,0.8014586410519394,0.847397333156475,0.7863552226045109,0.8580521713852048
2__1,Team 2,Sewing,WIP,951.7733333333334,971.0,pieces,0.8268006232388065,0.8030275098692052,0.8489340145466404,0.7876868128025648,0.859238168030822
2__1,Team 2,Sewing,WIP,971.0,971.0,pieces,0.8273519782122757,0.8036945179200958,0.849531905300165,0.7881662488745292,0.8597656186019853
2__1,Team 2,Sewing,WIP,1001.8666666666668,971.0,pieces,0.8282117640032562,0.8047767876735529,0.8502740903855144,0.7889148654625842,0.8606143950647762
2__1,Team 2,Sewing,WIP,1051.9600000000003,971.0,pieces,0.8295451326444379,0.8060104941716986,0.8516076165596203,0.7900801105526547,0.8619245085455837
2__1,Team 2,Sewing,WIP,1102.0533333333335,971.0,pieces,0.8308083884849751,0.8070286394812326,0.8528933186099713,0.7920744248529926,0.863156160982032
2__1,Team 2,Sewing,WIP,1152.1466666666668,971.0,pieces,0.832008132357622,0.8083893639754536,0.8540226070856024,0.7934951166610908,0.8643244562276801
2__1,Team 2,Sewing,WIP,1202.2400000000002,971.0,pieces,0.8331500914407118,0.8093587598144435,0.8549755409515918,0.7946195540465762,0.8654351760406679
2__1,Team 2,Sewing,WIP,1252.3333333333335,971.0,pieces,0.8342392656238087,0.8102859576827673,0.8560303885809686,0.795693851627,0.8665031263669718
2__1,Team 2,Sewing,WIP,1302.426666666667,971.0,pieces,0.8352800445996685,0.8113194917088056,0.8571289882450027,0.7969467714652383,0.8673174125699221
2__1,Team 2,Sewing,WIP,1352.5200000000002,971.0,pieces,0.8362763024172171,0.8124574480693689,0.8581394701831895,0.798184222661597,0.8681793017290339
2__1,Team 2,Sewing,WIP,1402.6133333333335,971.0,pieces,0.8372314744929991,0.8135619710863727,0.8590984689678816,0.799156868004746,0.8688784990137312
2__1,Team 2,Sewing,WIP,1452.706666666667,971.0,pieces,0.8381486208344976,0.8144694210285984,0.859960152545914,0.8001303824965187,0.8697634824998015
2__1,Team 2,Sewing,WIP,1502.8000000000002,971.0,pieces,0.8390304783260092,0.8155523584594014,0.8606709217184794,0.8013073020275137,0.8706155701134494
2__1,Team 2,Sewing,Workers,7.000000000000002,44.000000000000014,workers,0.7341336222066669,0.6322502834414748,0.8248294658635076,0.565288414454285,0.8626303708300174
2__1,Team 2,Sewing,Workers,8.700000000000003,44.000000000000014,workers,0.7462112450923839,0.6560448999719987,0.8253655380174083,0.5976964515569574,0.8601345467558807
2__1,Team 2,Sewing,Workers,10.400000000000002,44.000000000000014,workers,0.7560495969066647,0.6763332394550913,0.8268280322404529,0.6262842180223084,0.8579841062874805
2__1,Team 2,Sewing,Workers,12.100000000000003,44.000000000000014,workers,0.764295560474897,0.6932481721771077,0.8283377187605285,0.6460619999435003,0.8589171642237865
2__1,Team 2,Sewing,Workers,13.800000000000004,44.000000000000014,workers,0.7713559985384819,0.7081416411394076,0.8294255889137923,0.6648327024109358,0.858978279440462
2__1,Team 2,Sewing,Workers,15.500000000000004,44.000000000000014,workers,0.7775026932382995,0.7199555290980564,0.8299582469774621,0.6809534492454037,0.8589613798629535
2__1,Team 2,Sewing,Workers,17.200000000000003,44.000000000000014,workers,0.7829257232728373,0.7301485828000798,0.8316181913941195,0.6928008808691682,0.8584593457487547
2__1,Team 2,Sewing,Workers,18.900000000000006,44.000000000000014,workers,0.7877629330952162,0.7397423145950119,0.8332771448142025,0.7048043595764956,0.8579706182838858
2__1,Team 2,Sewing,Workers,20.600000000000005,44.000000000000014,workers,0.7921172691287792,0.7477981684299301,0.8347435922619781,0.7143992871499333,0.857710354582017
2__1,Team 2,Sewing,Workers,22.300000000000004,44.000000000000014,workers,0.7960675095565282,0.7546531732388887,0.8359722246675958,0.7232376385677409,0.8566370662575405
2__1,Team 2,Sewing,Workers,24.000000000000007,44.000000000000014,workers,0.7996751874018693,0.7606107632458617,0.8369904818254208,0.7342882801254809,0.856844310325564
2__1,Team 2,Sewing,Workers,25.700000000000003,44.000000000000014,workers,0.8029892154878729,0.7659475454954016,0.8375950591934441,0.7411418604019665,0.8563149272775687
2__1,Team 2,Sewing,Workers,27.400000000000006,44.000000000000014,workers,0.8060490686965003,0.7714844968299555,0.8385221260674529,0.7500124622696624,0.8565301837567594
2__1,Team 2,Sewing,Workers,29.10000000000001,44.000000000000014,workers,0.808887029867029,0.7760949816604661,0.8395866926283185,0.756942149801749,0.8559286320041685
2__1,Team 2,Sewing,Workers,30.800000000000004,44.000000000000014,workers,0.811529810248602,0.7805750426753536,0.8410463217123231,0.7618722520797968,0.8564832135211657
2__1,Team 2,Sewing,Workers,32.50000000000001,44.000000000000014,workers,0.8139997415818141,0.7842601079473207,0.8423736033534999,0.7679399355254882,0.857357961387316
2__1,Team 2,Sewing,Workers,34.20000000000001,44.000000000000014,workers,0.8163156682425493,0.7879471990183221,0.843375846685498,0.7715196870788092,0.8564084854865317
2__1,Team 2,Sewing,Workers,35.900000000000006,44.000000000000014,workers,0.8184936252229827,0.7914902336547582,0.8440081650589971,0.7739308796436035,0.8577339196918691
2__1,Team 2,Sewing,Workers,37.60000000000001,44.000000000000014,workers,0.8205473604961439,0.7940417428564942,0.845205869759242,0.7772469104544201,0.8576067505178311
2__1,Team 2,Sewing,Workers,39.300000000000004,44.000000000000014,workers,0.8224887425122511,0.7966874179413066,0.8461953775141641,0.781621739194338,0.857579061459318
2__1,Team 2,Sewing,Workers,41.00000000000001,44.000000000000014,workers,0.8243280816899367,0.7996931172770939,0.8478287591306162,0.784093972071699,0.8588610317168737
2__1,Team 2,Sewing,Workers,42.70000000000001,44.000000000000014,workers,0.8260743866748125,0.8020329519853677,0.848763628375055,0.7864473204187259,0.8588070203169315
2__1,Team 2,Sewing,Workers,44.000000000000014,44.000000000000014,workers,0.8273519782122757,0.8036945179200958,0.849531905300165,0.7881662488745292,0.8597656186019853
2__1,Team 2,Sewing,Workers,44.400000000000006,44.000000000000014,workers,0.8277355705330296,0.8040583009712605,0.8498197725692767,0.78870107871447,0.8601309791213868
2__1,Team 2,Sewing,Workers,46.10000000000001,44.000000000000014,workers,0.829318618102524,0.806100133097402,0.8502956099339781,0.7914280401684524,0.861800324674597
2__1,Team 2,Sewing,Workers,47.80000000000001,44.000000000000014,workers,0.8308297229072552,0.8077876290174958,0.8519734461957819,0.7941450376100045,0.8628973072316852
2__1,Team 2,Sewing,Workers,49.50000000000001,44.000000000000014,workers,0.8322744000004559,0.809665438740925,0.8532806105523942,0.795997116915197,0.8641836984499544
2__1,Team 2,Sewing,Workers,51.20000000000001,44.000000000000014,workers,0.8336575796085223,0.8114423792211958,0.8547004783237673,0.797011552669687,0.8649951686764368
2__1,Team 2,Sewing,Workers,52.90000000000001,44.000000000000014,workers,0.8349836853395196,0.8122054516519585,0.8561182475130413,0.7983811490099507,0.8663302161126867
2__1,Team 2,Sewing,Workers,54.60000000000001,44.000000000000014,workers,0.8362566998905449,0.8129324683081425,0.8576317151113005,0.7996957047419251,0.8672942783926573
2__1,Team 2,Sewing,Workers,56.30000000000001,44.000000000000014,workers,0.8374802205604235,0.8144551551030922,0.8587457232574485,0.8012040756428997,0.8688028485562502
2__1,Team 2,Sewing,Workers,58.000000000000014,44.000000000000014,workers,0.838657506394882,0.8154585119393952,0.8597439869884771,0.8019805459808971,0.870187848843433
2__1,Team 2,Sewing,Overtime,960.0,5400.000000000005,min,0.8347284874798158,0.8117431327744525,0.8565823491481457,0.7967788275551314,0.8664845501864049
2__1,Team 2,Sewing,Overtime,1273.6,5400.000000000005,min,0.8335425432413617,0.8104370880068514,0.8552870034938719,0.7959610874485804,0.8655312158122612
2__1,Team 2,Sewing,Overtime,1587.2,5400.000000000005,min,0.8326132180415042,0.8094518270183103,0.8541571381974786,0.7941499426636883,0.8646175967334342
2__1,Team 2,Sewing,Overtime,1900.8000000000002,5400.000000000005,min,0.8318482447053568,0.8088604326705753,0.8533846289891771,0.7929999541747287,0.8638579304801745
2__1,Team 2,Sewing,Overtime,2214.4,5400.000000000005,min,0.8311977113878354,0.8082949886367301,0.8527773433843454,0.7918581946258074,0.8633344428901324
2__1,Team 2,Sewing,Overtime,2528.0,5400.000000000005,min,0.8306315231533965,0.8075733458362897,0.8522493006879761,0.791046823133408,0.863028513367679
2__1,Team 2,Sewing,Overtime,2841.6000000000004,5400.000000000005,min,0.8301301166606623,0.8068706778656741,0.8518974170184648,0.790659462071621,0.8627544710719925
2__1,Team 2,Sewing,Overtime,3155.2000000000003,5400.000000000005,min,0.8296800502440294,0.8063724305589945,0.8514911911425928,0.7903827475740343,0.8624997363384962
2__1,Team 2,Sewing,Overtime,3468.8,5400.000000000005,min,0.8292716863970176,0.8058390848589267,0.8510153453122995,0.7901320357907334,0.8622256103016728
2__1,Team 2,Sewing,Overtime,3782.4,5400.000000000005,min,0.8288978774528175,0.8053800400061307,0.8506370361765091,0.7895870092505394,0.8617478869319174
2__1,Team 2,Sewing,Overtime,4096.0,5400.000000000005,min,0.8285531744122046,0.8050814691651939,0.8503916761723473,0.7891958163125169,0.8613069933069619
2__1,Team 2,Sewing,Overtime,4409.6,5400.000000000005,min,0.828233327255207,0.8047443820956932,0.8501671592315981,0.7889243827415066,0.8608975772734249
2__1,Team 2,Sewing,Overtime,4723.200000000001,5400.000000000005,min,0.8279349566091614,0.8044562437300538,0.8499529121447088,0.7886419239316977,0.8605153797184187
2__1,Team 2,Sewing,Overtime,5036.8,5400.000000000005,min,0.8276553307279794,0.8040809006983829,0.8497646479964643,0.7884136786707832,0.8601569552118304
2__1,Team 2,Sewing,Overtime,5350.400000000001,5400.000000000005,min,0.8273922096609254,0.8037332540797126,0.8495827401206347,0.7881990528042674,0.8598179373647303
2__1,Team 2,Sewing,Overtime,5400.000000000005,5400.000000000005,min,0.8273519782122757,0.8036945179200958,0.849531905300165,0.7881662488745292,0.8597656186019853
2__1,Team 2,Sewing,Overtime,5664.0,5400.000000000005,min,0.8271437336822254,0.8034304173246736,0.849238278787766,0.7879965035303228,0.8596035037501852
2__1,Team 2,Sewing,Overtime,5977.6,5400.000000000005,min,0.8269083416953511,0.8030942276518233,0.8489452300701658,0.7878094103302546,0.8595229986950245
2__1,Team 2,Sewing,Overtime,6291.200000000001,5400.000000000005,min,0.8266847104339972,0.8027802723148816,0.8488114700776247,0.7876348023318457,0.8594465683502985
2__1,Team 2,Sewing,Overtime,6604.8,5400.000000000005,min,0.8264717084028852,0.8024706071720001,0.8485946742051079,0.7874685906055074,0.8593738181599936
2__1,Team 2,Sewing,Overtime,6918.400000000001,5400.000000000005,min,0.8262683604654537,0.8021801692582456,0.8483527429198808,0.7873100004356295,0.8593044083217346
2__1,Team 2,Sewing,Overtime,7232.0,5400.000000000005,min,0.8260738202534793,0.802080108292894,0.848221518668518,0.7871583597945209,0.8592380440950306
2__1,Team 2,Sewing,Overtime,7545.6,5400.000000000005,min,0.8258873484115906,0.8018765783474014,0.8481059350964506,0.7870130819450686,0.8591744681641877
2__1,Team 2,Sewing,Overtime,7859.200000000001,5400.000000000005,min,0.8257082952549137,0.8016726529483249,0.8479978751966675,0.7868736515801786,0.8590915555301627
2__1,Team 2,Sewing,Overtime,8172.8,5400.000000000005,min,0.8255360868067303,0.8014998680520011,0.8478707805032228,0.786739613669541,0.8588811796540091
2__1,Team 2,Sewing,Overtime,8486.400000000001,5400.000000000005,min,0.8253702134547107,0.8013270422531581,0.8477665714268734,0.7866105644027381,0.8586784747541754
2__1,Team 2,Sewing,Overtime,8800.0,5400.000000000005,min,0.825210220657313,0.8011389153309841,0.8476660884974219,0.7864861437728107,0.8584821141382395
2__1,Team 2,Sewing,Overtime,9113.6,5400.000000000005,min,0.8250557012708649,0.8009572457410198,0.8476061565902057,0.7863660294560361,0.8582880290332755
2__1,Team 2,Sewing,Overtime,9427.2,5400.000000000005,min,0.824906289169418,0.8007975721897642,0.8474748609855748,0.7862499317251411,0.8581002991832962
2__1,Team 2,Sewing,Overtime,9740.800000000001,5400.000000000005,min,0.8247616539043002,0.8006466853141537,0.847372578438381,0.7861601654805639,0.857918515286009
2__1,Team 2,Sewing,Overtime,10054.400000000001,5400.000000000005,min,0.8246214962063331,0.8004946252264106,0.8471500949217072,0.7861112045518674,0.8577423065418641
2__1,Team 2,Sewing,Overtime,10368.0,5400.000000000005,min,0.8244855441759333,0.800310637991706,0.8470086208396559,0.785918813042349,0.8576036407969523
2__1,Team 2,Sewing,SMV,1.8999999999999997,15.09999999999999,,0.8932622547505908,0.8665651807631037,0.9172174648777641,0.8501663437859297,0.9281324077526407
2__1,Team 2,Sewing,SMV,2.806666666666666,15.09999999999999,,0.8846496165089307,0.8584615868991979,0.9081294964737561,0.8425162883795819,0.919542849946096
2__1,Team 2,Sewing,SMV,3.713333333333333,15.09999999999999,,0.8774316986165466,0.8517633405058985,0.9005858172363445,0.8367785908160765,0.9122595690203928
2__1,Team 2,Sewing,SMV,4.619999999999999,15.09999999999999,,0.8711746537820719,0.8459608080884815,0.8939435333584921,0.831876222899838,0.9054933751372941
2__1,Team 2,Sewing,SMV,5.526666666666666,15.09999999999999,,0.8656258850817623,0.8409495297142342,0.8877389063890551,0.8263711452838555,0.8989504716023625
2__1,Team 2,Sewing,SMV,6.433333333333333,15.09999999999999,,0.8606240534255829,0.8362042886527903,0.8827633430249191,0.8220923262309495,0.8936486582893997
2__1,Team 2,Sewing,SMV,7.339999999999999,15.09999999999999,,0.8560591942535363,0.8318817223172504,0.8783203733274777,0.8171517087401743,0.88855752455337
2__1,Team 2,Sewing,SMV,8.246666666666666,15.09999999999999,,0.8518526561382804,0.8284496236346063,0.87390395719453,0.8136009957931646,0.8837234998798853
2__1,Team 2,Sewing,SMV,9.153333333333332,15.09999999999999,,0.8479460468886622,0.8247517323722988,0.8700179461833248,0.8103333720112637,0.8795561871891838
2__1,Team 2,Sewing,SMV,10.06,15.09999999999999,,0.8442947069198415,0.8212183981408829,0.8662799432052085,0.8068807302825763,0.8762639947999266
2__1,Team 2,Sewing,SMV,10.966666666666667,15.09999999999999,,0.8408636403029855,0.8174936455564387,0.8628273712982996,0.8028494926971813,0.8728745019977889
2__1,Team 2,Sewing,SMV,11.873333333333333,15.09999999999999,,0.8376248639384148,0.8142273806995942,0.8595856716459334,0.7991885581802252,0.869626329421742
2__1,Team 2,Sewing,SMV,12.78,15.09999999999999,,0.8345556166509805,0.8110667570627692,0.856358151379069,0.796065919601008,0.8666812474012768
2__1,Team 2,Sewing,SMV,13.686666666666666,15.09999999999999,,0.8316371116725462,0.807843688407117,0.8533201966154639,0.7925752052055192,0.8640463225028955
2__1,Team 2,Sewing,SMV,14.593333333333334,15.09999999999999,,0.828853644660942,0.805258992087337,0.85087404712371,0.7897083695453746,0.861126666409914
2__1,Team 2,Sewing,SMV,15.09999999999999,15.09999999999999,,0.8273519782122757,0.8036945179200958,0.849531905300165,0.7881662488745292,0.8597656186019853
2__1,Team 2,Sewing,SMV,15.5,15.09999999999999,,0.8261919413888814,0.80237076164472,0.8483522033679671,0.7869799135431573,0.8587346310340057
2__1,Team 2,Sewing,SMV,16.406666666666666,15.09999999999999,,0.823640671227194,0.799857559219252,0.8460891708811179,0.7843982150041815,0.8568657997657478
2__1,Team 2,Sewing,SMV,17.313333333333333,15.09999999999999,,0.8211900779427513,0.796989988838333,0.8440161383999177,0.7823527144509155,0.8542727960702001
2__1,Team 2,Sewing,SMV,18.22,15.09999999999999,,0.8188316951822766,0.7940294893487972,0.8417618012731322,0.7800870148882781,0.8528217522734165
2__1,Team 2,Sewing,SMV,19.126666666666665,15.09999999999999,,0.8165581241844139,0.7915337287268398,0.8398362008073624,0.7776251597402073,0.8510522960780965
2__1,Team 2,Sewing,SMV,20.03333333333333,15.09999999999999,,0.8143628579514787,0.7891513362712186,0.8378361849271366,0.7753139206641101,0.8495133080879481
2__1,Team 2,Sewing,SMV,20.939999999999998,15.09999999999999,,0.8122401406089369,0.786747746974089,0.8360006791542713,0.7728986806728178,0.8474983876588309
2__1,Team 2,Sewing,SMV,21.846666666666664,15.09999999999999,,0.8101848537637645,0.7845813595652941,0.8342760098656148,0.7708290850736165,0.8455055519152689
2__1,Team 2,Sewing,SMV,22.75333333333333,15.09999999999999,,0.8081924238247628,0.7827207478479971,0.8325223203786649,0.7683825581287282,0.8438696516204082
2__1,Team 2,Sewing,SMV,23.659999999999997,15.09999999999999,,0.8062587457744826,0.7805285392969238,0.8310385850504155,0.7663422852534904,0.8425538443099236
2__1,Team 2,Sewing,SMV,24.566666666666663,15.09999999999999,,0.8043801199814699,0.7779820602989045,0.8294009934148084,0.7639943542660369,0.8412831853477255
2__1,Team 2,Sewing,SMV,25.47333333333333,15.09999999999999,,0.8025531994436417,0.775970452778245,0.8278596831201314,0.7617570515319761,0.8400390684936313
2__1,Team 2,Sewing,SMV,26.38,15.09999999999999,,0.80077494544634,0.7742120265257337,0.826248107026456,0.7600287371126433,0.8388342375782216
2__1,Team 2,Sewing,SMV,27.286666666666665,15.09999999999999,,0.7990425900616397,0.7721849540049496,0.8247941436789823,0.7578111070980782,0.8376562546897685
2__1,Team 2,Sewing,SMV,28.19333333333333,15.09999999999999,,0.7973536042502469,0.770312172691287,0.8234150169671893,0.7553042151042573,0.836470615663564
2__1,Team 2,Sewing,SMV,29.099999999999998,15.09999999999999,,0.7957056705827525,0.7682380488132332,0.8220717416443575,0.7528342616267737,0.8350642748247328
2__1,Team 2,Sewing,Style Changes,0.0,1.0,,0.8170736545746208,0.7935081575117076,0.8390699303546347,0.7797198655390034,0.8500664421736939
2__1,Team 2,Sewing,Style Changes,1.0,1.0,,0.8273519782122757,0.8036945179200958,0.849531905300165,0.7881662488745292,0.8597656186019853
2__1,Team 2,Sewing,Style Changes,2.0,1.0,,0.8370219873320633,0.811630946767556,0.8606729590219985,0.7938887469283693,0.8745856241006496
3__0,Team 3,Finishing,Incentive,0.0,0.0,BDT,0.7683082242234069,0.7322529230666132,0.8021500955974888,0.7148036085393515,0.8176042069277429
3__0,Team 3,Finishing,Incentive,2.9333333333333327,0.0,BDT,0.7287450168762568,0.6535648191181093,0.8038848740938992,0.6075723493370847,0.8302422042149842
3__0,Team 3,Finishing,Incentive,5.866666666666665,0.0,BDT,0.7137945990193325,0.62922804444781,0.796332525967894,0.5768692050558152,0.8271196896649026
3__0,Team 3,Finishing,Incentive,8.799999999999997,0.0,BDT,0.7040076946827623,0.6154667082623759,0.7932203295673671,0.5558600920806614,0.8237454530617178
3__0,Team 3,Finishing,Incentive,11.73333333333333,0.0,BDT,0.6966911588237359,0.6051602306081376,0.7899145742762909,0.5404872180279146,0.8208223944914066
3__0,Team 3,Finishing,Incentive,14.666666666666664,0.0,BDT,0.6908347973025812,0.595793887019773,0.7873332218037267,0.5301108379095738,0.8208323210092078
3__0,Team 3,Finishing,Incentive,17.599999999999994,0.0,BDT,0.6859462308732941,0.5863746837960706,0.7859292247566486,0.5202367280712841,0.8195611495969128
3__0,Team 3,Finishing,Incentive,20.533333333333328,0.0,BDT,0.6817475101600923,0.5792286769524628,0.7844873926463793,0.5105128754986222,0.8180622418427107
3__0,Team 3,Finishing,Incentive,23.46666666666666,0.0,BDT,0.67957038700407,0.5749088902679761,0.7837696287108521,0.5042351022048039,0.8173705841809117
3__0,Team 3,Finishing,Incentive,26.399999999999995,0.0,BDT,0.6845113710505716,0.5775607774426199,0.7887094925919413,0.5066324993107829,0.823574849460218
3__0,Team 3,Finishing,Incentive,29.33333333333333,0.0,BDT,0.6887338778969142,0.580894321317574,0.7940089427270225,0.507519682910747,0.8304976876156954
3__0,Team 3,Finishing,Incentive,32.26666666666666,0.0,BDT,0.6931255730111616,0.5856787385412214,0.7997279656696431,0.5113952543677931,0.8336416182035189
3__0,Team 3,Finishing,Incentive,35.19999999999999,0.0,BDT,0.6981439669460833,0.5883313880676361,0.8042722686789656,0.5159629711405869,0.8379621033942486
3__0,Team 3,Finishing,Incentive,38.133333333333326,0.0,BDT,0.7040044517003387,0.5928945280506371,0.8104251492600646,0.5218011833275616,0.8431961171383534
3__0,Team 3,Finishing,Incentive,41.066666666666656,0.0,BDT,0.7107811991159723,0.5993472715575111,0.8164164875950516,0.5278953103979297,0.8493297390222074
3__0,Team 3,Finishing,Incentive,43.99999999999999,0.0,BDT,0.7184641910487835,0.6070219408151188,0.8231115092589203,0.5359662341535403,0.8557530760715509
3__0,Team 3,Finishing,Incentive,46.93333333333332,0.0,BDT,0.7269928635649608,0.6164641483780174,0.8304570013743009,0.5465521281919092,0.8624671651367625
3__0,Team 3,Finishing,Incentive,49.86666666666665,0.0,BDT,0.7362766962126043,0.6268812671534703,0.838652418284064,0.5558428015138999,0.8697534522533421
3__0,Team 3,Finishing,Incentive,52.79999999999999,0.0,BDT,0.7462082423664461,0.6373212156353806,0.8467542624771486,0.5665205053157478,0.8771131374114604
3__0,Team 3,Finishing,Incentive,55.73333333333332,0.0,BDT,0.7566716503513399,0.6500637528690419,0.8548397026056196,0.5790007223383186,0.8840026883566233
3__0,Team 3,Finishing,Incentive,58.66666666666666,0.0,BDT,0.7675484211392194,0.6632323508690412,0.8632872791814906,0.5911856836727845,0.8912133299292521
3__0,Team 3,Finishing,Incentive,61.59999999999999,0.0,BDT,0.778721422551344,0.6759405322370061,0.8715983063434612,0.6036212148156685,0.8984972616478701
3__0,Team 3,Finishing,Incentive,64.53333333333332,0.0,BDT,0.7900499328822733,0.690681946714935,0.8798501662543637,0.6181728423174143,0.9056539677181185
3__0,Team 3,Finishing,Incentive,67.46666666666665,0.0,BDT,0.8013180476710986,0.7045933617580477,0.8879055513532637,0.6342776650660479,0.9126293231333027
3__0,Team 3,Finishing,Incentive,69.5,0.0,BDT,0.8089960635257363,0.7132773949136275,0.8934251374477392,0.6451650679576548,0.9172507841208625
3__0,Team 3,Finishing,Incentive,70.39999999999998,0.0,BDT,0.8123451177826129,0.717635322842643,0.8957917348152319,0.6494795342554163,0.9192285169996988
3__0,Team 3,Finishing,Incentive,73.33333333333331,0.0,BDT,0.8230024809034368,0.7320883677681125,0.9032587572580293,0.6629799784612967,0.9253788390582035
3__0,Team 3,Finishing,Incentive,76.26666666666665,0.0,BDT,0.8332026030127857,0.7450301614147431,0.9100588390641671,0.6771046659086367,0.9311252826402532
3__0,Team 3,Finishing,Incentive,79.19999999999999,0.0,BDT,0.8428900920646392,0.7576683700674358,0.9166982146375022,0.690341343653878,0.9357214330198376
3__0,Team 3,Finishing,Incentive,82.13333333333331,0.0,BDT,0.852034316825308,0.7695408955943421,0.9226131559169307,0.7039208124003024,0.9405132103022575
3__0,Team 3,Finishing,Incentive,85.06666666666665,0.0,BDT,0.8606233987172808,0.7813294251253371,0.9280726279597394,0.7160484205737789,0.9451105873856215
3__0,Team 3,Finishing,Incentive,87.99999999999999,0.0,BDT,0.868659370842676,0.7924356674053187,0.9332192693273097,0.7276952686596015,0.9493170934600959
3__0,Team 3,Finishing,WIP,0.0,0.0,pieces,0.5900254097739012,0.424289754564069,0.7552216498717831,0.3222131584996093,0.814459433316878
3__0,Team 3,Finishing,WIP,50.09333333333334,0.0,pieces,0.691375499141214,0.5353225820715118,0.823030614249857,0.4437171160314121,0.8753806517832554
3__0,Team 3,Finishing,WIP,100.18666666666668,0.0,pieces,0.7068746625536785,0.5496202083486301,0.8382627637862154,0.4634062891173906,0.8853017203667815
3__0,Team 3,Finishing,WIP,150.28000000000003,0.0,pieces,0.7156350167172595,0.5553651792174267,0.8465903367861921,0.47059492925696145,0.8939394746639014
3__0,Team 3,Finishing,WIP,200.37333333333336,0.0,pieces,0.7216983289201206,0.5598825813212693,0.8514337278201575,0.4719853643572105,0.8979028029399125
3__0,Team 3,Finishing,WIP,250.4666666666667,0.0,pieces,0.7263105444956417,0.5637639809948213,0.8565222031473257,0.47474907195770577,0.9017668650802936
3__0,Team 3,Finishing,WIP,300.56000000000006,0.0,pieces,0.730018697277869,0.5677684452344126,0.8611031274419094,0.47782540783574745,0.9053796843207669
3__0,Team 3,Finishing,WIP,350.65333333333336,0.0,pieces,0.7331109856483132,0.5712391619509566,0.8643985957580019,0.48245544308483423,0.9075238797744437
3__0,Team 3,Finishing,WIP,400.7466666666667,0.0,pieces,0.7357575731198618,0.5725496449281934,0.8666710893347056,0.48504508371705674,0.9104826100754364
3__0,Team 3,Finishing,WIP,450.8400000000001,0.0,pieces,0.7380671583954554,0.5772901107033309,0.8686551593324885,0.4867453208429121,0.9120275890346107
3__0,Team 3,Finishing,WIP,500.9333333333334,0.0,pieces,0.7401133133508966,0.5778620895718066,0.8713461589193289,0.4869416858515729,0.9130583277181203
3__0,Team 3,Finishing,WIP,551.0266666666668,0.0,pieces,0.7419480969325097,0.5794588954295816,0.8728521385078197,0.48649414557191273,0.9153499939385666
3__0,Team 3,Finishing,WIP,601.1200000000001,0.0,pieces,0.7436096668343947,0.5814879557684696,0.8747552863516024,0.4881881975294806,0.9173951998922979
3__0,Team 3,Finishing,WIP,651.2133333333335,0.0,pieces,0.7451268045260987,0.582216032995177,0.876783897727552,0.48976975905898495,0.9192141129074882
3__0,Team 3,Finishing,WIP,701.3066666666667,0.0,pieces,0.7465217414415433,0.5833572379596196,0.8783666538029135,0.49124104066241836,0.9202902859111929
3__0,Team 3,Finishing,WIP,751.4000000000001,0.0,pieces,0.747811997338537,0.5837160685688471,0.8797249770951403,0.49128586418337755,0.9212758536991429
3__0,Team 3,Finishing,WIP,801.4933333333335,0.0,pieces,0.7490116175471306,0.5840681140370658,0.8810635052949862,0.4908691832411077,0.9221878203160199
3__0,Team 3,Finishing,WIP,851.5866666666668,0.0,pieces,0.7501320301587365,0.5852823793326375,0.8821072359152443,0.4926727453654272,0.9230357704122589
3__0,Team 3,Finishing,WIP,901.6800000000002,0.0,pieces,0.7511826549311649,0.5857314398597928,0.8832087368382551,0.49300644310096703,0.9238275673905948
3__0,Team 3,Finishing,WIP,951.7733333333334,0.0,pieces,0.7521713453436275,0.586254730631909,0.8842450108843216,0.49295492568736105,0.9245697384355221
3__0,Team 3,Finishing,WIP,1001.8666666666668,0.0,pieces,0.7531047157220709,0.587272621462803,0.885652481471957,0.4925557976164697,0.9252677581525255
3__0,Team 3,Finishing,WIP,1051.9600000000003,0.0,pieces,0.7539883874558856,0.5883604276187941,0.8865766062912864,0.49278064510403674,0.9259262611470918
3__0,Team 3,Finishing,WIP,1102.0533333333335,0.0,pieces,0.7548271771436464,0.5893428466023958,0.8873324539979174,0.49334063006154244,0.9265492038145975
3__0,Team 3,Finishing,WIP,1152.1466666666668,0.0,pieces,0.7556252423318729,0.5896784193141891,0.8877567246789524,0.49387575718829313,0.9271399891874319
3__0,Team 3,Finishing,WIP,1202.2400000000002,0.0,pieces,0.756386195799609,0.5900718839636366,0.8887863015166986,0.4943881392912463,0.9277015644835406
3__0,Team 3,Finishing,WIP,1252.3333333333335,0.0,pieces,0.7571131961817656,0.5909127995138879,0.889836974697173,0.49337505524597564,0.9282364981928785
3__0,Team 3,Finishing,WIP,1302.426666666667,0.0,pieces,0.7578090205639474,0.5915397270560958,0.8905773423361327,0.49225195355583456,0.9287470416258267
3__0,Team 3,Finishing,WIP,1352.5200000000002,0.0,pieces,0.7584761231789163,0.5924672401079778,0.8913273501700142,0.4911712854927107,0.9292351785220127
3__0,Team 3,Finishing,WIP,1402.6133333333335,0.0,pieces,0.7591166832731565,0.5933603612888401,0.8918859738303627,0.49012997333893843,0.9297026653843743
3__0,Team 3,Finishing,WIP,1452.706666666667,0.0,pieces,0.75973264445079,0.5942296433436903,0.8924516264515782,0.48947099735523747,0.9301510645361215
3__0,Team 3,Finishing,WIP,1502.8000000000002,0.0,pieces,0.7603257472491564,0.5946726773507552,0.8930477879814448,0.48917182283038035,0.9305817714150074
3__0,Team 3,Finishing,Workers,7.000000000000002,7.000000000000002,workers,0.7683082242234069,0.7322529230666132,0.8021500955974888,0.7148036085393515,0.8176042069277429
3__0,Team 3,Finishing,Workers,8.700000000000003,7.000000000000002,workers,0.789348311865479,0.7574375668330011,0.8210084618358151,0.7389135130314572,0.8331072948276673
3__0,Team 3,Finishing,Workers,10.400000000000002,7.000000000000002,workers,0.8058364507245104,0.7752213184040045,0.8351220496385552,0.7582338545117585,0.8475229054286819
3__0,Team 3,Finishing,Workers,12.100000000000003,7.000000000000002,workers,0.8191954131663333,0.7891673376558953,0.8467388075321083,0.7720498322394499,0.860551829575991
3__0,Team 3,Finishing,Workers,13.800000000000004,7.000000000000002,workers,0.8302951396913759,0.8004357348330662,0.8571153990238632,0.7843078077673632,0.870582256468681
3__0,Team 3,Finishing,Workers,15.500000000000004,7.000000000000002,workers,0.8397014792517323,0.8102495905462181,0.865936148386953,0.7962964663627718,0.879967290124733
3__0,Team 3,Finishing,Workers,17.200000000000003,7.000000000000002,workers,0.8478004456080632,0.8184167030245452,0.873852539953203,0.8042868458969856,0.8875178031373926
3__0,Team 3,Finishing,Workers,18.900000000000006,7.000000000000002,workers,0.8548655487622934,0.8258312035713271,0.8808307822271881,0.8117983502136658,0.8951506491614196
3__0,Team 3,Finishing,Workers,20.600000000000005,7.000000000000002,workers,0.8610966744613394,0.8321236335371424,0.8870584909416948,0.8182691434024864,0.9005705100785705
3__0,Team 3,Finishing,Workers,22.300000000000004,7.000000000000002,workers,0.8666437137715525,0.8382790446622806,0.8927727412790839,0.8235710155659656,0.90552570971645
3__0,Team 3,Finishing,Workers,24.000000000000007,7.000000000000002,workers,0.8716215432963946,0.8436634643706037,0.897758544839544,0.8289312197742191,0.9101488067606838
3__0,Team 3,Finishing,Workers,25.700000000000003,7.000000000000002,workers,0.8761198645968671,0.847991541895656,0.902392406570476,0.8329920270773834,0.9149393607958816
3__0,Team 3,Finishing,Workers,27.400000000000006,7.000000000000002,workers,0.8802098651897123,0.8519186483349062,0.9064013141891742,0.8365996651503774,0.9194271334385203
3__0,Team 3,Finishing,Workers,29.10000000000001,7.000000000000002,workers,0.8839488469713641,0.8560284330659905,0.909614815737892,0.8399735734035876,0.9228774579478989
3__0,Team 3,Finishing,Workers,30.800000000000004,7.000000000000002,workers,0.8873835162994476,0.8596675755123728,0.9130555688127571,0.8435158121852113,0.9258121869134474
3__0,Team 3,Finishing,Workers,32.50000000000001,7.000000000000002,workers,0.8905523700400234,0.8626990620648837,0.9158793292472915,0.8461969024078799,0.928425500308355
3__0,Team 3,Finishing,Workers,34.20000000000001,7.000000000000002,workers,0.8934874570236148,0.8655534194199648,0.9186891602329461,0.8486964820685647,0.9312873103907285
3__0,Team 3,Finishing,Workers,35.900000000000006,7.000000000000002,workers,0.8962156992331224,0.8683624710744892,0.9216360188146527,0.8512025817073843,0.9336569725289613
3__0,Team 3,Finishing,Workers,37.60000000000001,7.000000000000002,workers,0.8987598970272245,0.870576931676608,0.9240588588033353,0.8539602959902767,0.9358434102887544
3__0,Team 3,Finishing,Workers,39.300000000000004,7.000000000000002,workers,0.9011395039086384,0.8724725423430312,0.9261956964792312,0.8564404845492103,0.9379340924838422
3__0,Team 3,Finishing,Workers,41.00000000000001,7.000000000000002,workers,0.9033712307238834,0.8743874829645035,0.9282854206306815,0.858338421056475,0.9400481186916254
3__0,Team 3,Finishing,Workers,42.70000000000001,7.000000000000002,workers,0.9054695219236074,0.8764518335146174,0.9302579534547762,0.8600968377393663,0.9415330504207877
3__0,Team 3,Finishing,Workers,44.400000000000006,7.000000000000002,workers,0.9074469346813882,0.8787853052721945,0.932225735602217,0.8619021339715027,0.9431857023567484
3__0,Team 3,Finishing,Workers,46.10000000000001,7.000000000000002,workers,0.9093144434250386,0.8805651580117936,0.9340726788532344,0.8638289428918537,0.9450241092033926
3__0,Team 3,Finishing,Workers,47.80000000000001,7.000000000000002,workers,0.9110816865045552,0.8822607434496091,0.9359693131042369,0.8652798420290053,0.946600938901181
3__0,Team 3,Finishing,Workers,49.50000000000001,7.000000000000002,workers,0.9127571675412463,0.8839514140903845,0.9374212652231018,0.867258114748568,0.9481818892443877
3__0,Team 3,Finishing,Workers,51.20000000000001,7.000000000000002,workers,0.9143484209680875,0.8857307367629796,0.939001452951547,0.8688601307261392,0.9494867368362351
3__0,Team 3,Finishing,Workers,52.90000000000001,7.000000000000002,workers,0.915862149042436,0.8872209079133618,0.9404121457994558,0.8703959795543579,0.9507154695548072
3__0,Team 3,Finishing,Workers,54.60000000000001,7.000000000000002,workers,0.9173043359571407,0.8887155594728884,0.9417932632050332,0.871876123938651,0.9519470302228374
3__0,Team 3,Finishing,Workers,56.30000000000001,7.000000000000002,workers,0.9186803434346037,0.8903623721803408,0.9430995744562255,0.8733010981133701,0.9532008016124124
3__0,Team 3,Finishing,Workers,58.000000000000014,7.000000000000002,workers,0.9199949912482986,0.8917552323123177,0.9443337082977513,0.8745725288446106,0.9541315538802654
3__0,Team 3,Finishing,Overtime,960.0,1920.0000000000007,min,0.772035889024795,0.7360960860478821,0.8053305364805212,0.7182951585266506,0.8197361176382144
3__0,Team 3,Finishing,Overtime,1273.6,1920.0000000000007,min,0.7705220191432408,0.7348582360053697,0.8040327028803411,0.7168750819739151,0.8190239189394272
3__0,Team 3,Finishing,Overtime,1587.2,1920.0000000000007,min,0.7693371014360034,0.7331687122281486,0.8030706847609356,0.7157654338602096,0.8185937266874447
3__0,Team 3,Finishing,Overtime,1900.8000000000002,1920.0000000000007,min,0.7683626443239764,0.7322975858431017,0.8021968843383452,0.7148544429120385,0.8176588330279276
3__0,Team 3,Finishing,Overtime,1920.0000000000007,1920.0000000000007,min,0.7683082242234069,0.7322529230666132,0.8021500955974888,0.7148036085393515,0.8176042069277429
3__0,Team 3,Finishing,Overtime,2214.4,1920.0000000000007,min,0.7675346104964724,0.731654462411266,0.8014917634696851,0.7133887340234986,0.8168265529704536
3__0,Team 3,Finishing,Overtime,2528.0,1920.0000000000007,min,0.7668144178383197,0.7307718322618055,0.8009884759675218,0.7120578377898525,0.816102208958755
3__0,Team 3,Finishing,Overtime,2841.6000000000004,1920.0000000000007,min,0.7661770024206216,0.7302748454840297,0.800423493021118,0.7108796655377454,0.8153544938917932
3__0,Team 3,Finishing,Overtime,3155.2000000000003,1920.0000000000007,min,0.7656051531111372,0.7295189154748102,0.7998494182412254,0.7098244991971052,0.8146416489703215
3__0,Team 3,Finishing,Overtime,3468.8,1920.0000000000007,min,0.7650865360395803,0.7284971180539932,0.7993700166963638,0.7090321452609756,0.81429531846221
3__0,Team 3,Finishing,Overtime,3782.4,1920.0000000000007,min,0.7646120079774172,0.7278448366008848,0.7989639020570535,0.7085408766823378,0.8139006277197446
3__0,Team 3,Finishing,Overtime,4096.0,1920.0000000000007,min,0.7641746015257039,0.7273608200239999,0.7986323520047096,0.708106770957236,0.8134440020505335
3__0,Team 3,Finishing,Overtime,4409.6,1920.0000000000007,min,0.7637688844493925,0.7269272241393868,0.7982753510135615,0.7077045756184424,0.8130588495874339
3__0,Team 3,Finishing,Overtime,4723.200000000001,1920.0000000000007,min,0.7633905388744581,0.7266271495799653,0.7979103077316502,0.7071214984735356,0.8127677929442189
3__0,Team 3,Finishing,Overtime,5036.8,1920.0000000000007,min,0.7630360755569706,0.7263667603950879,0.7976277909272151,0.7068385326801833,0.812507230602629
3__0,Team 3,Finishing,Overtime,5350.400000000001,1920.0000000000007,min,0.7627026342998842,0.7259092863713498,0.7973326721613487,0.7065307438157313,0.8122943845049255
3__0,Team 3,Finishing,Overtime,5664.0,1920.0000000000007,min,0.7623878411012064,0.7253633347578143,0.7970505273536519,0.7057576576987087,0.8120804509499914
3__0,Team 3,Finishing,Overtime,5977.6,1920.0000000000007,min,0.7620897037109773,0.7250167538308891,0.7967820609541376,0.7053485184354745,0.8118778746875822
3__0,Team 3,Finishing,Overtime,6291.200000000001,1920.0000000000007,min,0.7618065338290783,0.7247015613928628,0.7965396321417376,0.7050011338476567,0.8116855024608954
3__0,Team 3,Finishing,Overtime,6604.8,1920.0000000000007,min,0.7615368881800822,0.7244014947533186,0.7963010182978437,0.7046704280601211,0.8115023485857639
3__0,Team 3,Finishing,Overtime,6918.400000000001,1920.0000000000007,min,0.7612795232199828,0.7241151598002035,0.796045554811187,0.7043548635060425,0.8113275639469153
3__0,Team 3,Finishing,Overtime,7232.0,1920.0000000000007,min,0.7610333598554663,0.7238413470714936,0.7958511909536318,0.7040531062947004,0.8111582493953333
3__0,Team 3,Finishing,Overtime,7545.6,1920.0000000000007,min,0.7607974556305447,0.72357900048958,0.7956467280546431,0.703763991721286,0.8109952315279328
3__0,Team 3,Finishing,Overtime,7859.200000000001,1920.0000000000007,min,0.7605709825597985,0.7233386710438554,0.795446345452373,0.703486496785657,0.8108387502604132
3__0,Team 3,Finishing,Overtime,8172.8,1920.0000000000007,min,0.7603532092854836,0.7232096102056077,0.7952903275546425,0.7032197180768068,0.8106882978925062
3__0,Team 3,Finishing,Overtime,8486.400000000001,1920.0000000000007,min,0.76014348658376,0.7231101940931525,0.7951912703869061,0.7029628538125356,0.8105452878748617
3__0,Team 3,Finishing,Overtime,8800.0,1920.0000000000007,min,0.7599412354925766,0.72280976163057,0.7950605326950724,0.702715189130976,0.8104084226426803
3__0,Team 3,Finishing,Overtime,9113.6,1920.0000000000007,min,0.7597459375116571,0.7225127280738074,0.7948924117633309,0.7024760839518222,0.8102762780188174
3__0,Team 3,Finishing,Overtime,9427.2,1920.0000000000007,min,0.7595571264549978,0.7222814870778067,0.7947276275992761,0.7022449628864665,0.8101584038213248
3__0,Team 3,Finishing,Overtime,9740.800000000001,1920.0000000000007,min,0.7593743816322256,0.7221560613347587,0.7945761280429967,0.7020213067954119,0.8101117055997761
3__0,Team 3,Finishing,Overtime,10054.400000000001,1920.0000000000007,min,0.7591973221067694,0.7220345753334662,0.7944293499409498,0.701789581142528,0.8100664786306551
3__0,Team 3,Finishing,Overtime,10368.0,1920.0000000000007,min,0.7590256018329108,0.7218148365454631,0.7942812294489657,0.7015426178555318,0.8100226327879236
3__0,Team 3,Finishing,SMV,1.8999999999999997,3.599999999999999,,0.7943136455842673,0.7604004422470229,0.8261489641721805,0.74422673442619,0.840197396502494
3__0,Team 3,Finishing,SMV,2.806666666666666,3.599999999999999,,0.7792648350951614,0.7445823883019033,0.8121520779955832,0.7272045990134728,0.8268308855820127
3__0,Team 3,Finishing,SMV,3.599999999999999,3.599999999999999,,0.7683082242234069,0.7322529230666132,0.8021500955974888,0.7148036085393515,0.8176042069277429
3__0,Team 3,Finishing,SMV,3.713333333333333,3.599999999999999,,0.7668707762415611,0.7306625753083638,0.800939458621564,0.7129647946815436,0.8164774851568236
3__0,Team 3,Finishing,SMV,4.619999999999999,3.599999999999999,,0.7562868300235281,0.7194178810924905,0.7918799550599863,0.6993094965470218,0.8081926517660768
3__0,Team 3,Finishing,SMV,5.526666666666666,3.599999999999999,,0.7470247598537071,0.7090467363230102,0.7844719250948115,0.687404301667668,0.8025218415961956
3__0,Team 3,Finishing,SMV,6.433333333333333,3.599999999999999,,0.7387747699013194,0.6989181273673545,0.778133255864941,0.6756343324435312,0.7974922356364607
3__0,Team 3,Finishing,SMV,7.339999999999999,3.599999999999999,,0.731327001388885,0.6893638652703218,0.7722936453206898,0.6650329740491158,0.7926095769670576
3__0,Team 3,Finishing,SMV,8.246666666666666,3.599999999999999,,0.7245322144008837,0.6808089410056767,0.7671357166092664,0.6572436090715603,0.7886040741719391
3__0,Team 3,Finishing,SMV,9.153333333333332,3.599999999999999,,0.7182802105064576,0.672792166471349,0.7618520316287621,0.6495018957286498,0.7853222835117136
3__0,Team 3,Finishing,SMV,10.06,3.599999999999999,,0.7124871411177626,0.6653791924616221,0.7579597751733201,0.6404581052157845,0.7824446810721728
3__0,Team 3,Finishing,SMV,10.966666666666667,3.599999999999999,,0.7070876236880523,0.6591367446539368,0.7535848330846369,0.6325572042730855,0.7790146109909698
3__0,Team 3,Finishing,SMV,11.873333333333333,3.599999999999999,,0.7020296233998389,0.6521891239722637,0.7504089565108896,0.6262625488090332,0.7755657797687318
3__0,Team 3,Finishing,SMV,12.78,3.599999999999999,,0.6972710067401306,0.6456009246638352,0.7468381957468785,0.6191870391230101,0.7730975012872389
3__0,Team 3,Finishing,SMV,13.686666666666666,3.599999999999999,,0.6927771484819293,0.6390316295611155,0.7433941548782296,0.6130018384731699,0.7717429999503947
3__0,Team 3,Finishing,SMV,14.593333333333334,3.599999999999999,,0.6885192259759935,0.6336189119722652,0.7400060789560764,0.6068118271698245,0.7693834655084612
3__0,Team 3,Finishing,SMV,15.5,3.599999999999999,,0.6844729755078481,0.6285575119663697,0.737134352117741,0.5999884522075561,0.767586116246345
3__0,Team 3,Finishing,SMV,16.406666666666666,3.599999999999999,,0.6806177674526754,0.6232363872918645,0.7343827082004641,0.5936778120519873,0.7653743412969944
3__0,Team 3,Finishing,SMV,17.313333333333333,3.599999999999999,,0.6769359064321282,0.6180099882699339,0.7319779237806899,0.588501898612287,0.7628840620579302
3__0,Team 3,Finishing,SMV,18.22,3.599999999999999,,0.6734120934887284,0.6136475944374191,0.7296296753754405,0.5836355085575937,0.7607031175483215
3__0,Team 3,Finishing,SMV,19.126666666666665,3.599999999999999,,0.6700330070238479,0.6087189568254429,0.727091363760512,0.5789593555664603,0.7577020762061452
3__0,Team 3,Finishing,SMV,20.03333333333333,3.599999999999999,,0.6667869721945395,0.6038071610414486,0.724832540029904,0.5742863661211719,0.7560460143282952
3__0,Team 3,Finishing,SMV,20.939999999999998,3.599999999999999,,0.663663697152321,0.5999182889183403,0.7234550550596337,0.5699875330991208,0.7536675592666833
3__0,Team 3,Finishing,SMV,21.846666666666664,3.599999999999999,,0.6606540604523161,0.5961831156849817,0.721718094602459,0.5658620003471156,0.7513614439616927
3__0,Team 3,Finishing,SMV,22.75333333333333,3.599999999999999,,0.6577499381029445,0.592452659971839,0.7195671731497785,0.561772595879201,0.7491242883470796
3__0,Team 3,Finishing,SMV,23.659999999999997,3.599999999999999,,0.6549440616590895,0.5890577375662035,0.7181047333018145,0.5574336688774832,0.7478736558128083
3__0,Team 3,Finishing,SMV,24.566666666666663,3.599999999999999,,0.6522299008693445,0.5853052464779788,0.7164290923258675,0.5531724722807766,0.7464560902830927
3__0,Team 3,Finishing,SMV,25.47333333333333,3.599999999999999,,0.6496015659232819,0.581942180786253,0.7147139813426734,0.5490523697087711,0.7451757963888711
3__0,Team 3,Finishing,SMV,26.38,3.599999999999999,,0.647053725477309,0.5787474897960062,0.7129252694829916,0.5450656672981219,0.7439337620396925
3__0,Team 3,Finishing,SMV,27.286666666666665,3.599999999999999,,0.6445815374828544,0.575410134489468,0.7109316400997332,0.5412885489682846,0.7424436247700833
3__0,Team 3,Finishing,SMV,28.19333333333333,3.599999999999999,,0.6421805904780941,0.5724437207828746,0.7098794071493197,0.5378156430531957,0.7407661411980527
3__0,Team 3,Finishing,SMV,29.099999999999998,3.599999999999999,,0.6398468534900498,0.568886251240031,0.7085667366361765,0.5343865025406622,0.739133201384119
3__0,Team 3,Finishing,Style Changes,0.0,0.0,,0.7683082242234069,0.7322529230666132,0.8021500955974888,0.7148036085393515,0.8176042069277429
3__0,Team 3,Finishing,Style Changes,1.0,0.0,,0.7805390841070866,0.7443903399076071,0.8146158463135582,0.7238252726786001,0.8298412575211178
3__0,Team 3,Finishing,Style Changes,2.0,0.0,,0.7921435401440766,0.7544187487538878,0.8274951437086564,0.7319040142815293,0.8465943062738656
3__1,Team 3,Sewing,Incentive,0.0,63.000000000000036,BDT,0.6436338941125743,0.6023697179644086,0.6838144842278632,0.5801584448302806,0.7055901328998642
3__1,Team 3,Sewing,Incentive,2.9333333333333327,63.000000000000036,BDT,0.6673571585378459,0.6253497344967881,0.7085946031155758,0.6006868248346421,0.7313330014849732
3__1,Team 3,Sewing,Incentive,5.866666666666665,63.000000000000036,BDT,0.6786435236872425,0.6406883469653388,0.7154817288919999,0.6175960878502125,0.735640266650093
3__1,Team 3,Sewing,Incentive,8.799999999999997,63.000000000000036,BDT,0.6857291089112262,0.6504706388797686,0.7202621167204736,0.627707421867963,0.7396430619979059
3__1,Team 3,Sewing,Incentive,11.73333333333333,63.000000000000036,BDT,0.6908825238897336,0.6561143734730465,0.7243055385994001,0.6344479622452583,0.7425458612801513
3__1,Team 3,Sewing,Incentive,14.666666666666664,63.000000000000036,BDT,0.6949240346208077,0.660639712365603,0.7274029184213014,0.641120514988261,0.7448423773334452
3__1,Team 3,Sewing,Incentive,17.599999999999994,63.000000000000036,BDT,0.6982434224953683,0.665041294871851,0.7302211254666858,0.6455232820926301,0.7467437193592302
3__1,Team 3,Sewing,Incentive,20.533333333333328,63.000000000000036,BDT,0.7010564556342027,0.6686403596705995,0.7326351166065879,0.6484151350092348,0.7489648907127135
3__1,Team 3,Sewing,Incentive,23.46666666666666,63.000000000000036,BDT,0.7049922482240443,0.6736623222761973,0.7348330486836504,0.6545943205774208,0.7511285438840731
3__1,Team 3,Sewing,Incentive,26.399999999999995,63.000000000000036,BDT,0.7152289482045847,0.6873076085494559,0.7415314362577708,0.6735901987501983,0.7564197277988345
3__1,Team 3,Sewing,Incentive,29.33333333333333,63.000000000000036,BDT,0.7240692986532612,0.6986086110782733,0.7482359207010769,0.6853146247622555,0.7618723986703774
3__1,Team 3,Sewing,Incentive,32.26666666666666,63.000000000000036,BDT,0.7325079595797532,0.7081695605087984,0.7553877596401092,0.695727041232501,0.7691507964402192
3__1,Team 3,Sewing,Incentive,35.19999999999999,63.000000000000036,BDT,0.7410649153235912,0.7174929838461569,0.7632715110833499,0.7068845149904079,0.7766335349538989
3__1,Team 3,Sewing,Incentive,38.133333333333326,63.000000000000036,BDT,0.7499935378225137,0.7273989443520138,0.7714608139368896,0.7176331433907265,0.7848520904272869
3__1,Team 3,Sewing,Incentive,41.066666666666656,63.000000000000036,BDT,0.7593920084244163,0.7379146977368777,0.7801174705394669,0.7277807020662015,0.7927222167209232
3__1,Team 3,Sewing,Incentive,43.99999999999999,63.000000000000036,BDT,0.7692663637702573,0.7484753379295973,0.7895053543499546,0.7379833141058258,0.8008944673842942
3__1,Team 3,Sewing,Incentive,46.93333333333332,63.000000000000036,BDT,0.7795679196864185,0.7595681193384453,0.7989286111259353,0.7491691588795866,0.8094677674856711
3__1,Team 3,Sewing,Incentive,49.86666666666665,63.000000000000036,BDT,0.7902164382906872,0.7710934398254478,0.8087321428423817,0.7611333167596587,0.8191788979948004
3__1,Team 3,Sewing,Incentive,52.79999999999999,63.000000000000036,BDT,0.8011150058841242,0.7827331555042962,0.8185335781945976,0.7734405690324051,0.8292438475718652
3__1,Team 3,Sewing,Incentive,55.73333333333332,63.000000000000036,BDT,0.8121598865408746,0.7944515298902701,0.8288390400807861,0.7853585000580452,0.8387861282112274
3__1,Team 3,Sewing,Incentive,58.66666666666666,63.000000000000036,BDT,0.8232471977171784,0.8063831982093416,0.8393796383607941,0.7977469270180433,0.8480673748538035
3__1,Team 3,Sewing,Incentive,61.59999999999999,63.000000000000036,BDT,0.8342774808471634,0.8181836087087622,0.8496088449225472,0.8101705318458989,0.8577901441988697
3__1,Team 3,Sewing,Incentive,63.000000000000036,63.000000000000036,BDT,0.839491848923295,0.8238145208448959,0.8543446447928214,0.8156766963339441,0.862530290640539
3__1,Team 3,Sewing,Incentive,64.53333333333332,63.000000000000036,BDT,0.8451358690551233,0.8299883169900861,0.8594825323561758,0.8218913657534993,0.8675997133849026
3__1,Team 3,Sewing,Incentive,67.46666666666665,63.000000000000036,BDT,0.855652552543379,0.8414786454953188,0.8693535277287424,0.8330550160920258,0.8768827266578502
3__1,Team 3,Sewing,Incentive,69.5,63.000000000000036,BDT,0.8626707752051249,0.8493221496824442,0.8762019524929484,0.8407749324156436,0.8832517631123433
3__1,Team 3,Sewing,Incentive,70.39999999999998,63.000000000000036,BDT,0.8656963875101982,0.852744125264998,0.8790839258746692,0.8439658150623371,0.8858773935335181
3__1,Team 3,Sewing,Incentive,73.33333333333331,63.000000000000036,BDT,0.8751856802428841,0.8626997615560418,0.8878796119420568,0.8541039852997853,0.8946326119773078
3__1,Team 3,Sewing,Incentive,76.26666666666665,63.000000000000036,BDT,0.8840761708300744,0.8720803200334182,0.8961684492953241,0.8635408161105624,0.9023423840190314
3__1,Team 3,Sewing,Incentive,79.19999999999999,63.000000000000036,BDT,0.892351295304865,0.8806249181721658,0.9039394856299607,0.8723744724152807,0.9099329329366523
3__1,Team 3,Sewing,Incentive,82.13333333333331,63.000000000000036,BDT,0.9000144287583549,0.8888879592703768,0.9109147818257017,0.8807990372951595,0.9165642647154678
3__1,Team 3,Sewing,Incentive,85.06666666666665,63.000000000000036,BDT,0.9070828126389043,0.896161884892209,0.9174673524484258,0.8888421186670736,0.922849956205225
3__1,Team 3,Sewing,Incentive,87.99999999999999,63.000000000000036,BDT,0.9135828838720429,0.9031878127711127,0.9236501825363335,0.8958059523515656,0.9285644062618519
3__1,Team 3,Sewing,WIP,0.0,735.0000000000003,pieces,0.6381433939706019,0.5386649255656342,0.730277385624146,0.48297532249787045,0.7732102816618232
3__1,Team 3,Sewing,WIP,50.09333333333334,735.0000000000003,pieces,0.7713045685243113,0.7344278355777971,0.8062372780121808,0.7115290395839128,0.82304269648414
3__1,Team 3,Sewing,WIP,100.18666666666668,735.0000000000003,pieces,0.7906218828860351,0.7620690919335742,0.8186407551187808,0.7439624107834104,0.831811334295409
3__1,Team 3,Sewing,WIP,150.28000000000003,735.0000000000003,pieces,0.8013945294780391,0.7768490754305337,0.8255590650825807,0.7622764516792335,0.8365114372388707
3__1,Team 3,Sewing,WIP,200.37333333333336,735.0000000000003,pieces,0.8087860427244199,0.7866843014559867,0.830502746561304,0.7741938754294982,0.8398753108507423
3__1,Team 3,Sewing,WIP,250.4666666666667,735.0000000000003,pieces,0.8143721219881046,0.7939318555259925,0.8342011679861167,0.7823911624962698,0.843520778444134
3__1,Team 3,Sewing,WIP,300.56000000000006,735.0000000000003,pieces,0.8188398631838665,0.7994336287079968,0.8376457451975584,0.7887745059969825,0.847325828376149
3__1,Team 3,Sewing,WIP,350.65333333333336,735.0000000000003,pieces,0.8225493475293364,0.8043958527118583,0.8403734114003837,0.7934079978289217,0.8499493236775788
3__1,Team 3,Sewing,WIP,400.7466666666667,735.0000000000003,pieces,0.8257122604954591,0.8078396441560323,0.8429551660361861,0.7979409196390731,0.8520534513918893
3__1,Team 3,Sewing,WIP,450.8400000000001,735.0000000000003,pieces,0.828463325710976,0.8112976110825629,0.8452059736142414,0.801622436725079,0.853927522131982
3__1,Team 3,Sewing,WIP,500.9333333333334,735.0000000000003,pieces,0.8308934360692937,0.8143257023310473,0.8469719084454546,0.8052348661879466,0.8554640198375112
3__1,Team 3,Sewing,WIP,551.0266666666668,735.0000000000003,pieces,0.8330667226146216,0.816756100429467,0.8487869735462292,0.8082448863807769,0.8570283134155495
3__1,Team 3,Sewing,WIP,601.1200000000001,735.0000000000003,pieces,0.8350300703185547,0.8188798209240219,0.8504360104156916,0.810557205952775,0.8586124486760509
3__1,Team 3,Sewing,WIP,651.2133333333335,735.0000000000003,pieces,0.8368187604164916,0.820863976711104,0.8520436612955437,0.8127623828720211,0.8603817836370394
3__1,Team 3,Sewing,WIP,701.3066666666667,735.0000000000003,pieces,0.8384599861637299,0.822801650862642,0.8532227284754499,0.8145203385237616,0.8616211089563685
3__1,Team 3,Sewing,WIP,735.0000000000003,735.0000000000003,pieces,0.839491848923295,0.8238145208448959,0.8543446447928214,0.8156766963339441,0.862530290640539
3__1,Team 3,Sewing,WIP,751.4000000000001,735.0000000000003,pieces,0.8399751348301863,0.8244153764345254,0.8549065725478895,0.8162116592950097,0.8629192058499678
3__1,Team 3,Sewing,WIP,801.4933333333335,735.0000000000003,pieces,0.8413813204820321,0.8260892380674482,0.8560763306873053,0.8178174777195208,0.8639492378937741
3__1,Team 3,Sewing,WIP,851.5866666666668,735.0000000000003,pieces,0.8426924439696687,0.8274688454665502,0.8574265470146079,0.8193207110906967,0.8653510240558084
3__1,Team 3,Sewing,WIP,901.6800000000002,735.0000000000003,pieces,0.8439199445988126,0.8289893090120946,0.8586672433946744,0.8209490037229259,0.8664627723058288
3__1,Team 3,Sewing,WIP,951.7733333333334,735.0000000000003,pieces,0.8450733449527562,0.8303824416976631,0.8596580538730516,0.8220543711761035,0.8674324277020129
3__1,Team 3,Sewing,WIP,1001.8666666666668,735.0000000000003,pieces,0.8461606534551612,0.8312071078433695,0.8608616568267868,0.8233403924738714,0.8682577166837951
3__1,Team 3,Sewing,WIP,1051.9600000000003,735.0000000000003,pieces,0.8471886669317464,0.8321378800558633,0.8616583036497718,0.8244871984087676,0.8690017764103183
3__1,Team 3,Sewing,WIP,1102.0533333333335,735.0000000000003,pieces,0.848163201497581,0.833015914261445,0.8626115059883404,0.8256058881828742,0.8699168295611435
3__1,Team 3,Sewing,WIP,1152.1466666666668,735.0000000000003,pieces,0.8490892711724578,0.8340646149712111,0.8636933664214586,0.8266378760842472,0.8708221860413594
3__1,Team 3,Sewing,WIP,1202.2400000000002,735.0000000000003,pieces,0.8499712277738053,0.8348804943357788,0.8646278463132557,0.8272543579835063,0.8717003748080413
3__1,Team 3,Sewing,WIP,1252.3333333333335,735.0000000000003,pieces,0.8508128717158085,0.8358785769813949,0.8654361955401444,0.827959333525472,0.8724815529900063
3__1,Team 3,Sewing,WIP,1302.426666666667,735.0000000000003,pieces,0.8516175406661194,0.8369327890939283,0.8663071546282815,0.828602123268845,0.8732934229261804
3__1,Team 3,Sewing,WIP,1352.5200000000002,735.0000000000003,pieces,0.8523881811515701,0.8377962939306909,0.8673009463147154,0.8292377040732496,0.8741640375803971
3__1,Team 3,Sewing,WIP,1402.6133333333335,735.0000000000003,pieces,0.8531274068914149,0.838492392208233,0.8681333063956871,0.8298209964916238,0.8750817447661108
3__1,Team 3,Sewing,WIP,1452.706666666667,735.0000000000003,pieces,0.8538375466962922,0.8391235445351936,0.8688050735563676,0.8305025448021442,0.8757160805446318
3__1,Team 3,Sewing,WIP,1502.8000000000002,735.0000000000003,pieces,0.8545206840888706,0.8398206102749284,0.8695056240169887,0.8311771118499376,0.8764842928477594
3__1,Team 3,Sewing,Workers,7.000000000000002,56.999999999999986,workers,0.730330503533886,0.6243016472547039,0.8256249848987526,0.5576892076141083,0.8581454203293071
3__1,Team 3,Sewing,Workers,8.700000000000003,56.999999999999986,workers,0.7429809769154497,0.650829263131486,0.8270873969618623,0.5900459671618792,0.8576018569455927
3__1,Team 3,Sewing,Workers,10.400000000000002,56.999999999999986,workers,0.7532953683217063,0.6722379435816203,0.8286613551128595,0.6188836159755913,0.8567479605137981
3__1,Team 3,Sewing,Workers,12.100000000000003,56.999999999999986,workers,0.7619468461129661,0.6891124508591294,0.8299481208888893,0.6404648347792555,0.8567876951091162
3__1,Team 3,Sewing,Workers,13.800000000000004,56.999999999999986,workers,0.769359210436586,0.7033581146571496,0.8315895237916715,0.6589267152880859,0.8565048662016274
3__1,Team 3,Sewing,Workers,15.500000000000004,56.999999999999986,workers,0.7758157987820429,0.7152825293010416,0.8330738132490293,0.6741048481586569,0.8562214170476286
3__1,Team 3,Sewing,Workers,17.200000000000003,56.999999999999986,workers,0.7815149230598344,0.7257267072780834,0.8343754454519211,0.6874338310532208,0.8559653898736019
3__1,Team 3,Sewing,Workers,18.900000000000006,56.999999999999986,workers,0.7866004978816549,0.7351843817075004,0.8355458459020854,0.699401065789245,0.8555499134230464
3__1,Team 3,Sewing,Workers,20.600000000000005,56.999999999999986,workers,0.7911800705898322,0.7433783249139674,0.8362950930658161,0.7101364247886601,0.8548501238057022
3__1,Team 3,Sewing,Workers,22.300000000000004,56.999999999999986,workers,0.7953359873655297,0.7509326314391213,0.8374370407509046,0.7197172695846746,0.8545124143692723
3__1,Team 3,Sewing,Workers,24.000000000000007,56.999999999999986,workers,0.7991326019975933,0.7581168483813457,0.8379242582126569,0.7286681466949461,0.8546967298959224
3__1,Team 3,Sewing,Workers,25.700000000000003,56.999999999999986,workers,0.8026210943053124,0.7644704327687633,0.8389721675976396,0.7374708860023352,0.8545766781971693
3__1,Team 3,Sewing,Workers,27.400000000000006,56.999999999999986,workers,0.8058427871995703,0.770146628927667,0.83992367329621,0.7452717031809786,0.8547988764872837
3__1,Team 3,Sewing,Workers,29.10000000000001,56.999999999999986,workers,0.8088314888391226,0.7756985120663555,0.840922978109906,0.7531504180000657,0.8546458928227331
3__1,Team 3,Sewing,Workers,30.800000000000004,56.999999999999986,workers,0.8116151832970756,0.7808264506470358,0.8416747664745342,0.760066095704884,0.8546829737522587
3__1,Team 3,Sewing,Workers,32.50000000000001,56.999999999999986,workers,0.8142172748246633,0.7857934937937213,0.8423496538824665,0.7666545185865116,0.8546504396722355
3__1,Team 3,Sewing,Workers,34.20000000000001,56.999999999999986,workers,0.8166575194225993,0.7902693756593242,0.8431798667908311,0.7728143808173175,0.8546951807285528
3__1,Team 3,Sewing,Workers,35.900000000000006,56.999999999999986,workers,0.8189527330545672,0.793989360096364,0.8439020634627046,0.778420845227399,0.8545864569215365
3__1,Team 3,Sewing,Workers,37.60000000000001,56.999999999999986,workers,0.821117337502131,0.7976468481605914,0.8448124899004478,0.7839356896679303,0.8543247623571734
3__1,Team 3,Sewing,Workers,39.300000000000004,56.999999999999986,workers,0.8231637863318529,0.8009775688286006,0.8455766672983168,0.7885069117247753,0.8551575567879512
3__1,Team 3,Sewing,Workers,41.00000000000001,56.999999999999986,workers,0.8251029010683987,0.8041791564961357,0.8463811478298096,0.7927195623808047,0.8553405738104338
3__1,Team 3,Sewing,Workers,42.70000000000001,56.999999999999986,workers,0.8269441392390159,0.8069696629091131,0.8470406452122426,0.7961953241164185,0.8556242284350181
3__1,Team 3,Sewing,Workers,44.400000000000006,56.999999999999986,workers,0.8286958101140715,0.8096868952930266,0.8478578312872945,0.799064848750333,0.855819669189339
3__1,Team 3,Sewing,Workers,46.10000000000001,56.999999999999986,workers,0.8303652498561549,0.8120739083608821,0.8483412457435852,0.8011065810873516,0.8567950770497664
3__1,Team 3,Sewing,Workers,47.80000000000001,56.999999999999986,workers,0.8319589648524581,0.8141996019996318,0.849550878238931,0.8036484869154404,0.8575138169051483
3__1,Team 3,Sewing,Workers,49.50000000000001,56.999999999999986,workers,0.8334827498780941,0.8167223700174318,0.8504039947100851,0.8062499884531581,0.8582947742360045
3__1,Team 3,Sewing,Workers,51.20000000000001,56.999999999999986,workers,0.8349417861790025,0.8186345759491144,0.851258230265488,0.8086211928870546,0.859174084185982
3__1,Team 3,Sewing,Workers,52.90000000000001,56.999999999999986,workers,0.8363407234070257,0.8202927493865124,0.8520521510437451,0.8106398204536367,0.8600550191058837
3__1,Team 3,Sewing,Workers,54.60000000000001,56.999999999999986,workers,0.8376837484736903,0.8219177140086978,0.8529320266778962,0.8127904178771824,0.8609519645567152
3__1,Team 3,Sewing,Workers,56.30000000000001,56.999999999999986,workers,0.8389746437336723,0.8235072320006064,0.853902111951273,0.8151656392669865,0.8621238305373918
3__1,Team 3,Sewing,Workers,56.999999999999986,56.999999999999986,workers,0.839491848923295,0.8238145208448959,0.8543446447928214,0.8156766963339441,0.862530290640539
3__1,Team 3,Sewing,Workers,58.000000000000014,56.999999999999986,workers,0.8402168364084521,0.8248214676053461,0.8552066813058806,0.8167531409308927,0.8629835526085847
3__1,Team 3,Sewing,Overtime,960.0,6960.000000000005,min,0.8474695698550909,0.8331352357319163,0.8623826688223865,0.8236560938092868,0.8693751575331653
3__1,Team 3,Sewing,Overtime,1273.6,6960.000000000005,min,0.8463556512314274,0.8319662232036767,0.8610667341155366,0.8223351547733645,0.8682867656386399
3__1,Team 3,Sewing,Overtime,1587.2,6960.000000000005,min,0.8454825546163175,0.8310784684304185,0.8601300013366378,0.821300846162244,0.8677535957778841
3__1,Team 3,Sewing,Overtime,1900.8000000000002,6960.000000000005,min,0.8447637258798821,0.8301922012044719,0.8596169503306175,0.8208519072534246,0.8670670387996839
3__1,Team 3,Sewing,Overtime,2214.4,6960.000000000005,min,0.8441523343889105,0.8295012692918691,0.8588432143305879,0.8199845509055073,0.8665338244701425
3__1,Team 3,Sewing,Overtime,2528.0,6960.000000000005,min,0.8436201384840978,0.8287437814220361,0.8582650502502354,0.8194252596174537,0.8659603346254143
3__1,Team 3,Sewing,Overtime,2841.6000000000004,6960.000000000005,min,0.8431487770231026,0.8282357697962519,0.8578003481157346,0.8189947985117528,0.8654938652052464
3__1,Team 3,Sewing,Overtime,3155.2000000000003,6960.000000000005,min,0.842725632836102,0.8278016264629756,0.857513645663863,0.8186116898590227,0.8651377570341895
3__1,Team 3,Sewing,Overtime,3468.8,6960.000000000005,min,0.8423416586047165,0.8275060255032031,0.8570659243790781,0.818264619228137,0.8648994369516463
3__1,Team 3,Sewing,Overtime,3782.4,6960.000000000005,min,0.8419901437317509,0.8270164387867724,0.8567397767002165,0.8179486405562,0.8645190291669643
3__1,Team 3,Sewing,Overtime,4096.0,6960.000000000005,min,0.8416659719699449,0.8267254637784809,0.856442915907706,0.8176629479088072,0.8643633864733782
3__1,Team 3,Sewing,Overtime,4409.6,6960.000000000005,min,0.8413651525141523,0.8263703368391696,0.8561146429959471,0.8173986846942158,0.8641426023007036
3__1,Team 3,Sewing,Overtime,4723.200000000001,6960.000000000005,min,0.8410845118697168,0.8260192242845386,0.855750685414257,0.8173764647237372,0.8639676737375753
3__1,Team 3,Sewing,Overtime,5036.8,6960.000000000005,min,0.8408214845374281,0.8256416732646793,0.8555519163364017,0.817162745193492,0.8636295334908798
3__1,Team 3,Sewing,Overtime,5350.400000000001,6960.000000000005,min,0.8405739667488434,0.8252445580041167,0.8553494527232939,0.8171015062631046,0.8634559015704956
3__1,Team 3,Sewing,Overtime,5664.0,6960.000000000005,min,0.8403402117385468,0.8249943931737014,0.8551166033357999,0.8169108518001829,0.8633085011388039
3__1,Team 3,Sewing,Overtime,5977.6,6960.000000000005,min,0.8401187531481692,0.824801536521787,0.8548901106100597,0.8165982106586884,0.8631689217607962
3__1,Team 3,Sewing,Overtime,6291.200000000001,6960.000000000005,min,0.8399083479495398,0.8245315468172528,0.8546749290159571,0.8162595559213681,0.8630327340333138
3__1,Team 3,Sewing,Overtime,6604.8,6960.000000000005,min,0.8397079332029906,0.824242514366776,0.8544892130852566,0.8159369252160886,0.8628332465537956
3__1,Team 3,Sewing,Overtime,6918.400000000001,6960.000000000005,min,0.8395165928095883,0.8238619900602455,0.8543740968671858,0.8156818084148191,0.8625616670543094
3__1,Team 3,Sewing,Overtime,6960.000000000005,6960.000000000005,min,0.839491848923295,0.8238145208448959,0.8543446447928214,0.8156766963339441,0.862530290640539
3__1,Team 3,Sewing,Overtime,7232.0,6960.000000000005,min,0.8393335316059415,0.823622762719794,0.8542039648847087,0.815597166029852,0.8624118136131508
3__1,Team 3,Sewing,Overtime,7545.6,6960.000000000005,min,0.8391580549365815,0.8234287863816833,0.8541099576291382,0.8154643338876565,0.8621944706939193
3__1,Team 3,Sewing,Overtime,7859.200000000001,6960.000000000005,min,0.8389895523693982,0.8232064726515991,0.8540031762225209,0.8152748875427901,0.8619834163769915
3__1,Team 3,Sewing,Overtime,8172.8,6960.000000000005,min,0.8388274845843806,0.8230397737726196,0.8538369896651846,0.8150981922273588,0.8617787865959154
3__1,Team 3,Sewing,Overtime,8486.400000000001,6960.000000000005,min,0.8386713727209034,0.8228603100459231,0.8536767541307849,0.8148653737290127,0.8615816221600643
3__1,Team 3,Sewing,Overtime,8800.0,6960.000000000005,min,0.8385207896499062,0.8227050885675953,0.8535663441802872,0.8146761404047942,0.8614976498941166
3__1,Team 3,Sewing,Overtime,9113.6,6960.000000000005,min,0.8383753527678887,0.8224539044376709,0.8534607297626794,0.8144705380636282,0.8614432583225322
3__1,Team 3,Sewing,Overtime,9427.2,6960.000000000005,min,0.8382347180047313,0.8222097745608933,0.8533579231116183,0.8143252000278313,0.8612841731564488
3__1,Team 3,Sewing,Overtime,9740.800000000001,6960.000000000005,min,0.8380985748078642,0.8219985858708511,0.8532600715544775,0.8141560623058194,0.8611630291966081
3__1,Team 3,Sewing,Overtime,10054.400000000001,6960.000000000005,min,0.8379666419177129,0.8219140574766522,0.8531421644766903,0.8139921706211003,0.8610577744078323
3__1,Team 3,Sewing,Overtime,10368.0,6960.000000000005,min,0.8378386637891456,0.8218145578913034,0.8530247979815014,0.8138332061126655,0.8608615381888036
3__1,Team 3,Sewing,SMV,1.8999999999999997,29.099999999999998,,0.9181665734335015,0.8983468531455565,0.9369210447717431,0.8840105954406736,0.9442598882981449
3__1,Team 3,Sewing,SMV,2.806666666666666,29.099999999999998,,0.9113881510103552,0.8923106073555925,0.9296655723015168,0.8784474781804887,0.9367849588325189
3__1,Team 3,Sewing,SMV,3.713333333333333,29.099999999999998,,0.905684075528949,0.8874299231485767,0.9233705631551863,0.8743405233915922,0.9306565198602286
3__1,Team 3,Sewing,SMV,4.619999999999999,29.099999999999998,,0.9007217762823873,0.8831593470545689,0.918064447819459,0.8706325564146173,0.92457834729092
3__1,Team 3,Sewing,SMV,5.526666666666666,29.099999999999998,,0.8963073181376157,0.8793468358054155,0.913238948187333,0.8676615984665621,0.9198048930877151
3__1,Team 3,Sewing,SMV,6.433333333333333,29.099999999999998,,0.8923166567647313,0.8759845430380143,0.9086376661938911,0.8647821531723316,0.9152316438908528
3__1,Team 3,Sewing,SMV,7.339999999999999,29.099999999999998,,0.8886651385082056,0.8727167827871588,0.9045525546577926,0.8618929189735659,0.9108146839081724
3__1,Team 3,Sewing,SMV,8.246666666666666,29.099999999999998,,0.8852921436518247,0.8697155074802436,0.9008099157183767,0.8591686527166065,0.9071646171061979
3__1,Team 3,Sewing,SMV,9.153333333333332,29.099999999999998,,0.8821526171947083,0.8670286104257582,0.8972834601179986,0.8571438145530285,0.9039415795251441
3__1,Team 3,Sewing,SMV,10.06,29.099999999999998,,0.8792120641366127,0.8642437348874682,0.8941720600397185,0.8549378618386596,0.9005982425501468
3__1,Team 3,Sewing,SMV,10.966666666666667,29.099999999999998,,0.8764434269098182,0.8616336474765908,0.8911959223691688,0.852438131188287,0.8983328367252129
3__1,Team 3,Sewing,SMV,11.873333333333333,29.099999999999998,,0.8738250495980439,0.8592649489139802,0.8880973991105908,0.8501157037057115,0.8954959721018175
3__1,Team 3,Sewing,SMV,12.78,29.099999999999998,,0.8713393015949534,0.8569498726999714,0.8852519187752802,0.8478981690045032,0.893004567913628
3__1,Team 3,Sewing,SMV,13.686666666666666,29.099999999999998,,0.8689716182244971,0.854641156768917,0.882697037916423,0.8458127785201286,0.8904119932630621
3__1,Team 3,Sewing,SMV,14.593333333333334,29.099999999999998,,0.8667098143407228,0.8525053314623954,0.8803910574017503,0.8438281995850562,0.8880579444741443
3__1,Team 3,Sewing,SMV,15.5,29.099999999999998,,0.8645435820503145,0.8505036239481406,0.878297378676022,0.8419435058663608,0.8854413174564483
3__1,Team 3,Sewing,SMV,16.406666666666666,29.099999999999998,,0.8624641158740574,0.848387765468607,0.8762028709001558,0.840263668905895,0.8834778410659062
3__1,Team 3,Sewing,SMV,17.313333333333333,29.099999999999998,,0.8604638281307703,0.8464911578957405,0.8741347311665817,0.8378757725603071,0.8813780196799617
3__1,Team 3,Sewing,SMV,18.22,29.099999999999998,,0.8585361294834137,0.844545278022658,0.8720695734627688,0.8363394394620111,0.8792618247529593
3__1,Team 3,Sewing,SMV,19.126666666666665,29.099999999999998,,0.8566752573909764,0.8427000718956573,0.8702861488447116,0.8343782401254491,0.8772814209406781
3__1,Team 3,Sewing,SMV,20.03333333333333,29.099999999999998,,0.8548761403440377,0.8404742097888743,0.8685044402430642,0.8325500864555954,0.8756851208936101
3__1,Team 3,Sewing,SMV,20.939999999999998,29.099999999999998,,0.8531342892149506,0.8386251057928154,0.8668601755503277,0.830797856299684,0.8740179994103919
3__1,Team 3,Sewing,SMV,21.846666666666664,29.099999999999998,,0.8514457094220282,0.8369354802821355,0.865513598360179,0.8290517402277843,0.8724126694399945
3__1,Team 3,Sewing,SMV,22.75333333333333,29.099999999999998,,0.8498068292609237,0.8353332729577934,0.8640236883604078,0.8271469203368292,0.8709829017000413
3__1,Team 3,Sewing,SMV,23.659999999999997,29.099999999999998,,0.8482144409300197,0.8336103736977992,0.8626179129000306,0.8256501465795397,0.869673435149409
3__1,Team 3,Sewing,SMV,24.566666666666663,29.099999999999998,,0.8466656516219755,0.8318395953678137,0.8611764904648629,0.8237046737173649,0.8683236268611918
3__1,Team 3,Sewing,SMV,25.47333333333333,29.099999999999998,,0.8451578426706566,0.8302354445330716,0.8597630529519281,0.8220506001431303,0.866942234951644
3__1,Team 3,Sewing,SMV,26.38,29.099999999999998,,0.843688635198868,0.8285398750841074,0.8583681631228748,0.820622958384733,0.8656707295711197
3__1,Team 3,Sewing,SMV,27.286666666666665,29.099999999999998,,0.8422558610534602,0.8272083382123963,0.8569635388446366,0.8188869466802263,0.8645693178409611
3__1,Team 3,Sewing,SMV,28.19333333333333,29.099999999999998,,0.8408575380721598,0.8256435110041402,0.8556551995636701,0.8173623565913324,0.8635372108196824
3__1,Team 3,Sewing,SMV,29.099999999999998,29.099999999999998,,0.839491848923295,0.8238145208448959,0.8543446447928214,0.8156766963339441,0.862530290640539
3__1,Team 3,Sewing,Style Changes,0.0,1.0,,0.8297222861963987,0.8142949390633574,0.844734942378668,0.8046988363459938,0.8550267395184965
3__1,Team 3,Sewing,Style Changes,1.0,1.0,,0.839491848923295,0.8238145208448959,0.8543446447928214,0.8156766963339441,0.862530290640539
3__1,Team 3,Sewing,Style Changes,2.0,1.0,,0.8486629734222038,0.8307015359099537,0.866232887778945,0.8208740028442509,0.8754720703456516
4__0,Team 4,Finishing,Incentive,0.0,0.0,BDT,0.7739921021231269,0.7403593343660326,0.8070159144654696,0.7225299631690529,0.8255693639232919
4__0,Team 4,Finishing,Incentive,2.9333333333333327,0.0,BDT,0.7120584826612953,0.6406021804184121,0.7835537663924591,0.5948191622877524,0.8113994538571012
4__0,Team 4,Finishing,Incentive,5.866666666666665,0.0,BDT,0.6966342323499148,0.6180080534562632,0.7775191045781379,0.563684710034071,0.8067230152255854
4__0,Team 4,Finishing,Incentive,8.799999999999997,0.0,BDT,0.6865608192434896,0.6012938379473421,0.7733871627010644,0.5424003356849014,0.8046277879054465
4__0,Team 4,Finishing,Incentive,11.73333333333333,0.0,BDT,0.6790421924351455,0.5883588193505156,0.7697357782632865,0.5267291217656366,0.8043928466376837
4__0,Team 4,Finishing,Incentive,14.666666666666664,0.0,BDT,0.6730314656553326,0.5791727725109757,0.7664757214556948,0.5142825230139487,0.804271562583869
4__0,Team 4,Finishing,Incentive,17.599999999999994,0.0,BDT,0.6680190426184698,0.5709727247033454,0.7648338047932145,0.5039800965234901,0.8037818848003854
4__0,Team 4,Finishing,Incentive,20.533333333333328,0.0,BDT,0.6637175526712561,0.563768558309565,0.7630536102251121,0.49430578496070615,0.8032709733176614
4__0,Team 4,Finishing,Incentive,23.46666666666666,0.0,BDT,0.6614961343522251,0.5589744404621784,0.7626555151093226,0.4884793936407213,0.805118966563102
4__0,Team 4,Finishing,Incentive,26.399999999999995,0.0,BDT,0.6666032649260561,0.5626797607482477,0.7668125495160869,0.4922871550404262,0.8102409326259202
4__0,Team 4,Finishing,Incentive,29.33333333333333,0.0,BDT,0.6709786130306092,0.5654174796817377,0.7709459858090983,0.49300259396446533,0.8166406810401546
4__0,Team 4,Finishing,Incentive,32.26666666666666,0.0,BDT,0.6755339560676212,0.568553586287293,0.7768999073098733,0.496008549118781,0.8197460818994746
4__0,Team 4,Finishing,Incentive,35.19999999999999,0.0,BDT,0.6807408833050391,0.5727683266009405,0.7822959019907768,0.5003977537020731,0.8245059031303763
4__0,Team 4,Finishing,Incentive,38.133333333333326,0.0,BDT,0.6868228966500467,0.5782812238616014,0.7883945026080798,0.5044958791393332,0.8308805375000022
4__0,Team 4,Finishing,Incentive,41.066666666666656,0.0,BDT,0.6938587003429223,0.5850436998626384,0.7956057351467679,0.5107628732649252,0.837270353452272
4__0,Team 4,Finishing,Incentive,43.99999999999999,0.0,BDT,0.701840570848255,0.5929709315301117,0.8033028088549463,0.5173249555519153,0.8436391648530625
4__0,Team 4,Finishing,Incentive,46.93333333333332,0.0,BDT,0.7107087285557491,0.6027517477241765,0.8111320159820368,0.5263321837671631,0.8508243066462594
4__0,Team 4,Finishing,Incentive,49.86666666666665,0.0,BDT,0.7203723139076846,0.6130709351334162,0.8194430209180275,0.5377957379609912,0.8580007687323019
4__0,Team 4,Finishing,Incentive,52.79999999999999,0.0,BDT,0.730722624669064,0.6248277058402352,0.8284008142744148,0.5490872377449566,0.8659116498897329
4__0,Team 4,Finishing,Incentive,55.73333333333332,0.0,BDT,0.7416417571951673,0.6366729907084311,0.837729033547229,0.5613234467125899,0.8734147993420199
4__0,Team 4,Finishing,Incentive,58.66666666666666,0.0,BDT,0.753008450255117,0.649514216447463,0.8473301787562154,0.5745218546630801,0.8814302629146653
4__0,Team 4,Finishing,Incentive,61.59999999999999,0.0,BDT,0.7647021798761341,0.663603687858352,0.8569779995541511,0.5885637778464863,0.8891789319846998
4__0,Team 4,Finishing,Incentive,64.53333333333332,0.0,BDT,0.7765769544770385,0.6780413729828028,0.8660948886827722,0.6037944565939896,0.8968070815584496
4__0,Team 4,Finishing,Incentive,67.46666666666665,0.0,BDT,0.7884069087117797,0.6920635286378728,0.8743587408456387,0.6199860683718608,0.9042651816468636
4__0,Team 4,Finishing,Incentive,69.5,0.0,BDT,0.7964783895335786,0.702149866149617,0.8802294596860555,0.6307903603193524,0.9092079336096115
4__0,Team 4,Finishing,Incentive,70.39999999999998,0.0,BDT,0.8000017746186037,0.7065669590318406,0.8827573182076188,0.6348787794858267,0.9113354139669615
4__0,Team 4,Finishing,Incentive,73.33333333333331,0.0,BDT,0.8112248469645071,0.7198046521591528,0.8908611450006639,0.6487554837455405,0.9179906917867094
4__0,Team 4,Finishing,Incentive,76.26666666666665,0.0,BDT,0.821982026127498,0.7332234984622146,0.8989071666078641,0.6636586493556998,0.923993726523123
4__0,Team 4,Finishing,Incentive,79.19999999999999,0.0,BDT,0.8322127138215306,0.7457336150148532,0.9064075499201231,0.6782570204606864,0.9296210583698156
4__0,Team 4,Finishing,Incentive,82.13333333333331,0.0,BDT,0.8418822947062727,0.7576318037462118,0.9130458958213081,0.693220225437544,0.9346466041314471
4__0,Team 4,Finishing,Incentive,85.06666666666665,0.0,BDT,0.8509759785162389,0.770511397786681,0.918908368106238,0.7079254725013746,0.9399226115276699
4__0,Team 4,Finishing,Incentive,87.99999999999999,0.0,BDT,0.859493805410756,0.7820790545896328,0.924495593780784,0.7209083203313528,0.9444957872940523
4__0,Team 4,Finishing,WIP,0.0,0.0,pieces,0.5969426685561531,0.4388785087728567,0.7617071759733005,0.3335174943845558,0.8237533318816941
4__0,Team 4,Finishing,WIP,50.09333333333334,0.0,pieces,0.6925735773348307,0.5436148533668053,0.8247007172548594,0.4525777919786683,0.8707668557578006
4__0,Team 4,Finishing,WIP,100.18666666666668,0.0,pieces,0.7071937937258912,0.5528190617733689,0.8374264014261061,0.471729887178045,0.8842697989595054
4__0,Team 4,Finishing,WIP,150.28000000000003,0.0,pieces,0.715457158063505,0.5590482017229714,0.8460868487167463,0.4789984707612655,0.890714266326868
4__0,Team 4,Finishing,WIP,200.37333333333336,0.0,pieces,0.7211763723241105,0.5650627661432563,0.8535024113924365,0.4810625939431247,0.8958912278427965
4__0,Team 4,Finishing,WIP,250.4666666666667,0.0,pieces,0.7255267588513606,0.5670062859759405,0.8588116546569156,0.4808313386288354,0.8990182774981291
4__0,Team 4,Finishing,WIP,300.56000000000006,0.0,pieces,0.7290243427888405,0.571297783957618,0.8630155212901228,0.47719769917361265,0.9009301356908253
4__0,Team 4,Finishing,WIP,350.65333333333336,0.0,pieces,0.7319409852872226,0.5734783274757261,0.8669539607997668,0.48174305712459553,0.9037519617270948
4__0,Team 4,Finishing,WIP,400.7466666666667,0.0,pieces,0.7344372033091879,0.5745597461295191,0.8699791217796432,0.4791823116336295,0.90624417991865
4__0,Team 4,Finishing,WIP,450.8400000000001,0.0,pieces,0.7366155331474346,0.5779260492446335,0.8714156063685475,0.4764216301949373,0.9082027095968597
4__0,Team 4,Finishing,WIP,500.9333333333334,0.0,pieces,0.7385453754813603,0.5787045331264994,0.8731364666228694,0.47669244011610123,0.9095786671475528
4__0,Team 4,Finishing,WIP,551.0266666666668,0.0,pieces,0.740275837583578,0.5796043429319869,0.8751538629604378,0.47697789724485895,0.9107989144771068
4__0,Team 4,Finishing,WIP,601.1200000000001,0.0,pieces,0.7418429135304854,0.5814455533477835,0.8770618907728019,0.4780402582313157,0.9118921952695477
4__0,Team 4,Finishing,WIP,651.2133333333335,0.0,pieces,0.7432737527254479,0.5825401618795809,0.8787580631371288,0.47832039335044946,0.9129666257417268
4__0,Team 4,Finishing,WIP,701.3066666666667,0.0,pieces,0.7445893258801722,0.5835002496997302,0.8806177343228524,0.4782969442289818,0.9140508846401748
4__0,Team 4,Finishing,WIP,751.4000000000001,0.0,pieces,0.7458061591613894,0.5841576466599733,0.8823182468159465,0.4778006496600005,0.9149687387451235
4__0,Team 4,Finishing,WIP,801.4933333333335,0.0,pieces,0.7469375013005067,0.5852554319039172,0.8832884039546554,0.4779464415767037,0.9163616977171835
4__0,Team 4,Finishing,WIP,851.5866666666668,0.0,pieces,0.7479941321881053,0.5865635288873873,0.8845309306420318,0.4780834098588298,0.9170130026083
4__0,Team 4,Finishing,WIP,901.6800000000002,0.0,pieces,0.7489849372588004,0.5877557321463622,0.885687583633202,0.47822783602461116,0.917892214244586
4__0,Team 4,Finishing,WIP,951.7733333333334,0.0,pieces,0.7499173244844677,0.5886457481555566,0.8865014782683838,0.47840711587080514,0.9189386215566653
4__0,Team 4,Finishing,WIP,1001.8666666666668,0.0,pieces,0.750797532953056,0.5897403851144686,0.8871982305972846,0.4791939474050834,0.9198947664350268
4__0,Team 4,Finishing,WIP,1051.9600000000003,0.0,pieces,0.7516308651254734,0.5898291094255061,0.8878574629281097,0.48048324363917444,0.9206524984574601
4__0,Team 4,Finishing,WIP,1102.0533333333335,0.0,pieces,0.7524218643136663,0.5902052516017474,0.888848911599697,0.4798634841697475,0.9213689275738116
4__0,Team 4,Finishing,WIP,1152.1466666666668,0.0,pieces,0.7531744521558434,0.5904621987766602,0.8898384725026787,0.4792713142321531,0.9220480242047475
4__0,Team 4,Finishing,WIP,1202.2400000000002,0.0,pieces,0.7538920364208195,0.5910139547986761,0.8903411583999038,0.4790321540315948,0.9226932254518668
4__0,Team 4,Finishing,WIP,1252.3333333333335,0.0,pieces,0.7545775964925878,0.5913470354149126,0.8907727233400741,0.4791366039795409,0.9234198768342099
4__0,Team 4,Finishing,WIP,1302.426666666667,0.0,pieces,0.7552337518485259,0.5920608014594512,0.8912101090867179,0.47978424857564617,0.9241390591722876
4__0,Team 4,Finishing,WIP,1352.5200000000002,0.0,pieces,0.7558628174272745,0.5921658828389974,0.8919697181461476,0.4808324235167705,0.9248252925899128
4__0,Team 4,Finishing,WIP,1402.6133333333335,0.0,pieces,0.7564668487807553,0.5924313185022002,0.8926972519978784,0.48184266464121756,0.9254791478080868
4__0,Team 4,Finishing,WIP,1452.706666666667,0.0,pieces,0.7570476791867894,0.5927162763163579,0.8932988398761321,0.48281761920604466,0.9261027891866455
4__0,Team 4,Finishing,WIP,1502.8000000000002,0.0,pieces,0.7576069503771705,0.593163115564897,0.8937403356077319,0.4837596665079659,0.9267007544974387
4__0,Team 4,Finishing,Workers,7.000000000000002,7.000000000000002,workers,0.7739921021231269,0.7403593343660326,0.8070159144654696,0.7225299631690529,0.8255693639232919
4__0,Team 4,Finishing,Workers,8.700000000000003,7.000000000000002,workers,0.794651057489573,0.7645966546622327,0.823827026018834,0.7474550216021556,0.8425370616815203
4__0,Team 4,Finishing,Workers,10.400000000000002,7.000000000000002,workers,0.8108192519240717,0.7824212904595456,0.8380662875157612,0.764303319162232,0.856230501837421
4__0,Team 4,Finishing,Workers,12.100000000000003,7.000000000000002,workers,0.8239054728077206,0.7964209466864817,0.8507772694973036,0.7796594019115044,0.8667328544129121
4__0,Team 4,Finishing,Workers,13.800000000000004,7.000000000000002,workers,0.8347695024099633,0.8069254355198233,0.8614266206606864,0.7923309729931988,0.8762499061087189
4__0,Team 4,Finishing,Workers,15.500000000000004,7.000000000000002,workers,0.8439697344812047,0.8169441404777033,0.8702240654951993,0.8009606000157831,0.8842398494782115
4__0,Team 4,Finishing,Workers,17.200000000000003,7.000000000000002,workers,0.8518866166570114,0.8245454053275029,0.8776668731327986,0.8087197923885315,0.8922293413963908
4__0,Team 4,Finishing,Workers,18.900000000000006,7.000000000000002,workers,0.8587894271390407,0.8310971767545106,0.8840719517527703,0.8167314800810671,0.8990500546117348
4__0,Team 4,Finishing,Workers,20.600000000000005,7.000000000000002,workers,0.8648747782688463,0.837086102063493,0.8902579072462199,0.822607780141104,0.9041521801980338
4__0,Team 4,Finishing,Workers,22.300000000000004,7.000000000000002,workers,0.8702899885641603,0.8424945135394207,0.8956459207341622,0.827179877078953,0.9089280251876857
4__0,Team 4,Finishing,Workers,24.000000000000007,7.000000000000002,workers,0.8751478836202097,0.8474365482616723,0.9003644791411957,0.8313120971553749,0.9132904647312067
4__0,Team 4,Finishing,Workers,25.700000000000003,7.000000000000002,workers,0.8795365084718865,0.8515396400486478,0.904669945946509,0.8359550597826279,0.9169147398106385
4__0,Team 4,Finishing,Workers,27.400000000000006,7.000000000000002,workers,0.8835256969979728,0.8549291861937826,0.9088654154543379,0.8401402249427694,0.9207109851788152
4__0,Team 4,Finishing,Workers,29.10000000000001,7.000000000000002,workers,0.8871716332302547,0.8585208436820575,0.9123695270615961,0.843924049917091,0.9240209602413906
4__0,Team 4,Finishing,Workers,30.800000000000004,7.000000000000002,workers,0.8905200915035656,0.8621758149181658,0.9157056038206532,0.8461985603351022,0.9273964751929233
4__0,Team 4,Finishing,Workers,32.50000000000001,7.000000000000002,workers,0.8936087848296084,0.8650708813816046,0.91880753754114,0.8494063277579706,0.9305186884307591
4__0,Team 4,Finishing,Workers,34.20000000000001,7.000000000000002,workers,0.8964690975574763,0.8681769061073207,0.9217336413398151,0.8521620549556176,0.9333698067237005
4__0,Team 4,Finishing,Workers,35.900000000000006,7.000000000000002,workers,0.8991273842876406,0.870934896627936,0.9244568148237645,0.8543348507987727,0.9356659663936536
4__0,Team 4,Finishing,Workers,37.60000000000001,7.000000000000002,workers,0.9016059576753501,0.8737155555363698,0.9267824021743682,0.8565495229901655,0.9382316537362623
4__0,Team 4,Finishing,Workers,39.300000000000004,7.000000000000002,workers,0.903923849436034,0.8758814998331518,0.9290939574111086,0.8589782015328149,0.9402521273260295
4__0,Team 4,Finishing,Workers,41.00000000000001,7.000000000000002,workers,0.9060974035689404,0.8782563173412048,0.9312016484450807,0.8607940936143352,0.9423264061665219
4__0,Team 4,Finishing,Workers,42.70000000000001,7.000000000000002,workers,0.9081407437873917,0.880396965597366,0.9332086683702646,0.8632276395655631,0.9442550469490183
4__0,Team 4,Finishing,Workers,44.400000000000006,7.000000000000002,workers,0.9100661454762625,0.882413766234236,0.9350846303861439,0.8655444368252205,0.9460531216943172
4__0,Team 4,Finishing,Workers,46.10000000000001,7.000000000000002,workers,0.9118843343716062,0.8843442049397243,0.9368317075092011,0.8677610315176083,0.9477336748867624
4__0,Team 4,Finishing,Workers,47.80000000000001,7.000000000000002,workers,0.9136047284133793,0.8861175866857917,0.9384358388321379,0.8698641580134568,0.9493052261037596
4__0,Team 4,Finishing,Workers,49.50000000000001,7.000000000000002,workers,0.9152356351062072,0.8877266743236097,0.9398610511486383,0.8718632067534938,0.9508339370566133
4__0,Team 4,Finishing,Workers,51.20000000000001,7.000000000000002,workers,0.916784413735958,0.8894373614305555,0.9413068240203224,0.873169944072149,0.9521735835651487
4__0,Team 4,Finishing,Workers,52.90000000000001,7.000000000000002,workers,0.9182576095965159,0.890865738598334,0.9427838080940922,0.8744580112630772,0.9534875002869418
4__0,Team 4,Finishing,Workers,54.60000000000001,7.000000000000002,workers,0.9196610657531382,0.8922326030953789,0.944056486339603,0.8756117685660647,0.9547251742032364
4__0,Team 4,Finishing,Workers,56.30000000000001,7.000000000000002,workers,0.9210000166478947,0.8935153183011417,0.9452428862327262,0.876758864903437,0.9558958364186946
4__0,Team 4,Finishing,Workers,58.000000000000014,7.000000000000002,workers,0.9222791669287436,0.8948529668801558,0.9465521423991649,0.8778637448729519,0.9570048767761782
4__0,Team 4,Finishing,Overtime,960.0,1920.0000000000007,min,0.7776574706296722,0.744179346705172,0.8097390696200437,0.7271575781422756,0.8298647460922447
4__0,Team 4,Finishing,Overtime,1273.6,1920.0000000000007,min,0.7761690232558588,0.7429128257578185,0.8089180676934721,0.7254477439375154,0.8282315721695588
4__0,Team 4,Finishing,Overtime,1587.2,1920.0000000000007,min,0.7750038866750919,0.7415373582394282,0.80790711504538,0.7241888360549947,0.8268080377821001
4__0,Team 4,Finishing,Overtime,1900.8000000000002,1920.0000000000007,min,0.7740456200907274,0.7404282624714712,0.8070336898160241,0.7225698586933069,0.8256349411770437
4__0,Team 4,Finishing,Overtime,1920.0000000000007,1920.0000000000007,min,0.7739921021231269,0.7403593343660326,0.8070159144654696,0.7225299631690529,0.8255693639232919
4__0,Team 4,Finishing,Overtime,2214.4,1920.0000000000007,min,0.7732312892647619,0.7394581926373701,0.806461856385327,0.7214695250440188,0.8246358684524864
4__0,Team 4,Finishing,Overtime,2528.0,1920.0000000000007,min,0.7725229740905497,0.7385645695159025,0.8060699146734277,0.7203631187079158,0.8237901412293313
4__0,Team 4,Finishing,Overtime,2841.6000000000004,1920.0000000000007,min,0.7718960392703814,0.7380335008796467,0.8056141924682673,0.7193755697474095,0.8231914743420552
4__0,Team 4,Finishing,Overtime,3155.2000000000003,1920.0000000000007,min,0.7713335671558826,0.7373391731818048,0.8049841058413093,0.7184821493991312,0.8226481240728748
4__0,Team 4,Finishing,Overtime,3468.8,1920.0000000000007,min,0.7708234336521448,0.7367085640258386,0.8043696449657723,0.7176829899083581,0.8221544252849207
4__0,Team 4,Finishing,Overtime,3782.4,1920.0000000000007,min,0.770356650678639,0.7363126471894582,0.8038355703817818,0.7170125358846934,0.8217025306180533
4__0,Team 4,Finishing,Overtime,4096.0,1920.0000000000007,min,0.7699263688139019,0.7357067369814247,0.8033974827393253,0.7166478951913894,0.8212858458875485
4__0,Team 4,Finishing,Overtime,4409.6,1920.0000000000007,min,0.7695272476273711,0.7352566417001883,0.8030031403224643,0.7163099045148357,0.8208992281524718
4__0,Team 4,Finishing,Overtime,4723.200000000001,1920.0000000000007,min,0.7691550420859539,0.7349169132101995,0.802701717164264,0.7159949168857928,0.8205385882479826
4__0,Team 4,Finishing,Overtime,5036.8,1920.0000000000007,min,0.7688063217097273,0.7346076419851085,0.8023827981969845,0.7153302268835536,0.8204567945783925
4__0,Team 4,Finishing,Overtime,5350.400000000001,1920.0000000000007,min,0.7684782743963608,0.7343334709484134,0.8020915307874572,0.7145023136287663,0.8200440703688237
4__0,Team 4,Finishing,Overtime,5664.0,1920.0000000000007,min,0.7681685660045883,0.7339503573756893,0.8018227344198039,0.7138369310329079,0.8196183958048222
4__0,Team 4,Finishing,Overtime,5977.6,1920.0000000000007,min,0.7678752376890915,0.7335151154662692,0.8015890480986804,0.7135984101951781,0.819327301808491
4__0,Team 4,Finishing,Overtime,6291.200000000001,1920.0000000000007,min,0.7675966294209183,0.7332885597530675,0.8014281565721535,0.7133789774953783,0.8190970870768278
4__0,Team 4,Finishing,Overtime,6604.8,1920.0000000000007,min,0.7673313220627618,0.7330175957879393,0.8012609981580956,0.7131719555687626,0.8189110322408373
4__0,Team 4,Finishing,Overtime,6918.400000000001,1920.0000000000007,min,0.7670780928437241,0.732739243131113,0.8010141242213111,0.7127097452654879,0.8187288303134034
4__0,Team 4,Finishing,Overtime,7232.0,1920.0000000000007,min,0.7668358806761535,0.7324275988554666,0.8007902775069513,0.7121913968813816,0.8185545721404491
4__0,Team 4,Finishing,Overtime,7545.6,1920.0000000000007,min,0.766603758812833,0.7321736385062944,0.8005419582904052,0.7117691467214208,0.8183875887193639
4__0,Team 4,Finishing,Overtime,7859.200000000001,1920.0000000000007,min,0.7663809130548684,0.7318244571938971,0.8003412350167427,0.7115646690372869,0.8182272923592098
4__0,Team 4,Finishing,Overtime,8172.8,1920.0000000000007,min,0.7661666242100322,0.7314696136336368,0.8001564262494888,0.711369248407592,0.8180731639998873
4__0,Team 4,Finishing,Overtime,8486.400000000001,1920.0000000000007,min,0.7659602538434755,0.7311334191162893,0.8000458638965597,0.7111811118617968,0.8179247429125072
4__0,Team 4,Finishing,Overtime,8800.0,1920.0000000000007,min,0.7657612326056639,0.730819878746912,0.7999572755307642,0.7109997333832583,0.8177816182635259
4__0,Team 4,Finishing,Overtime,9113.6,1920.0000000000007,min,0.7655690505973515,0.7305215060792037,0.7998717602045008,0.7108246420391157,0.8176434221518603
4__0,Team 4,Finishing,Overtime,9427.2,1920.0000000000007,min,0.7653832493591587,0.7303337431381013,0.7997566625740119,0.7106554145423308,0.8175098238205912
4__0,Team 4,Finishing,Overtime,9740.800000000001,1920.0000000000007,min,0.7652034151675063,0.7300623266855754,0.7995982212018168,0.7104916690288094,0.81738052481312
4__0,Team 4,Finishing,Overtime,10054.400000000001,1920.0000000000007,min,0.7650291733892219,0.7297484057081025,0.799496389543469,0.7103330598188579,0.8172552548945957
4__0,Team 4,Finishing,Overtime,10368.0,1920.0000000000007,min,0.7648601837002054,0.7295540892996195,0.799381466522546,0.710179272981791,0.8171337685979015
4__0,Team 4,Finishing,SMV,1.8999999999999997,2.9399999999999995,,0.7911451921789199,0.758000159208063,0.8227556500605442,0.7400871796960732,0.8421215775330243
4__0,Team 4,Finishing,SMV,2.806666666666666,2.9399999999999995,,0.7759710109105715,0.7427675920827893,0.8089557272936128,0.7245272900349519,0.8272116452449267
4__0,Team 4,Finishing,SMV,2.9399999999999995,2.9399999999999995,,0.7739921021231269,0.7403593343660326,0.8070159144654696,0.7225299631690529,0.8255693639232919
4__0,Team 4,Finishing,SMV,3.713333333333333,2.9399999999999995,,0.7634786680845307,0.7282752041297013,0.7968370285501469,0.7114868432126092,0.8166178558421388
4__0,Team 4,Finishing,SMV,4.619999999999999,2.9399999999999995,,0.7528140837089754,0.7171226476437134,0.7874432789370754,0.7000784963868285,0.8075400563949494
4__0,Team 4,Finishing,SMV,5.526666666666666,2.9399999999999995,,0.7434837867447441,0.7068448145167344,0.7787664957897098,0.6880329235922027,0.7995654285265054
4__0,Team 4,Finishing,SMV,6.433333333333333,2.9399999999999995,,0.7351747740609088,0.6978978135072311,0.772469810875296,0.6765375394700341,0.7929664180571828
4__0,Team 4,Finishing,SMV,7.339999999999999,2.9399999999999995,,0.7276750787321009,0.6889942509846242,0.7671750142401261,0.6671644996219791,0.787408852146895
4__0,Team 4,Finishing,SMV,8.246666666666666,2.9399999999999995,,0.7208340008697639,0.6812153824445721,0.7619813723677548,0.6588340056143025,0.7834058330641259
4__0,Team 4,Finishing,SMV,9.153333333333332,2.9399999999999995,,0.7145402892099201,0.6735181283788738,0.7572429686233699,0.6496202605360487,0.7786323738749891
4__0,Team 4,Finishing,SMV,10.06,2.9399999999999995,,0.7087093110028175,0.6661559745895644,0.7532827025500711,0.6412458835420939,0.7750851359457426
4__0,Team 4,Finishing,SMV,10.966666666666667,2.9399999999999995,,0.7032750840130794,0.6599742992456255,0.7493758751545407,0.6329973807520181,0.7716142281221839
4__0,Team 4,Finishing,SMV,11.873333333333333,2.9399999999999995,,0.6981851046003382,0.6542098009591399,0.7454706267419986,0.6252257336449661,0.7676026127973564
4__0,Team 4,Finishing,SMV,12.78,2.9399999999999995,,0.6933968658399278,0.6482573656261286,0.7419809448936157,0.6177251950735346,0.7633966484103366
4__0,Team 4,Finishing,SMV,13.686666666666666,2.9399999999999995,,0.6888754402927392,0.6422507999550694,0.7388495929505415,0.6111887770792337,0.7593725583769181
4__0,Team 4,Finishing,SMV,14.593333333333334,2.9399999999999995,,0.6845917573047102,0.636808019348519,0.7361705891971586,0.605317257786173,0.7575895028428957
4__0,Team 4,Finishing,SMV,15.5,2.9399999999999995,,0.6805213471531113,0.6314869641713645,0.7327515449017851,0.5998530449633525,0.7555050517353705
4__0,Team 4,Finishing,SMV,16.406666666666666,2.9399999999999995,,0.676643407243792,0.6263632241992341,0.7298024721386952,0.5950168269939851,0.7533623947701454
4__0,Team 4,Finishing,SMV,17.313333333333333,2.9399999999999995,,0.6729400955761854,0.6213882781203346,0.7271455695721012,0.5901068744910061,0.7513247015369995
4__0,Team 4,Finishing,SMV,18.22,2.9399999999999995,,0.6693959878372496,0.6165068656026725,0.7238388229794771,0.5848978059646015,0.749335241788797
4__0,Team 4,Finishing,SMV,19.126666666666665,2.9399999999999995,,0.6659976544262369,0.612530511889619,0.7212782803130702,0.5799111561506208,0.7474853405215061
4__0,Team 4,Finishing,SMV,20.03333333333333,2.9399999999999995,,0.6627333267979956,0.6087737832143344,0.7186598669544613,0.5743520418132148,0.746117335394014
4__0,Team 4,Finishing,SMV,20.939999999999998,2.9399999999999995,,0.6595926312909015,0.6046289918700924,0.7164023665548284,0.5689214351499822,0.7447961771136786
4__0,Team 4,Finishing,SMV,21.846666666666664,2.9399999999999995,,0.6565663746121352,0.6006931049120645,0.7139717678867453,0.5641761896637704,0.7434128884388923
4__0,Team 4,Finishing,SMV,22.75333333333333,2.9399999999999995,,0.6536463693370655,0.596693907541744,0.7119938821091824,0.5598161314026298,0.7419809029858347
4__0,Team 4,Finishing,SMV,23.659999999999997,2.9399999999999995,,0.6508252907419848,0.5930775495204044,0.7097619630326415,0.5556242471898603,0.7406388811058674
4__0,Team 4,Finishing,SMV,24.566666666666663,2.9399999999999995,,0.6480965584180721,0.5891397366658695,0.7079131228563972,0.5518530776337728,0.7395212742197466
4__0,Team 4,Finishing,SMV,25.47333333333333,2.9399999999999995,,0.6454542376651816,0.585921001465758,0.706323129723644,0.5483423840005973,0.7375369931546163
4__0,Team 4,Finishing,SMV,26.38,2.9399999999999995,,0.6428929568077539,0.5828352536824912,0.7047800243415638,0.5449453495246755,0.7363674387742022
4__0,Team 4,Finishing,SMV,27.286666666666665,2.9399999999999995,,0.6404078374285848,0.5798027064683066,0.7034803647464637,0.5416550097540972,0.7354678119366672
4__0,Team 4,Finishing,SMV,28.19333333333333,2.9399999999999995,,0.6379944351598417,0.5766659216007023,0.7023347785676672,0.5384764443713401,0.7339264905134424
4__0,Team 4,Finishing,SMV,29.099999999999998,2.9399999999999995,,0.6356486891609604,0.5739298678276777,0.7011271627152993,0.5353997620701605,0.7319904653803332
4__0,Team 4,Finishing,Style Changes,0.0,0.0,,0.7739921021231269,0.7403593343660326,0.8070159144654696,0.7225299631690529,0.8255693639232919
4__0,Team 4,Finishing,Style Changes,1.0,0.0,,0.786028539512737,0.7522506509294324,0.8192239340510675,0.7328979500401769,0.8337155836726855
4__0,Team 4,Finishing,Style Changes,2.0,0.0,,0.7974375264948012,0.7610177878722783,0.8325942513036592,0.740558786251556,0.8493614447555073
4__1,Team 4,Sewing,Incentive,0.0,45.0,BDT,0.6239393886195134,0.58947817993746,0.659894248023863,0.5701415050127907,0.6790258527736786
4__1,Team 4,Sewing,Incentive,2.9333333333333327,45.0,BDT,0.6245939477537236,0.5822756367717948,0.6652174567850713,0.5587589657844716,0.6848202799696076
4__1,Team 4,Sewing,Incentive,5.866666666666665,45.0,BDT,0.6380763588839949,0.599997623407902,0.6739297790882091,0.5828578032046342,0.6903981633247203
4__1,Team 4,Sewing,Incentive,8.799999999999997,45.0,BDT,0.6465624457991374,0.6114280294428689,0.6795534610681809,0.5943473576588145,0.6952285045076229
4__1,Team 4,Sewing,Incentive,11.73333333333333,45.0,BDT,0.6527435929932158,0.6198032776325173,0.6840119619570362,0.6037711371127388,0.6987137140903796
4__1,Team 4,Sewing,Incentive,14.666666666666664,45.0,BDT,0.6575958668127011,0.6260650929669409,0.686954626296057,0.6095858607081028,0.7014417071341207
4__1,Team 4,Sewing,Incentive,17.599999999999994,45.0,BDT,0.6615839800562829,0.6307055602672599,0.6904926501944146,0.6136582192626853,0.704561462959532
4__1,Team 4,Sewing,Incentive,20.533333333333328,45.0,BDT,0.6649655412127505,0.6351663790010145,0.6938372371461337,0.6179973100195173,0.7068453579543118
4__1,Team 4,Sewing,Incentive,23.46666666666666,45.0,BDT,0.6694840895605587,0.6407921528517817,0.6966713149335916,0.6243176791609579,0.7099139187366718
4__1,Team 4,Sewing,Incentive,26.399999999999995,45.0,BDT,0.6806608093133651,0.6554915819758764,0.7041541706128017,0.6428284935948128,0.7165593935668021
4__1,Team 4,Sewing,Incentive,29.33333333333333,45.0,BDT,0.6903551267945687,0.6665626828558426,0.7124647663802239,0.6556756636695283,0.7241392583650581
4__1,Team 4,Sewing,Incentive,32.26666666666666,45.0,BDT,0.6996215509618472,0.6771492420086739,0.7210188711632657,0.666292501328182,0.7323197170163258
4__1,Team 4,Sewing,Incentive,35.19999999999999,45.0,BDT,0.7090173784746671,0.6879469316966585,0.7300156268760721,0.6765291525172581,0.7414415647323181
4__1,Team 4,Sewing,Incentive,38.133333333333326,45.0,BDT,0.7188185833164615,0.698884382223171,0.739034790149074,0.6874761884493019,0.7499361688705298
4__1,Team 4,Sewing,Incentive,41.066666666666656,45.0,BDT,0.7291362961717539,0.7098002797250939,0.7486468461026917,0.6984267273730369,0.7590869962171131
4__1,Team 4,Sewing,Incentive,43.99999999999999,45.0,BDT,0.7399829375139817,0.7212183902792499,0.7590143574311337,0.7104442626804288,0.7686929035485114
4__1,Team 4,Sewing,Incentive,45.0,45.0,BDT,0.7437943817567698,0.7253011753092931,0.7625587237190177,0.7140402446445135,0.7720606189021484
4__1,Team 4,Sewing,Incentive,46.93333333333332,45.0,BDT,0.7513115209926983,0.7336088335177258,0.7696161400063618,0.722372747052315,0.7790501833294264
4__1,Team 4,Sewing,Incentive,49.86666666666665,45.0,BDT,0.7630400066173929,0.7459801426930143,0.7805782478294828,0.7353847903404593,0.789329791547019
4__1,Team 4,Sewing,Incentive,52.79999999999999,45.0,BDT,0.7750669853553157,0.7587894036599363,0.7917899536989892,0.7487957968384007,0.7998891627340994
4__1,Team 4,Sewing,Incentive,55.73333333333332,45.0,BDT,0.7872821420269166,0.7717445091688849,0.8032323327665865,0.7621795404200359,0.8110419343698442
4__1,Team 4,Sewing,Incentive,58.66666666666666,45.0,BDT,0.7995734424223172,0.7844337964544884,0.8148229678119363,0.7757510141623936,0.8221992715054683
4__1,Team 4,Sewing,Incentive,61.59999999999999,45.0,BDT,0.8118321668345889,0.7973782480825019,0.8263356917438974,0.7893606164103908,0.833232540624056
4__1,Team 4,Sewing,Incentive,64.53333333333332,45.0,BDT,0.8239310312654812,0.810287242300187,0.8377030897941398,0.8018993988893748,0.8439028331229462
4__1,Team 4,Sewing,Incentive,67.46666666666665,45.0,BDT,0.8356800352304349,0.8225135971421883,0.8489236726151872,0.8139732307124797,0.854858929764426
4__1,Team 4,Sewing,Incentive,69.5,45.0,BDT,0.8435380278598562,0.830650306269513,0.8562265668503002,0.8222669539018228,0.8623277345403337
4__1,Team 4,Sewing,Incentive,70.39999999999998,45.0,BDT,0.8469300258479051,0.8342406228285145,0.859378330427904,0.8256695495476459,0.8654081282037372
4__1,Team 4,Sewing,Incentive,73.33333333333331,45.0,BDT,0.8575855878256091,0.8453776686680881,0.8693178951994274,0.8378098329627331,0.8751252724120998
4__1,Team 4,Sewing,Incentive,76.26666666666665,45.0,BDT,0.8675925179615037,0.8555245649163493,0.8789418918668066,0.8481093773004614,0.8848192424613871
4__1,Team 4,Sewing,Incentive,79.19999999999999,45.0,BDT,0.8769275441217629,0.8652871729199217,0.8879130776663882,0.8583649479370131,0.89374879181156
4__1,Team 4,Sewing,Incentive,82.13333333333331,45.0,BDT,0.885590021578145,0.8740940690875839,0.8961696643623922,0.8678659929369917,0.9016692741758262
4__1,Team 4,Sewing,Incentive,85.06666666666665,45.0,BDT,0.8935953388229522,0.8823995331096093,0.9037639713476872,0.8763479169813603,0.9091048414187607
4__1,Team 4,Sewing,Incentive,87.99999999999999,45.0,BDT,0.9009697718354762,0.8902913055741966,0.9108268913088713,0.8843189004061492,0.9160612660677967
4__1,Team 4,Sewing,WIP,0.0,1054.0000000000002,pieces,0.5156239145047299,0.422004977197783,0.6094047932229391,0.37523322058217135,0.6531021910621435
4__1,Team 4,Sewing,WIP,50.09333333333334,1054.0000000000002,pieces,0.6520035867908828,0.6098941996603873,0.6923760357107271,0.5899232153670745,0.7101537068942526
4__1,Team 4,Sewing,WIP,100.18666666666668,1054.0000000000002,pieces,0.6741392835747323,0.6410877770462547,0.7063580582678619,0.6244538082371996,0.7213877696358516
4__1,Team 4,Sewing,WIP,150.28000000000003,1054.0000000000002,pieces,0.6868161135856383,0.6588150394304656,0.7144878276251369,0.6418500014922945,0.7283880602436329
4__1,Team 4,Sewing,WIP,200.37333333333336,1054.0000000000002,pieces,0.695660888946346,0.6703363689119707,0.7205894990411338,0.6548503519757204,0.7341595351236606
4__1,Team 4,Sewing,WIP,250.4666666666667,1054.0000000000002,pieces,0.7024278183070115,0.6786543229550164,0.7260723138706051,0.6646135195319175,0.7381224702028932
4__1,Team 4,Sewing,WIP,300.56000000000006,1054.0000000000002,pieces,0.7078927535996847,0.6851581885665337,0.7301752732391994,0.6719593184729477,0.7415589209442122
4__1,Team 4,Sewing,WIP,350.65333333333336,1054.0000000000002,pieces,0.7124666995310315,0.6909623767617737,0.7338134589829651,0.678451503805532,0.7444692298362651
4__1,Team 4,Sewing,WIP,400.7466666666667,1054.0000000000002,pieces,0.7163934042696573,0.6954566422063392,0.7370963658547489,0.6845511431976474,0.7470410801704066
4__1,Team 4,Sewing,WIP,450.8400000000001,1054.0000000000002,pieces,0.7198291477746327,0.6994779987162989,0.7393454448148847,0.6888348566300044,0.750176152683408
4__1,Team 4,Sewing,WIP,500.9333333333334,1054.0000000000002,pieces,0.7228800427596828,0.702767078342,0.7423597502604113,0.6923213135555003,0.7523645614222102
4__1,Team 4,Sewing,WIP,551.0266666666668,1054.0000000000002,pieces,0.7256213824200755,0.7061625543713885,0.7452012015537962,0.6954517125058375,0.7541028651954513
4__1,Team 4,Sewing,WIP,601.1200000000001,1054.0000000000002,pieces,0.7281084906284258,0.7090883705403436,0.7475961240499149,0.6977256142587027,0.7562452006809601
4__1,Team 4,Sewing,WIP,651.2133333333335,1054.0000000000002,pieces,0.7303831894164251,0.7114627910158344,0.749548349372794,0.7011619640984673,0.7580802993901962
4__1,Team 4,Sewing,WIP,701.3066666666667,1054.0000000000002,pieces,0.7324778480036163,0.7138283925277576,0.7516979451497131,0.7033357173232084,0.7599173118772973
4__1,Team 4,Sewing,WIP,751.4000000000001,1054.0000000000002,pieces,0.7344180222720474,0.7157177384655394,0.7533318791489403,0.7054849698118489,0.7618379233167877
4__1,Team 4,Sewing,WIP,801.4933333333335,1054.0000000000002,pieces,0.7362242346833215,0.7175604584409836,0.7551937790140405,0.7070955550103443,0.7636723283129067
4__1,Team 4,Sewing,WIP,851.5866666666668,1054.0000000000002,pieces,0.7379132096757711,0.7194881644062873,0.756899124921301,0.708829773852126,0.7654557950193512
4__1,Team 4,Sewing,WIP,901.6800000000002,1054.0000000000002,pieces,0.7394987527027574,0.7211235322348629,0.7583410898168292,0.7104619714528825,0.7670344060430012
4__1,Team 4,Sewing,WIP,951.7733333333334,1054.0000000000002,pieces,0.7409923893962169,0.7227213310307568,0.7598190042253653,0.7116252445030967,0.769165859019713
4__1,Team 4,Sewing,WIP,1001.8666666666668,1054.0000000000002,pieces,0.7424038392443133,0.7238802630675495,0.7611211711246089,0.7128296854785428,0.7707935377159643
4__1,Team 4,Sewing,WIP,1051.9600000000003,1054.0000000000002,pieces,0.7437413726012183,0.7252838719820645,0.7624908374152969,0.713990323056401,0.7720226326327029
4__1,Team 4,Sewing,WIP,1054.0000000000002,1054.0000000000002,pieces,0.7437943817567698,0.7253011753092931,0.7625587237190177,0.7140402446445135,0.7720606189021484
4__1,Team 4,Sewing,WIP,1102.0533333333335,1054.0000000000002,pieces,0.7450120838465091,0.7265322841285862,0.7638405058361712,0.7151876268990033,0.7736886280555142
4__1,Team 4,Sewing,WIP,1152.1466666666668,1054.0000000000002,pieces,0.7462221032334262,0.7275992621491838,0.765055721623369,0.7163298742551202,0.7749851132142168
4__1,Team 4,Sewing,WIP,1202.2400000000002,1054.0000000000002,pieces,0.7473767632062647,0.7286929102656794,0.7660509622450284,0.7176627025773953,0.776112142918052
4__1,Team 4,Sewing,WIP,1252.3333333333335,1054.0000000000002,pieces,0.7484807304280782,0.7296370373691733,0.7670601535573567,0.718468460256031,0.777754617101664
4__1,Team 4,Sewing,WIP,1302.426666666667,1054.0000000000002,pieces,0.7495381116530249,0.730853514669423,0.7681578343859192,0.7194672553436533,0.7789624637958754
4__1,Team 4,Sewing,WIP,1352.5200000000002,1054.0000000000002,pieces,0.7505525394144041,0.7318792450166343,0.7691864882144489,0.7204323768529216,0.780120319525715
4__1,Team 4,Sewing,WIP,1402.6133333333335,1054.0000000000002,pieces,0.7515272419689313,0.7328479656932156,0.7704265680107824,0.7214468872512785,0.7810369967386024
4__1,Team 4,Sewing,WIP,1452.706666666667,1054.0000000000002,pieces,0.7524651008397091,0.7337273365139341,0.7713277313880441,0.7224534708747251,0.7821578120301904
4__1,Team 4,Sewing,WIP,1502.8000000000002,1054.0000000000002,pieces,0.7533686985015355,0.7345484787800233,0.7724336142449695,0.7233540090575381,0.7833298600173383
4__1,Team 4,Sewing,Workers,7.000000000000002,58.000000000000014,workers,0.6118448350725186,0.48596099907103435,0.7309346400995356,0.4147677685476327,0.7806607482433306
4__1,Team 4,Sewing,Workers,8.700000000000003,58.000000000000014,workers,0.6256802464076977,0.5133463345799322,0.732163775470062,0.44754302406079627,0.7769603822069817
4__1,Team 4,Sewing,Workers,10.400000000000002,58.000000000000014,workers,0.637197584938447,0.5363785609820526,0.733036818211821,0.47603573957818807,0.7740788159069862
4__1,Team 4,Sewing,Workers,12.100000000000003,58.000000000000014,workers,0.6470287379573108,0.5554232621772975,0.7347639985932147,0.5008489453073695,0.772308487822345
4__1,Team 4,Sewing,Workers,13.800000000000004,58.000000000000014,workers,0.655579598684811,0.5725777590533717,0.7365054817913429,0.5235637818403623,0.7705110696883112
4__1,Team 4,Sewing,Workers,15.500000000000004,58.000000000000014,workers,0.6631264312862613,0.5868154526442585,0.7376954247459935,0.540228362698251,0.7697203518985137
4__1,Team 4,Sewing,Workers,17.200000000000003,58.000000000000014,workers,0.6698657327045323,0.6006529544395252,0.7383018738198295,0.556750346592494,0.7690739301004543
4__1,Team 4,Sewing,Workers,18.900000000000006,58.000000000000014,workers,0.6759421957212911,0.6127386387172925,0.739368008767284,0.571938657800672,0.768438949576268
4__1,Team 4,Sewing,Workers,20.600000000000005,58.000000000000014,workers,0.6814653987773346,0.6240351624000664,0.7399335362008498,0.5854309904754988,0.7678548833941959
4__1,Team 4,Sewing,Workers,22.300000000000004,58.000000000000014,workers,0.6865202753866781,0.6330200121689677,0.7407875399283538,0.5987265913302735,0.7672745566599869
4__1,Team 4,Sewing,Workers,24.000000000000007,58.000000000000014,workers,0.691173954425593,0.6416034262157285,0.7413985338189648,0.6100267680702971,0.7650449767352949
4__1,Team 4,Sewing,Workers,25.700000000000003,58.000000000000014,workers,0.6954803837527165,0.6506573382059216,0.7420231329323254,0.6206272342961066,0.7647778674515899
4__1,Team 4,Sewing,Workers,27.400000000000006,58.000000000000014,workers,0.699483546839462,0.658280790668128,0.7424502343817656,0.6304887006799982,0.7633742762728142
4__1,Team 4,Sewing,Workers,29.10000000000001,58.000000000000014,workers,0.703219756647005,0.6649591524904107,0.742933244568969,0.6388733048629872,0.7614648189230284
4__1,Team 4,Sewing,Workers,30.800000000000004,58.000000000000014,workers,0.7067193270245276,0.6705365453822765,0.7437041459696233,0.6474041587912454,0.7608683063507025
4__1,Team 4,Sewing,Workers,32.50000000000001,58.000000000000014,workers,0.7100078137469221,0.6760982811746026,0.7443375636401003,0.6551161970100908,0.7609417677839774
4__1,Team 4,Sewing,Workers,34.20000000000001,58.000000000000014,workers,0.7131069515170623,0.6821528699411503,0.744927847442272,0.6618266271446388,0.760910350271681
4__1,Team 4,Sewing,Workers,35.900000000000006,58.000000000000014,workers,0.7160353720223498,0.687173113093112,0.7454127415233858,0.6686997302859472,0.7608720197898431
4__1,Team 4,Sewing,Workers,37.60000000000001,58.000000000000014,workers,0.7188091616005908,0.6920166940177193,0.7465062915713665,0.6752079145138729,0.7602335630888525
4__1,Team 4,Sewing,Workers,39.300000000000004,58.000000000000014,workers,0.7214422995896373,0.6957492221992938,0.7476351720842773,0.6812901539348236,0.7613227314399815
4__1,Team 4,Sewing,Workers,41.00000000000001,58.000000000000014,workers,0.7239470066744695,0.6998154020705586,0.7489490339814066,0.6861475534752347,0.7613563388615997
4__1,Team 4,Sewing,Workers,42.70000000000001,58.000000000000014,workers,0.7263340244812266,0.7035406319558594,0.7500316774449148,0.6899107502390187,0.7612848232112929
4__1,Team 4,Sewing,Workers,44.400000000000006,58.000000000000014,workers,0.7286128420422424,0.7066140470177703,0.7507742516764592,0.6941413658876561,0.7613017569256717
4__1,Team 4,Sewing,Workers,46.10000000000001,58.000000000000014,workers,0.7307918807700162,0.7098460437950818,0.7521575212269117,0.6974375937893491,0.7621832618483845
4__1,Team 4,Sewing,Workers,47.80000000000001,58.000000000000014,workers,0.7328786467126928,0.7127217293895975,0.75309316207872,0.7000720126081922,0.7631037107865651
4__1,Team 4,Sewing,Workers,49.50000000000001,58.000000000000014,workers,0.7348798567765723,0.7152336216444973,0.7543614192210837,0.7043254039636168,0.763958357545481
4__1,Team 4,Sewing,Workers,51.20000000000001,58.000000000000014,workers,0.7368015440625513,0.7175745731369236,0.7560089037808033,0.7067093709845931,0.7660227991190746
4__1,Team 4,Sewing,Workers,52.90000000000001,58.000000000000014,workers,0.738649146316212,0.7198677707496636,0.7572707987237924,0.7089611508858452,0.7673057735247674
4__1,Team 4,Sewing,Workers,54.60000000000001,58.000000000000014,workers,0.7404275806270679,0.7217434383599802,0.7587419640995793,0.7106422836479765,0.7683978406954304
4__1,Team 4,Sewing,Workers,56.30000000000001,58.000000000000014,workers,0.7421413068549199,0.723744306660596,0.7605918849224603,0.712675201315208,0.7703423814382759
4__1,Team 4,Sewing,Workers,58.000000000000014,58.000000000000014,workers,0.7437943817567698,0.7253011753092931,0.7625587237190177,0.7140402446445135,0.7720606189021484
4__1,Team 4,Sewing,Overtime,960.0,7079.999999999998,min,0.755197681381039,0.7361093683180481,0.7746024159029415,0.7263736629595321,0.7847405010931615
4__1,Team 4,Sewing,Overtime,1273.6,7079.999999999998,min,0.7536103372339958,0.7349650108732942,0.7727552208057548,0.7246792376733996,0.782695748822094
4__1,Team 4,Sewing,Overtime,1587.2,7079.999999999998,min,0.7523682092644612,0.7338153408312417,0.77122810236909,0.7232542204501918,0.7814646610340307
4__1,Team 4,Sewing,Overtime,1900.8000000000002,7079.999999999998,min,0.7513468998438774,0.7328943018165912,0.7699562967152926,0.7221347252823646,0.7803318469873979
4__1,Team 4,Sewing,Overtime,2214.4,7079.999999999998,min,0.7504791931630658,0.7321017661291245,0.7688563118991101,0.7212749218461605,0.7791409092545494
4__1,Team 4,Sewing,Overtime,2528.0,7079.999999999998,min,0.7497245986617845,0.7314758238908814,0.7682187671226675,0.7206333550266197,0.7782933147729485
4__1,Team 4,Sewing,Overtime,2841.6000000000004,7079.999999999998,min,0.7490568162667439,0.7308691413650226,0.7675217422126946,0.7197918551441401,0.7774601543191605
4__1,Team 4,Sewing,Overtime,3155.2000000000003,7079.999999999998,min,0.7484577881684938,0.7302377468157291,0.766941241614619,0.7190837411710166,0.7768876570272837
4__1,Team 4,Sewing,Overtime,3468.8,7079.999999999998,min,0.7479145751277665,0.7298236193792815,0.7665520554142516,0.7184930437085563,0.7764138336112477
4__1,Team 4,Sewing,Overtime,3782.4,7079.999999999998,min,0.747417586067711,0.7292662948208849,0.7662146352622451,0.7179546163286054,0.7757395663134611
4__1,Team 4,Sewing,Overtime,4096.0,7079.999999999998,min,0.7469595129518388,0.7288509161762862,0.765856166243828,0.7174597476490412,0.775233842445335
4__1,Team 4,Sewing,Overtime,4409.6,7079.999999999998,min,0.7465346584161561,0.7285454007865975,0.7654304486060358,0.717107992514413,0.77487824656167
4__1,Team 4,Sewing,Overtime,4723.200000000001,7079.999999999998,min,0.7461384941790872,0.728128023306105,0.7650044178149114,0.716721913731006,0.7746431556910505
4__1,Team 4,Sewing,Overtime,5036.8,7079.999999999998,min,0.7457673612179534,0.727602927359538,0.7645626116493065,0.7165091358433813,0.7741261986584855
4__1,Team 4,Sewing,Overtime,5350.400000000001,7079.999999999998,min,0.7454182603564026,0.7272582881255786,0.7641771711882579,0.7163102430036548,0.7736592066178755
4__1,Team 4,Sewing,Overtime,5664.0,7079.999999999998,min,0.7450887023868065,0.7269075683143074,0.7638081621552354,0.7161226014874298,0.7733363114310288
4__1,Team 4,Sewing,Overtime,5977.6,7079.999999999998,min,0.7447765984970391,0.7264905897339171,0.7635148234572121,0.7158598946032733,0.773029160533164
4__1,Team 4,Sewing,Overtime,6291.200000000001,7079.999999999998,min,0.7444801786512658,0.7261025653365968,0.7632750336306636,0.7153064180072883,0.7727368684223332
4__1,Team 4,Sewing,Overtime,6604.8,7079.999999999998,min,0.7441979297771855,0.725763284904755,0.7629805126755698,0.7147792630650842,0.7724585493754471
4__1,Team 4,Sewing,Overtime,6918.400000000001,7079.999999999998,min,0.7439285482555569,0.7254613047449582,0.7626536924924481,0.7142760152793157,0.7721929179160857
4__1,Team 4,Sewing,Overtime,7079.999999999998,7079.999999999998,min,0.7437943817567698,0.7253011753092931,0.7625587237190177,0.7140402446445135,0.7720606189021484
4__1,Team 4,Sewing,Overtime,7232.0,7079.999999999998,min,0.7436709029141855,0.7251706079904825,0.7624020871063202,0.7139045825222436,0.7719388586237219
4__1,Team 4,Sewing,Overtime,7545.6,7079.999999999998,min,0.7434240058557516,0.7248475674007447,0.7621751020314358,0.7136432342938441,0.7716945059076963
4__1,Team 4,Sewing,Overtime,7859.200000000001,7079.999999999998,min,0.7431869892091342,0.7246333144487106,0.7619735597781324,0.7134923763560634,0.771459498255064
4__1,Team 4,Sewing,Overtime,8172.8,7079.999999999998,min,0.7429590864164038,0.7243577971893194,0.761864907762104,0.7133506410210776,0.7712262617209429
4__1,Team 4,Sewing,Overtime,8486.400000000001,7079.999999999998,min,0.7427396170328796,0.7240676035506299,0.7616167386494146,0.7132965289906551,0.7709242408950913
4__1,Team 4,Sewing,Overtime,8800.0,7079.999999999998,min,0.7425279742770282,0.7237877614907875,0.7614061097608824,0.7133204138377355,0.7706329144301564
4__1,Team 4,Sewing,Overtime,9113.6,7079.999999999998,min,0.7423236147537529,0.723528879772484,0.7612193924255259,0.7131793470305652,0.7703534205564497
4__1,Team 4,Sewing,Overtime,9427.2,7079.999999999998,min,0.7421260499108602,0.7233358000761159,0.761050654711887,0.7129049445806299,0.7701515026519804
4__1,Team 4,Sewing,Overtime,9740.800000000001,7079.999999999998,min,0.7419348388892171,0.7230805757913692,0.7608802604798081,0.712633837368292,0.769955823901856
4__1,Team 4,Sewing,Overtime,10054.400000000001,7079.999999999998,min,0.7417495825022375,0.7228190228386583,0.7606892783501509,0.7123742187663342,0.7697662344621611
4__1,Team 4,Sewing,Overtime,10368.0,7079.999999999998,min,0.7415699181370818,0.7227087286910061,0.7604700526828226,0.7121838860660936,0.7695823636293234
4__1,Team 4,Sewing,SMV,1.8999999999999997,25.819999999999997,,0.8570308075813816,0.8235530785565858,0.8869221382676924,0.8019129333729188,0.9010241901353376
4__1,Team 4,Sewing,SMV,2.806666666666666,25.819999999999997,,0.8460250093601464,0.8139625359459784,0.8746823111472705,0.7938930767510614,0.8887435298568835
4__1,Team 4,Sewing,SMV,3.713333333333333,25.819999999999997,,0.8368560024154831,0.8066005587375519,0.8643319884437236,0.7888897488571304,0.8782772011194527
4__1,Team 4,Sewing,SMV,4.619999999999999,25.819999999999997,,0.8289476472166699,0.7999959636745406,0.8557175363133225,0.7833429038426268,0.8687439096770856
4__1,Team 4,Sewing,SMV,5.526666666666666,25.819999999999997,,0.821965479843751,0.7943679939323542,0.8480428950093762,0.7786795445674889,0.8601503598999924
4__1,Team 4,Sewing,SMV,6.433333333333333,25.819999999999997,,0.8156964167844462,0.7894030619869251,0.8409254848433185,0.7753797088814385,0.8521883005590938
4__1,Team 4,Sewing,SMV,7.339999999999999,25.819999999999997,,0.8099955587935781,0.7843933878721795,0.8347551872952201,0.7715774194143494,0.8449294450316831
4__1,Team 4,Sewing,SMV,8.246666666666666,25.819999999999997,,0.8047594845001513,0.7804378054187219,0.8284524079069095,0.7677557690111066,0.8384563453917679
4__1,Team 4,Sewing,SMV,9.153333333333332,25.819999999999997,,0.7999115605036811,0.7765291719410271,0.8225561178416144,0.7642082718823211,0.8323821330171675
4__1,Team 4,Sewing,SMV,10.06,25.819999999999997,,0.7953932816024982,0.772552270295725,0.8176054699503073,0.7606267944367475,0.8270851848916438
4__1,Team 4,Sewing,SMV,10.966666666666667,25.819999999999997,,0.791158879847993,0.7690712882605727,0.8127866341840903,0.7561307219802192,0.8217579505986642
4__1,Team 4,Sewing,SMV,11.873333333333333,25.819999999999997,,0.787171817259617,0.765895744782128,0.8084746733641813,0.7528422116811547,0.8172632714441552
4__1,Team 4,Sewing,SMV,12.78,25.819999999999997,,0.7834024193357898,0.7626716776050544,0.8043753967314514,0.7505683843296709,0.8125678274144711
4__1,Team 4,Sewing,SMV,13.686666666666666,25.819999999999997,,0.7798262285940777,0.7594864271055952,0.8004974463508724,0.7483357451091575,0.8083845699188674
4__1,Team 4,Sewing,SMV,14.593333333333334,25.819999999999997,,0.776422828702936,0.7562884309811115,0.7966374103467155,0.7463567904908527,0.8044559534789133
4__1,Team 4,Sewing,SMV,15.5,25.819999999999997,,0.7731749855093152,0.7533929742097933,0.792895658818821,0.7435762323219578,0.8011086878565318
4__1,Team 4,Sewing,SMV,16.406666666666666,25.819999999999997,,0.7700680070622119,0.7509416281091059,0.789587249672229,0.740791522626337,0.7978843611962008
4__1,Team 4,Sewing,SMV,17.313333333333333,25.819999999999997,,0.767089258446908,0.7482027654367973,0.7862766844968341,0.7386129363270564,0.7940286756036885
4__1,Team 4,Sewing,SMV,18.22,25.819999999999997,,0.7642277882689956,0.7452568632087393,0.7830559751020552,0.7353001667344607,0.7918204116091562
4__1,Team 4,Sewing,SMV,19.126666666666665,25.819999999999997,,0.7614740371070345,0.7428233000447696,0.7800021675698103,0.7324303639567108,0.7888174479971033
4__1,Team 4,Sewing,SMV,20.03333333333333,25.819999999999997,,0.7588196071105119,0.7399892791547807,0.7772816066917704,0.7298669423113275,0.7860297763650664
4__1,Team 4,Sewing,SMV,20.939999999999998,25.819999999999997,,0.7562570778696481,0.7379265258636014,0.7742896888433705,0.7274348879583693,0.783869330503519
4__1,Team 4,Sewing,SMV,21.846666666666664,25.819999999999997,,0.7537798577601281,0.7353657406324571,0.7716635654444955,0.724992040382307,0.7817207229437086
4__1,Team 4,Sewing,SMV,22.75333333333333,25.819999999999997,,0.7513820628090812,0.7331288919656231,0.7694782238609048,0.7226876681659269,0.7795687866288498
4__1,Team 4,Sewing,SMV,23.659999999999997,25.819999999999997,,0.7490584171441989,0.7308455142300961,0.767364711340541,0.720455304131685,0.7770314263715844
4__1,Team 4,Sewing,SMV,24.566666666666663,25.819999999999997,,0.7468041705380157,0.728588086351672,0.7655262250038788,0.7182860481475796,0.7753704780656197
4__1,Team 4,Sewing,SMV,25.47333333333333,25.819999999999997,,0.7446150296170329,0.7261309186353018,0.7632635353665228,0.7154003793097743,0.7727706524638055
4__1,Team 4,Sewing,SMV,25.819999999999997,25.819999999999997,,0.7437943817567698,0.7253011753092931,0.7625587237190177,0.7140402446445135,0.7720606189021484
4__1,Team 4,Sewing,SMV,26.38,25.819999999999997,,0.7424871000863151,0.7240072112548419,0.7614259052534789,0.7129536206802861,0.7708450924781619
4__1,Team 4,Sewing,SMV,27.286666666666665,25.819999999999997,,0.740416837903749,0.7218006423789107,0.7595026456369797,0.7108785494247087,0.7690441869418323
4__1,Team 4,Sewing,SMV,28.19333333333333,25.819999999999997,,0.738401007778593,0.7196634292171298,0.7577808202524814,0.7089119153440541,0.7673929846100184
4__1,Team 4,Sewing,SMV,29.099999999999998,25.819999999999997,,0.7364366477050152,0.7177046774837605,0.7559557051917196,0.706463185515498,0.7657161842470379
4__1,Team 4,Sewing,Style Changes,0.0,0.0,,0.7437943817567698,0.7253011753092931,0.7625587237190177,0.7140402446445135,0.7720606189021484
4__1,Team 4,Sewing,Style Changes,1.0,0.0,,0.7570553515739123,0.7394556952279913,0.7756365473233242,0.7266346710478916,0.7841741707803503
4__1,Team 4,Sewing,Style Changes,2.0,0.0,,0.7696926975179416,0.7478365099932202,0.7907374187933875,0.7347751542262915,0.8016233859344044
5__0,Team 5,Finishing,Incentive,0.0,0.0,BDT,0.8072205938912776,0.7740697264622605,0.8389974326120935,0.752343758339658,0.8550042833148694
5__0,Team 5,Finishing,Incentive,2.9333333333333327,0.0,BDT,0.7461008336441718,0.68114962704005,0.8084220722314079,0.6422673105387996,0.8316769139695314
5__0,Team 5,Finishing,Incentive,5.866666666666665,0.0,BDT,0.7317649993380105,0.6594155322562121,0.8008659962222776,0.6123259323077433,0.8296034997107272
5__0,Team 5,Finishing,Incentive,8.799999999999997,0.0,BDT,0.7223442465917888,0.6445691577175731,0.7973489472270275,0.5932929144516564,0.8277619309529303
5__0,Team 5,Finishing,Incentive,11.73333333333333,0.0,BDT,0.7152826144643993,0.633932342091043,0.7945009445168807,0.5798992295198944,0.8259055298436312
5__0,Team 5,Finishing,Incentive,14.666666666666664,0.0,BDT,0.7096186493434332,0.6249212081420688,0.7923770743969668,0.5676676594565481,0.8249728603197762
5__0,Team 5,Finishing,Incentive,17.599999999999994,0.0,BDT,0.704882756041872,0.6162376664457728,0.7901935777459492,0.5578129166034324,0.8232496256754177
5__0,Team 5,Finishing,Incentive,20.533333333333328,0.0,BDT,0.7008094057447767,0.6098678878695304,0.7882916935212496,0.5501512306871066,0.8216698572115524
5__0,Team 5,Finishing,Incentive,23.46666666666666,0.0,BDT,0.6986929001585068,0.6070236514173116,0.7878027705678777,0.5455700543346482,0.8244417667252097
5__0,Team 5,Finishing,Incentive,26.399999999999995,0.0,BDT,0.7034776456191716,0.6110924541859785,0.7933173001966097,0.5435508131103176,0.8285673380149509
5__0,Team 5,Finishing,Incentive,29.33333333333333,0.0,BDT,0.7075659402779445,0.6152455965374627,0.7989222376528831,0.5463451587317941,0.8330976364829464
5__0,Team 5,Finishing,Incentive,32.26666666666666,0.0,BDT,0.7118209597990677,0.6182542164691844,0.8041462327773432,0.5482847683172032,0.8373346783082474
5__0,Team 5,Finishing,Incentive,35.19999999999999,0.0,BDT,0.7166852795636658,0.623831098110206,0.8090099388067371,0.5514182123316679,0.8423980945274555
5__0,Team 5,Finishing,Incentive,38.133333333333326,0.0,BDT,0.7223650763461895,0.628187312866137,0.8152675599609155,0.5575821188984569,0.8472022445992866
5__0,Team 5,Finishing,Incentive,41.066666666666656,0.0,BDT,0.7289287208258332,0.6340954704081976,0.8219844989204339,0.5634913625311189,0.852714451116833
5__0,Team 5,Finishing,Incentive,43.99999999999999,0.0,BDT,0.736362512642732,0.6411170892775192,0.8289443055906026,0.572625492565975,0.8591804537636004
5__0,Team 5,Finishing,Incentive,46.93333333333332,0.0,BDT,0.7446036324917659,0.6491607063110616,0.8361486670794874,0.5812953865934184,0.865876334392329
5__0,Team 5,Finishing,Incentive,49.86666666666665,0.0,BDT,0.7535603807089446,0.658973069835211,0.8435189168368008,0.5903408506060017,0.8726730618371397
5__0,Team 5,Finishing,Incentive,52.79999999999999,0.0,BDT,0.7631250401545456,0.6698082433299366,0.8511824288919279,0.6011219027342214,0.8795851760158601
5__0,Team 5,Finishing,Incentive,55.73333333333332,0.0,BDT,0.7731823194999176,0.6816617112190421,0.8595036234949588,0.6122437386496475,0.8868954801097764
5__0,Team 5,Finishing,Incentive,58.66666666666666,0.0,BDT,0.7836150681679085,0.6933952286756683,0.8676724444850303,0.6252340449744682,0.8942293650322009
5__0,Team 5,Finishing,Incentive,61.59999999999999,0.0,BDT,0.794308251961767,0.7060442622413502,0.8761548214851778,0.639305269451952,0.901690431789668
5__0,Team 5,Finishing,Incentive,64.53333333333332,0.0,BDT,0.80512525259728,0.7198846645858362,0.8843301299765026,0.6527251557421375,0.9088488065215398
5__0,Team 5,Finishing,Incentive,67.46666666666665,0.0,BDT,0.815859165228866,0.7332869559914756,0.892148280690782,0.6664207076746301,0.9150111219014933
5__0,Team 5,Finishing,Incentive,69.5,0.0,BDT,0.8231584234250712,0.7431747952134932,0.8974028952531905,0.6760715841247487,0.9193588652565186
5__0,Team 5,Finishing,Incentive,70.39999999999998,0.0,BDT,0.8263384755639311,0.7475184258929022,0.8997157170739281,0.6805568790767849,0.9210216837473195
5__0,Team 5,Finishing,Incentive,73.33333333333331,0.0,BDT,0.8364425146236873,0.7597376546516829,0.9069155969403885,0.6949194586364196,0.9264527895108225
5__0,Team 5,Finishing,Incentive,76.26666666666665,0.0,BDT,0.846090595639857,0.7712921319749819,0.9133723843358414,0.7093047040711263,0.9317743676007847
5__0,Team 5,Finishing,Incentive,79.19999999999999,0.0,BDT,0.8552330505132875,0.7830196916360054,0.9193567545592382,0.7225945405801254,0.9374460420954561
5__0,Team 5,Finishing,Incentive,82.13333333333331,0.0,BDT,0.8638439030153761,0.7935558693709456,0.9251584441896304,0.7346676190221011,0.9423833391064813
5__0,Team 5,Finishing,Incentive,85.06666666666665,0.0,BDT,0.8719149418332851,0.8043777253980375,0.930897695775645,0.746293139903588,0.9465908490477877
5__0,Team 5,Finishing,Incentive,87.99999999999999,0.0,BDT,0.879450979360983,0.8151607281483504,0.9356493509863513,0.7574264232140288,0.9504305945541032
5__0,Team 5,Finishing,WIP,0.0,0.0,pieces,0.6420359757872763,0.488746924581178,0.7896124364173102,0.40029550418447873,0.8493384642035041
5__0,Team 5,Finishing,WIP,50.09333333333334,0.0,pieces,0.709901381246641,0.5673541083326901,0.8332090068258924,0.4805801945592478,0.8780647279268597
5__0,Team 5,Finishing,WIP,100.18666666666668,0.0,pieces,0.7203604721259663,0.5792513577191937,0.8424933600010464,0.48495319631607664,0.88651724494672
5__0,Team 5,Finishing,WIP,150.28000000000003,0.0,pieces,0.7263029984378622,0.585232527801686,0.8479215702856159,0.48782817338752443,0.8905921274261768
5__0,Team 5,Finishing,WIP,200.37333333333336,0.0,pieces,0.7304314626697075,0.5885079541215535,0.852889457205331,0.48870920317856115,0.8944130284969183
5__0,Team 5,Finishing,WIP,250.4666666666667,0.0,pieces,0.7335812197500233,0.5895349609421355,0.8564551675213812,0.48943264561031263,0.8973893725184731
5__0,Team 5,Finishing,WIP,300.56000000000006,0.0,pieces,0.7361198364507731,0.589685429049877,0.8585568571576395,0.4887394204397489,0.8991574104941209
5__0,Team 5,Finishing,WIP,350.65333333333336,0.0,pieces,0.738241321263482,0.5912945447539013,0.8617565520929301,0.48965239863749377,0.9003096411419711
5__0,Team 5,Finishing,WIP,400.7466666666667,0.0,pieces,0.7400604107610763,0.5922483571103934,0.8637662702296272,0.49047005871711485,0.9014419436374079
5__0,Team 5,Finishing,WIP,450.8400000000001,0.0,pieces,0.7416505038959067,0.5942010773744933,0.8657488944376266,0.4911628112529002,0.9030536811627521
5__0,Team 5,Finishing,WIP,500.9333333333334,0.0,pieces,0.7430613454350314,0.5942947767764383,0.8673966193102451,0.48999026712212834,0.9044948013911984
5__0,Team 5,Finishing,WIP,551.0266666666668,0.0,pieces,0.7443281767092751,0.5960121340065702,0.8690851521768966,0.4915838140866044,0.9059541097212267
5__0,Team 5,Finishing,WIP,601.1200000000001,0.0,pieces,0.7454768572066254,0.5968064300640926,0.8706666077657247,0.49273590599468,0.9069297798483742
5__0,Team 5,Finishing,WIP,651.2133333333335,0.0,pieces,0.7465269122124214,0.5961020759323868,0.8717605113898225,0.49317377830994774,0.9080097725317264
5__0,Team 5,Finishing,WIP,701.3066666666667,0.0,pieces,0.7474934379781778,0.5971427062754178,0.8730722676032716,0.4936132889699118,0.9094134807547244
5__0,Team 5,Finishing,WIP,751.4000000000001,0.0,pieces,0.748388342026597,0.5987906493992124,0.873789897352943,0.4940368897515917,0.9106974963436584
5__0,Team 5,Finishing,WIP,801.4933333333335,0.0,pieces,0.749221178561675,0.599066882504894,0.8745685822648434,0.4944331855659232,0.9113923506254897
5__0,Team 5,Finishing,WIP,851.5866666666668,0.0,pieces,0.7499997276916612,0.6003879847233776,0.875291253187771,0.49484509987028347,0.9119979683498212
5__0,Team 5,Finishing,WIP,901.6800000000002,0.0,pieces,0.7507304071741804,0.6001088463259624,0.8759987631506664,0.49525135036327905,0.9127401224265013
5__0,Team 5,Finishing,WIP,951.7733333333334,0.0,pieces,0.7514185715395482,0.6002310157189515,0.876580899046326,0.4956356721991273,0.9135312713617997
5__0,Team 5,Finishing,WIP,1001.8666666666668,0.0,pieces,0.752068733588775,0.601046526744839,0.8772179192397335,0.4957646013812628,0.9142758866494017
5__0,Team 5,Finishing,WIP,1051.9600000000003,0.0,pieces,0.7526847312115225,0.601566890802651,0.8779406101207038,0.4961126048378782,0.9148510096444475
5__0,Team 5,Finishing,WIP,1102.0533333333335,0.0,pieces,0.753269854935457,0.6015222962189257,0.8781137214773065,0.49616584348194215,0.9153738092341619
5__0,Team 5,Finishing,WIP,1152.1466666666668,0.0,pieces,0.7538269467832363,0.6021184779867509,0.8789657520282116,0.4962167173473255,0.9158706714498781
5__0,Team 5,Finishing,WIP,1202.2400000000002,0.0,pieces,0.7543584778363345,0.6025646919988561,0.879649073539581,0.4962654276116857,0.9163439262008274
5__0,Team 5,Finishing,WIP,1252.3333333333335,0.0,pieces,0.754866609772875,0.6029891244758909,0.8802824570701806,0.4963121508245483,0.916886231767911
5__0,Team 5,Finishing,WIP,1302.426666666667,0.0,pieces,0.7553532441884634,0.6029207140497584,0.8812306582023629,0.49635704277016385,0.9174602196830263
5__0,Team 5,Finishing,WIP,1352.5200000000002,0.0,pieces,0.7558200624942757,0.6028591378351745,0.8818188677142932,0.4964002416015056,0.9180091690726789
5__0,Team 5,Finishing,WIP,1402.6133333333335,0.0,pieces,0.7562685584692709,0.6031640365288277,0.8822868487285894,0.49609848920787225,0.918535036046843
5__0,Team 5,Finishing,WIP,1452.706666666667,0.0,pieces,0.7567000650289408,0.6035681077137672,0.8827527518012837,0.49611286143034355,0.919039560985117
5__0,Team 5,Finishing,WIP,1502.8000000000002,0.0,pieces,0.7571157763990123,0.6039494227865803,0.8832869562322475,0.49524264464663537,0.9195215184929532
5__0,Team 5,Finishing,Workers,7.000000000000002,11.0,workers,0.7642802346947862,0.7291220870074855,0.8016505811783736,0.7033119409373572,0.8174727314426115
5__0,Team 5,Finishing,Workers,8.700000000000003,11.0,workers,0.7855053834484533,0.7514646140095621,0.819343391901378,0.7287139693392058,0.8377080023415949
5__0,Team 5,Finishing,Workers,10.400000000000002,11.0,workers,0.8021512162863152,0.7688898695293176,0.8341940354479837,0.7470709413041146,0.8502184231220199
5__0,Team 5,Finishing,Workers,11.0,11.0,workers,0.8072205938912776,0.7740697264622605,0.8389974326120935,0.752343758339658,0.8550042833148694
5__0,Team 5,Finishing,Workers,12.100000000000003,11.0,workers,0.8156468939031257,0.7827488898388861,0.8471506735193137,0.7612191990932555,0.8635054194400174
5__0,Team 5,Finishing,Workers,13.800000000000004,11.0,workers,0.8268668068135564,0.7938909703142175,0.8581534554343849,0.7755250003390445,0.8746209454690749
5__0,Team 5,Finishing,Workers,15.500000000000004,11.0,workers,0.836380014424179,0.8029856603033396,0.8673542546557517,0.784700070316487,0.8831359553559817
5__0,Team 5,Finishing,Workers,17.200000000000003,11.0,workers,0.8445749157567629,0.8114095670607877,0.8756068443115848,0.7925149591163663,0.8914494442251041
5__0,Team 5,Finishing,Workers,18.900000000000006,11.0,workers,0.8517268373108451,0.8188411189976957,0.8826239141194413,0.7991176145112069,0.8977316037122374
5__0,Team 5,Finishing,Workers,20.600000000000005,11.0,workers,0.8580370774926005,0.8254502878600505,0.8887618143473686,0.8059195332569847,0.9028387282268542
5__0,Team 5,Finishing,Workers,22.300000000000004,11.0,workers,0.8636566458930411,0.8315157498426163,0.894124043668782,0.8113593043579151,0.9081422378483854
5__0,Team 5,Finishing,Workers,24.000000000000007,11.0,workers,0.8687013186420988,0.8365275716678304,0.8993492178525078,0.8154782857913018,0.9134222882246775
5__0,Team 5,Finishing,Workers,25.700000000000003,11.0,workers,0.8732615306173146,0.8409061915215815,0.9036042267531423,0.8199812259501565,0.9178497416812776
5__0,Team 5,Finishing,Workers,27.400000000000006,11.0,workers,0.8774090743659742,0.84492940418427,0.9078084602426435,0.8234326760672771,0.9213231370345202
5__0,Team 5,Finishing,Workers,29.10000000000001,11.0,workers,0.881201756315667,0.8486385620834337,0.9115491448468467,0.8277196125865984,0.9247004748024948
5__0,Team 5,Finishing,Workers,30.800000000000004,11.0,workers,0.8846867075735841,0.8522016891199853,0.9149201553960612,0.8303372236182297,0.9280195976989634
5__0,Team 5,Finishing,Workers,32.50000000000001,11.0,workers,0.8879027856640278,0.8552798681805095,0.9178665310333686,0.8333232248482956,0.9306668001069389
5__0,Team 5,Finishing,Workers,34.20000000000001,11.0,workers,0.8908823480349601,0.8581223253035998,0.9206360900771763,0.8364809552189975,0.9332928950839893
5__0,Team 5,Finishing,Workers,35.900000000000006,11.0,workers,0.8936525826189954,0.8605798523557547,0.9231589082140597,0.8396086210011992,0.9356308109276958
5__0,Team 5,Finishing,Workers,37.60000000000001,11.0,workers,0.8962365204316196,0.8629747843948417,0.9255773835357634,0.8421625951514983,0.9381897024374721
5__0,Team 5,Finishing,Workers,39.300000000000004,11.0,workers,0.898653816203175,0.8654464600839205,0.9281554095610487,0.844348187207276,0.9400700855889701
5__0,Team 5,Finishing,Workers,41.00000000000001,11.0,workers,0.9009213572857847,0.8676177960624765,0.9301324314732715,0.846420291524413,0.942090940392024
5__0,Team 5,Finishing,Workers,42.70000000000001,11.0,workers,0.9030537437259276,0.8696833819530814,0.9321335167184724,0.8483889228050476,0.9440515965687496
5__0,Team 5,Finishing,Workers,44.400000000000006,11.0,workers,0.9050636704958677,0.8716198564647095,0.9339320832645281,0.8502762816710808,0.9458787969583907
5__0,Team 5,Finishing,Workers,46.10000000000001,11.0,workers,0.9069622345855584,0.8734770635146184,0.9357107110196381,0.8524124217161101,0.9475859167160328
5__0,Team 5,Finishing,Workers,47.80000000000001,11.0,workers,0.9087591837918395,0.8753294590414433,0.9373546225204992,0.8548183580092868,0.9491840807422445
5__0,Team 5,Finishing,Workers,49.50000000000001,11.0,workers,0.9104631198362578,0.876984756923258,0.9389214812235342,0.8571109396686597,0.950679136440307
5__0,Team 5,Finishing,Workers,51.20000000000001,11.0,workers,0.9120816653891323,0.8786817112524029,0.9403501328767166,0.8590850099084434,0.9520852988321428
5__0,Team 5,Finishing,Workers,52.90000000000001,11.0,workers,0.9136216023339769,0.8803919674841887,0.9415436298269412,0.8605108769463586,0.9534089047227794
5__0,Team 5,Finishing,Workers,54.60000000000001,11.0,workers,0.9150889869402139,0.8819641763492555,0.9429259375914489,0.8618830701368326,0.9546545576635141
5__0,Team 5,Finishing,Workers,56.30000000000001,11.0,workers,0.9164892463620756,0.8834746845752784,0.9441329146102817,0.8632076587503399,0.9559149352070386
5__0,Team 5,Finishing,Workers,58.000000000000014,11.0,workers,0.917827259935028,0.8850180635172965,0.9452488555655914,0.8644832978852083,0.9569767127214754
5__0,Team 5,Finishing,Overtime,960.0,1439.9999999999995,min,0.8091265494039781,0.7763199559967795,0.8409975476389743,0.7548227043751838,0.8567829059809691
5__0,Team 5,Finishing,Overtime,1273.6,1439.9999999999995,min,0.807799690897053,0.7747547094908831,0.8396554888402815,0.7534367390677327,0.8556700832886585
5__0,Team 5,Finishing,Overtime,1439.9999999999995,1439.9999999999995,min,0.8072205938912776,0.7740697264622605,0.8389974326120935,0.752343758339658,0.8550042833148694
5__0,Team 5,Finishing,Overtime,1587.2,1439.9999999999995,min,0.8067604461947488,0.7735524931267167,0.8386028319219286,0.7516167320501875,0.8546383527527991
5__0,Team 5,Finishing,Overtime,1900.8000000000002,1439.9999999999995,min,0.8059053249735486,0.7725344615027735,0.8377392705685971,0.751463893974947,0.853953033092112
5__0,Team 5,Finishing,Overtime,2214.4,1439.9999999999995,min,0.8051783662395862,0.771497413003051,0.8370097241163598,0.7507086403217551,0.8533670550522863
5__0,Team 5,Finishing,Overtime,2528.0,1439.9999999999995,min,0.8045458385328892,0.7706363869095723,0.836506886798035,0.750052306312584,0.8528572145909711
5__0,Team 5,Finishing,Overtime,2841.6000000000004,1439.9999999999995,min,0.8039858205910991,0.769868550130951,0.8362334822411489,0.7494718386575372,0.8524058336859313
5__0,Team 5,Finishing,Overtime,3155.2000000000003,1439.9999999999995,min,0.8034832542628007,0.7692043950888139,0.8359301783395388,0.7489514195430423,0.85211079084522
5__0,Team 5,Finishing,Overtime,3468.8,1439.9999999999995,min,0.8030273453354396,0.7686229416498974,0.8356019988654987,0.7484797215505284,0.8519870613012563
5__0,Team 5,Finishing,Overtime,3782.4,1439.9999999999995,min,0.8026100898007874,0.7682170825771638,0.8351492584388137,0.7480483528207305,0.8518739593649869
5__0,Team 5,Finishing,Overtime,4096.0,1439.9999999999995,min,0.8022253868920566,0.7677835957480466,0.8349309867140813,0.7475715709051431,0.8515942757909073
5__0,Team 5,Finishing,Overtime,4409.6,1439.9999999999995,min,0.8018684789938796,0.7673937428229233,0.8347417114700225,0.7468310216852678,0.851271006568863
5__0,Team 5,Finishing,Overtime,4723.200000000001,1439.9999999999995,min,0.8015355836807849,0.7671303638794419,0.8346350941485893,0.746140065667578,0.8509694237058091
5__0,Team 5,Finishing,Overtime,5036.8,1439.9999999999995,min,0.8012236438146895,0.7669001109147817,0.8344396408739366,0.7455362479872706,0.8506867699191962
5__0,Team 5,Finishing,Overtime,5350.400000000001,1439.9999999999995,min,0.8009301529544055,0.7666393947988591,0.83417259717208,0.745572257481224,0.8504207841875757
5__0,Team 5,Finishing,Overtime,5664.0,1439.9999999999995,min,0.8006530303700911,0.7662111656978497,0.8339222831959656,0.7454140277392796,0.8501695891885794
5__0,Team 5,Finishing,Overtime,5977.6,1439.9999999999995,min,0.800390529647444,0.7658446812640929,0.8337093867368051,0.7450311711500174,0.8499302740868002
5__0,Team 5,Finishing,Overtime,6291.200000000001,1439.9999999999995,min,0.8001411705940127,0.765498912984742,0.8334270356287646,0.7446675425669526,0.8496953923790852
5__0,Team 5,Finishing,Overtime,6604.8,1439.9999999999995,min,0.7999036876593014,0.7651986888051319,0.8331536876735691,0.7443212875783212,0.8494805470119249
5__0,Team 5,Finishing,Overtime,6918.400000000001,1439.9999999999995,min,0.7996769902819091,0.7649309406276685,0.8328683795244709,0.7439909863044886,0.8493777617110767
5__0,Team 5,Finishing,Overtime,7232.0,1439.9999999999995,min,0.7994601319981921,0.7647827105055844,0.8326425901165371,0.7436756869147803,0.8492794693912389
5__0,Team 5,Finishing,Overtime,7545.6,1439.9999999999995,min,0.7992522860861504,0.7646407061080319,0.8324261576308042,0.7434205088760819,0.8491852911598019
5__0,Team 5,Finishing,Overtime,7859.200000000001,1439.9999999999995,min,0.7990527261516802,0.7645119957293006,0.8322158063305996,0.7432299784527463,0.8490304865172555
5__0,Team 5,Finishing,Overtime,8172.8,1439.9999999999995,min,0.7988608104998329,0.7643883578356175,0.832086671923493,0.7430472868402243,0.8487157569992073
5__0,Team 5,Finishing,Overtime,8486.400000000001,1439.9999999999995,min,0.7986759694382267,0.7642693319770116,0.8318807273172809,0.742871394048065,0.8484123637094299
5__0,Team 5,Finishing,Overtime,8800.0,1439.9999999999995,min,0.798497694875874,0.7641545849513417,0.8317944475872164,0.742646565969189,0.8481651928217758
5__0,Team 5,Finishing,Overtime,9113.6,1439.9999999999995,min,0.7983255317365141,0.7640438184596501,0.831579656836174,0.7423486152698687,0.8480081781201771
5__0,Team 5,Finishing,Overtime,9427.2,1439.9999999999995,min,0.7981590708191597,0.7639367643920818,0.8313719248050886,0.7421545672637581,0.8478563483149851
5__0,Team 5,Finishing,Overtime,9740.800000000001,1439.9999999999995,min,0.7979979428224756,0.7638338532718856,0.8312222933802133,0.7419758771849203,0.847709368080401
5__0,Team 5,Finishing,Overtime,10054.400000000001,1439.9999999999995,min,0.797841813312413,0.7636655541539702,0.8311392989565538,0.7418080496853858,0.8475623807202316
5__0,Team 5,Finishing,Overtime,10368.0,1439.9999999999995,min,0.7976903784597346,0.7634345501223294,0.8310137096380945,0.741701532835335,0.8474188099254486
5__0,Team 5,Finishing,SMV,1.8999999999999997,2.9399999999999995,,0.8224442058552464,0.7901433392198618,0.8534715504732729,0.7715636555347531,0.8675263416345512
5__0,Team 5,Finishing,SMV,2.806666666666666,2.9399999999999995,,0.8089821544040143,0.7758055920815504,0.8404615055608244,0.7548230191587247,0.8568628765210633
5__0,Team 5,Finishing,SMV,2.9399999999999995,2.9399999999999995,,0.8072205938912776,0.7740697264622605,0.8389974326120935,0.752343758339658,0.8550042833148694
5__0,Team 5,Finishing,SMV,3.713333333333333,2.9399999999999995,,0.7978387082161067,0.7638995189955822,0.8305560103630005,0.7416338819383058,0.84871006221691
5__0,Team 5,Finishing,SMV,4.619999999999999,2.9399999999999995,,0.7882818170556164,0.7528650734171922,0.821981339027674,0.7302289249265178,0.8425337136121507
5__0,Team 5,Finishing,SMV,5.526666666666666,2.9399999999999995,,0.7798871810353821,0.7424106933970624,0.8149441123376862,0.7213785279111001,0.8380776233823701
5__0,Team 5,Finishing,SMV,6.433333333333333,2.9399999999999995,,0.7723849237697028,0.7330212909250291,0.8087607909269307,0.7120790106994364,0.8328342349905641
5__0,Team 5,Finishing,SMV,7.339999999999999,2.9399999999999995,,0.7655918267780167,0.7246131774630541,0.8037800553512904,0.7039907400026173,0.8291044990551948
5__0,Team 5,Finishing,SMV,8.246666666666666,2.9399999999999995,,0.7593773312833902,0.7164462013302897,0.798827237907743,0.6966891863310857,0.8248052907636516
5__0,Team 5,Finishing,SMV,9.153333333333332,2.9399999999999995,,0.7536448510814188,0.7090485569019422,0.7944216728819242,0.6892793113791755,0.8218557279353844
5__0,Team 5,Finishing,SMV,10.06,2.9399999999999995,,0.7483207648763712,0.7025328642181053,0.7900689773281133,0.6820439856269607,0.8180641717948629
5__0,Team 5,Finishing,SMV,10.966666666666667,2.9399999999999995,,0.7433475691715652,0.695864508615938,0.7869792906643138,0.6749047272422497,0.8146650654558653
5__0,Team 5,Finishing,SMV,11.873333333333333,2.9399999999999995,,0.738679427247218,0.6892129756613297,0.7842088740642525,0.6672549301380645,0.8112989307995082
5__0,Team 5,Finishing,SMV,12.78,2.9399999999999995,,0.7342791683730923,0.6836681425068738,0.7809508333150423,0.661070296846992,0.8081295980319017
5__0,Team 5,Finishing,SMV,13.686666666666666,2.9399999999999995,,0.7301162017739492,0.6781463336529643,0.7782506103943487,0.6547056259790003,0.8048687267117719
5__0,Team 5,Finishing,SMV,14.593333333333334,2.9399999999999995,,0.7261650280649328,0.6731882251741903,0.7757659194810536,0.6495672227573255,0.8018898122177894
5__0,Team 5,Finishing,SMV,15.5,2.9399999999999995,,0.7224041527583105,0.6684301662280427,0.7733357065275532,0.6443819561805302,0.7994450791109984
5__0,Team 5,Finishing,SMV,16.406666666666666,2.9399999999999995,,0.7188152774444091,0.664209975074085,0.7704037719572305,0.6400812760343652,0.7975645618556855
5__0,Team 5,Finishing,SMV,17.313333333333333,2.9399999999999995,,0.7153826871329371,0.6603332211321113,0.7687995715598435,0.6349137100493378,0.7956531182678498
5__0,Team 5,Finishing,SMV,18.22,2.9399999999999995,,0.7120927789714112,0.6554626671027819,0.7670377270535411,0.6304693014636996,0.7930916155815271
5__0,Team 5,Finishing,SMV,19.126666666666665,2.9399999999999995,,0.7089336946875953,0.6518047873115981,0.7650952822143208,0.6262090834200223,0.7908770485013238
5__0,Team 5,Finishing,SMV,20.03333333333333,2.9399999999999995,,0.7058950303543691,0.648304475974201,0.7629755487447053,0.622120197610112,0.7882400797267555
5__0,Team 5,Finishing,SMV,20.939999999999998,2.9399999999999995,,0.7029676046296398,0.6445173838212873,0.7613457012611753,0.6166793880617416,0.7860175784150719
5__0,Team 5,Finishing,SMV,21.846666666666664,2.9399999999999995,,0.7001432717972834,0.6406645724701174,0.7596444721891427,0.6111039915442067,0.7846950611756731
5__0,Team 5,Finishing,SMV,22.75333333333333,2.9399999999999995,,0.6974147695414854,0.6365937354892748,0.7576184951386433,0.6071536225675923,0.782790277399169
5__0,Team 5,Finishing,SMV,23.659999999999997,2.9399999999999995,,0.694775593942423,0.6326858118172184,0.7560571482456703,0.6033552092477821,0.7816917487460753
5__0,Team 5,Finishing,SMV,24.566666666666663,2.9399999999999995,,0.6922198960187823,0.6298676118006414,0.7548276831571604,0.5990557692473837,0.7807616531925935
5__0,Team 5,Finishing,SMV,25.47333333333333,2.9399999999999995,,0.6897423954823361,0.6262777625702646,0.7534840704675672,0.5946713546704491,0.7798498857804571
5__0,Team 5,Finishing,SMV,26.38,2.9399999999999995,,0.6873383083585274,0.6234262941496931,0.7522225927397446,0.5914026984568131,0.7789637975975752
5__0,Team 5,Finishing,SMV,27.286666666666665,2.9399999999999995,,0.6850032858653787,0.6205499045082876,0.7508706398805282,0.5885973358263981,0.7781324346504145
5__0,Team 5,Finishing,SMV,28.19333333333333,2.9399999999999995,,0.6827333625002655,0.6176526455279807,0.749730311387648,0.5851260271027923,0.7773200185240176
5__0,Team 5,Finishing,SMV,29.099999999999998,2.9399999999999995,,0.6805249117087994,0.61487570169868,0.7479916371729091,0.5815162089945053,0.7765121106458951
5__0,Team 5,Finishing,Style Changes,0.0,0.0,,0.8072205938912776,0.7740697264622605,0.8389974326120935,0.752343758339658,0.8550042833148694
5__0,Team 5,Finishing,Style Changes,1.0,0.0,,0.8178667563432047,0.7839870842750161,0.8492177978628208,0.763178908883644,0.8659183166387782
5__0,Team 5,Finishing,Style Changes,2.0,0.0,,0.8279009719390604,0.7936191742441815,0.8607083838279801,0.77017739892953,0.8752820846903885
5__1,Team 5,Sewing,Incentive,0.0,30.0,BDT,0.6074790958759609,0.5725712327167553,0.6410241989276212,0.5561724580041333,0.6576739309301614
5__1,Team 5,Sewing,Incentive,2.9333333333333327,30.0,BDT,0.6004859434125513,0.5609192035671581,0.6414486102488224,0.5362872902399813,0.6597417430289528
5__1,Team 5,Sewing,Incentive,5.866666666666665,30.0,BDT,0.6139754067743938,0.5777466577245493,0.6501056746371026,0.5556720238783919,0.6666799136503865
5__1,Team 5,Sewing,Incentive,8.799999999999997,30.0,BDT,0.6224879165877846,0.5883818771307406,0.656889317700059,0.5690416299248601,0.6724791982906425
5__1,Team 5,Sewing,Incentive,11.73333333333333,30.0,BDT,0.6286993080403885,0.5952430549815285,0.6617636708692706,0.5772083525271643,0.6771030926051148
5__1,Team 5,Sewing,Incentive,14.666666666666664,30.0,BDT,0.6335819449771362,0.6001669905657472,0.6659309732266602,0.582959443172643,0.6801661865321877
5__1,Team 5,Sewing,Incentive,17.599999999999994,30.0,BDT,0.6375994382548485,0.6042780739263499,0.6697880716958139,0.58757190814594,0.6842207035054928
5__1,Team 5,Sewing,Incentive,20.533333333333328,30.0,BDT,0.64100907541724,0.6080153050362301,0.6739724782820027,0.5907287394760682,0.6877757770380375
5__1,Team 5,Sewing,Incentive,23.46666666666666,30.0,BDT,0.6456021715317201,0.6135156909519586,0.678052701025756,0.5956474109705504,0.6910519424422682
5__1,Team 5,Sewing,Incentive,26.399999999999995,30.0,BDT,0.6570828265831516,0.6274101182776461,0.687194791642512,0.6104741946835824,0.7006455215367621
5__1,Team 5,Sewing,Incentive,29.33333333333333,30.0,BDT,0.6670676052534842,0.6385514850953518,0.6957218499155354,0.6222339117180722,0.7092355632234275
5__1,Team 5,Sewing,Incentive,30.0,30.0,BDT,0.6692524010747462,0.6406189326477143,0.6980953530473293,0.6245939678832264,0.7115966705726338
5__1,Team 5,Sewing,Incentive,32.26666666666666,30.0,BDT,0.6766383372027799,0.6482534745818862,0.7045915960750181,0.6318305213463814,0.7185042262598722
5__1,Team 5,Sewing,Incentive,35.19999999999999,30.0,BDT,0.6863705303357495,0.6576564817412922,0.7136437598760591,0.6427400967658292,0.7276372510516804
5__1,Team 5,Sewing,Incentive,38.133333333333326,30.0,BDT,0.6965519063795576,0.6671897260402581,0.7233262826329507,0.653488001715429,0.7369469314640471
5__1,Team 5,Sewing,Incentive,41.066666666666656,30.0,BDT,0.7073008418335556,0.6783905188780472,0.7337323546278012,0.6647395144621455,0.747238246498176
5__1,Team 5,Sewing,Incentive,43.99999999999999,30.0,BDT,0.718633734809812,0.6903532428807463,0.7445990990765392,0.6765530931928395,0.7578864673292963
5__1,Team 5,Sewing,Incentive,46.93333333333332,30.0,BDT,0.7305050445618346,0.7032261672298914,0.7560049877939672,0.6884235774083938,0.7685585771944048
5__1,Team 5,Sewing,Incentive,49.86666666666665,30.0,BDT,0.7428320902127126,0.7159050148975534,0.7674442009438058,0.7022753410011278,0.7801138183290892
5__1,Team 5,Sewing,Incentive,52.79999999999999,30.0,BDT,0.7555110325058657,0.7298730845304078,0.7796580092425539,0.7160670695621829,0.7923624251479605
5__1,Team 5,Sewing,Incentive,55.73333333333332,30.0,BDT,0.7684275733150692,0.7437243246093632,0.7918736710646428,0.7302796416575241,0.8042589578527972
5__1,Team 5,Sewing,Incentive,58.66666666666666,30.0,BDT,0.781464368296553,0.7577222625444051,0.8042404954022189,0.7435318202380039,0.815232934271429
5__1,Team 5,Sewing,Incentive,61.59999999999999,30.0,BDT,0.7945062984913946,0.7716803995462972,0.8164403119426964,0.7572336557017936,0.8272640194423315
5__1,Team 5,Sewing,Incentive,64.53333333333332,30.0,BDT,0.8074170684867681,0.785531324401201,0.82829085933119,0.7720641080874993,0.8388327034224322
5__1,Team 5,Sewing,Incentive,67.46666666666665,30.0,BDT,0.8199915347619103,0.7988296721022438,0.8399582631399541,0.7864366037527457,0.8501965151207527
5__1,Team 5,Sewing,Incentive,69.5,30.0,BDT,0.8284220427309531,0.8080038896591316,0.847992088590394,0.7956681733703216,0.8576521159297931
5__1,Team 5,Sewing,Incentive,70.39999999999998,30.0,BDT,0.8320662513277802,0.8119752830239255,0.8513315059908045,0.7998207281243062,0.8609530039629444
5__1,Team 5,Sewing,Incentive,73.33333333333331,30.0,BDT,0.8435341044895995,0.8240678404901992,0.8620110197488325,0.8129194019923875,0.8718226678054515
5__1,Team 5,Sewing,Incentive,76.26666666666665,30.0,BDT,0.8543316592903837,0.8357015601578994,0.8719211197761895,0.8251326434228241,0.8814582288360167
5__1,Team 5,Sewing,Incentive,79.19999999999999,30.0,BDT,0.8644286703727376,0.8467777467937021,0.8812279725224272,0.8365099360681388,0.8902743840878461
5__1,Team 5,Sewing,Incentive,82.13333333333331,30.0,BDT,0.873819515286537,0.8570280858020212,0.8901893872096175,0.8469924440258224,0.8986820668547101
5__1,Team 5,Sewing,Incentive,85.06666666666665,30.0,BDT,0.8825163103793822,0.8663533665861061,0.898227930697304,0.8568265568526039,0.9061826021838911
5__1,Team 5,Sewing,Incentive,87.99999999999999,30.0,BDT,0.8905434724894014,0.874897443979102,0.9055388852258159,0.8658136711005209,0.9127874035756176
5__1,Team 5,Sewing,WIP,0.0,992.0000000000002,pieces,0.4680084816751588,0.3891770665353508,0.5493584442393591,0.3520648303907306,0.5866676091025615
5__1,Team 5,Sewing,WIP,50.09333333333334,992.0000000000002,pieces,0.5855066645132542,0.5466290757120233,0.6244898296962709,0.5280580445744198,0.6423457341311178
5__1,Team 5,Sewing,WIP,100.18666666666668,992.0000000000002,pieces,0.6054763686348726,0.5727065382066944,0.6395288479536158,0.5555877153415223,0.6544028835515021
5__1,Team 5,Sewing,WIP,150.28000000000003,992.0000000000002,pieces,0.6170700455355663,0.5874394833652418,0.6470323709909048,0.5707302717915782,0.663692611158262
5__1,Team 5,Sewing,WIP,200.37333333333336,992.0000000000002,pieces,0.6252327712621897,0.5967944174698049,0.6539646507976503,0.5805939146558551,0.6700749241105877
5__1,Team 5,Sewing,WIP,250.4666666666667,992.0000000000002,pieces,0.6315209983592706,0.6036065397947993,0.6590996492477235,0.5883624873539826,0.6744178224756684
5__1,Team 5,Sewing,WIP,300.56000000000006,992.0000000000002,pieces,0.6366277136128807,0.6090334891871854,0.66381030174001,0.5948606763022627,0.6791651922281591
5__1,Team 5,Sewing,WIP,350.65333333333336,992.0000000000002,pieces,0.6409219544829289,0.6130992711286465,0.6680812661568013,0.5995889167837822,0.6835225034381279
5__1,Team 5,Sewing,WIP,400.7466666666667,992.0000000000002,pieces,0.6446235384509542,0.6173673841021938,0.6717122609269645,0.6033820509298128,0.6874451969061132
5__1,Team 5,Sewing,WIP,450.8400000000001,992.0000000000002,pieces,0.6478739334255021,0.620970177758158,0.6748473310055383,0.6057428314191426,0.6900699670312875
5__1,Team 5,Sewing,WIP,500.9333333333334,992.0000000000002,pieces,0.6507695136083594,0.6240155736349565,0.677739136238845,0.6087608693464855,0.6927667854966808
5__1,Team 5,Sewing,WIP,551.0266666666668,992.0000000000002,pieces,0.6533788652043829,0.6265923548716287,0.6809487948252848,0.6113703914791176,0.6952186290863749
5__1,Team 5,Sewing,WIP,601.1200000000001,992.0000000000002,pieces,0.655752519508372,0.6288139682587851,0.6836208388925447,0.6137857294906188,0.6969486869972905
5__1,Team 5,Sewing,WIP,651.2133333333335,992.0000000000002,pieces,0.6579287696318358,0.6304569317450218,0.6857394966314072,0.6154792932966209,0.6997050225488196
5__1,Team 5,Sewing,WIP,701.3066666666667,992.0000000000002,pieces,0.6599373207767737,0.6326125434500371,0.6879718067640779,0.6175832800546895,0.7018720388997575
5__1,Team 5,Sewing,WIP,751.4000000000001,992.0000000000002,pieces,0.6618016749761579,0.6345380339134126,0.6899158721127062,0.6195245227537015,0.7036202005988544
5__1,Team 5,Sewing,WIP,801.4933333333335,992.0000000000002,pieces,0.6635407424936635,0.6358692309036031,0.6919287012993388,0.6205811810746111,0.7051025106402609
5__1,Team 5,Sewing,WIP,851.5866666666668,992.0000000000002,pieces,0.6651699623727426,0.6372875456728354,0.6933546054529641,0.621424731626884,0.706732970018369
5__1,Team 5,Sewing,WIP,901.6800000000002,992.0000000000002,pieces,0.6667021011694667,0.638325847803614,0.6952009636201968,0.6225554615382262,0.7085883564361601
5__1,Team 5,Sewing,WIP,951.7733333333334,992.0000000000002,pieces,0.668147834694378,0.6396752614438747,0.6966975902679282,0.6237023873102354,0.7107848540429224
5__1,Team 5,Sewing,WIP,992.0000000000002,992.0000000000002,pieces,0.6692524010747462,0.6406189326477143,0.6980953530473293,0.6245939678832264,0.7115966705726338
5__1,Team 5,Sewing,WIP,1001.8666666666668,992.0000000000002,pieces,0.6695161798159371,0.6408500765502609,0.6984083647971332,0.6248072164209169,0.7117037916648984
5__1,Team 5,Sewing,WIP,1051.9600000000003,992.0000000000002,pieces,0.6708148203968879,0.6421553454662906,0.6997704606030886,0.6256792715727884,0.7123722260402209
5__1,Team 5,Sewing,WIP,1102.0533333333335,992.0000000000002,pieces,0.6720503570334171,0.643194657439391,0.700904917883818,0.626458463545204,0.7134098048895279
5__1,Team 5,Sewing,WIP,1152.1466666666668,992.0000000000002,pieces,0.6732285010028195,0.6444226578631335,0.7024028811785773,0.6274665288084631,0.7151539660688415
5__1,Team 5,Sewing,WIP,1202.2400000000002,992.0000000000002,pieces,0.6743542267250979,0.6451606697850296,0.7037940842334524,0.6281814470029298,0.7168142909362227
5__1,Team 5,Sewing,WIP,1252.3333333333335,992.0000000000002,pieces,0.6754318929419505,0.6456903302281568,0.7051062753341121,0.628841739150704,0.7184400298623204
5__1,Team 5,Sewing,WIP,1302.426666666667,992.0000000000002,pieces,0.676465340005511,0.646657691117101,0.7062269599875242,0.629489839293676,0.7196307850372591
5__1,Team 5,Sewing,WIP,1352.5200000000002,992.0000000000002,pieces,0.6774579687095226,0.6474326124045757,0.7075517687982453,0.630113049979809,0.7203637914120219
5__1,Team 5,Sewing,WIP,1402.6133333333335,992.0000000000002,pieces,0.6784128047076583,0.6483205743553647,0.7086758779890427,0.6308432639198152,0.7211965366535169
5__1,Team 5,Sewing,WIP,1452.706666666667,992.0000000000002,pieces,0.6793325515667238,0.6490081436367667,0.7095314721189269,0.6313743166740501,0.7223695355212204
5__1,Team 5,Sewing,WIP,1502.8000000000002,992.0000000000002,pieces,0.6802196347765818,0.6499562146405472,0.7106017424041795,0.6323624198257725,0.7233627986789766
5__1,Team 5,Sewing,Workers,7.000000000000002,56.999999999999986,workers,0.5268583439358278,0.3980839901008023,0.6596832376675927,0.32727329925964727,0.7162011645367564
5__1,Team 5,Sewing,Workers,8.700000000000003,56.999999999999986,workers,0.5409490541840392,0.42351530725346126,0.6615407008573579,0.3574662017769166,0.7123719051766864
5__1,Team 5,Sewing,Workers,10.400000000000002,56.999999999999986,workers,0.5528332859652072,0.44504080388677403,0.6628639251952648,0.3823436551009214,0.7078795471874472
5__1,Team 5,Sewing,Workers,12.100000000000003,56.999999999999986,workers,0.5630928632140761,0.46418968996907173,0.6643700903868749,0.4056181935183925,0.7064067136412543
5__1,Team 5,Sewing,Workers,13.800000000000004,56.999999999999986,workers,0.5721053642276434,0.4800793206835314,0.6651088355216251,0.4248773678921699,0.7048197316563761
5__1,Team 5,Sewing,Workers,15.500000000000004,56.999999999999986,workers,0.5801302044131758,0.49379500017149064,0.6660308397206446,0.443846934496233,0.7018127142165981
5__1,Team 5,Sewing,Workers,17.200000000000003,56.999999999999986,workers,0.5873535056157568,0.5073786422386523,0.666703488446931,0.46117769193457714,0.6998926411203885
5__1,Team 5,Sewing,Workers,18.900000000000006,56.999999999999986,workers,0.5939134326030323,0.519247246010937,0.6683084336556426,0.47723585652830225,0.698557092205811
5__1,Team 5,Sewing,Workers,20.600000000000005,56.999999999999986,workers,0.5999154135205165,0.5285143553205147,0.669085348099699,0.4919191776072647,0.6992994127302263
5__1,Team 5,Sewing,Workers,22.300000000000004,56.999999999999986,workers,0.6054417465426877,0.5391658552069346,0.6698409589123028,0.5046349487860272,0.6972444298315967
5__1,Team 5,Sewing,Workers,24.000000000000007,56.999999999999986,workers,0.6105579134416872,0.547307350618593,0.671830827576946,0.5173856735032535,0.6958168378974082
5__1,Team 5,Sewing,Workers,25.700000000000003,56.999999999999986,workers,0.61531687123242,0.5559397355149611,0.6733050243594618,0.529110213026937,0.6971408060049532
5__1,Team 5,Sewing,Workers,27.400000000000006,56.999999999999986,workers,0.6197620539927325,0.5642587108021838,0.6740343095022361,0.537982485414405,0.6962516530455201
5__1,Team 5,Sewing,Workers,29.10000000000001,56.999999999999986,workers,0.6239295246755914,0.5721812099405181,0.6750814648099819,0.5466270101006752,0.6958267604687446
5__1,Team 5,Sewing,Workers,30.800000000000004,56.999999999999986,workers,0.6278495508348549,0.5787092456327263,0.676294508333822,0.555421793941819,0.6951079317442019
5__1,Team 5,Sewing,Workers,32.50000000000001,56.999999999999986,workers,0.631547780263302,0.5856215041868935,0.677989937513362,0.563415786160886,0.6954759589239439
5__1,Team 5,Sewing,Workers,34.20000000000001,56.999999999999986,workers,0.6350461327440646,0.5912728717117784,0.6786969799320264,0.5698453263741122,0.695586205315407
5__1,Team 5,Sewing,Workers,35.900000000000006,56.999999999999986,workers,0.6383634864981086,0.5961389465394032,0.6795060293096528,0.5753415074749896,0.6964427166404251
5__1,Team 5,Sewing,Workers,37.60000000000001,56.999999999999986,workers,0.6415162136147987,0.601338439728649,0.6805420128993589,0.5813127331496143,0.6969710384859635
5__1,Team 5,Sewing,Workers,39.300000000000004,56.999999999999986,workers,0.6445186026900651,0.6061700554616822,0.6818797112143132,0.5879056348519959,0.6978227615341823
5__1,Team 5,Sewing,Workers,41.00000000000001,56.999999999999986,workers,0.6473831960523493,0.6108220649042401,0.6830389541800824,0.593503452284309,0.698476835469356
5__1,Team 5,Sewing,Workers,42.70000000000001,56.999999999999986,workers,0.6501210614954528,0.6148779634914351,0.6845275180968466,0.5979470033112493,0.6983484367016207
5__1,Team 5,Sewing,Workers,44.400000000000006,56.999999999999986,workers,0.6527420132155582,0.6190376954800573,0.6866546724165541,0.6029818962574444,0.6993724099095388
5__1,Team 5,Sewing,Workers,46.10000000000001,56.999999999999986,workers,0.6552547929373215,0.6223020011636817,0.6874238224591194,0.6060021583099238,0.7013750881455911
5__1,Team 5,Sewing,Workers,47.80000000000001,56.999999999999986,workers,0.6576672195370478,0.626232718691206,0.688399192044879,0.6102191749863083,0.702468611498891
5__1,Team 5,Sewing,Workers,49.50000000000001,56.999999999999986,workers,0.6599863135150386,0.6291631210586835,0.6900509400968482,0.613283369507335,0.7038640810378526
5__1,Team 5,Sewing,Workers,51.20000000000001,56.999999999999986,workers,0.6622184012229578,0.6321946169497143,0.6919146417050768,0.6168662632976353,0.7053667137742168
5__1,Team 5,Sewing,Workers,52.90000000000001,56.999999999999986,workers,0.6643692026703844,0.6351707090257489,0.6933321332922826,0.6194001009506372,0.7072886942009803
5__1,Team 5,Sewing,Workers,54.60000000000001,56.999999999999986,workers,0.6664439059175946,0.6378582168441337,0.6947394537353275,0.6214067163063307,0.7087590256333721
5__1,Team 5,Sewing,Workers,56.30000000000001,56.999999999999986,workers,0.668447230438155,0.6397902544288667,0.6970002108736846,0.6238223180717815,0.7106896042216432
5__1,Team 5,Sewing,Workers,56.999999999999986,56.999999999999986,workers,0.6692524010747462,0.6406189326477143,0.6980953530473293,0.6245939678832264,0.7115966705726338
5__1,Team 5,Sewing,Workers,58.000000000000014,56.999999999999986,workers,0.6703834813549786,0.641539483824363,0.6987207042666846,0.6255154696999083,0.7126125705502301
5__1,Team 5,Sewing,Overtime,960.0,6960.000000000005,min,0.6824575799833799,0.6539324834062189,0.710231596064859,0.6375719272216395,0.7229317487858595
5__1,Team 5,Sewing,Overtime,1273.6,6960.000000000005,min,0.6805947843492884,0.6523705712690882,0.7084988236620107,0.635778642470242,0.7219988152727188
5__1,Team 5,Sewing,Overtime,1587.2,6960.000000000005,min,0.6791390437823694,0.6509776955443162,0.7070267337208398,0.6338672380253669,0.7203330657173578
5__1,Team 5,Sewing,Overtime,1900.8000000000002,6960.000000000005,min,0.6779433678046002,0.6494905830774973,0.7059111139249765,0.632706921697168,0.7191524287268838
5__1,Team 5,Sewing,Overtime,2214.4,6960.000000000005,min,0.6769284198958768,0.6487772569028311,0.704812030492777,0.6320340736551532,0.7178065595795025
5__1,Team 5,Sewing,Overtime,2528.0,6960.000000000005,min,0.6760464508335399,0.6478281240673461,0.7040792987761533,0.630267674991503,0.7164267426536833
5__1,Team 5,Sewing,Overtime,2841.6000000000004,6960.000000000005,min,0.6752664693832435,0.6469618609093792,0.7034676976694385,0.6296656613441235,0.7152665352656348
5__1,Team 5,Sewing,Overtime,3155.2000000000003,6960.000000000005,min,0.6745672108536664,0.6460579322601638,0.7029453460427469,0.6291380943648677,0.7146704048355572
5__1,Team 5,Sewing,Overtime,3468.8,6960.000000000005,min,0.6739334470825129,0.6454246334178606,0.7022209745318528,0.6286703741340417,0.7143447910396844
5__1,Team 5,Sewing,Overtime,3782.4,6960.000000000005,min,0.6733538963146383,0.6449069319111708,0.7016201401467029,0.6282436133603502,0.71404716960121
5__1,Team 5,Sewing,Overtime,4096.0,6960.000000000005,min,0.6728199664068214,0.6444912714182398,0.7010764471466504,0.6278506785165019,0.71378472638741
5__1,Team 5,Sewing,Overtime,4409.6,6960.000000000005,min,0.6723249618494143,0.6439489171235553,0.7006853545655709,0.6274865878088648,0.7135438043307211
5__1,Team 5,Sewing,Overtime,4723.200000000001,6960.000000000005,min,0.6718635631938135,0.6435773972512309,0.7004157832976542,0.6271473856594109,0.7131872596135224
5__1,Team 5,Sewing,Overtime,5036.8,6960.000000000005,min,0.6714314737469113,0.6429848749386563,0.6999595643148672,0.6268557726801366,0.7128748508028164
5__1,Team 5,Sewing,Overtime,5350.400000000001,6960.000000000005,min,0.6710251728971354,0.6425887062894291,0.6995186360452887,0.626523804201744,0.7128063952762946
5__1,Team 5,Sewing,Overtime,5664.0,6960.000000000005,min,0.6706417396309142,0.6421499758080055,0.6992675710477876,0.6259205026269589,0.7126000837106168
5__1,Team 5,Sewing,Overtime,5977.6,6960.000000000005,min,0.6702787235508438,0.6419231137740089,0.6988533477876183,0.6256393850417213,0.712127611815365
5__1,Team 5,Sewing,Overtime,6291.200000000001,6960.000000000005,min,0.6699340488291919,0.6414762643671412,0.6984078795017687,0.6254221760293417,0.7120224960094896
5__1,Team 5,Sewing,Overtime,6604.8,6960.000000000005,min,0.6696059414902202,0.6410368252698245,0.6983163404816667,0.625035492105704,0.7119197529335394
5__1,Team 5,Sewing,Overtime,6918.400000000001,6960.000000000005,min,0.6692928735335189,0.6406570043385291,0.6981301872212801,0.624597495847325,0.7116369121790609
5__1,Team 5,Sewing,Overtime,6960.000000000005,6960.000000000005,min,0.6692524010747462,0.6406189326477143,0.6980953530473293,0.6245939678832264,0.7115966705726338
5__1,Team 5,Sewing,Overtime,7232.0,6960.000000000005,min,0.6689935194230245,0.6402552418379034,0.6978725428481023,0.6245714043586782,0.7113392551553409
5__1,Team 5,Sewing,Overtime,7545.6,6960.000000000005,min,0.6687067217955525,0.6400397242941935,0.6976257188392558,0.6244015892035876,0.7110540607954707
5__1,Team 5,Sewing,Overtime,7859.200000000001,6960.000000000005,min,0.6684314641388696,0.6396597290882843,0.6973888385717294,0.6240580183075622,0.710780320987775
5__1,Team 5,Sewing,Overtime,8172.8,6960.000000000005,min,0.6681668488051503,0.6392778607945293,0.6971892503736227,0.6237278121234886,0.7105159569007444
5__1,Team 5,Sewing,Overtime,8486.400000000001,6960.000000000005,min,0.6679120791559757,0.6389116389116795,0.6970114319280372,0.6234099309011505,0.7102584972380384
5__1,Team 5,Sewing,Overtime,8800.0,6960.000000000005,min,0.6676664449406208,0.6387396800456533,0.6967781045299893,0.6231034841575733,0.7100044025094472
5__1,Team 5,Sewing,Overtime,9113.6,6960.000000000005,min,0.6674293102292448,0.638581754358392,0.6965265074050614,0.6228108759255685,0.7097568616980909
5__1,Team 5,Sewing,Overtime,9427.2,6960.000000000005,min,0.6672001033831577,0.6384369546380441,0.6963271942961823,0.6225286378542463,0.7095175729435403
5__1,Team 5,Sewing,Overtime,9740.800000000001,6960.000000000005,min,0.6669783086627923,0.6381865769671337,0.6960925281008085,0.6222555564138847,0.7091936289006456
5__1,Team 5,Sewing,Overtime,10054.400000000001,6960.000000000005,min,0.6667634591624938,0.6381041457402576,0.695920870149266,0.6219910538840959,0.7090083644700005
5__1,Team 5,Sewing,Overtime,10368.0,6960.000000000005,min,0.6665551308280272,0.6378761620665402,0.6957357364901607,0.6217346056221104,0.7088600736344175
5__1,Team 5,Sewing,SMV,1.8999999999999997,25.819999999999997,,0.807147369021953,0.7650258317618631,0.8467805436803445,0.7404194104684281,0.8629105287476466
5__1,Team 5,Sewing,SMV,2.806666666666666,25.819999999999997,,0.7931686869962538,0.7530622637177461,0.8308211237724421,0.7291420408625556,0.8471851389917725
5__1,Team 5,Sewing,SMV,3.713333333333333,25.819999999999997,,0.7816186113449454,0.7433688577902147,0.8173883578514983,0.7216968953260154,0.8334930655587028
5__1,Team 5,Sewing,SMV,4.619999999999999,25.819999999999997,,0.7717263167928957,0.7354078312875327,0.8059682288876598,0.7153475505983303,0.8218791344788862
5__1,Team 5,Sewing,SMV,5.526666666666666,25.819999999999997,,0.7630461682408535,0.7284940647604374,0.7961923627566934,0.7079665982409287,0.8121855760147816
5__1,Team 5,Sewing,SMV,6.433333333333333,25.819999999999997,,0.7552952940526821,0.722322150678411,0.7881761022910688,0.7019034668798333,0.8022624833870419
5__1,Team 5,Sewing,SMV,7.339999999999999,25.819999999999997,,0.7482819745664204,0.7167482144455013,0.7799579363452698,0.6964316257251248,0.7938588071403364
5__1,Team 5,Sewing,SMV,8.246666666666666,25.819999999999997,,0.7418697863419965,0.7112797012197315,0.7724308978832167,0.6915242907873783,0.7869113556597421
5__1,Team 5,Sewing,SMV,9.153333333333332,25.819999999999997,,0.7359579273550526,0.7055933212652482,0.765481183442783,0.6877775605224117,0.779679570523425
5__1,Team 5,Sewing,SMV,10.06,25.819999999999997,,0.730469644470526,0.7003656889548115,0.7591322979693945,0.6835297086850509,0.7737591690340605
5__1,Team 5,Sewing,SMV,10.966666666666667,25.819999999999997,,0.7253450442025279,0.6956045096270884,0.7538921052370355,0.6791291230249945,0.7683365281610837
5__1,Team 5,Sewing,SMV,11.873333333333333,25.819999999999997,,0.7205364246160983,0.6911608635459748,0.7482808976915708,0.6750474180776905,0.7628145862966167
5__1,Team 5,Sewing,SMV,12.78,25.819999999999997,,0.7160051314142021,0.6869781095460341,0.7435335562368646,0.671108704055242,0.7580313008636511
5__1,Team 5,Sewing,SMV,13.686666666666666,25.819999999999997,,0.71171937443384,0.6829306319459553,0.7387969962407092,0.6673514608215778,0.7536586838580938
5__1,Team 5,Sewing,SMV,14.593333333333334,25.819999999999997,,0.7076526708454906,0.6791392665135235,0.7340769591363696,0.6630868709475964,0.7488409998636728
5__1,Team 5,Sewing,SMV,15.5,25.819999999999997,,0.7037827097354228,0.6753508856220711,0.7300790630405297,0.6588962789750772,0.7449267216215579
5__1,Team 5,Sewing,SMV,16.406666666666666,25.819999999999997,,0.7000905074692669,0.6714796314278798,0.7262737251575596,0.6552645063318019,0.7401428623944817
5__1,Team 5,Sewing,SMV,17.313333333333333,25.819999999999997,,0.6965597683254046,0.6681797639619377,0.7230243100588868,0.6514415964376481,0.7365063634148766
5__1,Team 5,Sewing,SMV,18.22,25.819999999999997,,0.6931763929704847,0.66524358907723,0.7195625362320835,0.648147435630129,0.7327544080261696
5__1,Team 5,Sewing,SMV,19.126666666666665,25.819999999999997,,0.6899280953335543,0.6620382960869673,0.7163282289705178,0.6452053146382118,0.7303345901708345
5__1,Team 5,Sewing,SMV,20.03333333333333,25.819999999999997,,0.6868041002395064,0.659033948566743,0.7132450338942795,0.6426191900008908,0.7276359145299105
5__1,Team 5,Sewing,SMV,20.939999999999998,25.819999999999997,,0.6837949020828702,0.6559620117698768,0.7106850707501872,0.6399999473226397,0.7245535192810367
5__1,Team 5,Sewing,SMV,21.846666666666664,25.819999999999997,,0.680892070243565,0.6529063243921038,0.7082385521610765,0.6364937686022362,0.7214307376406844
5__1,Team 5,Sewing,SMV,22.75333333333333,25.819999999999997,,0.6780880907230359,0.6499681018031768,0.7056546410909823,0.6335404897950582,0.718574108442626
5__1,Team 5,Sewing,SMV,23.659999999999997,25.819999999999997,,0.6753762361538418,0.6470370397059192,0.7033387044582207,0.6303100212493411,0.7165968571787075
5__1,Team 5,Sewing,SMV,24.566666666666663,25.819999999999997,,0.6727504582581909,0.6443388038524059,0.7008266411570395,0.6283085195885802,0.7148223354884337
5__1,Team 5,Sewing,SMV,25.47333333333333,25.819999999999997,,0.6702052982316019,0.6416241404345536,0.6988626134206528,0.6254632726499164,0.7126734322760729
5__1,Team 5,Sewing,SMV,25.819999999999997,25.819999999999997,,0.6692524010747462,0.6406189326477143,0.6980953530473293,0.6245939678832264,0.7115966705726338
5__1,Team 5,Sewing,SMV,26.38,25.819999999999997,,0.667735811561353,0.6389917611104944,0.6964110109718724,0.623137635039392,0.7097825432442733
5__1,Team 5,Sewing,SMV,27.286666666666665,25.819999999999997,,0.6653375045605693,0.6364442499044145,0.6940393854696937,0.6204233614827608,0.7077497200695928
5__1,Team 5,Sewing,SMV,28.19333333333333,25.819999999999997,,0.6630062804808043,0.6337971862345845,0.6917720951054578,0.6175762391249879,0.7059692797126897
5__1,Team 5,Sewing,SMV,29.099999999999998,25.819999999999997,,0.6607383935091863,0.6314072498082588,0.6898269636229802,0.6148102008533012,0.7042624894781903
5__1,Team 5,Sewing,Style Changes,0.0,1.0,,0.6534356175027948,0.6248491096987181,0.6804351522209318,0.6091037840552148,0.6948799036432528
5__1,Team 5,Sewing,Style Changes,1.0,1.0,,0.6692524010747462,0.6406189326477143,0.6980953530473293,0.6245939678832264,0.7115966705726338
5__1,Team 5,Sewing,Style Changes,2.0,1.0,,0.6845674472761274,0.6506117038940129,0.7166358982595907,0.6320653067543011,0.7327664062121939
6__0,Team 6,Finishing,Incentive,0.0,0.0,BDT,0.615861932110679,0.5656217219578786,0.6649978571597877,0.5358635344726265,0.6893503658679052
6__0,Team 6,Finishing,Incentive,2.9333333333333327,0.0,BDT,0.597012445995984,0.499086754529804,0.6918505665513848,0.44315493593368693,0.7341108057190525
6__0,Team 6,Finishing,Incentive,5.866666666666665,0.0,BDT,0.5796059871256469,0.47196926782886034,0.6820130760768827,0.41159191793686745,0.7322231839409314
6__0,Team 6,Finishing,Incentive,8.799999999999997,0.0,BDT,0.5684419520743413,0.45514006797698825,0.6773087979288949,0.3915621927737351,0.7327961340848522
6__0,Team 6,Finishing,Incentive,11.73333333333333,0.0,BDT,0.5602108761214143,0.4419363277203992,0.6736520354195563,0.3784045990436015,0.7304689856254883
6__0,Team 6,Finishing,Incentive,14.666666666666664,0.0,BDT,0.5536915198397481,0.43232123817617957,0.6694023289382491,0.3680023824145339,0.7273830118681517
6__0,Team 6,Finishing,Incentive,17.599999999999994,0.0,BDT,0.5482955399458612,0.4248390353610118,0.6666058840350783,0.36005815070807645,0.7247627435490752
6__0,Team 6,Finishing,Incentive,20.533333333333328,0.0,BDT,0.5436938508897986,0.41848981224870885,0.664245554912342,0.35129605356228605,0.7234415725732863
6__0,Team 6,Finishing,Incentive,23.46666666666666,0.0,BDT,0.5413780512015894,0.41406037268969725,0.6651865209999699,0.34808738130952704,0.7243685164030133
6__0,Team 6,Finishing,Incentive,26.399999999999995,0.0,BDT,0.5471174123717789,0.4182317464663584,0.673527336995779,0.3517745565537784,0.7321125392041166
6__0,Team 6,Finishing,Incentive,29.33333333333333,0.0,BDT,0.5520809105307739,0.4210719573086417,0.679900057115415,0.3553486136342524,0.7384295921187259
6__0,Team 6,Finishing,Incentive,32.26666666666666,0.0,BDT,0.5572623491132224,0.4253105707270107,0.6876704772992485,0.358979738183938,0.7478963396826214
6__0,Team 6,Finishing,Incentive,35.19999999999999,0.0,BDT,0.563189740695637,0.42980286066034834,0.6939797786412845,0.3628866603102286,0.7558998932829132
6__0,Team 6,Finishing,Incentive,38.133333333333326,0.0,BDT,0.5701268253348561,0.4344204626536432,0.7028788139767617,0.3673433628784219,0.7644690254790119
6__0,Team 6,Finishing,Incentive,41.066666666666656,0.0,BDT,0.5781828729172072,0.44050239115154777,0.7114030468147488,0.37422799512373794,0.7736445987209841
6__0,Team 6,Finishing,Incentive,43.99999999999999,0.0,BDT,0.5873746267289665,0.44727588931182044,0.7207052224252322,0.38088218642991134,0.7825468775927406
6__0,Team 6,Finishing,Incentive,46.93333333333332,0.0,BDT,0.5976622768220491,0.45660079708612644,0.7309834873301975,0.3890773793589215,0.7923985488403913
6__0,Team 6,Finishing,Incentive,49.86666666666665,0.0,BDT,0.6089708974125625,0.46727832144344694,0.7419259465659132,0.3987558876446645,0.8021823729704344
6__0,Team 6,Finishing,Incentive,52.79999999999999,0.0,BDT,0.6212035656752759,0.4802952905413912,0.7536268854056999,0.40960498125638684,0.8111216793253727
6__0,Team 6,Finishing,Incentive,55.73333333333332,0.0,BDT,0.6342496544983692,0.4934352513328517,0.7653815644469327,0.42094167052481773,0.8211311234744649
6__0,Team 6,Finishing,Incentive,58.66666666666666,0.0,BDT,0.6479903086639258,0.5075997256076556,0.7771819521631449,0.4333797882379698,0.8312893057215107
6__0,Team 6,Finishing,Incentive,61.59999999999999,0.0,BDT,0.6623022762595699,0.5233947556088252,0.7891122355124536,0.44716209443924504,0.8414034920010244
6__0,Team 6,Finishing,Incentive,64.53333333333332,0.0,BDT,0.6770244583540687,0.5389574327556845,0.8011619015666213,0.4646970114767664,0.8510119442851232
6__0,Team 6,Finishing,Incentive,67.46666666666665,0.0,BDT,0.691886267230992,0.5551173407037382,0.8137330578363886,0.4813887879011935,0.8603985697278811
6__0,Team 6,Finishing,Incentive,69.5,0.0,BDT,0.7021413153726387,0.5674937348428644,0.8222098119743274,0.49148856514180705,0.8676993072410882
6__0,Team 6,Finishing,Incentive,70.39999999999998,0.0,BDT,0.7066477058719379,0.5727714105507387,0.8258047806513945,0.4959954469089303,0.8706728371378045
6__0,Team 6,Finishing,Incentive,73.33333333333331,0.0,BDT,0.7211251744993338,0.5894761281610011,0.8365934504193716,0.5107677552471116,0.8795824292244923
6__0,Team 6,Finishing,Incentive,76.26666666666665,0.0,BDT,0.7351816028787125,0.6049328869213189,0.8475660289746136,0.5255560110202752,0.8883105756714809
6__0,Team 6,Finishing,Incentive,79.19999999999999,0.0,BDT,0.7487181310487068,0.6211817861082238,0.8578251335759324,0.5402357985362637,0.8966553213659375
6__0,Team 6,Finishing,Incentive,82.13333333333331,0.0,BDT,0.7616670293255676,0.637182476399775,0.8669698463158492,0.5575592799227833,0.9046387356167457
6__0,Team 6,Finishing,Incentive,85.06666666666665,0.0,BDT,0.7739856600883175,0.6523829751098865,0.8761190435216535,0.5759834959857533,0.9116218700720958
6__0,Team 6,Finishing,Incentive,87.99999999999999,0.0,BDT,0.7856513445575606,0.6668252726596916,0.8841491010451683,0.59088296171627,0.9178901556105646
6__0,Team 6,Finishing,WIP,0.0,0.0,pieces,0.4216532093867088,0.2615404441183797,0.5987244370170834,0.18802073185228574,0.6806919935857626
6__0,Team 6,Finishing,WIP,50.09333333333334,0.0,pieces,0.5971893268379356,0.436309704034011,0.7505712858322117,0.3480223846408877,0.8103977454900493
6__0,Team 6,Finishing,WIP,100.18666666666668,0.0,pieces,0.6262583437779693,0.45980812112702696,0.7784656534355583,0.371639359143425,0.8351350540549902
6__0,Team 6,Finishing,WIP,150.28000000000003,0.0,pieces,0.6428314572374383,0.47236920115553177,0.795198143405033,0.37955782898177287,0.8474649234436972
6__0,Team 6,Finishing,WIP,200.37333333333336,0.0,pieces,0.6543461469471786,0.4837379738776003,0.8047572186034735,0.39346705662127623,0.8553222069072594
6__0,Team 6,Finishing,WIP,250.4666666666667,0.0,pieces,0.6631229604599221,0.4915741217153296,0.8125950058074501,0.39810483421172316,0.8620423299299826
6__0,Team 6,Finishing,WIP,300.56000000000006,0.0,pieces,0.6701875903972323,0.49866914539561136,0.8203603460616892,0.4018229744648897,0.8675572985877339
6__0,Team 6,Finishing,WIP,350.65333333333336,0.0,pieces,0.6760828235973285,0.5064332085337021,0.8247619835365188,0.40497725970331827,0.8720514462771918
6__0,Team 6,Finishing,WIP,400.7466666666667,0.0,pieces,0.6811301750612893,0.5109134224448288,0.8300826721963477,0.4063794977492685,0.875867549303941
6__0,Team 6,Finishing,WIP,450.8400000000001,0.0,pieces,0.6855355270991732,0.5152775127945418,0.833733675754512,0.41047320922461056,0.8791477427612716
6__0,Team 6,Finishing,WIP,500.9333333333334,0.0,pieces,0.6894384964832989,0.5201423273693961,0.8386024158101737,0.4131684362713685,0.882015106643504
6__0,Team 6,Finishing,WIP,551.0266666666668,0.0,pieces,0.6929380269757918,0.52424085859132,0.8414846127373428,0.4159299133747883,0.8845587071325813
6__0,Team 6,Finishing,WIP,601.1200000000001,0.0,pieces,0.6961067325922006,0.5275675884108351,0.844927497771134,0.41738981340795156,0.8869900159403343
6__0,Team 6,Finishing,WIP,651.2133333333335,0.0,pieces,0.6989994414018994,0.5305133073014373,0.8479888817242566,0.41873425895847244,0.8893488281959356
6__0,Team 6,Finishing,WIP,701.3066666666667,0.0,pieces,0.7016585406825713,0.5331057215070891,0.8505080836979929,0.4199802461881292,0.8911963076853586
6__0,Team 6,Finishing,WIP,751.4000000000001,0.0,pieces,0.7041174588058761,0.5339830875537726,0.852374537077833,0.42114126887882836,0.8928813052096563
6__0,Team 6,Finishing,WIP,801.4933333333335,0.0,pieces,0.7064030115311877,0.5366588799389636,0.8543897274933603,0.4222460910858786,0.8944153126916069
6__0,Team 6,Finishing,WIP,851.5866666666668,0.0,pieces,0.708537029334648,0.5402156031153625,0.8564521891819047,0.4234170673307526,0.8959790492902421
6__0,Team 6,Finishing,WIP,901.6800000000002,0.0,pieces,0.7105375144933977,0.5423399035620243,0.8583215866003353,0.42471053843715506,0.8973412979375154
6__0,Team 6,Finishing,WIP,951.7733333333334,0.0,pieces,0.7124194818240355,0.5442846598027393,0.8598224959438089,0.4259782939662524,0.898931298933669
6__0,Team 6,Finishing,WIP,1001.8666666666668,0.0,pieces,0.7141955813092685,0.546128497100163,0.8609696238716066,0.4273944992387072,0.9004196550583125
6__0,Team 6,Finishing,WIP,1051.9600000000003,0.0,pieces,0.715876567046619,0.5478452612270123,0.8624498761234456,0.4287427658616422,0.9018174087983168
6__0,Team 6,Finishing,WIP,1102.0533333333335,0.0,pieces,0.7174716558124379,0.5490012788075673,0.8638549359125899,0.4300293433008854,0.9031339522049169
6__0,Team 6,Finishing,WIP,1152.1466666666668,0.0,pieces,0.7189888049601583,0.5504973200032458,0.8650369098018901,0.4312596545438426,0.9043773351913668
6__0,Team 6,Finishing,WIP,1202.2400000000002,0.0,pieces,0.7204349304491796,0.5519419212399966,0.8665055832321255,0.4324384358890915,0.9055545056835244
6__0,Team 6,Finishing,WIP,1252.3333333333335,0.0,pieces,0.7218160798113795,0.5533267689488244,0.8677473306120878,0.4335698483519734,0.9066630554702302
6__0,Team 6,Finishing,WIP,1302.426666666667,0.0,pieces,0.7231375707645012,0.5545416457823986,0.8689017864039539,0.43465756733701116,0.9074410662625562
6__0,Team 6,Finishing,WIP,1352.5200000000002,0.0,pieces,0.7244041033296797,0.5559354583422603,0.8698779904019616,0.4349674100176797,0.9083999053930383
6__0,Team 6,Finishing,WIP,1402.6133333333335,0.0,pieces,0.7256198512935343,0.5571671754218658,0.8707819205499976,0.4347507723574703,0.9090529162321045
6__0,Team 6,Finishing,WIP,1452.706666666667,0.0,pieces,0.7267885374088077,0.5582687095472527,0.8716330772062799,0.4347519536013026,0.9098912478705594
6__0,Team 6,Finishing,WIP,1502.8000000000002,0.0,pieces,0.7279134956758773,0.5593672130187322,0.8724365832579019,0.4354444598276746,0.9107447379837889
6__0,Team 6,Finishing,Workers,5.0,5.0,workers,0.615861932110679,0.5656217219578786,0.6649978571597877,0.5358635344726265,0.6893503658679052
6__0,Team 6,Finishing,Workers,7.000000000000002,5.0,workers,0.6578856753029549,0.6117640101478081,0.702707336577407,0.5836043663652888,0.7228291296942472
6__0,Team 6,Finishing,Workers,8.700000000000003,5.0,workers,0.6847195330427239,0.6416522593073165,0.7265154103641159,0.6159302477993382,0.7467370427189721
6__0,Team 6,Finishing,Workers,10.400000000000002,5.0,workers,0.7062669834783241,0.662443313634982,0.7474274739733738,0.6381432230424333,0.766957288456852
6__0,Team 6,Finishing,Workers,12.100000000000003,5.0,workers,0.7240696279110511,0.6801011393680088,0.7655482080795231,0.6552781213311443,0.7849667022413815
6__0,Team 6,Finishing,Workers,13.800000000000004,5.0,workers,0.7391016638619153,0.6943758160986757,0.7812027550193354,0.6709855942273312,0.8003729038490455
6__0,Team 6,Finishing,Workers,15.500000000000004,5.0,workers,0.7520142629513251,0.7076335401577799,0.7942850358054685,0.6848215186047656,0.8119816340437962
6__0,Team 6,Finishing,Workers,17.200000000000003,5.0,workers,0.7632619790983519,0.719629212661477,0.8057043716268292,0.6937976937212907,0.8236730814034414
6__0,Team 6,Finishing,Workers,18.900000000000006,5.0,workers,0.7731733022646057,0.7303232839647433,0.8160746539164707,0.7023121731500024,0.8318112446476034
6__0,Team 6,Finishing,Workers,20.600000000000005,5.0,workers,0.7819924502937172,0.7394771697063633,0.8251667317848647,0.7096358906763078,0.8415075093816687
6__0,Team 6,Finishing,Workers,22.300000000000004,5.0,workers,0.789905339724652,0.7465290020990608,0.8328233991564477,0.7161232269320928,0.8500211670815471
6__0,Team 6,Finishing,Workers,24.000000000000007,5.0,workers,0.7970563763929432,0.7547856341333102,0.8398335313864278,0.7220615071084653,0.8580968375110265
6__0,Team 6,Finishing,Workers,25.700000000000003,5.0,workers,0.8035596781596184,0.760760600406088,0.8466503279534958,0.7282278275257926,0.8646443512677703
6__0,Team 6,Finishing,Workers,27.400000000000006,5.0,workers,0.8095067922483323,0.7666851804476987,0.8524199233444042,0.7331630495151974,0.8712657133070716
6__0,Team 6,Finishing,Workers,29.10000000000001,5.0,workers,0.8149721340210275,0.7718539358611543,0.8580301378538496,0.7374370616461022,0.876124401386517
6__0,Team 6,Finishing,Workers,30.800000000000004,5.0,workers,0.8200169030666918,0.7764703175050199,0.8631740799502198,0.7424868110265068,0.8812683227024416
6__0,Team 6,Finishing,Workers,32.50000000000001,5.0,workers,0.8246919567552857,0.7801514302302596,0.867898929420469,0.747322438367531,0.8857084307953247
6__0,Team 6,Finishing,Workers,34.20000000000001,5.0,workers,0.8290399545465551,0.7844403924668786,0.8725420660130291,0.7518612084303763,0.8898392772279325
6__0,Team 6,Finishing,Workers,35.900000000000006,5.0,workers,0.8330969823755882,0.7881490134090604,0.876463789121428,0.7567644385813174,0.8941283171490251
6__0,Team 6,Finishing,Workers,37.60000000000001,5.0,workers,0.8368937999618786,0.7923112696509652,0.8801637744217374,0.7602296981107137,0.8977594864534245
6__0,Team 6,Finishing,Workers,39.300000000000004,5.0,workers,0.8404568103933281,0.7962078401045114,0.8836273466706972,0.7627508825291559,0.9010521576549212
6__0,Team 6,Finishing,Workers,41.00000000000001,5.0,workers,0.8438088222805356,0.7993555702002164,0.8867840974524618,0.7655574843620773,0.903954487003859
6__0,Team 6,Finishing,Workers,42.70000000000001,5.0,workers,0.8469696549988356,0.8027432871759209,0.8896801556619285,0.7682847050426707,0.9066683323538605
6__0,Team 6,Finishing,Workers,44.400000000000006,5.0,workers,0.8499566238415551,0.806122480639009,0.8924339076637243,0.7705308729235927,0.9096902264231942
6__0,Team 6,Finishing,Workers,46.10000000000001,5.0,workers,0.8527849322774108,0.8088403680297043,0.8949507278220057,0.7734428482769592,0.9121167509428649
6__0,Team 6,Finishing,Workers,47.80000000000001,5.0,workers,0.8554679916349983,0.8117980357697933,0.8975779416539318,0.7766353316496099,0.9143132695487342
6__0,Team 6,Finishing,Workers,49.50000000000001,5.0,workers,0.8580176835714278,0.814522395488733,0.9000308856955684,0.7791911496942638,0.9166489121185369
6__0,Team 6,Finishing,Workers,51.20000000000001,5.0,workers,0.8604445770488847,0.8169896290202912,0.9022907362653123,0.7812339777566097,0.9191150339653982
6__0,Team 6,Finishing,Workers,52.90000000000001,5.0,workers,0.862758108854729,0.8194196797640695,0.9044860578151677,0.7832472435481909,0.9210657007141551
6__0,Team 6,Finishing,Workers,54.60000000000001,5.0,workers,0.8649667346905038,0.8217115399573015,0.9066033678458549,0.7856059235554682,0.9231880018061946
6__0,Team 6,Finishing,Workers,56.30000000000001,5.0,workers,0.8670780563377036,0.8239272408285064,0.9087247286557378,0.7878775043058523,0.9252443343729818
6__0,Team 6,Finishing,Workers,58.000000000000014,5.0,workers,0.8690989292517363,0.826023393394835,0.9106376299403786,0.7900658349413434,0.9271906486002924
6__0,Team 6,Finishing,Overtime,720.0000000000002,720.0000000000002,min,0.615861932110679,0.5656217219578786,0.6649978571597877,0.5358635344726265,0.6893503658679052
6__0,Team 6,Finishing,Overtime,960.0,720.0000000000002,min,0.6137982859106821,0.5638755836316747,0.6632429749227614,0.533582730510638,0.6873751586090951
6__0,Team 6,Finishing,Overtime,1273.6,720.0000000000002,min,0.6117652425669504,0.5613871401515397,0.661141290412003,0.5310539250290855,0.6846518203224697
6__0,Team 6,Finishing,Overtime,1587.2,720.0000000000002,min,0.610178528734049,0.5599990435684105,0.6594393230572511,0.530269027361502,0.6833367012863589
6__0,Team 6,Finishing,Overtime,1900.8000000000002,720.0000000000002,min,0.6088766360669585,0.5591132149748916,0.6583223457908861,0.5289566895064142,0.6825940880045012
6__0,Team 6,Finishing,Overtime,2214.4,720.0000000000002,min,0.6077724869347743,0.5577614970706153,0.6576520956976354,0.5274617226049817,0.6819034164457854
6__0,Team 6,Finishing,Overtime,2528.0,720.0000000000002,min,0.6068137196485135,0.5569441066388351,0.6568225028002642,0.5271398057945123,0.6813323368534966
6__0,Team 6,Finishing,Overtime,2841.6000000000004,720.0000000000002,min,0.6059663749169157,0.5562518775207674,0.6564099453162496,0.5269711723611127,0.6808276472969158
6__0,Team 6,Finishing,Overtime,3155.2000000000003,720.0000000000002,min,0.6052071667965021,0.5555825261152335,0.6556391139652152,0.5264781320902288,0.6803685177098373
6__0,Team 6,Finishing,Overtime,3468.8,720.0000000000002,min,0.6045194293479637,0.5547038084457473,0.6548149408385691,0.5262729591036535,0.6795814588617133
6__0,Team 6,Finishing,Overtime,3782.4,720.0000000000002,min,0.603890822086566,0.5541222911490997,0.6543569852805146,0.5260855403795661,0.679289349991067
6__0,Team 6,Finishing,Overtime,4096.0,720.0000000000002,min,0.6033119509991387,0.5534854493735479,0.6538956677517034,0.5259130459007715,0.6790779873219558
6__0,Team 6,Finishing,Overtime,4409.6,720.0000000000002,min,0.6027754988897568,0.5525049600997334,0.6535705764627394,0.5253939879865079,0.6784681035045161
6__0,Team 6,Finishing,Overtime,4723.200000000001,720.0000000000002,min,0.6022756547218853,0.5521008035104148,0.6532676938611297,0.5248979412158823,0.677899316731297
6__0,Team 6,Finishing,Overtime,5036.8,720.0000000000002,min,0.6018077264770886,0.5515631457106392,0.652961066380465,0.5244337430788506,0.6773666208581054
6__0,Team 6,Finishing,Overtime,5350.400000000001,720.0000000000002,min,0.6013678709585105,0.5507734437897448,0.6525181641047155,0.5239975477539729,0.6768656829917178
6__0,Team 6,Finishing,Overtime,5664.0,720.0000000000002,min,0.6009529005454818,0.5502077723631147,0.6520953922551669,0.5235893036932731,0.6763929079185057
6__0,Team 6,Finishing,Overtime,5977.6,720.0000000000002,min,0.6005601420075196,0.5499391453014236,0.651892739245362,0.5232114786386942,0.6759452794601505
6__0,Team 6,Finishing,Overtime,6291.200000000001,720.0000000000002,min,0.600187331402241,0.5495975788245686,0.6517190125852161,0.5228529480538583,0.6755202423307997
6__0,Team 6,Finishing,Overtime,6604.8,720.0000000000002,min,0.5998325345246983,0.5490813277809278,0.6514360386770041,0.5225118358866121,0.6751156126842369
6__0,Team 6,Finishing,Overtime,6918.400000000001,720.0000000000002,min,0.5994940857969697,0.5484241597877513,0.6511597784320003,0.5223527867139965,0.6747295093735911
6__0,Team 6,Finishing,Overtime,7232.0,720.0000000000002,min,0.5991705406940819,0.5478388381272677,0.6508942846497833,0.5225038715353166,0.6743596417679821
6__0,Team 6,Finishing,Overtime,7545.6,720.0000000000002,min,0.5988606382596686,0.5475589345968244,0.6505288879901192,0.5221782869073941,0.6740001925003823
6__0,Team 6,Finishing,Overtime,7859.200000000001,720.0000000000002,min,0.5985632712471957,0.5471729427020707,0.6501667061553531,0.5217026420420293,0.673655188016437
6__0,Team 6,Finishing,Overtime,8172.8,720.0000000000002,min,0.5982774620973763,0.5467476854088895,0.649985347253551,0.5212455705889885,0.673323505428819
6__0,Team 6,Finishing,Overtime,8486.400000000001,720.0000000000002,min,0.5980023434339957,0.5463383756751881,0.6498107758824181,0.5208056757646572,0.6731208645866689
6__0,Team 6,Finishing,Overtime,8800.0,720.0000000000002,min,0.5977371420949659,0.5459490790328005,0.6496417486399271,0.520427570990748,0.6729613365873724
6__0,Team 6,Finishing,Overtime,9113.6,720.0000000000002,min,0.5974811659563416,0.5457868159933972,0.649296791244415,0.5201683633215305,0.6728073550286471
6__0,Team 6,Finishing,Overtime,9427.2,720.0000000000002,min,0.5972337929827771,0.5455388231519006,0.649074562817309,0.5199179145232444,0.672658545932192
6__0,Team 6,Finishing,Overtime,9740.800000000001,720.0000000000002,min,0.5969944620675837,0.5451425119770585,0.6489548836508248,0.5196756517528979,0.6725145719533957
6__0,Team 6,Finishing,Overtime,10054.400000000001,720.0000000000002,min,0.5967626653224033,0.5447731990187412,0.6488389781096976,0.5194410565994942,0.6723751277450781
6__0,Team 6,Finishing,Overtime,10368.0,720.0000000000002,min,0.5965379415495939,0.5445117584120193,0.648726614948572,0.5192174642796114,0.6722399360324557
6__0,Team 6,Finishing,SMV,1.8999999999999997,1.8999999999999997,,0.615861932110679,0.5656217219578786,0.6649978571597877,0.5358635344726265,0.6893503658679052
6__0,Team 6,Finishing,SMV,2.806666666666666,1.8999999999999997,,0.5944351108836258,0.5420729725891391,0.6467538636284733,0.511728741679358,0.6698882054616612
6__0,Team 6,Finishing,SMV,3.713333333333333,1.8999999999999997,,0.5773434523726069,0.5217822430692994,0.6312571078772923,0.49398145602546417,0.6586064357297474
6__0,Team 6,Finishing,SMV,4.619999999999999,1.8999999999999997,,0.563129215518878,0.5059670199237715,0.6190508808012657,0.47706693257420935,0.6471149693372464
6__0,Team 6,Finishing,SMV,5.526666666666666,1.8999999999999997,,0.550968496221552,0.49280325438729183,0.6086411639417608,0.46487573317075853,0.6395895651860385
6__0,Team 6,Finishing,SMV,6.433333333333333,1.8999999999999997,,0.5403486342628852,0.48063592052369164,0.5996194401466456,0.45153441084205737,0.6317363770682033
6__0,Team 6,Finishing,SMV,7.339999999999999,1.8999999999999997,,0.5309283387811863,0.4689960622264568,0.592323687774774,0.4385612330133065,0.6265661278109413
6__0,Team 6,Finishing,SMV,8.246666666666666,1.8999999999999997,,0.522468689305509,0.4579278863975303,0.5849970222241572,0.4271147607922934,0.6215386406409571
6__0,Team 6,Finishing,SMV,9.153333333333332,1.8999999999999997,,0.5147957852589593,0.4487990893833115,0.5789553673983662,0.4161700765678903,0.6161307986614631
6__0,Team 6,Finishing,SMV,10.06,1.8999999999999997,,0.5077790504369406,0.44083992691937657,0.5731544509361279,0.4087116575391141,0.6091874292131031
6__0,Team 6,Finishing,SMV,10.966666666666667,1.8999999999999997,,0.5013179115062992,0.4326804444970639,0.5684010087033272,0.4012934935493133,0.6045905554382278
6__0,Team 6,Finishing,SMV,11.873333333333333,1.8999999999999997,,0.4953332423760569,0.4246954875899782,0.5637730127413327,0.3948211602143241,0.6013138872836347
6__0,Team 6,Finishing,SMV,12.78,1.8999999999999997,,0.48976166132488697,0.4169227231663348,0.5588713161393016,0.3882870398517651,0.5975240332099145
6__0,Team 6,Finishing,SMV,13.686666666666666,1.8999999999999997,,0.4845516088592791,0.41040850494063413,0.5545396140416741,0.38214225115196404,0.5944508108695445
6__0,Team 6,Finishing,SMV,14.593333333333334,1.8999999999999997,,0.47966057722712996,0.4047527469507085,0.5509675968972845,0.37626377958743074,0.5921793752425657
6__0,Team 6,Finishing,SMV,15.5,1.8999999999999997,,0.4750531077100838,0.39958163768753985,0.5475267897765114,0.37056550252450937,0.5891507440830629
6__0,Team 6,Finishing,SMV,16.406666666666666,1.8999999999999997,,0.4706993134308966,0.3949171357116461,0.5441697170615256,0.3652868450426141,0.5865647125251492
6__0,Team 6,Finishing,SMV,17.313333333333333,1.8999999999999997,,0.466573770246111,0.3899092485854591,0.5409794253804544,0.36033002356917015,0.5841486660747537
6__0,Team 6,Finishing,SMV,18.22,1.8999999999999997,,0.46265467076107797,0.3854944049644957,0.5380978191329113,0.35564020638068017,0.5810075785975427
6__0,Team 6,Finishing,SMV,19.126666666666665,1.8999999999999997,,0.45892316987629905,0.3812946665114513,0.5349934951278044,0.35116605707667087,0.5788803971674276
6__0,Team 6,Finishing,SMV,20.03333333333333,1.8999999999999997,,0.45536287203563264,0.37705115728632177,0.5321972214350286,0.34679410235617886,0.5768118543227058
6__0,Team 6,Finishing,SMV,20.939999999999998,1.8999999999999997,,0.45195942485663676,0.3731862154096486,0.5298384163304153,0.3424485407877078,0.5739550691255061
6__0,Team 6,Finishing,SMV,21.846666666666664,1.8999999999999997,,0.4487001936931779,0.3694739623737268,0.5273601955668046,0.3380456882430281,0.5712119271634754
6__0,Team 6,Finishing,SMV,22.75333333333333,1.8999999999999997,,0.4455739985168185,0.36614060620891364,0.5247076258858718,0.3341951558573374,0.5690090070357945
6__0,Team 6,Finishing,SMV,23.659999999999997,1.8999999999999997,,0.4425708993170647,0.363079638535811,0.5221754972529825,0.33072411335966406,0.5675392424054954
6__0,Team 6,Finishing,SMV,24.566666666666663,1.8999999999999997,,0.43968201966121495,0.3598889665462089,0.5198460344650527,0.3277189682374189,0.5661955580173997
6__0,Team 6,Finishing,SMV,25.47333333333333,1.8999999999999997,,0.43689940054788073,0.35667694805224687,0.5175932515396967,0.32432861031631355,0.5648977799666847
6__0,Team 6,Finishing,SMV,26.38,1.8999999999999997,,0.43421587851809157,0.3533840530775819,0.5153659156131226,0.3209271563930489,0.5636352168523545
6__0,Team 6,Finishing,SMV,27.286666666666665,1.8999999999999997,,0.4316249833466472,0.3498034322661794,0.5132180675096929,0.3176544815354994,0.5622874977775587
6__0,Team 6,Finishing,SMV,28.19333333333333,1.8999999999999997,,0.42912085165628505,0.3466248075284192,0.5113791039923457,0.31450211577671733,0.5603857315318254
6__0,Team 6,Finishing,SMV,29.099999999999998,1.8999999999999997,,0.42669815357048274,0.34399844807112573,0.5094657392379289,0.31146237522638537,0.5585370106302755
6__0,Team 6,Finishing,Style Changes,0.0,0.0,,0.615861932110679,0.5656217219578786,0.6649978571597877,0.5358635344726265,0.6893503658679052
6__0,Team 6,Finishing,Style Changes,1.0,0.0,,0.6322985833020152,0.5794820233848885,0.6839323596387866,0.5514116942258978,0.7112513086298938
6__0,Team 6,Finishing,Style Changes,2.0,0.0,,0.6483120440162083,0.5912290557971159,0.7042622852972208,0.5618024435847875,0.7322981840089351
6__1,Team 6,Sewing,Incentive,0.0,40.00000000000001,BDT,0.5656829713181283,0.5280489448048493,0.6034757114995994,0.5061859570652475,0.6228360875674338
6__1,Team 6,Sewing,Incentive,2.9333333333333327,40.00000000000001,BDT,0.6254974599181484,0.587565232055316,0.6605423455794678,0.5641200212042156,0.6811434299990373
6__1,Team 6,Sewing,Incentive,5.866666666666665,40.00000000000001,BDT,0.6392481132260628,0.6058903771102868,0.6705777456629176,0.586483450592821,0.6856554687645467
6__1,Team 6,Sewing,Incentive,8.799999999999997,40.00000000000001,BDT,0.6478970457627927,0.6166854985713441,0.6771494149770461,0.6002924320808227,0.6903456548684048
6__1,Team 6,Sewing,Incentive,11.73333333333333,40.00000000000001,BDT,0.6541936184558509,0.6255495891058815,0.6812440668716906,0.607806689938208,0.695098871223927
6__1,Team 6,Sewing,Incentive,14.666666666666664,40.00000000000001,BDT,0.6591345076213654,0.6316157279240752,0.6858962335852008,0.6130650627870143,0.6989394896167712
6__1,Team 6,Sewing,Incentive,17.599999999999994,40.00000000000001,BDT,0.6631940842417797,0.6360506525391283,0.6896477606810311,0.6181112855119628,0.7035399309239333
6__1,Team 6,Sewing,Incentive,20.533333333333328,40.00000000000001,BDT,0.6666352392685037,0.639607428254232,0.6927908317024044,0.6224129272008961,0.7067734496288011
6__1,Team 6,Sewing,Incentive,23.46666666666666,40.00000000000001,BDT,0.6711999017110923,0.6449113308373479,0.6962883794710105,0.6280750685600701,0.7100878277265711
6__1,Team 6,Sewing,Incentive,26.399999999999995,40.00000000000001,BDT,0.6823912196180658,0.659760524016165,0.7042723919491236,0.6456060407457032,0.716459162154996
6__1,Team 6,Sewing,Incentive,29.33333333333333,40.00000000000001,BDT,0.6920945823009805,0.6708441109370422,0.7130513578486828,0.6576607472359095,0.7248760505191065
6__1,Team 6,Sewing,Incentive,32.26666666666666,40.00000000000001,BDT,0.7013637398830775,0.6799927107522926,0.7220722248922664,0.6687185783673449,0.7322863148465183
6__1,Team 6,Sewing,Incentive,35.19999999999999,40.00000000000001,BDT,0.7107552570207241,0.6900451800488495,0.7310819482586561,0.6785124879442002,0.7413979358103202
6__1,Team 6,Sewing,Incentive,38.133333333333326,40.00000000000001,BDT,0.7205445953966588,0.700319278211026,0.740420979969855,0.6885257824865423,0.7510364566544262
6__1,Team 6,Sewing,Incentive,40.00000000000001,40.00000000000001,BDT,0.7270366561764503,0.7066062689147219,0.7469503067510618,0.6951908361192563,0.7572495984341219
6__1,Team 6,Sewing,Incentive,41.066666666666656,40.00000000000001,BDT,0.7308426163495723,0.7105632700952992,0.7506025240877711,0.6991900335815944,0.760769589845855
6__1,Team 6,Sewing,Incentive,43.99999999999999,40.00000000000001,BDT,0.7416616992024655,0.7216067902238467,0.7612647967314664,0.7102591473001078,0.7714420473486749
6__1,Team 6,Sewing,Incentive,46.93333333333332,40.00000000000001,BDT,0.7529550250700039,0.7333090565685311,0.7718399051697178,0.7220031185984093,0.7827071790652981
6__1,Team 6,Sewing,Incentive,49.86666666666665,40.00000000000001,BDT,0.7646409111115492,0.7454276580378835,0.7831905190421188,0.7339512995635463,0.7930053563812581
6__1,Team 6,Sewing,Incentive,52.79999999999999,40.00000000000001,BDT,0.7766184755091209,0.7578179164246164,0.7943214404600382,0.7473857637317524,0.8039226109883875
6__1,Team 6,Sewing,Incentive,55.73333333333332,40.00000000000001,BDT,0.788778078046333,0.7706372235992777,0.806166947303756,0.7602897878519046,0.8161062618977311
6__1,Team 6,Sewing,Incentive,58.66666666666666,40.00000000000001,BDT,0.8010084811514276,0.7833818431088065,0.817754162930842,0.7735860749556386,0.8277580114050412
6__1,Team 6,Sewing,Incentive,61.59999999999999,40.00000000000001,BDT,0.813201853700032,0.7960324013199164,0.8293997398483476,0.7863606170014823,0.8388966955775854
6__1,Team 6,Sewing,Incentive,64.53333333333332,40.00000000000001,BDT,0.8252320305756156,0.8086333593733172,0.8409755389619483,0.7997388780169729,0.8503785759826112
6__1,Team 6,Sewing,Incentive,67.46666666666665,40.00000000000001,BDT,0.8369106815629417,0.8208057227175934,0.8518846728659563,0.8123281623923974,0.8612394795669912
6__1,Team 6,Sewing,Incentive,69.5,40.00000000000001,BDT,0.84471974936552,0.8291129972415725,0.8595112204579609,0.8207018639445571,0.8675383489742289
6__1,Team 6,Sewing,Incentive,70.39999999999998,40.00000000000001,BDT,0.8480901864500804,0.8324793559441487,0.8627349793722353,0.8243607395389865,0.8705523425572601
6__1,Team 6,Sewing,Incentive,73.33333333333331,40.00000000000001,BDT,0.8586763580030743,0.8432043195991561,0.8728393688972266,0.8354456335047387,0.8805046765147135
6__1,Team 6,Sewing,Incentive,76.26666666666665,40.00000000000001,BDT,0.8686159364500079,0.8531792670529671,0.8820998631054427,0.845873817774495,0.8893438345117528
6__1,Team 6,Sewing,Incentive,79.19999999999999,40.00000000000001,BDT,0.877886338572663,0.8631352102090983,0.8910377042135746,0.8560465810539913,0.8976039906190915
6__1,Team 6,Sewing,Incentive,82.13333333333331,40.00000000000001,BDT,0.8864873897602071,0.8721849642270741,0.8992175843212784,0.8652752470424968,0.905322860902355
6__1,Team 6,Sewing,Incentive,85.06666666666665,40.00000000000001,BDT,0.89443476715226,0.8809474495406276,0.9067310094692183,0.8737199352265297,0.9125059987891105
6__1,Team 6,Sewing,Incentive,87.99999999999999,40.00000000000001,BDT,0.9017548898638563,0.8887747767542838,0.9135944698465294,0.881559748053218,0.9192184201457578
6__1,Team 6,Sewing,WIP,0.0,1127.9999999999998,pieces,0.35295631252964604,0.2583050675999609,0.45130447715315436,0.22041565039684244,0.4965741111199591
6__1,Team 6,Sewing,WIP,50.09333333333334,1127.9999999999998,pieces,0.5680112216452968,0.5189871687135713,0.6137163993413028,0.49500066710125834,0.6349837129537529
6__1,Team 6,Sewing,WIP,100.18666666666668,1127.9999999999998,pieces,0.6057453131282149,0.5669370482482716,0.6430950831002424,0.5476312930187364,0.6586760000750128
6__1,Team 6,Sewing,WIP,150.28000000000003,1127.9999999999998,pieces,0.627440912774789,0.5936817168368531,0.6599075914107893,0.5776309024662144,0.675068993694216
6__1,Team 6,Sewing,WIP,200.37333333333336,1127.9999999999998,pieces,0.6425767501000597,0.6114990334038476,0.6715002492808951,0.5980617712117696,0.6871948527056857
6__1,Team 6,Sewing,WIP,250.4666666666667,1127.9999999999998,pieces,0.6541414855221068,0.6259388102068139,0.68060500044401,0.61307805511765,0.6958117214765663
6__1,Team 6,Sewing,WIP,300.56000000000006,1127.9999999999998,pieces,0.6634643475104441,0.636972118055094,0.6888128126247612,0.6256180692964882,0.7025808036802761
6__1,Team 6,Sewing,WIP,350.65333333333336,1127.9999999999998,pieces,0.6712517895461989,0.6467885683640268,0.6953205784997829,0.635520209164981,0.7080416884535062
6__1,Team 6,Sewing,WIP,400.7466666666667,1127.9999999999998,pieces,0.6779236255694697,0.6550602261836523,0.7008927946032574,0.6433245643693752,0.7127998868758815
6__1,Team 6,Sewing,WIP,450.8400000000001,1127.9999999999998,pieces,0.683749363964749,0.6614645916409971,0.7061245985088936,0.6494299838166013,0.7170078884485641
6__1,Team 6,Sewing,WIP,500.9333333333334,1127.9999999999998,pieces,0.6889121422081224,0.6674847586888627,0.7107376681905259,0.6555658907567696,0.721079669522511
6__1,Team 6,Sewing,WIP,551.0266666666668,1127.9999999999998,pieces,0.6935419652352363,0.6724240514773707,0.7148427617164091,0.6602889824310965,0.7253766050314083
6__1,Team 6,Sewing,WIP,601.1200000000001,1127.9999999999998,pieces,0.6977343776701067,0.676961738461636,0.7188764127795945,0.6653592896935472,0.7290518929259054
6__1,Team 6,Sewing,WIP,651.2133333333335,1127.9999999999998,pieces,0.7015616084775264,0.6809642192322622,0.7224450330506434,0.6692549910536726,0.7329128447043983
6__1,Team 6,Sewing,WIP,701.3066666666667,1127.9999999999998,pieces,0.7050795552708289,0.6846134491939165,0.7257060825501006,0.6729371042333141,0.7359480588688434
6__1,Team 6,Sewing,WIP,751.4000000000001,1127.9999999999998,pieces,0.7083323407989002,0.6883123542837946,0.728844666085912,0.6762651203656226,0.7388512539218649
6__1,Team 6,Sewing,WIP,801.4933333333335,1127.9999999999998,pieces,0.7113553874368235,0.6914496366145778,0.731580802813551,0.6797312523296241,0.74198994524597
6__1,Team 6,Sewing,WIP,851.5866666666668,1127.9999999999998,pieces,0.7141775520849681,0.6943510044665759,0.7343185969762446,0.682910131241291,0.7448300828013343
6__1,Team 6,Sewing,WIP,901.6800000000002,1127.9999999999998,pieces,0.7168226457519677,0.6969852370781804,0.7368007575638161,0.6859949435881759,0.7472812498521033
6__1,Team 6,Sewing,WIP,951.7733333333334,1127.9999999999998,pieces,0.7193105387327008,0.6994946578416299,0.7391001265027218,0.6878545577224304,0.7498764424303713
6__1,Team 6,Sewing,WIP,1001.8666666666668,1127.9999999999998,pieces,0.7216579797738474,0.7018684233303886,0.7414357619853158,0.6901663776008163,0.7519010864357266
6__1,Team 6,Sewing,WIP,1051.9600000000003,1127.9999999999998,pieces,0.7238792135328631,0.7038097961128381,0.7436997502706507,0.6921784768599741,0.7537656118963776
6__1,Team 6,Sewing,WIP,1102.0533333333335,1127.9999999999998,pieces,0.7259864530309563,0.7056428146425724,0.7458711367221311,0.6943413155613041,0.7562451882445891
6__1,Team 6,Sewing,WIP,1127.9999999999998,1127.9999999999998,pieces,0.7270366561764503,0.7066062689147219,0.7469503067510618,0.6951908361192563,0.7572495984341219
6__1,Team 6,Sewing,WIP,1152.1466666666668,1127.9999999999998,pieces,0.727990246057579,0.7075736330782846,0.7479220943966572,0.6958629940595934,0.7581538048418683
6__1,Team 6,Sewing,WIP,1202.2400000000002,1127.9999999999998,pieces,0.7298997628102911,0.7095205654854065,0.7495992174581947,0.6972182821357992,0.760116614109408
6__1,Team 6,Sewing,WIP,1252.3333333333335,1127.9999999999998,pieces,0.7317230242108441,0.711362061228923,0.7514242975688591,0.6989923875035906,0.7621687771140271
6__1,Team 6,Sewing,WIP,1302.426666666667,1127.9999999999998,pieces,0.7334670849683671,0.7130274772196714,0.7531908904718894,0.7009164707156212,0.7641404119469026
6__1,Team 6,Sewing,WIP,1352.5200000000002,1127.9999999999998,pieces,0.7351381817198474,0.7145863004336662,0.7549552844203896,0.7020462775413241,0.7660223729460447
6__1,Team 6,Sewing,WIP,1402.6133333333335,1127.9999999999998,pieces,0.73674185393159,0.7158565790709601,0.7565604318413234,0.7031110584880633,0.7678243522843063
6__1,Team 6,Sewing,WIP,1452.706666666667,1127.9999999999998,pieces,0.7382830433453657,0.7169132635140761,0.7582375608319915,0.7041283608232597,0.7692267281990463
6__1,Team 6,Sewing,WIP,1502.8000000000002,1127.9999999999998,pieces,0.7397661763713289,0.7181608725533754,0.7598974412591664,0.705288881320409,0.7708146535618321
6__1,Team 6,Sewing,Workers,7.000000000000002,36.99999999999999,workers,0.6248449748340936,0.525632441683685,0.7178662879578485,0.4689005586025966,0.7567276253885371
6__1,Team 6,Sewing,Workers,8.700000000000003,36.99999999999999,workers,0.638430930856473,0.5501782410477711,0.7203293323526565,0.5017953231092545,0.7541775052197288
6__1,Team 6,Sewing,Workers,10.400000000000002,36.99999999999999,workers,0.6496841862879107,0.5713823222997476,0.7209513065053551,0.5294610255938593,0.752261033040065
6__1,Team 6,Sewing,Workers,12.100000000000003,36.99999999999999,workers,0.6592487859971456,0.5890292407400214,0.7222350360940308,0.553110518997319,0.751295059461882
6__1,Team 6,Sewing,Workers,13.800000000000004,36.99999999999999,workers,0.667536806142583,0.6053454078670457,0.7241684616572007,0.5734888345301277,0.7495235892191023
6__1,Team 6,Sewing,Workers,15.500000000000004,36.99999999999999,workers,0.6748276759353404,0.6197290601409998,0.7255307505185976,0.591467785588597,0.7491354366953624
6__1,Team 6,Sewing,Workers,17.200000000000003,36.99999999999999,workers,0.6813194461071148,0.6322433450304095,0.726346703975591,0.6085176237621139,0.7490565081321011
6__1,Team 6,Sewing,Workers,18.900000000000006,36.99999999999999,workers,0.6871574715184213,0.6437076795727374,0.7272588019248852,0.6223864582465658,0.7495000705840442
6__1,Team 6,Sewing,Workers,20.600000000000005,36.99999999999999,workers,0.6924514893808768,0.6536533208002222,0.7282204942534565,0.6343169208219483,0.7486764294245961
6__1,Team 6,Sewing,Workers,22.300000000000004,36.99999999999999,workers,0.6972863069343364,0.6627184363931923,0.729365065415198,0.6445233539945431,0.747704148701006
6__1,Team 6,Sewing,Workers,24.000000000000007,36.99999999999999,workers,0.7017287680918841,0.670710973783486,0.7305763999054846,0.6557268136843272,0.7467262362889465
6__1,Team 6,Sewing,Workers,25.700000000000003,36.99999999999999,workers,0.7058324517510989,0.6779550767647666,0.7321276476627139,0.6629859192692837,0.746826287270068
6__1,Team 6,Sewing,Workers,27.400000000000006,36.99999999999999,workers,0.7096409331329129,0.6834855523993503,0.7340422049289622,0.6701654945074984,0.7477834237587049
6__1,Team 6,Sewing,Workers,29.10000000000001,36.99999999999999,workers,0.7131901045207006,0.6894480116518931,0.7360819056409519,0.6767921618651124,0.7484614401305075
6__1,Team 6,Sewing,Workers,30.800000000000004,36.99999999999999,workers,0.716509862686601,0.69430835483259,0.7380299687361429,0.6823078064166479,0.7505500490437539
6__1,Team 6,Sewing,Workers,32.50000000000001,36.99999999999999,workers,0.7196253592834464,0.6981611360644515,0.7399208688248184,0.6866544391799881,0.7522272123432223
6__1,Team 6,Sewing,Workers,34.20000000000001,36.99999999999999,workers,0.7225579430505465,0.7014705967734021,0.7424742811943765,0.6903155439708402,0.7543194094613338
6__1,Team 6,Sewing,Workers,35.900000000000006,36.99999999999999,workers,0.7253258804814474,0.7046196877269324,0.7450301786907128,0.6941144587471089,0.7559891815955141
6__1,Team 6,Sewing,Workers,36.99999999999999,36.99999999999999,workers,0.7270366561764503,0.7066062689147219,0.7469503067510618,0.6951908361192563,0.7572495984341219
6__1,Team 6,Sewing,Workers,37.60000000000001,36.99999999999999,workers,0.7279449144853221,0.7078852716100137,0.7477927235401381,0.6955533121686552,0.7583337660965122
6__1,Team 6,Sewing,Workers,39.300000000000004,36.99999999999999,workers,0.7304287027356079,0.710227391430007,0.7506085011239504,0.6970898507119199,0.7612747534418163
6__1,Team 6,Sewing,Workers,41.00000000000001,36.99999999999999,workers,0.7327891654151527,0.7116556752397275,0.7532411331648143,0.6988114527548271,0.7649090372236272
6__1,Team 6,Sewing,Workers,42.70000000000001,36.99999999999999,workers,0.7350367638612957,0.7133764764686209,0.7566413213496931,0.6992820334423986,0.7678026321044918
6__1,Team 6,Sewing,Workers,44.400000000000006,36.99999999999999,workers,0.7371807258979972,0.7146919530987963,0.7591996158764183,0.6992139967370309,0.7715809957419616
6__1,Team 6,Sewing,Workers,46.10000000000001,36.99999999999999,workers,0.7392292295971509,0.7159762740172186,0.7622197541029749,0.7000447888198013,0.7752398326794978
6__1,Team 6,Sewing,Workers,47.80000000000001,36.99999999999999,workers,0.7411895543074228,0.7166215625949061,0.7649749966966057,0.7004934657213685,0.7779189156023821
6__1,Team 6,Sewing,Workers,49.50000000000001,36.99999999999999,workers,0.7430682056769263,0.7175022597727603,0.7679156456965628,0.7004521020791837,0.7804982989472317
6__1,Team 6,Sewing,Workers,51.20000000000001,36.99999999999999,workers,0.7448710198407805,0.7181721235361577,0.7707205562799858,0.7007617288795803,0.7838776288345591
6__1,Team 6,Sewing,Workers,52.90000000000001,36.99999999999999,workers,0.7466032507867393,0.7186823997481926,0.7735200246992012,0.7006150459740536,0.7870650336727973
6__1,Team 6,Sewing,Workers,54.60000000000001,36.99999999999999,workers,0.7482696440406814,0.7196159110093086,0.775973677892903,0.7009576191485802,0.790583041892435
6__1,Team 6,Sewing,Workers,56.30000000000001,36.99999999999999,workers,0.7498744991519165,0.7198959639562706,0.7781162231080664,0.7009947372653834,0.7936365338108762
6__1,Team 6,Sewing,Workers,58.000000000000014,36.99999999999999,workers,0.7514217229505932,0.7204077721132723,0.7803456606021563,0.7002328128153393,0.7963585678504997
6__1,Team 6,Sewing,Overtime,960.0,4559.999999999998,min,0.7363459610381048,0.715522792435353,0.7565151365514328,0.7026793324217254,0.7674647014435703
6__1,Team 6,Sewing,Overtime,1273.6,4559.999999999998,min,0.7346759126798664,0.7138240929529934,0.7547555379287157,0.7012685778973754,0.7657868983443376
6__1,Team 6,Sewing,Overtime,1587.2,4559.999999999998,min,0.7333695293586495,0.7124663521650645,0.7533155185512894,0.7003753387435159,0.7640231715199068
6__1,Team 6,Sewing,Overtime,1900.8000000000002,4559.999999999998,min,0.7322956921114503,0.7115513501282901,0.7522585690942485,0.6998535574996045,0.7625001533257267
6__1,Team 6,Sewing,Overtime,2214.4,4559.999999999998,min,0.7313835739069637,0.7108379842080651,0.7512611066195813,0.6994732157694985,0.7611948908887679
6__1,Team 6,Sewing,Overtime,2528.0,4559.999999999998,min,0.7305905189252578,0.7100154255178395,0.7502729078774915,0.6990882295588774,0.7604330223175199
6__1,Team 6,Sewing,Overtime,2841.6000000000004,4559.999999999998,min,0.7298888262705606,0.7092845957445147,0.7495488241996188,0.6984339086272012,0.759813717794755
6__1,Team 6,Sewing,Overtime,3155.2000000000003,4559.999999999998,min,0.7292594796642303,0.7086291698333004,0.7488353567838978,0.6977694459057826,0.7593895831341229
6__1,Team 6,Sewing,Overtime,3468.8,4559.999999999998,min,0.7286888552065698,0.708119566974183,0.7486258788401182,0.6971205661678448,0.7589493616361227
6__1,Team 6,Sewing,Overtime,3782.4,4559.999999999998,min,0.7281668557405766,0.7076215052611924,0.748069432368338,0.6963380367685783,0.7582107923486237
6__1,Team 6,Sewing,Overtime,4096.0,4559.999999999998,min,0.7276857885975495,0.707274056480882,0.7476372629536427,0.6956168442156215,0.7577080334845857
6__1,Team 6,Sewing,Overtime,4409.6,4559.999999999998,min,0.7272396572550206,0.7068595386670864,0.7472183617174355,0.6953218787301595,0.7573929396530609
6__1,Team 6,Sewing,Overtime,4559.999999999998,4559.999999999998,min,0.7270366561764503,0.7066062689147219,0.7469503067510618,0.6951908361192563,0.7572495984341219
6__1,Team 6,Sewing,Overtime,4723.200000000001,4559.999999999998,min,0.7268236961745831,0.706446315108835,0.7466690571241066,0.695053599014427,0.7570983506797462
6__1,Team 6,Sewing,Overtime,5036.8,4559.999999999998,min,0.7264340550079518,0.7060540784449493,0.7463739850178247,0.6947700321878981,0.7568193850790201
6__1,Team 6,Sewing,Overtime,5350.400000000001,4559.999999999998,min,0.7260675780519126,0.7057450558598799,0.7460695391519749,0.6943819370265584,0.7565525125465733
6__1,Team 6,Sewing,Overtime,5664.0,4559.999999999998,min,0.7257216464179492,0.7054708748295443,0.745632077679329,0.6940156970193831,0.7560120131628434
6__1,Team 6,Sewing,Overtime,5977.6,4559.999999999998,min,0.7253940626549439,0.705173472375956,0.7451162649027001,0.6936689693649839,0.7557193122896813
6__1,Team 6,Sewing,Overtime,6291.200000000001,4559.999999999998,min,0.7250829648137366,0.7048529195315295,0.7447414077354468,0.6931336529847698,0.755321809513955
6__1,Team 6,Sewing,Overtime,6604.8,4559.999999999998,min,0.7247867613705995,0.7046655244341642,0.7446415198116432,0.69259677641929,0.7549152598878321
6__1,Team 6,Sewing,Overtime,6918.400000000001,4559.999999999998,min,0.7245040812118639,0.7043463311904861,0.7443254418978587,0.6922830847104343,0.7547037506492581
6__1,Team 6,Sewing,Overtime,7232.0,4559.999999999998,min,0.7242337346795773,0.7040087030066636,0.7440608390289042,0.691824638725918,0.7545154555217701
6__1,Team 6,Sewing,Overtime,7545.6,4559.999999999998,min,0.7239746828654857,0.7037565426025871,0.7438189761037605,0.6914678145843787,0.7543350622259931
6__1,Team 6,Sewing,Overtime,7859.200000000001,4559.999999999998,min,0.7237260131415417,0.7036045234958997,0.7435892357921658,0.6912417697195099,0.7541600046140705
6__1,Team 6,Sewing,Overtime,8172.8,4559.999999999998,min,0.7234869194654377,0.703379242367479,0.7432786738025263,0.6910244806007887,0.7538832274222793
6__1,Team 6,Sewing,Overtime,8486.400000000001,4559.999999999998,min,0.7232566863844107,0.7031078618144156,0.7429387943418962,0.6908152911218819,0.753555247898983
6__1,Team 6,Sewing,Overtime,8800.0,4559.999999999998,min,0.72303467593368,0.7028510918890983,0.7426469723971454,0.690613616376975,0.7533804327473559
6__1,Team 6,Sewing,Overtime,9113.6,4559.999999999998,min,0.7228203168225517,0.702685939883817,0.7424398056791269,0.6904189327097565,0.7533057876879582
6__1,Team 6,Sewing,Overtime,9427.2,4559.999999999998,min,0.722613095444818,0.7024111052858721,0.7422395440081111,0.6902307694430515,0.7532596566097544
6__1,Team 6,Sewing,Overtime,9740.800000000001,4559.999999999998,min,0.7224125483559476,0.7022152316706864,0.7420742452803651,0.689849884038084,0.7530149289631868
6__1,Team 6,Sewing,Overtime,10054.400000000001,4559.999999999998,min,0.7222182559388508,0.7019696017429871,0.7418746212027656,0.6894848029829048,0.752900547602892
6__1,Team 6,Sewing,Overtime,10368.0,4559.999999999998,min,0.7220298370396163,0.7018167423809762,0.7416871344915996,0.6891307073014866,0.7527896452163125
6__1,Team 6,Sewing,SMV,1.8999999999999997,22.41,,0.8406770789635231,0.8083479196164902,0.8698491851663048,0.7893489739505662,0.8831697038072988
6__1,Team 6,Sewing,SMV,2.806666666666666,22.41,,0.8285797368102316,0.7987590395281418,0.8561449885354436,0.780722413552733,0.8692849307622887
6__1,Team 6,Sewing,SMV,3.713333333333333,22.41,,0.8185279772816567,0.7903334445847305,0.8444286008217002,0.7740731913055227,0.857015112537131
6__1,Team 6,Sewing,SMV,4.619999999999999,22.41,,0.8098781494194203,0.7835807006175282,0.834606153803719,0.7680119382995246,0.8462376367810207
6__1,Team 6,Sewing,SMV,5.526666666666666,22.41,,0.8022569587850898,0.7769377850902177,0.8261629670688152,0.7621987130997084,0.8371882814360491
6__1,Team 6,Sewing,SMV,6.433333333333333,22.41,,0.7954267953701265,0.7716193227823184,0.8183863347525723,0.7571984999209365,0.8293279977876445
6__1,Team 6,Sewing,SMV,7.339999999999999,22.41,,0.7892262161854819,0.7661093040777007,0.8112243838045333,0.752828834202987,0.8218484969226821
6__1,Team 6,Sewing,SMV,8.246666666666666,22.41,,0.7835400822987476,0.761128537984756,0.8050103810999344,0.7484967252713578,0.8152365623263026
6__1,Team 6,Sewing,SMV,9.153333333333332,22.41,,0.7782831414108375,0.756598653907724,0.7987321087231516,0.7451795536261209,0.8095763381951318
6__1,Team 6,Sewing,SMV,10.06,22.41,,0.7733903546002662,0.7529395041247541,0.7932621842132725,0.7414756801842259,0.8041024317777703
6__1,Team 6,Sewing,SMV,10.966666666666667,22.41,,0.768810877366637,0.7490567972903955,0.7882798954756598,0.7380079877956411,0.7989226627039846
6__1,Team 6,Sewing,SMV,11.873333333333333,22.41,,0.7645041455864149,0.7451646080872224,0.7836606879377436,0.734977765243325,0.794607685015381
6__1,Team 6,Sewing,SMV,12.78,22.41,,0.7604372357499363,0.7411649734175676,0.7795152486625389,0.7312570357254262,0.7900065124321184
6__1,Team 6,Sewing,SMV,13.686666666666666,22.41,,0.7565830291680024,0.7374733620638569,0.7754187918132089,0.7277117835687372,0.7856367985268037
6__1,Team 6,Sewing,SMV,14.593333333333334,22.41,,0.7529189014346649,0.7339253595317181,0.7714233110979722,0.7235948019807436,0.7814768837363527
6__1,Team 6,Sewing,SMV,15.5,22.41,,0.749425765468576,0.7304827139123526,0.7677764329976986,0.7196940839451162,0.7772564918622967
6__1,Team 6,Sewing,SMV,16.406666666666666,22.41,,0.7460873588143264,0.7273881396530185,0.7645957047867402,0.716432872193945,0.7735573499901531
6__1,Team 6,Sewing,SMV,17.313333333333333,22.41,,0.7428897035544847,0.7241122651165769,0.7614027265547303,0.7126063445194849,0.7711295066592782
6__1,Team 6,Sewing,SMV,18.22,22.41,,0.7398206906671377,0.7211470222431051,0.7586782962098724,0.709090191434507,0.7685822608525468
6__1,Team 6,Sewing,SMV,19.126666666666665,22.41,,0.7368697557162165,0.7182154431907884,0.7556934071735014,0.7060428653187739,0.7661245559492785
6__1,Team 6,Sewing,SMV,20.03333333333333,22.41,,0.7340276226505523,0.7152150770457099,0.7529386356419638,0.7032053296643623,0.7641381254883757
6__1,Team 6,Sewing,SMV,20.939999999999998,22.41,,0.7312860991282177,0.712065765605421,0.7503115546897527,0.7001834878953545,0.7613538121419537
6__1,Team 6,Sewing,SMV,21.846666666666664,22.41,,0.7286379113312731,0.7087784715271014,0.7484265117151887,0.697189539069175,0.7589022486393868
6__1,Team 6,Sewing,SMV,22.41,22.41,,0.7270366561764503,0.7066062689147219,0.7469503067510618,0.6951908361192563,0.7572495984341219
6__1,Team 6,Sewing,SMV,22.75333333333333,22.41,,0.7260765694076736,0.7055059879683371,0.746011524316199,0.6939949410774877,0.7564914579264252
6__1,Team 6,Sewing,SMV,23.659999999999997,22.41,,0.7235962569249937,0.702796755241128,0.7438754231936956,0.6909145372043587,0.7545518389192445
6__1,Team 6,Sewing,SMV,24.566666666666663,22.41,,0.7211917393374472,0.699980780305516,0.7418404481464681,0.6875869848760797,0.752628726504357
6__1,Team 6,Sewing,SMV,25.47333333333333,22.41,,0.7188582876465913,0.6971034659913355,0.7398760035391476,0.6840269901351075,0.7510737871258242
6__1,Team 6,Sewing,SMV,26.38,22.41,,0.7165916143065557,0.6943589550700368,0.7380966749424046,0.6811573027424098,0.7496960207720812
6__1,Team 6,Sewing,SMV,27.286666666666665,22.41,,0.7143878190746641,0.6916337261752321,0.7362962733348565,0.6780949459812977,0.7483791543775875
6__1,Team 6,Sewing,SMV,28.19333333333333,22.41,,0.7122433429990817,0.68906120556577,0.7344759676529731,0.675384133768961,0.7468179042203921
6__1,Team 6,Sewing,SMV,29.099999999999998,22.41,,0.710154929109273,0.6864363438199693,0.7327574507280813,0.6729064627619421,0.7452797671046779
6__1,Team 6,Sewing,Style Changes,0.0,1.0,,0.7128098926243217,0.6943551163210664,0.7314746429198863,0.6820803491831486,0.7410788924917034
6__1,Team 6,Sewing,Style Changes,1.0,1.0,,0.7270366561764503,0.7066062689147219,0.7469503067510618,0.6951908361192563,0.7572495984341219
6__1,Team 6,Sewing,Style Changes,2.0,1.0,,0.7406646689716688,0.7157367979994766,0.7649075603646406,0.6982563356855699,0.7797887815816741
7__0,Team 7,Finishing,Incentive,0.0,0.0,BDT,0.6535998513643209,0.606192806211662,0.6969272529535071,0.577526877850909,0.7174032542800414
7__0,Team 7,Finishing,Incentive,2.9333333333333327,0.0,BDT,0.6437704806387313,0.5523935124561441,0.7256384602462362,0.5012756376969237,0.7633417216941764
7__0,Team 7,Finishing,Incentive,5.866666666666665,0.0,BDT,0.6268966381568342,0.5269449661784825,0.7190811105556445,0.4693317559336608,0.7622667470009474
7__0,Team 7,Finishing,Incentive,8.799999999999997,0.0,BDT,0.6159983492538458,0.5115004648106165,0.714971009888565,0.45015304766190656,0.7600175243335421
7__0,Team 7,Finishing,Incentive,11.73333333333333,0.0,BDT,0.6079253647813297,0.49787188489125633,0.7116307245475884,0.43504577333470346,0.7593865633737706
7__0,Team 7,Finishing,Incentive,14.666666666666664,0.0,BDT,0.6015085074835675,0.4864740456741445,0.7098227685290109,0.423170389448234,0.75886839943422
7__0,Team 7,Finishing,Incentive,17.599999999999994,0.0,BDT,0.5961822243642052,0.4783399870993019,0.7079169544072769,0.41373538591995856,0.7569522212246296
7__0,Team 7,Finishing,Incentive,20.533333333333328,0.0,BDT,0.5916291706027588,0.47223701811931096,0.7062716506675509,0.40568071886944107,0.7565190286885412
7__0,Team 7,Finishing,Incentive,23.46666666666666,0.0,BDT,0.5893112042067804,0.4678157287702184,0.7054362795677215,0.39999334482630394,0.756455327296294
7__0,Team 7,Finishing,Incentive,26.399999999999995,0.0,BDT,0.5948625842727353,0.4725988902743332,0.7138505841323625,0.3989401353536271,0.7637856260126987
7__0,Team 7,Finishing,Incentive,29.33333333333333,0.0,BDT,0.5996436805106607,0.47493745384019015,0.7202174130952613,0.40252995384867746,0.7695570714313524
7__0,Team 7,Finishing,Incentive,32.26666666666666,0.0,BDT,0.6046291472328879,0.47922226919168265,0.7258787542701185,0.4040985066889778,0.7756743608955966
7__0,Team 7,Finishing,Incentive,35.19999999999999,0.0,BDT,0.6103311973768467,0.48354360845596134,0.731727952577501,0.40662368310606894,0.7830350850549613
7__0,Team 7,Finishing,Incentive,38.133333333333326,0.0,BDT,0.6170004175183773,0.4903264052500186,0.7381150232852858,0.4110298147939003,0.791109452898427
7__0,Team 7,Finishing,Incentive,41.066666666666656,0.0,BDT,0.6247345493250196,0.49706105109794324,0.7464847010128244,0.41931382411276674,0.7986554596473558
7__0,Team 7,Finishing,Incentive,43.99999999999999,0.0,BDT,0.6335398688507206,0.5063033737904075,0.7559730487863359,0.42664545300752527,0.8060176065025549
7__0,Team 7,Finishing,Incentive,46.93333333333332,0.0,BDT,0.6433670187613157,0.5159762763477106,0.7658680608250402,0.43557538316593336,0.8153514039280836
7__0,Team 7,Finishing,Incentive,49.86666666666665,0.0,BDT,0.6541325690559686,0.5264201541699467,0.7765668247311319,0.44612994263127626,0.8249849622244008
7__0,Team 7,Finishing,Incentive,52.79999999999999,0.0,BDT,0.6657323895011986,0.5371277213867175,0.7870121611582348,0.45819868526302454,0.8348221769188046
7__0,Team 7,Finishing,Incentive,55.73333333333332,0.0,BDT,0.6780502345087882,0.5510624807075651,0.7978307685364611,0.4716683270104894,0.8440388078898894
7__0,Team 7,Finishing,Incentive,58.66666666666666,0.0,BDT,0.6909634910310952,0.5654633973499713,0.8082811734460389,0.4864223062310493,0.852999376250708
7__0,Team 7,Finishing,Incentive,61.59999999999999,0.0,BDT,0.704347224584388,0.5788288830406865,0.8195438119879501,0.5021130816083466,0.8617845855204738
7__0,Team 7,Finishing,Incentive,64.53333333333332,0.0,BDT,0.7180434502224705,0.594209389488352,0.831161573270558,0.5173182342061668,0.8706764981969145
7__0,Team 7,Finishing,Incentive,67.46666666666665,0.0,BDT,0.7317961139974045,0.6105151779546589,0.8423163020237002,0.5329222291847852,0.8797396266664947
7__0,Team 7,Finishing,Incentive,69.5,0.0,BDT,0.7412427130298953,0.6212958291824158,0.8492554705639189,0.5434552734880275,0.8852180212299064
7__0,Team 7,Finishing,Incentive,70.39999999999998,0.0,BDT,0.7453827073833458,0.6262012602694164,0.8523521095275989,0.5481404917731023,0.8874994258804323
7__0,Team 7,Finishing,Incentive,73.33333333333331,0.0,BDT,0.7586370533013879,0.6421043568247077,0.8632621071755708,0.5634336573378458,0.8954184614456395
7__0,Team 7,Finishing,Incentive,76.26666666666665,0.0,BDT,0.7714387863913676,0.6580298527060664,0.8719864063171255,0.5790355855379318,0.9027151789000399
7__0,Team 7,Finishing,Incentive,79.19999999999999,0.0,BDT,0.7837045189588036,0.6732281641058814,0.8808625656214046,0.5957367610026578,0.9096639190073217
7__0,Team 7,Finishing,Incentive,82.13333333333331,0.0,BDT,0.7953804067975037,0.6888223966511139,0.8892084903213183,0.6123696812539308,0.9167264887904972
7__0,Team 7,Finishing,Incentive,85.06666666666665,0.0,BDT,0.8064359101890249,0.7021023555047027,0.8969022934435048,0.6284982088707021,0.9228579585773015
7__0,Team 7,Finishing,Incentive,87.99999999999999,0.0,BDT,0.816858590450517,0.7151705301532809,0.9033051080236042,0.6412908875638023,0.9288496101524212
7__0,Team 7,Finishing,WIP,0.0,0.0,pieces,0.45908521629809296,0.2898270752537493,0.634702683501715,0.21257848689959552,0.7178442148896772
7__0,Team 7,Finishing,WIP,50.09333333333334,0.0,pieces,0.5858037964253374,0.41698624786019195,0.7416600206457303,0.32608031144318567,0.8073031393653278
7__0,Team 7,Finishing,WIP,100.18666666666668,0.0,pieces,0.6068889197018634,0.4325164885324161,0.7655321312166341,0.3394556000969385,0.825408716016975
7__0,Team 7,Finishing,WIP,150.28000000000003,0.0,pieces,0.6190039163074207,0.4433774331251359,0.779883182563855,0.3485837251499301,0.8366100226811476
7__0,Team 7,Finishing,WIP,200.37333333333336,0.0,pieces,0.6274713308099759,0.450488170306436,0.7880949055736766,0.35378769920829073,0.8445457038394507
7__0,Team 7,Finishing,WIP,250.4666666666667,0.0,pieces,0.633956816906235,0.45772336510836525,0.7940698176729797,0.3593135036231038,0.8494623643692588
7__0,Team 7,Finishing,WIP,300.56000000000006,0.0,pieces,0.6391986755307238,0.4623029056196344,0.8002766044798918,0.36246889191147574,0.8545894361707683
7__0,Team 7,Finishing,WIP,350.65333333333336,0.0,pieces,0.6435886106377486,0.4674100356183383,0.8061377777671379,0.3664522790262757,0.8581569541192043
7__0,Team 7,Finishing,WIP,400.7466666666667,0.0,pieces,0.6473591878030894,0.47173818480611174,0.8100180293805787,0.36930977405043974,0.8602256395788844
7__0,Team 7,Finishing,WIP,450.8400000000001,0.0,pieces,0.6506596509126026,0.47295472150538076,0.8128508196094903,0.3721374215275591,0.8629105752837116
7__0,Team 7,Finishing,WIP,500.9333333333334,0.0,pieces,0.6535914094788725,0.4756077105841759,0.8161437572140045,0.3716065165393925,0.8654797304381262
7__0,Team 7,Finishing,WIP,551.0266666666668,0.0,pieces,0.6562264636598342,0.47797697038693243,0.8186758600255118,0.37266276786645475,0.8677507401814543
7__0,Team 7,Finishing,WIP,601.1200000000001,0.0,pieces,0.6586177454020035,0.47910147580784024,0.8216070047359711,0.3742867629588112,0.8695077125768573
7__0,Team 7,Finishing,WIP,651.2133333333335,0.0,pieces,0.6608052867502782,0.48054582254078804,0.8240758624925175,0.37648236635829296,0.8715665116804397
7__0,Team 7,Finishing,WIP,701.3066666666667,0.0,pieces,0.6628200838845312,0.4827183233373546,0.8261929504284644,0.3781323365886928,0.8733743029147628
7__0,Team 7,Finishing,WIP,751.4000000000001,0.0,pieces,0.6646866173211161,0.4850262219429584,0.8287738290930978,0.3796718689250749,0.87516603292581
7__0,Team 7,Finishing,WIP,801.4933333333335,0.0,pieces,0.6664245521876974,0.4870612966695089,0.830882945248168,0.3811014858062508,0.876452725542393
7__0,Team 7,Finishing,WIP,851.5866666666668,0.0,pieces,0.668049918833003,0.4888095824887552,0.8328390513306915,0.38242667623150095,0.8777868012623361
7__0,Team 7,Finishing,WIP,901.6800000000002,0.0,pieces,0.669575953196264,0.49031974529473515,0.8342921953361436,0.38322959150557373,0.8796323274410185
7__0,Team 7,Finishing,WIP,951.7733333333334,0.0,pieces,0.6710137080618902,0.49109078556350233,0.8363388709813131,0.38329881127738824,0.8812093315676444
7__0,Team 7,Finishing,WIP,1001.8666666666668,0.0,pieces,0.672372506194928,0.49236569996354307,0.8379153548693603,0.38396524426521705,0.8823753493797333
7__0,Team 7,Finishing,WIP,1051.9600000000003,0.0,pieces,0.6736602819656816,0.492987715191338,0.8393702129409444,0.3846297509843678,0.883200934697453
7__0,Team 7,Finishing,WIP,1102.0533333333335,0.0,pieces,0.6748838428062511,0.49317085505493735,0.84084395393524,0.3852637694164814,0.8841615064645406
7__0,Team 7,Finishing,WIP,1152.1466666666668,0.0,pieces,0.6760490720321037,0.494934846473356,0.8418229011376963,0.38586998937496864,0.8854228022823831
7__0,Team 7,Finishing,WIP,1202.2400000000002,0.0,pieces,0.6771610881088838,0.496775567641882,0.8428120377939756,0.3864507590357096,0.8866177767201849
7__0,Team 7,Finishing,WIP,1252.3333333333335,0.0,pieces,0.6782243711098959,0.49810874650080333,0.8438112915813575,0.38700814050546173,0.8874975767397603
7__0,Team 7,Finishing,WIP,1302.426666666667,0.0,pieces,0.6792428641417756,0.49917791166041015,0.8450831126344394,0.3871031260771936,0.8882002300988315
7__0,Team 7,Finishing,WIP,1352.5200000000002,0.0,pieces,0.68022005544883,0.5005243249120939,0.8461106414510472,0.3875948681561803,0.8888700845390741
7__0,Team 7,Finishing,WIP,1402.6133333333335,0.0,pieces,0.6811590454437629,0.5013112812644516,0.8470680174996357,0.38823565771872365,0.8895122791881813
7__0,Team 7,Finishing,WIP,1452.706666666667,0.0,pieces,0.6820626018627401,0.5018613849730574,0.8481154595488021,0.38885435417047254,0.8901288790266348
7__0,Team 7,Finishing,WIP,1502.8000000000002,0.0,pieces,0.6829332054789875,0.5027239224044677,0.849092405343692,0.3894273241262313,0.8907217304630739
7__0,Team 7,Finishing,Workers,7.000000000000002,7.000000000000002,workers,0.6535998513643209,0.606192806211662,0.6969272529535071,0.577526877850909,0.7174032542800414
7__0,Team 7,Finishing,Workers,8.700000000000003,7.000000000000002,workers,0.6806187355697966,0.636795025061535,0.7221592453501967,0.6062485977189803,0.7385829185379653
7__0,Team 7,Finishing,Workers,10.400000000000002,7.000000000000002,workers,0.7023391819377874,0.6599927664674432,0.7420774195082274,0.6276850785804053,0.7581791297156762
7__0,Team 7,Finishing,Workers,12.100000000000003,7.000000000000002,workers,0.7203007988386879,0.6776373968884245,0.7598864241350503,0.6455032684026655,0.7767377655149412
7__0,Team 7,Finishing,Workers,13.800000000000004,7.000000000000002,workers,0.7354780962615863,0.6933557257092382,0.7747514065414766,0.6598916491806107,0.7922824067533406
7__0,Team 7,Finishing,Workers,15.500000000000004,7.000000000000002,workers,0.7485233401212522,0.7054545348910701,0.7872930860069903,0.6748667736863075,0.8066775327565665
7__0,Team 7,Finishing,Workers,17.200000000000003,7.000000000000002,workers,0.7598923752544917,0.7162858795116724,0.7986170281747241,0.6852936625792708,0.8179406344886807
7__0,Team 7,Finishing,Workers,18.900000000000006,7.000000000000002,workers,0.7699149527617244,0.7263878028867045,0.8084956303777593,0.6938310897445581,0.8290818751298248
7__0,Team 7,Finishing,Workers,20.600000000000005,7.000000000000002,workers,0.7788364404051645,0.734532903028891,0.8173535942839162,0.7031116654789485,0.8388270099357302
7__0,Team 7,Finishing,Workers,22.300000000000004,7.000000000000002,workers,0.7868437719533384,0.7411509205273483,0.8254448830379585,0.7115483533047628,0.8471446485291859
7__0,Team 7,Finishing,Workers,24.000000000000007,7.000000000000002,workers,0.7940822407496759,0.7482990039692403,0.8330922405981175,0.7189527656551133,0.8546932712566916
7__0,Team 7,Finishing,Workers,25.700000000000003,7.000000000000002,workers,0.8006667345386763,0.7551695095286426,0.8407444260431284,0.7257234916417591,0.8612177093532687
7__0,Team 7,Finishing,Workers,27.400000000000006,7.000000000000002,workers,0.8066894673957525,0.7609629289567126,0.8467269825259182,0.7322308671249936,0.8672935399164663
7__0,Team 7,Finishing,Workers,29.10000000000001,7.000000000000002,workers,0.8122254327926719,0.766672731491669,0.8530788270640983,0.7379056473486971,0.8727385871182103
7__0,Team 7,Finishing,Workers,30.800000000000004,7.000000000000002,workers,0.8173363325987784,0.7714877007463351,0.8580823408276832,0.7422643218565146,0.8776992669287028
7__0,Team 7,Finishing,Workers,32.50000000000001,7.000000000000002,workers,0.8220734618674183,0.7754634398408143,0.8625513886819378,0.7463634935579795,0.8822649896729757
7__0,Team 7,Finishing,Workers,34.20000000000001,7.000000000000002,workers,0.8264798627284504,0.7798711198225631,0.8669001593064496,0.7499197603500681,0.8866026472486581
7__0,Team 7,Finishing,Workers,35.900000000000006,7.000000000000002,workers,0.830591956870765,0.7837088000748921,0.8705989881745833,0.7538594968810505,0.8903748106135262
7__0,Team 7,Finishing,Workers,37.60000000000001,7.000000000000002,workers,0.8344407996614477,0.7876473260337323,0.8745077935599328,0.7579626594220306,0.8938945758498384
7__0,Team 7,Finishing,Workers,39.300000000000004,7.000000000000002,workers,0.8380530554497215,0.7912812166797301,0.8784743799226935,0.7609987254784498,0.8972319662217572
7__0,Team 7,Finishing,Workers,41.00000000000001,7.000000000000002,workers,0.8414517645282421,0.7946476973166938,0.8813838589726716,0.7637354295777835,0.9003312505522807
7__0,Team 7,Finishing,Workers,42.70000000000001,7.000000000000002,workers,0.8446569524219275,0.797432017839652,0.8845577659980978,0.7668048920824588,0.9029910225060273
7__0,Team 7,Finishing,Workers,44.400000000000006,7.000000000000002,workers,0.8476861184565164,0.8008041856798442,0.8878398005998875,0.7696955519967955,0.9056551744149861
7__0,Team 7,Finishing,Workers,46.10000000000001,7.000000000000002,workers,0.8505546309068827,0.8035244567016875,0.890803172242921,0.772348949773747,0.9081932638876408
7__0,Team 7,Finishing,Workers,47.80000000000001,7.000000000000002,workers,0.8532760491364049,0.8063524194316366,0.893643155158726,0.7752009883010498,0.9109256070585937
7__0,Team 7,Finishing,Workers,49.50000000000001,7.000000000000002,workers,0.8558623881572447,0.8091097874305432,0.896403596625149,0.7777409116311722,0.9135026782166962
7__0,Team 7,Finishing,Workers,51.20000000000001,7.000000000000002,workers,0.8583243373952225,0.8114345750201639,0.898579345516873,0.7802351124446,0.9158762786255049
7__0,Team 7,Finishing,Workers,52.90000000000001,7.000000000000002,workers,0.8606714427440756,0.8136436527124304,0.9009550389257442,0.7828342473932898,0.917894222939746
7__0,Team 7,Finishing,Workers,54.60000000000001,7.000000000000002,workers,0.8629122589751222,0.8157589594061172,0.9032852859784755,0.7853848549283525,0.9198075647005945
7__0,Team 7,Finishing,Workers,56.30000000000001,7.000000000000002,workers,0.8650544780436752,0.8180200724062142,0.9054315444927382,0.7873582711620862,0.9216685672643421
7__0,Team 7,Finishing,Workers,58.000000000000014,7.000000000000002,workers,0.8671050376713852,0.820305137103515,0.9072661422251654,0.7892393942940936,0.9236594113943932
7__0,Team 7,Finishing,Overtime,960.0,960.0,min,0.6535998513643209,0.606192806211662,0.6969272529535071,0.577526877850909,0.7174032542800414
7__0,Team 7,Finishing,Overtime,1273.6,960.0,min,0.651656741814939,0.6046004912872318,0.6952961049048777,0.5755398432154176,0.7157079509612365
7__0,Team 7,Finishing,Overtime,1587.2,960.0,min,0.6501391157212074,0.6032315612407889,0.6943697540383597,0.5737257410828109,0.7143490849882121
7__0,Team 7,Finishing,Overtime,1900.8000000000002,960.0,min,0.6488931864161358,0.6020400897299825,0.6933280998992033,0.5724486984796928,0.7132241616042716
7__0,Team 7,Finishing,Overtime,2214.4,960.0,min,0.6478359890935234,0.6007941345125578,0.6921328491466576,0.5716752092293607,0.712039683494465
7__0,Team 7,Finishing,Overtime,2528.0,960.0,min,0.6469176104465444,0.5999322888764513,0.6912814426907828,0.5703351368799283,0.7112296408445239
7__0,Team 7,Finishing,Overtime,2841.6000000000004,960.0,min,0.6461056654670203,0.5992773156649194,0.6908555667822049,0.5686611991054001,0.710513288758297
7__0,Team 7,Finishing,Overtime,3155.2000000000003,960.0,min,0.6453779395740449,0.5982026438516302,0.6902181399322039,0.5677036195101409,0.7098710884236267
7__0,Team 7,Finishing,Overtime,3468.8,960.0,min,0.6447185284586376,0.5972672735360984,0.6896542435696336,0.5671919702149705,0.7091771018383461
7__0,Team 7,Finishing,Overtime,3782.4,960.0,min,0.6441156521667696,0.5964199810896426,0.6892979592166473,0.5667279289579903,0.7083499992374379
7__0,Team 7,Finishing,Overtime,4096.0,960.0,min,0.6435603410119255,0.5956522990337918,0.6890190436324838,0.566236931348192,0.7076713686781042
7__0,Team 7,Finishing,Overtime,4409.6,960.0,min,0.6430456066245601,0.5949408637628484,0.6883853069700764,0.5654223864603651,0.7076171094281056
7__0,Team 7,Finishing,Overtime,4723.200000000001,960.0,min,0.642565897870327,0.5942897181913128,0.6881122752845645,0.5646634944071793,0.7073881450445659
7__0,Team 7,Finishing,Overtime,5036.8,960.0,min,0.6421167316551455,0.5936461146376145,0.6877966365690139,0.5643113218886139,0.7069913369429885
7__0,Team 7,Finishing,Overtime,5350.400000000001,960.0,min,0.6416944352001321,0.5932654904917226,0.6872563500244191,0.5639963905037976,0.7066182129436218
7__0,Team 7,Finishing,Overtime,5664.0,960.0,min,0.6412959616799924,0.5929759131447531,0.6867949305610151,0.5636993504090825,0.7062660900177151
7__0,Team 7,Finishing,Overtime,5977.6,960.0,min,0.6409187555030148,0.5924884041076671,0.6863580380497643,0.5634182754149701,0.7060004204007532
7__0,Team 7,Finishing,Overtime,6291.200000000001,960.0,min,0.6405606520052742,0.5919718064572308,0.6860087838104285,0.5631515346858695,0.7056798127318616
7__0,Team 7,Finishing,Overtime,6604.8,960.0,min,0.6402198015179533,0.591455656859985,0.6857224338481169,0.5628977352693634,0.7053746121842767
7__0,Team 7,Finishing,Overtime,6918.400000000001,960.0,min,0.6398946110273136,0.5908647498243721,0.6854721600658306,0.5626594332458186,0.7050833977573598
7__0,Team 7,Finishing,Overtime,7232.0,960.0,min,0.6395836987507812,0.5903901845066101,0.6852799391573013,0.5624343429947212,0.7048049367445809
7__0,Team 7,Finishing,Overtime,7545.6,960.0,min,0.6392858583417764,0.5900491756512781,0.6850958184139969,0.5621323786580594,0.7045542210616024
7__0,Team 7,Finishing,Overtime,7859.200000000001,960.0,min,0.6390000303727167,0.5897841471940509,0.6849191404615995,0.5616702303501381,0.7043790795559336
7__0,Team 7,Finishing,Overtime,8172.8,960.0,min,0.6387252793890621,0.5894414890592422,0.6847493249242669,0.5612260631528388,0.7042082625943691
7__0,Team 7,Finishing,Overtime,8486.400000000001,960.0,min,0.6384607752770052,0.5892149192865718,0.6845858568437774,0.5607985272010069,0.7040389121104861
7__0,Team 7,Finishing,Overtime,8800.0,960.0,min,0.638205778006581,0.5890682460937179,0.684428277197914,0.5603864192748439,0.7038756505815278
7__0,Team 7,Finishing,Overtime,9113.6,960.0,min,0.6379596250418162,0.5889970664336043,0.684253260892727,0.5599886622895007,0.7035587213689748
7__0,Team 7,Finishing,Overtime,9427.2,960.0,min,0.6377217208771367,0.5889282900180068,0.6840831147321936,0.5596042882506317,0.7032309666163881
7__0,Team 7,Finishing,Overtime,9740.800000000001,960.0,min,0.6374915282830428,0.5886648278129961,0.6838762433167628,0.559232423995871,0.7030941990287689
7__0,Team 7,Finishing,Overtime,10054.400000000001,960.0,min,0.6372685609364797,0.5883372418709437,0.6835786629279135,0.5588722791929508,0.7029617305195762
7__0,Team 7,Finishing,Overtime,10368.0,960.0,min,0.6370523771810421,0.5880020685352528,0.6835320323958318,0.5585256775645175,0.7028332980492675
7__0,Team 7,Finishing,SMV,1.8999999999999997,2.8999999999999995,,0.6753516999279808,0.6272956845415222,0.7178347130134096,0.5988155055405161,0.7383558533242022
7__0,Team 7,Finishing,SMV,2.806666666666666,2.8999999999999995,,0.6554057599435169,0.6080360423339105,0.698730477743075,0.5795735617209629,0.7191922611292518
7__0,Team 7,Finishing,SMV,2.8999999999999995,2.8999999999999995,,0.6535998513643209,0.606192806211662,0.6969272529535071,0.577526877850909,0.7174032542800414
7__0,Team 7,Finishing,SMV,3.713333333333333,2.8999999999999995,,0.6393202087211209,0.5909132688665766,0.6845763830170889,0.5606579401251459,0.7038441146905716
7__0,Team 7,Finishing,SMV,4.619999999999999,2.8999999999999995,,0.6258221717282408,0.5757895529922359,0.6732698183802945,0.5462189796867455,0.6923431970661555
7__0,Team 7,Finishing,SMV,5.526666666666666,2.8999999999999995,,0.6141861321457431,0.5626941168567907,0.6630948724106617,0.5328215570074533,0.6817659593096373
7__0,Team 7,Finishing,SMV,6.433333333333333,2.8999999999999995,,0.6039573475678477,0.5515733265717913,0.6548927933739213,0.5190093706232712,0.6756356291538966
7__0,Team 7,Finishing,SMV,7.339999999999999,2.8999999999999995,,0.5948311291281568,0.5396799828915637,0.6471662074381114,0.5073739541899968,0.6706428083314734
7__0,Team 7,Finishing,SMV,8.246666666666666,2.8999999999999995,,0.586592943444075,0.5307942618105106,0.6401537082684662,0.4974334940269371,0.6660818620151371
7__0,Team 7,Finishing,SMV,9.153333333333332,2.8999999999999995,,0.5790858187197325,0.5213522557279141,0.6335600965085384,0.4891518369012134,0.660195954459578
7__0,Team 7,Finishing,SMV,10.06,2.8999999999999995,,0.5721913217674971,0.5129357471756899,0.6282683487279809,0.47980812822050634,0.6552151999544167
7__0,Team 7,Finishing,SMV,10.966666666666667,2.8999999999999995,,0.565817826164912,0.5056519462835705,0.6230431485325336,0.4715252857854403,0.650819749853997
7__0,Team 7,Finishing,SMV,11.873333333333333,2.8999999999999995,,0.5598929468400462,0.4984284253147587,0.6185148287818937,0.4656478621720374,0.6474879202018229
7__0,Team 7,Finishing,SMV,12.78,2.8999999999999995,,0.5543584780345006,0.49192630474544075,0.6143379190587782,0.45827617008125926,0.6443569894921793
7__0,Team 7,Finishing,SMV,13.686666666666666,2.8999999999999995,,0.5491668994503134,0.48537333348599304,0.6101445937083031,0.45076441454026234,0.6413795793820621
7__0,Team 7,Finishing,SMV,14.593333333333334,2.8999999999999995,,0.5442788999780387,0.4798453356408999,0.6067719512053934,0.4432917163239737,0.6385282464701947
7__0,Team 7,Finishing,SMV,15.5,2.8999999999999995,,0.5396615819618056,0.4746158791528162,0.6034267893032601,0.43812819412728804,0.6360569848951944
7__0,Team 7,Finishing,SMV,16.406666666666666,2.8999999999999995,,0.5352871326614593,0.46901307622071436,0.599424498050358,0.43313291453565034,0.6324595104401916
7__0,Team 7,Finishing,SMV,17.313333333333333,2.8999999999999995,,0.5311318238857281,0.4640707889685897,0.5962274786382067,0.4273865269600761,0.6303790623652772
7__0,Team 7,Finishing,SMV,18.22,2.8999999999999995,,0.5271752468537652,0.45961494554010573,0.5930181981863477,0.4220258662945198,0.6286619188088588
7__0,Team 7,Finishing,SMV,19.126666666666665,2.8999999999999995,,0.5233997187292226,0.4552519652688184,0.5901430432404929,0.416473805345931,0.6260064435282541
7__0,Team 7,Finishing,SMV,20.03333333333333,2.8999999999999995,,0.5197898164807797,0.45204897195199195,0.5879307901202147,0.41285431301793507,0.622947091766898
7__0,Team 7,Finishing,SMV,20.939999999999998,2.8999999999999995,,0.5163320065615039,0.447972666729811,0.5853701452235177,0.4086824735830577,0.6210802487762352
7__0,Team 7,Finishing,SMV,21.846666666666664,2.8999999999999995,,0.5130143476522171,0.44335468700952535,0.5830879881531691,0.40382611084874404,0.6195595308734815
7__0,Team 7,Finishing,SMV,22.75333333333333,2.8999999999999995,,0.5098262497898242,0.4399529459556295,0.5806464303931477,0.3991764276288382,0.618101760319908
7__0,Team 7,Finishing,SMV,23.659999999999997,2.8999999999999995,,0.5067582774887022,0.43688848452804907,0.5777612900200578,0.39527781611483026,0.616708347124468
7__0,Team 7,Finishing,SMV,24.566666666666663,2.8999999999999995,,0.5038019875337121,0.43293942123701074,0.5757186636426711,0.39190113844381214,0.6151677035551294
7__0,Team 7,Finishing,SMV,25.47333333333333,2.8999999999999995,,0.5009497943529297,0.4298313488994492,0.5736629351012643,0.3880276451089409,0.6139062643573353
7__0,Team 7,Finishing,SMV,26.38,2.8999999999999995,,0.4981948575175236,0.42663680434256535,0.571671215150339,0.38466092612826003,0.6123192013942063
7__0,Team 7,Finishing,SMV,27.286666666666665,2.8999999999999995,,0.49553098713575794,0.42312140698786077,0.5697340937226086,0.3810648159759561,0.610781574811057
7__0,Team 7,Finishing,SMV,28.19333333333333,2.8999999999999995,,0.49295256382506314,0.4201659703359221,0.567676149263904,0.37733367324894923,0.6092898287804716
7__0,Team 7,Finishing,SMV,29.099999999999998,2.8999999999999995,,0.490454470642724,0.41735213634034973,0.5658480559264671,0.3737020341106757,0.6078410540709023
7__0,Team 7,Finishing,Style Changes,0.0,0.0,,0.6535998513643209,0.606192806211662,0.6969272529535071,0.577526877850909,0.7174032542800414
7__0,Team 7,Finishing,Style Changes,1.0,0.0,,0.6693045353502484,0.6201313366801604,0.7142095524184805,0.5925007607912188,0.7369377576923597
7__0,Team 7,Finishing,Style Changes,2.0,0.0,,0.6845064266468306,0.6334852080147935,0.7336306878400429,0.6008241615825258,0.7568153521903571
7__1,Team 7,Sewing,Incentive,0.0,26.0,BDT,0.520385190556038,0.48856345570881343,0.5531711135226658,0.4686739389753491,0.5709944591018383
7__1,Team 7,Sewing,Incentive,2.9333333333333327,26.0,BDT,0.5890102811877358,0.5459516501062768,0.631552071021939,0.5258021066254505,0.6513198984514287
7__1,Team 7,Sewing,Incentive,5.866666666666665,26.0,BDT,0.6023695944664689,0.5651949042826468,0.6392234321428093,0.5463274231414499,0.6590829687847136
7__1,Team 7,Sewing,Incentive,8.799999999999997,26.0,BDT,0.6108145388442052,0.5749249794918917,0.6446421151343055,0.5567109492453676,0.6614437433446816
7__1,Team 7,Sewing,Incentive,11.73333333333333,26.0,BDT,0.6169839766825354,0.5826190300236528,0.6494391585205758,0.5656306123360759,0.6661176647821028
7__1,Team 7,Sewing,Incentive,14.666666666666664,26.0,BDT,0.62183808154103,0.5886324165450528,0.6534214975572692,0.5726925904102742,0.6703920019257779
7__1,Team 7,Sewing,Incentive,17.599999999999994,26.0,BDT,0.6258350811785004,0.5937997873811073,0.6569107685659965,0.5782659103907557,0.6745264401509491
7__1,Team 7,Sewing,Incentive,20.533333333333328,26.0,BDT,0.6292294651882311,0.5972233286681703,0.6599051837975914,0.5813376891870605,0.6775173640825133
7__1,Team 7,Sewing,Incentive,23.46666666666666,26.0,BDT,0.6338324176875474,0.6032639120405598,0.6636726907897769,0.5867997054450192,0.6807126862164123
7__1,Team 7,Sewing,Incentive,26.0,26.0,BDT,0.643970121296751,0.6142421966025718,0.6711019993123716,0.6008253145193835,0.6875023095789572
7__1,Team 7,Sewing,Incentive,26.399999999999995,26.0,BDT,0.6454305503283077,0.6157014791119256,0.6722205957644476,0.6023771991074719,0.6891960351670983
7__1,Team 7,Sewing,Incentive,29.33333333333333,26.0,BDT,0.6555307523797882,0.6267321103463988,0.6819340724243821,0.6138953984582782,0.6979423004379852
7__1,Team 7,Sewing,Incentive,32.26666666666666,26.0,BDT,0.6652263689232141,0.6365801730280075,0.6916875420245424,0.6250400125266422,0.7061764562612813
7__1,Team 7,Sewing,Incentive,35.19999999999999,26.0,BDT,0.6751009835634152,0.6470749966038938,0.7016822040259157,0.6338765916594589,0.716043919316877
7__1,Team 7,Sewing,Incentive,38.133333333333326,26.0,BDT,0.6854477502556151,0.6582386607537132,0.7120823149509635,0.6440664644525265,0.7253096584492624
7__1,Team 7,Sewing,Incentive,41.066666666666656,26.0,BDT,0.6963885509575194,0.6691693937858411,0.7222413111605506,0.6553168358052168,0.7362216434179254
7__1,Team 7,Sewing,Incentive,43.99999999999999,26.0,BDT,0.7079418374623695,0.6808991744306744,0.733337154052918,0.6676294563528837,0.7480378533576593
7__1,Team 7,Sewing,Incentive,46.93333333333332,26.0,BDT,0.7200629565172995,0.693367909754883,0.7453727517720826,0.680566438399058,0.759168749044198
7__1,Team 7,Sewing,Incentive,49.86666666666665,26.0,BDT,0.732669119239285,0.7071398452107339,0.757622060179413,0.6935869510072025,0.7706096317802881
7__1,Team 7,Sewing,Incentive,52.79999999999999,26.0,BDT,0.7456554959925245,0.7208787921838165,0.7702028873003093,0.7072019076270591,0.7820172287318882
7__1,Team 7,Sewing,Incentive,55.73333333333332,26.0,BDT,0.758906008803624,0.7352798820325631,0.7828316855864221,0.7216848891295129,0.7940289596539629
7__1,Team 7,Sewing,Incentive,58.66666666666666,26.0,BDT,0.772300838319016,0.7492501080808,0.7955843723672887,0.736578272909738,0.8064431043874762
7__1,Team 7,Sewing,Incentive,61.59999999999999,26.0,BDT,0.7857218014892139,0.7633937935231558,0.8082143213715701,0.7509276117000555,0.8181433025354355
7__1,Team 7,Sewing,Incentive,64.53333333333332,26.0,BDT,0.7990281870456521,0.7778417182437781,0.8211550178833413,0.7655238283574416,0.830287585754923
7__1,Team 7,Sewing,Incentive,67.46666666666665,26.0,BDT,0.8120073087250393,0.7915399712675281,0.8332147471402219,0.7801810085105837,0.8414723365118534
7__1,Team 7,Sewing,Incentive,69.5,26.0,BDT,0.8207197633813496,0.8005314421044836,0.8414348653168814,0.7895666584901263,0.8489737631376042
7__1,Team 7,Sewing,Incentive,70.39999999999998,26.0,BDT,0.8244884904233435,0.8043748138639932,0.8449075982922251,0.7933816433400133,0.8522162642494954
7__1,Team 7,Sewing,Incentive,73.33333333333331,26.0,BDT,0.8363585994736303,0.8167890812898786,0.8559084624038071,0.8059657334643774,0.8626501318996324
7__1,Team 7,Sewing,Incentive,76.26666666666665,26.0,BDT,0.8475493637279732,0.828865559926503,0.8664274523303714,0.8181393894050029,0.8727474896611684
7__1,Team 7,Sewing,Incentive,79.19999999999999,26.0,BDT,0.8580268058177959,0.8398448934650237,0.8763064148310022,0.8295229305853076,0.8828093525124574
7__1,Team 7,Sewing,Incentive,82.13333333333331,26.0,BDT,0.8677825653614167,0.8504646723409062,0.8853116063289719,0.840244596613073,0.891602374680239
7__1,Team 7,Sewing,Incentive,85.06666666666665,26.0,BDT,0.8768268840187226,0.8601441594038486,0.8936150896737037,0.8501227837573729,0.8999780525977179
7__1,Team 7,Sewing,Incentive,87.99999999999999,26.0,BDT,0.885183029799011,0.8691361235540607,0.9011607678013963,0.8598096129563529,0.9075861305477491
7__1,Team 7,Sewing,WIP,0.0,935.0000000000005,pieces,0.3891625282733173,0.29978917809064304,0.47916283464180515,0.2549976981381217,0.5273149061767105
7__1,Team 7,Sewing,WIP,50.09333333333334,935.0000000000005,pieces,0.5361558925409967,0.4861520535169901,0.5851323538562786,0.4615006737816445,0.6075499896794319
7__1,Team 7,Sewing,WIP,100.18666666666668,935.0000000000005,pieces,0.5621698058227944,0.5192871435971019,0.6034198236443286,0.4971701760357938,0.6240112270015286
7__1,Team 7,Sewing,WIP,150.28000000000003,935.0000000000005,pieces,0.5773526969607978,0.5387377699754475,0.6149097493930903,0.5182715736163547,0.6319533681830897
7__1,Team 7,Sewing,WIP,200.37333333333336,935.0000000000005,pieces,0.5880697088443264,0.5524136755954486,0.6228896700550008,0.5314803590162528,0.6384635608639524
7__1,Team 7,Sewing,WIP,250.4666666666667,935.0000000000005,pieces,0.5963378699534313,0.5616085748721124,0.6295791287384622,0.542565786654109,0.6454259228664727
7__1,Team 7,Sewing,WIP,300.56000000000006,935.0000000000005,pieces,0.6030587770816718,0.5697969902394806,0.6355591067409638,0.5513330518221945,0.6511375993971542
7__1,Team 7,Sewing,WIP,350.65333333333336,935.0000000000005,pieces,0.6087138634522661,0.575808748008842,0.6404025457025087,0.5598399838901416,0.6556959135203664
7__1,Team 7,Sewing,WIP,400.7466666666667,935.0000000000005,pieces,0.6135904752511536,0.5815598888040555,0.6442190864527748,0.5652929508003083,0.6600776237420543
7__1,Team 7,Sewing,WIP,450.8400000000001,935.0000000000005,pieces,0.6178738318258788,0.5868040853063262,0.6478608592993184,0.5707072305027705,0.6637230905847763
7__1,Team 7,Sewing,WIP,500.9333333333334,935.0000000000005,pieces,0.6216902733466054,0.5911898849049531,0.6512608753854383,0.5755760905625044,0.6670177186379267
7__1,Team 7,Sewing,WIP,551.0266666666668,935.0000000000005,pieces,0.6251298061057866,0.59492730238221,0.6539164345502316,0.5799187183297224,0.6701466091651606
7__1,Team 7,Sewing,WIP,601.1200000000001,935.0000000000005,pieces,0.6282588011609946,0.5980942802057588,0.6563419121794751,0.5832236808963341,0.6732807502373941
7__1,Team 7,Sewing,WIP,651.2133333333335,935.0000000000005,pieces,0.6311275928256544,0.601184757727458,0.6586990819156607,0.5862403152180787,0.6758292051391444
7__1,Team 7,Sewing,WIP,701.3066666666667,935.0000000000005,pieces,0.6337752522077316,0.6039403556939947,0.6613506911131508,0.5892781484776021,0.6781925200233617
7__1,Team 7,Sewing,WIP,751.4000000000001,935.0000000000005,pieces,0.6362327087038707,0.6063936525531308,0.6635864740710039,0.5921818889449713,0.68038744538054
7__1,Team 7,Sewing,WIP,801.4933333333335,935.0000000000005,pieces,0.638524860971673,0.6087907953700806,0.6659718151484662,0.59469184404518,0.6826333974283847
7__1,Team 7,Sewing,WIP,851.5866666666668,935.0000000000005,pieces,0.6406720459504012,0.6108668228366806,0.6680394806159095,0.5970864786139342,0.6847770776061447
7__1,Team 7,Sewing,WIP,901.6800000000002,935.0000000000005,pieces,0.6426910866717777,0.6129701882770333,0.6699707678677017,0.5994355881242021,0.6864148045274248
7__1,Team 7,Sewing,WIP,935.0000000000005,935.0000000000005,pieces,0.643970121296751,0.6142421966025718,0.6711019993123716,0.6008253145193835,0.6875023095789572
7__1,Team 7,Sewing,WIP,951.7733333333334,935.0000000000005,pieces,0.644596055862791,0.6148860528976292,0.671783665640328,0.6013016041813585,0.688110559977564
7__1,Team 7,Sewing,WIP,1001.8666666666668,935.0000000000005,pieces,0.6463988430394413,0.6166829931615097,0.673671511169037,0.6032964325081487,0.6902520187151412
7__1,Team 7,Sewing,WIP,1051.9600000000003,935.0000000000005,pieces,0.6481095827712346,0.6184903178222964,0.6752314551101043,0.6048269160394204,0.6922847077495939
7__1,Team 7,Sewing,WIP,1102.0533333333335,935.0000000000005,pieces,0.6497369829715014,0.6199470339059112,0.6769723573014544,0.6063731148003221,0.694205526121889
7__1,Team 7,Sewing,WIP,1152.1466666666668,935.0000000000005,pieces,0.6512885799513405,0.6214293566474973,0.6783118029147746,0.607561956647422,0.6960403492251692
7__1,Team 7,Sewing,WIP,1202.2400000000002,935.0000000000005,pieces,0.6527709389913753,0.6226769068317226,0.6801232636217928,0.6087903108136253,0.6972325653366882
7__1,Team 7,Sewing,WIP,1252.3333333333335,935.0000000000005,pieces,0.6541898138142522,0.6240195379543819,0.6813268574723211,0.6100004954284866,0.6983149077587917
7__1,Team 7,Sewing,WIP,1302.426666666667,935.0000000000005,pieces,0.6555502746580579,0.6254488489501969,0.6828815569131756,0.6114320401435672,0.6997148798966674
7__1,Team 7,Sewing,WIP,1352.5200000000002,935.0000000000005,pieces,0.656856812082207,0.6266749217942253,0.6845032854445982,0.6127787217141228,0.7017133261387001
7__1,Team 7,Sewing,WIP,1402.6133333333335,935.0000000000005,pieces,0.6581134218175011,0.6278592172056975,0.6860636476365157,0.6136678465896058,0.7031758779190196
7__1,Team 7,Sewing,WIP,1452.706666666667,935.0000000000005,pieces,0.6593236746640971,0.6291253882322563,0.6874421975308935,0.6145836193993701,0.7043769029590302
7__1,Team 7,Sewing,WIP,1502.8000000000002,935.0000000000005,pieces,0.6604907744886314,0.6305097506586576,0.6887987142916961,0.6159274741844406,0.7055323181575484
7__1,Team 7,Sewing,Workers,7.000000000000002,56.00000000000001,workers,0.4997635337384371,0.3711410448071756,0.6290333587719465,0.30015715542550253,0.696657555741536
7__1,Team 7,Sewing,Workers,8.700000000000003,56.00000000000001,workers,0.5138687904749091,0.3955235036454453,0.6323849940035814,0.3304531937521977,0.6923313825618707
7__1,Team 7,Sewing,Workers,10.400000000000002,56.00000000000001,workers,0.5258104465569762,0.4176409507289317,0.6349134549107207,0.35611487569293426,0.6890083560169785
7__1,Team 7,Sewing,Workers,12.100000000000003,56.00000000000001,workers,0.5361537220415384,0.4368296747829699,0.6377011190504405,0.3793946632789835,0.6866008510574859
7__1,Team 7,Sewing,Workers,13.800000000000004,56.00000000000001,workers,0.5452664009859706,0.45443206570639644,0.6393390663753009,0.39723352211626306,0.6840515594438427
7__1,Team 7,Sewing,Workers,15.500000000000004,56.00000000000001,workers,0.5534017936034019,0.46992144016551346,0.6407568830028794,0.41504738421716453,0.6816571595095762
7__1,Team 7,Sewing,Workers,17.200000000000003,56.00000000000001,workers,0.5607420598420012,0.4825115297569221,0.6418071632568833,0.4322677798226684,0.679998445923984
7__1,Team 7,Sewing,Workers,18.900000000000006,56.00000000000001,workers,0.5674227155796537,0.49393352120878725,0.6436452482171693,0.44880459205709655,0.6798948251459287
7__1,Team 7,Sewing,Workers,20.600000000000005,56.00000000000001,workers,0.5735473784305883,0.5045326966358195,0.6449113575598583,0.4614760747751682,0.6798075857270429
7__1,Team 7,Sewing,Workers,22.300000000000004,56.00000000000001,workers,0.5791970893178331,0.5141483005198213,0.6455940804891978,0.4739221505767911,0.6800186582809196
7__1,Team 7,Sewing,Workers,24.000000000000007,56.00000000000001,workers,0.584436447817076,0.5220723390544206,0.6469544935191981,0.4867498797166902,0.6795210953707472
7__1,Team 7,Sewing,Workers,25.700000000000003,56.00000000000001,workers,0.5893177886255059,0.5304212266592033,0.6481524899318526,0.4988745528443629,0.6782318753755238
7__1,Team 7,Sewing,Workers,27.400000000000006,56.00000000000001,workers,0.5938841068533798,0.5382518455145383,0.6499131480426377,0.5095900151658083,0.67631468245301
7__1,Team 7,Sewing,Workers,29.10000000000001,56.00000000000001,workers,0.598171157774809,0.546507748513013,0.6506104307190412,0.5190953980530335,0.6753002202951898
7__1,Team 7,Sewing,Workers,30.800000000000004,56.00000000000001,workers,0.6022089964159635,0.5536118988155843,0.6514240431394253,0.5276635465215277,0.675483921803796
7__1,Team 7,Sewing,Workers,32.50000000000001,56.00000000000001,workers,0.6060231276698467,0.5591224134089943,0.6522159912983437,0.5356137373039419,0.6750967080552208
7__1,Team 7,Sewing,Workers,34.20000000000001,56.00000000000001,workers,0.6096353797486316,0.5647124159255992,0.6532380842948894,0.5432857971203248,0.6744698343879307
7__1,Team 7,Sewing,Workers,35.900000000000006,56.00000000000001,workers,0.6130645773397656,0.5701241796541919,0.6543129927807431,0.5509417838243302,0.6736328051240547
7__1,Team 7,Sewing,Workers,37.60000000000001,56.00000000000001,workers,0.6163270672730251,0.5753754543831361,0.6563048596010516,0.5564468714583569,0.6738880653138467
7__1,Team 7,Sewing,Workers,39.300000000000004,56.00000000000001,workers,0.6194371339164214,0.5808629392841506,0.658200145159316,0.5617384617779683,0.6744723122873768
7__1,Team 7,Sewing,Workers,41.00000000000001,56.00000000000001,workers,0.6224073309849354,0.5851841187504345,0.659562927411584,0.5679573655024066,0.6755068388432681
7__1,Team 7,Sewing,Workers,42.70000000000001,56.00000000000001,workers,0.625248749192447,0.5892878032366273,0.6598872950566844,0.572628840024255,0.676853360984541
7__1,Team 7,Sewing,Workers,44.400000000000006,56.00000000000001,workers,0.6279712340962222,0.593615996355355,0.6610094885515507,0.5777146342218707,0.6780748687844009
7__1,Team 7,Sewing,Workers,46.10000000000001,56.00000000000001,workers,0.6305835648682844,0.597793139555499,0.6622933867822428,0.5817439134610518,0.6795745997787708
7__1,Team 7,Sewing,Workers,47.80000000000001,56.00000000000001,workers,0.6330936021191699,0.600937266322033,0.663541905202727,0.5859950804416472,0.6812461008641496
7__1,Team 7,Sewing,Workers,49.50000000000001,56.00000000000001,workers,0.6355084109918093,0.6039719951902635,0.6649985034130919,0.5896768880701815,0.6826704721699557
7__1,Team 7,Sewing,Workers,51.20000000000001,56.00000000000001,workers,0.6378343643315967,0.6068097598863961,0.6661485643818686,0.5923684220822398,0.6839924179759277
7__1,Team 7,Sewing,Workers,52.90000000000001,56.00000000000001,workers,0.6400772296821302,0.6096031193902907,0.668281927963406,0.595642884299576,0.6850606951232664
7__1,Team 7,Sewing,Workers,54.60000000000001,56.00000000000001,workers,0.6422422430572823,0.6121294966474355,0.6698856748747802,0.5985778351024357,0.6864555230442468
7__1,Team 7,Sewing,Workers,56.00000000000001,56.00000000000001,workers,0.643970121296751,0.6142421966025718,0.6711019993123716,0.6008253145193835,0.6875023095789572
7__1,Team 7,Sewing,Workers,56.30000000000001,56.00000000000001,workers,0.6443341718302699,0.6146390583271726,0.6714644127168246,0.6013081245382857,0.6877139462602544
7__1,Team 7,Sewing,Workers,58.000000000000014,56.00000000000001,workers,0.6463573686106572,0.6173952669874296,0.673212305687148,0.6030001822512043,0.6890800602843826
7__1,Team 7,Sewing,Overtime,960.0,6840.000000000002,min,0.6575593400977983,0.6294639309942089,0.6849483581295581,0.6146255056243237,0.7006374221332106
7__1,Team 7,Sewing,Overtime,1273.6,6840.000000000002,min,0.6556221142166425,0.627133223987236,0.6830241066009095,0.6128116088451676,0.698500286390586
7__1,Team 7,Sewing,Overtime,1587.2,6840.000000000002,min,0.6541089134720957,0.6253004190226701,0.6812250654957737,0.6112548146883994,0.696986895865935
7__1,Team 7,Sewing,Overtime,1900.8000000000002,6840.000000000002,min,0.6528665058913291,0.6238249465247284,0.6798032098624339,0.6101852179423624,0.6959877657169666
7__1,Team 7,Sewing,Overtime,2214.4,6840.000000000002,min,0.6518122181143275,0.6226430380624378,0.6787864791053333,0.6092078199511917,0.6950333986769714
7__1,Team 7,Sewing,Overtime,2528.0,6840.000000000002,min,0.6508963083414666,0.621986222273487,0.6781693347475917,0.6079025739156958,0.6941980311940122
7__1,Team 7,Sewing,Overtime,2841.6000000000004,6840.000000000002,min,0.6500865007345615,0.6208999619202714,0.6773310328600174,0.6066860124387721,0.6934476223907411
7__1,Team 7,Sewing,Overtime,3155.2000000000003,6840.000000000002,min,0.6493606543410035,0.6197825046415217,0.6765577580715509,0.6059788593763649,0.6927757840118952
7__1,Team 7,Sewing,Overtime,3468.8,6840.000000000002,min,0.6487029167684428,0.6191448842520937,0.6758665343852998,0.6054052296835882,0.6923582957730174
7__1,Team 7,Sewing,Overtime,3782.4,6840.000000000002,min,0.6481015459865221,0.618652960577686,0.6751846816018622,0.6049511155475537,0.6922568935276795
7__1,Team 7,Sewing,Overtime,4096.0,6840.000000000002,min,0.6475476008190794,0.6179577439480655,0.6747399140336888,0.6046531279891177,0.6916689713419087
7__1,Team 7,Sewing,Overtime,4409.6,6840.000000000002,min,0.6470341148480925,0.6174555298802582,0.6742178364067473,0.6040562253677786,0.6910487488409303
7__1,Team 7,Sewing,Overtime,4723.200000000001,6840.000000000002,min,0.6465555541847949,0.6168939187241465,0.6737430197555264,0.603364822875025,0.6904646652769177
7__1,Team 7,Sewing,Overtime,5036.8,6840.000000000002,min,0.6461074495191921,0.616360042412542,0.6735899703023193,0.6028903754354373,0.689917582558113
7__1,Team 7,Sewing,Overtime,5350.400000000001,6840.000000000002,min,0.6456861392553738,0.6159916710431029,0.6730340919535662,0.6025722578418625,0.6895306755646782
7__1,Team 7,Sewing,Overtime,5664.0,6840.000000000002,min,0.6452885857598313,0.6155814406225775,0.6723930042251883,0.602274555121539,0.6893955701153975
7__1,Team 7,Sewing,Overtime,5977.6,6840.000000000002,min,0.6449122410833623,0.6151289330386016,0.6720116881609656,0.6019960525515315,0.6888766241703308
7__1,Team 7,Sewing,Overtime,6291.200000000001,6840.000000000002,min,0.6445549469816314,0.6148428069200431,0.6717810871270711,0.6016640978945283,0.6883880498706282
7__1,Team 7,Sewing,Overtime,6604.8,6840.000000000002,min,0.6442148592276521,0.6145337998041953,0.6714154587401971,0.6011895614552693,0.6879104736712193
7__1,Team 7,Sewing,Overtime,6840.000000000002,6840.000000000002,min,0.643970121296751,0.6142421966025718,0.6711019993123716,0.6008253145193835,0.6875023095789572
7__1,Team 7,Sewing,Overtime,6918.400000000001,6840.000000000002,min,0.6438903894587682,0.6141547490066368,0.6709984701565236,0.6007066525994608,0.6873693046430293
7__1,Team 7,Sewing,Overtime,7232.0,6840.000000000002,min,0.6435801598972737,0.6138404241505463,0.6707968778005939,0.6002467974754505,0.6871580279706486
7__1,Team 7,Sewing,Overtime,7545.6,6840.000000000002,min,0.6432829676684333,0.6135938674134713,0.6705417921057127,0.5999225160850032,0.6869864715176216
7__1,Team 7,Sewing,Overtime,7859.200000000001,6840.000000000002,min,0.6429977563730342,0.6134547921846305,0.6702641264432037,0.5996206269291938,0.6868218525338523
7__1,Team 7,Sewing,Overtime,8172.8,6840.000000000002,min,0.6427235932130657,0.6131513517964531,0.6699149793773018,0.5992609674302625,0.6866634818553213
7__1,Team 7,Sewing,Overtime,8486.400000000001,6840.000000000002,min,0.6424596504172184,0.6128591147337722,0.6696739213879108,0.5989449005456782,0.6864722825628161
7__1,Team 7,Sewing,Overtime,8800.0,6840.000000000002,min,0.6422051900310528,0.612599373494014,0.6694600200132143,0.5987079485896153,0.686241947175551
7__1,Team 7,Sewing,Overtime,9113.6,6840.000000000002,min,0.6419595513657822,0.6121977079661931,0.6692894068780334,0.5984792498458024,0.6860195899926843
7__1,Team 7,Sewing,Overtime,9427.2,6840.000000000002,min,0.6417221405665932,0.6119611340453156,0.6691220247669905,0.5982582473754037,0.685804674104076
7__1,Team 7,Sewing,Overtime,9740.800000000001,6840.000000000002,min,0.641492421884895,0.6116979165091941,0.6689051225626683,0.5980444388231819,0.685596715125922
7__1,Team 7,Sewing,Overtime,10054.400000000001,6840.000000000002,min,0.6412699103309377,0.6114191436206613,0.6686332991536976,0.5978373695070421,0.6853952745595576
7__1,Team 7,Sewing,Overtime,10368.0,6840.000000000002,min,0.6410541654527768,0.6110581707694186,0.6684456477162715,0.5976366265679718,0.6851972315428391
7__1,Team 7,Sewing,SMV,1.8999999999999997,29.48,,0.7958378194209029,0.7495330292469458,0.8392734231583784,0.7206848299579675,0.8589069442784487
7__1,Team 7,Sewing,SMV,2.806666666666666,29.48,,0.7812941653400062,0.7377931752170038,0.8232747386523779,0.7101888587241043,0.8419793648481889
7__1,Team 7,Sewing,SMV,3.713333333333333,29.48,,0.769299251711701,0.7275932052467006,0.8102677011098888,0.703998979256991,0.827497241081311
7__1,Team 7,Sewing,SMV,4.619999999999999,29.48,,0.7590416416258547,0.7184637484878539,0.798375325259501,0.6967413796171107,0.8156042820914333
7__1,Team 7,Sewing,SMV,5.526666666666666,29.48,,0.7500527746197789,0.7111116625728492,0.787699916412476,0.690878426314341,0.805325388280899
7__1,Team 7,Sewing,SMV,6.433333333333333,29.48,,0.7420355294811526,0.7044139869752146,0.7785492066608881,0.6847012346204691,0.7961615975282462
7__1,Team 7,Sewing,SMV,7.339999999999999,29.48,,0.7347887101427784,0.6978023009299088,0.7705801433642641,0.6793321599656675,0.786850496200402
7__1,Team 7,Sewing,SMV,8.246666666666666,29.48,,0.7281692662698696,0.6931307639365459,0.7626538350218947,0.6749227743769624,0.7791405392783588
7__1,Team 7,Sewing,SMV,9.153333333333332,29.48,,0.7220715777386603,0.6879184537657494,0.7557732812794601,0.6701680892455787,0.7722928039600515
7__1,Team 7,Sewing,SMV,10.06,29.48,,0.7164152778803646,0.6835762888729492,0.7494248050889004,0.6658302449150343,0.7655247993416007
7__1,Team 7,Sewing,SMV,10.966666666666667,29.48,,0.7111376933829554,0.6789819092393845,0.7430987198776879,0.661696382061282,0.7588229091367972
7__1,Team 7,Sewing,SMV,11.873333333333333,29.48,,0.7061889381018835,0.6745059869856006,0.7372792870730258,0.6571855300079307,0.7525600640953527
7__1,Team 7,Sewing,SMV,12.78,29.48,,0.7015286105019795,0.670601604398691,0.7318627496740897,0.6539668699013643,0.7475608964802849
7__1,Team 7,Sewing,SMV,13.686666666666666,29.48,,0.6971235010852936,0.6664935535984681,0.7264979874194842,0.6506891223796085,0.7424037275438652
7__1,Team 7,Sewing,SMV,14.593333333333334,29.48,,0.6929459585765328,0.6624412172569736,0.7214172950139133,0.6469399481121361,0.7374677545818263
7__1,Team 7,Sewing,SMV,15.5,29.48,,0.6889726988555401,0.6591313800119997,0.7168082859650612,0.6434662967672823,0.7330968193872115
7__1,Team 7,Sewing,SMV,16.406666666666666,29.48,,0.6851839192901802,0.6559237188324064,0.7124178266795362,0.6397689186379626,0.728892384843323
7__1,Team 7,Sewing,SMV,17.313333333333333,29.48,,0.6815626285760659,0.6527446672512653,0.7087626237690753,0.6368161289218237,0.7249288405401813
7__1,Team 7,Sewing,SMV,18.22,29.48,,0.6780941317342402,0.6493740215995792,0.7053425604733122,0.6340165917668598,0.7221925734437499
7__1,Team 7,Sewing,SMV,19.126666666666665,29.48,,0.6747656288313432,0.6463409871494081,0.701743498069909,0.6309109531676607,0.7183378541977529
7__1,Team 7,Sewing,SMV,20.03333333333333,29.48,,0.6715658983967336,0.6435225368798446,0.698152329687759,0.6282466247900573,0.7157453337729752
7__1,Team 7,Sewing,SMV,20.939999999999998,29.48,,0.6684850448352077,0.6402362737764355,0.6956511270233252,0.6253237550432713,0.7121808888310162
7__1,Team 7,Sewing,SMV,21.846666666666664,29.48,,0.6655142948292705,0.6369888502590895,0.6925551260764701,0.6218811563526199,0.7091721122254336
7__1,Team 7,Sewing,SMV,22.75333333333333,29.48,,0.6626458316918499,0.6343336753401023,0.6897116837384347,0.6189462497714228,0.7056121853328875
7__1,Team 7,Sewing,SMV,23.659999999999997,29.48,,0.6598726594389623,0.6315173870297102,0.6867803785945971,0.616363262049335,0.7021851357711061
7__1,Team 7,Sewing,SMV,24.566666666666663,29.48,,0.657188490369943,0.628633768430916,0.6840354338311843,0.6134072341807483,0.6992984115609661
7__1,Team 7,Sewing,SMV,25.47333333333333,29.48,,0.6545876514129154,0.6258675402554847,0.6814605705400277,0.6110315611739684,0.6973668590344245
7__1,Team 7,Sewing,SMV,26.38,29.48,,0.6520650055774272,0.623191831078589,0.6787688319868189,0.6087605709375712,0.6955434462625748
7__1,Team 7,Sewing,SMV,27.286666666666665,29.48,,0.6496158856653317,0.620484353191111,0.6762262061681292,0.6063696593122077,0.693082131685257
7__1,Team 7,Sewing,SMV,28.19333333333333,29.48,,0.6472360380011429,0.6179340630417719,0.6740004473415874,0.6040925898182217,0.6911317002545482
7__1,Team 7,Sewing,SMV,29.099999999999998,29.48,,0.644921574407958,0.6154140720421557,0.672009088322995,0.6018231311347988,0.6886243193252586
7__1,Team 7,Sewing,SMV,29.48,29.48,,0.643970121296751,0.6142421966025718,0.6711019993123716,0.6008253145193835,0.6875023095789572
7__1,Team 7,Sewing,Style Changes,0.0,1.0,,0.6276059867315642,0.597606387350283,0.6560456222986535,0.5842766247623241,0.6691688573405065
7__1,Team 7,Sewing,Style Changes,1.0,1.0,,0.643970121296751,0.6142421966025718,0.6711019993123716,0.6008253145193835,0.6875023095789572
7__1,Team 7,Sewing,Style Changes,2.0,1.0,,0.6598905121645847,0.6258437254708099,0.6922482185792318,0.608062516619709,0.70841928583579
8__0,Team 8,Finishing,Incentive,0.0,0.0,BDT,0.7023132747534468,0.66955871828643,0.7353490633171683,0.647024127093711,0.7552491192116213
8__0,Team 8,Finishing,Incentive,2.9333333333333327,0.0,BDT,0.6871852734038987,0.6063527334669798,0.7609829555919884,0.5588459027406059,0.789529491728284
8__0,Team 8,Finishing,Incentive,5.866666666666665,0.0,BDT,0.6711247901534665,0.5800825653155421,0.7535417741890483,0.528973716414737,0.7870792695271331
8__0,Team 8,Finishing,Incentive,8.799999999999997,0.0,BDT,0.6606816906121922,0.561098293432749,0.7490253725782032,0.5070443017070827,0.7844513537677379
8__0,Team 8,Finishing,Incentive,11.73333333333333,0.0,BDT,0.6529104827343021,0.5494809925757276,0.7452078464261428,0.49084572052568065,0.782567602735089
8__0,Team 8,Finishing,Incentive,14.666666666666664,0.0,BDT,0.6467120505359806,0.5395070049532636,0.7422402791672355,0.4767076398400947,0.7805122263831115
8__0,Team 8,Finishing,Incentive,17.599999999999994,0.0,BDT,0.6415526784529205,0.5320579012023062,0.7399148366882983,0.46650499911249566,0.7808338783215364
8__0,Team 8,Finishing,Incentive,20.533333333333328,0.0,BDT,0.6371319774077664,0.5252692558863276,0.7388041606187805,0.45821460995692714,0.7799367112262612
8__0,Team 8,Finishing,Incentive,23.46666666666666,0.0,BDT,0.6348576560475174,0.5203203620468693,0.7394738886023677,0.4518801460047202,0.7797145639729306
8__0,Team 8,Finishing,Incentive,26.399999999999995,0.0,BDT,0.6401380672678498,0.5276533946072124,0.748942836937192,0.45355799736311886,0.7883754983923669
8__0,Team 8,Finishing,Incentive,29.33333333333333,0.0,BDT,0.6446717078751542,0.5292377001000249,0.7547555694270626,0.4570691917897785,0.7947842312910657
8__0,Team 8,Finishing,Incentive,32.26666666666666,0.0,BDT,0.649398290362037,0.5316398513673705,0.7605427107635913,0.4587091164778503,0.8002388333884183
8__0,Team 8,Finishing,Incentive,35.19999999999999,0.0,BDT,0.6548063315570353,0.535922993811019,0.7666015789859493,0.4598492269251908,0.8064347335815776
8__0,Team 8,Finishing,Incentive,38.133333333333326,0.0,BDT,0.6611298314561871,0.5401092567909243,0.773577473587259,0.46385439338394,0.8138559791013004
8__0,Team 8,Finishing,Incentive,41.066666666666656,0.0,BDT,0.6684542388325228,0.5477248747849324,0.7800455709105216,0.469502987742006,0.8213879068831781
8__0,Team 8,Finishing,Incentive,43.99999999999999,0.0,BDT,0.6767762634997087,0.5557870534610454,0.7881741845969481,0.47665831239662526,0.8289203582255164
8__0,Team 8,Finishing,Incentive,46.93333333333332,0.0,BDT,0.6860389697885152,0.565443864943131,0.7969064203558125,0.4853050368102415,0.8365647463107537
8__0,Team 8,Finishing,Incentive,49.86666666666665,0.0,BDT,0.6961530790272483,0.5758943424711698,0.8059650744739785,0.4962215678440896,0.8449551589511617
8__0,Team 8,Finishing,Incentive,52.79999999999999,0.0,BDT,0.7070103319850799,0.5878575340851194,0.8152600533096279,0.5080976200269646,0.8532126772280842
8__0,Team 8,Finishing,Incentive,55.73333333333332,0.0,BDT,0.7184921672519011,0.6010583960132688,0.8245656488807946,0.5194530698211726,0.8613671000345478
8__0,Team 8,Finishing,Incentive,58.66666666666666,0.0,BDT,0.7304755785831907,0.6144560398266014,0.833931442216199,0.5321357521891275,0.8700692596672376
8__0,Team 8,Finishing,Incentive,61.59999999999999,0.0,BDT,0.7428372349281958,0.6284976301178633,0.8434461274337522,0.5460458257628122,0.8787046346350806
8__0,Team 8,Finishing,Incentive,64.53333333333332,0.0,BDT,0.7554255465161842,0.6430335206502611,0.8528946042997716,0.5624330387749542,0.8871793475467747
8__0,Team 8,Finishing,Incentive,67.46666666666665,0.0,BDT,0.7680022613830326,0.6583731672098395,0.8626158012603578,0.5783582495029688,0.8953272577615782
8__0,Team 8,Finishing,Incentive,69.5,0.0,BDT,0.77660411987329,0.6683238201998485,0.8693174612674052,0.5878168607944904,0.9007782740689978
8__0,Team 8,Finishing,Incentive,70.39999999999998,0.0,BDT,0.7803643899355789,0.6727252864872156,0.872335539359198,0.5920173204111915,0.9031173367908415
8__0,Team 8,Finishing,Incentive,73.33333333333331,0.0,BDT,0.7923639649207423,0.6881886416720887,0.8813478538901888,0.6071512919676532,0.9101172650364372
8__0,Team 8,Finishing,Incentive,76.26666666666665,0.0,BDT,0.8038971433838543,0.7025499622872604,0.8896367017758011,0.6225208306560196,0.9160842533434449
8__0,Team 8,Finishing,Incentive,79.19999999999999,0.0,BDT,0.8148951105569258,0.7165200087082669,0.897231107175001,0.6368009222128153,0.9216301151138672
8__0,Team 8,Finishing,Incentive,82.13333333333331,0.0,BDT,0.8253165142933138,0.7307155727933897,0.9042447071593455,0.6522868306746507,0.927788821621931
8__0,Team 8,Finishing,Incentive,85.06666666666665,0.0,BDT,0.8351412132621904,0.7442790425573231,0.9105584347266161,0.6667539248050656,0.9337080449423734
8__0,Team 8,Finishing,Incentive,87.99999999999999,0.0,BDT,0.8443651551513528,0.7562158807139765,0.916572842069514,0.6811526176025675,0.9385357614725979
8__0,Team 8,Finishing,WIP,0.0,0.0,pieces,0.5108154998406589,0.3436965245556111,0.6751904630771978,0.2603516719012544,0.7614398142087462
8__0,Team 8,Finishing,WIP,50.09333333333334,0.0,pieces,0.619020666207433,0.456395964574934,0.7649306278465119,0.36990468083510475,0.8294500795433246
8__0,Team 8,Finishing,WIP,100.18666666666668,0.0,pieces,0.6365283219099584,0.4716899604125832,0.7850069455989565,0.37928524916546436,0.8438995769494376
8__0,Team 8,Finishing,WIP,150.28000000000003,0.0,pieces,0.6465433790173957,0.47861364829070646,0.7962524718284233,0.3834155836991614,0.856277776778437
8__0,Team 8,Finishing,WIP,200.37333333333336,0.0,pieces,0.6535262955011703,0.48097791518710453,0.8059090494152052,0.38693228693974313,0.8607580807285686
8__0,Team 8,Finishing,WIP,250.4666666666667,0.0,pieces,0.6588663082166323,0.48602010465178086,0.8113663139337683,0.39468822623529976,0.8636735824844525
8__0,Team 8,Finishing,WIP,300.56000000000006,0.0,pieces,0.663177429503389,0.48947346348251974,0.816246169781653,0.3962277742069932,0.8664077046030053
8__0,Team 8,Finishing,WIP,350.65333333333336,0.0,pieces,0.6667847577706083,0.4933264510979029,0.8203237750561567,0.3971216162336204,0.8706941194705184
8__0,Team 8,Finishing,WIP,400.7466666666667,0.0,pieces,0.6698810108607486,0.49472738632244495,0.8226628528019059,0.3972006271548949,0.8740899326499613
8__0,Team 8,Finishing,WIP,450.8400000000001,0.0,pieces,0.6725897056888824,0.49622619216072544,0.8272010353834707,0.3969780136941282,0.8765300278577843
8__0,Team 8,Finishing,WIP,500.9333333333334,0.0,pieces,0.6749946830835079,0.49783187708625826,0.8300529752587503,0.3968449907732939,0.8774763672710589
8__0,Team 8,Finishing,WIP,551.0266666666668,0.0,pieces,0.6771554169188649,0.49837231112378483,0.8324737145517229,0.3981707002971492,0.8792781211247016
8__0,Team 8,Finishing,WIP,601.1200000000001,0.0,pieces,0.6791155969186559,0.4990305618991481,0.8351415799221437,0.39844109297069596,0.8811892278891081
8__0,Team 8,Finishing,WIP,651.2133333333335,0.0,pieces,0.6809082432592991,0.49904445223903654,0.8363400621497871,0.3986899215588503,0.8828484735972345
8__0,Team 8,Finishing,WIP,701.3066666666667,0.0,pieces,0.6825589078543692,0.49933541034103596,0.8372009926892348,0.3981329361245625,0.8844083263352084
8__0,Team 8,Finishing,WIP,751.4000000000001,0.0,pieces,0.6840877607525676,0.5009491133416528,0.8381856136364164,0.39684955967847185,0.8856979904581522
8__0,Team 8,Finishing,WIP,801.4933333333335,0.0,pieces,0.6855109968127574,0.5031331723036369,0.8394106621570359,0.39645742354413094,0.8867419053466304
8__0,Team 8,Finishing,WIP,851.5866666666668,0.0,pieces,0.6868418118660473,0.505315972286757,0.8408371844202281,0.3964074229570905,0.8877974704799203
8__0,Team 8,Finishing,WIP,901.6800000000002,0.0,pieces,0.6880910971809496,0.506518056727456,0.842530627243124,0.3963626185324459,0.8895040056354145
8__0,Team 8,Finishing,WIP,951.7733333333334,0.0,pieces,0.6892679443423257,0.508173937046943,0.8445572584347587,0.39693042242737286,0.8904527011447448
8__0,Team 8,Finishing,WIP,1001.8666666666668,0.0,pieces,0.690380019358041,0.510093346047964,0.8456863833255609,0.3980203101384857,0.8912845287099744
8__0,Team 8,Finishing,WIP,1051.9600000000003,0.0,pieces,0.6914338445842388,0.5116982860390273,0.847157851478812,0.39906619298888807,0.8920706653198928
8__0,Team 8,Finishing,WIP,1102.0533333333335,0.0,pieces,0.6924350144079608,0.51237810349834,0.8487705601569625,0.40006638042062953,0.8928156133540842
8__0,Team 8,Finishing,WIP,1152.1466666666668,0.0,pieces,0.6933883624995191,0.5130197772721636,0.849651552067645,0.4004933205852988,0.8935232521218441
8__0,Team 8,Finishing,WIP,1202.2400000000002,0.0,pieces,0.6942980931039605,0.5134294075353572,0.8515624797677603,0.40063496254928466,0.8941969468351898
8__0,Team 8,Finishing,WIP,1252.3333333333335,0.0,pieces,0.6951678852531258,0.513642313212099,0.85337658078674,0.40077084259320783,0.8948396348653198
8__0,Team 8,Finishing,WIP,1302.426666666667,0.0,pieces,0.6960009763244369,0.5137935105212114,0.8551022587605867,0.40090141181115274,0.8954501809549046
8__0,Team 8,Finishing,WIP,1352.5200000000002,0.0,pieces,0.69680022966299,0.5139410152716364,0.856588713390383,0.40104402230303754,0.8960323609732184
8__0,Team 8,Finishing,WIP,1402.6133333333335,0.0,pieces,0.6975681897742737,0.5140831564548408,0.8579237981033203,0.4011858227201219,0.8965906783249211
8__0,Team 8,Finishing,WIP,1452.706666666667,0.0,pieces,0.6983071277271435,0.5142203103774626,0.8584667714332804,0.4013633028382877,0.8971269084742031
8__0,Team 8,Finishing,WIP,1502.8000000000002,0.0,pieces,0.6990190787758351,0.5143528150849591,0.8588444459711557,0.4023741510367436,0.8977829153416875
8__0,Team 8,Finishing,Workers,7.000000000000002,7.000000000000002,workers,0.7023132747534468,0.66955871828643,0.7353490633171683,0.647024127093711,0.7552491192116213
8__0,Team 8,Finishing,Workers,8.700000000000003,7.000000000000002,workers,0.7271624375006482,0.6953087113597557,0.7584947483989453,0.6756605317020316,0.7760533848920107
8__0,Team 8,Finishing,Workers,10.400000000000002,7.000000000000002,workers,0.7469161911686081,0.7159387770446429,0.7769056660504867,0.6971940305399689,0.7945215052127066
8__0,Team 8,Finishing,Workers,12.100000000000003,7.000000000000002,workers,0.7631046668195706,0.7316065162289814,0.793247116673961,0.7126256565946175,0.8103563406546604
8__0,Team 8,Finishing,Workers,13.800000000000004,7.000000000000002,workers,0.7766819455743715,0.7438430532648076,0.8072863495505241,0.726368490107355,0.8246259495284315
8__0,Team 8,Finishing,Workers,15.500000000000004,7.000000000000002,workers,0.7882786523948215,0.7551895016298822,0.8196923115425143,0.7368422172369595,0.836625052271697
8__0,Team 8,Finishing,Workers,17.200000000000003,7.000000000000002,workers,0.7983308242580658,0.7652717107114276,0.8297685148018831,0.7456212902313658,0.8478932908593023
8__0,Team 8,Finishing,Workers,18.900000000000006,7.000000000000002,workers,0.8071509878361173,0.773315597274382,0.8387501867139303,0.7535571218149175,0.8573398043812567
8__0,Team 8,Finishing,Workers,20.600000000000005,7.000000000000002,workers,0.814969828165975,0.7804864764655322,0.8470178230310952,0.759475613023694,0.8650307486319028
8__0,Team 8,Finishing,Workers,22.300000000000004,7.000000000000002,workers,0.821961847960048,0.7867929609068415,0.8545629112770755,0.7657001473038303,0.872162527543547
8__0,Team 8,Finishing,Workers,24.000000000000007,7.000000000000002,workers,0.8282618229911473,0.7927080910312184,0.8613804527091454,0.7711631904917136,0.8789916598812758
8__0,Team 8,Finishing,Workers,25.700000000000003,7.000000000000002,workers,0.8339757212780657,0.7978083496130087,0.8670928529264433,0.7760592860520222,0.8850895368782828
8__0,Team 8,Finishing,Workers,27.400000000000006,7.000000000000002,workers,0.8391881627472658,0.8030525658183815,0.8726254146811426,0.7806715206685996,0.8898358114583799
8__0,Team 8,Finishing,Workers,29.10000000000001,7.000000000000002,workers,0.8439676453195283,0.8077147274767149,0.8775149332106489,0.7844052414427146,0.894267926807937
8__0,Team 8,Finishing,Workers,30.800000000000004,7.000000000000002,workers,0.8483702875544777,0.8121136169451465,0.8821515247787473,0.7889297769477165,0.898460396890753
8__0,Team 8,Finishing,Workers,32.50000000000001,7.000000000000002,workers,0.8524425613536201,0.8160012164784064,0.886214061825882,0.7927120585386433,0.901976679141499
8__0,Team 8,Finishing,Workers,34.20000000000001,7.000000000000002,workers,0.8562233218800795,0.8192633894812825,0.8902247140442873,0.7961841012275683,0.9052609846223076
8__0,Team 8,Finishing,Workers,35.900000000000006,7.000000000000002,workers,0.8597453388210399,0.8223834168939425,0.8942025993024287,0.7994520653657272,0.9080983950005306
8__0,Team 8,Finishing,Workers,37.60000000000001,7.000000000000002,workers,0.8630364676026325,0.8256427961255295,0.8976270993481835,0.8024368035124608,0.9109332458556741
8__0,Team 8,Finishing,Workers,39.300000000000004,7.000000000000002,workers,0.8661205565168736,0.8284591066357516,0.9005530792389399,0.805359545736529,0.9137996577578262
8__0,Team 8,Finishing,Workers,41.00000000000001,7.000000000000002,workers,0.8690181573641174,0.8314678550562483,0.9032671520450075,0.8081218256172092,0.9165886375784985
8__0,Team 8,Finishing,Workers,42.70000000000001,7.000000000000002,workers,0.8717470879984243,0.8341265965087432,0.9059503170022716,0.8107520807923708,0.9192214767103536
8__0,Team 8,Finishing,Workers,44.400000000000006,7.000000000000002,workers,0.8743228819136033,0.8368068255235347,0.9083129428568039,0.8132463616459094,0.9214888702724673
8__0,Team 8,Finishing,Workers,46.10000000000001,7.000000000000002,workers,0.8767591507261234,0.8392625285036498,0.9108589347244019,0.8154733939677312,0.9237659695316848
8__0,Team 8,Finishing,Workers,47.80000000000001,7.000000000000002,workers,0.8790678788141897,0.8415892013934134,0.9131206408509563,0.8179201322574127,0.9259910465951935
8__0,Team 8,Finishing,Workers,49.50000000000001,7.000000000000002,workers,0.8812596646204561,0.8437050713052333,0.9153563761679343,0.8200861551721886,0.928090010228823
8__0,Team 8,Finishing,Workers,51.20000000000001,7.000000000000002,workers,0.8833439196607181,0.8456990612492997,0.9174414955428788,0.8221654564849936,0.930096711090191
8__0,Team 8,Finishing,Workers,52.90000000000001,7.000000000000002,workers,0.8853290337247072,0.8476714468290016,0.9194408717380851,0.8241637194075068,0.931926629106049
8__0,Team 8,Finishing,Workers,54.60000000000001,7.000000000000002,workers,0.8872225128497357,0.8495377379452739,0.9213203029859037,0.8260557169621818,0.9336862397356324
8__0,Team 8,Finishing,Workers,56.30000000000001,7.000000000000002,workers,0.8890310952131127,0.851355688538604,0.9230078054042882,0.8278753836412864,0.9353191475965197
8__0,Team 8,Finishing,Workers,58.000000000000014,7.000000000000002,workers,0.8907608489990957,0.8531545641050826,0.9245689412345741,0.8296325881845956,0.9368681220814068
8__0,Team 8,Finishing,Overtime,960.0,960.0,min,0.7023132747534468,0.66955871828643,0.7353490633171683,0.647024127093711,0.7552491192116213
8__0,Team 8,Finishing,Overtime,1273.6,960.0,min,0.7005141050559678,0.6679576813069869,0.7339186590058334,0.6449784847283302,0.7522038588159892
8__0,Team 8,Finishing,Overtime,1587.2,960.0,min,0.6991076512206419,0.6664229863706829,0.7322614535260482,0.6432546816321647,0.7508956243787784
8__0,Team 8,Finishing,Overtime,1900.8000000000002,960.0,min,0.6979521708681913,0.6651897849039516,0.7308151194443377,0.6418297877304532,0.7494944996513329
8__0,Team 8,Finishing,Overtime,2214.4,960.0,min,0.696971140340706,0.663952855023651,0.7297876879990385,0.6406080272437933,0.748434661314852
8__0,Team 8,Finishing,Overtime,2528.0,960.0,min,0.6961184936400759,0.6628798737440652,0.7292768772392813,0.6396481887339108,0.7477102850402899
8__0,Team 8,Finishing,Overtime,2841.6000000000004,960.0,min,0.6953643266636838,0.6621794022072982,0.7284757490311011,0.6387525573760493,0.7470705607189211
8__0,Team 8,Finishing,Overtime,3155.2000000000003,960.0,min,0.6946881174629587,0.661268866940475,0.7276694360258196,0.6379557820903209,0.7465045003486326
8__0,Team 8,Finishing,Overtime,3468.8,960.0,min,0.6940751677448034,0.6606529510102316,0.7271084688402278,0.6373800128794059,0.7459862553746902
8__0,Team 8,Finishing,Overtime,3782.4,960.0,min,0.6935145869577238,0.66014029133053,0.7264495051729695,0.6368945382634968,0.7455624724823611
8__0,Team 8,Finishing,Overtime,4096.0,960.0,min,0.6929980799647788,0.6596465604933617,0.726008060486694,0.6360724325020586,0.7453046363033261
8__0,Team 8,Finishing,Overtime,4409.6,960.0,min,0.6925191820351974,0.6591960014198178,0.7256016631078293,0.6353906849884344,0.7449695560494943
8__0,Team 8,Finishing,Overtime,4723.200000000001,960.0,min,0.6920727565811536,0.6585877862097034,0.7250749750398789,0.6348574071774963,0.7446054218364793
8__0,Team 8,Finishing,Overtime,5036.8,960.0,min,0.691654654245838,0.6578659446171394,0.7246362327148989,0.6343581162047099,0.7443730796773641
8__0,Team 8,Finishing,Overtime,5350.400000000001,960.0,min,0.6912614748614065,0.6572193182149945,0.7243432656091923,0.6338887884794249,0.7441546467513859
8__0,Team 8,Finishing,Overtime,5664.0,960.0,min,0.6908903971271072,0.6566121556007265,0.7240980246962423,0.6334496065837896,0.7439485449174206
8__0,Team 8,Finishing,Overtime,5977.6,960.0,min,0.6905390541209965,0.6560392334153555,0.7238855773453687,0.6329918857410413,0.7437534505920933
8__0,Team 8,Finishing,Overtime,6291.200000000001,960.0,min,0.6902054405928169,0.6556778847602571,0.7234691346363836,0.6323751790429389,0.7435382003215122
8__0,Team 8,Finishing,Overtime,6604.8,960.0,min,0.689887842769771,0.6553480942835519,0.7231120979075364,0.6317880705960692,0.7431239125500146
8__0,Team 8,Finishing,Overtime,6918.400000000001,960.0,min,0.6895847844153719,0.6548783538338142,0.722884825186199,0.6312810076560216,0.742727143628025
8__0,Team 8,Finishing,Overtime,7232.0,960.0,min,0.6892949848230472,0.6545993366788875,0.7226643033272027,0.6309283170794077,0.742511964215108
8__0,Team 8,Finishing,Overtime,7545.6,960.0,min,0.6890173257084985,0.6543931449097099,0.7223833058726502,0.6303625014210782,0.7422711852055224
8__0,Team 8,Finishing,Overtime,7859.200000000001,960.0,min,0.6887508248295221,0.6541022082331419,0.7222026720188417,0.6297885782263135,0.7419711772930141
8__0,Team 8,Finishing,Overtime,8172.8,960.0,min,0.6884946147561481,0.6537972091063667,0.7220366749079783,0.6292367657049639,0.7416821291285396
8__0,Team 8,Finishing,Overtime,8486.400000000001,960.0,min,0.6882479256292802,0.6534640252542913,0.7217718295491187,0.628732109516039,0.7414188482206766
8__0,Team 8,Finishing,Overtime,8800.0,960.0,min,0.6880100710407648,0.6531530819133943,0.7215867158351462,0.6282877620532289,0.741218721516928
8__0,Team 8,Finishing,Overtime,9113.6,960.0,min,0.6877804363801528,0.6528066306026671,0.7214262219040367,0.6279919600534279,0.7410255067033602
8__0,Team 8,Finishing,Overtime,9427.2,960.0,min,0.687558469148275,0.6524594842461122,0.7211974180356849,0.627759133268707,0.7408387392721245
8__0,Team 8,Finishing,Overtime,9740.800000000001,960.0,min,0.6873436708521016,0.6522416045973991,0.7210450938834005,0.6275338690744043,0.7406223150736602
8__0,Team 8,Finishing,Overtime,10054.400000000001,960.0,min,0.6871355901807755,0.6519496134036092,0.7209259129634752,0.6273156900000624,0.740380271357591
8__0,Team 8,Finishing,Overtime,10368.0,960.0,min,0.6869338172271475,0.6516644971531627,0.7208103624354466,0.6271041624632178,0.7401455216795059
8__0,Team 8,Finishing,SMV,1.8999999999999997,2.8999999999999995,,0.7223477501413356,0.6894156079633607,0.7539692751878796,0.6687324662793274,0.7736094032702807
8__0,Team 8,Finishing,SMV,2.806666666666666,2.8999999999999995,,0.7039842815837694,0.6712652928037024,0.7372373075687867,0.6485236395910442,0.755780223638438
8__0,Team 8,Finishing,SMV,2.8999999999999995,2.8999999999999995,,0.7023132747534468,0.66955871828643,0.7353490633171683,0.647024127093711,0.7552491192116213
8__0,Team 8,Finishing,SMV,3.713333333333333,2.8999999999999995,,0.6890508762603511,0.6549580817829125,0.7229524741426973,0.6319003461401578,0.7433731384328112
8__0,Team 8,Finishing,SMV,4.619999999999999,2.8999999999999995,,0.6764330829851878,0.6410855063028658,0.7121300659124405,0.6176614517859473,0.7316253914014171
8__0,Team 8,Finishing,SMV,5.526666666666666,2.8999999999999995,,0.6654918295530159,0.6284868844312159,0.7030660493823355,0.6043028821353946,0.7253071650182139
8__0,Team 8,Finishing,SMV,6.433333333333333,2.8999999999999995,,0.6558244495409469,0.6171912076351221,0.695770574265646,0.5921268391730817,0.7178225281534261
8__0,Team 8,Finishing,SMV,7.339999999999999,2.8999999999999995,,0.6471598878133842,0.6070502406667737,0.6880262127908793,0.5815702755402317,0.7117828289474993
8__0,Team 8,Finishing,SMV,8.246666666666666,2.8999999999999995,,0.6393064901891954,0.5975555827769846,0.681451826125703,0.5709393277747198,0.7063227884832329
8__0,Team 8,Finishing,SMV,9.153333333333332,2.8999999999999995,,0.6321234874874652,0.5889521810647239,0.6756556102335588,0.5628204137451793,0.7020453755451829
8__0,Team 8,Finishing,SMV,10.06,2.8999999999999995,,0.6255042962315394,0.5802463396668499,0.670090283790909,0.5548023124895233,0.6965865507758009
8__0,Team 8,Finishing,SMV,10.966666666666667,2.8999999999999995,,0.6193661876882367,0.5725589286003829,0.6660748953770814,0.5467766925879031,0.691991625149741
8__0,Team 8,Finishing,SMV,11.873333333333333,2.8999999999999995,,0.6136436064630802,0.5651418662680912,0.6614723679896211,0.5379220858943237,0.6894715094642782
8__0,Team 8,Finishing,SMV,12.78,2.8999999999999995,,0.6082836877886487,0.5588023436208469,0.6573703375673051,0.5315913683435597,0.6862868198483817
8__0,Team 8,Finishing,SMV,13.686666666666666,2.8999999999999995,,0.6032431555994986,0.5521734155979642,0.6534159647238751,0.5241767032411644,0.6827341281647085
8__0,Team 8,Finishing,SMV,14.593333333333334,2.8999999999999995,,0.598486118715279,0.5460082441530116,0.649781456893167,0.5171720312409747,0.679744140893013
8__0,Team 8,Finishing,SMV,15.5,2.8999999999999995,,0.5939824690115331,0.5400056822664793,0.6468759710431619,0.5107657750629598,0.6771807513617112
8__0,Team 8,Finishing,SMV,16.406666666666666,2.8999999999999995,,0.5897066937471193,0.5345955353811351,0.643707226276774,0.5051627674797012,0.6744486476783941
8__0,Team 8,Finishing,SMV,17.313333333333333,2.8999999999999995,,0.585636979399768,0.529206474941576,0.6410316862792591,0.5004610460175468,0.6714349051801913
8__0,Team 8,Finishing,SMV,18.22,2.8999999999999995,,0.5817545248587258,0.5246525887248904,0.6384576310402914,0.4956488049039855,0.6701929490762576
8__0,Team 8,Finishing,SMV,19.126666666666665,2.8999999999999995,,0.5780430076948702,0.5197593261670936,0.635739960370889,0.4909702357858431,0.668081696079653
8__0,Team 8,Finishing,SMV,20.03333333333333,2.8999999999999995,,0.5744881641699517,0.5152667228446578,0.6332984777234976,0.48564051911125544,0.6660520158575063
8__0,Team 8,Finishing,SMV,20.939999999999998,2.8999999999999995,,0.5710774549877867,0.5107479228842442,0.6308477277244565,0.48018847526968506,0.6643890358194062
8__0,Team 8,Finishing,SMV,21.846666666666664,2.8999999999999995,,0.5677997965347719,0.5062414494250925,0.6288758980160147,0.47628445442164613,0.6626475213617142
8__0,Team 8,Finishing,SMV,22.75333333333333,2.8999999999999995,,0.5646453427413123,0.5021612414918201,0.6262416199604014,0.472224116426574,0.6616531565801648
8__0,Team 8,Finishing,SMV,23.659999999999997,2.8999999999999995,,0.5616053065005304,0.49795048469432607,0.6242843048922194,0.46799895264106306,0.66009566037683
8__0,Team 8,Finishing,SMV,24.566666666666663,2.8999999999999995,,0.5586718123097844,0.49363401427937326,0.6223158431955144,0.4639306885746904,0.658590560497992
8__0,Team 8,Finishing,SMV,25.47333333333333,2.8999999999999995,,0.5558377737847927,0.4896437456703923,0.6205077409634924,0.45999639144860416,0.6571225651948114
8__0,Team 8,Finishing,SMV,26.38,2.8999999999999995,,0.5530967911573335,0.48608079291372674,0.618578278140276,0.4561878798787017,0.6556996107904864
8__0,Team 8,Finishing,SMV,27.286666666666665,2.8999999999999995,,0.5504430649557791,0.48248732587708976,0.6169359727469661,0.45250831431205646,0.6543203576042643
8__0,Team 8,Finishing,SMV,28.19333333333333,2.8999999999999995,,0.5478713228872539,0.4792544897398935,0.6154035040680881,0.4489788812739633,0.6529821476630223
8__0,Team 8,Finishing,SMV,29.099999999999998,2.8999999999999995,,0.5453767575633157,0.47601856837634215,0.6137926483136994,0.44530147128222897,0.6516825605321181
8__0,Team 8,Finishing,Style Changes,0.0,0.0,,0.7023132747534468,0.66955871828643,0.7353490633171683,0.647024127093711,0.7552491192116213
8__0,Team 8,Finishing,Style Changes,1.0,0.0,,0.7168065872293311,0.6817420873905458,0.7506524384045389,0.6614116726188621,0.7695417509856007
8__0,Team 8,Finishing,Style Changes,2.0,0.0,,0.7307170035756018,0.6929589243598998,0.7670444028571501,0.6690933296581093,0.786943131074657
8__1,Team 8,Sewing,Incentive,0.0,30.0,BDT,0.5428830623721309,0.5081905331500415,0.5770209226690538,0.4880153046243706,0.5955280748061171
8__1,Team 8,Sewing,Incentive,2.9333333333333327,30.0,BDT,0.6041090815018685,0.5597946134009464,0.6459016485390094,0.5359907031081611,0.664823225388877
8__1,Team 8,Sewing,Incentive,5.866666666666665,30.0,BDT,0.6172160876826145,0.577625423294559,0.6538606545996587,0.5603531076461159,0.6713496470429628
8__1,Team 8,Sewing,Incentive,8.799999999999997,30.0,BDT,0.625489602993469,0.5894278399159929,0.6583769681433473,0.5722386696576076,0.6761387458605985
8__1,Team 8,Sewing,Incentive,11.73333333333333,30.0,BDT,0.6315280573057598,0.5976918978824791,0.6634403655238118,0.5796265028031342,0.6805471913315791
8__1,Team 8,Sewing,Incentive,14.666666666666664,30.0,BDT,0.6362757364362167,0.6028729832768746,0.666759796344113,0.5851029115960764,0.6837983440685178
8__1,Team 8,Sewing,Incentive,17.599999999999994,30.0,BDT,0.6401828976442835,0.607541216227604,0.6709101361614542,0.589459313308808,0.6869727052933723
8__1,Team 8,Sewing,Incentive,20.533333333333328,30.0,BDT,0.6434994375012945,0.6112645930677157,0.6730352920513604,0.5944618775925012,0.6895482136296731
8__1,Team 8,Sewing,Incentive,23.46666666666666,30.0,BDT,0.6480068103152955,0.6171195343973953,0.6772546130440157,0.5996361763534204,0.6928763581285697
8__1,Team 8,Sewing,Incentive,26.399999999999995,30.0,BDT,0.6593867301397089,0.6324965992932455,0.6868503849050178,0.6160384906596703,0.7020068169779219
8__1,Team 8,Sewing,Incentive,29.33333333333333,30.0,BDT,0.669282003309475,0.6436977565419475,0.6962644304660462,0.6284386764075157,0.7082664760944388
8__1,Team 8,Sewing,Incentive,30.0,30.0,BDT,0.6714475674986097,0.6458344582689814,0.6985692349554874,0.6307564773371015,0.7099465740033756
8__1,Team 8,Sewing,Incentive,32.26666666666666,30.0,BDT,0.6787703374911858,0.6529959870082397,0.7054768014721896,0.6397787381734578,0.7167275034017025
8__1,Team 8,Sewing,Incentive,35.19999999999999,30.0,BDT,0.6884244139262756,0.6627283274859652,0.7151754367592915,0.6506161178542068,0.7262196757131322
8__1,Team 8,Sewing,Incentive,38.133333333333326,30.0,BDT,0.6985300384783493,0.6726902070793961,0.724996704678366,0.6621979956943966,0.7358964349900955
8__1,Team 8,Sewing,Incentive,41.066666666666656,30.0,BDT,0.709204290458619,0.6838210278042253,0.7352906102698363,0.6733811275615462,0.7458581442071899
8__1,Team 8,Sewing,Incentive,43.99999999999999,30.0,BDT,0.720462699795731,0.695680526725632,0.7459587947201273,0.6851530146813296,0.756275621859127
8__1,Team 8,Sewing,Incentive,46.93333333333332,30.0,BDT,0.7322591688485801,0.7082409753357894,0.7568492489252199,0.6974894988346849,0.7669498335946345
8__1,Team 8,Sewing,Incentive,49.86666666666665,30.0,BDT,0.7445106978004153,0.7215412056660157,0.7682607259018575,0.7107165671680794,0.778854015398501
8__1,Team 8,Sewing,Incentive,52.79999999999999,30.0,BDT,0.7571133185742815,0.734891374547758,0.7796928265272307,0.7236106081023621,0.7904022140244541
8__1,Team 8,Sewing,Incentive,55.73333333333332,30.0,BDT,0.7699527602013786,0.7483365007949884,0.7915110451744239,0.737365489656213,0.8020998844036927
8__1,Team 8,Sewing,Incentive,58.66666666666666,30.0,BDT,0.7829118340378185,0.76236031425207,0.8034135732556416,0.7506198562527775,0.8137472883872022
8__1,Team 8,Sewing,Incentive,61.59999999999999,30.0,BDT,0.7958756807748356,0.7763149422206492,0.8155980845607786,0.7644340566273261,0.8253781618629229
8__1,Team 8,Sewing,Incentive,64.53333333333332,30.0,BDT,0.8087084795744253,0.7901507893271649,0.8275970248268569,0.7781821404261838,0.8372762987994556
8__1,Team 8,Sewing,Incentive,67.46666666666665,30.0,BDT,0.8212060357243568,0.8031857395705179,0.8392161220289303,0.7914913458014551,0.848272742537659
8__1,Team 8,Sewing,Incentive,69.5,30.0,BDT,0.8295843298798458,0.8119771394298825,0.8471276666748363,0.800213920122573,0.8559440596430602
8__1,Team 8,Sewing,Incentive,70.39999999999998,30.0,BDT,0.8332057924249695,0.8157470139608852,0.8505055928035987,0.8040099927282188,0.8591463706213742
8__1,Team 8,Sewing,Incentive,73.33333333333331,30.0,BDT,0.84460133555195,0.8275516822269195,0.8612086113187184,0.8161074659339876,0.869519423692988
8__1,Team 8,Sewing,Incentive,76.26666666666665,30.0,BDT,0.8553297517117033,0.8389562213902011,0.87147285500138,0.8276909358841235,0.8792371579234757
8__1,Team 8,Sewing,Incentive,79.19999999999999,30.0,BDT,0.8653611561587977,0.8497480058771871,0.8809004908121069,0.8387011775848755,0.8883089150175989
8__1,Team 8,Sewing,Incentive,82.13333333333331,30.0,BDT,0.8746901469497521,0.8595154975373988,0.889643171339482,0.8490649553784179,0.8971077694004873
8__1,Team 8,Sewing,Incentive,85.06666666666665,30.0,BDT,0.8833289434209498,0.868965940571379,0.8977432719938067,0.85881957727756,0.9048776988943497
8__1,Team 8,Sewing,Incentive,87.99999999999999,30.0,BDT,0.8913019703868236,0.8770278918532373,0.9050671502965156,0.8677507091674896,0.91199866603837
8__1,Team 8,Sewing,WIP,0.0,913.9999999999997,pieces,0.44248424974329725,0.35490960221038026,0.525115134078444,0.3122103710791054,0.5732110846542794
8__1,Team 8,Sewing,WIP,50.09333333333334,913.9999999999997,pieces,0.5773952731270584,0.5335805100054901,0.6192505717172179,0.5074079317395206,0.640611692242803
8__1,Team 8,Sewing,WIP,100.18666666666668,913.9999999999997,pieces,0.6004797353543814,0.5619105704574172,0.6363527401199848,0.5424778860912701,0.6546271131343984
8__1,Team 8,Sewing,WIP,150.28000000000003,913.9999999999997,pieces,0.6138753937056894,0.5788253528820344,0.6471894349995585,0.5603462510749556,0.6636754091485255
8__1,Team 8,Sewing,WIP,200.37333333333336,913.9999999999997,pieces,0.6233005490588233,0.5906581066589268,0.6548256448668959,0.5731223474562616,0.6702676601556524
8__1,Team 8,Sewing,WIP,250.4666666666667,913.9999999999997,pieces,0.6305564309489591,0.5990804474290273,0.6603764110954402,0.5836038179253564,0.6758369861776993
8__1,Team 8,Sewing,WIP,300.56000000000006,913.9999999999997,pieces,0.6364452182102616,0.6065952301542474,0.6654078286126179,0.5905768267816871,0.6800561861567285
8__1,Team 8,Sewing,WIP,350.65333333333336,913.9999999999997,pieces,0.6413941237746447,0.6131185043635884,0.6698623922039076,0.5968075233988409,0.6838731365564875
8__1,Team 8,Sewing,WIP,400.7466666666667,913.9999999999997,pieces,0.645657608931093,0.6181528941096126,0.6735035526117673,0.6017216683737855,0.6871370186766842
8__1,Team 8,Sewing,WIP,450.8400000000001,913.9999999999997,pieces,0.6493994230036265,0.622140546779283,0.6771647248184403,0.606016838621376,0.6901609177617274
8__1,Team 8,Sewing,WIP,500.9333333333334,913.9999999999997,pieces,0.6527311059599903,0.625361732719583,0.6805119240159849,0.609334615722934,0.693613692641147
8__1,Team 8,Sewing,WIP,551.0266666666668,913.9999999999997,pieces,0.6557320259120768,0.628618710259292,0.6833459268916684,0.6132904896608686,0.6966629364244489
8__1,Team 8,Sewing,WIP,601.1200000000001,913.9999999999997,pieces,0.6584606489320035,0.631850206094944,0.6856495766620163,0.6164454827635001,0.6991664297689302
8__1,Team 8,Sewing,WIP,651.2133333333335,913.9999999999997,pieces,0.660961274137119,0.6346819307385713,0.6880409452975852,0.6193218119569968,0.7009933455534827
8__1,Team 8,Sewing,WIP,701.3066666666667,913.9999999999997,pieces,0.6632682601630229,0.6370368456567505,0.6901351782662309,0.621421817166936,0.7029608491825998
8__1,Team 8,Sewing,WIP,751.4000000000001,913.9999999999997,pieces,0.6654087862164857,0.6394267391359438,0.6921858480316023,0.6238068026195328,0.7047886078189755
8__1,Team 8,Sewing,WIP,801.4933333333335,913.9999999999997,pieces,0.6674047176491094,0.6416694437802806,0.6943296026312252,0.6265948701376817,0.7064795239564959
8__1,Team 8,Sewing,WIP,851.5866666666668,913.9999999999997,pieces,0.6692739031705732,0.6436706173925012,0.696270065825214,0.6285701349371771,0.7080836183811942
8__1,Team 8,Sewing,WIP,901.6800000000002,913.9999999999997,pieces,0.6710310994409682,0.6454924933778186,0.6981415434283219,0.630308709953985,0.7095875624815724
8__1,Team 8,Sewing,WIP,913.9999999999997,913.9999999999997,pieces,0.6714475674986097,0.6458344582689814,0.6985692349554874,0.6307564773371015,0.7099465740033756
8__1,Team 8,Sewing,WIP,951.7733333333334,913.9999999999997,pieces,0.6726886444270075,0.6469370193874143,0.6996940148880291,0.6321757346342499,0.7113432733119984
8__1,Team 8,Sewing,WIP,1001.8666666666668,913.9999999999997,pieces,0.6742569571656907,0.6484318120930643,0.7014043202620622,0.6336012398611108,0.7133350033460597
8__1,Team 8,Sewing,WIP,1051.9600000000003,913.9999999999997,pieces,0.6757449149662392,0.6500095577604557,0.7027357429428378,0.6350752214765756,0.7151904452888991
8__1,Team 8,Sewing,WIP,1102.0533333333335,913.9999999999997,pieces,0.6771601424043697,0.6515901296925486,0.7041269172386002,0.6362848218579017,0.7162897991136873
8__1,Team 8,Sewing,WIP,1152.1466666666668,913.9999999999997,pieces,0.6785092357352125,0.652874626396606,0.7056987601293084,0.6373566738829256,0.7176038032122648
8__1,Team 8,Sewing,WIP,1202.2400000000002,913.9999999999997,pieces,0.6797979392872726,0.6543559375411944,0.7067626414565781,0.6387059422848761,0.7191829717518993
8__1,Team 8,Sewing,WIP,1252.3333333333335,913.9999999999997,pieces,0.6810312856502692,0.6554267753943657,0.7082366043068391,0.6401576669427504,0.7206908447907177
8__1,Team 8,Sewing,WIP,1302.426666666667,913.9999999999997,pieces,0.6822137082146086,0.6565560583819886,0.7095100474421833,0.6415522377887906,0.7219154891998161
8__1,Team 8,Sewing,WIP,1352.5200000000002,913.9999999999997,pieces,0.6833491323513343,0.6578722912530472,0.7107775788298261,0.6428874807280607,0.7229441317767005
8__1,Team 8,Sewing,WIP,1402.6133333333335,913.9999999999997,pieces,0.6844410499144906,0.6591017430568336,0.7121477249130322,0.6441413240296473,0.7237797446905383
8__1,Team 8,Sewing,WIP,1452.706666666667,913.9999999999997,pieces,0.6854925805934596,0.6598721649139875,0.7130644206559581,0.6451292457046159,0.7246948757542212
8__1,Team 8,Sewing,WIP,1502.8000000000002,913.9999999999997,pieces,0.6865065228026009,0.6610137369105477,0.7141642699172257,0.6460955368632195,0.7257203516716486
8__1,Team 8,Sewing,Workers,7.000000000000002,56.00000000000001,workers,0.5285646016003457,0.3976501758852031,0.6583056164393098,0.33362760361463134,0.7118445057752687
8__1,Team 8,Sewing,Workers,8.700000000000003,56.00000000000001,workers,0.5428571779968309,0.422846344657945,0.6610473814160412,0.365784446443524,0.7092395503344145
8__1,Team 8,Sewing,Workers,10.400000000000002,56.00000000000001,workers,0.5549052615317386,0.4443526194304848,0.6635523190037133,0.39035190012866416,0.7070937778247679
8__1,Team 8,Sewing,Workers,12.100000000000003,56.00000000000001,workers,0.5653014986676136,0.4632186747814386,0.6664512945990755,0.4145974590102666,0.7053154648473495
8__1,Team 8,Sewing,Workers,13.800000000000004,56.00000000000001,workers,0.5744303451414126,0.4812491351308907,0.6679060577704377,0.4352766888157633,0.7050876082077989
8__1,Team 8,Sewing,Workers,15.500000000000004,56.00000000000001,workers,0.5825558465570915,0.4959836075478653,0.668033171178765,0.45304614195213483,0.7043504519254128
8__1,Team 8,Sewing,Workers,17.200000000000003,56.00000000000001,workers,0.5898673822624153,0.5088435274728832,0.6688994530162726,0.4716668371690425,0.7046329595092581
8__1,Team 8,Sewing,Workers,18.900000000000006,56.00000000000001,workers,0.5965054898273588,0.5214939273087733,0.669636659043933,0.48619179076551877,0.7017171194858447
8__1,Team 8,Sewing,Workers,20.600000000000005,56.00000000000001,workers,0.6025773751900559,0.5311616411318854,0.6704522431134539,0.49930420891730787,0.7013488518983444
8__1,Team 8,Sewing,Workers,22.300000000000004,56.00000000000001,workers,0.6081667000010643,0.5421931097035694,0.6712709809629643,0.5119830752860722,0.6993896531038257
8__1,Team 8,Sewing,Workers,24.000000000000007,56.00000000000001,workers,0.6133400125585321,0.5522128309005778,0.6723914280023576,0.5239929576339043,0.6985208964831925
8__1,Team 8,Sewing,Workers,25.700000000000003,56.00000000000001,workers,0.6181511183101346,0.5602593620346266,0.6735389658984771,0.5350673362771858,0.6990230460154565
8__1,Team 8,Sewing,Workers,27.400000000000006,56.00000000000001,workers,0.6226441361988441,0.5684611869967547,0.6740670492020816,0.5426504436867057,0.6993179606433482
8__1,Team 8,Sewing,Workers,29.10000000000001,56.00000000000001,workers,0.6268556891190248,0.5763212833010241,0.6753114562066007,0.5518990082452893,0.6981128787069787
8__1,Team 8,Sewing,Workers,30.800000000000004,56.00000000000001,workers,0.6308165076244429,0.5837113024303529,0.6765967944766259,0.5590400373664612,0.6980978494774216
8__1,Team 8,Sewing,Workers,32.50000000000001,56.00000000000001,workers,0.6345526262138876,0.5906748468345007,0.6776327388919164,0.5665722122519145,0.6975960282614543
8__1,Team 8,Sewing,Workers,34.20000000000001,56.00000000000001,workers,0.6380862905744819,0.5964647893161787,0.678819504555775,0.5752094539115415,0.6983677521716619
8__1,Team 8,Sewing,Workers,35.900000000000006,56.00000000000001,workers,0.6414366558270413,0.6019806090808152,0.6799904805785489,0.5812178446987153,0.6990805408597118
8__1,Team 8,Sewing,Workers,37.60000000000001,56.00000000000001,workers,0.644620331062311,0.6075233106016933,0.6810179324878234,0.5885021349938708,0.6996938659154999
8__1,Team 8,Sewing,Workers,39.300000000000004,56.00000000000001,workers,0.6476518090922709,0.6120634262607734,0.682800039086629,0.5944377269329562,0.6993828902785343
8__1,Team 8,Sewing,Workers,41.00000000000001,56.00000000000001,workers,0.650543809293982,0.6169029945475094,0.6841676678982547,0.598931846307196,0.6997390304758632
8__1,Team 8,Sewing,Workers,42.70000000000001,56.00000000000001,workers,0.6533075538240275,0.6214177479914762,0.6851889241277744,0.6047084110553919,0.7004727748796331
8__1,Team 8,Sewing,Workers,44.400000000000006,56.00000000000001,workers,0.6559529921635008,0.6261370052219558,0.6860436185499851,0.6102286058277773,0.7015340643215286
8__1,Team 8,Sewing,Workers,46.10000000000001,56.00000000000001,workers,0.6584889851734005,0.6299152797786514,0.6877613772480824,0.6147208131371288,0.7026593415325089
8__1,Team 8,Sewing,Workers,47.80000000000001,56.00000000000001,workers,0.6609234571146039,0.6329803712220848,0.6895814886061674,0.6185523183859913,0.7034319130880745
8__1,Team 8,Sewing,Workers,49.50000000000001,56.00000000000001,workers,0.663263522095537,0.6354589639616612,0.6915378900173023,0.6216594993600606,0.7046111555771806
8__1,Team 8,Sewing,Workers,51.20000000000001,56.00000000000001,workers,0.6655155899384047,0.6382001625622559,0.6933267218800974,0.6246649229555794,0.7060424400822981
8__1,Team 8,Sewing,Workers,52.90000000000001,56.00000000000001,workers,0.6676854553539635,0.6411674420842207,0.6951120626878351,0.6266645395827775,0.7078707277012135
8__1,Team 8,Sewing,Workers,54.60000000000001,56.00000000000001,workers,0.6697783734832524,0.6441498239017358,0.6967645275081259,0.6294639157829616,0.7092566228654997
8__1,Team 8,Sewing,Workers,56.00000000000001,56.00000000000001,workers,0.6714475674986097,0.6458344582689814,0.6985692349554874,0.6307564773371015,0.7099465740033756
8__1,Team 8,Sewing,Workers,56.30000000000001,56.00000000000001,workers,0.6717991242302451,0.6463216488703966,0.698840612501672,0.6310547040683612,0.7103922659248902
8__1,Team 8,Sewing,Workers,58.000000000000014,56.00000000000001,workers,0.6737520673211548,0.6482309812067236,0.7003959391067345,0.6333140751623832,0.7118734254590149
8__1,Team 8,Sewing,Overtime,960.0,6840.000000000002,min,0.6845010805108485,0.6589688686764051,0.7113042409282724,0.6429583951278905,0.723093232322532
8__1,Team 8,Sewing,Overtime,1273.6,6840.000000000002,min,0.6826433363068206,0.6574818833149264,0.7097939287790751,0.6415459521775386,0.7211254663920912
8__1,Team 8,Sewing,Overtime,1587.2,6840.000000000002,min,0.681191502383398,0.6561028754394077,0.7080466731401907,0.6405725612179053,0.7197120491667186
8__1,Team 8,Sewing,Overtime,1900.8000000000002,6840.000000000002,min,0.6799990084173295,0.654988601905011,0.706661189626894,0.6392252806339194,0.7187865891485354
8__1,Team 8,Sewing,Overtime,2214.4,6840.000000000002,min,0.6789867427345985,0.6539929295247608,0.7058011396201538,0.6381441369119042,0.7181472063286128
8__1,Team 8,Sewing,Overtime,2528.0,6840.000000000002,min,0.6781070904943526,0.6530888325820646,0.7048552054774776,0.6374340475353122,0.7169809602417598
8__1,Team 8,Sewing,Overtime,2841.6000000000004,6840.000000000002,min,0.6773291471645051,0.6523373899781317,0.7037172428447246,0.6367594018007209,0.7160813126196087
8__1,Team 8,Sewing,Overtime,3155.2000000000003,6840.000000000002,min,0.676631707237167,0.6515277744204387,0.7033811051119009,0.636161040392894,0.7150576974441806
8__1,Team 8,Sewing,Overtime,3468.8,6840.000000000002,min,0.6759995847383253,0.6507797183015237,0.7026053087226275,0.6356362472091512,0.7144088980997075
8__1,Team 8,Sewing,Overtime,3782.4,6840.000000000002,min,0.6754215290389738,0.6500857200269092,0.7017891859943773,0.6350174695946176,0.713979142690028
8__1,Team 8,Sewing,Overtime,4096.0,6840.000000000002,min,0.6748889716124834,0.6494036742041506,0.7013221911781637,0.6342014552325235,0.7135888473102452
8__1,Team 8,Sewing,Overtime,4409.6,6840.000000000002,min,0.6743952352893182,0.6489567698636786,0.7009030682248428,0.6342369709659977,0.7132677906958874
8__1,Team 8,Sewing,Overtime,4723.200000000001,6840.000000000002,min,0.6739350151453838,0.648610470951657,0.7005360776203421,0.6338467830719064,0.7126793364133852
8__1,Team 8,Sewing,Overtime,5036.8,6840.000000000002,min,0.6735040261848094,0.6482901749998461,0.7002774371729027,0.6334576914940282,0.7123263992900895
8__1,Team 8,Sewing,Overtime,5350.400000000001,6840.000000000002,min,0.6730987573539959,0.647834783599931,0.6999563276739283,0.6329442035605262,0.7119841828231724
8__1,Team 8,Sewing,Overtime,5664.0,6840.000000000002,min,0.6727162955489512,0.6471904262249826,0.6994932753242248,0.6324279756211211,0.7116049747076775
8__1,Team 8,Sewing,Overtime,5977.6,6840.000000000002,min,0.6723541969912961,0.6467562407196902,0.6991318373849603,0.6320806744701768,0.7111438443090853
8__1,Team 8,Sewing,Overtime,6291.200000000001,6840.000000000002,min,0.6720103914475757,0.6463135698814764,0.6989021906716905,0.6316703039117076,0.7106886397703573
8__1,Team 8,Sewing,Overtime,6604.8,6840.000000000002,min,0.6716831097123706,0.6461039829260451,0.6987139066536736,0.6311342339543351,0.7102551853443145
8__1,Team 8,Sewing,Overtime,6840.000000000002,6840.000000000002,min,0.6714475674986097,0.6458344582689814,0.6985692349554874,0.6307564773371015,0.7099465740033756
8__1,Team 8,Sewing,Overtime,6918.400000000001,6840.000000000002,min,0.6713708278855857,0.6457749063704976,0.6984742078730719,0.6306442172556233,0.7098924929720013
8__1,Team 8,Sewing,Overtime,7232.0,6840.000000000002,min,0.6710722239810941,0.645543214690487,0.6981189186393514,0.6302129264348573,0.7096820717171461
8__1,Team 8,Sewing,Overtime,7545.6,6840.000000000002,min,0.6707861437293782,0.6452508657375875,0.6978682583513759,0.6298265478496894,0.7094804981338678
8__1,Team 8,Sewing,Overtime,7859.200000000001,6840.000000000002,min,0.6705115733304287,0.6448184828865782,0.6975656779087284,0.6294557468402054,0.7092870549679413
8__1,Team 8,Sewing,Overtime,8172.8,6840.000000000002,min,0.670247617527308,0.6443939905109619,0.6972327496621121,0.6290993105685472,0.709101044652853
8__1,Team 8,Sewing,Overtime,8486.400000000001,6840.000000000002,min,0.6699934817998984,0.6441354836756092,0.6969617139062422,0.6287561627541892,0.7088623265640681
8__1,Team 8,Sewing,Overtime,8800.0,6840.000000000002,min,0.6697484577830116,0.6439312275040994,0.6967764967074342,0.628425343897978,0.7086692831605013
8__1,Team 8,Sewing,Overtime,9113.6,6840.000000000002,min,0.669511911232411,0.6437340739572495,0.6964432516184446,0.6281059949628661,0.7084853193817758
8__1,Team 8,Sewing,Overtime,9427.2,6840.000000000002,min,0.6692832720223273,0.6434983707498969,0.6961449486220541,0.6277973438105205,0.7083314754878953
8__1,Team 8,Sewing,Overtime,9740.800000000001,6840.000000000002,min,0.6690620257761835,0.6432857297994391,0.6958746691324803,0.6274987393283439,0.7081826205997165
8__1,Team 8,Sewing,Overtime,10054.400000000001,6840.000000000002,min,0.6688477068205336,0.6431205445414746,0.6956851268211321,0.6270944553556472,0.7080384399510717
8__1,Team 8,Sewing,Overtime,10368.0,6840.000000000002,min,0.66863989221873,0.6429434545105479,0.695514658230584,0.6266991862027135,0.7078986476961187
8__1,Team 8,Sewing,SMV,1.8999999999999997,29.48,,0.8150685015733526,0.7740643232773967,0.8540108387425736,0.7460212086629903,0.8701993360636363
8__1,Team 8,Sewing,SMV,2.806666666666666,29.48,,0.8015419850010845,0.7630987949541984,0.8384275976205388,0.7368068843173122,0.854661684562028
8__1,Team 8,Sewing,SMV,3.713333333333333,29.48,,0.790350546449332,0.7540643345358586,0.825272728636591,0.7305226007482833,0.841500122402917
8__1,Team 8,Sewing,SMV,4.619999999999999,29.48,,0.780754472662137,0.7458233031878558,0.8141336264614599,0.7227657305529903,0.8293022151928601
8__1,Team 8,Sewing,SMV,5.526666666666666,29.48,,0.7723258263441746,0.7383073611165168,0.8040452506580293,0.7174855253301804,0.8193037011726882
8__1,Team 8,Sewing,SMV,6.433333333333333,29.48,,0.7647928066514439,0.7319476920173243,0.7955740667440229,0.7122856854532132,0.8098773319435165
8__1,Team 8,Sewing,SMV,7.339999999999999,29.48,,0.7579710968584771,0.7265919332355744,0.7881578278124807,0.707286497236632,0.8016065507672334
8__1,Team 8,Sewing,SMV,8.246666666666666,29.48,,0.751729475416839,0.7211563397844188,0.7810264088061748,0.7028381451105276,0.7944139401106258
8__1,Team 8,Sewing,SMV,9.153333333333332,29.48,,0.7459709385965195,0.7163412530998343,0.7747770184067897,0.698140514862593,0.7877412785416552
8__1,Team 8,Sewing,SMV,10.06,29.48,,0.7406215929703235,0.7116077370053415,0.7686299047376624,0.6938827721348579,0.7818795946952454
8__1,Team 8,Sewing,SMV,10.966666666666667,29.48,,0.7356237527072096,0.7073438913662761,0.76282676351447,0.6902238736886669,0.7760755745332825
8__1,Team 8,Sewing,SMV,11.873333333333333,29.48,,0.7309314560890627,0.7035249980297221,0.7573124115856771,0.6872574397761263,0.7704718352910485
8__1,Team 8,Sewing,SMV,12.78,29.48,,0.7265074450167901,0.6996626081205497,0.7523618709603151,0.6843117621060872,0.7654740051524916
8__1,Team 8,Sewing,SMV,13.686666666666666,29.48,,0.7223210666162903,0.6958905131053458,0.7481858806348348,0.6815464827402486,0.7603561393164239
8__1,Team 8,Sewing,SMV,14.593333333333334,29.48,,0.7183467767057296,0.6923515011853194,0.7443242132387131,0.6786440416070749,0.7558512389518124
8__1,Team 8,Sewing,SMV,15.5,29.48,,0.7145630480430407,0.6885951522697634,0.740320273944384,0.6758019714237892,0.7516245094718271
8__1,Team 8,Sewing,SMV,16.406666666666666,29.48,,0.7109515579644013,0.6852153869814955,0.7363703301484972,0.6721913696687907,0.7478727884816595
8__1,Team 8,Sewing,SMV,17.313333333333333,29.48,,0.7074965732972188,0.6820859800037695,0.7330030936141485,0.6691120242272419,0.7442595533181111
8__1,Team 8,Sewing,SMV,18.22,29.48,,0.7041844773882537,0.6788268694376541,0.7296268631771423,0.6664953046715827,0.7407276934465306
8__1,Team 8,Sewing,SMV,19.126666666666665,29.48,,0.7010034013537245,0.6753321037031151,0.7263610754703149,0.6637960100523055,0.7368284783425946
8__1,Team 8,Sewing,SMV,20.03333333333333,29.48,,0.6979429329931578,0.6729083051338068,0.7233247270977919,0.660433659494438,0.7338201680799904
8__1,Team 8,Sewing,SMV,20.939999999999998,29.48,,0.6949938844157557,0.6699795068291409,0.7201268760354436,0.6569699415265978,0.7315880790936451
8__1,Team 8,Sewing,SMV,21.846666666666664,29.48,,0.6921481046350056,0.6673138566584528,0.7175518050049209,0.6543364580894366,0.7291327187987546
8__1,Team 8,Sewing,SMV,22.75333333333333,29.48,,0.6893983270158822,0.6648816273212457,0.7151364501741442,0.6516388320058196,0.7267997085513912
8__1,Team 8,Sewing,SMV,23.659999999999997,29.48,,0.6867380440291413,0.6623113642304667,0.7127818908043881,0.6484896327911529,0.7243663076141503
8__1,Team 8,Sewing,SMV,24.566666666666663,29.48,,0.6841614036147762,0.6596522405330812,0.710066958041432,0.6453238055374342,0.7224129459377987
8__1,Team 8,Sewing,SMV,25.47333333333333,29.48,,0.6816631228031496,0.6568968845226952,0.7076757666165286,0.6420723511066734,0.7200726185771613
8__1,Team 8,Sewing,SMV,26.38,29.48,,0.6792384152357822,0.6543716851244649,0.7052624235679671,0.6399205682796738,0.7174095597961903
8__1,Team 8,Sewing,SMV,27.286666666666665,29.48,,0.6768829299694676,0.6521526090457992,0.7032281646795512,0.6373775414860579,0.7147132297448905
8__1,Team 8,Sewing,SMV,28.19333333333333,29.48,,0.6745926995068683,0.6494678073612128,0.7012925639182835,0.6343342722421168,0.712788345617422
8__1,Team 8,Sewing,SMV,29.099999999999998,29.48,,0.6723640954232395,0.6468671177107087,0.6994130243561725,0.6319549420424607,0.7107297599556349
8__1,Team 8,Sewing,SMV,29.48,29.48,,0.6714475674986097,0.6458344582689814,0.6985692349554874,0.6307564773371015,0.7099465740033756
8__1,Team 8,Sewing,Style Changes,0.0,1.0,,0.6556348425269513,0.6282498411261709,0.6823567370870189,0.6129215722564773,0.696941826608382
8__1,Team 8,Sewing,Style Changes,1.0,1.0,,0.6714475674986097,0.6458344582689814,0.6985692349554874,0.6307564773371015,0.7099465740033756
8__1,Team 8,Sewing,Style Changes,2.0,1.0,,0.6867596340247052,0.6583296727245738,0.716229238136237,0.6406913265910993,0.7312830490745261
9__0,Team 9,Finishing,Incentive,0.0,0.0,BDT,0.8161528147777919,0.7876154445253447,0.8436484063599309,0.7705326717417309,0.85665578587104
9__0,Team 9,Finishing,Incentive,2.9333333333333327,0.0,BDT,0.7790630799078334,0.714025033858101,0.8410147129135639,0.666198833900099,0.8627380352595789
9__0,Team 9,Finishing,Incentive,5.866666666666665,0.0,BDT,0.7658297238195699,0.6903052887549073,0.835763907406963,0.6402079030580607,0.8600655644690937
9__0,Team 9,Finishing,Incentive,8.799999999999997,0.0,BDT,0.757094941425608,0.6749619354127028,0.8315028531743552,0.6229286415445667,0.8585763365055263
9__0,Team 9,Finishing,Incentive,11.73333333333333,0.0,BDT,0.7505274540959241,0.6625793470542354,0.8290292042265482,0.6091712669700606,0.8572217483012946
9__0,Team 9,Finishing,Incentive,14.666666666666664,0.0,BDT,0.7452474060115085,0.6539772785642508,0.8268781959532778,0.5990313893630972,0.8562209451393453
9__0,Team 9,Finishing,Incentive,17.599999999999994,0.0,BDT,0.7408240260994345,0.6472805189708988,0.8246431477877837,0.5898873977487743,0.8557332569281518
9__0,Team 9,Finishing,Incentive,20.533333333333328,0.0,BDT,0.737013274611815,0.6401445185719001,0.8231227880149309,0.5812567413934709,0.854717908171741
9__0,Team 9,Finishing,Incentive,23.46666666666666,0.0,BDT,0.7350118119293337,0.6360348955535519,0.8247476552811938,0.5754269737473761,0.8554898310764266
9__0,Team 9,Finishing,Incentive,26.399999999999995,0.0,BDT,0.7393801217181981,0.6406214355936631,0.831070771484381,0.5762404801124726,0.8589535479629086
9__0,Team 9,Finishing,Incentive,29.33333333333333,0.0,BDT,0.7430966189102806,0.6420351647909078,0.8348617210836383,0.5817858136667181,0.8627511094378527
9__0,Team 9,Finishing,Incentive,32.26666666666666,0.0,BDT,0.7469604425930797,0.6462157106040997,0.8382051480589217,0.5832477163517628,0.8661351559267748
9__0,Team 9,Finishing,Incentive,35.19999999999999,0.0,BDT,0.7513783496441573,0.6496768857192715,0.8424647347624629,0.5884338884567383,0.8707138502282395
9__0,Team 9,Finishing,Incentive,38.133333333333326,0.0,BDT,0.7565371110450589,0.6553914170626334,0.8477913310262927,0.594032284073245,0.8757150918895923
9__0,Team 9,Finishing,Incentive,41.066666666666656,0.0,BDT,0.7624954518943352,0.6609038222753697,0.853250563201875,0.5995043046284674,0.8799624758667641
9__0,Team 9,Finishing,Incentive,43.99999999999999,0.0,BDT,0.7692360675713867,0.6683470126545958,0.8584662003481212,0.6076626468466141,0.8858276947436639
9__0,Team 9,Finishing,Incentive,46.93333333333332,0.0,BDT,0.7766964946195319,0.6774301571831394,0.864184873692132,0.6157726552123085,0.8915652102460957
9__0,Team 9,Finishing,Incentive,49.86666666666665,0.0,BDT,0.7847881697864753,0.6862186605069334,0.8703919077410222,0.625175746392944,0.897276264531034
9__0,Team 9,Finishing,Incentive,52.79999999999999,0.0,BDT,0.7934085981880429,0.6973015761789642,0.8772414822676805,0.635780819109621,0.9030842981897944
9__0,Team 9,Finishing,Incentive,55.73333333333332,0.0,BDT,0.8024493510528744,0.7085698375270353,0.8841273440280212,0.6477556758432373,0.9089769226905635
9__0,Team 9,Finishing,Incentive,58.66666666666666,0.0,BDT,0.8118014528483021,0.7199157880783643,0.8910772276401342,0.6601925413097501,0.9148819699668268
9__0,Team 9,Finishing,Incentive,61.59999999999999,0.0,BDT,0.8213590763591848,0.7315465368793723,0.8979873693430491,0.6735365082913742,0.9207509229639134
9__0,Team 9,Finishing,Incentive,64.53333333333332,0.0,BDT,0.8309984408981088,0.7436820548219222,0.9049003716576967,0.6870307509759225,0.9264956873137511
9__0,Team 9,Finishing,Incentive,67.46666666666665,0.0,BDT,0.8405348400503717,0.7563036355863608,0.9115478174546361,0.7005506415460575,0.9319210076006812
9__0,Team 9,Finishing,Incentive,69.5,0.0,BDT,0.8470033032524418,0.7646589704778121,0.9158133346477352,0.708890529930486,0.9351189838795804
9__0,Team 9,Finishing,Incentive,70.39999999999998,0.0,BDT,0.8498172458921012,0.7686513105889584,0.9176271217671458,0.7128160647079884,0.9364952052045851
9__0,Team 9,Finishing,Incentive,73.33333333333331,0.0,BDT,0.8587413512779898,0.7812894876459999,0.9235849057225762,0.7256113627447025,0.9415554736125876
9__0,Team 9,Finishing,Incentive,76.26666666666665,0.0,BDT,0.8672391832003338,0.7933064522567208,0.9289908838238076,0.7380978791554539,0.9462616180762885
9__0,Team 9,Finishing,Incentive,79.19999999999999,0.0,BDT,0.8752706084231915,0.8042496890600127,0.9342839144881923,0.7502363019711237,0.9502377265648195
9__0,Team 9,Finishing,Incentive,82.13333333333331,0.0,BDT,0.8828164670491302,0.8145291373801329,0.9391433253619917,0.7645787451077996,0.9542591349114946
9__0,Team 9,Finishing,Incentive,85.06666666666665,0.0,BDT,0.8898730865837213,0.824594933915831,0.9437047178631476,0.7785932290749579,0.9579169644954956
9__0,Team 9,Finishing,Incentive,87.99999999999999,0.0,BDT,0.8964479508749857,0.834151657266371,0.9478340588001464,0.7898058898417127,0.9610910175634559
9__0,Team 9,Finishing,WIP,0.0,0.0,pieces,0.6547810013294469,0.5030631606404621,0.7943103411869786,0.4052323673075078,0.8465245691043547
9__0,Team 9,Finishing,WIP,50.09333333333334,0.0,pieces,0.734570021171476,0.605946505621662,0.8467426211698074,0.5141857924619918,0.8887885033736643
9__0,Team 9,Finishing,WIP,100.18666666666668,0.0,pieces,0.7467633925578124,0.6130229142740065,0.857809437212074,0.5233731950134007,0.8976348859072096
9__0,Team 9,Finishing,WIP,150.28000000000003,0.0,pieces,0.7536834230890003,0.6210785246916826,0.8637427964352528,0.5351779636092994,0.903889138941218
9__0,Team 9,Finishing,WIP,200.37333333333336,0.0,pieces,0.7584882366782648,0.625116303955938,0.8678966527942527,0.538864619022069,0.9068810904669775
9__0,Team 9,Finishing,WIP,250.4666666666667,0.0,pieces,0.7621527158484935,0.6277906046386561,0.8713474960181599,0.5423548310456311,0.9098114369334177
9__0,Team 9,Finishing,WIP,300.56000000000006,0.0,pieces,0.7651054844680688,0.6304742412395865,0.8745456453732676,0.5445036593917281,0.9117970814491891
9__0,Team 9,Finishing,WIP,350.65333333333336,0.0,pieces,0.7675726546323193,0.6335845863267271,0.8761740082571734,0.5466906127729028,0.9135673082259562
9__0,Team 9,Finishing,WIP,400.7466666666667,0.0,pieces,0.7696878940861442,0.6350803304119411,0.8779763580918319,0.5481572138532955,0.9148087108340685
9__0,Team 9,Finishing,WIP,450.8400000000001,0.0,pieces,0.7715366846918191,0.6377196412644776,0.8802143044623774,0.5494468562253291,0.9164728957563435
9__0,Team 9,Finishing,WIP,500.9333333333334,0.0,pieces,0.7731769449067685,0.6399276089346203,0.8820100310311622,0.5502631393421211,0.9179063973095667
9__0,Team 9,Finishing,WIP,551.0266666666668,0.0,pieces,0.7746496976367727,0.641859893415726,0.8830133885050451,0.5510014714939241,0.919181680741133
9__0,Team 9,Finishing,WIP,601.1200000000001,0.0,pieces,0.7759850391771868,0.6428550186991451,0.8843036853910732,0.5496803318970044,0.9206228430580663
9__0,Team 9,Finishing,WIP,651.2133333333335,0.0,pieces,0.777205690181091,0.6444556307646417,0.8857024853078476,0.5496060148257729,0.9219364623684637
9__0,Team 9,Finishing,WIP,701.3066666666667,0.0,pieces,0.7783292149905866,0.6449988415792633,0.8869402926972046,0.552869191606927,0.92265016980688
9__0,Team 9,Finishing,WIP,751.4000000000001,0.0,pieces,0.7793694661929703,0.6455103595994608,0.8880563180903329,0.5534033704636107,0.9233027736585274
9__0,Team 9,Finishing,WIP,801.4933333333335,0.0,pieces,0.7803375574404836,0.64648923244441,0.8885545020916692,0.5539029937497909,0.9239675639382361
9__0,Team 9,Finishing,WIP,851.5866666666668,0.0,pieces,0.7812425378431899,0.6474212238841018,0.8890619803766624,0.5543722547288529,0.9247150415458144
9__0,Team 9,Finishing,WIP,901.6800000000002,0.0,pieces,0.782091871301383,0.6478174072302918,0.8899630903110256,0.5548200572190841,0.9252627030756657
9__0,Team 9,Finishing,WIP,951.7733333333334,0.0,pieces,0.782891784686695,0.6483167070521682,0.8909133316000565,0.5552556817717532,0.9257303743887231
9__0,Team 9,Finishing,WIP,1001.8666666666668,0.0,pieces,0.7836475256381839,0.6489543766893728,0.8916262820999955,0.5556688990771919,0.9263345496837782
9__0,Team 9,Finishing,WIP,1051.9600000000003,0.0,pieces,0.7843635566977297,0.6497188139384902,0.8923679362862097,0.5560618976823178,0.9269691229142721
9__0,Team 9,Finishing,WIP,1102.0533333333335,0.0,pieces,0.7850437037324713,0.6504533022711964,0.8930841352916867,0.5564365605343926,0.927569531943678
9__0,Team 9,Finishing,WIP,1152.1466666666668,0.0,pieces,0.7856912709594662,0.6511099935164996,0.8937646074735803,0.5568002197917137,0.9281390413073276
9__0,Team 9,Finishing,WIP,1202.2400000000002,0.0,pieces,0.7863091311875351,0.6510598346112221,0.8944125690918152,0.557154312046388,0.9286804786953196
9__0,Team 9,Finishing,WIP,1252.3333333333335,0.0,pieces,0.7868997974083212,0.6515322912041482,0.8949811864676275,0.557493897463578,0.9291963087801599
9__0,Team 9,Finishing,WIP,1302.426666666667,0.0,pieces,0.7874654801705098,0.6521964571171456,0.8954991761386055,0.5578201152631393,0.9296886921710867
9__0,Team 9,Finishing,WIP,1352.5200000000002,0.0,pieces,0.7880081339897154,0.6528614645147943,0.896081722907879,0.5586409952210711,0.930159532938113
9__0,Team 9,Finishing,WIP,1402.6133333333335,0.0,pieces,0.7885294952112865,0.6535017351699196,0.8965743745610388,0.558404579058019,0.9306105172558715
9__0,Team 9,Finishing,WIP,1452.706666666667,0.0,pieces,0.7890311131443636,0.6542538271942291,0.8971788718390878,0.5586321746554201,0.931043145079091
9__0,Team 9,Finishing,WIP,1502.8000000000002,0.0,pieces,0.7895143758501839,0.6548093277658869,0.8977599227408614,0.5585162769475092,0.9314480428193186
9__0,Team 9,Finishing,Workers,7.000000000000002,14.0,workers,0.7491328424749348,0.7200696838939142,0.7779554622900026,0.7023470637326328,0.7935084851107629
9__0,Team 9,Finishing,Workers,8.700000000000003,14.0,workers,0.7713574984649194,0.7447373847672565,0.7986235298131688,0.7281333603605594,0.8127381182934815
9__0,Team 9,Finishing,Workers,10.400000000000002,14.0,workers,0.7888410594026419,0.7620857003181442,0.8161425606537717,0.7453396182891128,0.8301253144922672
9__0,Team 9,Finishing,Workers,12.100000000000003,14.0,workers,0.8030503283422612,0.7749909260506469,0.8301350037610925,0.7594972201294876,0.8432620884116309
9__0,Team 9,Finishing,Workers,13.800000000000004,14.0,workers,0.814886733113301,0.7862894243394116,0.8424542079209261,0.7694560104144808,0.8554693038900791
9__0,Team 9,Finishing,Workers,14.0,14.0,workers,0.8161528147777919,0.7876154445253447,0.8436484063599309,0.7705326717417309,0.85665578587104
9__0,Team 9,Finishing,Workers,15.500000000000004,14.0,workers,0.8249390408375649,0.7958417111425085,0.8529090714741125,0.7795684700918545,0.8653266549826693
9__0,Team 9,Finishing,Workers,17.200000000000003,14.0,workers,0.8336102980425706,0.8046091027409643,0.861964378796573,0.7880433138630653,0.8741320687228885
9__0,Team 9,Finishing,Workers,18.900000000000006,14.0,workers,0.8411869323581784,0.8120062685062911,0.8698753335957435,0.7957129470615929,0.8815078275199444
9__0,Team 9,Finishing,Workers,20.600000000000005,14.0,workers,0.8478788097812416,0.8182271936175609,0.876845291086784,0.8018807625549451,0.8887186299473641
9__0,Team 9,Finishing,Workers,22.300000000000004,14.0,workers,0.8538436619626466,0.8235728748030564,0.8830372805082656,0.8062137189393853,0.8943719608023131
9__0,Team 9,Finishing,Workers,24.000000000000007,14.0,workers,0.8592026177321801,0.8284117063179948,0.8881313740565595,0.8106183972138963,0.90038981249458
9__0,Team 9,Finishing,Workers,25.700000000000003,14.0,workers,0.8640504312084778,0.8330967789365024,0.8929677516980706,0.8152654306476436,0.9056182760203205
9__0,Team 9,Finishing,Workers,27.400000000000006,14.0,workers,0.8684624220426923,0.8375512521400363,0.8977199502938595,0.8190507862356653,0.9098203268949028
9__0,Team 9,Finishing,Workers,29.10000000000001,14.0,workers,0.8724993079852239,0.8412885709526975,0.9019706673122929,0.8225745835459527,0.9140330535775874
9__0,Team 9,Finishing,Workers,30.800000000000004,14.0,workers,0.876210646610845,0.8447565378630371,0.9055376038295416,0.8259886386190141,0.9176624568018403
9__0,Team 9,Finishing,Workers,32.50000000000001,14.0,workers,0.8796373356715871,0.8479147466729177,0.909180441681725,0.8293553058225455,0.9207898576422322
9__0,Team 9,Finishing,Workers,34.20000000000001,14.0,workers,0.8828134618746529,0.8513037566508522,0.912509745453752,0.8324046060092913,0.9236474049348343
9__0,Team 9,Finishing,Workers,35.900000000000006,14.0,workers,0.8857676896012253,0.8539909502719241,0.9152826785043839,0.8355283949035048,0.9266737663363265
9__0,Team 9,Finishing,Workers,37.60000000000001,14.0,workers,0.888524318946077,0.8563070737665742,0.9178643899892823,0.8377960190982866,0.9294374470849269
9__0,Team 9,Finishing,Workers,39.300000000000004,14.0,workers,0.891104102223265,0.8588227047975301,0.9202921463262639,0.8403361860650883,0.9318841540658522
9__0,Team 9,Finishing,Workers,41.00000000000001,14.0,workers,0.8935248814646157,0.8610616552051327,0.922641162694073,0.8427661380529469,0.9337852401271892
9__0,Team 9,Finishing,Workers,42.70000000000001,14.0,workers,0.8958020914815743,0.8633667513253088,0.9247820780337211,0.8450163169840461,0.9358965112879103
9__0,Team 9,Finishing,Workers,44.400000000000006,14.0,workers,0.8979491607330723,0.8651866549120175,0.9269966355817223,0.8473297935936128,0.9379377900655764
9__0,Team 9,Finishing,Workers,46.10000000000001,14.0,workers,0.8999778336403403,0.8672036557734406,0.929057465698147,0.8494062517523548,0.939828413308198
9__0,Team 9,Finishing,Workers,47.80000000000001,14.0,workers,0.901898431899035,0.8690816766527943,0.9307669735054929,0.8512112549514015,0.9414370474029595
9__0,Team 9,Finishing,Workers,49.50000000000001,14.0,workers,0.9037200679671742,0.871124946130078,0.9325477544949554,0.8530809314872373,0.9429524941519167
9__0,Team 9,Finishing,Workers,51.20000000000001,14.0,workers,0.905450820729766,0.8730503315156803,0.9342411509110344,0.8548701967172478,0.9444456888822155
9__0,Team 9,Finishing,Workers,52.90000000000001,14.0,workers,0.9070978810045849,0.8747135786041866,0.9357588569407673,0.8565873027588974,0.9460375358869525
9__0,Team 9,Finishing,Workers,54.60000000000001,14.0,workers,0.9086676728166703,0.8764458506167901,0.9371816963731128,0.8582377787646884,0.9475243789242078
9__0,Team 9,Finishing,Workers,56.30000000000001,14.0,workers,0.9101659550651686,0.8779211680088774,0.9384691913814471,0.8598234103238755,0.9489179834429592
9__0,Team 9,Finishing,Workers,58.000000000000014,14.0,workers,0.9115979072179246,0.879652164023881,0.9397985767975776,0.8613484962357016,0.9501019406796583
9__0,Team 9,Finishing,Overtime,960.0,1800.0,min,0.8189992288715381,0.7910977296166135,0.8466835946731136,0.7740938342292779,0.859033629377994
9__0,Team 9,Finishing,Overtime,1273.6,1800.0,min,0.8177245054612836,0.7890887197966661,0.8454588267763826,0.7721627821938872,0.8579824258919665
9__0,Team 9,Finishing,Overtime,1587.2,1800.0,min,0.8167259035115711,0.7882216529246052,0.8443810928927625,0.7708105905867242,0.8572045643619627
9__0,Team 9,Finishing,Overtime,1800.0,1800.0,min,0.8161528147777919,0.7876154445253447,0.8436484063599309,0.7705326717417309,0.85665578587104
9__0,Team 9,Finishing,Overtime,1900.8000000000002,1800.0,min,0.8159040979370807,0.7873631614968529,0.8433671198719036,0.770456602359972,0.8564175641547481
9__0,Team 9,Finishing,Overtime,2214.4,1800.0,min,0.8152053716841628,0.7862878819057928,0.8429806889392469,0.7702432938096528,0.8558320067027749
9__0,Team 9,Finishing,Overtime,2528.0,1800.0,min,0.8145973417333053,0.7858767754235636,0.8426833130665246,0.7700581440963767,0.8554362743078655
9__0,Team 9,Finishing,Overtime,2841.6000000000004,1800.0,min,0.8140589608547679,0.7855440745807434,0.8423397835636013,0.7698958453580776,0.8548015890398923
9__0,Team 9,Finishing,Overtime,3155.2000000000003,1800.0,min,0.8135757699176128,0.7852431091203271,0.8417702059745371,0.7697510621645491,0.8541821761827466
9__0,Team 9,Finishing,Overtime,3468.8,1800.0,min,0.8131374032362612,0.7846338202874262,0.8414289762748584,0.7694015479455916,0.8537542554916056
9__0,Team 9,Finishing,Overtime,3782.4,1800.0,min,0.8127361739772436,0.7840935557354736,0.8409877675848624,0.768852200648005,0.8533642695627887
9__0,Team 9,Finishing,Overtime,4096.0,1800.0,min,0.8123662227252647,0.7839367472122775,0.8406893971829273,0.7683458150711127,0.8530039431379881
9__0,Team 9,Finishing,Overtime,4409.6,1800.0,min,0.8120229797914746,0.7836010262428545,0.8404611132141481,0.7678761051689024,0.8526695534065744
9__0,Team 9,Finishing,Overtime,4723.200000000001,1800.0,min,0.8117028119445725,0.7832940737713211,0.8400599393697561,0.7674380743035923,0.8523575769729375
9__0,Team 9,Finishing,Overtime,5036.8,1800.0,min,0.811402782472899,0.7828547664327029,0.8397834843954315,0.7670276846498827,0.8520651653105102
9__0,Team 9,Finishing,Overtime,5350.400000000001,1800.0,min,0.811120483546479,0.7825538278439926,0.8395145589136227,0.766641626269293,0.8517899824379479
9__0,Team 9,Finishing,Overtime,5664.0,1800.0,min,0.8108539162026166,0.7823503469910048,0.8392755749134028,0.7662052256977107,0.8515300886864623
9__0,Team 9,Finishing,Overtime,5977.6,1800.0,min,0.8106014025810818,0.7821570674001973,0.8390492060586392,0.7657701859797785,0.8512838556850185
9__0,Team 9,Finishing,Overtime,6291.200000000001,1800.0,min,0.8103615205327596,0.7819501326720842,0.8388263632766401,0.7653568712639713,0.8510499030070289
9__0,Team 9,Finishing,Overtime,6604.8,1800.0,min,0.81013305408465,0.7817618788913093,0.8385928459915445,0.7649631922654166,0.8508270501714355
9__0,Team 9,Finishing,Overtime,6918.400000000001,1800.0,min,0.8099149553575354,0.7814923758196001,0.8383108308784287,0.7645873483183145,0.8505887430748632
9__0,Team 9,Finishing,Overtime,7232.0,1800.0,min,0.809706314897035,0.7812385083638622,0.8380286408514199,0.7642277764610381,0.850415450282106
9__0,Team 9,Finishing,Overtime,7545.6,1800.0,min,0.8095063382804248,0.780999618670502,0.8378218678398636,0.7639080297182665,0.8502243595456326
9__0,Team 9,Finishing,Overtime,7859.200000000001,1800.0,min,0.8093143274697993,0.7807702807896136,0.8376304013987321,0.7636993040727782,0.850040860367252
9__0,Team 9,Finishing,Overtime,8172.8,1800.0,min,0.8091296658002117,0.7805531686000964,0.8374233201424772,0.763358011652098,0.8498643657910526
9__0,Team 9,Finishing,Overtime,8486.400000000001,1800.0,min,0.8089518057838413,0.7803995540316089,0.8373294730772015,0.763029249786942,0.8496943546523842
9__0,Team 9,Finishing,Overtime,8800.0,1800.0,min,0.8087802591187471,0.7802529131687583,0.8372727042231684,0.7627121204823661,0.8495303620812322
9__0,Team 9,Finishing,Overtime,9113.6,1800.0,min,0.808614588440387,0.7800895788922559,0.8372138338955576,0.7625250546155993,0.8493719716612984
9__0,Team 9,Finishing,Overtime,9427.2,1800.0,min,0.808454400463123,0.7797945843892236,0.8371529463289831,0.7623949252351359,0.8492188089098007
9__0,Team 9,Finishing,Overtime,9740.800000000001,1800.0,min,0.808299340239648,0.7795938144559199,0.8369993228617892,0.7622719560497947,0.8490705358195431
9__0,Team 9,Finishing,Overtime,10054.400000000001,1800.0,min,0.8081490863263991,0.7794001867871723,0.8368277531170865,0.7621530685391459,0.8489268462619717
9__0,Team 9,Finishing,Overtime,10368.0,1800.0,min,0.808003346688516,0.7792136231314966,0.8366443490215939,0.7620377934255423,0.84881547659384
9__0,Team 9,Finishing,SMV,1.8999999999999997,1.8999999999999997,,0.8161528147777919,0.7876154445253447,0.8436484063599309,0.7705326717417309,0.85665578587104
9__0,Team 9,Finishing,SMV,2.806666666666666,1.8999999999999997,,0.8022754444819205,0.7738423140972063,0.8311130525797147,0.7557593280470325,0.8450094021930556
9__0,Team 9,Finishing,SMV,3.713333333333333,1.8999999999999997,,0.7908011437824669,0.7614832542563612,0.8215344060827678,0.7406485446862954,0.8358417873003683
9__0,Team 9,Finishing,SMV,4.619999999999999,1.8999999999999997,,0.7809702046287806,0.7499234921199459,0.8139898035508483,0.7296464043129273,0.8280557493906932
9__0,Team 9,Finishing,SMV,5.526666666666666,1.8999999999999997,,0.7723424530898158,0.7395111143169992,0.806201650010123,0.7203020764175929,0.8221653626896003
9__0,Team 9,Finishing,SMV,6.433333333333333,1.8999999999999997,,0.7646380136839986,0.730195440164975,0.7994781102658354,0.709204056601178,0.8169292445363159
9__0,Team 9,Finishing,SMV,7.339999999999999,1.8999999999999997,,0.7576669442610527,0.7213460931711281,0.7945721619726218,0.6999980567915856,0.8130653719230523
9__0,Team 9,Finishing,SMV,8.246666666666666,1.8999999999999997,,0.7512939397891788,0.7130640117262618,0.7888706902493704,0.6905389354005245,0.8086770225114445
9__0,Team 9,Finishing,SMV,9.153333333333332,1.8999999999999997,,0.7454189352068028,0.705404057007698,0.7845026672163657,0.6835621392942918,0.8062117813149416
9__0,Team 9,Finishing,SMV,10.06,1.8999999999999997,,0.7399656815542188,0.69818677714629,0.7808995129557301,0.6755708623274073,0.80324348532717
9__0,Team 9,Finishing,SMV,10.966666666666667,1.8999999999999997,,0.7348746412342455,0.6911565844805174,0.7774068238070025,0.6678112956515966,0.7993791408617695
9__0,Team 9,Finishing,SMV,11.873333333333333,1.8999999999999997,,0.7300983703328819,0.684647608341949,0.7737944636409938,0.6602344586693522,0.7966905444066824
9__0,Team 9,Finishing,SMV,12.78,1.8999999999999997,,0.7255984060226548,0.6788570216780897,0.7705532139319371,0.6527142175421409,0.7940815084660264
9__0,Team 9,Finishing,SMV,13.686666666666666,1.8999999999999997,,0.7213431031801131,0.6733947484942546,0.7673258474564773,0.6464283943352108,0.7922477286491482
9__0,Team 9,Finishing,SMV,14.593333333333334,1.8999999999999997,,0.7173060908939279,0.6679537342647995,0.7645215420880882,0.6402766562721878,0.7904966995800984
9__0,Team 9,Finishing,SMV,15.5,1.8999999999999997,,0.7134651460737317,0.6631699135279604,0.761487322955108,0.6346246311784615,0.7879742790942053
9__0,Team 9,Finishing,SMV,16.406666666666666,1.8999999999999997,,0.7098013550721186,0.6586810779776945,0.7586345183095637,0.629318461951558,0.7856326374871789
9__0,Team 9,Finishing,SMV,17.313333333333333,1.8999999999999997,,0.7062984787425495,0.6542186241850041,0.7566452263449048,0.6241064429712042,0.7840015285873724
9__0,Team 9,Finishing,SMV,18.22,1.8999999999999997,,0.7029424640976436,0.6494304783962523,0.7540559939641202,0.6191858896850109,0.7824401622540375
9__0,Team 9,Finishing,SMV,19.126666666666665,1.8999999999999997,,0.6997210635088642,0.6454583387791805,0.7519010302790509,0.614275771119128,0.7809295052669293
9__0,Team 9,Finishing,SMV,20.03333333333333,1.8999999999999997,,0.6966235340633499,0.6412032413344444,0.7499706118418357,0.6093652809159048,0.7794783873435402
9__0,Team 9,Finishing,SMV,20.939999999999998,1.8999999999999997,,0.693640397531373,0.6372722634103474,0.7481057762706823,0.6046528629153063,0.7780820750936304
9__0,Team 9,Finishing,SMV,21.846666666666664,1.8999999999999997,,0.6907632467647244,0.6335966780802043,0.746264024038483,0.6001012471683335,0.7765651672748214
9__0,Team 9,Finishing,SMV,22.75333333333333,1.8999999999999997,,0.6879845880873753,0.6301289693389851,0.7444856132452197,0.5957104621669526,0.7749477055045096
9__0,Team 9,Finishing,SMV,23.659999999999997,1.8999999999999997,,0.6852977118902743,0.626396999663063,0.7425201733273096,0.5914742064664005,0.7733830203410483
9__0,Team 9,Finishing,SMV,24.566666666666663,1.8999999999999997,,0.6826965855480827,0.6228790891587602,0.7408558215779654,0.5873819282603829,0.7718675829356334
9__0,Team 9,Finishing,SMV,25.47333333333333,1.8999999999999997,,0.6801757641647069,0.6196037631043216,0.7395488294826261,0.5834208028572425,0.7703932124388005
9__0,Team 9,Finishing,SMV,26.38,1.8999999999999997,,0.6777303156799066,0.6162756842329754,0.7379878200207497,0.5793511574173348,0.768951863442413
9__0,Team 9,Finishing,SMV,27.286666666666665,1.8999999999999997,,0.6753557576346606,0.6134416577370835,0.7361546179917806,0.5754368179954714,0.7675514695450006
9__0,Team 9,Finishing,SMV,28.19333333333333,1.8999999999999997,,0.6730480034707077,0.6102404827886874,0.7344513108282198,0.5718225140203193,0.7661896382394465
9__0,Team 9,Finishing,SMV,29.099999999999998,1.8999999999999997,,0.6708033166798925,0.6072901329761368,0.7329809214769153,0.5678583601130898,0.7648641852046507
9__0,Team 9,Finishing,Style Changes,0.0,0.0,,0.8161528147777919,0.7876154445253447,0.8436484063599309,0.7705326717417309,0.85665578587104
9__0,Team 9,Finishing,Style Changes,1.0,0.0,,0.8264548064138872,0.7980917878280014,0.8538149331462384,0.7832744209603776,0.8656806375624478
9__0,Team 9,Finishing,Style Changes,2.0,0.0,,0.8361491562742055,0.8061757733831137,0.8648723945004422,0.7891545136829179,0.8765238000562038
9__1,Team 9,Sewing,Incentive,0.0,45.0,BDT,0.6059832112540905,0.5716780788464603,0.6394453507757771,0.55235168324792,0.6599530664890745
9__1,Team 9,Sewing,Incentive,2.9333333333333327,45.0,BDT,0.6171329955183925,0.5752406702986029,0.6578912969250991,0.5518930460402962,0.6763946475401671
9__1,Team 9,Sewing,Incentive,5.866666666666665,45.0,BDT,0.6250628878889342,0.5867355216009533,0.6620477718496631,0.565541219012628,0.6802789031297519
9__1,Team 9,Sewing,Incentive,8.799999999999997,45.0,BDT,0.6300881157124403,0.5929264468674509,0.6653908174477916,0.5745439625972888,0.682330641748454
9__1,Team 9,Sewing,Incentive,11.73333333333333,45.0,BDT,0.6337676615383628,0.598305621726831,0.6676974391598385,0.5796371263038618,0.6844880976279603
9__1,Team 9,Sewing,Incentive,14.666666666666664,45.0,BDT,0.6366686573265191,0.6024550183700216,0.669965704895552,0.5825854288547633,0.6863210905211965
9__1,Team 9,Sewing,Incentive,17.599999999999994,45.0,BDT,0.6390618376570469,0.605722014505375,0.6718965582437487,0.5858709260710302,0.6878686274125632
9__1,Team 9,Sewing,Incentive,20.533333333333328,45.0,BDT,0.6410976344579544,0.6075041802198835,0.673382163457894,0.5895287335434042,0.6887507412257482
9__1,Team 9,Sewing,Incentive,23.46666666666666,45.0,BDT,0.6445057451699847,0.6122726633990261,0.6754869488311033,0.5950469458552069,0.6904073919754307
9__1,Team 9,Sewing,Incentive,26.399999999999995,45.0,BDT,0.654974851180686,0.6272847921503758,0.6825903302731665,0.6115757449272938,0.6967193079943932
9__1,Team 9,Sewing,Incentive,29.33333333333333,45.0,BDT,0.6640778737519302,0.637739875677309,0.6891855291095753,0.6232350940082315,0.7024382740606743
9__1,Team 9,Sewing,Incentive,32.26666666666666,45.0,BDT,0.6728758314011224,0.6476616285297017,0.6970226225393221,0.6328733288195224,0.7087822798821094
9__1,Team 9,Sewing,Incentive,35.19999999999999,45.0,BDT,0.681931521740554,0.657044647437312,0.7056388597612284,0.6441767080354118,0.7166598816331745
9__1,Team 9,Sewing,Incentive,38.133333333333326,45.0,BDT,0.6915245451073505,0.6674003508610419,0.7148991962315141,0.6539441620238892,0.7260280753600864
9__1,Team 9,Sewing,Incentive,41.066666666666656,45.0,BDT,0.7017678033490998,0.6777236822100908,0.7246173337714092,0.6657868747797524,0.7361946184347327
9__1,Team 9,Sewing,Incentive,43.99999999999999,45.0,BDT,0.7126737296262784,0.6893156366000797,0.7350571261420754,0.6773239781462562,0.7465654880610426
9__1,Team 9,Sewing,Incentive,45.0,45.0,BDT,0.7165356967866578,0.693400033766681,0.7387952236007432,0.6816535717007186,0.7501987176281785
9__1,Team 9,Sewing,Incentive,46.93333333333332,45.0,BDT,0.7241936137059489,0.7015686096799859,0.7457407747745552,0.6900018198734615,0.757591857341896
9__1,Team 9,Sewing,Incentive,49.86666666666665,45.0,BDT,0.736241923351088,0.7142166354094858,0.7573460201054729,0.702217852945915,0.768924575574283
9__1,Team 9,Sewing,Incentive,52.79999999999999,45.0,BDT,0.7487119560479365,0.727148889333695,0.7695410558550001,0.7164903453446567,0.7800871981448451
9__1,Team 9,Sewing,Incentive,55.73333333333332,45.0,BDT,0.7614863124210101,0.7405192224306737,0.7819277098561196,0.7294612627082052,0.7926459984427687
9__1,Team 9,Sewing,Incentive,58.66666666666666,45.0,BDT,0.7744441647199455,0.7545447050432492,0.7938906420336731,0.7434101597240375,0.8054455486695874
9__1,Team 9,Sewing,Incentive,61.59999999999999,45.0,BDT,0.7874664532748658,0.7679162809333285,0.8062039092839978,0.7571139410529977,0.8176469139587139
9__1,Team 9,Sewing,Incentive,64.53333333333332,45.0,BDT,0.800411731681298,0.7814730547355069,0.8183952711834558,0.7708538639102244,0.8299688817764488
9__1,Team 9,Sewing,Incentive,67.46666666666665,45.0,BDT,0.8130667474420649,0.7945479697009937,0.8302884906785468,0.7841282959388421,0.8414760330502827
9__1,Team 9,Sewing,Incentive,69.5,45.0,BDT,0.8215756431778067,0.8034984524829374,0.8381429241134332,0.792925591917601,0.849767041591947
9__1,Team 9,Sewing,Incentive,70.39999999999998,45.0,BDT,0.8252596171548091,0.8072835333034191,0.8418153118697843,0.7967241796200667,0.8529969153411857
9__1,Team 9,Sewing,Incentive,73.33333333333331,45.0,BDT,0.8368753704709362,0.8196293879726325,0.8529373290266095,0.8087747643427496,0.8636784535414004
9__1,Team 9,Sewing,Incentive,76.26666666666665,45.0,BDT,0.8478434590908791,0.8309542806835076,0.8636697136813287,0.8203208902866415,0.8734470582894494
9__1,Team 9,Sewing,Incentive,79.19999999999999,45.0,BDT,0.8581273596098977,0.8415391641243987,0.8735532427154861,0.8312508596451583,0.8825292982938174
9__1,Team 9,Sewing,Incentive,82.13333333333331,45.0,BDT,0.8677160374643086,0.8517965758377692,0.8829839294043536,0.8415656797170986,0.8907739330687102
9__1,Team 9,Sewing,Incentive,85.06666666666665,45.0,BDT,0.8766170453667081,0.8612544651756431,0.891413630691015,0.8511292063483121,0.8987624631771448
9__1,Team 9,Sewing,Incentive,87.99999999999999,45.0,BDT,0.8848510334405453,0.8698421106318345,0.8993174321579501,0.8596439516231489,0.9063066461080377
9__1,Team 9,Sewing,WIP,0.0,290.0000000000001,pieces,0.49330955607998495,0.39782230112889516,0.5883449203318405,0.3411565783786988,0.6287642430224303
9__1,Team 9,Sewing,WIP,50.09333333333334,290.0000000000001,pieces,0.6530366020817808,0.6106142670673115,0.6930035568968774,0.5865696834857247,0.7117487269493301
9__1,Team 9,Sewing,WIP,100.18666666666668,290.0000000000001,pieces,0.6788036724892164,0.6455313314187177,0.711376639065572,0.6259170431944101,0.7262260540763409
9__1,Team 9,Sewing,WIP,150.28000000000003,290.0000000000001,pieces,0.6934889617153643,0.6642952333472887,0.7212918082736293,0.6480797572969118,0.7358193194512979
9__1,Team 9,Sewing,WIP,200.37333333333336,290.0000000000001,pieces,0.7036980997736815,0.6773591400499235,0.7285038829127479,0.6638161137291388,0.7424087369318731
9__1,Team 9,Sewing,WIP,250.4666666666667,290.0000000000001,pieces,0.7114860451485134,0.6874058985326575,0.7345950672170624,0.6743610409383609,0.7471885385434125
9__1,Team 9,Sewing,WIP,290.0000000000001,290.0000000000001,pieces,0.7165356967866578,0.693400033766681,0.7387952236007432,0.6816535717007186,0.7501987176281785
9__1,Team 9,Sewing,WIP,300.56000000000006,290.0000000000001,pieces,0.7177599954187758,0.6950018017681115,0.7397203695825253,0.6833529996257471,0.7509235252722654
9__1,Team 9,Sewing,WIP,350.65333333333336,290.0000000000001,pieces,0.722999758473366,0.7013232535461011,0.7442672945712507,0.6913598808038656,0.7546785213192279
9__1,Team 9,Sewing,WIP,400.7466666666667,290.0000000000001,pieces,0.7274894744367731,0.7066497556689144,0.7477485461854179,0.6971260137527184,0.7582066786258995
9__1,Team 9,Sewing,WIP,450.8400000000001,290.0000000000001,pieces,0.7314110810397103,0.7116116139913808,0.751198579177351,0.7021936932455192,0.7612245981023774
9__1,Team 9,Sewing,WIP,500.9333333333334,290.0000000000001,pieces,0.7348879632018884,0.7155240745298236,0.7541604843447886,0.7064490689876767,0.7634225511603466
9__1,Team 9,Sewing,WIP,551.0266666666668,290.0000000000001,pieces,0.7380075718859519,0.7190274747799524,0.7571318149163871,0.7102691629676647,0.7661751574267587
9__1,Team 9,Sewing,WIP,601.1200000000001,290.0000000000001,pieces,0.7408340972903618,0.7220152255250311,0.7597493675492345,0.7138834222484687,0.7680431660312133
9__1,Team 9,Sewing,WIP,651.2133333333335,290.0000000000001,pieces,0.7434160165557839,0.7247985364492546,0.7616432567401359,0.717168251563716,0.770014974282451
9__1,Team 9,Sewing,WIP,701.3066666666667,290.0000000000001,pieces,0.7457908152922722,0.7275848189135672,0.7636369494824753,0.7200776668984653,0.7720098271473029
9__1,Team 9,Sewing,WIP,751.4000000000001,290.0000000000001,pieces,0.7479880631029807,0.7299815239036428,0.7657113703621059,0.7225041738146202,0.7742196274038763
9__1,Team 9,Sewing,WIP,801.4933333333335,290.0000000000001,pieces,0.7500314860501667,0.7322829924841064,0.7678362819472362,0.7244848429179879,0.7760962666342938
9__1,Team 9,Sewing,WIP,851.5866666666668,290.0000000000001,pieces,0.7519404041119274,0.7342578233888125,0.7698278058086875,0.726188912129737,0.7782791911785786
9__1,Team 9,Sewing,WIP,901.6800000000002,290.0000000000001,pieces,0.7537307533202137,0.7361108263265111,0.7717418965209673,0.7279410410066073,0.7803230472106737
9__1,Team 9,Sewing,WIP,951.7733333333334,290.0000000000001,pieces,0.7554158285048093,0.7379148017119543,0.7734884591576674,0.7299764494402942,0.7821700527742744
9__1,Team 9,Sewing,WIP,1001.8666666666668,290.0000000000001,pieces,0.7570068333991914,0.7395473598518773,0.7749070906177398,0.7315187887262157,0.7836998264401022
9__1,Team 9,Sewing,WIP,1051.9600000000003,290.0000000000001,pieces,0.75851329501174,0.7411686588505617,0.7764879440944349,0.7332530910202171,0.784926108897184
9__1,Team 9,Sewing,WIP,1102.0533333333335,290.0000000000001,pieces,0.7599433804955599,0.7423550357579278,0.7777674902309266,0.7350257167431004,0.7865239772709084
9__1,Team 9,Sewing,WIP,1152.1466666666668,290.0000000000001,pieces,0.7613041427625575,0.743707510202017,0.7791275900202335,0.7366017576386847,0.7878097892713603
9__1,Team 9,Sewing,WIP,1202.2400000000002,290.0000000000001,pieces,0.7626017132082,0.7451000990874009,0.780344096237011,0.7381375187932783,0.7892800677841874
9__1,Team 9,Sewing,WIP,1252.3333333333335,290.0000000000001,pieces,0.763841454624238,0.7461316326848364,0.7817984938757403,0.7395597539183361,0.7905033586858542
9__1,Team 9,Sewing,WIP,1302.426666666667,290.0000000000001,pieces,0.7650280837581205,0.747331243375906,0.7828421293715117,0.7407194911262955,0.7918822645204502
9__1,Team 9,Sewing,WIP,1352.5200000000002,290.0000000000001,pieces,0.7661657704591914,0.7485891804800564,0.7840878124081756,0.7417163795872389,0.7931271173540158
9__1,Team 9,Sewing,WIP,1402.6133333333335,290.0000000000001,pieces,0.7672582185707547,0.7495997108322598,0.7849153679236351,0.7425667549597711,0.7945149990543636
9__1,Team 9,Sewing,WIP,1452.706666666667,290.0000000000001,pieces,0.7683087324496285,0.7504479242022863,0.785984761759249,0.7434843677238056,0.7957433669298386
9__1,Team 9,Sewing,WIP,1502.8000000000002,290.0000000000001,pieces,0.7693202720659839,0.7514308134732245,0.7870192863464396,0.7444082482892161,0.7968686908219167
9__1,Team 9,Sewing,Workers,7.000000000000002,51.00000000000003,workers,0.5619508296540279,0.4531765483003586,0.6646277166319589,0.4001423649604333,0.7155611230430401
9__1,Team 9,Sewing,Workers,8.700000000000003,51.00000000000003,workers,0.5788442344547546,0.4812668480770451,0.6715144670901497,0.4337328361048896,0.719172341053326
9__1,Team 9,Sewing,Workers,10.400000000000002,51.00000000000003,workers,0.592953556999153,0.5045832149605814,0.6753928932795359,0.4618712665352893,0.7227069785226821
9__1,Team 9,Sewing,Workers,12.100000000000003,51.00000000000003,workers,0.6050308303047369,0.5251397764884864,0.6796912628938965,0.4856099845867379,0.7247745475412883
9__1,Team 9,Sewing,Workers,13.800000000000004,51.00000000000003,workers,0.6155607398690719,0.5434229428362886,0.6833334924525775,0.5063892811961076,0.7254315548811255
9__1,Team 9,Sewing,Workers,15.500000000000004,51.00000000000003,workers,0.6248741152337834,0.5579241588732196,0.6879650143988267,0.524721034944929,0.7251480948081501
9__1,Team 9,Sewing,Workers,17.200000000000003,51.00000000000003,workers,0.6332068458901299,0.571364234960287,0.6917198414436438,0.5408777780220754,0.7261907939569656
9__1,Team 9,Sewing,Workers,18.900000000000006,51.00000000000003,workers,0.6407330135299513,0.5841295085809198,0.6940402390057779,0.5548482448237052,0.7255734966242847
9__1,Team 9,Sewing,Workers,20.600000000000005,51.00000000000003,workers,0.6475847146267266,0.5949730591716123,0.6971710402079039,0.5666031058392487,0.7256256448906466
9__1,Team 9,Sewing,Workers,22.300000000000004,51.00000000000003,workers,0.6538645214093392,0.6052760684488087,0.7001753209790049,0.5774059406943097,0.7270631397322492
9__1,Team 9,Sewing,Workers,24.000000000000007,51.00000000000003,workers,0.659653638858241,0.6139752909984514,0.7033033325441735,0.5888015097514867,0.7271979521184719
9__1,Team 9,Sewing,Workers,25.700000000000003,51.00000000000003,workers,0.665017427871979,0.6222169236813858,0.7061030774932178,0.5978873144374848,0.7282971963607517
9__1,Team 9,Sewing,Workers,27.400000000000006,51.00000000000003,workers,0.6700092538002484,0.630265979787099,0.7088286789333331,0.6067896614080485,0.7287362312715292
9__1,Team 9,Sewing,Workers,29.10000000000001,51.00000000000003,workers,0.6746732349745275,0.6374062586125913,0.7111916117425856,0.6145816849819864,0.7294161060191919
9__1,Team 9,Sewing,Workers,30.800000000000004,51.00000000000003,workers,0.6790462481182414,0.6443049940688288,0.71349091834315,0.6225030134947174,0.7309853958517705
9__1,Team 9,Sewing,Workers,32.50000000000001,51.00000000000003,workers,0.683159419299129,0.6505402193709227,0.7157808786570571,0.6299282881678606,0.7310841460786068
9__1,Team 9,Sewing,Workers,34.20000000000001,51.00000000000003,workers,0.687039250978008,0.6563451780816778,0.7179570306489698,0.6362250653673329,0.7326817936551048
9__1,Team 9,Sewing,Workers,35.900000000000006,51.00000000000003,workers,0.69070848668954,0.661370054750055,0.7201578630553412,0.6430869336791707,0.7343436356579444
9__1,Team 9,Sewing,Workers,37.60000000000001,51.00000000000003,workers,0.6941867833086257,0.6664740368191394,0.7224127204597697,0.6497823760797629,0.7357897950155995
9__1,Team 9,Sewing,Workers,39.300000000000004,51.00000000000003,workers,0.6974912400264706,0.6707090055144648,0.7240487729434884,0.6543755029232071,0.7381526457907631
9__1,Team 9,Sewing,Workers,41.00000000000001,51.00000000000003,workers,0.7006368191312187,0.6744689268579368,0.7262911268622303,0.6597753664456939,0.7392279968329462
9__1,Team 9,Sewing,Workers,42.70000000000001,51.00000000000003,workers,0.7036366840585103,0.6782694733350251,0.7282842124500248,0.6646769529335697,0.7405469260323181
9__1,Team 9,Sewing,Workers,44.400000000000006,51.00000000000003,workers,0.7065024734535164,0.6819114236243212,0.7302883629916909,0.6686944152966207,0.7423779192956234
9__1,Team 9,Sewing,Workers,46.10000000000001,51.00000000000003,workers,0.7092445252170317,0.6852830035766339,0.7323555459414081,0.6728306130437519,0.7439892150488783
9__1,Team 9,Sewing,Workers,47.80000000000001,51.00000000000003,workers,0.7118720610771176,0.6881971428593102,0.7345267222096117,0.6763710882685008,0.746067273176543
9__1,Team 9,Sewing,Workers,49.50000000000001,51.00000000000003,workers,0.7143933397266141,0.6909883719374722,0.7367258035016098,0.679156492173903,0.7486788873443909
9__1,Team 9,Sewing,Workers,51.00000000000003,51.00000000000003,workers,0.7165356967866578,0.693400033766681,0.7387952236007432,0.6816535717007186,0.7501987176281785
9__1,Team 9,Sewing,Workers,51.20000000000001,51.00000000000003,workers,0.7168157847213262,0.6936677415103233,0.7390617245511861,0.6819331267335087,0.7504981524518505
9__1,Team 9,Sewing,Workers,52.90000000000001,51.00000000000003,workers,0.7191460919566961,0.6958346285767312,0.7411026588977891,0.683996685184825,0.7525589357829858
9__1,Team 9,Sewing,Workers,54.60000000000001,51.00000000000003,workers,0.7213903205025133,0.6979245544784106,0.7434175147619554,0.6870514325471634,0.7546607424853081
9__1,Team 9,Sewing,Workers,56.30000000000001,51.00000000000003,workers,0.723553969784913,0.7003180309376543,0.7455913602130813,0.688602371857246,0.7568185495172408
9__1,Team 9,Sewing,Workers,58.000000000000014,51.00000000000003,workers,0.725642045497813,0.7023406432826541,0.7477928506480662,0.6910094923914234,0.7592270135142002
9__1,Team 9,Sewing,Overtime,960.0,5040.0,min,0.7266756758489225,0.7032671451714764,0.7497393777676111,0.6917915689324144,0.7599744107854483
9__1,Team 9,Sewing,Overtime,1273.6,5040.0,min,0.7249670019821314,0.7016815133492453,0.7480188074423649,0.6897749901014923,0.7581502207472799
9__1,Team 9,Sewing,Overtime,1587.2,5040.0,min,0.7236306466117826,0.700502717447736,0.7467057730273885,0.6887373923143154,0.7571238007181952
9__1,Team 9,Sewing,Overtime,1900.8000000000002,5040.0,min,0.7225323322423631,0.6996124214157808,0.7452338507650476,0.6876644728589774,0.7562667608595931
9__1,Team 9,Sewing,Overtime,2214.4,5040.0,min,0.7215995364761445,0.6990033918377021,0.7442262505676245,0.6867281063323639,0.7554408594750485
9__1,Team 9,Sewing,Overtime,2528.0,5040.0,min,0.7207885877770633,0.6982514528007281,0.7433866984000648,0.6858287540833998,0.7545564243430496
9__1,Team 9,Sewing,Overtime,2841.6000000000004,5040.0,min,0.7200711285770705,0.6972046452980533,0.7425674004410674,0.6850672669003701,0.7537710361557245
9__1,Team 9,Sewing,Overtime,3155.2000000000003,5040.0,min,0.7194276935588061,0.6962520699938963,0.7417326271832956,0.6845438726428912,0.7530990032602983
9__1,Team 9,Sewing,Overtime,3468.8,5040.0,min,0.7188443382331584,0.6957223960376392,0.7410608645420588,0.6839574490927379,0.7525780388981376
9__1,Team 9,Sewing,Overtime,3782.4,5040.0,min,0.7183107285872975,0.6951012982990248,0.7402536429050326,0.6831393115938019,0.752059726992489
9__1,Team 9,Sewing,Overtime,4096.0,5040.0,min,0.7178189920159266,0.6946901471705281,0.7399069588470136,0.682854742732976,0.7514617087711074
9__1,Team 9,Sewing,Overtime,4409.6,5040.0,min,0.7173629921024449,0.694187006375909,0.7394942288902782,0.6824707543683168,0.7510916359356845
9__1,Team 9,Sewing,Overtime,4723.200000000001,5040.0,min,0.7169378524026743,0.6938436246197058,0.739047965666064,0.6820507387076294,0.7504992217953375
9__1,Team 9,Sewing,Overtime,5036.8,5040.0,min,0.7165396331643518,0.6934028817364623,0.7388001143343089,0.6816574585836593,0.7502016900025574
9__1,Team 9,Sewing,Overtime,5040.0,5040.0,min,0.7165356967866578,0.693400033766681,0.7387952236007432,0.6816535717007186,0.7501987176281785
9__1,Team 9,Sewing,Overtime,5350.400000000001,5040.0,min,0.7161651055652352,0.6930709370109203,0.7383042339266866,0.6812876989291821,0.7497110041019953
9__1,Team 9,Sewing,Overtime,5664.0,5040.0,min,0.7158115901570836,0.6926758801698786,0.7380444759521464,0.6809330238851966,0.7493904581323456
9__1,Team 9,Sewing,Overtime,5977.6,5040.0,min,0.7154768387701804,0.6921371962169562,0.7376277840747936,0.6805944737685589,0.7491061488836884
9__1,Team 9,Sewing,Overtime,6291.200000000001,5040.0,min,0.7151589465570328,0.6918390109412252,0.7372387180373391,0.6801957902446742,0.7488766819150006
9__1,Team 9,Sewing,Overtime,6604.8,5040.0,min,0.7148562853881861,0.6915481500164963,0.7369712212992321,0.6796039367752673,0.7486851421023105
9__1,Team 9,Sewing,Overtime,6918.400000000001,5040.0,min,0.7145674526646852,0.6910793732267017,0.7367884310331869,0.6790390007699832,0.7485122929597748
9__1,Team 9,Sewing,Overtime,7232.0,5040.0,min,0.714291231452216,0.6907698357229115,0.7365435910359467,0.6785308710778917,0.7482956739057974
9__1,Team 9,Sewing,Overtime,7545.6,5040.0,min,0.7140265590576779,0.690514732619825,0.7363064595092917,0.6783754155693713,0.7481251014109991
9__1,Team 9,Sewing,Overtime,7859.200000000001,5040.0,min,0.713772501988788,0.6902537017439616,0.7361309045237788,0.6782305182668874,0.7479602471047059
9__1,Team 9,Sewing,Overtime,8172.8,5040.0,min,0.7135282358007805,0.6899626900582021,0.735916199216724,0.6779706998749242,0.7477907937443685
9__1,Team 9,Sewing,Overtime,8486.400000000001,5040.0,min,0.7132930287279899,0.6897247524144234,0.7357585056337715,0.6775643508082522,0.747580773404503
9__1,Team 9,Sewing,Overtime,8800.0,5040.0,min,0.713066228277846,0.6895842294808537,0.7354957601446773,0.6772479429823107,0.7474623422257333
9__1,Team 9,Sewing,Overtime,9113.6,5040.0,min,0.7128472501659932,0.6894435327623689,0.7353118280570872,0.6770972871848424,0.7472615384108539
9__1,Team 9,Sewing,Overtime,9427.2,5040.0,min,0.7126355691182621,0.6891328385403311,0.7351461291819826,0.6769822272284473,0.747050368490788
9__1,Team 9,Sewing,Overtime,9740.800000000001,5040.0,min,0.712430711173696,0.6889358396552011,0.7348421131770028,0.676873628703324,0.746806066699105
9__1,Team 9,Sewing,Overtime,10054.400000000001,5040.0,min,0.7122322472037763,0.688721991144744,0.7346015660995511,0.6767710442917719,0.7466285025778924
9__1,Team 9,Sewing,Overtime,10368.0,5040.0,min,0.7120397874242309,0.6884979882600498,0.7344121824435212,0.676671594318187,0.74645631363214
9__1,Team 9,Sewing,SMV,1.8999999999999997,17.79,,0.8229410673176363,0.7861466685589327,0.8584069579570726,0.7658313329559034,0.8739070324422267
9__1,Team 9,Sewing,SMV,2.806666666666666,17.79,,0.8098429520769682,0.7745732564436327,0.8435175842002748,0.7558871172216498,0.8582738494445993
9__1,Team 9,Sewing,SMV,3.713333333333333,17.79,,0.7989918553666798,0.7656959310326843,0.8307344802904091,0.7485110166534574,0.845574438458285
9__1,Team 9,Sewing,SMV,4.619999999999999,17.79,,0.7896774069053802,0.7584562894919893,0.8200282891982545,0.7419672089069527,0.8343306027328052
9__1,Team 9,Sewing,SMV,5.526666666666666,17.79,,0.7814883369054243,0.751460233823638,0.811047369649087,0.7355430915959906,0.825489749408317
9__1,Team 9,Sewing,SMV,6.433333333333333,17.79,,0.7741632598544653,0.7454428383446141,0.8032449766854096,0.7304051262839089,0.8160993913622381
9__1,Team 9,Sewing,SMV,7.339999999999999,17.79,,0.7675248182133062,0.7399007575186284,0.7953941336781231,0.7255085644590598,0.8089617784545892
9__1,Team 9,Sewing,SMV,8.246666666666666,17.79,,0.7614466776590421,0.7352020335788287,0.7886122251189447,0.7202660418721409,0.8017768442244129
9__1,Team 9,Sewing,SMV,9.153333333333332,17.79,,0.7558354014627401,0.7298741213225427,0.7821084475958958,0.7159195892926443,0.7948226637907757
9__1,Team 9,Sewing,SMV,10.06,17.79,,0.7506197809425753,0.7254936852859479,0.7761331361928502,0.7123711383361003,0.7882338857644368
9__1,Team 9,Sewing,SMV,10.966666666666667,17.79,,0.7457442024252527,0.7207469173759117,0.7705943969389606,0.708042431643191,0.7829057609321614
9__1,Team 9,Sewing,SMV,11.873333333333333,17.79,,0.7411643373996529,0.7161440245529105,0.7652227152972177,0.7041935831259738,0.7774219116002736
9__1,Team 9,Sewing,SMV,12.78,17.79,,0.7368442380385368,0.711979563453308,0.7603600424166668,0.7001702675763045,0.7726762764096736
9__1,Team 9,Sewing,SMV,13.686666666666666,17.79,,0.7327543187705475,0.7083538633863738,0.7565251169733949,0.6973747060853804,0.7680535456272422
9__1,Team 9,Sewing,SMV,14.593333333333334,17.79,,0.7288699163494027,0.7051053030474631,0.7525890843746824,0.6936829619676277,0.7635687758029966
9__1,Team 9,Sewing,SMV,15.5,17.79,,0.7251702390957477,0.7015427020799739,0.7483136007917527,0.6900012782715874,0.7592173625408639
9__1,Team 9,Sewing,SMV,16.406666666666666,17.79,,0.7216375848270228,0.698220011253938,0.7444275678401429,0.686756568360416,0.7559381144697978
9__1,Team 9,Sewing,SMV,17.313333333333333,17.79,,0.7182567485517547,0.6949878639878984,0.7406430756218355,0.6835141637660089,0.7521276049741237
9__1,Team 9,Sewing,SMV,17.79,17.79,,0.7165356967866578,0.693400033766681,0.7387952236007432,0.6816535717007186,0.7501987176281785
9__1,Team 9,Sewing,SMV,18.22,17.79,,0.7150145669014503,0.692118215475129,0.7370976534970427,0.6800103844665277,0.748951862072344
9__1,Team 9,Sewing,SMV,19.126666666666665,17.79,,0.7118995628637871,0.6890161999894253,0.7339717158844092,0.677230248984422,0.7458526045509495
9__1,Team 9,Sewing,SMV,20.03333333333333,17.79,,0.7089016652745403,0.685902362428418,0.7312332624228857,0.6748656708486155,0.7425833809179052
9__1,Team 9,Sewing,SMV,20.939999999999998,17.79,,0.7060119848379813,0.6826134310742012,0.7282253284485792,0.6714875823795826,0.7394592474061338
9__1,Team 9,Sewing,SMV,21.846666666666664,17.79,,0.7032226334517038,0.6798082967371567,0.7256097357421429,0.6680854295359007,0.7367130660360847
9__1,Team 9,Sewing,SMV,22.75333333333333,17.79,,0.700526577101272,0.676211487147214,0.723164279328707,0.6647181883304827,0.7343950144387417
9__1,Team 9,Sewing,SMV,23.659999999999997,17.79,,0.6979175150620172,0.6732811226832662,0.7210056555284027,0.6616585316930375,0.7316670419332831
9__1,Team 9,Sewing,SMV,24.566666666666663,17.79,,0.6953897799226634,0.6703436808629226,0.71875115122335,0.6583868586512177,0.7291475650462415
9__1,Team 9,Sewing,SMV,25.47333333333333,17.79,,0.6929382542408985,0.6677965667934226,0.7161203239178875,0.6555127263653087,0.7275000996583387
9__1,Team 9,Sewing,SMV,26.38,17.79,,0.6905583005970556,0.6652232027736682,0.714034305876989,0.6529022177260763,0.7255848836510138
9__1,Team 9,Sewing,SMV,27.286666666666665,17.79,,0.6882457025258529,0.6626196456979062,0.7117917739846781,0.6506324508928917,0.7238481432182785
9__1,Team 9,Sewing,SMV,28.19333333333333,17.79,,0.6859966143447939,0.660185917817697,0.7097515137041104,0.6483558619474487,0.7221243359662634
9__1,Team 9,Sewing,SMV,29.099999999999998,17.79,,0.6838075183083195,0.6577630205249103,0.7079235728764042,0.6456459843468578,0.7203056359060488
9__1,Team 9,Sewing,Style Changes,0.0,0.0,,0.7165356967866578,0.693400033766681,0.7387952236007432,0.6816535717007186,0.7501987176281785
9__1,Team 9,Sewing,Style Changes,1.0,0.0,,0.7306443135110117,0.7072254143061412,0.7541092282362853,0.6936496924430802,0.7662318395023479
9__1,Team 9,Sewing,Style Changes,2.0,0.0,,0.7441512772931773,0.7167016534538324,0.7718624735252113,0.700059941232136,0.7868297275313391
