date_or_order,day_index,split_code,actual_productivity,predicted_productivity,pi_lower,pi_upper,is_burn_in,series,p_alarm,actual_alarm,_order_key,team_display,department_display,targeted_productivity,incentive,wip,no_of_workers,over_time,smv,no_of_style_change,quarter,date,forecast_gap,below_target,risk_status,risk_flag,interval_width,suggested_focus
0,0,0,0.705916667,0.5093345515590094,0.0829633623603827,0.9225659101442198,True,10__0,0.5466782014430591,0,0,Team 10,Finishing,0.65,0,,8.0,960,3.94,0,1,2015-01-01,-0.1406654484409906,True,High Risk,1,0.8396025477838371,Review team conditions
1,1,0,0.7018125,0.5338045390198098,0.0926913286543568,0.9277823428247872,True,10__0,0.5675905123347811,0,1,Team 10,Finishing,0.7,0,,8.0,960,4.15,0,1,2015-01-03,-0.1661954609801901,True,High Risk,1,0.8350910141704304,Review team conditions
2,2,0,0.759228395,0.6677566429769093,0.1549026167865024,0.9568310087647054,True,10__0,0.4149436395367467,0,2,Team 10,Finishing,0.7,0,,18.0,4320,3.94,0,1,2015-01-04,-0.03224335702309067,True,High Risk,1,0.801928391978203,Review overtime
3,3,0,0.763375,0.5961636797828836,0.1195966478621458,0.9414896764479342,True,10__0,0.5483181282836245,0,3,Team 10,Finishing,0.75,0,,8.0,960,2.9,0,1,2015-01-05,-0.15383632021711635,True,High Risk,1,0.8218930285857884,Review team conditions
4,4,0,0.809640152,0.5870096153130833,0.1168643605085641,0.9386789574744016,True,10__0,0.5589386094076944,0,4,Team 10,Finishing,0.75,0,,8.0,1440,3.94,0,1,2015-01-06,-0.16299038468691673,True,High Risk,1,0.8218145969658375,Review team conditions
5,5,0,0.805909091,0.6106638780538798,0.1284943202436692,0.9436379094344556,True,10__0,0.5320109616237172,0,5,Team 10,Finishing,0.75,0,,8.0,1440,3.94,0,1,2015-01-07,-0.13933612194612022,True,High Risk,1,0.8151435891907863,Review team conditions
6,6,0,0.779791667,0.6199417416853714,0.1338699466422325,0.9452903729885478,True,10__0,0.5212233800658939,0,6,Team 10,Finishing,0.75,0,,8.0,1440,3.94,0,2,2015-01-08,-0.13005825831462858,True,High Risk,1,0.8114204263463153,Review team conditions
7,7,0,0.846950758,0.6338026942218176,0.1417188167428681,0.947962817053907,True,10__0,0.557508492183174,0,7,Team 10,Finishing,0.8,0,,8.0,1440,3.94,0,2,2015-01-10,-0.16619730577818248,True,High Risk,1,0.8062440003110388,Review team conditions
8,8,0,0.828295455,0.6527789999093794,0.1528425179470091,0.9516549936884378,False,10__0,0.534645001626448,0,8,Team 10,Finishing,0.8,0,,8.0,1440,3.94,0,2,2015-01-11,-0.14722100009062067,True,High Risk,1,0.7988124757414287,Review team conditions
9,9,0,0.24625,0.66686316132686,0.1618362115367373,0.95426234032817,False,10__0,0.5171471665451829,1,9,Team 10,Finishing,0.8,0,,8.0,1440,3.94,0,2,2015-01-12,-0.13313683867314008,True,High Risk,1,0.7924261287914327,Review team conditions
10,10,0,0.912766667,0.7491031956134725,0.2240855557355789,0.9689034551421684,False,10__0,0.4057673173760063,0,10,Team 10,Finishing,0.8,0,,20.0,5400,3.94,0,2,2015-01-13,-0.05089680438652755,True,High Risk,1,0.7448178994065895,Review overtime
11,11,0,0.332359307,0.6580819959704016,0.1576167181332615,0.9521439387059196,False,10__0,0.5282449090329597,1,11,Team 10,Finishing,0.8,0,,8.0,1260,3.94,0,2,2015-01-14,-0.14191800402959842,True,High Risk,1,0.7945272205726581,Review team conditions
12,12,0,0.953110048,0.7328293971404422,0.210989346230376,0.9659525063972942,False,10__0,0.4288322489246826,0,12,Team 10,Finishing,0.8,0,,19.0,3420,3.94,0,3,2015-01-15,-0.06717060285955789,True,High Risk,1,0.7549631601669182,Review overtime
13,13,0,0.974621212,0.6466515071435011,0.1518366221815889,0.9494751775371228,False,10__0,0.5424955903710261,0,13,Team 10,Finishing,0.8,0,,8.0,1440,3.94,0,3,2015-01-17,-0.15334849285649899,True,High Risk,1,0.797638555355534,Review team conditions
14,14,0,0.235795455,0.6812487327226359,0.1733500272866497,0.9563490744181724,False,10__0,0.3954481904523086,1,14,Team 10,Finishing,0.7,0,,8.0,1440,3.94,0,3,2015-01-18,-0.018751267277364092,True,Watch,0,0.7829990471315227,Review team conditions
15,15,0,0.538399621,0.6603731848165164,0.160547799322563,0.952075724717892,False,10__0,0.421378967767367,1,15,Team 10,Finishing,0.7,0,,8.0,1440,3.94,0,3,2015-01-19,-0.039626815183483544,True,High Risk,1,0.791527925395329,Review team conditions
18,16,0,0.940701058,0.7100980794754035,0.1946235995821205,0.9615433887174476,False,10__0,0.4072606475611912,0,18,Team 10,Finishing,0.75,0,,14.0,8400,3.94,0,4,2015-01-22,-0.03990192052459651,True,High Risk,1,0.7669197891353271,Review overtime
19,17,0,0.937242424,0.6930748112128161,0.1825766524344471,0.958285565984918,False,10__0,0.4297354872605283,0,19,Team 10,Finishing,0.75,0,,10.0,1800,3.94,0,4,2015-01-24,-0.05692518878718389,True,High Risk,1,0.7757089135504709,Review overtime
20,18,0,0.955151515,0.7814651130615698,0.2611951964434337,0.9733923796485756,False,10__0,0.3072484139197158,0,20,Team 10,Finishing,0.75,0,,19.0,3420,3.94,0,4,2015-01-25,0.03146511306156985,False,Watch,0,0.7121971832051419,Review overtime
21,19,0,0.997792208,0.8038280828740374,0.288468883325161,0.9767270938522772,False,10__0,0.2740506388451411,0,21,Team 10,Finishing,0.75,0,,21.0,3780,3.94,0,4,2015-01-26,0.0538280828740374,False,Healthy,0,0.6882582105271162,No immediate action
22,20,0,0.979527778,0.7797112575651385,0.2603695371670615,0.972963893453506,False,10__0,0.3584797864508314,0,22,Team 10,Finishing,0.8,0,,12.0,1440,3.94,0,4,2015-01-27,-0.020288742434861562,True,Watch,0,0.7125943562864445,Review team conditions
23,21,0,0.840533333,0.7769835868535185,0.2575480518266349,0.9725093528608402,False,10__0,0.3626322576980884,0,23,Team 10,Finishing,0.8,0,,10.0,1200,3.94,0,4,2015-01-28,-0.023016413146481507,True,Watch,0,0.7149613010342053,Review team conditions
24,22,0,0.85695,0.8219499002399301,0.3151615506513774,0.9791714801383656,False,10__0,0.2903783453600684,0,24,Team 10,Finishing,0.8,0,,10.0,1200,3.94,0,0,2015-01-29,0.021949900239930042,False,Healthy,0,0.6640099294869882,No immediate action
25,23,0,0.971866667,0.8233083639803382,0.3174490513055254,0.979337553792238,False,10__0,0.2880040945294735,0,25,Team 10,Finishing,0.8,0,,10.0,1200,3.94,0,0,2015-01-31,0.023308363980338198,False,Healthy,0,0.6618885024867125,No immediate action
26,24,0,0.8865,0.8166623880845268,0.3080354636806081,0.978364352186658,False,10__0,0.2989630344590664,0,26,Team 10,Finishing,0.8,0,,10.0,1200,3.94,0,1,2015-02-01,0.016662388084526802,False,Healthy,0,0.6703288885060499,No immediate action
27,25,0,0.85695,0.8194752477853694,0.3123132282758175,0.978744047943904,False,10__0,0.2942084844582492,0,27,Team 10,Finishing,0.8,0,,10.0,1200,3.94,0,1,2015-02-02,0.019475247785369354,False,Healthy,0,0.6664308196680866,No immediate action
30,26,0,0.771583333,0.7996114839909239,0.285289110369979,0.975845650974502,False,10__0,0.3267003453371749,0,30,Team 10,Finishing,0.8,0,,8.0,960,3.94,0,1,2015-02-05,-0.00038851600907618966,True,Watch,0,0.6905565406045231,Review team conditions
40,27,0,0.927541667,0.7800415726293206,0.2620696644777208,0.97283125595632,False,10__0,0.3575615413417473,0,40,Team 10,Finishing,0.8,0,,8.0,960,3.94,0,3,2015-02-17,-0.019958427370679432,True,Watch,0,0.7107615914785992,Review team conditions
41,28,1,0.64025,0.7870072131943516,0.2702800691678982,0.9738849219982948,False,10__0,0.3466088881135244,1,41,Team 10,Finishing,0.8,0,,8.0,960,3.94,0,3,2015-02-18,-0.012992786805648415,True,Watch,0,0.7036048528303966,Review team conditions
42,29,1,0.733277778,0.8024577527720947,0.2897686504125827,0.976174574947086,False,10__0,0.3218254001033377,0,42,Team 10,Finishing,0.8,0,,10.0,2400,3.94,0,3,2015-02-19,0.0024577527720947012,False,Watch,0,0.6864059245345033,Review overtime
43,30,1,0.385791667,0.7743512971620722,0.2562825545507787,0.971862221500448,False,10__0,0.3662093011212102,1,43,Team 10,Finishing,0.8,0,,8.0,960,3.94,0,4,2015-02-22,-0.02564870283792786,True,Watch,0,0.7155796669496692,Review team conditions
44,31,1,0.955791667,0.8523624455187766,0.3665449008076309,0.9832530128945276,False,10__0,0.2378021690560675,0,44,Team 10,Finishing,0.8,0,,20.0,2400,3.94,0,4,2015-02-23,0.05236244551877656,False,Healthy,0,0.6167081120868967,No immediate action
45,32,1,0.902222222,0.8485720823185086,0.3601779338490666,0.9827052571071242,False,10__0,0.1691466761516651,0,45,Team 10,Finishing,0.7,0,,15.0,1800,2.9,0,4,2015-02-24,0.1485720823185086,False,Healthy,0,0.6225273232580576,No immediate action
46,33,1,0.845833333,0.8148593455233565,0.3070569681276444,0.9779429708680356,False,10__0,0.2160842843788708,0,46,Team 10,Finishing,0.7,0,,10.0,1200,2.9,0,4,2015-02-25,0.11485934552335653,False,Healthy,0,0.6708860027403912,No immediate action
47,34,1,0.410833333,0.7876733967059553,0.271903915697596,0.9738781276239188,False,10__0,0.2536545727803127,1,47,Team 10,Finishing,0.7,0,,8.0,3360,2.9,0,4,2015-02-26,0.08767339670595531,False,Healthy,0,0.7019742119263228,No immediate action
48,35,1,0.410833333,0.7798404903614228,0.2629837444401608,0.9726413764785494,False,10__0,0.2643068130982514,1,48,Team 10,Finishing,0.7,0,,8.0,3360,2.9,0,4,2015-02-28,0.07984049036142282,False,Healthy,0,0.7096576320383886,No immediate action
49,36,1,0.664583333,0.7978164379508305,0.2845586352120431,0.9753931654704832,False,10__0,0.2395837582981232,0,49,Team 10,Finishing,0.7,0,,8.0,3360,2.9,0,1,2015-03-01,0.0978164379508305,False,Healthy,0,0.69083453025844,No immediate action
50,37,2,0.632361111,0.7948512651330173,0.2809748287408927,0.9749290337168274,False,10__0,0.2436128832453178,0,50,Team 10,Finishing,0.7,0,,8.0,3360,2.9,0,1,2015-03-02,0.09485126513301734,False,Healthy,0,0.6939542049759346,No immediate action
51,38,2,0.463194444,0.7913832276321605,0.2768408694267001,0.9743851605809212,False,10__0,0.2483306670929776,1,51,Team 10,Finishing,0.7,0,,8.0,3360,2.9,0,1,2015-03-03,0.09138322763216056,False,Healthy,0,0.6975442911542211,No immediate action
55,39,2,0.441041667,0.7843251895522224,0.2685874225301918,0.9732786778173144,False,10__0,0.2579582459996171,1,55,Team 10,Finishing,0.7,0,,8.0,960,2.9,0,2,2015-03-08,0.08432518955222246,False,Healthy,0,0.7046912552871225,No immediate action
56,40,2,0.477291667,0.9899640882783204,0.8900242942422473,0.9995194090101822,False,10__0,0.0027035130163285,1,56,Team 10,Finishing,0.7,960,,8.0,0,2.9,0,2,2015-03-09,0.28996408827832043,False,Healthy,0,0.10949511476793494,No immediate action
57,41,2,0.39875,0.7603270640358003,0.2427879672788678,0.9694092627015912,False,10__0,0.2904949133433886,1,57,Team 10,Finishing,0.7,0,,8.0,960,2.9,0,2,2015-03-10,0.06032706403580035,False,Healthy,0,0.7266212954227234,No immediate action
58,42,2,0.628333333,0.7533375546516147,0.2359582066076655,0.968234573568897,False,10__0,0.3462581875703812,1,58,Team 10,Finishing,0.75,0,,8.0,960,2.9,0,2,2015-03-11,0.0033375546516146715,False,Watch,0,0.7322763669612314,Review team conditions
0,0,0,0.712205247,0.7231520771343264,0.190119442514362,0.9670148549635628,True,10__1,0.3938101955731598,0,0,Team 10,Sewing,0.75,45,578.0,54.0,6480,19.31,0,1,2015-01-01,-0.026847922865673612,True,Watch,0,0.7768954124492008,Review staffing
1,1,0,0.787299691,0.773625403380791,0.2391447888826712,0.9740916088686828,True,10__1,0.3237692705828449,0,1,Team 10,Sewing,0.75,56,610.0,54.0,6480,19.31,0,1,2015-01-03,0.023625403380791,False,Watch,0,0.7349468199860116,Review staffing
2,2,0,0.699965217,0.7012578178119249,0.1799504124281814,0.9619606671588444,True,10__1,0.3726614845589523,0,2,Team 10,Sewing,0.7,40,1202.0,57.5,6900,28.08,0,1,2015-01-04,0.0012578178119249106,False,Watch,0,0.782010254730663,Review WIP
3,3,0,0.7504,0.721072117252241,0.1972531600403107,0.9648065018860712,True,10__1,0.3941301433844711,0,3,Team 10,Sewing,0.75,45,1083.0,58.5,7020,28.08,0,1,2015-01-05,-0.028927882747759037,True,Watch,0,0.7675533418457605,Review WIP
4,4,0,0.750545455,0.7249484962899723,0.2023511432218385,0.96504045030338,True,10__1,0.3883566161662513,0,4,Team 10,Sewing,0.75,45,1209.0,58.5,10530,28.08,0,1,2015-01-06,-0.025051503710027734,True,Watch,0,0.7626893070815415,Review WIP
5,5,0,0.8,0.8356969745225769,0.3301755054266488,0.9816181308249272,True,10__1,0.2273706260596449,0,5,Team 10,Sewing,0.75,69,1144.0,58.5,10530,28.08,0,1,2015-01-07,0.08569697452257685,False,Healthy,0,0.6514426253982784,No immediate action
6,6,0,0.8,0.8252285172975999,0.3160977506861686,0.9800018056704636,True,10__1,0.2425450343513169,0,6,Team 10,Sewing,0.75,69,1066.0,58.5,10530,28.08,0,2,2015-01-08,0.07522851729759994,False,Healthy,0,0.663904054984295,No immediate action
7,7,0,0.8,0.7958615523101479,0.2780091051043726,0.9755936509265374,True,10__1,0.3335732955408777,0,7,Team 10,Sewing,0.8,63,1082.0,58.5,10530,28.08,0,2,2015-01-10,-0.004138447689852165,True,Watch,0,0.6975845458221648,Review WIP
8,8,0,0.8,0.667497391179117,0.1669199712679962,0.9528679212463536,False,10__1,0.5165882200107608,0,8,Team 10,Sewing,0.8,38,762.0,58.5,10530,28.08,0,2,2015-01-11,-0.13250260882088305,True,High Risk,1,0.7859479499783574,Review incentive
9,9,0,0.688557555,0.6475281854350688,0.1552567024955694,0.9485691786679332,False,10__1,0.5418200144683245,0,9,Team 10,Sewing,0.8,45,381.0,58.5,6930,50.48,0,2,2015-01-12,-0.1524718145649312,True,High Risk,1,0.7933124761723638,Review overtime
10,10,0,0.35020649,0.6296839414888645,0.1463427387022633,0.9442247139611296,False,10__1,0.1591356241767735,0,10,Team 10,Sewing,0.35,23,715.0,56.5,10170,22.4,0,2,2015-01-13,0.27968394148886455,False,Healthy,0,0.7978819752588663,No immediate action
11,11,0,0.499980334,0.6294578188478381,0.1465860059385467,0.9440186541702996,False,10__1,0.2749465879927819,0,11,Team 10,Sewing,0.5,23,947.0,56.5,3390,22.4,0,2,2015-01-14,0.12945781884783814,False,Healthy,0,0.7974326482317529,No immediate action
12,12,0,0.600291767,0.6006222215728795,0.1323282745462322,0.9369934845625192,False,10__1,0.3956584805906751,0,12,Team 10,Sewing,0.6,23,1076.0,56.5,10170,22.52,0,3,2015-01-15,0.0006222215728795,False,Watch,0,0.804665210016287,Review WIP
13,13,0,0.650198653,0.6544438755596577,0.1616326966813346,0.9492096276316612,False,10__1,0.3791015069251695,0,13,Team 10,Sewing,0.65,35,1163.0,54.0,9720,22.52,0,3,2015-01-17,0.00444387555965764,False,Watch,0,0.7875769309503265,Review WIP
14,14,0,0.700094156,0.6735820398474361,0.1740546375894147,0.953079413021002,False,10__1,0.4034220585006875,0,14,Team 10,Sewing,0.7,40,1002.0,56.0,10080,22.52,0,3,2015-01-18,-0.026417960152563813,True,High Risk,1,0.7790247754315873,Review incentive
15,15,0,0.750057359,0.7856719216346939,0.2723888062526329,0.9731912119142754,False,10__1,0.2550713563802935,0,15,Team 10,Sewing,0.7,63,938.0,56.0,10080,22.52,0,3,2015-01-19,0.08567192163469395,False,Healthy,0,0.7008024056616424,No immediate action
16,16,0,0.750057359,0.7883073575299423,0.2759606846663565,0.9735455627537548,False,10__1,0.2512380283111278,0,16,Team 10,Sewing,0.7,63,1108.0,56.0,10080,22.52,0,3,2015-01-20,0.08830735752994234,False,Healthy,0,0.6975848780873983,No immediate action
17,17,0,0.800020563,0.8430118875104351,0.3547216607485645,0.9816059091944438,False,10__1,0.1749667447818541,0,17,Team 10,Sewing,0.7,75,1206.0,56.0,10080,22.52,0,3,2015-01-21,0.14301188751043514,False,Healthy,0,0.6268842484458793,No immediate action
18,18,0,0.800020563,0.7413923696945857,0.2277693263467762,0.9656317112661496,False,10__1,0.3621566249347684,0,18,Team 10,Sewing,0.75,55,1328.0,56.0,10080,22.52,0,4,2015-01-22,-0.008607630305414338,True,Watch,0,0.7378623849193733,Review WIP
19,19,0,0.80062987,0.8138043113800548,0.3102144987073541,0.9773034714628316,False,10__1,0.2553954063536938,0,19,Team 10,Sewing,0.75,69,1332.0,56.0,10080,22.52,0,4,2015-01-24,0.06380431138005482,False,Healthy,0,0.6670889727554774,No immediate action
20,20,0,0.800020563,0.8146512505236397,0.311791356842842,0.977389712052492,False,10__1,0.2539320595150365,0,20,Team 10,Sewing,0.75,69,1413.0,56.0,10080,22.52,0,4,2015-01-25,0.06465125052363974,False,Healthy,0,0.66559835520965,No immediate action
21,21,0,0.800020563,0.7410140648732395,0.2284071392798534,0.965377103510728,False,10__1,0.3623665986314746,0,21,Team 10,Sewing,0.75,55,1250.0,56.0,10080,22.52,0,4,2015-01-26,-0.008985935126760491,True,Watch,0,0.7369699642308747,Review WIP
22,22,0,0.900129762,0.8172975326224033,0.316376105625559,0.9777008194504409,False,10__1,0.2951140030208032,0,22,Team 10,Sewing,0.8,70,1134.0,56.0,6720,22.52,0,4,2015-01-27,0.0172975326224033,False,Healthy,0,0.6613247138248819,No immediate action
23,23,0,0.850532143,0.7742509915268041,0.2624047214405496,0.9709330446688536,False,10__1,0.3645255656215394,0,23,Team 10,Sewing,0.8,60,1175.0,56.0,6720,22.52,0,4,2015-01-28,-0.025749008473195945,True,Watch,0,0.708528323228304,Review WIP
24,24,0,0.900129762,0.9121646636984374,0.5176573344111655,0.9904730476086792,False,10__1,0.125416011164148,0,24,Team 10,Sewing,0.8,88,1088.0,56.0,6720,22.52,0,0,2015-01-29,0.11216466369843736,False,Healthy,0,0.4728157131975137,No immediate action
25,25,0,0.920236905,0.9226333000903164,0.552114078682443,0.9917344427860836,False,10__1,0.1058852234465998,0,25,Team 10,Sewing,0.8,93,1116.0,56.0,6720,22.52,0,0,2015-01-31,0.12263330009031637,False,Healthy,0,0.4396203641036406,No immediate action
26,26,0,0.850532143,0.8655091394565737,0.4006777854569787,0.9844308338408332,False,10__1,0.2108405567012742,0,26,Team 10,Sewing,0.8,75,1282.0,56.0,6720,22.52,0,1,2015-02-01,0.06550913945657366,False,Healthy,0,0.5837530483838544,No immediate action
27,27,0,0.900129762,0.937770392701865,0.6060729925241065,0.993601386416842,False,10__1,0.0791670593128154,0,27,Team 10,Sewing,0.8,88,21540.0,56.0,6720,22.52,0,1,2015-02-02,0.13777039270186497,False,Healthy,0,0.3875283938927355,No immediate action
28,28,0,0.999995238,0.9061390273612224,0.5006942636361909,0.9896800648185604,False,10__1,0.1361205523951673,0,28,Team 10,Sewing,0.8,90,1188.0,56.0,6720,22.52,0,1,2015-02-03,0.10613902736122238,False,Healthy,0,0.48898580118236956,No immediate action
29,29,0,0.999995238,0.9539615783053672,0.6816027735467498,0.9953705643475086,False,10__1,0.0495527833781621,0,29,Team 10,Sewing,0.8,113,1108.0,56.0,6720,22.52,0,1,2015-02-04,0.15396157830536716,False,Healthy,0,0.3137677908007588,No immediate action
30,30,0,0.999995238,0.9604142017232644,0.7147981717575365,0.9960925290342766,False,10__1,0.0388850253433187,0,30,Team 10,Sewing,0.8,113,1039.0,56.0,6720,22.52,0,1,2015-02-05,0.16041420172326437,False,Healthy,0,0.2812943572767401,No immediate action
31,31,0,0.900129762,0.9373533681040236,0.6088513425926205,0.9934244770135584,False,10__1,0.0782067721361722,0,31,Team 10,Sewing,0.8,88,1142.0,56.0,6720,22.52,0,1,2015-02-07,0.13735336810402354,False,Healthy,0,0.3845731344209379,No immediate action
32,32,0,0.9008,0.935917608501378,0.6032566871396197,0.993251014790672,False,10__1,0.0807403847260042,0,32,Team 10,Sewing,0.8,88,1388.0,56.0,6720,22.52,0,2,2015-02-08,0.1359176085013779,False,Healthy,0,0.38999432765105235,No immediate action
33,33,0,0.9008,0.94006720496211,0.6200147040040721,0.993741246888006,False,10__1,0.0733165291563869,0,33,Team 10,Sewing,0.8,88,1127.0,56.0,120,22.52,0,2,2015-02-09,0.14006720496211,False,Healthy,0,0.3737265428839339,No immediate action
34,34,0,0.90063244,0.9478215502767182,0.6524419146663852,0.99467409839805,False,10__1,0.0601141272047565,0,34,Team 10,Sewing,0.8,88,1268.0,56.0,0,22.52,0,2,2015-02-10,0.14782155027671817,False,Healthy,0,0.34223218373166475,No immediate action
35,35,0,0.850364583,0.9133678676905138,0.5227821725048565,0.9905668730480373,False,10__1,0.1226054322086651,0,35,Team 10,Sewing,0.8,75,598.0,56.0,0,22.52,0,2,2015-02-11,0.11336786769051377,False,Healthy,0,0.4677847005431808,No immediate action
36,36,0,0.441392,0.5350642372245782,0.1044917306091288,0.9191011507425524,False,10__1,0.6707661787006389,1,36,Team 10,Sewing,0.8,0,10.0,50.0,6000,22.52,0,2,2015-02-12,-0.26493576277542186,True,High Risk,1,0.8146094201334236,Review incentive
39,37,0,0.35542803,0.5653112137361191,0.1173330944182797,0.9272487076620676,False,10__1,0.4361679618509333,1,39,Team 10,Sewing,0.6,0,1131.0,44.0,5280,18.22,1,3,2015-02-16,-0.03468878626388083,True,High Risk,1,0.8099156132437879,Review WIP
40,38,0,0.302117347,0.6199122143944308,0.142344976215047,0.9414574825550448,False,10__1,0.4206575124926673,1,40,Team 10,Sewing,0.65,0,741.0,49.0,0,18.22,1,3,2015-02-17,-0.03008778560556924,True,High Risk,1,0.7991125063399978,Review incentive
41,39,1,0.303574468,0.5379936878656513,0.1067768574086095,0.9190592819000292,False,10__1,0.5669154229163392,1,41,Team 10,Sewing,0.7,0,1119.0,47.0,5640,19.68,1,3,2015-02-18,-0.16200631213434868,True,High Risk,1,0.8122824244914196,Review WIP
42,40,1,0.249416667,0.5296828391346277,0.1037312121851957,0.9164421230304096,False,10__1,0.5764316106476022,1,42,Team 10,Sewing,0.7,0,1410.0,48.0,5760,19.68,1,3,2015-02-19,-0.1703171608653723,True,High Risk,1,0.812710910845214,Review WIP
43,41,1,0.456875,0.5029807058882568,0.0942901984474974,0.907733150769784,False,10__1,0.60653866376722,1,43,Team 10,Sewing,0.7,0,1531.0,50.0,6000,21.25,1,4,2015-02-22,-0.19701929411174313,True,High Risk,1,0.8134429523222866,Review WIP
44,42,1,0.417916667,0.5011544779509015,0.093810601880338,0.906974138867728,False,10__1,0.6086501841150296,1,44,Team 10,Sewing,0.7,0,1583.0,50.0,6000,21.25,1,4,2015-02-23,-0.19884552204909844,True,High Risk,1,0.8131635369873901,Review WIP
45,43,1,0.471108491,0.5018173178849581,0.094135685567772,0.907100776162655,False,10__1,0.607965839682681,1,45,Team 10,Sewing,0.7,0,1834.0,53.0,6360,21.25,1,4,2015-02-24,-0.19818268211504186,True,High Risk,1,0.8129650905948831,Review WIP
46,44,1,0.700058333,0.5125069254013433,0.0977451461033829,0.910758874390182,False,10__1,0.5959526298250317,0,46,Team 10,Sewing,0.7,0,1653.0,52.0,6240,21.82,2,4,2015-02-25,-0.1874930745986566,True,High Risk,1,0.8130137282867991,Review WIP
47,45,1,0.700251773,0.5089893991284977,0.0969280280998801,0.9092069206985254,False,10__1,0.6001048923480113,0,47,Team 10,Sewing,0.7,0,1591.0,52.0,3240,21.82,1,4,2015-02-26,-0.19101060087150223,True,High Risk,1,0.8122788925986453,Review WIP
48,46,1,0.700236601,0.7450481695983431,0.2353729825628208,0.9654833992786712,False,10__1,0.30780061528893,0,48,Team 10,Sewing,0.7,40,1448.0,51.0,6120,21.82,1,4,2015-02-28,0.045048169598343124,False,Watch,0,0.7301104167158504,Review WIP
49,47,1,0.700236601,0.7178182547788055,0.211546604650828,0.9604485058286488,False,10__1,0.3442161961919955,0,49,Team 10,Sewing,0.7,30,1393.0,52.0,5640,21.82,0,1,2015-03-01,0.017818254778805498,False,Watch,0,0.7489019011778209,Review WIP
50,48,2,0.70013604,0.7209726848592525,0.2141936754863939,0.9610368898915486,False,10__1,0.3400089547503371,0,50,Team 10,Sewing,0.7,30,1511.0,51.0,3600,21.82,0,1,2015-03-02,0.02097268485925252,False,Watch,0,0.7468432144051547,Review WIP
51,49,2,0.699984417,0.7149107717385648,0.209298145898008,0.959866052716556,False,10__1,0.3480254417988052,0,51,Team 10,Sewing,0.7,30,1313.0,51.0,5040,21.82,0,1,2015-03-03,0.01491077173856481,False,Watch,0,0.750567906818548,Review WIP
52,50,2,0.700058333,0.7165111753180191,0.2106546574992358,0.960158738157722,False,10__1,0.3458813488600643,0,52,Team 10,Sewing,0.7,30,1334.0,53.0,5760,21.82,0,1,2015-03-04,0.016511175318019156,False,Watch,0,0.7495040806584863,Review WIP
53,51,2,0.700422,0.7136402376933942,0.208347791146009,0.9596048161823618,False,10__1,0.3496797366243106,0,53,Team 10,Sewing,0.7,30,1390.0,50.0,6000,21.82,0,1,2015-03-05,0.013640237693394286,False,Watch,0,0.7512570250363528,Review WIP
54,52,2,0.700422,0.7105132785090392,0.2059207413546362,0.9589851832901536,False,10__1,0.3537901798601591,0,54,Team 10,Sewing,0.7,30,1251.0,50.0,6000,21.82,0,1,2015-03-07,0.01051327850903927,False,Watch,0,0.7530644419355174,Review WIP
55,53,2,0.700422,0.7035409759993301,0.2004948877168006,0.9576221788887898,False,10__1,0.3629807290768702,0,55,Team 10,Sewing,0.7,30,1335.0,50.0,6000,21.82,0,2,2015-03-08,0.0035409759993301204,False,Watch,0,0.7571272911719892,Review WIP
56,54,2,0.700422,0.7080225379019546,0.2039705470485605,0.9584986684876498,False,10__1,0.3570750165190213,0,56,Team 10,Sewing,0.7,30,1576.0,50.0,6000,21.82,0,2,2015-03-09,0.008022537901954618,False,Watch,0,0.7545281214390893,Review WIP
57,55,2,0.750608,0.7243872225317532,0.2174208188272905,0.9616002522251162,False,10__1,0.3846209791175059,0,57,Team 10,Sewing,0.75,34,1499.0,50.0,6000,21.82,0,2,2015-03-10,-0.02561277746824675,True,Watch,0,0.7441794333978258,Review WIP
58,56,2,0.750608,0.7279234173867374,0.2204691411293727,0.9622561943209704,False,10__1,0.3796555022521184,0,58,Team 10,Sewing,0.75,34,1674.0,50.0,6000,21.82,0,2,2015-03-11,-0.02207658261326262,True,Watch,0,0.7417870531915978,Review WIP
0,0,0,0.436326389,0.591319590961725,0.1126706782537609,0.9429771980031636,True,11__0,0.5042932990244079,1,0,Team 11,Finishing,0.7,0,,12.0,1440,4.15,0,1,2015-01-01,-0.10868040903827492,True,High Risk,1,0.8303065197494027,Review team conditions
1,1,0,0.987880435,0.6419252966252116,0.1385955345427666,0.9525396864412536,True,11__0,0.495043322521882,0,1,Team 11,Finishing,0.75,0,,17.0,5640,2.9,0,1,2015-01-03,-0.10807470337478842,True,High Risk,1,0.813944151898487,Review overtime
2,2,0,0.345833333,0.61895394643849,0.1284382610154623,0.9472953109967936,True,11__0,0.521984390487898,1,2,Team 11,Finishing,0.75,0,,8.0,960,4.15,0,1,2015-01-04,-0.13104605356151,True,High Risk,1,0.8188570499813314,Review team conditions
3,3,0,0.939513889,0.6212413782078805,0.1314995076213862,0.946911989466184,True,11__0,0.5713378407650316,0,3,Team 11,Finishing,0.8,0,,10.0,2400,3.94,0,1,2015-01-05,-0.17875862179211954,True,High Risk,1,0.8154124818447979,Review overtime
4,4,0,0.888686869,0.7206990719271897,0.1945712270314128,0.9652601579625903,True,11__0,0.4467545205185221,0,4,Team 11,Finishing,0.8,0,,15.0,2700,4.15,0,1,2015-01-06,-0.0793009280728103,True,High Risk,1,0.7706889309311775,Review overtime
6,5,0,0.515606061,0.5853534505650299,0.1161080476501829,0.9383119514609874,True,11__0,0.6119434456516114,1,6,Team 11,Finishing,0.8,0,,5.0,900,4.15,0,2,2015-01-08,-0.2146465494349702,True,High Risk,1,0.8222039038108045,Review staffing
7,6,0,0.817424242,0.6462932795019948,0.1475909851867953,0.9509128866349128,True,11__0,0.5423593780156667,0,7,Team 11,Finishing,0.8,0,,8.0,1440,4.15,0,2,2015-01-10,-0.15370672049800527,True,High Risk,1,0.8033219014481174,Review team conditions
8,7,0,0.668087121,0.6619593403760602,0.1574385936805497,0.9537652187349184,True,11__0,0.5232045284410224,1,8,Team 11,Finishing,0.8,0,,8.0,1440,4.15,0,2,2015-01-11,-0.13804065962393985,True,High Risk,1,0.7963266250543687,Review team conditions
9,8,0,0.640577652,0.6624018400810765,0.1584856788890717,0.9535913584194572,False,11__0,0.5227096962168121,1,9,Team 11,Finishing,0.8,0,,8.0,1440,4.15,0,2,2015-01-12,-0.13759815991892355,True,High Risk,1,0.7951056795303855,Review team conditions
10,9,0,0.601278409,0.6609545278869592,0.1583042155724604,0.9530726990829466,False,11__0,0.5245705370501593,1,10,Team 11,Finishing,0.8,0,,8.0,1440,4.15,0,2,2015-01-13,-0.13904547211304086,True,High Risk,1,0.7947684835104861,Review team conditions
11,10,0,0.934607438,0.6359477118358363,0.144576946210009,0.94772601976479,False,11__0,0.5552768513567845,0,11,Team 11,Finishing,0.8,0,,7.0,1980,4.15,0,2,2015-01-14,-0.16405228816416373,True,High Risk,1,0.803149073554781,Review staffing
13,11,0,0.313852814,0.6519102852845177,0.1539554728638875,0.9508978717934724,False,11__0,0.5359027811461563,1,13,Team 11,Finishing,0.8,0,,7.0,1260,4.15,0,3,2015-01-17,-0.14808971471548238,True,High Risk,1,0.796942398929585,Review staffing
14,12,0,0.838383838,0.7043309058167886,0.1889970785196552,0.960811615398584,False,11__0,0.3210178248440468,0,14,Team 11,Finishing,0.65,0,,12.0,2160,4.15,0,3,2015-01-18,0.054330905816788566,False,Watch,0,0.7718145368789288,Review overtime
15,13,0,0.409545455,0.6607548216087501,0.160196115029591,0.952351319983843,False,11__0,0.4210515640950562,1,15,Team 11,Finishing,0.7,0,,8.0,1440,4.15,0,3,2015-01-19,-0.03924517839124986,True,High Risk,1,0.7921552049542521,Review team conditions
16,14,0,0.362666667,0.7293341725125816,0.209458302878734,0.9650663087814618,False,11__0,0.3337119702399589,1,16,Team 11,Finishing,0.7,0,,15.0,2700,4.15,0,3,2015-01-20,0.029334172512581635,False,Watch,0,0.7556080059027278,Review overtime
17,15,0,0.470769231,0.644885756307079,0.1517446069077811,0.9487592375867918,False,11__0,0.4403812729709943,1,17,Team 11,Finishing,0.7,0,,9.0,2700,4.15,0,3,2015-01-21,-0.05511424369292095,True,High Risk,1,0.7970146306790107,Review overtime
19,16,0,0.896022727,0.6461971366393146,0.1528464479708386,0.9489029206806968,False,11__0,0.4895557235868756,0,19,Team 11,Finishing,0.75,0,,10.0,1800,4.15,0,4,2015-01-24,-0.10380286336068545,True,High Risk,1,0.7960564727098582,Review overtime
23,17,0,0.259375,0.6619231420697806,0.162170635112578,0.952161100573631,False,11__0,0.2441547466858097,1,23,Team 11,Finishing,0.5,0,,8.0,960,2.9,0,4,2015-01-28,0.16192314206978065,False,Healthy,0,0.789990465461053,No immediate action
24,18,0,0.864583333,0.7033471718680304,0.1902171254602996,0.9601462329822734,False,11__0,0.2790133799354665,0,24,Team 11,Finishing,0.6,0,,8.0,960,2.9,0,0,2015-01-29,0.10334717186803044,False,Healthy,0,0.7699291075219739,No immediate action
25,19,0,0.971866667,0.6268534283014322,0.1421913948283883,0.9447173468826232,False,11__0,0.4134997963085001,0,25,Team 11,Finishing,0.65,0,,5.0,600,3.94,0,0,2015-01-31,-0.02314657169856782,True,High Risk,1,0.8025259520542349,Review staffing
38,20,0,0.715333333,0.7170559403329926,0.2013578770687388,0.9624912331753548,False,11__0,0.2629447720092359,0,38,Team 11,Finishing,0.6,0,,10.0,1200,2.9,0,3,2015-02-15,0.1170559403329926,False,Healthy,0,0.761133356106616,No immediate action
43,21,1,0.805555556,0.7260274963226195,0.2088166589997715,0.964047812231892,False,11__0,0.2525690532409543,0,43,Team 11,Finishing,0.6,0,,12.0,2880,2.9,0,4,2015-02-22,0.12602749632261956,False,Healthy,0,0.7552311532321204,No immediate action
45,22,1,0.5046875,0.6852042076939814,0.178318567120575,0.9564456739332988,False,11__0,0.3897298027219432,1,45,Team 11,Finishing,0.7,0,,8.0,960,2.9,0,4,2015-02-24,-0.014795792306018574,True,Watch,0,0.7781271068127238,Review team conditions
53,23,2,0.927291667,0.7371645043162793,0.218872937365676,0.965879453329532,False,11__0,0.4218589998726985,0,53,Team 11,Finishing,0.8,0,,10.0,1200,2.9,0,1,2015-03-05,-0.06283549568372071,True,High Risk,1,0.7470065159638559,Review team conditions
54,24,2,0.657083333,0.7220669981696308,0.2061652650753453,0.9632152009410804,False,11__0,0.4433290126667237,1,54,Team 11,Finishing,0.8,0,,8.0,960,2.9,0,1,2015-03-07,-0.07793300183036922,True,High Risk,1,0.7570499358657351,Review team conditions
55,25,2,0.755208333,0.7115809933609909,0.1980164449334819,0.9612789729117392,False,11__0,0.4579128042926211,0,55,Team 11,Finishing,0.8,0,,8.0,960,2.9,0,2,2015-03-08,-0.08841900663900915,True,High Risk,1,0.7632625279782573,Review team conditions
56,26,2,0.960625,0.9682093536617776,0.730526070917109,0.9974299840854604,False,11__0,0.0351398716380977,0,56,Team 11,Finishing,0.8,960,,8.0,0,2.9,0,2,2015-03-09,0.16820935366177758,False,Healthy,0,0.2669039131683514,No immediate action
57,27,2,0.758229167,0.7118665757887342,0.1985285624083062,0.9612625941928162,False,11__0,0.4574846541676017,0,57,Team 11,Finishing,0.8,0,,8.0,960,2.9,0,2,2015-03-10,-0.0881334242112658,True,High Risk,1,0.76273403178451,Review team conditions
58,28,2,0.874027778,0.7351121808562161,0.2179075695328378,0.965360258012528,False,11__0,0.4246536425037693,0,58,Team 11,Finishing,0.8,0,,10.0,2400,2.9,0,2,2015-03-11,-0.06488781914378394,True,High Risk,1,0.7474526884796902,Review overtime
0,0,0,0.800570492,0.73356145617424,0.234486630718704,0.9614244197824796,True,11__1,0.423506220365638,0,0,Team 11,Sewing,0.8,50,968.0,30.5,3660,11.41,0,1,2015-01-01,-0.06643854382576009,True,High Risk,1,0.7269377890637756,Review staffing
1,1,0,0.800237288,0.7414908104055846,0.2486889102805095,0.9615889777923212,True,11__1,0.4100599407369241,0,1,Team 11,Sewing,0.8,50,1005.0,29.5,7080,11.61,0,1,2015-01-03,-0.05850918959441542,True,High Risk,1,0.7129000675118118,Review staffing
2,2,0,0.750348457,0.7131415691501256,0.2281480377824592,0.9546043129522342,True,11__1,0.3948906016339825,0,2,Team 11,Sewing,0.75,45,513.0,54.0,6480,19.31,0,1,2015-01-04,-0.03685843084987439,True,Watch,0,0.7264562751697751,Review staffing
3,3,0,0.800250962,0.7492587797707794,0.2653783947952208,0.9613813520615424,True,11__1,0.3957953990066849,0,3,Team 11,Sewing,0.8,50,678.0,55.0,4800,19.31,0,1,2015-01-05,-0.050741220229220674,True,Watch,0,0.6960029572663216,Review staffing
4,4,0,0.750057851,0.7283306916673712,0.2477695598469973,0.9564341446419812,True,11__1,0.3707166148704223,0,4,Team 11,Sewing,0.75,45,590.0,55.0,9900,19.31,0,1,2015-01-06,-0.02166930833262881,True,Watch,0,0.7086645847949838,Review staffing
5,5,0,0.412119835,0.6776434519575597,0.2065446170776188,0.9445919090007048,True,11__1,0.5038301606789628,1,5,Team 11,Sewing,0.8,40,568.0,55.0,9900,31.83,0,1,2015-01-07,-0.12235654804244034,True,High Risk,1,0.738047291923086,Review incentive
6,6,0,0.349951389,0.6754147802697159,0.2076259774747462,0.943155764018718,True,11__1,0.102900518318671,0,6,Team 11,Sewing,0.35,38,287.0,54.0,25920,12.52,0,2,2015-01-08,0.32541478026971593,False,Healthy,0,0.7355297865439718,No immediate action
7,7,0,0.673245283,0.6879424108946733,0.2182166969379764,0.9459121196059987,True,11__1,0.1920706522098001,0,7,Team 11,Sewing,0.5,38,749.0,53.0,9540,12.52,0,2,2015-01-10,0.18794241089467334,False,Healthy,0,0.7276954226680223,No immediate action
8,8,0,0.600229846,0.666912714450632,0.2032815997759865,0.9403734132591454,False,11__1,0.3007036374933719,0,8,Team 11,Sewing,0.6,30,831.0,53.0,9540,12.52,0,2,2015-01-11,0.06691271445063207,False,Watch,0,0.7370918134831589,Review incentive
9,9,0,0.64998056,0.7127273952138503,0.2409086840410971,0.951210149694338,False,11__1,0.2884392363923564,0,9,Team 11,Sewing,0.65,44,1004.0,53.0,9540,12.52,0,2,2015-01-12,0.06272739521385029,False,Healthy,0,0.7103014656532409,No immediate action
10,10,0,0.582301029,0.6030519009431861,0.1631450280041975,0.9222657961762756,False,11__1,0.4894951123806375,1,10,Team 11,Sewing,0.7,37,530.0,53.0,9540,27.13,0,2,2015-01-13,-0.0969480990568139,True,High Risk,1,0.7591207681720781,Review incentive
11,11,0,0.35003125,0.6280302078582782,0.1790358178557464,0.929112536837456,False,11__1,0.1328521708519543,0,11,Team 11,Sewing,0.35,23,838.0,55.0,7200,14.61,0,2,2015-01-14,0.27803020785827826,False,Healthy,0,0.7500767189817096,No immediate action
12,12,0,0.500025069,0.6158811604947407,0.1720589189245965,0.9253736163184292,False,11__1,0.2663155595610103,0,12,Team 11,Sewing,0.5,30,917.0,55.0,9900,14.89,0,3,2015-01-15,0.11588116049474073,False,Healthy,0,0.7533146973938327,No immediate action
13,13,0,0.600273268,0.6396168519861067,0.1874125933660288,0.931964537729836,False,11__1,0.3335164504785765,0,13,Team 11,Sewing,0.6,38,1027.0,56.0,10080,14.89,0,3,2015-01-17,0.03961685198610676,False,Watch,0,0.7445519443638072,Review incentive
14,14,0,0.650299575,0.6647768242263917,0.2052602003948025,0.9385804416363416,False,11__1,0.3511762662114374,0,14,Team 11,Sewing,0.65,44,1140.0,57.0,10260,14.89,0,3,2015-01-18,0.014776824226391705,False,Watch,0,0.733320241241539,Review WIP
15,15,0,0.700170388,0.6986682373128327,0.2321808449306866,0.9469769017819274,False,11__1,0.3564684347959101,0,15,Team 11,Sewing,0.7,50,1484.0,57.0,10260,14.89,0,3,2015-01-19,-0.0013317626871672816,True,Watch,0,0.7147960568512408,Review WIP
16,16,0,0.700170388,0.69912012968671,0.2330227197862602,0.9469556730282808,False,11__1,0.355648481678732,0,16,Team 11,Sewing,0.7,50,1501.0,57.0,10260,14.89,0,3,2015-01-20,-0.0008798703132899544,True,Watch,0,0.7139329532420206,Review WIP
17,17,0,0.700170388,0.7038879170442401,0.2374539071549631,0.9480030940931534,False,11__1,0.3486840739840409,0,17,Team 11,Sewing,0.7,50,1735.0,57.0,10260,14.89,0,3,2015-01-21,0.0038879170442401856,False,Watch,0,0.7105491869381904,Review WIP
18,18,0,0.700170388,0.6977459173502046,0.2325314550361628,0.9464326674943762,False,11__1,0.35736218018022,0,18,Team 11,Sewing,0.7,50,1863.0,57.0,10260,14.89,0,4,2015-01-22,-0.0022540826497953192,True,Watch,0,0.7139012124582134,Review WIP
19,19,0,0.750041201,0.6361575924697339,0.1859075509815493,0.9306761972227832,False,11__1,0.5021923260112641,0,19,Team 11,Sewing,0.75,56,1282.0,57.0,10260,42.97,0,4,2015-01-24,-0.11384240753026609,True,High Risk,1,0.7447686462412338,Review WIP
20,20,0,0.59114168,0.5323941442738458,0.1300515273697987,0.8966593015776324,False,11__1,0.638039335912042,1,20,Team 11,Sewing,0.75,40,532.0,57.0,10260,42.97,0,4,2015-01-25,-0.2176058557261542,True,High Risk,1,0.7666077742078337,Review incentive
21,21,0,0.350066986,0.525766352815518,0.1275442521337855,0.8937523019282076,False,11__1,0.2168032928836286,0,21,Team 11,Sewing,0.35,23,749.0,57.0,10260,28.08,0,4,2015-01-26,0.175766352815518,False,Healthy,0,0.7662080497944221,No immediate action
22,22,0,0.37046657,0.4904758747218042,0.112069345505106,0.8801013604838565,False,11__1,0.415096235734122,1,22,Team 11,Sewing,0.5,23,1282.0,54.0,6480,48.18,0,4,2015-01-27,-0.009524125278195794,True,High Risk,1,0.7680320149787505,Review WIP
23,23,0,0.500567308,0.6457686877143358,0.1943813170322403,0.9325038995593588,False,11__1,0.2312168217631028,0,23,Team 11,Sewing,0.5,46,1413.0,54.0,5880,20.1,0,4,2015-01-28,0.14576868771433582,False,Healthy,0,0.7381225825271185,No immediate action
24,24,0,0.60059761,0.7019750791978298,0.2378203241417129,0.9469846301343804,False,11__1,0.2531657876468667,0,24,Team 11,Sewing,0.6,46,1601.0,51.0,4320,20.1,0,0,2015-01-29,0.10197507919782978,False,Healthy,0,0.7091643059926676,No immediate action
25,25,0,0.650148148,0.7077472678500745,0.2431692724876778,0.9482938015876726,False,11__1,0.2917316002267929,0,25,Team 11,Sewing,0.65,49,1417.0,54.0,6480,20.1,0,0,2015-01-31,0.057747267850074446,False,Healthy,0,0.7051245290999948,No immediate action
26,26,0,0.700508929,0.8030250041638493,0.3507583810498363,0.9687944110283984,False,11__1,0.2032750217623756,0,26,Team 11,Sewing,0.7,75,1192.0,54.0,6120,20.1,0,1,2015-02-01,0.1030250041638493,False,Healthy,0,0.6180360299785621,No immediate action
27,27,0,0.700398148,0.7862465648722702,0.3261637501166875,0.9657318482634764,False,11__1,0.2285260008146313,0,27,Team 11,Sewing,0.7,60,9792.0,54.0,6480,20.55,0,1,2015-02-02,0.08624656487227023,False,Healthy,0,0.6395680981467888,No immediate action
28,28,0,0.700513566,0.698910848370489,0.2358814039496505,0.946043015331429,False,11__1,0.3547949815601943,0,28,Team 11,Sewing,0.7,60,946.0,54.0,5760,25.31,0,1,2015-02-03,-0.0010891516295109538,True,Watch,0,0.7101616113817785,Review staffing
29,29,0,0.700278846,0.7624859510080155,0.2994174316731153,0.9604427868924628,False,11__1,0.2620568881370882,0,29,Team 11,Sewing,0.7,60,1042.0,53.0,6120,10.05,0,1,2015-02-04,0.06248595100801557,False,Healthy,0,0.6610253552193475,No immediate action
30,30,0,0.7504,0.5960325886383002,0.1640472636063798,0.9174523015968264,False,11__1,0.5572480269971173,0,30,Team 11,Sewing,0.75,34,668.0,26.0,2520,10.05,0,1,2015-02-05,-0.15396741136169978,True,High Risk,1,0.7534050379904467,Review incentive
31,31,0,0.750027778,0.6433826300317258,0.1937314422896026,0.9314414827991258,False,11__1,0.4920086441026722,0,31,Team 11,Sewing,0.75,45,677.0,27.0,3240,10.05,0,1,2015-02-07,-0.1066173699682742,True,High Risk,1,0.7377100405095232,Review staffing
32,32,0,0.750027778,0.6346065827852252,0.1879995106565178,0.9288963733479894,False,11__1,0.5043948962200989,0,32,Team 11,Sewing,0.75,45,629.0,27.0,3240,10.05,0,2,2015-02-08,-0.11539341721477481,True,High Risk,1,0.7408968626914716,Review staffing
33,33,0,0.750648148,0.6814149924896116,0.220228648207207,0.9420724729006138,False,11__1,0.4371401026985816,0,33,Team 11,Sewing,0.75,45,103.0,54.0,0,10.05,0,2,2015-02-09,-0.06858500751038843,True,High Risk,1,0.7218438246934068,Review staffing
34,34,0,0.750648148,0.5206706204554848,0.1246910880267483,0.8923136624871746,False,11__1,0.7070333609549371,0,34,Team 11,Sewing,0.8,34,13.0,54.0,3240,10.05,0,2,2015-02-10,-0.2793293795445152,True,High Risk,1,0.7676225744604263,Review incentive
35,35,0,0.507903226,0.5807432674874954,0.1543148579103343,0.9132824642031188,False,11__1,0.1677070190426542,0,35,Team 11,Sewing,0.35,0,434.0,52.0,3240,11.41,1,2,2015-02-11,0.2307432674874954,False,Healthy,0,0.7589676062927845,No immediate action
36,36,0,0.50012336,0.605269596377031,0.1675770530961368,0.9212865494326224,False,11__1,0.2769964146361122,0,36,Team 11,Sewing,0.5,0,1039.0,55.0,2280,11.41,2,2,2015-02-12,0.10526959637703104,False,Healthy,0,0.7537094963364857,No immediate action
37,37,0,0.600447507,0.6595247493168661,0.2052826565684726,0.9357941306658204,False,11__1,0.3060286365148306,0,37,Team 11,Sewing,0.6,23,1039.0,55.0,2280,11.41,2,2,2015-02-14,0.05952474931686613,False,Watch,0,0.7305114740973477,Review incentive
38,38,0,0.650223718,0.6266393464623122,0.1830557748668855,0.9264897763812976,False,11__1,0.4010688780878542,0,38,Team 11,Sewing,0.65,23,700.0,53.0,2640,11.41,2,3,2015-02-15,-0.023360653537687792,True,High Risk,1,0.7434340015144121,Review incentive
39,39,0,0.565972222,0.650781694813221,0.1994573368629274,0.9332525173106084,False,11__1,0.4231368506536305,1,39,Team 11,Sewing,0.7,30,680.0,54.0,2160,11.41,2,3,2015-02-16,-0.04921830518677894,True,High Risk,1,0.733795180447681,Review incentive
40,40,0,0.700614035,0.6605561423109787,0.2064894698717219,0.9359037604132115,False,11__1,0.409323364227356,0,40,Team 11,Sewing,0.7,30,1054.0,56.0,3420,11.41,2,3,2015-02-17,-0.039443857689021256,True,High Risk,1,0.7294142905414897,Review WIP
41,41,1,0.8211125,0.6492520093220064,0.198557588141022,0.9327621164147402,False,11__1,0.4252503109152619,0,41,Team 11,Sewing,0.7,30,685.0,56.0,3360,11.41,2,3,2015-02-18,-0.050747990677993515,True,High Risk,1,0.7342045282737182,Review incentive
42,42,1,0.700540441,0.6558653036149361,0.203312418817517,0.93455131885036,False,11__1,0.4159041015932814,0,42,Team 11,Sewing,0.7,30,653.0,58.0,3480,11.41,2,3,2015-02-19,-0.04413469638506384,True,High Risk,1,0.731238900032843,Review incentive
43,43,1,0.672140805,0.5788206196610162,0.1536997901551027,0.912398657244662,False,11__1,0.5797653741782048,0,43,Team 11,Sewing,0.75,0,834.0,58.0,3480,11.41,2,4,2015-02-22,-0.17117938033898383,True,High Risk,1,0.7586988670895592,Review incentive
44,44,1,0.750293939,0.5842725701737669,0.1568219420981342,0.914071446304396,False,11__1,0.572680153221252,0,44,Team 11,Sewing,0.75,0,826.0,58.0,2820,11.41,2,4,2015-02-23,-0.16572742982623312,True,High Risk,1,0.7572495042062618,Review incentive
45,45,1,0.750437269,0.6659980734727332,0.2110082346108406,0.9371816263811872,False,11__1,0.4593664155566235,0,45,Team 11,Sewing,0.75,34,698.0,57.0,3360,11.61,2,4,2015-02-24,-0.08400192652726679,True,High Risk,1,0.7261733917703466,Review incentive
46,46,1,0.750503571,0.6703887542513104,0.2145932288355836,0.9382512996512103,False,11__1,0.4529001816788298,0,46,Team 11,Sewing,0.75,45,635.0,57.0,3360,11.61,0,4,2015-02-25,-0.07961124574868961,True,High Risk,1,0.7236580708156267,Review team conditions
47,47,1,0.800516667,0.7325694624432957,0.2686284389578079,0.9535825410571784,False,11__1,0.4181238103822819,0,47,Team 11,Sewing,0.8,50,816.0,57.0,2820,11.61,2,4,2015-02-26,-0.06743053755670436,True,High Risk,1,0.6849541020993706,Review team conditions
48,48,1,0.800779018,0.7848031043429854,0.3268509553293893,0.9650480783306686,False,11__1,0.3302090863935799,0,48,Team 11,Sewing,0.8,50,954.0,58.0,0,11.61,2,4,2015-02-28,-0.015196895657014653,True,Watch,0,0.6381971230012793,Review team conditions
49,49,1,0.682433036,0.7588040335574254,0.2955605307789574,0.9595916502855538,False,11__1,0.3748145140309073,0,49,Team 11,Sewing,0.8,50,347.0,57.0,0,11.61,0,1,2015-03-01,-0.041195966442574616,True,Watch,0,0.6640311195065964,Review team conditions
50,50,2,0.800309211,0.772425268639866,0.3118128058402765,0.9624236502363208,False,11__1,0.3515019853816331,0,50,Team 11,Sewing,0.8,50,632.0,57.0,0,11.61,0,1,2015-03-02,-0.027574731360133997,True,Watch,0,0.6506108443960443,Review team conditions
51,51,2,0.800701754,0.7720923228275587,0.3115737421029799,0.9623260358292344,False,11__1,0.3520210254759383,0,51,Team 11,Sewing,0.8,50,601.0,56.0,0,11.41,0,1,2015-03-03,-0.02790767717244136,True,Watch,0,0.6507522937262544,Review staffing
52,52,2,0.800701754,0.72443685388501,0.2601807527047127,0.9518216068884846,False,11__1,0.4313869728274703,0,52,Team 11,Sewing,0.8,38,433.0,56.0,0,11.41,0,1,2015-03-04,-0.07556314611499004,True,High Risk,1,0.691640854183772,Review incentive
53,53,2,0.800701754,0.7188947428865758,0.2559948615470074,0.9502593516894962,False,11__1,0.4400991102838885,0,53,Team 11,Sewing,0.8,50,455.0,56.0,3420,11.41,0,1,2015-03-05,-0.0811052571134242,True,High Risk,1,0.6942644901424888,Review staffing
54,54,2,0.800034503,0.7243804173088078,0.2612612962383634,0.9515358423784545,False,11__1,0.4312786858635475,0,54,Team 11,Sewing,0.8,50,471.0,58.0,3420,11.41,0,1,2015-03-07,-0.07561958269119229,True,High Risk,1,0.690274546140091,Review team conditions
55,55,2,0.800034503,0.7058580123434225,0.2440337062071274,0.9471508278081262,False,11__1,0.4607515178386763,0,55,Team 11,Sewing,0.8,50,313.0,58.0,3420,11.41,0,2,2015-03-08,-0.09414198765657755,True,High Risk,1,0.7031171216009988,Review team conditions
56,56,2,0.800034503,0.7122479905874497,0.2498989568506465,0.9486624673247376,False,11__1,0.4506701487630725,0,56,Team 11,Sewing,0.8,50,357.0,58.0,3420,11.41,0,2,2015-03-09,-0.08775200941255035,True,High Risk,1,0.698763510474091,Review team conditions
57,57,2,0.800034503,0.7128727760597837,0.2505097058316929,0.9488017978549358,False,11__1,0.4496749362573023,0,57,Team 11,Sewing,0.8,50,338.0,58.0,3420,11.41,0,2,2015-03-10,-0.08712722394021633,True,High Risk,1,0.6982920920232429,Review team conditions
58,58,2,0.800034503,0.7296625724078022,0.2666794779193192,0.9526994425777306,False,11__1,0.4226712688198629,0,58,Team 11,Sewing,0.8,50,560.0,58.0,3420,11.41,0,2,2015-03-11,-0.07033742759219785,True,High Risk,1,0.6860199646584115,Review team conditions
15,0,0,0.793844697,0.5965661156973912,0.0921164776295074,0.9558354443667458,True,12__0,0.5884672089540132,0,15,Team 12,Finishing,0.8,0,,8.0,1440,2.9,0,3,2015-01-19,-0.2034338843026089,True,High Risk,1,0.8637189667372385,Review team conditions
18,1,0,0.327407407,0.5937923112281197,0.0927660878219822,0.9545086189605436,True,12__0,0.4167720920911635,1,18,Team 12,Finishing,0.6,0,,9.0,5400,4.08,0,4,2015-01-22,-0.006207688771880271,True,High Risk,1,0.8617425311385614,Review overtime
19,2,0,0.858585859,0.5758198948677231,0.0877962182894242,0.9505124560237552,True,12__0,0.5197695051271244,0,19,Team 12,Finishing,0.7,0,,9.0,1620,4.08,0,4,2015-01-24,-0.12418010513227684,True,High Risk,1,0.862716237734331,Review overtime
20,3,0,0.618181818,0.6089655832765477,0.1004653622249871,0.9561692844485056,True,12__0,0.4856417885719045,0,20,Team 12,Finishing,0.7,0,,9.0,1620,4.08,0,4,2015-01-25,-0.09103441672345225,True,High Risk,1,0.8557039222235184,Review overtime
21,4,0,0.769292929,0.6097441448620506,0.1015983495413449,0.9559194093467508,True,12__0,0.4847743501615149,0,21,Team 12,Finishing,0.7,0,,9.0,1620,4.08,0,4,2015-01-26,-0.09025585513794931,True,High Risk,1,0.8543210598054058,Review overtime
22,5,0,0.823555556,0.6252515153715394,0.1085226863280969,0.9583132717774197,True,12__0,0.4682906436162949,0,22,Team 12,Finishing,0.7,0,,9.0,1080,4.15,0,4,2015-01-27,-0.07474848462846051,True,High Risk,1,0.8497905854493227,Review team conditions
23,6,0,0.755555556,0.6437950285451397,0.1172121564572584,0.9611710866124142,True,12__0,0.493375542894045,0,23,Team 12,Finishing,0.75,0,,9.0,1080,4.08,0,4,2015-01-28,-0.1062049714548603,True,High Risk,1,0.8439589301551559,Review team conditions
24,7,0,0.634666667,0.7097287324174625,0.1530850978627562,0.9709330442439084,True,12__0,0.4178106615945675,1,24,Team 12,Finishing,0.75,0,,9.0,1080,4.08,0,0,2015-01-29,-0.04027126758253752,True,High Risk,1,0.8178479463811521,Review team conditions
25,8,0,0.971866667,0.7052479043819199,0.1509435902953298,0.970159901513522,False,12__0,0.4230091202629552,0,25,Team 12,Finishing,0.75,0,,9.0,1080,4.08,0,0,2015-01-31,-0.044752095618080134,True,High Risk,1,0.8192163112181923,Review team conditions
26,9,0,0.702666667,0.714445745646719,0.1573555411867492,0.9713160253221996,False,12__0,0.4118293680126906,0,26,Team 12,Finishing,0.75,0,,9.0,1080,4.08,0,1,2015-02-01,-0.03555425435328097,True,High Risk,1,0.8139604841354504,Review team conditions
27,10,0,0.740444444,0.7137882147175052,0.1574546462943683,0.9711124827702392,False,12__0,0.4124923407041309,0,27,Team 12,Finishing,0.75,0,,9.0,1080,4.08,0,1,2015-02-02,-0.0362117852824948,True,High Risk,1,0.8136578364758709,Review team conditions
28,11,0,0.778222222,0.715256917273702,0.1588873333576364,0.9712160804445236,False,12__0,0.4580058972295522,0,28,Team 12,Finishing,0.8,0,,9.0,1080,4.08,0,1,2015-02-03,-0.08474308272629805,True,High Risk,1,0.8123287470868872,Review team conditions
29,12,0,0.687555556,0.7187136397175571,0.1616119439914321,0.971605548089614,False,12__0,0.4536556670187683,0,29,Team 12,Finishing,0.8,0,,9.0,1080,4.08,0,1,2015-02-04,-0.08128636028244296,True,High Risk,1,0.8099936040981819,Review team conditions
30,13,0,0.906666667,0.7172428578829753,0.1610188509415261,0.9713205656313256,False,12__0,0.4554383662800361,0,30,Team 12,Finishing,0.8,0,,9.0,1080,4.08,0,1,2015-02-05,-0.08275714211702478,True,High Risk,1,0.8103017146897995,Review team conditions
31,14,0,0.899111111,0.729718506573867,0.1700013309330168,0.9729599077415144,False,12__0,0.4396634209438798,0,31,Team 12,Finishing,0.8,0,,9.0,1080,4.08,0,1,2015-02-07,-0.07028149342613299,True,High Risk,1,0.8029585768084976,Review team conditions
32,15,0,0.891555556,0.7320652765259571,0.1720331483799532,0.9732132741236208,False,12__0,0.4366061583504912,0,32,Team 12,Finishing,0.8,0,,9.0,1080,4.08,0,2,2015-02-08,-0.06793472347404295,True,High Risk,1,0.8011801257436676,Review team conditions
33,16,0,0.272,0.7412011412828873,0.1791718032150446,0.9743753745070604,False,12__0,0.4247323700265286,1,33,Team 12,Finishing,0.8,0,,9.0,1080,4.08,0,2,2015-02-09,-0.05879885871711277,True,High Risk,1,0.7952035712920158,Review team conditions
34,17,0,1.004888889,0.7247927800643016,0.1674395302939551,0.972109447083684,False,12__0,0.445778947277486,0,34,Team 12,Finishing,0.8,0,,9.0,1080,4.08,0,2,2015-02-10,-0.07520721993569845,True,High Risk,1,0.8046699167897289,Review team conditions
35,18,0,1.02,0.7753831943648847,0.2089455496775268,0.9786275718655156,False,12__0,0.3784519076679552,0,35,Team 12,Finishing,0.8,0,,9.0,1080,4.08,0,2,2015-02-11,-0.02461680563511537,True,Watch,0,0.7696820221879889,Review team conditions
36,19,0,0.838666667,0.8160560320800728,0.253743078550916,0.98334442717177,False,12__0,0.3190648229902542,0,36,Team 12,Finishing,0.8,0,,9.0,1080,4.08,0,2,2015-02-12,0.01605603208007278,False,Watch,0,0.7296013486208539,Review team conditions
37,20,0,0.800888889,0.8169344992222908,0.2551554235040148,0.9834159147657162,False,12__0,0.3176217712681464,0,37,Team 12,Finishing,0.8,0,,9.0,1080,4.08,0,2,2015-02-14,0.016934499222290733,False,Watch,0,0.7282604912617014,Review team conditions
38,21,0,0.876444444,0.8054563211892003,0.241448271800068,0.9820927080546764,False,12__0,0.3348322632787492,0,38,Team 12,Finishing,0.8,0,,9.0,1080,4.08,0,3,2015-02-15,0.005456321189200253,False,Watch,0,0.7406444362546084,Review team conditions
39,22,0,0.891555556,0.8083659388108075,0.2451374230375483,0.9824008353217534,False,12__0,0.3304005774878833,0,39,Team 12,Finishing,0.8,0,,9.0,1080,4.08,0,3,2015-02-16,0.008365938810807494,False,Watch,0,0.7372634122842051,Review team conditions
40,23,0,0.9025,0.7995471061290593,0.2351543806492019,0.9813625766279273,False,12__0,0.3434271480216058,0,40,Team 12,Finishing,0.8,0,,9.0,1080,5.13,0,3,2015-02-17,-0.0004528938709407182,True,Watch,0,0.7462081959787253,Review team conditions
41,24,1,0.9918,0.8129730864706524,0.2512573721944107,0.982875310312,False,12__0,0.3232793582375823,0,41,Team 12,Finishing,0.8,0,,10.0,1200,5.13,0,3,2015-02-18,0.012973086470652317,False,Watch,0,0.7316179381175894,Review team conditions
42,25,1,0.609583333,0.8166328491082555,0.2559818342289707,0.9832756018055154,False,12__0,0.317663179602149,1,42,Team 12,Finishing,0.8,0,,9.0,2160,5.13,0,3,2015-02-19,0.016632849108255465,False,Watch,0,0.7272937675765447,Review overtime
43,26,1,0.78375,0.8145626638378285,0.2536335710614294,0.9830188757750836,False,12__0,0.3207289064331055,0,43,Team 12,Finishing,0.8,0,,10.0,2400,5.13,0,4,2015-02-22,0.014562663837828449,False,Watch,0,0.7293853047136543,Review overtime
44,27,1,0.9025,0.8080225556985655,0.2457602695323927,0.9822626615761332,False,12__0,0.3305697198680899,0,44,Team 12,Finishing,0.8,0,,9.0,1080,5.13,0,4,2015-02-23,0.00802255569856547,False,Watch,0,0.7365023920437405,Review team conditions
46,28,1,0.899555556,0.8556643227499461,0.3145818841390516,0.9874458004206838,False,12__0,0.2551411561112228,0,46,Team 12,Finishing,0.8,0,,15.0,1800,4.6,0,4,2015-02-25,0.05566432274994604,False,Healthy,0,0.6728639162816321,No immediate action
47,29,1,0.590617284,0.8131477511008122,0.2523187507048318,0.982817786327548,False,12__0,0.3227254743734546,1,47,Team 12,Finishing,0.8,0,,9.0,3780,4.6,0,4,2015-02-26,0.013147751100812122,False,Watch,0,0.7304990356227162,Review overtime
48,30,1,0.590617284,0.8083748811055951,0.2466541394680547,0.9822578071700876,False,12__0,0.3298822619024572,1,48,Team 12,Finishing,0.8,0,,9.0,3780,4.6,0,4,2015-02-28,0.008374881105595033,False,Watch,0,0.7356036677020329,Review overtime
50,31,2,0.607654321,0.826635107413895,0.2702531039078133,0.9843011823093374,False,12__0,0.3018282755532303,1,50,Team 12,Finishing,0.8,0,,9.0,3780,4.6,0,1,2015-03-02,0.026635107413894965,False,Watch,0,0.7140480784015241,Review overtime
51,32,2,0.636049383,0.8222515328937533,0.2644723005030437,0.9838025326804312,False,12__0,0.3086015612764011,1,51,Team 12,Finishing,0.8,0,,9.0,3780,4.6,0,1,2015-03-03,0.022251532893753256,False,Watch,0,0.7193302321773875,Review overtime
52,33,2,0.885925926,0.8241950217941464,0.267233884364652,0.9840059491658372,False,12__0,0.3055269835809274,0,52,Team 12,Finishing,0.8,0,,9.0,1080,4.6,0,1,2015-03-04,0.024195021794146343,False,Watch,0,0.7167720648011852,Review team conditions
53,34,2,0.868888889,0.8260678700665389,0.2699136420058354,0.9842030511077576,False,12__0,0.3025578330620037,0,53,Team 12,Finishing,0.8,0,,9.0,1080,4.6,0,1,2015-03-05,0.02606787006653888,False,Watch,0,0.7142894091019223,Review team conditions
54,35,2,0.868888889,0.8272712395179855,0.2716967177539004,0.9843261195206175,False,12__0,0.3006283474635268,0,54,Team 12,Finishing,0.8,0,,9.0,1080,4.6,0,1,2015-03-07,0.02727123951798549,False,Watch,0,0.7126294017667172,Review team conditions
55,36,2,0.945555556,0.8224706774168246,0.2652939306423795,0.9837825894365072,False,12__0,0.3080740217037782,0,55,Team 12,Finishing,0.8,0,,9.0,1080,4.6,0,2,2015-03-08,0.022470677416824514,False,Watch,0,0.7184886587941277,Review team conditions
56,37,2,0.902962963,0.986063320883508,0.8222860720174425,0.9994402533850436,False,12__0,0.0171146762873898,0,56,Team 12,Finishing,0.8,1080,,9.0,0,4.6,0,2,2015-03-09,0.18606332088350797,False,Healthy,0,0.17715418136760108,No immediate action
57,38,2,0.92,0.8212468871345586,0.2638597906044536,0.9836293841871386,False,12__0,0.3099031751663646,0,57,Team 12,Finishing,0.8,0,,9.0,1080,4.6,0,2,2015-03-10,0.02124688713455858,False,Watch,0,0.7197695935826851,Review team conditions
58,39,2,0.922839506,0.821285474866963,0.2640092355642874,0.9836253636612996,False,12__0,0.3098086742755515,0,58,Team 12,Finishing,0.8,0,,9.0,2160,4.6,0,2,2015-03-11,0.021285474866962972,False,Watch,0,0.7196161280970121,Review overtime
0,0,0,0.800570492,0.7720445548239624,0.280528248620543,0.967404707329362,True,12__1,0.3618494294213396,0,0,Team 12,Sewing,0.8,50,968.0,30.5,3660,11.41,0,1,2015-01-01,-0.027955445176037652,True,Watch,0,0.686876458708819,Review staffing
1,1,0,0.800318644,0.810377423445553,0.3345769686597876,0.9734989903117788,True,12__1,0.2960567211871706,0,1,Team 12,Sewing,0.8,63,844.0,59.0,7080,26.16,0,1,2015-01-03,0.010377423445552925,False,Healthy,0,0.6389220216519912,No immediate action
2,2,0,0.800030199,0.7787332685151472,0.3005319084934411,0.9667515790474096,True,12__1,0.3470099629601471,0,2,Team 12,Sewing,0.8,50,1216.0,31.0,6975,11.61,0,1,2015-01-04,-0.021266731484852808,True,Watch,0,0.6662196705539685,Review WIP
3,3,0,0.800246011,0.7784691534201056,0.3042730607503485,0.9660691415249472,True,12__1,0.346113856653915,0,3,Team 12,Sewing,0.8,50,1037.0,32.0,7200,11.61,0,1,2015-01-05,-0.021530846579894458,True,Watch,0,0.6617960807745986,Review staffing
4,4,0,0.800140969,0.783618426980918,0.3136469137804334,0.966604672410969,True,12__1,0.3363711702558682,0,4,Team 12,Sewing,0.8,50,1101.0,31.5,5310,11.61,0,1,2015-01-06,-0.016381573019082052,True,Watch,0,0.6529577586305356,Review WIP
5,5,0,0.800246753,0.7855453726967215,0.3185140052971831,0.9666136488951212,True,12__1,0.3322272333889774,0,5,Team 12,Sewing,0.8,50,1120.0,31.5,5670,11.61,0,1,2015-01-07,-0.014454627303278511,True,Watch,0,0.6480996435979381,Review WIP
6,6,0,0.800107143,0.8071061867385774,0.3499673957975238,0.9704473754366832,True,12__1,0.2938362020203248,0,6,Team 12,Sewing,0.8,63,548.0,31.5,15120,11.61,0,2,2015-01-08,0.007106186738577325,False,Healthy,0,0.6204799796391595,No immediate action
7,7,0,0.800346445,0.7736572525941311,0.3073790779408323,0.963673361652457,True,12__1,0.3513275182238463,0,7,Team 12,Sewing,0.8,50,893.0,31.5,4710,11.61,0,2,2015-01-10,-0.02634274740586895,True,Watch,0,0.6562942837116247,Review staffing
8,8,0,0.800246753,0.7749822752900805,0.3103308250900972,0.963720370704809,False,12__1,0.3486249184181366,0,8,Team 12,Sewing,0.8,50,896.0,31.5,5670,11.61,0,2,2015-01-11,-0.025017724709919587,True,Watch,0,0.6533895456147119,Review staffing
9,9,0,0.80007657,0.7733327765373574,0.3095500076479611,0.963179469097537,False,12__1,0.3510449127641112,0,9,Team 12,Sewing,0.8,50,760.0,31.5,4470,11.61,0,2,2015-01-12,-0.02666722346264261,True,Watch,0,0.6536294614495759,Review staffing
10,10,0,0.800246753,0.7837920142882446,0.3234777843075185,0.9651646594703774,False,12__1,0.3327080582155277,0,10,Team 12,Sewing,0.8,50,1063.0,31.5,5670,11.61,0,2,2015-01-13,-0.016207985711755413,True,Watch,0,0.6416868751628589,Review WIP
11,11,0,0.800313433,0.7906717762889619,0.33338550002366,0.9664063494110572,False,12__1,0.3203675200353831,0,11,Team 12,Sewing,0.8,50,1159.0,31.5,2970,11.61,0,2,2015-01-14,-0.009328223711038142,True,Watch,0,0.6330208493873972,Review WIP
12,12,0,0.80003139,0.7779761814163794,0.3176819533564566,0.9637329557725705,False,12__1,0.3422463233435743,0,12,Team 12,Sewing,0.8,50,1216.0,31.5,4950,11.61,0,3,2015-01-15,-0.02202381858362068,True,Watch,0,0.6460510024161139,Review WIP
13,13,0,0.800246753,0.825326588196373,0.3861825196415119,0.9728751574539032,False,12__1,0.257674243324277,0,13,Team 12,Sewing,0.8,63,1039.0,31.5,5670,11.61,0,3,2015-01-17,0.0253265881963729,False,Healthy,0,0.5866926378123913,No immediate action
14,14,0,0.662255892,0.7278032728334355,0.26261035092616,0.9527945632507462,False,12__1,0.4261127122435574,1,14,Team 12,Sewing,0.8,56,585.0,31.5,5670,26.87,0,3,2015-01-18,-0.07219672716656456,True,High Risk,1,0.6901842123245863,Review staffing
15,15,0,0.35021836,0.6671277682021484,0.2113487766817932,0.9376606183814468,False,12__1,0.10164451200389,0,15,Team 12,Sewing,0.35,23,1111.0,34.0,6120,15.26,0,3,2015-01-19,0.3171277682021484,False,Healthy,0,0.7263118416996536,No immediate action
16,16,0,0.500290419,0.6611699429485615,0.2071988776276379,0.935973437670626,False,12__1,0.2133596382503084,0,16,Team 12,Sewing,0.5,23,1352.0,34.0,3720,15.26,0,3,2015-01-20,0.16116994294856146,False,Healthy,0,0.7287745600429881,No immediate action
17,17,0,0.60017284,0.6472121493362382,0.1976861101486366,0.9319758206582284,False,12__1,0.3211783302825131,0,17,Team 12,Sewing,0.6,23,1245.0,34.0,6360,15.26,0,3,2015-01-21,0.047212149336238185,False,Watch,0,0.7342897105095918,Review WIP
18,18,0,0.600436426,0.6409506840812486,0.1935999601752699,0.930125926970801,False,12__1,0.3291260833316881,0,18,Team 12,Sewing,0.6,23,1492.0,34.0,6960,15.26,0,4,2015-01-22,0.04095068408124858,False,Watch,0,0.7365259667955311,Review WIP
19,19,0,0.750079323,0.694535174291391,0.2349351495967538,0.9441554856634508,False,12__1,0.4167487344046188,0,19,Team 12,Sewing,0.75,40,1316.0,34.0,6120,15.26,0,4,2015-01-24,-0.055464825708609,True,High Risk,1,0.709220336066697,Review WIP
20,20,0,0.70043672,0.6965735737373103,0.2369742604278266,0.9445754136669522,False,12__1,0.3570017150118471,0,20,Team 12,Sewing,0.7,40,1296.0,34.0,6120,15.26,0,4,2015-01-25,-0.0034264262626896302,True,Watch,0,0.7076011532391255,Review WIP
21,21,0,0.70043672,0.6977478976534046,0.2382399655775514,0.9447930285936992,False,12__1,0.355198978962206,0,21,Team 12,Sewing,0.7,40,1337.0,34.0,6120,15.26,0,4,2015-01-26,-0.0022521023465953416,True,Watch,0,0.7065530630161478,Review WIP
22,22,0,0.700164706,0.703344997932191,0.2433280596469392,0.9461179210841854,False,12__1,0.3469757352931892,0,22,Team 12,Sewing,0.7,40,1462.0,34.0,4080,15.26,0,4,2015-01-27,0.0033449979321910073,False,Watch,0,0.7027898614372461,Review WIP
23,23,0,0.750283333,0.7240858455379959,0.2627374986229088,0.9510420096663506,False,12__1,0.3711118980133252,0,23,Team 12,Sewing,0.75,45,1429.0,35.0,3600,15.26,0,4,2015-01-28,-0.02591415446200407,True,Watch,0,0.6883045110434418,Review WIP
24,24,0,0.750646667,0.7741822387437957,0.3179137547269294,0.9621214243783937,False,12__1,0.2913913045051618,0,24,Team 12,Sewing,0.75,45,1436.0,35.0,4200,15.26,0,0,2015-01-29,0.02418223874379566,False,Healthy,0,0.6442076696514643,No immediate action
25,25,0,0.750646667,0.7685853092474821,0.3113857745476276,0.9608819517155104,False,12__1,0.3002932535009608,0,25,Team 12,Sewing,0.75,45,1209.0,35.0,4200,15.26,0,0,2015-01-31,0.01858530924748214,False,Watch,0,0.6494961771678828,Review WIP
26,26,0,0.750450658,0.7547096567550639,0.2953968698804881,0.9578480977358592,False,12__1,0.3225076549320437,0,26,Team 12,Sewing,0.75,45,1276.0,35.0,1440,15.26,0,1,2015-02-01,0.004709656755063851,False,Watch,0,0.6624512278553711,Review WIP
27,27,0,0.800401961,0.8705379950744185,0.4754432325094717,0.9806424360869191,False,12__1,0.1725841801850949,0,27,Team 12,Sewing,0.8,63,12261.0,35.0,3600,15.26,0,1,2015-02-02,0.07053799507441849,False,Healthy,0,0.5051992035774475,No immediate action
28,28,0,0.800259023,0.7622907585622487,0.3044998724019873,0.9594235955751024,False,12__1,0.3674213332067368,0,28,Team 12,Sewing,0.8,50,1029.0,35.0,2040,15.26,0,1,2015-02-03,-0.03770924143775134,True,Watch,0,0.6549237231731151,Review staffing
29,29,0,0.800401961,0.7153522802081772,0.2557396479608774,0.9486367838076948,False,12__1,0.4453152757947231,0,29,Team 12,Sewing,0.8,38,1094.0,34.0,4080,15.26,0,1,2015-02-04,-0.08464771979182284,True,High Risk,1,0.6928971358468174,Review WIP
30,30,0,0.800612676,0.7286151678333486,0.2685865124141373,0.9517679494843369,False,12__1,0.4238106536076664,0,30,Team 12,Sewing,0.8,38,1083.0,34.0,720,15.26,0,1,2015-02-05,-0.07138483216665148,True,High Risk,1,0.6831814370701996,Review WIP
31,31,0,0.800401961,0.8163954360766191,0.377914289209516,0.970468087950102,False,12__1,0.2713394389196494,0,31,Team 12,Sewing,0.8,63,1021.0,34.0,4080,15.26,0,1,2015-02-07,0.016395436076619085,False,Healthy,0,0.592553798740586,No immediate action
32,32,0,0.800355208,0.8113904330711668,0.3703669172796225,0.9694715267823456,False,12__1,0.2803805629945733,0,32,Team 12,Sewing,0.8,63,1026.0,34.0,2880,15.26,0,2,2015-02-08,0.011390433071166717,False,Healthy,0,0.599104609502723,No immediate action
33,33,0,0.800401961,0.8079543014428674,0.365352711643952,0.9687751824857588,False,12__1,0.28654897268102,0,33,Team 12,Sewing,0.8,63,970.0,34.0,4080,15.26,0,2,2015-02-09,0.00795430144286735,False,Healthy,0,0.6034224708418068,No immediate action
34,34,0,0.800401961,0.750290093087313,0.2918078825688559,0.9566038000824516,False,12__1,0.3876077638600108,0,34,Team 12,Sewing,0.8,50,900.0,34.0,4080,15.26,0,2,2015-02-10,-0.04970990691268706,True,Watch,0,0.6647959175135957,Review staffing
35,35,0,0.800401961,0.7502525006258759,0.2918868090112091,0.9565710190184432,False,12__1,0.3876393086265489,0,35,Team 12,Sewing,0.8,50,854.0,34.0,4080,15.26,0,2,2015-02-11,-0.04974749937412415,True,Watch,0,0.6646842100072341,Review staffing
36,36,0,0.800401961,0.7531230949014251,0.2951854729315131,0.9571884866525316,False,12__1,0.382741712407656,0,36,Team 12,Sewing,0.8,50,894.0,34.0,4080,15.26,0,2,2015-02-12,-0.046876905098574895,True,Watch,0,0.6620030137210186,Review staffing
37,37,0,0.800401961,0.8106964795062533,0.3700280434937665,0.9692431769903816,False,12__1,0.2813403337588868,0,37,Team 12,Sewing,0.8,63,942.0,34.0,4080,15.26,0,2,2015-02-14,0.010696479506253298,False,Healthy,0,0.5992151334966151,No immediate action
38,38,0,0.800806306,0.7535883432366213,0.2958664115807356,0.9572601427220044,False,12__1,0.3819065651793812,0,38,Team 12,Sewing,0.8,50,1120.0,34.0,1440,15.26,0,3,2015-02-15,-0.04641165676337877,True,Watch,0,0.6613937311412688,Review WIP
39,39,0,0.800312375,0.7024406764949539,0.2450828608935893,0.9451785500116356,False,12__1,0.4657175777991184,0,39,Team 12,Sewing,0.8,38,1079.0,34.0,3720,15.26,0,3,2015-02-16,-0.09755932350504615,True,High Risk,1,0.7000956891180463,Review WIP
40,40,0,0.800401961,0.7062212884948087,0.2485253334127175,0.9460988708510716,False,12__1,0.459733006593501,0,40,Team 12,Sewing,0.8,38,1133.0,34.0,4080,15.26,0,3,2015-02-17,-0.09377871150519135,True,High Risk,1,0.697573537438354,Review WIP
41,41,1,0.800401961,0.8085139530430543,0.3671510446857393,0.9687588775982257,False,12__1,0.2851327941810231,0,41,Team 12,Sewing,0.8,63,1095.0,34.0,4080,15.26,0,3,2015-02-18,0.008513953043054245,False,Healthy,0,0.6016078329124863,No immediate action
42,42,1,0.800711494,0.7167928783077379,0.2583742208299676,0.9486553138981844,False,12__1,0.4428105493822386,0,42,Team 12,Sewing,0.8,38,1126.0,34.0,1080,15.26,0,3,2015-02-19,-0.08320712169226219,True,High Risk,1,0.6902810930682168,Review WIP
43,43,1,0.800401961,0.80407058443992,0.3607530671213874,0.9678518163997468,False,12__1,0.2931116527182044,0,43,Team 12,Sewing,0.8,63,1103.0,34.0,4080,15.26,0,4,2015-02-22,0.004070584439919922,False,Healthy,0,0.6070987492783595,No immediate action
44,44,1,0.800401961,0.8029146004403566,0.3591635168301648,0.967607593235975,False,12__1,0.2951626592803535,0,44,Team 12,Sewing,0.8,63,1060.0,34.0,4080,15.26,0,4,2015-02-23,0.0029146004403565184,False,Healthy,0,0.6084440764058102,No immediate action
45,45,1,0.800401961,0.7465855447865428,0.2887472078456487,0.9555675472051056,False,12__1,0.3936069545108723,0,45,Team 12,Sewing,0.8,50,1062.0,34.0,4080,15.26,0,4,2015-02-24,-0.053414455213457224,True,Watch,0,0.666820339359457,Review WIP
46,46,1,0.800401961,0.7477059609646917,0.2900342904900014,0.9558065766538032,False,12__1,0.3916981012182486,0,46,Team 12,Sewing,0.8,50,1053.0,34.0,4080,15.26,0,4,2015-02-25,-0.05229403903530838,True,Watch,0,0.6657722861638018,Review WIP
47,47,1,0.800401961,0.8052769824180814,0.3628593437902697,0.9680469100490432,False,12__1,0.2907896685198692,0,47,Team 12,Sewing,0.8,63,1065.0,34.0,4080,15.26,0,4,2015-02-26,0.0052769824180813885,False,Healthy,0,0.6051875662587736,No immediate action
48,48,1,0.800260821,0.8081172951358945,0.3671586964261011,0.9686008095845252,False,12__1,0.2856018180791976,0,48,Team 12,Sewing,0.8,62,1194.0,34.0,1700,15.26,0,4,2015-02-28,0.008117295135894431,False,Healthy,0,0.6014421131584241,No immediate action
49,49,1,0.800401961,0.8286528748046922,0.3998749119996861,0.9725803951841652,False,12__1,0.2479269298296866,0,49,Team 12,Sewing,0.8,63,1106.0,34.0,4080,15.26,0,1,2015-03-01,0.02865287480469214,False,Healthy,0,0.5727054831844791,No immediate action
50,50,2,0.800401961,0.8264198549036611,0.3962064540944898,0.9721459986726018,False,12__1,0.2520148313146119,0,50,Team 12,Sewing,0.8,63,1035.0,34.0,4080,15.26,0,1,2015-03-02,0.026419854903661055,False,Healthy,0,0.5759395445781119,No immediate action
51,51,2,0.800401961,0.7728222729065339,0.3195459453357873,0.9612648899147008,False,12__1,0.3484154409304002,0,51,Team 12,Sewing,0.8,50,983.0,34.0,4080,15.26,0,1,2015-03-03,-0.02717772709346611,True,Watch,0,0.6417189445789135,Review staffing
52,52,2,0.800401961,0.7728117944250534,0.3195876579249472,0.961253195334992,False,12__1,0.3484154678476917,0,52,Team 12,Sewing,0.8,50,961.0,34.0,4080,15.26,0,1,2015-03-04,-0.02718820557494661,True,Watch,0,0.6416655374100448,Review staffing
53,53,2,0.800401961,0.7733774848725306,0.3203395433670044,0.961365478388023,False,12__1,0.3474088490339094,0,53,Team 12,Sewing,0.8,50,959.0,34.0,4080,15.26,0,1,2015-03-05,-0.026622515127469493,True,Watch,0,0.6410259350210186,Review staffing
54,54,2,0.850520588,0.8697942810609847,0.479154235185002,0.9800924879207614,False,12__1,0.1713699565285925,0,54,Team 12,Sewing,0.8,75,986.0,34.0,4080,15.26,0,1,2015-03-07,0.06979428106098462,False,Healthy,0,0.5009382527357594,No immediate action
55,55,2,0.800401961,0.8215747520794148,0.3885533417462098,0.9711793664967936,False,12__1,0.2608039229493434,0,55,Team 12,Sewing,0.8,63,1064.0,34.0,4080,15.26,0,2,2015-03-08,0.021574752079414727,False,Healthy,0,0.5826260247505838,No immediate action
56,56,2,0.800401961,0.8226673269386002,0.3903800168346941,0.9713840934634388,False,12__1,0.2587706143983352,0,56,Team 12,Sewing,0.8,63,1132.0,34.0,4080,15.26,0,2,2015-03-09,0.022667326938600185,False,Healthy,0,0.5810040766287448,No immediate action
57,57,2,0.800401961,0.820781447749372,0.3873813197877901,0.9710128112674984,False,12__1,0.2622141904294969,0,57,Team 12,Sewing,0.8,63,1069.0,34.0,4080,15.26,0,2,2015-03-10,0.020781447749371962,False,Healthy,0,0.5836314914797083,No immediate action
58,58,2,0.800401961,0.7989246107201203,0.3541479001942446,0.9667033221314084,False,12__1,0.3020718945667137,0,58,Team 12,Sewing,0.8,63,470.0,34.0,4080,15.26,0,2,2015-03-11,-0.0010753892798797127,True,Watch,0,0.6125554219371638,Review staffing
0,0,0,0.8865,0.588023305693911,0.1050538228873254,0.9456795733708396,True,1__0,0.5549490168183792,0,0,Team 1,Finishing,0.75,0,,8.0,960,3.94,0,1,2015-01-01,-0.16197669430608896,True,High Risk,1,0.8406257504835142,Review team conditions
1,1,0,0.902916667,0.6410276028687731,0.1305530467223819,0.9552487484050552,True,1__0,0.5463761535674495,0,1,Team 1,Finishing,0.8,0,,8.0,960,3.94,0,1,2015-01-03,-0.1589723971312269,True,High Risk,1,0.8246957016826734,Review team conditions
2,2,0,0.915229167,0.6839908403473443,0.1562109900060275,0.9622401779145586,True,1__0,0.4954582816526275,0,2,Team 1,Finishing,0.8,0,,8.0,960,3.94,0,1,2015-01-04,-0.11600915965265579,True,High Risk,1,0.8060291879085311,Review team conditions
3,3,0,0.961059028,0.7147799053511967,0.1784766490183193,0.9668382599681752,True,1__0,0.4562010823931818,0,3,Team 1,Finishing,0.8,0,,8.0,1920,3.94,0,1,2015-01-05,-0.08522009464880331,True,High Risk,1,0.7883616109498559,Review overtime
4,4,0,0.936496212,0.7584032531950429,0.2157676445838952,0.9731336468101144,True,1__0,0.3964144674649676,0,4,Team 1,Finishing,0.8,0,,8.0,1440,3.94,0,1,2015-01-06,-0.041596746804957174,True,Watch,0,0.7573660022262192,Review team conditions
5,5,0,0.951420455,0.7821046691721264,0.2409498950381205,0.9762585756236614,True,1__0,0.3614959658235129,0,5,Team 1,Finishing,0.8,0,,8.0,1440,3.94,0,1,2015-01-07,-0.017895330827873646,True,Watch,0,0.7353086805855409,Review team conditions
6,6,0,0.947689394,0.7977270649432286,0.2600420868909509,0.9782149404649132,True,1__0,0.3373887641966815,0,6,Team 1,Finishing,0.8,0,,8.0,1440,3.94,0,2,2015-01-08,-0.002272935056771397,True,Watch,0,0.7181728535739623,Review team conditions
7,7,0,0.985,0.8134511023503219,0.2811209672329274,0.9801629634538068,True,1__0,0.3123558926734557,0,7,Team 1,Finishing,0.8,0,,8.0,2160,3.94,0,2,2015-01-10,0.013451102350321875,False,Watch,0,0.6990419962208794,Review overtime
8,8,0,0.873068182,0.8417745148795013,0.3241897818701954,0.9836564529377896,False,1__0,0.2656014422365739,0,8,Team 1,Finishing,0.8,0,,8.0,1440,3.94,0,2,2015-01-11,0.041774514879501234,False,Healthy,0,0.6594666710675942,No immediate action
9,9,0,0.955151515,0.8439819188869707,0.3289235215526917,0.9838491155747048,False,1__0,0.2614609487656816,0,9,Team 1,Finishing,0.8,0,,8.0,1440,3.94,0,2,2015-01-12,0.04398191888697067,False,Healthy,0,0.6549255940220131,No immediate action
10,10,0,0.951420455,0.7300580077771639,0.1931390140689074,0.9685917279211436,False,1__0,0.4354031530844851,0,10,Team 1,Finishing,0.8,0,,2.0,1440,3.94,0,2,2015-01-13,-0.06994199222283615,True,High Risk,1,0.7754527138522361,Review staffing
11,11,0,0.891723485,0.8688506576219047,0.3770348369324502,0.9867257546740082,False,1__0,0.2176168296671486,0,11,Team 1,Finishing,0.8,0,,8.0,1440,3.94,0,2,2015-01-14,0.06885065762190468,False,Healthy,0,0.609690917741558,No immediate action
12,12,0,0.884261364,0.861923712186014,0.3639694201525492,0.9858533522292108,False,1__0,0.2295042450888719,0,12,Team 1,Finishing,0.8,0,,8.0,1440,3.94,0,3,2015-01-15,0.061923712186014,False,Healthy,0,0.6218839320766616,No immediate action
13,13,0,0.884261364,0.863162695830424,0.3670851106064663,0.985959503754102,False,1__0,0.2270477773390432,0,13,Team 1,Finishing,0.8,0,,8.0,1440,3.94,0,3,2015-01-17,0.063162695830424,False,Healthy,0,0.6188743931476357,No immediate action
17,14,0,0.505128205,0.8624214480555176,0.3662555612448799,0.9858318359729816,False,1__0,0.1312232037789817,1,17,Team 1,Finishing,0.65,0,,8.0,2400,3.94,0,3,2015-01-21,0.21242144805551755,False,Healthy,0,0.6195762747281017,No immediate action
18,15,0,0.649662222,0.9058595837793564,0.4682833211404209,0.9909126344599528,False,1__0,0.098162307766037,0,18,Team 1,Finishing,0.7,0,,25.0,15000,3.94,0,4,2015-01-22,0.20585958377935643,False,Healthy,0,0.5226293133195319,No immediate action
19,16,0,0.578314394,0.8395865868654101,0.3265269944258437,0.9829288366488176,False,1__0,0.1900477049378445,1,19,Team 1,Finishing,0.7,0,,8.0,1440,3.94,0,4,2015-01-24,0.13958658686541014,False,Healthy,0,0.6564018422229738,No immediate action
20,17,0,0.970075758,0.8315606097236042,0.3142696958910764,0.9818608492804184,False,1__0,0.2009888216231692,0,20,Team 1,Finishing,0.7,0,,8.0,1440,3.94,0,4,2015-01-25,0.13156060972360428,False,Healthy,0,0.6675911533893419,No immediate action
21,18,0,0.910378788,0.8562929431575306,0.3566411780583134,0.9849507651102812,False,1__0,0.1662513998681581,0,21,Team 1,Finishing,0.7,0,,10.0,1800,3.94,0,4,2015-01-26,0.15629294315753062,False,Healthy,0,0.6283095870519678,No immediate action
22,19,0,0.77815,0.8604234923821056,0.3648567695884519,0.985433304231204,False,1__0,0.1925969257762005,0,22,Team 1,Finishing,0.75,0,,10.0,1200,3.94,0,4,2015-01-27,0.11042349238210558,False,Healthy,0,0.6205765346427521,No immediate action
23,20,0,0.9456,0.8577867457966911,0.3601950055664582,0.9850854460405396,False,1__0,0.1965925995942113,0,23,Team 1,Finishing,0.75,0,,10.0,1200,3.94,0,4,2015-01-28,0.10778674579669112,False,Healthy,0,0.6248904404740814,No immediate action
24,21,0,0.853666667,0.8911920549636683,0.4334597467574107,0.98905429891179,False,1__0,0.1431354340551777,0,24,Team 1,Finishing,0.75,0,,10.0,1200,3.94,0,0,2015-01-29,0.14119205496366827,False,Healthy,0,0.5555945521543793,No immediate action
25,22,0,0.971866667,0.9080406725070556,0.4796370079163736,0.9909687530104436,False,1__0,0.1159106353928964,0,25,Team 1,Finishing,0.75,0,,15.0,1800,3.94,0,0,2015-01-31,0.15804067250705556,False,Healthy,0,0.51133174509407,No immediate action
26,23,0,0.950438596,0.911969029755956,0.4913453807989211,0.9914139159352612,False,1__0,0.1096507476622007,0,26,Team 1,Finishing,0.75,0,,19.0,2280,3.94,0,1,2015-02-01,0.16196902975595595,False,Healthy,0,0.5000685351363401,No immediate action
27,24,0,0.504596491,0.913780137002108,0.4973775237864539,0.9916014102531184,False,1__0,0.1065858633150111,1,27,Team 1,Finishing,0.75,0,,19.0,2280,3.94,0,1,2015-02-02,0.16378013700210803,False,Healthy,0,0.49422388646666454,No immediate action
28,25,0,0.99485,0.8769581773125638,0.4009245489381329,0.9873245956257528,False,1__0,0.2004203559879125,0,28,Team 1,Finishing,0.8,0,,10.0,1200,3.94,0,1,2015-02-03,0.07695817731256371,False,Healthy,0,0.5864000466876199,No immediate action
29,26,0,0.929183333,0.8877611087589983,0.4263683169816112,0.9885883272375784,False,1__0,0.180674111206097,0,29,Team 1,Finishing,0.8,0,,10.0,1200,3.94,0,1,2015-02-04,0.08776110875899823,False,Healthy,0,0.5622200102559671,No immediate action
30,27,0,0.845458333,0.89773536505628,0.4521856951153985,0.9897336955524312,False,1__0,0.16218369598726,0,30,Team 1,Finishing,0.8,0,,12.0,1440,3.94,0,1,2015-02-05,0.09773536505628,False,Healthy,0,0.5375480004370327,No immediate action
31,28,0,0.870083333,0.8879050370934358,0.4271782781825554,0.9885833333695864,False,1__0,0.1802203158608434,0,31,Team 1,Finishing,0.8,0,,10.0,1200,3.94,0,1,2015-02-07,0.08790503709343578,False,Healthy,0,0.561405055187031,No immediate action
32,29,0,0.893066667,0.8832117835205306,0.4161200303184804,0.988020648224018,False,1__0,0.1887093232755727,0,32,Team 1,Finishing,0.8,0,,10.0,1200,3.94,0,2,2015-02-08,0.0832117835205306,False,Healthy,0,0.5719006179055377,No immediate action
33,30,0,0.962016667,0.8835093882158481,0.417016354765407,0.9880460104189048,False,1__0,0.188085678336579,0,33,Team 1,Finishing,0.8,0,,10.0,1200,3.94,0,2,2015-02-09,0.08350938821584808,False,Healthy,0,0.5710296556534978,No immediate action
34,31,0,0.853666667,0.8955255799626581,0.4471254188249777,0.9894436249405848,False,1__0,0.1659397656324331,0,34,Team 1,Finishing,0.8,0,,12.0,1440,3.94,0,2,2015-02-10,0.09552557996265809,False,Healthy,0,0.5423182061156071,No immediate action
35,32,0,0.618361111,0.894516765276746,0.4446594265645956,0.9893189302857268,False,1__0,0.16773212697402,1,35,Team 1,Finishing,0.8,0,,12.0,1440,3.94,0,2,2015-02-11,0.0945167652767459,False,Healthy,0,0.5446595037211313,No immediate action
36,33,0,0.664875,0.8901715268038679,0.4337166092224054,0.9888052019726192,False,1__0,0.1756760335135433,1,36,Team 1,Finishing,0.8,0,,12.0,1440,3.94,0,2,2015-02-12,0.09017152680386786,False,Healthy,0,0.5550885927502138,No immediate action
37,34,0,0.796208333,0.8864353096705252,0.4246734544064182,0.988358668021197,False,1__0,0.1824645350909985,0,37,Team 1,Finishing,0.8,0,,12.0,1440,3.94,0,2,2015-02-14,0.08643530967052515,False,Healthy,0,0.5636852136147787,No immediate action
38,35,0,1.1204375,0.8545732405195293,0.3572825786646575,0.9844788555418348,False,1__0,0.2394022225476305,0,38,Team 1,Finishing,0.8,0,,8.0,960,3.94,0,3,2015-02-15,0.054573240519529276,False,Healthy,0,0.6271962768771773,No immediate action
43,36,1,0.727349537,0.8866011878199119,0.425350756549039,0.9883648334785504,False,1__0,0.1820462529463974,0,43,Team 1,Finishing,0.8,0,,12.0,2880,3.94,0,4,2015-02-22,0.08660118781991188,False,Healthy,0,0.5630140769295114,No immediate action
47,37,1,0.768847222,0.8610207850580117,0.3697524379875047,0.9852684614981954,False,1__0,0.0689103433998209,0,47,Team 1,Finishing,0.5,0,,8.0,3360,3.94,0,4,2015-02-26,0.3610207850580117,False,Healthy,0,0.6155160235106907,No immediate action
48,38,1,0.768847222,0.859115788231989,0.3662083496516924,0.985022565689423,False,1__0,0.0703381633326042,0,48,Team 1,Finishing,0.5,0,,8.0,3360,3.94,0,4,2015-02-28,0.359115788231989,False,Healthy,0,0.6188142160377306,No immediate action
49,39,1,0.448722222,0.8748976294041876,0.3986179008566199,0.9869551027707,False,1__0,0.0918178159407712,1,49,Team 1,Finishing,0.6,0,,8.0,3360,3.94,0,1,2015-03-01,0.2748976294041876,False,Healthy,0,0.58833720191408,No immediate action
50,40,2,0.537919444,0.86900048870091,0.3861707545268941,0.9862301822901328,False,1__0,0.120277681940916,1,50,Team 1,Finishing,0.65,0,,8.0,3360,3.94,0,1,2015-03-02,0.21900048870090993,False,Healthy,0,0.6000594277632387,No immediate action
51,41,2,0.555430556,0.8641453221340293,0.3763969721169964,0.9856252987105464,False,1__0,0.1531932247641464,1,51,Team 1,Finishing,0.7,0,,8.0,3360,3.94,0,1,2015-03-03,0.16414532213402933,False,Healthy,0,0.60922832659355,No immediate action
52,42,2,0.806879167,0.8643439688358019,0.3769029018139536,0.9856431297560811,False,1__0,0.1528664391079647,0,52,Team 1,Finishing,0.7,0,,8.0,960,3.94,0,1,2015-03-04,0.16434396883580193,False,Healthy,0,0.6087402279421276,No immediate action
53,43,2,0.812625,0.863185749919765,0.3747015321989852,0.9854930874087756,False,1__0,0.154448005000207,0,53,Team 1,Finishing,0.7,0,,8.0,960,3.94,0,1,2015-03-05,0.1631857499197651,False,Healthy,0,0.6107915552097904,No immediate action
54,44,2,0.664875,0.8621663060285296,0.3727893015830816,0.9853601495283728,False,1__0,0.1558364998806121,0,54,Team 1,Finishing,0.7,0,,8.0,960,3.94,0,1,2015-03-07,0.16216630602852966,False,Healthy,0,0.6125708479452912,No immediate action
55,45,2,0.890604167,0.8539774098041953,0.3573200405222746,0.9843258115129856,False,1__0,0.2007482363796405,0,55,Team 1,Finishing,0.75,0,,8.0,960,3.94,0,2,2015-03-08,0.10397740980419534,False,Healthy,0,0.627005770990711,No immediate action
56,46,2,0.794566667,0.990138751439702,0.8881554943856169,0.9995657053950564,False,1__0,0.0042132229978008,0,56,Team 1,Finishing,0.75,960,,8.0,0,3.94,0,2,2015-03-09,0.24013875143970198,False,Healthy,0,0.11141021100943949,No immediate action
57,47,2,0.880754167,0.8472337386627716,0.3453908512722044,0.983454793998042,False,1__0,0.2112419606014747,0,57,Team 1,Finishing,0.75,0,,8.0,960,3.94,0,2,2015-03-10,0.09723373866277163,False,Healthy,0,0.6380639427258377,No immediate action
58,48,2,0.812625,0.8452357840417455,0.3420172589460296,0.983191057281028,False,1__0,0.2143194382885299,0,58,Team 1,Finishing,0.75,0,,8.0,1920,3.94,0,2,2015-03-11,0.09523578404174549,False,Healthy,0,0.6411737983349983,No immediate action
0,0,0,0.750427826,0.728856009069063,0.1488821184180194,0.9766636183254952,True,1__1,0.3994158937421646,0,0,Team 1,Sewing,0.75,45,681.0,57.5,6900,28.08,0,1,2015-01-01,-0.021143990930936996,True,Watch,0,0.8277814999074757,Review overtime
1,1,0,0.800725314,0.7545446411332045,0.1690972328384658,0.9792304165478536,True,1__1,0.4118337122728452,0,1,Team 1,Sewing,0.8,50,772.0,56.5,6300,28.08,0,1,2015-01-03,-0.045455358866795526,True,High Risk,1,0.8101331837093878,Review staffing
2,2,0,0.800318644,0.8258215421826074,0.2410446624413768,0.986406267487924,True,1__1,0.3130242335477047,0,2,Team 1,Sewing,0.8,63,1033.0,59.0,7080,26.16,0,1,2015-01-04,0.02582154218260735,False,Watch,0,0.7453616050465472,Review overtime
3,3,0,0.800318644,0.8255512706394293,0.2430154990793292,0.9862048652718832,True,1__1,0.3126211903892321,0,3,Team 1,Sewing,0.8,63,1138.0,59.0,7080,26.16,0,1,2015-01-05,0.025551270639429302,False,Watch,0,0.743189366192554,Review WIP
4,4,0,0.850502311,0.8673605662113345,0.3090794279780717,0.9899938552778792,True,1__1,0.2456869700935367,0,4,Team 1,Sewing,0.8,75,1187.0,59.0,10620,26.16,0,1,2015-01-06,0.06736056621133446,False,Healthy,0,0.6809144272998076,No immediate action
5,5,0,0.850502311,0.8658688389045991,0.3083645546558182,0.9897603112111428,True,1__1,0.2474139933656167,0,5,Team 1,Sewing,0.8,75,1179.0,59.0,10620,26.16,0,1,2015-01-07,0.06586883890459905,False,Healthy,0,0.6813957565553246,No immediate action
6,6,0,0.850502311,0.8599714065057342,0.2995234902743813,0.9891342617229936,True,1__1,0.2565678206838006,0,6,Team 1,Sewing,0.8,75,1189.0,59.0,10620,26.16,0,2,2015-01-08,0.05997140650573418,False,Healthy,0,0.6896107714486123,No immediate action
7,7,0,0.800117103,0.8149988913829986,0.2361917575084391,0.9846482654261596,True,1__1,0.3262072479136449,0,7,Team 1,Sewing,0.8,63,1335.0,59.0,10620,26.16,0,2,2015-01-10,0.014998891382998591,False,Watch,0,0.7484565079177204,Review WIP
8,8,0,0.850502311,0.8613841557978684,0.3045648979438216,0.989129954586916,False,1__1,0.2532636407995567,0,8,Team 1,Sewing,0.8,75,1383.0,59.0,10620,26.16,0,2,2015-01-11,0.06138415579786838,False,Healthy,0,0.6845650566430944,No immediate action
9,9,0,0.850522167,0.8572727970767868,0.2987221944334288,0.9886730167924316,False,1__1,0.2595591427177111,0,9,Team 1,Sewing,0.8,75,1099.0,59.0,8220,26.16,0,2,2015-01-12,0.057272797076786786,False,Healthy,0,0.6899508223590027,No immediate action
10,10,0,0.850502311,0.8554376060688687,0.2965691737811561,0.988444804086162,False,1__1,0.2622088694095235,0,10,Team 1,Sewing,0.8,75,1073.0,59.0,10620,26.16,0,2,2015-01-13,0.055437606068868606,False,Healthy,0,0.6918756303050059,No immediate action
11,11,0,0.800117103,0.807653004063433,0.2312392644045896,0.983554119762265,False,1__1,0.3357979853221475,0,11,Team 1,Sewing,0.8,63,1092.0,59.0,10620,26.16,0,2,2015-01-14,0.007653004063432944,False,Watch,0,0.7523148553576754,Review WIP
12,12,0,0.850502311,0.8473682121132178,0.2849502375341899,0.9875751740040976,False,1__1,0.2747380827506985,0,12,Team 1,Sewing,0.8,75,1160.0,59.0,10620,26.16,0,3,2015-01-15,0.047368212113217734,False,Healthy,0,0.7026249364699076,No immediate action
13,13,0,0.800117103,0.7056273889632348,0.1472850365104691,0.9710966807761298,False,1__1,0.4703160499905482,0,13,Team 1,Sewing,0.8,63,171.0,59.0,10620,48.68,0,3,2015-01-17,-0.0943726110367652,True,High Risk,1,0.8238116442656607,Review overtime
14,14,0,0.403242161,0.6027183250878891,0.0982643656490925,0.9549796600999916,False,1__1,0.5837346998040295,1,14,Team 1,Sewing,0.8,24,1381.0,57.5,10350,49.1,0,3,2015-01-18,-0.1972816749121109,True,High Risk,1,0.8567152944508991,Review WIP
15,15,0,0.549969429,0.675371550341468,0.1310065474541047,0.966599609696926,False,1__1,0.2581323352505194,0,15,Team 1,Sewing,0.5,30,1492.0,56.5,10170,22.94,0,3,2015-01-19,0.175371550341468,False,Healthy,0,0.8355930622428214,No immediate action
17,16,0,0.700029771,0.6858733006824542,0.1368985256780823,0.9680667778180354,False,1__1,0.3603547593341488,0,17,Team 1,Sewing,0.65,34,1595.0,57.0,10260,22.94,0,3,2015-01-21,0.0358733006824542,False,Watch,0,0.831168252139953,Review WIP
18,17,0,0.750162367,0.7950118915415624,0.220136434266057,0.981902332908836,False,1__1,0.2713024088903103,0,18,Team 1,Sewing,0.7,63,1384.0,57.0,12180,22.94,0,4,2015-01-22,0.09501189154156242,False,Healthy,0,0.761765898642779,No immediate action
19,18,0,0.800643806,0.8462077328223724,0.2860894814768577,0.9872747770433022,False,1__1,0.2036907072366065,0,19,Team 1,Sewing,0.7,75,1472.0,57.0,10260,22.94,0,4,2015-01-24,0.14620773282237243,False,Healthy,0,0.7011852955664446,No immediate action
20,19,0,0.800909609,0.8480595840048291,0.2893498960589934,0.987437748729655,False,1__1,0.2010156115048612,0,20,Team 1,Sewing,0.7,75,1682.0,58.5,10530,22.94,0,4,2015-01-25,0.1480595840048291,False,Healthy,0,0.6980878526706615,No immediate action
21,20,0,0.800023511,0.7826225336818856,0.2085155216343806,0.980398539385384,False,1__1,0.2865947554739396,0,21,Team 1,Sewing,0.7,60,1745.0,58.0,10440,22.94,0,4,2015-01-26,0.08262253368188566,False,Healthy,0,0.7718830177510034,No immediate action
22,21,0,0.800263218,0.7645006527803876,0.1922123969623432,0.9782300163485316,False,1__1,0.3500539018047439,0,22,Team 1,Sewing,0.75,55,1871.0,58.0,6960,22.94,0,4,2015-01-27,0.01450065278038759,False,Watch,0,0.7860176193861883,Review WIP
23,22,0,0.850362069,0.8719101395404127,0.3326937275272475,0.989698448136607,False,1__1,0.197469968787867,0,23,Team 1,Sewing,0.75,81,1868.0,58.0,6960,22.94,0,4,2015-01-28,0.12191013954041274,False,Healthy,0,0.6570047206093594,No immediate action
24,23,0,0.850362069,0.895801917544265,0.386719391292955,0.9918885507467832,False,1__1,0.1591230313827087,0,24,Team 1,Sewing,0.75,81,1579.0,58.0,6960,22.94,0,0,2015-01-29,0.14580191754426497,False,Healthy,0,0.6051691594538282,No immediate action
25,24,0,0.850362069,0.8936946968594685,0.3817964807117877,0.9916848624779672,False,1__1,0.1624153783405358,0,25,Team 1,Sewing,0.75,81,1502.0,58.0,6960,22.94,0,0,2015-01-31,0.14369469685946845,False,Healthy,0,0.6098883817661795,No immediate action
26,25,0,1.000402055,0.9450378626364524,0.5570247081844656,0.996119419233562,False,1__1,0.0945150606446262,0,26,Team 1,Sewing,0.8,113,1582.0,58.5,3060,22.94,0,1,2015-02-01,0.14503786263645235,False,Healthy,0,0.43909471104909636,No immediate action
27,26,0,1.000602279,0.9677437947222974,0.6839119391631324,0.9979594256770024,False,1__1,0.0489312441189419,0,27,Team 1,Sewing,0.8,113,16882.0,58.5,7020,22.94,0,1,2015-02-02,0.1677437947222974,False,Healthy,0,0.31404748651386993,No immediate action
28,27,0,1.000018551,0.9585748164302468,0.628721742477972,0.9972033296178444,False,1__1,0.066702524319394,0,28,Team 1,Sewing,0.8,113,1500.0,57.5,6900,22.52,0,1,2015-02-03,0.15857481643024673,False,Healthy,0,0.36848158713987245,No immediate action
29,28,0,0.900147246,0.9355041026919834,0.5164790584782176,0.995301861607646,False,1__1,0.1132034132115551,0,29,Team 1,Sewing,0.8,88,1532.0,57.5,6900,22.52,0,1,2015-02-04,0.13550410269198332,False,Healthy,0,0.4788228031294284,No immediate action
30,29,0,1.000018551,0.9637040314695176,0.6604358253643848,0.9976049302952276,False,1__1,0.0561316056453512,0,30,Team 1,Sewing,0.8,113,1485.0,57.5,6900,22.52,0,1,2015-02-05,0.1637040314695175,False,Healthy,0,0.33716910493084273,No immediate action
31,30,0,0.900135693,0.9424649010716978,0.5470803000950689,0.9958725189138772,False,1__1,0.0990426671894528,0,31,Team 1,Sewing,0.8,88,1534.0,57.0,6780,22.52,0,1,2015-02-07,0.14246490107169774,False,Healthy,0,0.44879221881880826,No immediate action
32,31,0,0.900135693,0.9395847422510044,0.5344644602653125,0.9956293291377716,False,1__1,0.1047757605848511,0,32,Team 1,Sewing,0.8,88,1615.0,56.5,6780,22.52,0,2,2015-02-08,0.13958474225100437,False,Healthy,0,0.4611648688724591,No immediate action
33,32,0,0.900509044,0.9012214141430068,0.4034702846388118,0.9922883706685538,False,1__1,0.1788453123591361,0,33,Team 1,Sewing,0.8,70,1506.0,57.0,3600,22.52,0,2,2015-02-09,0.10122141414300678,False,Healthy,0,0.5888180860297421,No immediate action
34,33,0,0.90047076,0.9522826282704115,0.5940196648502534,0.9966948675026552,False,1__1,0.0794786178967936,0,34,Team 1,Sewing,0.8,88,1546.0,57.0,0,22.52,0,2,2015-02-10,0.1522826282704115,False,Healthy,0,0.40267520265240186,No immediate action
35,34,0,1.000065789,0.9731892318142512,0.7256127034736515,0.9983541701310156,False,1__1,0.0373825220334416,0,35,Team 1,Sewing,0.8,113,1498.0,57.0,0,22.52,0,2,2015-02-11,0.17318923181425117,False,Healthy,0,0.2727414666573641,No immediate action
36,35,0,1.100483918,0.985252487904147,0.8278807623056254,0.9992819308294238,False,1__1,0.0154284530671994,0,36,Team 1,Sewing,0.8,138,1397.0,57.0,0,22.52,0,2,2015-02-12,0.18525248790414695,False,Healthy,0,0.1714011685237985,No immediate action
37,36,0,1.000230409,0.9714704023938064,0.7144603053529067,0.9982033080229747,False,1__1,0.0402912403456317,0,37,Team 1,Sewing,0.8,113,1416.0,57.0,6840,22.52,0,2,2015-02-14,0.1714704023938064,False,Healthy,0,0.283743002670068,No immediate action
38,37,0,1.000230409,0.9726693739752524,0.7234117054185448,0.9982959449349488,False,1__1,0.0379182532435563,0,38,Team 1,Sewing,0.8,113,1420.0,57.0,6840,22.52,0,3,2015-02-15,0.1726693739752524,False,Healthy,0,0.27488423951640395,No immediate action
39,38,0,1.000230409,0.9755108922850816,0.745209003209784,0.9985170906155736,False,1__1,0.0324365673465553,0,39,Team 1,Sewing,0.8,113,1422.0,57.0,6840,22.52,0,3,2015-02-16,0.17551089228508154,False,Healthy,0,0.2533080874057896,No immediate action
40,39,0,1.000230409,0.9780214115923834,0.7654545142983077,0.9987116789926596,False,1__1,0.0277119161560336,0,40,Team 1,Sewing,0.8,113,1445.0,57.0,6840,22.52,0,3,2015-02-17,0.17802141159238338,False,Healthy,0,0.23325716469435187,No immediate action
41,40,1,0.800279693,0.924030458247054,0.4752705536733713,0.99426619256987,False,1__1,0.1349332526230013,0,41,Team 1,Sewing,0.8,63,1374.0,57.0,3960,22.52,0,3,2015-02-18,0.12403045824705394,False,Healthy,0,0.5189956388964987,No immediate action
42,41,1,0.800470513,0.8986034707241503,0.3978171101471626,0.9920062966200854,False,1__1,0.1831754211548101,0,42,Team 1,Sewing,0.8,63,265.0,57.0,3840,22.52,0,3,2015-02-19,0.09860347072415021,False,Healthy,0,0.5941891864729228,No immediate action
45,42,1,0.268214286,0.7123769262707729,0.1529280159834901,0.9716947505472564,False,1__1,0.2930099597493831,1,45,Team 1,Sewing,0.6,0,708.0,42.0,5040,22.53,1,4,2015-02-24,0.11237692627077289,False,Healthy,0,0.8187667345637664,No immediate action
46,43,1,0.581130952,0.6971518565231716,0.1438852453015776,0.9695325736004368,False,1__1,0.3477432103230553,0,46,Team 1,Sewing,0.65,0,762.0,42.0,5040,22.53,1,4,2015-02-25,0.047151856523171554,False,Watch,0,0.8256473282988592,Review incentive
47,44,1,0.378895152,0.8066882603986929,0.2364617274437843,0.9828524259398264,False,1__1,0.0738083264163013,0,47,Team 1,Sewing,0.35,23,1164.0,55.0,6600,26.66,2,4,2015-02-26,0.4566882603986929,False,Healthy,0,0.746390698496042,No immediate action
48,45,1,0.550349708,0.8277930965068256,0.2633485168705245,0.9850966251273472,False,1__1,0.1179309940498982,0,48,Team 1,Sewing,0.5,30,1448.0,57.0,6840,26.66,2,4,2015-02-28,0.32779309650682564,False,Healthy,0,0.7217481082568227,No immediate action
49,46,1,0.700019883,0.8521179979136962,0.3009940852336093,0.9875351563228062,False,1__1,0.1389622007692128,0,49,Team 1,Sewing,0.6,38,1578.0,57.0,6840,26.66,0,1,2015-03-01,0.25211799791369627,False,Healthy,0,0.6865410710891968,No immediate action
50,47,2,0.800579532,0.9196882401039418,0.4608510480247848,0.9938744846098244,False,1__1,0.0790744098066572,0,50,Team 1,Sewing,0.65,65,1527.0,57.0,6840,26.66,0,1,2015-03-02,0.26968824010394177,False,Healthy,0,0.5330234365850396,No immediate action
51,48,2,0.800566092,0.9065650723167598,0.4203040493103839,0.992705773410018,False,1__1,0.1157967301089948,0,51,Team 1,Sewing,0.7,60,1562.0,58.0,6960,26.66,0,1,2015-03-03,0.2065650723167598,False,Healthy,0,0.5724017240996341,No immediate action
52,49,2,0.750651724,0.8802333549896569,0.354727900234818,0.9902693769633372,False,1__1,0.1537308731135538,0,52,Team 1,Sewing,0.7,50,1772.0,58.0,6960,26.82,0,1,2015-03-04,0.18023335498965698,False,Healthy,0,0.6355414767285192,No immediate action
53,50,2,0.750651724,0.873830200303213,0.3414720971302445,0.9896480637772338,False,1__1,0.1627360698045511,0,53,Team 1,Sewing,0.7,50,1373.0,58.0,6960,26.82,0,1,2015-03-05,0.17383020030321306,False,Healthy,0,0.6481759666469893,No immediate action
54,51,2,0.850045,0.9229511055304306,0.4723588161224789,0.9941506144301936,False,1__1,0.0917648572057877,0,54,Team 1,Sewing,0.7,70,1267.0,58.0,8160,26.82,0,1,2015-03-07,0.22295110553043063,False,Healthy,0,0.5217917983077147,No immediate action
55,52,2,0.85007069,0.9067750444778806,0.421266288538935,0.9927134062606464,False,1__1,0.1391588848038387,0,55,Team 1,Sewing,0.75,65,1254.0,58.0,6960,26.82,0,2,2015-03-08,0.1567750444778806,False,Healthy,0,0.5714471177217114,No immediate action
56,53,2,0.850426891,0.906965392451166,0.4218726360700506,0.9927287180625268,False,1__1,0.1388206627855468,0,56,Team 1,Sewing,0.75,65,1322.0,59.0,7140,26.82,0,2,2015-03-09,0.15696539245116603,False,Healthy,0,0.5708560819924762,No immediate action
57,54,2,0.900061017,0.9313924543409376,0.5035863245196175,0.9948776444335152,False,1__1,0.0976786459791159,0,57,Team 1,Sewing,0.75,75,1574.0,59.0,7080,26.82,0,2,2015-03-10,0.18139245434093765,False,Healthy,0,0.49129131991389774,No immediate action
58,55,2,0.750050847,0.8466496823655545,0.2928489496303011,0.9869326681979496,False,1__1,0.2340310770075688,0,58,Team 1,Sewing,0.75,45,1322.0,59.0,7080,26.82,0,2,2015-03-11,0.09664968236555449,False,Healthy,0,0.6940837185676485,No immediate action
0,0,0,0.755166667,0.5484359247201323,0.0658524627216242,0.9544977727821504,True,2__0,0.5850148226048131,0,0,Team 2,Finishing,0.75,0,,8.0,960,3.94,0,1,2015-01-01,-0.20156407527986775,True,High Risk,1,0.8886453100605263,Review team conditions
1,1,0,0.782447917,0.5671520540575771,0.0716373095422207,0.9571284938065436,True,2__0,0.6110000568136889,0,1,Team 2,Finishing,0.8,0,,8.0,960,4.15,0,1,2015-01-03,-0.23284794594242297,True,High Risk,1,0.8854911842643229,Review team conditions
2,2,0,0.792104167,0.5937384096937935,0.0801358669962601,0.9609925055271104,True,2__0,0.5868041529261792,0,2,Team 2,Finishing,0.8,0,,8.0,960,3.94,0,1,2015-01-04,-0.2062615903062065,True,High Risk,1,0.8808566385308503,Review team conditions
3,3,0,0.804416667,0.6128872512081258,0.0870292274032293,0.963569453384362,True,2__0,0.5687562186338779,0,3,Team 2,Finishing,0.8,0,,8.0,960,3.94,0,1,2015-01-05,-0.18711274879187423,True,High Risk,1,0.8765402259811327,Review team conditions
4,4,0,0.805909091,0.6273089182685605,0.092725415312689,0.9654041196944986,True,2__0,0.5547790360443736,0,4,Team 2,Finishing,0.8,0,,8.0,1440,3.94,0,1,2015-01-06,-0.17269108173143954,True,High Risk,1,0.8726787043818096,Review team conditions
5,5,0,0.813371212,0.6423295889462065,0.0989697952712648,0.9673017583682708,True,2__0,0.5397985422600852,0,5,Team 2,Finishing,0.8,0,,8.0,1440,3.94,0,1,2015-01-07,-0.15767041105379354,True,High Risk,1,0.868331963097006,Review team conditions
6,6,0,0.835757576,0.6465091969682608,0.1011705039570711,0.9676870035089092,True,2__0,0.5356096907098927,0,6,Team 2,Finishing,0.8,0,,8.0,1440,3.94,0,2,2015-01-08,-0.15349080303173923,True,High Risk,1,0.8665164995518382,Review team conditions
7,7,0,0.817102273,0.6610879571847068,0.1077129636192779,0.9695039814171298,True,2__0,0.5205187432652317,0,7,Team 2,Finishing,0.8,0,,8.0,1440,3.94,0,2,2015-01-10,-0.13891204281529324,True,High Risk,1,0.8617910177978518,Review team conditions
8,8,0,0.820833333,0.6720163689573562,0.1130181346296577,0.9708063997824384,False,2__0,0.508941061084366,0,8,Team 2,Finishing,0.8,0,,8.0,1440,3.94,0,2,2015-01-11,-0.12798363104264388,True,High Risk,1,0.8577882651527807,Review team conditions
9,9,0,0.880530303,0.6818920875176022,0.1180745885094238,0.9719593869962906,False,2__0,0.4982663874400269,0,9,Team 2,Finishing,0.8,0,,8.0,1440,3.94,0,2,2015-01-12,-0.11810791248239783,True,High Risk,1,0.8538847984868668,Review team conditions
10,10,0,0.805909091,0.6959785181998973,0.1255224126734238,0.973621771800688,False,2__0,0.4826893864460218,0,10,Team 2,Finishing,0.8,0,,8.0,1440,3.94,0,2,2015-01-13,-0.10402148180010273,True,High Risk,1,0.8480993591272642,Review team conditions
11,11,0,0.247316017,0.703178160610782,0.1297221198395562,0.9744139568227153,False,2__0,0.4745513054025161,1,11,Team 2,Finishing,0.8,0,,8.0,1260,3.94,0,2,2015-01-14,-0.09682183938921807,True,High Risk,1,0.8446918369831591,Review team conditions
13,12,0,0.980909091,0.6937522060513441,0.1252118265744332,0.9731442906885752,False,2__0,0.4851346350994343,0,13,Team 2,Finishing,0.8,0,,10.0,1800,3.94,0,3,2015-01-17,-0.10624779394865591,True,High Risk,1,0.847932464114142,Review overtime
17,13,0,0.912202112,0.7757127451925985,0.1796899099683137,0.9823406034760246,False,2__0,0.3050349747313455,0,17,Team 2,Finishing,0.7,0,,17.0,5100,3.94,0,3,2015-01-21,0.07571274519259852,False,Watch,0,0.8026506935077109,Review overtime
18,14,0,0.649662222,0.809393996106543,0.2117457708290326,0.9856578413396714,False,2__0,0.2637073739911691,0,18,Team 2,Finishing,0.7,0,,25.0,15000,3.94,0,4,2015-01-22,0.10939399610654299,False,Healthy,0,0.7739120705106388,No immediate action
19,15,0,0.578314394,0.6916432355678428,0.1247652136536089,0.9727240869608186,False,2__0,0.4424938103029058,1,19,Team 2,Finishing,0.75,0,,8.0,1440,3.94,0,4,2015-01-24,-0.058356764432157204,True,High Risk,1,0.8479588733072096,Review team conditions
20,16,0,0.970075758,0.6872860620162135,0.1227921282130353,0.9721112130062526,False,2__0,0.4472524914730371,0,20,Team 2,Finishing,0.75,0,,8.0,1440,3.94,0,4,2015-01-25,-0.06271393798378655,True,High Risk,1,0.8493190847932173,Review team conditions
21,17,0,0.910378788,0.7345469023966265,0.1502938225627425,0.9777258379231116,False,2__0,0.3933734909344412,0,21,Team 2,Finishing,0.75,0,,10.0,1800,3.94,0,4,2015-01-26,-0.015453097603373545,True,Watch,0,0.8274320153603691,Review overtime
22,18,0,0.788,0.7463013970122377,0.1585204837926566,0.9790043770636,False,2__0,0.3793013868872924,0,22,Team 2,Finishing,0.75,0,,10.0,1200,3.94,0,4,2015-01-27,-0.003698602987762256,True,Watch,0,0.8204838932709434,Review team conditions
23,19,0,0.902222222,0.7877140197684169,0.1922738038723306,0.9833331293020368,False,2__0,0.3695902982798011,0,23,Team 2,Finishing,0.8,0,,15.0,1800,3.94,0,4,2015-01-28,-0.012285980231583116,True,Watch,0,0.7910593254297061,Review overtime
24,20,0,0.773333333,0.7998119082512151,0.2042621919972789,0.9845055295332256,False,2__0,0.3529421502632243,0,24,Team 2,Finishing,0.8,0,,10.0,1200,3.94,0,0,2015-01-29,-0.0001880917487849798,True,Watch,0,0.7802433375359467,Review team conditions
25,21,0,0.971866667,0.7989481091505876,0.2036209967145675,0.9843985228600056,False,2__0,0.3540683778430511,0,25,Team 2,Finishing,0.8,0,,10.0,1200,3.94,0,0,2015-01-31,-0.0010518908494124846,True,Watch,0,0.7807775261454382,Review team conditions
26,22,0,0.912766667,0.7919713088467288,0.1969672617900085,0.9836875093982504,False,2__0,0.3636064014173586,0,26,Team 2,Finishing,0.8,0,,10.0,1200,3.94,0,1,2015-02-01,-0.008028691153271206,True,Watch,0,0.786720247608242,Review team conditions
28,23,0,1.001416667,0.8519788448796651,0.2703490843303773,0.989286622299336,False,2__0,0.2754505477525645,0,28,Team 2,Finishing,0.8,0,,20.0,2400,3.94,0,1,2015-02-03,0.05197884487966509,False,Healthy,0,0.7189375379689587,No immediate action
29,24,0,0.966759259,0.8684603084815721,0.2986478737285838,0.9906762678724926,False,2__0,0.2485417020196618,0,29,Team 2,Finishing,0.8,0,,18.0,2160,3.94,0,1,2015-02-04,0.06846030848157203,False,Healthy,0,0.6920283941439088,No immediate action
30,25,0,0.999924242,0.8857808193743715,0.3332365148476251,0.9921121762051498,False,2__0,0.2190646969866164,0,30,Team 2,Finishing,0.8,0,,22.0,2640,3.94,0,1,2015-02-05,0.08578081937437143,False,Healthy,0,0.6588756613575246,No immediate action
31,26,0,1.050666667,0.9088727580957026,0.3910647426343391,0.993942847126645,False,2__0,0.1772543538312406,0,31,Team 2,Finishing,0.8,0,,25.0,3000,3.94,0,1,2015-02-07,0.10887275809570252,False,Healthy,0,0.6028781044923059,No immediate action
32,27,0,0.875555556,0.9028797952704282,0.3754513168980104,0.9934486460587202,False,2__0,0.1880465928349348,0,32,Team 2,Finishing,0.8,0,,18.0,2160,3.94,0,2,2015-02-08,0.10287979527042812,False,Healthy,0,0.6179973291607097,No immediate action
33,28,0,1.057962963,0.9021757923974508,0.3738097746880157,0.9933864798188868,False,2__0,0.1892576745454218,0,33,Team 2,Finishing,0.8,0,,18.0,2160,3.94,0,2,2015-02-09,0.10217579239745078,False,Healthy,0,0.6195767051308712,No immediate action
34,29,0,0.966759259,0.9151446480666066,0.4112002615853609,0.9943895633637596,False,2__0,0.1648435310104921,0,34,Team 2,Finishing,0.8,0,,18.0,2160,3.94,0,2,2015-02-10,0.11514464806660651,False,Healthy,0,0.5831893017783987,No immediate action
35,30,0,0.912037037,0.9172226443010132,0.4179545086748422,0.994543784451271,False,2__0,0.1607756135571568,0,35,Team 2,Finishing,0.8,0,,18.0,2160,3.94,0,2,2015-02-11,0.11722264430101315,False,Healthy,0,0.5765892757764288,No immediate action
36,31,0,0.601944444,0.9170876257074644,0.4177238972544548,0.994528638400522,False,2__0,0.1609629418916248,1,36,Team 2,Finishing,0.8,0,,18.0,2160,3.94,0,2,2015-02-12,0.11708762570746434,False,Healthy,0,0.5768047411460672,No immediate action
38,32,0,1.108125,0.8547703594762518,0.276402316775951,0.989440474877478,False,2__0,0.270402068173177,0,38,Team 2,Finishing,0.8,0,,8.0,960,3.94,0,3,2015-02-15,0.05477035947625175,False,Healthy,0,0.713038158101527,No immediate action
40,33,0,0.5814,0.9018542789332132,0.3741046580929934,0.993326842775128,False,2__0,0.1894225268616866,1,40,Team 2,Finishing,0.8,0,,15.0,1800,5.13,0,3,2015-02-17,0.1018542789332132,False,Healthy,0,0.6192221846821345,No immediate action
41,34,1,0.919125,0.8845790630747828,0.3328672116854636,0.9919297441201426,False,2__0,0.2203157036843309,0,41,Team 2,Finishing,0.8,0,,12.0,1440,5.13,0,3,2015-02-18,0.0845790630747828,False,Healthy,0,0.6590625324346789,No immediate action
42,35,1,0.710125,0.8966485875811779,0.3610713572547257,0.9929028946173636,False,2__0,0.1988059552753825,0,42,Team 2,Finishing,0.8,0,,15.0,3600,5.13,0,3,2015-02-19,0.09664858758117789,False,Healthy,0,0.6318315373626379,No immediate action
43,36,1,0.8300625,0.9059239825427376,0.3853037433842232,0.993642330837626,False,2__0,0.1818229942123833,0,43,Team 2,Finishing,0.8,0,,20.0,4800,5.13,0,4,2015-02-22,0.1059239825427376,False,Healthy,0,0.6083385874534029,No immediate action
44,37,1,0.36871875,0.8477530723073496,0.2659822904713989,0.9887933533109732,False,2__0,0.2813418857339992,1,44,Team 2,Finishing,0.8,0,,8.0,960,5.13,0,4,2015-02-23,0.0477530723073496,False,Healthy,0,0.7228110628395743,No immediate action
45,38,1,0.325,0.8534334707139989,0.2750332117747144,0.9892813099394512,False,2__0,0.2036094549004729,1,45,Team 2,Finishing,0.7,0,,8.0,960,3.9,0,4,2015-02-24,0.15343347071399893,False,Healthy,0,0.7142480981647368,No immediate action
46,39,1,0.440375,0.8457680455384342,0.2633666374232064,0.9885952129008329,False,2__0,0.2139223653738639,1,46,Team 2,Finishing,0.7,0,,8.0,960,3.9,0,4,2015-02-25,0.14576804553843425,False,Healthy,0,0.7252285754776264,No immediate action
47,40,1,0.5565625,0.839690637014824,0.2546878859859269,0.9880413081692306,False,2__0,0.2220002125236312,1,47,Team 2,Finishing,0.7,0,,8.0,960,3.9,0,4,2015-02-26,0.1396906370148241,False,Healthy,0,0.7333534221833038,No immediate action
48,41,1,0.5565625,0.8351799983960904,0.2485604783710131,0.9876234557809384,False,2__0,0.2279349040923509,1,48,Team 2,Finishing,0.7,0,,8.0,960,3.9,0,4,2015-02-28,0.1351799983960904,False,Healthy,0,0.7390629774099252,No immediate action
49,42,1,0.585,0.8510770621472692,0.2717815824876519,0.989047778725556,False,2__0,0.2066110387466638,1,49,Team 2,Finishing,0.7,0,,8.0,960,3.9,0,1,2015-03-01,0.15107706214726924,False,Healthy,0,0.7172661962379041,No immediate action
50,43,2,0.92885,0.8645939258291618,0.2946314412263593,0.990207707917362,False,2__0,0.187916548856721,0,50,Team 2,Finishing,0.7,0,,10.0,1200,3.9,0,1,2015-03-02,0.16459392582916188,False,Healthy,0,0.6955762666910027,No immediate action
51,44,2,0.567377778,0.8899907251275795,0.3460619697397839,0.9923330836301592,False,2__0,0.0482759416363261,0,51,Team 2,Finishing,0.4,0,,15.0,6300,3.9,0,1,2015-03-03,0.48999072512757946,False,Healthy,0,0.6462711138903752,No immediate action
52,45,2,0.5403125,0.8443363041361782,0.2618408518422546,0.9884311344672526,False,2__0,0.1146164346716653,0,52,Team 2,Finishing,0.5,0,,8.0,960,3.9,0,1,2015-03-04,0.3443363041361782,False,Healthy,0,0.726590282624998,No immediate action
53,46,2,0.950625,0.8399789155925573,0.2556477165938942,0.9880319317368188,False,2__0,0.1645578413691537,0,53,Team 2,Finishing,0.6,0,,8.0,960,3.9,0,1,2015-03-05,0.23997891559255735,False,Healthy,0,0.7323842151429246,No immediate action
54,47,2,0.528125,0.8409174915281785,0.257069200214249,0.9881114429995868,False,2__0,0.1902317010973291,1,54,Team 2,Finishing,0.65,0,,8.0,1920,3.9,0,1,2015-03-07,0.1909174915281785,False,Healthy,0,0.7310422427853378,No immediate action
55,48,2,0.884,0.8525215588315441,0.2748270345830358,0.9891319404468628,False,2__0,0.2043146770090761,0,55,Team 2,Finishing,0.7,0,,10.0,1200,3.9,0,2,2015-03-08,0.15252155883154417,False,Healthy,0,0.714304905863827,No immediate action
56,49,2,0.6825,0.994721422166303,0.9096482129168556,1.0,False,2__0,0.0029793817159303,0,56,Team 2,Finishing,0.7,1200,,10.0,0,3.9,0,2,2015-03-09,0.29472142216630304,False,Healthy,0,0.0903517870831444,No immediate action
57,50,2,0.741,0.8227052606852162,0.2332015546041445,0.9864111938271108,False,2__0,0.2439441174097901,0,57,Team 2,Finishing,0.7,0,,8.0,960,3.9,0,2,2015-03-10,0.12270526068521626,False,Healthy,0,0.7532096392229664,No immediate action
58,51,2,0.819270833,0.818373199906808,0.2280534247692401,0.9859942972705236,False,2__0,0.2852802182394357,0,58,Team 2,Finishing,0.75,0,,8.0,1920,3.9,0,2,2015-03-11,0.06837319990680801,False,Healthy,0,0.7579408725012835,No immediate action
0,0,0,0.753097531,0.7636280832054549,0.1754726508595998,0.9803334170343444,True,2__1,0.3567575493040397,0,0,Team 2,Sewing,0.75,34,733.0,55.0,6000,19.87,0,1,2015-01-01,0.013628083205454944,False,Watch,0,0.8048607661747447,Review incentive
1,1,0,0.75024303,0.8061411398236112,0.2173617975004677,0.984525062631501,True,2__1,0.3007098726098507,0,1,Team 2,Sewing,0.75,45,944.0,55.0,6600,19.87,0,1,2015-01-03,0.05614113982361124,False,Watch,0,0.7671632651310333,Review staffing
2,2,0,0.800237838,0.795286709803567,0.2081568649691116,0.9832079414412848,True,2__1,0.3566081891145956,0,2,Team 2,Sewing,0.8,50,782.0,55.5,6660,28.08,0,1,2015-01-04,-0.004713290196433073,True,Watch,0,0.7750510764721732,Review staffing
3,3,0,0.800076522,0.7964060151099233,0.2115099309616785,0.9830987574189984,True,2__1,0.3543533916715843,0,3,Team 2,Sewing,0.8,50,757.0,57.5,6900,28.08,0,1,2015-01-05,-0.0035939848900767846,True,Watch,0,0.77158882645732,Review overtime
4,4,0,0.800594466,0.7930125164247386,0.209867363174982,0.9825514426044324,True,2__1,0.3585602196136165,0,4,Team 2,Sewing,0.8,50,716.0,57.5,10350,28.08,0,1,2015-01-06,-0.006987483575261466,True,Watch,0,0.7726840794294504,Review overtime
5,5,0,0.800594466,0.8467017718699492,0.2780973891361439,0.9878706766634572,True,2__1,0.27796036287299,0,5,Team 2,Sewing,0.8,63,776.0,57.5,10350,28.08,0,1,2015-01-07,0.04670177186994917,False,Healthy,0,0.7097732875273133,No immediate action
6,6,0,0.800497246,0.8389837862054463,0.2681300673053983,0.9870242665379992,True,2__1,0.2895767613681228,0,6,Team 2,Sewing,0.8,63,783.0,58.5,10050,28.08,0,2,2015-01-08,0.03898378620544629,False,Healthy,0,0.718894199232601,No immediate action
7,7,0,0.800594466,0.8343561659502354,0.2628961661261835,0.9864745786014772,True,2__1,0.2963003055362958,0,7,Team 2,Sewing,0.8,63,749.0,57.5,10350,28.08,0,2,2015-01-10,0.034356165950235384,False,Healthy,0,0.7235784124752938,No immediate action
8,8,0,0.8,0.8348115944414505,0.2646432262676961,0.9864415256329172,False,2__1,0.2951928805113571,0,8,Team 2,Sewing,0.8,63,805.0,58.5,10530,28.08,0,2,2015-01-11,0.03481159444145043,False,Healthy,0,0.7217982993652211,No immediate action
9,9,0,0.8,0.8303719417995831,0.2595499419924399,0.9859184929209382,False,2__1,0.3016900421964907,0,9,Team 2,Sewing,0.8,63,737.0,58.5,10530,28.08,0,2,2015-01-12,0.030371941799583024,False,Watch,0,0.7263685509284983,Review overtime
10,10,0,0.8,0.7733404873118765,0.1973498254663413,0.9796312046525054,False,2__1,0.3839244625442558,0,10,Team 2,Sewing,0.8,50,723.0,58.5,10530,28.08,0,2,2015-01-13,-0.0266595126881235,True,Watch,0,0.7822813791861641,Review overtime
11,11,0,0.311207464,0.6624262843516576,0.1237726750623927,0.9648624654665616,False,2__1,0.5202045103362664,1,11,Team 2,Sewing,0.8,27,1086.0,57.0,4260,51.02,0,2,2015-01-14,-0.13757371564834242,True,High Risk,1,0.841089790404169,Review WIP
12,12,0,0.499998888,0.6610254663184546,0.1240386113385018,0.9643463724602764,False,2__1,0.2712433129044475,0,12,Team 2,Sewing,0.5,23,1044.0,54.5,9810,22.94,0,3,2015-01-15,0.1610254663184546,False,Healthy,0,0.8403077611217746,No immediate action
13,13,0,0.77011398,0.6521403029627941,0.1202109228700199,0.96281602251914,False,2__1,0.3557950897525204,0,13,Team 2,Sewing,0.6,23,865.0,56.5,6570,22.94,0,3,2015-01-17,0.05214030296279415,False,Watch,0,0.8426050996491201,Review incentive
14,14,0,0.650243497,0.6749814378013848,0.1317398740514171,0.9662725803505084,False,2__1,0.3719075807735316,0,14,Team 2,Sewing,0.65,26,1025.0,56.5,10170,22.94,0,3,2015-01-18,0.02498143780138473,False,Watch,0,0.8345327062990914,Review incentive
15,15,0,0.750517565,0.7186178985243149,0.1575609348770517,0.9724112726165718,False,2__1,0.364087501425919,0,15,Team 2,Sewing,0.7,38,1006.0,56.5,10170,22.94,0,3,2015-01-19,0.018617898524314946,False,Watch,0,0.8148503377395201,Review incentive
16,16,0,0.750031898,0.7792675945523341,0.205496337375428,0.9799863724268676,False,2__1,0.2907182687635663,0,16,Team 2,Sewing,0.7,50,1363.0,57.0,10260,22.94,0,3,2015-01-20,0.07926759455233412,False,Healthy,0,0.7744900350514397,No immediate action
17,17,0,0.800415742,0.8213509671998127,0.2521497906351708,0.9846306649491284,False,2__1,0.2364774150019534,0,17,Team 2,Sewing,0.7,60,1422.0,57.0,10500,22.94,0,3,2015-01-21,0.12135096719981275,False,Healthy,0,0.7324808743139577,No immediate action
18,18,0,0.800302791,0.8162425560142684,0.2460909265038787,0.9840552651555572,False,2__1,0.243039191751225,0,18,Team 2,Sewing,0.7,60,1510.0,57.0,10620,22.94,0,4,2015-01-22,0.11624255601426847,False,Healthy,0,0.7379643386516785,No immediate action
19,19,0,0.90064806,0.9237883947683156,0.4700633130698556,0.9943513359808268,False,2__1,0.1125208016044498,0,19,Team 2,Sewing,0.75,94,1606.0,57.0,10260,22.94,0,4,2015-01-24,0.17378839476831565,False,Healthy,0,0.5242880229109712,No immediate action
20,20,0,0.850223776,0.8932634573086536,0.3809533813290118,0.9916374699296368,False,2__1,0.1630285832336918,0,20,Team 2,Sewing,0.75,81,1636.0,58.5,10530,22.94,0,4,2015-01-25,0.14326345730865364,False,Healthy,0,0.610684088600625,No immediate action
21,21,0,0.800034024,0.794578369360943,0.222345187716452,0.9815703960093844,False,2__1,0.3095897491189769,0,21,Team 2,Sewing,0.75,55,1764.0,57.0,10260,22.94,0,4,2015-01-26,0.04457836936094295,False,Watch,0,0.7592252082929325,Review WIP
22,22,0,1.000230409,0.9564263111239876,0.6162246759257297,0.997034019139632,False,2__1,0.0562710861213736,0,22,Team 2,Sewing,0.75,119,1635.0,57.0,6840,22.52,0,4,2015-01-27,0.20642631112398757,False,Healthy,0,0.38080934321390225,No immediate action
23,23,0,1.000230409,0.927954338201484,0.4871820453902727,0.9946583592327856,False,2__1,0.1280939571750793,0,23,Team 2,Sewing,0.8,90,1559.0,57.0,6840,22.52,0,4,2015-01-28,0.12795433820148394,False,Healthy,0,0.5074763138425129,No immediate action
24,24,0,1.000230409,0.9730300628576862,0.7250365584071128,0.9983353507321212,False,2__1,0.0375182809137018,0,24,Team 2,Sewing,0.8,113,1416.0,57.0,6840,22.52,0,0,2015-01-29,0.17303006285768618,False,Healthy,0,0.2732987923250084,No immediate action
25,25,0,1.000230409,0.9768293838084294,0.7548471457555845,0.9986278416566324,False,2__1,0.0301724767282442,0,25,Team 2,Sewing,0.8,113,1397.0,57.0,6840,22.52,0,0,2015-01-31,0.17682938380842939,False,Healthy,0,0.2437806959010479,No immediate action
26,26,0,1.000671304,0.9775936339608318,0.7613108890839699,0.9986845372709534,False,2__1,0.0286724873789869,0,26,Team 2,Sewing,0.8,113,1396.0,57.5,6900,22.52,0,1,2015-02-01,0.17759363396083172,False,Healthy,0,0.23737364818698348,No immediate action
27,27,0,0.900158405,0.9792318905304516,0.7733028154691122,0.9988259518043794,False,2__1,0.0260634961829074,0,27,Team 2,Sewing,0.8,88,21385.0,58.5,7020,22.52,0,1,2015-02-02,0.17923189053045152,False,Healthy,0,0.22552313633526722,No immediate action
28,28,0,0.949981609,0.9720163471605172,0.718901443290924,0.9982413348782676,False,2__1,0.0390979846234802,0,28,Team 2,Sewing,0.8,100,1452.0,58.0,6960,22.52,0,1,2015-02-03,0.17201634716051717,False,Healthy,0,0.2793398915873436,No immediate action
29,29,0,1.05028058,0.9705722878475064,0.7087210463223084,0.9981245436934122,False,2__1,0.0418379971828405,0,29,Team 2,Sewing,0.8,100,1263.0,57.5,6900,22.52,0,1,2015-02-04,0.17057228784750633,False,Healthy,0,0.2894034973711038,No immediate action
30,30,0,1.000446018,0.9812822442817322,0.7933443482108818,0.9989624919626446,False,2__1,0.0217700312327997,0,30,Team 2,Sewing,0.8,113,1300.0,56.5,6780,22.52,0,1,2015-02-05,0.18128224428173212,False,Healthy,0,0.2056181437517628,No immediate action
31,31,0,1.000018551,0.9831754528570033,0.8104037762093951,0.99910734725184,False,2__1,0.0184582911897449,0,31,Team 2,Sewing,0.8,113,1186.0,58.0,6900,22.52,0,1,2015-02-07,0.1831754528570032,False,Healthy,0,0.18870357104244495,No immediate action
32,32,0,1.000018551,0.9844483119083964,0.8222580490578105,0.9992044025853146,False,2__1,0.0163015252319768,0,32,Team 2,Sewing,0.8,113,1233.0,57.5,6900,22.52,0,2,2015-02-08,0.1844483119083964,False,Healthy,0,0.1769463535275041,No immediate action
33,33,0,0.900477825,0.9579516716977906,0.6290530798835569,0.9970982034821342,False,2__1,0.0667072385134601,0,33,Team 2,Sewing,0.8,70,1413.0,57.0,360,22.52,0,2,2015-02-09,0.15795167169779056,False,Healthy,0,0.36804512359857733,No immediate action
34,34,0,0.899984058,0.9792950747872876,0.7760455345488677,0.9988106413443638,False,2__1,0.025381778918888,0,34,Team 2,Sewing,0.8,88,1512.0,57.0,0,22.52,0,2,2015-02-10,0.17929507478728757,False,Healthy,0,0.2227651067954961,No immediate action
35,35,0,1.000344928,0.9795960138314146,0.7787549722453658,0.9988324475402296,False,2__1,0.0247940550817733,0,35,Team 2,Sewing,0.8,90,1557.0,57.5,0,22.52,0,2,2015-02-11,0.17959601383141455,False,Healthy,0,0.22007747529486377,No immediate action
36,36,0,1.000344928,0.9899120056694124,0.8759361872955594,0.9996257194951794,False,2__1,0.0081122863820611,0,36,Team 2,Sewing,0.8,113,1327.0,57.5,0,22.52,0,2,2015-02-12,0.18991200566941235,False,Healthy,0,0.12368953219961998,No immediate action
37,37,0,0.80037492,0.942384827709246,0.5507448960403079,0.9957916351607344,False,2__1,0.0978004039907918,0,37,Team 2,Sewing,0.8,63,674.0,57.0,3660,22.52,0,2,2015-02-14,0.142384827709246,False,Healthy,0,0.4450467391204266,No immediate action
38,38,0,0.432122899,0.6934567783924279,0.1427025856678881,0.9687682412593188,False,2__1,0.4846178684477395,1,38,Team 2,Sewing,0.8,0,12.0,57.5,6900,22.52,0,3,2015-02-15,-0.10654322160757213,True,High Risk,1,0.8260656555914307,Review incentive
40,39,0,0.361071429,0.7355243628631503,0.1704383505797674,0.974419363923764,False,2__1,0.2012779307969682,1,40,Team 2,Sewing,0.5,0,838.0,56.0,6720,30.33,1,3,2015-02-17,0.23552436286315026,False,Healthy,0,0.8039810133439966,No immediate action
41,40,1,0.328131579,0.725207725728299,0.16336071277667,0.9730203087233552,False,2__1,0.2783292164578482,1,41,Team 2,Sewing,0.6,0,868.0,57.0,6840,30.33,1,3,2015-02-18,0.12520772572829897,False,Healthy,0,0.8096595959466852,No immediate action
42,41,1,0.585315789,0.7124452177843489,0.1551195688211225,0.971241760946216,False,2__1,0.3299287784173352,0,42,Team 2,Sewing,0.65,0,841.0,57.0,6840,30.33,1,3,2015-02-19,0.06244521778434886,False,Watch,0,0.8161221921250934,Review incentive
43,42,1,0.700605263,0.6985405673682542,0.1467649628801542,0.9692327413911492,False,2__1,0.3867266310206321,0,43,Team 2,Sewing,0.7,0,746.0,57.0,6840,30.33,1,4,2015-02-22,-0.0014594326317457496,True,Watch,0,0.8224677785109951,Review incentive
44,43,1,0.700623,0.8369303285896063,0.2789471036073472,0.985859761620654,False,2__1,0.2132291989003942,0,44,Team 2,Sewing,0.7,30,577.0,58.0,2160,30.33,1,4,2015-02-23,0.1369303285896063,False,Healthy,0,0.7069126580133068,No immediate action
45,44,1,0.700623,0.8277417210266014,0.2660143087740321,0.9848778751742048,False,2__1,0.2255544090392394,0,45,Team 2,Sewing,0.7,30,408.0,59.0,1680,30.33,1,4,2015-02-24,0.12774172102660142,False,Healthy,0,0.7188635664001727,No immediate action
46,45,1,0.700069811,0.8174599774394903,0.2525838624699327,0.9837564593601557,False,2__1,0.2391957060592414,0,46,Team 2,Sewing,0.7,30,361.0,58.0,3960,30.33,1,4,2015-02-25,0.11745997743949033,False,Healthy,0,0.731172596890223,No immediate action
47,46,1,0.66237931,0.6805407465476159,0.137029942639346,0.9664534731448288,False,2__1,0.4070864848937032,0,47,Team 2,Sewing,0.7,0,398.0,58.0,6960,30.33,1,4,2015-02-26,-0.019459253452384084,True,High Risk,1,0.8294235305054828,Review incentive
48,47,1,0.700211111,0.6863615908542041,0.1403101501837923,0.9673079012384987,False,2__1,0.4004649522594783,0,48,Team 2,Sewing,0.7,0,512.0,58.0,4560,30.33,1,4,2015-02-28,-0.013638409145795838,True,High Risk,1,0.8269977510547064,Review incentive
49,48,1,0.683550607,0.7032282767307497,0.1505113622808673,0.9696868097498864,False,2__1,0.3810043849545406,0,49,Team 2,Sewing,0.7,0,254.0,58.0,1800,30.33,0,1,2015-03-01,0.0032282767307497684,False,Watch,0,0.8191754474690192,Review incentive
51,49,2,0.30277037,0.7286191378500471,0.1673802028047652,0.9731603272975266,False,2__1,0.1471709652974482,1,51,Team 2,Sewing,0.4,0,157.0,45.0,5400,15.28,1,1,2015-03-03,0.32861913785004704,False,Healthy,0,0.8057801244927614,No immediate action
52,50,2,0.404144928,0.72781946456338,0.1669289901018825,0.9730317919833312,False,2__1,0.207034200809114,1,52,Team 2,Sewing,0.5,0,261.0,46.0,5520,15.28,1,1,2015-03-04,0.22781946456337998,False,Healthy,0,0.8061028018814487,No immediate action
53,51,2,0.600099145,0.7398332678771734,0.1756071084731394,0.974631883462972,False,2__1,0.2617430337004192,0,53,Team 2,Sewing,0.6,0,529.0,46.0,1320,15.28,1,1,2015-03-05,0.13983326787717343,False,Healthy,0,0.7990247749898326,No immediate action
54,52,2,0.65024031,0.7270299393764453,0.1664147774868773,0.9729181036158754,False,2__1,0.3127948850122407,0,54,Team 2,Sewing,0.65,0,626.0,45.0,4200,16.1,1,1,2015-03-07,0.07702993937644531,False,Watch,0,0.8065033261289981,Review incentive
55,53,2,0.700106061,0.8596482543367703,0.3165966439725535,0.9881409974712592,False,2__1,0.1817015057596999,0,55,Team 2,Sewing,0.7,30,928.0,45.0,4800,16.1,1,2,2015-03-08,0.15964825433677032,False,Healthy,0,0.6715443534987057,No immediate action
56,54,2,0.700516224,0.8538217041732974,0.3065305990846443,0.9875472706657528,False,2__1,0.1897399801980113,0,56,Team 2,Sewing,0.7,30,817.0,45.0,5520,16.1,1,2,2015-03-09,0.15382170417329744,False,Healthy,0,0.6810166715811085,No immediate action
57,55,2,0.700051852,0.882558715818697,0.3623459009898552,0.9903818493210924,False,2__1,0.1493956207870169,0,57,Team 2,Sewing,0.7,40,957.0,45.0,5400,16.1,1,2,2015-03-10,0.1825587158186971,False,Healthy,0,0.6280359483312372,No immediate action
58,56,2,0.750140741,0.8933074925837546,0.3875903914802964,0.9913983949226158,False,2__1,0.1603845413002327,0,58,Team 2,Sewing,0.75,45,971.0,45.0,5400,16.1,1,2,2015-03-11,0.14330749258375464,False,Healthy,0,0.6038080034423194,No immediate action
1,0,0,0.945277778,0.5726681483508733,0.0964569120203562,0.9440308952524332,True,3__0,0.5704314609986467,0,1,Team 3,Finishing,0.75,0,,8.0,1560,3.94,0,1,2015-01-03,-0.17733185164912668,True,High Risk,1,0.847573983232077,Review overtime
2,1,0,0.991388889,0.6474218522157612,0.1301046781386575,0.9577543279136042,True,3__0,0.4889553435404615,0,2,Team 3,Finishing,0.75,0,,8.0,1560,4.15,0,1,2015-01-04,-0.1025781477842388,True,High Risk,1,0.8276496497749466,Review overtime
3,2,0,0.875390625,0.7453283061078381,0.1951585330282146,0.9727627657268632,True,3__0,0.3685566219353033,0,3,Team 3,Finishing,0.75,0,,8.0,1920,4.15,0,1,2015-01-05,-0.004671693892161932,True,Watch,0,0.7776042326986485,Review overtime
4,3,0,0.899166667,0.7852957500080021,0.2353526308749321,0.9778196558913306,True,3__0,0.3135260317093277,0,4,Team 3,Finishing,0.75,0,,10.0,1800,4.15,0,1,2015-01-06,0.035295750008002114,False,Watch,0,0.7424670250163985,Review overtime
5,4,0,0.83,0.8323497401029615,0.2971030703769851,0.9834654915537896,True,3__0,0.2444426900714271,0,5,Team 3,Finishing,0.75,0,,15.0,2700,4.15,0,1,2015-01-07,0.08234974010296148,False,Healthy,0,0.6863624211768045,No immediate action
6,5,0,0.712626263,0.8079526952657503,0.2653048981021798,0.98032191565983,True,3__0,0.2797764561416163,0,6,Team 3,Finishing,0.75,0,,12.0,2160,4.15,0,2,2015-01-08,0.05795269526575031,False,Healthy,0,0.7150170175576502,No immediate action
7,6,0,0.930340376,0.8003158121292331,0.2573358161986668,0.979197754109517,True,3__0,0.2902480444924493,0,7,Team 3,Finishing,0.75,0,,12.0,2760,4.15,0,2,2015-01-10,0.050315812129233084,False,Healthy,0,0.7218619379108502,No immediate action
8,7,0,0.93532197,0.7789316496095812,0.2340783236682574,0.9762798818856252,True,3__0,0.3203298885271761,0,8,Team 3,Finishing,0.75,0,,8.0,1440,4.15,0,2,2015-01-11,0.028931649609581167,False,Watch,0,0.7422015582173678,Review team conditions
9,8,0,0.905454545,0.8144150580559011,0.2772061383170325,0.9807909734355088,False,3__0,0.3126704704888788,0,9,Team 3,Finishing,0.8,0,,10.0,1800,4.15,0,2,2015-01-12,0.014415058055901042,False,Watch,0,0.7035848351184764,Review overtime
10,9,0,0.901262626,0.8133139493417018,0.276564278180329,0.9805722064432802,False,3__0,0.3141220615447477,0,10,Team 3,Finishing,0.8,0,,9.0,1620,4.15,0,2,2015-01-13,0.013313949341701714,False,Watch,0,0.7040079282629512,Review overtime
11,10,0,0.820833333,0.7985141931155876,0.2583865622318073,0.9786101396986008,False,3__0,0.3370335027226404,0,11,Team 3,Finishing,0.8,0,,7.0,1440,4.15,0,2,2015-01-14,-0.0014858068844124661,True,Watch,0,0.7202235774667936,Review staffing
18,11,0,0.460578704,0.8611701575138335,0.3539070699464328,0.9862928860117124,False,3__0,0.1646566911296179,1,18,Team 3,Finishing,0.7,0,,20.0,12000,3.94,0,4,2015-01-22,0.16117015751383357,False,Healthy,0,0.6323858160652795,No immediate action
19,12,0,0.895454545,0.7800174557086523,0.2392000081762131,0.9759073117848835,False,3__0,0.3172842467193928,0,19,Team 3,Finishing,0.75,0,,8.0,1440,3.94,0,4,2015-01-24,0.03001745570865233,False,Watch,0,0.7367073036086704,Review team conditions
20,13,0,0.961784512,0.7980713165994366,0.2602833934775786,0.9782801981957298,False,3__0,0.2912079521836284,0,20,Team 3,Finishing,0.75,0,,9.0,1620,3.94,0,4,2015-01-25,0.04807131659943664,False,Healthy,0,0.7179968047181511,No immediate action
21,14,0,1.059621212,0.8206333305591995,0.2901006001747749,0.981168749727172,False,3__0,0.2577801112522182,0,21,Team 3,Finishing,0.75,0,,10.0,1800,3.94,0,4,2015-01-26,0.07063333055919951,False,Healthy,0,0.6910681495523971,No immediate action
22,15,0,0.861875,0.8721995520364267,0.3792701455615654,0.987381755381354,False,3__0,0.177934642749789,0,22,Team 3,Finishing,0.75,0,,12.0,1440,3.94,0,4,2015-01-27,0.12219955203642674,False,Healthy,0,0.6081116098197885,No immediate action
24,16,0,0.4925,0.8782071617117727,0.3923640288110728,0.9880645303150378,False,3__0,0.2028368496440187,1,24,Team 3,Finishing,0.8,0,,8.0,960,3.94,0,0,2015-01-29,0.07820716171177267,False,Healthy,0,0.595700501503965,No immediate action
25,17,0,0.971866667,0.8683666773005007,0.3719172047824132,0.9869051409108596,False,3__0,0.2201537091790363,0,25,Team 3,Finishing,0.8,0,,8.0,960,3.94,0,0,2015-01-31,0.06836667730050061,False,Healthy,0,0.6149879361284464,No immediate action
39,18,0,0.864583333,0.8471529528670206,0.3327209269442532,0.9843517891606952,False,3__0,0.0843640695217727,0,39,Team 3,Finishing,0.5,0,,8.0,960,4.15,0,3,2015-02-16,0.34715295286702064,False,Healthy,0,0.651630862216442,No immediate action
40,19,0,0.7866,0.8775142700738102,0.3925924167633242,0.9878944976206534,False,3__0,0.0601598170166868,0,40,Team 3,Finishing,0.5,0,,15.0,1800,5.13,0,3,2015-02-17,0.3775142700738102,False,Healthy,0,0.5953020808573293,No immediate action
41,20,1,0.2565,0.835068239961386,0.3136218699736579,0.9828088634749114,False,3__0,0.0940476608262884,1,41,Team 3,Finishing,0.5,0,,8.0,960,5.13,0,3,2015-02-18,0.335068239961386,False,Healthy,0,0.6691869935012535,No immediate action
42,21,1,0.81640625,0.8466380985542197,0.3332918857826777,0.9841851088471124,False,3__0,0.0842048392923895,0,42,Team 3,Finishing,0.5,0,,12.0,2880,5.13,0,3,2015-02-19,0.3466380985542197,False,Healthy,0,0.6508932230644346,No immediate action
43,22,1,0.8721,0.8580110674902612,0.3538846668262839,0.9855484549372128,False,3__0,0.0749625698025171,0,43,Team 3,Finishing,0.5,0,,15.0,1800,5.13,0,4,2015-02-22,0.35801106749026124,False,Healthy,0,0.6316637881109288,No immediate action
44,23,1,0.87115,0.8696966980806075,0.3769638458790578,0.9869288556018116,False,3__0,0.2168587680398498,0,44,Team 3,Finishing,0.8,0,,18.0,2160,5.13,0,4,2015-02-23,0.06969669808060741,False,Healthy,0,0.6099650097227538,No immediate action
45,24,1,0.811388889,0.8486440428250471,0.3375897134033738,0.9843713892291212,False,3__0,0.2532618470339394,0,45,Team 3,Finishing,0.8,0,,12.0,1440,4.6,0,4,2015-02-24,0.048644042825047085,False,Healthy,0,0.6467816758257474,No immediate action
46,25,1,0.900833333,0.8789044907798668,0.3970893580695203,0.987982160253401,False,3__0,0.2002862727900426,0,46,Team 3,Finishing,0.8,0,,20.0,2400,4.6,0,4,2015-02-25,0.07890449077986672,False,Healthy,0,0.5908928021838807,No immediate action
47,26,1,0.921703704,0.8582413720689219,0.3553056445809952,0.985512826971638,False,3__0,0.2365878128398863,0,47,Team 3,Finishing,0.8,0,,15.0,6300,4.6,0,4,2015-02-26,0.05824137206892188,False,Healthy,0,0.6302071823906428,No immediate action
48,27,1,0.921703704,0.8607632416363611,0.360326635423782,0.9858012000749932,False,3__0,0.2321021385298142,0,48,Team 3,Finishing,0.8,0,,15.0,6300,4.6,0,4,2015-02-28,0.06076324163636104,False,Healthy,0,0.6254745646512112,No immediate action
49,28,1,0.936355556,0.9056829908533232,0.4655244110690989,0.9909778801014492,False,3__0,0.1509910693564556,0,49,Team 3,Finishing,0.8,0,,25.0,10500,4.6,0,1,2015-03-01,0.10568299085332311,False,Healthy,0,0.5254534690323502,No immediate action
50,29,2,0.86037037,0.9050570411147988,0.4641329836802386,0.9908936800772188,False,3__0,0.1519935045131154,0,50,Team 3,Finishing,0.8,0,,24.0,10080,4.6,0,1,2015-03-02,0.10505704111479874,False,Healthy,0,0.5267606963969802,No immediate action
51,30,2,0.902962963,0.8801224025624249,0.4014119535855349,0.9880423067326868,False,3__0,0.1974434608223337,0,51,Team 3,Finishing,0.8,0,,15.0,6300,4.6,0,1,2015-03-03,0.08012240256242487,False,Healthy,0,0.586630353147152,No immediate action
52,31,2,0.939166667,0.8612010014822823,0.3618630105057915,0.985810450260236,False,3__0,0.2310562032004697,0,52,Team 3,Finishing,0.8,0,,10.0,1200,4.6,0,1,2015-03-04,0.06120100148228225,False,Healthy,0,0.6239474397544444,No immediate action
53,32,2,0.810111111,0.8872820464405181,0.4186230701618306,0.9888444874930764,False,3__0,0.1842702846105365,0,53,Team 3,Finishing,0.8,0,,15.0,1800,4.6,0,1,2015-03-05,0.08728204644051807,False,Healthy,0,0.5702214173312459,No immediate action
55,33,2,0.951944444,0.8686040019625579,0.377091323282397,0.9866641189711758,False,3__0,0.2178236019474455,0,55,Team 3,Finishing,0.8,0,,12.0,1440,4.6,0,2,2015-03-08,0.06860400196255789,False,Healthy,0,0.6095727956887789,No immediate action
56,34,2,0.795416667,0.9919273807684112,0.9024759239030324,0.99974307182928,False,3__0,0.0047330075024537,0,56,Team 3,Finishing,0.8,1440,,12.0,0,4.6,0,2,2015-03-09,0.1919273807684112,False,Healthy,0,0.09726714792624758,No immediate action
57,35,2,0.894444444,0.8632389722662737,0.3665785255413403,0.986008829425288,False,3__0,0.2271809213251452,0,57,Team 3,Finishing,0.8,0,,12.0,1440,4.6,0,2,2015-03-10,0.06323897226627362,False,Healthy,0,0.6194303038839477,No immediate action
58,36,2,0.786631944,0.8343407979208107,0.3155916331842539,0.9824657494917264,False,3__0,0.2767568603202681,0,58,Team 3,Finishing,0.8,0,,8.0,1920,4.6,0,2,2015-03-11,0.034340797920810684,False,Healthy,0,0.6668741163074725,No immediate action
0,0,0,0.753683478,0.7347683496562881,0.1941995595098011,0.9698379195917168,True,3__1,0.3800256046752425,0,0,Team 3,Sewing,0.75,45,795.0,57.5,6900,28.08,0,1,2015-01-01,-0.015231650343711878,True,Watch,0,0.7756383600819157,Review overtime
1,1,0,0.800322936,0.7587726658383186,0.2191027295772439,0.9727181600484424,True,3__1,0.3951500954955467,0,1,Team 3,Sewing,0.8,50,913.0,54.5,6540,28.08,0,1,2015-01-03,-0.04122733416168145,True,Watch,0,0.7536154304711985,Review staffing
2,2,0,0.75024303,0.7605340764461864,0.2252357171702265,0.9722793416668086,True,3__1,0.3424142320504558,0,2,Team 3,Sewing,0.75,45,734.0,55.0,6600,19.87,0,1,2015-01-04,0.010534076446186424,False,Watch,0,0.7470436244965821,Review staffing
3,3,0,0.75024303,0.7664940258776985,0.2335092684578154,0.9727992109884972,True,3__1,0.3332093708193648,0,3,Team 3,Sewing,0.75,45,944.0,55.0,6600,19.87,0,1,2015-01-05,0.016494025877698548,False,Watch,0,0.7392899425306818,Review staffing
4,4,0,0.800273829,0.7817415504586062,0.2516191226146313,0.9747615545455232,True,3__1,0.3587090918435298,0,4,Team 3,Sewing,0.8,50,963.0,55.0,9900,19.87,0,1,2015-01-06,-0.018258449541393884,True,Watch,0,0.7231424319308919,Review staffing
5,5,0,0.800273829,0.7824171686212978,0.2543569890043116,0.9745972557102364,True,3__1,0.3570725204858044,0,5,Team 3,Sewing,0.8,50,924.0,55.0,9900,19.87,0,1,2015-01-07,-0.0175828313787022,True,Watch,0,0.7202402667059248,Review staffing
6,6,0,0.800273829,0.7748394659648365,0.2477592028181869,0.973236614192948,True,3__1,0.3681055553206234,0,6,Team 3,Sewing,0.8,50,857.0,55.0,9900,19.87,0,2,2015-01-08,-0.025160534035163495,True,Watch,0,0.7254774113747612,Review staffing
7,7,0,0.750098351,0.7673824160719301,0.2412413296374809,0.9719065629801208,True,3__1,0.3294208569751243,0,7,Team 3,Sewing,0.75,45,1075.0,56.0,7080,19.87,0,2,2015-01-10,0.01738241607193014,False,Watch,0,0.7306652333426399,Review WIP
8,8,0,0.690182815,0.6224585507208694,0.1366136366035384,0.9451847739506156,False,3__1,0.5710801676956846,0,8,Team 3,Sewing,0.8,0,1043.0,55.0,6420,19.87,0,2,2015-01-11,-0.17754144927913063,True,High Risk,1,0.8085711373470772,Review WIP
9,9,0,0.800273829,0.6240553066846442,0.1382866613473347,0.9451594029355224,False,3__1,0.5694187824679593,0,9,Team 3,Sewing,0.8,0,941.0,55.0,9900,19.87,0,2,2015-01-12,-0.1759446933153559,True,High Risk,1,0.8068727415881877,Review incentive
10,10,0,0.705576584,0.7414702302164617,0.2184729881919025,0.967411655113746,False,3__1,0.4165099321792923,0,10,Team 3,Sewing,0.8,54,465.0,55.0,9900,42.27,0,2,2015-01-13,-0.0585297697835383,True,High Risk,1,0.7489386669218435,Review staffing
12,11,0,0.660683293,0.7072792518096772,0.1919930772281322,0.9611515110034824,False,3__1,0.2003062389917846,0,12,Team 3,Sewing,0.5,30,1102.0,56.5,10170,22.52,0,3,2015-01-15,0.2072792518096772,False,Healthy,0,0.7691584337753502,No immediate action
13,12,0,0.600291767,0.7057189147492459,0.1913712781118015,0.9607334142564612,False,3__1,0.2766325960653544,0,13,Team 3,Sewing,0.6,30,1140.0,56.5,10170,22.52,0,3,2015-01-17,0.10571891474924588,False,Healthy,0,0.7693621361446596,No immediate action
14,13,0,0.650416734,0.7154420707192046,0.1992553713734991,0.9623903958715324,False,3__1,0.3065864503787039,0,14,Team 3,Sewing,0.65,35,1138.0,56.5,10170,22.52,0,3,2015-01-18,0.0654420707192046,False,Watch,0,0.7631350244980333,Review WIP
15,14,0,0.750062751,0.7650147186706714,0.2439296866865292,0.9707485115288746,False,3__1,0.2858129259106015,0,15,Team 3,Sewing,0.7,50,1095.0,56.5,10170,22.52,0,3,2015-01-19,0.06501471867067143,False,Healthy,0,0.7268188248423455,No immediate action
16,15,0,0.750037968,0.7667458975538733,0.246228967656762,0.9709456872389906,False,3__1,0.2832502702047708,0,16,Team 3,Sewing,0.7,50,1134.0,57.0,8460,22.52,0,3,2015-01-20,0.06674589755387339,False,Healthy,0,0.7247167195822286,No immediate action
17,16,0,0.750068049,0.818462731779692,0.3095379013251514,0.9787293590563176,False,3__1,0.2123198688848706,0,17,Team 3,Sewing,0.7,63,1139.0,57.0,10260,22.52,0,3,2015-01-21,0.11846273177969202,False,Healthy,0,0.6691914577311662,No immediate action
18,17,0,0.750068049,0.8117497054828967,0.3005846166837178,0.9777152130670068,False,3__1,0.2214109119449087,0,18,Team 3,Sewing,0.7,63,1244.0,57.0,10260,22.52,0,4,2015-01-22,0.11174970548289676,False,Healthy,0,0.677130596383289,No immediate action
19,18,0,0.80035194,0.8343405783459323,0.3344973057045375,0.9808830134381988,False,3__1,0.226620455040659,0,19,Team 3,Sewing,0.75,69,1266.0,57.0,10260,22.52,0,4,2015-01-24,0.08434057834593234,False,Healthy,0,0.6463857077336613,No immediate action
20,19,0,0.800513307,0.7786050882211341,0.2604903433306429,0.9726021180625608,False,3__1,0.3104403582351347,0,20,Team 3,Sewing,0.75,55,1495.0,57.5,10350,22.52,0,4,2015-01-25,0.028605088221134056,False,Watch,0,0.7121117747319179,Review WIP
21,20,0,0.80035194,0.838878593032758,0.3427073072967507,0.98144252556753,False,3__1,0.2192081864788462,0,21,Team 3,Sewing,0.75,69,1584.0,57.0,10260,22.52,0,4,2015-01-26,0.08887859303275802,False,Healthy,0,0.6387352182707793,No immediate action
22,21,0,1.000230409,0.9470383018554424,0.6398644425313934,0.9948081185817852,False,3__1,0.0493226737670382,0,22,Team 3,Sewing,0.75,119,1299.0,57.0,6840,22.52,0,4,2015-01-27,0.19703830185544235,False,Healthy,0,0.3549436760503918,No immediate action
23,22,0,1.000230409,0.9521260631488724,0.6644419185552859,0.9953532695618944,False,3__1,0.0555352752915024,0,23,Team 3,Sewing,0.8,113,1350.0,57.0,6840,22.52,0,4,2015-01-28,0.15212606314887234,False,Healthy,0,0.3309113510066085,No immediate action
24,23,0,0.950185965,0.9590118921451084,0.7000977467393474,0.9960887665446648,False,3__1,0.0435290222872012,0,24,Team 3,Sewing,0.8,100,1287.0,57.0,6840,22.52,0,0,2015-01-29,0.15901189214510836,False,Healthy,0,0.2959910198053174,No immediate action
25,24,0,1.000457471,0.9686410041270144,0.7545840525812372,0.9971237526727084,False,3__1,0.0281789464303969,0,25,Team 3,Sewing,0.8,113,1136.0,58.0,6960,22.52,0,0,2015-01-31,0.16864100412701433,False,Healthy,0,0.2425397000914712,No immediate action
26,25,0,0.950185965,0.9599480897399546,0.7057864459347651,0.9961761488803564,False,3__1,0.0417485472852012,0,26,Team 3,Sewing,0.8,100,1124.0,57.0,6840,22.52,0,1,2015-02-01,0.15994808973995456,False,Healthy,0,0.2903897029455913,No immediate action
27,26,0,0.90014152,0.9452592015368164,0.6315756047672212,0.9946176974187608,False,3__1,0.0680298136856081,0,27,Team 3,Sewing,0.8,70,21266.0,57.0,6840,22.52,0,1,2015-02-02,0.14525920153681637,False,Healthy,0,0.36304209265153964,No immediate action
28,27,0,0.950185965,0.9586192233297056,0.6992920465655436,0.9960198344280816,False,3__1,0.0437673512163866,0,28,Team 3,Sewing,0.8,100,1112.0,57.0,6840,22.52,0,1,2015-02-03,0.15861922332970557,False,Healthy,0,0.29672778786253806,No immediate action
29,28,0,1.000230409,0.9682156169765388,0.753075912996104,0.997059575754931,False,3__1,0.0285153793290821,0,29,Team 3,Sewing,0.8,113,968.0,57.0,6840,22.52,0,1,2015-02-04,0.16821561697653875,False,Healthy,0,0.243983662758827,No immediate action
30,29,0,0.950185965,0.963752272575262,0.7276696273325308,0.99656925823377,False,3__1,0.0352744412095198,0,30,Team 3,Sewing,0.8,100,1063.0,57.0,6840,22.52,0,1,2015-02-05,0.16375227257526193,False,Healthy,0,0.26889963090123914,No immediate action
31,30,0,0.950185965,0.9633453328428664,0.7255963781226714,0.9965210537776136,False,3__1,0.0358557323042154,0,31,Team 3,Sewing,0.8,100,1060.0,57.0,6840,22.52,0,1,2015-02-07,0.16334533284286634,False,Healthy,0,0.27092467565494216,No immediate action
32,31,0,0.900129762,0.9491269713757003,0.6534649694878306,0.9949445825600928,False,3__1,0.059623758937419,0,32,Team 3,Sewing,0.8,88,1283.0,56.0,6720,22.52,0,2,2015-02-08,0.1491269713757003,False,Healthy,0,0.34147961307226216,No immediate action
33,32,0,0.800161172,0.8616715259608857,0.3881126653311488,0.9842342903184736,False,3__1,0.2197565101492484,0,33,Team 3,Sewing,0.8,50,1271.0,57.0,5400,22.52,0,2,2015-02-09,0.061671525960885654,False,Healthy,0,0.5961216249873249,No immediate action
34,33,0,0.90047076,0.9559317749542476,0.6852671923868789,0.9957283265787747,False,3__1,0.0483265357112023,0,34,Team 3,Sewing,0.8,88,813.0,57.0,0,22.52,0,2,2015-02-10,0.1559317749542476,False,Healthy,0,0.3104611341918958,No immediate action
35,34,0,0.536901754,0.6772227053914874,0.1721159362575283,0.9551413590836656,False,3__1,0.5040077086182054,1,35,Team 3,Sewing,0.8,0,11.0,57.0,6840,22.52,1,2,2015-02-11,-0.12277729460851261,True,High Risk,1,0.7830254228261373,Review incentive
36,35,0,0.350301724,0.6816412996124347,0.1764840141238375,0.9555820086352348,False,3__1,0.1231323547049762,0,36,Team 3,Sewing,0.35,0,770.0,58.0,6960,30.1,1,2,2015-02-12,0.3316412996124347,False,Healthy,0,0.7790979945113973,No immediate action
37,36,0,0.500801724,0.7864948802677773,0.2728787540574114,0.9733840098598154,False,3__1,0.1236156112304035,0,37,Team 3,Sewing,0.5,30,1261.0,58.0,6960,30.1,1,2,2015-02-14,0.28649488026777725,False,Healthy,0,0.7005052558024041,No immediate action
38,37,0,0.475718391,0.7697817613640962,0.2541894413311542,0.9707066814221568,False,3__1,0.2002844496477013,1,38,Team 3,Sewing,0.6,30,1361.0,58.0,6960,30.1,1,3,2015-02-15,0.16978176136409617,False,Healthy,0,0.7165172400910026,No immediate action
39,38,0,0.802243319,0.8796711115497802,0.4268839679965361,0.9865763616126416,False,3__1,0.1001961410916527,0,39,Team 3,Sewing,0.65,63,1263.0,58.0,600,30.1,1,3,2015-02-16,0.22967111154978015,False,Healthy,0,0.5596923936161056,No immediate action
40,39,0,0.700603448,0.8278953714502371,0.3293540775240211,0.9795272682121208,False,3__1,0.1964636971986423,0,40,Team 3,Sewing,0.7,50,1422.0,58.0,6960,30.1,1,3,2015-02-17,0.1278953714502371,False,Healthy,0,0.6501731906880996,No immediate action
41,40,1,0.700603448,0.8234869124293945,0.3211084320422141,0.9790389939801144,False,3__1,0.2033470368271644,0,41,Team 3,Sewing,0.7,40,1057.0,58.0,0,30.1,1,3,2015-02-18,0.12348691242939458,False,Healthy,0,0.6579305619379003,No immediate action
42,41,1,0.700603448,0.778724495618065,0.2645912479707851,0.972062465868383,False,3__1,0.2645027658304698,0,42,Team 3,Sewing,0.7,50,247.0,58.0,6960,30.1,1,3,2015-02-19,0.07872449561806505,False,Healthy,0,0.7074712178975979,No immediate action
43,42,1,0.626577778,0.7574791806682991,0.2416209802532575,0.9686573120157936,False,3__1,0.2935808316606378,0,43,Team 3,Sewing,0.7,33,1041.0,58.0,8160,30.1,2,4,2015-02-22,0.05747918066829916,False,Healthy,0,0.7270363317625361,No immediate action
44,43,1,0.700362069,0.7512623988238258,0.2355316739746161,0.967609638077236,False,3__1,0.3019522778643078,0,44,Team 3,Sewing,0.7,30,1228.0,58.0,6960,29.4,2,4,2015-02-23,0.05126239882382588,False,Watch,0,0.7320779641026198,Review WIP
45,44,1,0.750176991,0.8020456224510693,0.2927585444126618,0.9757052834255322,False,3__1,0.2739424446444929,0,45,Team 3,Sewing,0.75,45,1172.0,60.0,5340,29.4,2,4,2015-02-24,0.05204562245106925,False,Healthy,0,0.6829467390128704,No immediate action
46,45,1,0.750206897,0.8002373648515568,0.2904721573956389,0.9754240187219776,False,3__1,0.276648880756569,0,46,Team 3,Sewing,0.75,45,1283.0,58.0,6960,29.4,2,4,2015-02-25,0.05023736485155683,False,Healthy,0,0.6849518613263387,No immediate action
47,46,1,0.750473684,0.7975558635223962,0.2871573002136838,0.975001335991243,False,3__1,0.280641820566528,0,47,Team 3,Sewing,0.75,45,1244.0,57.0,6840,29.4,2,4,2015-02-26,0.04755586352239616,False,Healthy,0,0.6878440357775591,No immediate action
48,47,1,0.750716981,0.7963644949535489,0.2857928202682153,0.9748016080322848,False,3__1,0.282374754089126,0,48,Team 3,Sewing,0.75,45,1144.0,57.0,4440,29.4,2,4,2015-02-28,0.046364494953548885,False,Healthy,0,0.6890087877640695,No immediate action
49,48,1,0.750473684,0.8000250970209937,0.2910093641449802,0.9752957088266432,False,3__1,0.2766270104771371,0,49,Team 3,Sewing,0.75,45,1143.0,57.0,6840,29.4,0,1,2015-03-01,0.05002509702099367,False,Healthy,0,0.6842863446816629,No immediate action
50,49,2,0.800149813,0.8203826090833136,0.3190719319244572,0.9783377844180738,False,3__1,0.2906306884315781,0,50,Team 3,Sewing,0.8,50,1231.0,57.0,4680,29.4,0,1,2015-03-02,0.020382609083313574,False,Healthy,0,0.6592658524936166,No immediate action
51,50,2,0.800333333,0.8168746228075404,0.3140565881440756,0.9778134566708976,False,3__1,0.296466757143721,0,51,Team 3,Sewing,0.8,50,1156.0,57.0,6840,29.4,0,1,2015-03-03,0.016874622807540374,False,Healthy,0,0.663756868526822,No immediate action
52,51,2,0.800333333,0.8634964691134949,0.3934501671242446,0.9843660807863076,False,3__1,0.2157831829331835,0,52,Team 3,Sewing,0.8,63,1169.0,57.0,6840,29.4,0,1,2015-03-04,0.06349646911349482,False,Healthy,0,0.590915913662063,No immediate action
53,52,2,0.800534979,0.8593118390150425,0.3852598044266739,0.9837955922576194,False,3__1,0.223204963599077,0,53,Team 3,Sewing,0.8,63,797.0,57.0,1800,29.4,0,1,2015-03-05,0.059311839015042445,False,Healthy,0,0.5985357878309454,No immediate action
54,53,2,0.800578947,0.8644624397082488,0.3956000291182263,0.9844825915329708,False,3__1,0.2139707759557216,0,54,Team 3,Sewing,0.8,63,983.0,57.0,6840,29.4,1,1,2015-03-07,0.06446243970824872,False,Healthy,0,0.5888825624147445,No immediate action
55,54,2,0.800511068,0.818632875399609,0.3167890238067143,0.9780532295150884,False,3__1,0.2934569972694655,0,55,Team 3,Sewing,0.8,50,1278.0,57.0,3360,30.1,1,2,2015-03-08,0.018632875399609006,False,Healthy,0,0.6612642057083742,No immediate action
56,55,2,0.800842424,0.8105432014893845,0.305461360004059,0.9768384939033988,False,3__1,0.3068586040458317,0,56,Team 3,Sewing,0.8,50,964.0,58.0,5160,30.1,1,2,2015-03-09,0.01054320148938448,False,Watch,0,0.6713771338993398,Review team conditions
57,56,2,0.800071839,0.8521721817861303,0.3719434179227861,0.9828058461217812,False,3__1,0.2357498811925898,0,57,Team 3,Sewing,0.8,63,756.0,58.0,6960,30.1,1,2,2015-03-10,0.052172181786130256,False,Healthy,0,0.6108624281989952,No immediate action
58,57,2,0.800071839,0.8506349927867121,0.3691760337523891,0.9825902307546576,False,3__1,0.2384327539076788,0,58,Team 3,Sewing,0.8,63,735.0,58.0,6960,30.1,1,2,2015-03-11,0.05063499278671202,False,Healthy,0,0.6134141970022684,No immediate action
0,0,0,0.593055556,0.7106247390725836,0.149454020195583,0.971971161715858,True,4__0,0.4177520986782805,1,0,Team 4,Finishing,0.75,0,,18.0,2160,3.94,0,1,2015-01-01,-0.03937526092741639,True,High Risk,1,0.822517141520275,Review overtime
1,1,0,0.988024691,0.7013857273206804,0.1459960287250837,0.9702204326758724,True,4__0,0.4752834538497693,0,1,Team 4,Finishing,0.8,0,,20.0,6600,4.15,0,1,2015-01-03,-0.09861427267931966,True,High Risk,1,0.8242244039507888,Review overtime
2,2,0,0.861679012,0.7743111050168016,0.2020023018122629,0.9792618758302392,True,4__0,0.3815719952816621,0,2,Team 4,Finishing,0.8,0,,20.0,6600,3.94,0,1,2015-01-04,-0.025688894983198485,True,Watch,0,0.7772595740179763,Review overtime
3,3,0,0.893663194,0.7619982107087572,0.1927688521744429,0.9775422406508176,True,4__0,0.3978882935210154,0,3,Team 4,Finishing,0.8,0,,16.0,3840,3.94,0,1,2015-01-05,-0.03800178929124287,True,Watch,0,0.7847733884763748,Review overtime
4,4,0,0.966781346,0.7885199202155904,0.2192387970996474,0.9805202934338674,True,4__0,0.3606810036362325,0,4,Team 4,Finishing,0.8,0,,18.0,4440,3.94,0,1,2015-01-06,-0.01148007978440968,True,Watch,0,0.76128149633422,Review overtime
5,5,0,0.827186544,0.8141487663713936,0.2495288238521466,0.9832954650545684,True,4__0,0.3225879595220055,0,5,Team 4,Finishing,0.8,0,,18.0,4440,3.94,0,1,2015-01-07,0.014148766371393506,False,Watch,0,0.7337666412024219,Review overtime
6,6,0,0.919905405,0.814192527851563,0.2507943477720545,0.9831914885699946,True,4__0,0.3221070596208605,0,6,Team 4,Finishing,0.8,0,,20.0,12600,3.94,0,2,2015-01-08,0.014192527851562997,False,Watch,0,0.7323971407979402,Review overtime
7,7,0,0.911589744,0.8271367681868577,0.2688679819856087,0.9845220040967164,True,4__0,0.3017888956247125,0,7,Team 4,Finishing,0.8,0,,20.0,6000,3.94,0,2,2015-01-10,0.02713676818685762,False,Watch,0,0.7156540221111077,Review overtime
8,8,0,0.925643939,0.8361369497536659,0.2827300912620504,0.985418816039427,False,4__0,0.2872049623160707,0,8,Team 4,Finishing,0.8,0,,20.0,3600,3.94,0,2,2015-01-11,0.03613694975366588,False,Healthy,0,0.7026887247773766,No immediate action
9,9,0,0.942213805,0.8305436036668213,0.2755699844208706,0.9847417393002432,False,4__0,0.0574156448201743,0,9,Team 4,Finishing,0.35,0,,18.0,3240,4.3,0,2,2015-01-12,0.48054360366682136,False,Healthy,0,0.7091717548793726,No immediate action
10,10,0,0.952020202,0.804467542175539,0.2423606710134545,0.9817744639017976,False,4__0,0.0714238589172361,0,10,Team 4,Finishing,0.35,0,,12.0,2160,4.3,0,2,2015-01-13,0.454467542175539,False,Healthy,0,0.7394137928883431,No immediate action
11,11,0,0.908080808,0.7759532803828754,0.211925460139585,0.9783840418176004,False,4__0,0.08791634150176,0,11,Team 4,Finishing,0.35,0,,8.0,2700,4.3,0,2,2015-01-14,0.4259532803828754,False,Healthy,0,0.7664585816780154,No immediate action
12,12,0,0.988636364,0.8565419255038736,0.3189225591543443,0.9873710251464556,False,4__0,0.0435544793907993,0,12,Team 4,Finishing,0.35,0,,20.0,3600,4.3,0,3,2015-01-15,0.5065419255038737,False,Healthy,0,0.6684484659921113,No immediate action
15,13,0,0.977272727,0.8923354557816269,0.3940897372235765,0.9909635926224613,False,4__0,0.131898300717874,0,15,Team 4,Finishing,0.7,0,,28.0,5040,4.3,0,3,2015-01-19,0.19233545578162692,False,Healthy,0,0.5968738553988848,No immediate action
17,14,0,0.978525641,0.8784775354531528,0.3629909801100514,0.9895535661287372,False,4__0,0.1803005275879511,0,17,Team 4,Finishing,0.75,0,,20.0,6000,4.3,0,3,2015-01-21,0.12847753545315277,False,Healthy,0,0.6265625860186859,No immediate action
18,15,0,0.670216049,0.8616273768265276,0.3297048800943637,0.9878097682424936,False,4__0,0.2065807972467561,0,18,Team 4,Finishing,0.75,0,,15.0,9000,4.3,0,4,2015-01-22,0.11162737682652757,False,Healthy,0,0.6581048881481298,No immediate action
19,16,0,0.651515152,0.8432373025249397,0.2984387070133145,0.9858433671633572,False,4__0,0.2345674266324486,0,19,Team 4,Finishing,0.75,0,,12.0,2160,4.3,0,4,2015-01-24,0.09323730252493967,False,Healthy,0,0.6874046601500428,No immediate action
20,17,0,0.952020202,0.837173940010321,0.2895198672058809,0.9851496388993723,False,4__0,0.24345660314417,0,20,Team 4,Finishing,0.75,0,,12.0,2160,4.3,0,4,2015-01-25,0.08717394001032097,False,Healthy,0,0.6956297716934914,No immediate action
21,18,0,0.963699495,0.8445799766350542,0.3014397721121187,0.9859301803687928,False,4__0,0.2321839961057131,0,21,Team 4,Finishing,0.75,0,,12.0,2160,4.3,0,4,2015-01-26,0.09457997663505424,False,Healthy,0,0.6844904082566741,No immediate action
22,19,0,0.940625,0.8541193797199359,0.3177352911291048,0.986931318319628,False,4__0,0.2554794255918013,0,22,Team 4,Finishing,0.8,0,,12.0,1440,4.3,0,4,2015-01-27,0.054119379719935856,False,Healthy,0,0.6691960271905232,No immediate action
23,20,0,0.722638889,0.8587917262411617,0.3263879985640429,0.9874049955254696,False,4__0,0.2474736613752795,0,23,Team 4,Finishing,0.8,0,,12.0,1440,4.3,0,4,2015-01-28,0.05879172624116169,False,Healthy,0,0.6610169969614267,No immediate action
24,21,0,0.989,0.8735396356926903,0.3549114967738569,0.98893972822285,False,4__0,0.2221045890433816,0,24,Team 4,Finishing,0.8,0,,10.0,1200,4.3,0,0,2015-01-29,0.07353963569269029,False,Healthy,0,0.6340282314489931,No immediate action
25,22,0,0.971866667,0.8867326328821252,0.3843812958826209,0.9902561959791732,False,4__0,0.1985321535621704,0,25,Team 4,Finishing,0.8,0,,10.0,1200,3.94,0,0,2015-01-31,0.08673263288212518,False,Healthy,0,0.6058749000965524,No immediate action
26,23,0,0.845069444,0.8879538367511663,0.3879494842124141,0.9903494384930108,False,4__0,0.1960604719598709,0,26,Team 4,Finishing,0.8,0,,12.0,1440,4.3,0,1,2015-02-01,0.0879538367511663,False,Healthy,0,0.6023999542805967,No immediate action
27,24,0,0.809236111,0.8866988178079155,0.3852766302592991,0.990211341925758,False,4__0,0.1982081372304057,0,27,Team 4,Finishing,0.8,0,,12.0,1440,4.3,0,1,2015-02-02,0.08669881780791544,False,Healthy,0,0.604934711666459,No immediate action
28,25,0,0.5375,0.8846743392339484,0.3808388845761458,0.9899959565893506,False,4__0,0.2017398085264237,1,28,Team 4,Finishing,0.8,0,,12.0,1440,4.3,0,1,2015-02-03,0.0846743392339484,False,Healthy,0,0.6091570720132048,No immediate action
31,26,0,0.447916667,0.8509064785525869,0.3134483426041665,0.9865104566343612,False,4__0,0.2603712343206473,1,31,Team 4,Finishing,0.8,0,,8.0,960,4.3,0,1,2015-02-07,0.0509064785525869,False,Healthy,0,0.6730621140301947,No immediate action
34,27,0,0.796755556,0.8827799628380567,0.377191837633321,0.989774252767734,False,4__0,0.1432531432202458,0,34,Team 4,Finishing,0.7,0,,15.0,1800,4.15,0,2,2015-02-10,0.18277996283805675,False,Healthy,0,0.612582415134413,No immediate action
35,28,0,1.033155556,0.8807706826787511,0.3729012165302374,0.9895600781455562,False,4__0,0.1460219791505266,0,35,Team 4,Finishing,0.7,0,,15.0,1800,4.15,0,2,2015-02-11,0.18077068267875118,False,Healthy,0,0.6166588616153188,No immediate action
36,29,0,1.096633333,0.8972281719839412,0.4128290281825023,0.9912020003787616,False,4__0,0.1224375048942487,0,36,Team 4,Finishing,0.7,0,,15.0,1800,4.15,0,2,2015-02-12,0.19722817198394127,False,Healthy,0,0.5783729721962594,No immediate action
37,30,0,0.902916667,0.9237742863276742,0.4937116386684215,0.9937503985133288,False,4__0,0.104040364324322,0,37,Team 4,Finishing,0.75,0,,20.0,2400,4.15,0,2,2015-02-14,0.17377428632767422,False,Healthy,0,0.5000387598449073,No immediate action
38,31,0,0.287041667,0.9180338924906402,0.4743060550622651,0.9932043433680487,False,4__0,0.1135360482821685,1,38,Team 4,Finishing,0.75,0,,20.0,2400,4.15,0,3,2015-02-15,0.16803389249064016,False,Healthy,0,0.5188982883057837,No immediate action
39,32,0,0.722333333,0.8963730077961932,0.4111600550536949,0.9910961259889536,False,4__0,0.1491471271692991,0,39,Team 4,Finishing,0.75,0,,15.0,1800,4.15,0,3,2015-02-16,0.14637300779619322,False,Healthy,0,0.5799360709352587,No immediate action
40,33,0,0.656666667,0.8434201882901755,0.3022939850408702,0.9856181503802282,False,4__0,0.2327983739188688,0,40,Team 4,Finishing,0.75,0,,8.0,960,5.13,0,3,2015-02-17,0.09342018829017551,False,Healthy,0,0.683324165339358,No immediate action
41,34,1,0.734645833,0.839302232420514,0.2960292742917155,0.9851484423641008,False,4__0,0.2389102605802378,0,41,Team 4,Finishing,0.75,0,,8.0,960,5.13,0,3,2015-02-18,0.08930223242051405,False,Healthy,0,0.6891191680723854,No immediate action
42,35,1,0.684027778,0.8339846927339657,0.288195854684847,0.9845381506926916,False,4__0,0.2467657248783345,0,42,Team 4,Finishing,0.75,0,,8.0,1920,5.13,0,3,2015-02-19,0.0839846927339657,False,Healthy,0,0.6963422960078446,No immediate action
49,36,1,0.673083333,0.8604362083721405,0.3321931334630148,0.987416880331214,False,4__0,0.1225746490878066,0,49,Team 4,Finishing,0.6,0,,8.0,960,3.94,0,1,2015-03-01,0.26043620837214054,False,Healthy,0,0.6552237468681992,No immediate action
50,37,2,0.806879167,0.8568061287076814,0.3257680049193332,0.987018569582564,False,4__0,0.1512277153506248,0,50,Team 4,Finishing,0.65,0,,8.0,960,3.94,0,1,2015-03-02,0.20680612870768134,False,Healthy,0,0.6612505646632307,No immediate action
51,38,2,0.555430556,0.8510170244280991,0.3158380695413401,0.9863819098623874,False,4__0,0.1874729544478774,1,51,Team 4,Finishing,0.7,0,,8.0,3360,3.94,0,1,2015-03-03,0.15101702442809917,False,Healthy,0,0.6705438403210473,No immediate action
52,39,2,0.806058333,0.8506661578862585,0.3153743754109721,0.9863351750961068,False,4__0,0.1879009708813121,0,52,Team 4,Finishing,0.7,0,,8.0,960,3.94,0,1,2015-03-04,0.1506661578862586,False,Healthy,0,0.6709607996851348,No immediate action
53,40,2,0.812625,0.8496382296499181,0.3137753612337186,0.9862139957545198,False,4__0,0.189263957973269,0,53,Team 4,Finishing,0.7,0,,8.0,960,3.94,0,1,2015-03-05,0.14963822964991813,False,Healthy,0,0.6724386345208013,No immediate action
54,41,2,0.664875,0.8487878554906262,0.3124801534297267,0.9861123396734696,False,4__0,0.190383093259845,0,54,Team 4,Finishing,0.7,0,,8.0,960,3.94,0,1,2015-03-07,0.14878785549062623,False,Healthy,0,0.6736321862437429,No immediate action
55,42,2,0.890604167,0.8400003172597498,0.2984303614143043,0.9851313653740064,False,4__0,0.2373087909813929,0,55,Team 4,Finishing,0.75,0,,8.0,960,3.94,0,2,2015-03-08,0.09000031725974977,False,Healthy,0,0.6867010039597021,No immediate action
56,43,2,0.7953875,0.9851362895663788,0.8257158493782092,0.9992814600027932,False,4__0,0.0116881974236289,0,56,Team 4,Finishing,0.75,960,,8.0,0,3.94,0,2,2015-03-09,0.23513628956637878,False,Healthy,0,0.17356561062458398,No immediate action
57,44,2,0.881575,0.8331631783909234,0.2882811311641126,0.9843458382338968,False,4__0,0.2474440382177027,0,57,Team 4,Finishing,0.75,0,,8.0,960,3.94,0,2,2015-03-10,0.08316317839092335,False,Healthy,0,0.6960647070697842,No immediate action
58,45,2,0.813309028,0.8317074015336617,0.2862595248509361,0.9841714879026008,False,4__0,0.249559470750969,0,58,Team 4,Finishing,0.75,0,,8.0,1920,3.94,0,2,2015-03-11,0.08170740153366174,False,Healthy,0,0.6979119630516647,No immediate action
0,0,0,0.52118,0.6255609150033073,0.1596346996895218,0.9364629035396232,True,4__1,0.4095868595811447,1,0,Team 4,Sewing,0.65,0,861.0,60.0,7200,23.69,0,1,2015-01-01,-0.024439084996692673,True,High Risk,1,0.7768282038501014,Review incentive
1,1,0,0.700134038,0.6013418813559962,0.1511032616430581,0.9276019520392778,True,4__1,0.492098617033931,0,1,Team 4,Sewing,0.7,0,544.0,60.0,13800,23.69,0,1,2015-01-03,-0.09865811864400376,True,High Risk,1,0.7764986903962197,Review incentive
2,2,0,0.800598058,0.7469404595203988,0.2592181101099141,0.9616514815148766,True,4__1,0.4003893902139257,0,2,Team 4,Sewing,0.8,50,878.0,55.5,4260,28.08,0,1,2015-01-04,-0.053059540479601264,True,High Risk,1,0.7024333714049624,Review staffing
3,3,0,0.800076522,0.7503481780639598,0.2671511038194733,0.961476381206563,True,4__1,0.39389536115657,0,3,Team 4,Sewing,0.8,50,759.0,57.5,6900,28.08,0,1,2015-01-05,-0.04965182193604023,True,Watch,0,0.6943252773870896,Review overtime
4,4,0,0.800594466,0.7602248520662698,0.2808029079397309,0.9628803278600744,True,4__1,0.3771066518531862,0,4,Team 4,Sewing,0.8,50,925.0,57.5,10350,28.08,0,1,2015-01-06,-0.03977514793373027,True,Watch,0,0.6820774199203434,Review overtime
5,5,0,0.800594466,0.7668836945117921,0.2909199710912814,0.963743494894322,True,4__1,0.3653753707702465,0,5,Team 4,Sewing,0.8,50,990.0,57.5,10350,28.08,0,1,2015-01-07,-0.03311630548820799,True,Watch,0,0.6728235238030406,Review overtime
6,6,0,0.850181818,0.8598734999433482,0.434794483625979,0.980278712308838,True,4__1,0.2008532585807982,0,6,Team 4,Sewing,0.8,75,942.0,58.5,10530,28.08,0,2,2015-01-08,0.05987349994334812,False,Healthy,0,0.545484228682859,No immediate action
7,7,0,0.801028213,0.8044556595258153,0.3432407396730468,0.9703268246401602,True,4__1,0.2996659131592584,0,7,Team 4,Sewing,0.8,63,660.0,58.0,10440,28.08,0,2,2015-01-10,0.004455659525815281,False,Healthy,0,0.6270860849671134,No immediate action
8,8,0,0.473134796,0.5708963185832224,0.1449020202052074,0.9127450668621324,False,4__1,0.6461691632999675,1,8,Team 4,Sewing,0.8,0,562.0,58.0,10440,50.48,0,2,2015-01-11,-0.22910368141677762,True,High Risk,1,0.767843046656925,Review incentive
9,9,0,0.35063299,0.6214537584936086,0.1745914860091675,0.9273999585828112,False,4__1,0.1380424279079929,0,9,Team 4,Sewing,0.35,0,581.0,51.5,7350,22.4,0,2,2015-01-12,0.27145375849360864,False,Healthy,0,0.7528084725736437,No immediate action
10,10,0,0.500380799,0.6621353065495065,0.2030263061247545,0.9380029644607092,False,4__1,0.2157429095744149,0,10,Team 4,Sewing,0.5,23,783.0,56.5,10170,22.4,0,2,2015-01-13,0.16213530654950647,False,Healthy,0,0.7349766583359547,No immediate action
11,11,0,0.600369686,0.6589110869269452,0.2013411186861502,0.9369234097851644,False,4__1,0.308693621020809,0,11,Team 4,Sewing,0.6,23,816.0,57.0,5100,22.4,0,2,2015-01-14,0.058911086926945244,False,Watch,0,0.7355822910990142,Review incentive
12,12,0,0.650130952,0.6449790804628504,0.1921070033128991,0.9329877309741887,False,4__1,0.3774376669320449,0,12,Team 4,Sewing,0.65,26,872.0,56.0,10080,22.52,0,3,2015-01-15,-0.005020919537149671,True,Watch,0,0.7408807276612897,Review incentive
13,13,0,0.7005417,0.725968869879885,0.2573765848269592,0.9531880824660396,False,4__1,0.3169492916956066,0,13,Team 4,Sewing,0.7,50,825.0,56.5,10170,22.52,0,3,2015-01-17,0.025968869879885004,False,Watch,0,0.6958114976390803,Review staffing
14,14,0,0.7005417,0.7265043871714376,0.2584924417735632,0.9531681979908426,False,4__1,0.3159113330041346,0,14,Team 4,Sewing,0.7,50,882.0,56.5,10170,22.52,0,3,2015-01-18,0.02650438717143766,False,Watch,0,0.6946757562172794,Review staffing
15,15,0,0.750068049,0.7850729192294686,0.3241576370156754,0.9655713222547728,False,4__1,0.23047927306774,0,15,Team 4,Sewing,0.7,63,930.0,57.0,10260,22.52,0,3,2015-01-19,0.08507291922946869,False,Healthy,0,0.6414136852390975,No immediate action
16,16,0,0.750068049,0.7847056213342183,0.3242827828966816,0.965405657844942,False,4__1,0.2307120633758734,0,16,Team 4,Sewing,0.7,63,983.0,57.0,10260,22.52,0,3,2015-01-20,0.08470562133421833,False,Healthy,0,0.6411228749482605,No immediate action
17,17,0,0.900556277,0.8902916411575765,0.5158446308033379,0.9843793764681412,False,4__1,0.1079020647277622,0,17,Team 4,Sewing,0.75,94,825.0,56.0,10080,22.52,0,3,2015-01-21,0.14029164115757653,False,Healthy,0,0.46853474566480335,No immediate action
18,18,0,0.849983766,0.8458747124247735,0.4201191104131517,0.9768021647072396,False,4__1,0.1778966527691778,0,18,Team 4,Sewing,0.75,81,759.0,56.0,10080,22.52,0,4,2015-01-22,0.09587471242477352,False,Healthy,0,0.5566830542940879,No immediate action
19,19,0,0.900321106,0.8854553818358383,0.5050460981953137,0.9835100425849992,False,4__1,0.1147634922434661,0,19,Team 4,Sewing,0.75,94,727.0,57.0,10260,22.52,0,4,2015-01-24,0.13545538183583827,False,Healthy,0,0.47846394438968554,No immediate action
20,20,0,0.900321106,0.8892172282354494,0.5149289891869728,0.984090107644126,False,4__1,0.1087286317394542,0,20,Team 4,Sewing,0.75,94,867.0,57.0,10260,22.52,0,4,2015-01-25,0.13921722823544935,False,Healthy,0,0.46916111845715314,No immediate action
21,21,0,0.850312684,0.7662247573177273,0.303869679299102,0.9612162676870584,False,4__1,0.3622951282426492,0,21,Team 4,Sewing,0.8,60,1016.0,56.5,10170,22.52,0,4,2015-01-26,-0.03377524268227272,True,Watch,0,0.6573465883879563,Review staffing
22,22,0,0.850312684,0.7748332938842404,0.314564618321498,0.962956572050879,False,4__1,0.3474150342743708,0,22,Team 4,Sewing,0.8,60,1106.0,56.5,6780,22.52,0,4,2015-01-27,-0.025166706115759663,True,Watch,0,0.648391953729381,Review WIP
23,23,0,0.800489676,0.7402298964362234,0.275767516417749,0.9554581495825109,False,4__1,0.4057134843008174,0,23,Team 4,Sewing,0.8,50,1342.0,56.5,6780,22.52,0,4,2015-01-28,-0.059770103563776655,True,High Risk,1,0.6796906331647619,Review WIP
24,24,0,0.9008,0.9136684381557714,0.5846068370035495,0.987894350702007,False,4__1,0.0955330826424574,0,24,Team 4,Sewing,0.8,88,1444.0,57.5,6900,22.52,0,0,2015-01-29,0.11366843815577132,False,Healthy,0,0.4032875136984575,No immediate action
25,25,0,0.900537069,0.9131403021248012,0.5833567267792413,0.9877931082577937,False,4__1,0.0962914815698626,0,25,Team 4,Sewing,0.8,88,1432.0,57.5,6660,22.52,0,0,2015-01-31,0.1131403021248012,False,Healthy,0,0.4044363814785523,No immediate action
26,26,0,0.85011396,0.8120422023048175,0.3665937302458028,0.9702041075001828,False,4__1,0.2812027857260083,0,26,Team 4,Sewing,0.8,60,1472.0,58.5,7020,22.52,0,1,2015-02-01,0.012042202304817451,False,Healthy,0,0.60361037725438,No immediate action
27,27,0,0.800393224,0.8382242899883174,0.4058448585789919,0.9754767300294824,False,4__1,0.2351030800310388,0,27,Team 4,Sewing,0.8,50,23122.0,56.5,5940,22.52,0,1,2015-02-02,0.038224289988317395,False,Healthy,0,0.5696318714504905,No immediate action
28,28,0,0.800434622,0.7876354563271534,0.3324949302751948,0.9653245766900156,False,4__1,0.3245412581815525,0,28,Team 4,Sewing,0.8,63,340.0,56.5,5460,22.52,0,1,2015-02-03,-0.012364543672846673,True,Watch,0,0.6328296464148209,Review staffing
29,29,0,0.350706422,0.6158861165960041,0.1774408147323966,0.9227498929180789,False,4__1,0.1371365546555892,0,29,Team 4,Sewing,0.35,23,287.0,55.5,6060,30.1,0,1,2015-02-04,0.26588611659600414,False,Healthy,0,0.7453090781856823,No immediate action
30,30,0,0.500720126,0.630965882942245,0.1869718674013178,0.92724720944388,False,4__1,0.2456704227257874,0,30,Team 4,Sewing,0.5,23,417.0,53.0,6360,30.1,1,1,2015-02-05,0.13096588294224498,False,Healthy,0,0.7402753420425622,No immediate action
31,31,0,0.600224189,0.657938473982394,0.2057998952020676,0.9347428583400974,False,4__1,0.3071535698981719,0,31,Team 4,Sewing,0.6,30,486.0,57.0,6780,30.1,1,1,2015-02-07,0.057938473982394045,False,Watch,0,0.7289429631380298,Review incentive
32,32,0,0.568259587,0.7034244303910425,0.2422348497780109,0.9464608966147156,False,4__1,0.2961316306075614,0,32,Team 4,Sewing,0.65,44,712.0,56.5,6780,30.1,1,2,2015-02-08,0.0534244303910425,False,Healthy,0,0.7042260468367046,No immediate action
33,33,0,0.790003236,0.7311488363012488,0.2682814804497034,0.9530125052483984,False,4__1,0.3068173560778945,0,33,Team 4,Sewing,0.7,50,767.0,57.0,3300,30.1,1,2,2015-02-09,0.031148836301248872,False,Watch,0,0.6847310247986951,Review team conditions
34,34,0,0.700618234,0.6940951111551305,0.2344256302983436,0.9440859131827134,False,4__1,0.3607590674882399,0,34,Team 4,Sewing,0.7,40,855.0,58.0,7020,30.1,1,2,2015-02-10,-0.005904888844869505,True,Watch,0,0.7096602828843698,Review incentive
35,35,0,0.700588406,0.6896273109705421,0.230846017358537,0.9429132694136124,False,4__1,0.3671633094984915,0,35,Team 4,Sewing,0.7,40,667.0,59.5,5940,30.1,1,2,2015-02-11,-0.010372689029457871,True,Watch,0,0.7120672520550755,Review incentive
36,36,0,0.637711864,0.5811784108225746,0.1562204393621569,0.912409612532021,False,4__1,0.5188037536236454,0,36,Team 4,Sewing,0.7,0,419.0,59.0,7080,30.1,1,2,2015-02-12,-0.11882158917742536,True,High Risk,1,0.7561891731698641,Review incentive
37,37,0,0.750392157,0.5839554630087329,0.1579038677008554,0.9132196062095168,False,4__1,0.5734362406011411,0,37,Team 4,Sewing,0.75,0,481.0,59.0,7140,30.1,1,2,2015-02-14,-0.1660445369912671,True,High Risk,1,0.7553157385086614,Review incentive
38,38,0,0.598627451,0.576989453630743,0.1541469574070222,0.9109081567028215,False,4__1,0.5825900212898663,1,38,Team 4,Sewing,0.75,0,919.0,59.5,7140,30.1,1,3,2015-02-15,-0.17301054636925695,True,High Risk,1,0.7567611992957993,Review incentive
39,39,0,0.750356125,0.5760257317464234,0.1537963726173931,0.9104832024032818,False,4__1,0.5839009630788753,0,39,Team 4,Sewing,0.75,0,912.0,58.0,7020,30.1,1,3,2015-02-16,-0.17397426825357665,True,High Risk,1,0.7566868297858887,Review incentive
40,40,0,0.750356125,0.7076756851626741,0.2467366410737188,0.9472991099608412,False,4__1,0.3966710785162628,0,40,Team 4,Sewing,0.75,45,849.0,58.0,7020,30.1,1,3,2015-02-17,-0.042324314837325905,True,Watch,0,0.7005624688871224,Review overtime
41,41,1,0.800980392,0.7454336725634865,0.2836455485708506,0.956112787631458,False,4__1,0.3965118856787027,0,41,Team 4,Sewing,0.8,50,864.0,58.0,480,30.1,1,3,2015-02-18,-0.05456632743651357,True,Watch,0,0.6724672390606075,Review team conditions
42,42,1,0.800094017,0.7884885098450085,0.3351112484945048,0.96527188346881,False,4__1,0.3224898379532336,0,42,Team 4,Sewing,0.8,63,859.0,58.5,7020,30.1,1,3,2015-02-19,-0.011511490154991533,True,Watch,0,0.6301606349743052,Review overtime
43,43,1,0.80000295,0.7854659131886349,0.3312112361802692,0.9646403264354352,False,4__1,0.3277844136718316,0,43,Team 4,Sewing,0.8,63,922.0,59.0,5820,30.1,1,4,2015-02-22,-0.014534086811365143,True,Watch,0,0.633429090255166,Review team conditions
44,44,1,0.800137255,0.6805381070517517,0.2241186210203444,0.9403717449836776,False,4__1,0.4996421138634398,0,44,Team 4,Sewing,0.8,38,891.0,59.0,7140,30.1,1,4,2015-02-23,-0.11946189294824838,True,High Risk,1,0.7162531239633332,Review incentive
45,45,1,0.800071839,0.7300945935633584,0.2682943472159493,0.9525239898489388,False,4__1,0.42173462897671,0,45,Team 4,Sewing,0.8,50,901.0,59.0,6480,30.1,1,4,2015-02-24,-0.06990540643664167,True,High Risk,1,0.6842296426329895,Review team conditions
46,46,1,0.800808642,0.7036401807970848,0.243505797432122,0.9462135265659168,False,4__1,0.4640828700627796,0,46,Team 4,Sewing,0.8,50,323.0,59.0,4080,30.1,1,4,2015-02-25,-0.09635981920291525,True,High Risk,1,0.7027077291337949,Review team conditions
47,47,1,0.495617514,0.665076190228892,0.211937253706252,0.9363569788406056,False,4__1,0.5226857695627782,1,47,Team 4,Sewing,0.8,32,437.0,59.0,7080,30.1,2,4,2015-02-26,-0.13492380977110807,True,High Risk,1,0.7244197251343536,Review incentive
48,48,1,0.500258046,0.6501244327876317,0.201057499738341,0.932258928317776,False,4__1,0.2239273474270882,0,48,Team 4,Sewing,0.5,23,556.0,58.0,6960,26.66,2,4,2015-02-28,0.15012443278763166,False,Healthy,0,0.731201428579435,No immediate action
49,49,1,0.600239766,0.6544507976812256,0.204677179070792,0.9332536156837058,False,4__1,0.3108786741947356,0,49,Team 4,Sewing,0.6,23,692.0,57.0,6840,26.66,0,1,2015-03-01,0.05445079768122563,False,Watch,0,0.7285764366129138,Review incentive
50,50,2,0.750254867,0.7672266738336644,0.3090707306430751,0.9607138914216646,False,4__1,0.2094459642946234,0,50,Team 4,Sewing,0.65,55,832.0,57.0,6780,26.66,0,1,2015-03-02,0.11722667383366436,False,Healthy,0,0.6516431607785895,No immediate action
51,51,2,0.750770115,0.7507997444627711,0.2903650064405443,0.9571212333029828,False,4__1,0.2772268030247078,0,51,Team 4,Sewing,0.7,50,950.0,58.0,6960,26.66,0,1,2015-03-03,0.050799744462771135,False,Healthy,0,0.6667562268624385,No immediate action
52,52,2,0.799975862,0.7940451545668262,0.343472725016777,0.9662723244106382,False,4__1,0.2136382098655803,0,52,Team 4,Sewing,0.7,60,1028.0,58.0,6960,26.82,0,1,2015-03-04,0.09404515456682627,False,Healthy,0,0.6227995993938611,No immediate action
53,53,2,0.750050847,0.7559669505703124,0.2962075135941897,0.9582417311477804,False,4__1,0.269567613165666,0,53,Team 4,Sewing,0.7,50,1117.0,59.0,7080,26.82,0,1,2015-03-05,0.055966950570312424,False,Healthy,0,0.6620342175535907,No immediate action
54,54,2,0.800746552,0.7979075172767388,0.348946422200924,0.967033351679628,False,4__1,0.2079360742015974,0,54,Team 4,Sewing,0.7,60,1195.0,58.0,6960,26.82,0,1,2015-03-07,0.09790751727673885,False,Healthy,0,0.618086929478704,No immediate action
55,55,2,0.850084211,0.8093319875061822,0.3655511323058811,0.9692895224625128,False,4__1,0.234302155757062,0,55,Team 4,Sewing,0.75,65,1082.0,57.0,6840,26.82,0,2,2015-03-08,0.05933198750618218,False,Healthy,0,0.6037383901566317,No immediate action
56,56,2,0.850446154,0.8109770448007996,0.3681056065700678,0.9696005895273898,False,4__1,0.2315752239591023,0,56,Team 4,Sewing,0.75,65,1079.0,58.0,7020,26.82,0,2,2015-03-09,0.060977044800799574,False,Healthy,0,0.601494982957322,No immediate action
57,57,2,0.850084211,0.8141270476062571,0.3729877169970913,0.970203317868146,False,4__1,0.2263884225353882,0,57,Team 4,Sewing,0.75,65,1104.0,59.0,5880,26.82,0,2,2015-03-10,0.06412704760625709,False,Healthy,0,0.5972156008710546,No immediate action
58,58,2,0.750050847,0.7306098802179047,0.269609732276298,0.9524575850288336,False,4__1,0.3607657533471025,0,58,Team 4,Sewing,0.75,45,1054.0,59.0,7080,26.82,0,2,2015-03-11,-0.01939011978209526,True,Watch,0,0.6828478527525357,Review WIP
3,0,0,0.759270833,0.6424288376492663,0.1213274412237954,0.9592041002240952,True,5__0,0.3631371536138882,0,3,Team 5,Finishing,0.6,0,,8.0,960,2.9,0,1,2015-01-05,0.042428837649266304,False,Watch,0,0.8378766590002998,Review team conditions
5,1,0,0.330113636,0.62814678674551,0.1170504039311903,0.95581521916932,True,5__0,0.4642059614453563,1,5,Team 5,Finishing,0.7,0,,8.0,1440,4.15,0,1,2015-01-07,-0.0718532132544899,True,High Risk,1,0.8387648152381297,Review team conditions
6,2,0,0.821354167,0.5783650010525037,0.0985009836079062,0.945265986963763,True,5__0,0.5179723882301931,0,6,Team 5,Finishing,0.7,0,,8.0,3840,4.15,0,2,2015-01-08,-0.1216349989474963,True,High Risk,1,0.8467650033558568,Review overtime
7,3,0,0.337973485,0.6147367931557477,0.1140864713186716,0.952049323999446,True,5__0,0.3072945993344766,1,7,Team 5,Finishing,0.5,0,,8.0,1440,4.15,0,2,2015-01-10,0.1147367931557477,False,Watch,0,0.8379628526807744,Review team conditions
8,4,0,0.609138258,0.5898732316093339,0.1049451943499824,0.9465230995154698,True,5__0,0.3308983511718423,0,8,Team 5,Finishing,0.5,0,,8.0,1440,4.15,0,2,2015-01-11,0.08987323160933391,False,Watch,0,0.8415779051654874,Review team conditions
9,5,0,0.809564394,0.5914958642040086,0.1063954871638497,0.9464270973942924,True,5__0,0.4582806697193803,0,9,Team 5,Finishing,0.65,0,,8.0,1440,4.15,0,2,2015-01-12,-0.05850413579599145,True,High Risk,1,0.8400316102304427,Review team conditions
10,6,0,0.821354167,0.6114448929123824,0.1153371370252624,0.9501742259348324,True,5__0,0.4364129428361716,0,10,Team 5,Finishing,0.65,0,,8.0,1440,4.15,0,2,2015-01-13,-0.03855510708761767,True,High Risk,1,0.83483708890957,Review team conditions
11,7,0,0.864583333,0.7158865303349573,0.1738936978870182,0.9681863898172642,True,5__0,0.3182837832410483,0,11,Team 5,Finishing,0.65,0,,15.0,1440,4.15,0,2,2015-01-14,0.06588653033495728,False,Watch,0,0.794292691930246,Review team conditions
12,8,0,0.860653409,0.6271214469202314,0.1235412026168301,0.9527386743946218,False,5__0,0.41880910178629,0,12,Team 5,Finishing,0.65,0,,8.0,1440,4.15,0,3,2015-01-15,-0.022878553079768604,True,High Risk,1,0.8291974717777917,Review team conditions
13,9,0,0.98719697,0.7261027112912833,0.1827588883997442,0.9694429987900306,False,5__0,0.3056799663700926,0,13,Team 5,Finishing,0.65,0,,15.0,2700,4.15,0,3,2015-01-17,0.07610271129128332,False,Watch,0,0.7866841103902864,Review overtime
14,10,0,0.852793561,0.6890141152469201,0.1578274443506842,0.9634851676599376,False,5__0,0.3074140696459045,0,14,Team 5,Finishing,0.6,0,,8.0,1440,4.15,0,3,2015-01-18,0.08901411524692016,False,Watch,0,0.8056577233092534,Review team conditions
15,11,0,0.958901515,0.7005684531636296,0.1657387394805517,0.9652448772280946,False,5__0,0.3349862865236085,0,15,Team 5,Finishing,0.65,0,,8.0,1440,4.15,0,3,2015-01-19,0.05056845316362957,False,Watch,0,0.7995061377475429,Review team conditions
16,12,0,1.033570076,0.7258077419012834,0.1840438373961249,0.969095194191358,False,5__0,0.3472194283691929,0,16,Team 5,Finishing,0.7,0,,8.0,1440,4.15,0,3,2015-01-20,0.025807741901283432,False,Watch,0,0.7850513567952331,Review team conditions
17,13,0,0.758173077,0.7870392868573267,0.2400549950259834,0.977704406892796,False,5__0,0.268811794743213,0,17,Team 5,Finishing,0.7,0,,8.0,2400,4.15,0,3,2015-01-21,0.08703928685732676,False,Healthy,0,0.7376494118668127,No immediate action
18,14,0,0.742901235,0.831524436425368,0.2972344106480711,0.9832574596898812,False,5__0,0.2087893398293497,0,18,Team 5,Finishing,0.7,0,,15.0,9000,4.15,0,4,2015-01-22,0.13152443642536804,False,Healthy,0,0.6860230490418101,No immediate action
19,15,0,0.966666667,0.8331333762667306,0.3002440865011651,0.983402885722784,False,5__0,0.2063106403864354,0,19,Team 5,Finishing,0.7,0,,15.0,2700,4.15,0,4,2015-01-24,0.1331333762667306,False,Healthy,0,0.6831587992216189,No immediate action
20,16,0,0.973796791,0.852921985424782,0.3328900913592273,0.9857076286733176,False,5__0,0.1787705272136172,0,20,Team 5,Finishing,0.7,0,,17.0,3060,4.15,0,4,2015-01-25,0.15292198542478208,False,Healthy,0,0.6528175373140903,No immediate action
21,17,0,0.959191919,0.8539147047224237,0.3352946264976147,0.9857804271698004,False,5__0,0.1771022031811008,0,21,Team 5,Finishing,0.7,0,,15.0,2700,4.15,0,4,2015-01-26,0.15391470472242375,False,Healthy,0,0.6504858006721856,No immediate action
22,18,0,0.926388889,0.8462367138728004,0.3225531797580458,0.9848502977352128,False,5__0,0.0885772622790033,0,22,Team 5,Finishing,0.5,0,,12.0,1440,4.15,0,4,2015-01-27,0.3462367138728004,False,Healthy,0,0.6622971179771671,No immediate action
25,19,0,0.971866667,0.7276231626115417,0.1833694702222224,0.9697780961082696,False,5__0,0.3457771750431988,0,25,Team 5,Finishing,0.7,0,,2.0,240,3.94,0,0,2015-01-31,0.02762316261154174,False,Watch,0,0.7864086258860472,Review staffing
35,20,0,0.87,0.7244495434370352,0.1816013834446267,0.9691771789720142,False,5__0,0.3494550186624869,0,35,Team 5,Finishing,0.7,0,,2.0,240,4.15,0,2,2015-02-11,0.024449543437035204,False,Watch,0,0.7875757955273874,Review staffing
36,21,0,0.58,0.7352205060583143,0.1904845104701822,0.9706718342580276,False,5__0,0.3358483500733888,1,36,Team 5,Finishing,0.7,0,,2.0,240,4.15,0,2,2015-02-12,0.035220506058314394,False,Watch,0,0.7801873237878454,Review staffing
38,22,0,0.760833333,0.7132725467259252,0.174607496997436,0.967219602582054,False,5__0,0.4087379599194023,0,38,Team 5,Finishing,0.75,0,,2.0,240,4.15,0,3,2015-02-15,-0.036727453274074784,True,High Risk,1,0.792612105584618,Review staffing
39,23,0,0.629416667,0.8570084164650169,0.3430847086065192,0.985997981383351,False,5__0,0.2045369736589712,1,39,Team 5,Finishing,0.75,0,,10.0,1200,4.15,0,3,2015-02-16,0.10700841646501691,False,Healthy,0,0.6429132727768319,No immediate action
42,24,1,0.631354167,0.8227560451347784,0.2882530665905367,0.9818713052392116,False,5__0,0.256648804499305,1,42,Team 5,Finishing,0.75,0,,8.0,1920,5.13,0,3,2015-02-19,0.0727560451347784,False,Healthy,0,0.6936182386486749,No immediate action
46,25,1,0.902962963,0.8298873666967869,0.2988509015070641,0.9827275789886198,False,5__0,0.28786526002116,0,46,Team 5,Finishing,0.8,0,,9.0,1080,4.6,0,4,2015-02-25,0.02988736669678682,False,Healthy,0,0.6838766774815557,No immediate action
47,26,1,0.921604938,0.8744187330016939,0.377461509336561,0.9879812088741072,False,5__0,0.212304753729241,0,47,Team 5,Finishing,0.8,0,,18.0,7560,4.6,0,4,2015-02-26,0.07441873300169388,False,Healthy,0,0.6105196995375463,No immediate action
48,27,1,0.921604938,0.8763479015857966,0.381905257817107,0.9881812086679158,False,5__0,0.2087539288587417,0,48,Team 5,Finishing,0.8,0,,18.0,7560,4.6,0,4,2015-02-28,0.07634790158579652,False,Healthy,0,0.6062759508508089,No immediate action
51,28,2,0.354444444,0.8436583613844351,0.3209125769018998,0.984356006419562,False,5__0,0.1899478109655218,1,51,Team 5,Finishing,0.7,0,,8.0,3360,4.6,0,1,2015-03-03,0.1436583613844351,False,Healthy,0,0.6634434295176622,No immediate action
52,29,2,0.592083333,0.839743048605832,0.3147507742412143,0.983870880868292,False,5__0,0.1952831963909214,1,52,Team 5,Finishing,0.7,0,,8.0,960,4.6,0,1,2015-03-04,0.1397430486058321,False,Healthy,0,0.6691201066270778,No immediate action
54,30,2,0.80575,0.8549166750181771,0.3407887722699466,0.9856579292596718,False,5__0,0.0374740623090648,0,54,Team 5,Finishing,0.35,0,,10.0,2400,3.94,0,1,2015-03-07,0.5049166750181772,False,Healthy,0,0.6448691569897251,No immediate action
55,31,2,0.857916667,0.8349542305195645,0.3075549714655189,0.9832640350783556,False,5__0,0.0966648170366749,0,55,Team 5,Finishing,0.5,0,,8.0,960,3.94,0,2,2015-03-08,0.3349542305195645,False,Healthy,0,0.6757090636128367,No immediate action
56,32,2,0.864342593,0.9903384597318388,0.8814914983867804,0.999650473030893,False,5__0,0.0018983642132845,0,56,Team 5,Finishing,0.6,2880,,12.0,0,3.94,0,2,2015-03-09,0.3903384597318388,False,Healthy,0,0.11815897464411262,No immediate action
57,33,2,0.909391667,0.8565703857607043,0.3441586537549805,0.985828187443751,False,5__0,0.1187097358873932,0,57,Team 5,Finishing,0.6,0,,12.0,1440,3.94,0,2,2015-03-10,0.25657038576070434,False,Healthy,0,0.6416695336887706,No immediate action
58,34,2,0.75885,0.8582711742692292,0.3474580590570245,0.98601651838881,False,5__0,0.1691519102583975,0,58,Team 5,Finishing,0.7,0,,12.0,1440,3.94,0,2,2015-03-11,0.1582711742692292,False,Healthy,0,0.6385584593317855,No immediate action
0,0,0,0.707045902,0.7575219353894794,0.2589356119200954,0.9657125147056276,True,5__1,0.3865780641773589,0,0,Team 5,Sewing,0.8,50,668.0,30.5,3660,11.41,0,1,2015-01-01,-0.042478064610520616,True,Watch,0,0.7067769027855322,Review staffing
1,1,0,0.800148649,0.7454718689420656,0.25344058612514,0.9621985281337968,True,5__1,0.4036997313098056,0,1,Team 5,Sewing,0.8,50,659.0,31.5,7080,11.61,0,1,2015-01-03,-0.054528131057934415,True,High Risk,1,0.7087579420086568,Review staffing
2,2,0,0.603432184,0.6309229129742707,0.1676769311088141,0.9356945056541112,True,5__1,0.4538035971701528,0,2,Team 5,Sewing,0.7,26,884.0,58.0,6960,45.67,0,1,2015-01-04,-0.06907708702572923,True,High Risk,1,0.7680175745452971,Review incentive
3,3,0,0.600028736,0.6660854005223753,0.1950083072562293,0.9428284334720544,True,5__1,0.3058841362527427,0,3,Team 5,Sewing,0.6,23,666.0,58.0,6960,21.98,0,1,2015-01-05,0.06608540052237533,False,Watch,0,0.747820126215825,Review incentive
4,4,0,0.649983281,0.6937642114636727,0.2175879401199582,0.9488321131413398,True,5__1,0.3171278670687041,0,4,Team 5,Sewing,0.65,35,808.0,58.0,10440,21.98,0,1,2015-01-06,0.04376421146367271,False,Watch,0,0.7312441730213816,Review incentive
5,5,0,0.700480831,0.6863404958672783,0.213899830469684,0.9464537663086272,True,5__1,0.3768225672791794,0,5,Team 5,Sewing,0.7,40,413.0,58.0,9720,21.98,0,1,2015-01-07,-0.013659504132721656,True,Watch,0,0.7325539358389432,Review incentive
6,6,0,0.233705476,0.5463721086632158,0.1300105727111003,0.9066904026827936,True,5__1,0.5624462748171786,1,6,Team 5,Sewing,0.7,0,724.0,57.0,10260,42.41,0,2,2015-01-08,-0.15362789133678412,True,High Risk,1,0.7766798299716933,Review incentive
7,7,0,0.388007813,0.5753027878452849,0.1455324291219433,0.9151874787999592,True,5__1,0.3152034661745722,1,7,Team 5,Sewing,0.5,0,966.0,56.0,7680,20.79,0,2,2015-01-10,0.07530278784528488,False,Watch,0,0.7696550496780159,Review incentive
8,8,0,0.452979626,0.5607319690552556,0.1390318267480329,0.9099368398697748,False,5__1,0.4354861196002395,1,8,Team 5,Sewing,0.6,0,1208.0,57.0,7980,20.79,0,2,2015-01-11,-0.0392680309447444,True,High Risk,1,0.7709050131217419,Review WIP
9,9,0,0.650040783,0.5543850600473135,0.1367375415097494,0.9072545487604824,False,5__1,0.4976835869681499,0,9,Team 5,Sewing,0.65,0,1141.0,59.0,8460,20.79,0,2,2015-01-12,-0.09561493995268655,True,High Risk,1,0.770517007250733,Review WIP
10,10,0,0.526810345,0.5587867938264018,0.1394334774530149,0.908351214008423,False,5__1,0.5474881349854976,1,10,Team 5,Sewing,0.7,0,1297.0,58.0,10440,20.79,0,2,2015-01-13,-0.14121320617359812,True,High Risk,1,0.7689177365554081,Review WIP
11,11,0,0.700095563,0.5592567049060765,0.140344543164148,0.9080378312983296,False,5__1,0.5470124916171741,0,11,Team 5,Sewing,0.7,0,965.0,58.0,7320,20.79,0,2,2015-01-14,-0.14074329509392347,True,High Risk,1,0.7676932881341816,Review incentive
12,12,0,0.700060345,0.5482449596313479,0.1356929783033476,0.9037541190148476,False,5__1,0.5613119494480006,0,12,Team 5,Sewing,0.7,0,391.0,58.0,10440,20.79,0,3,2015-01-15,-0.15175504036865206,True,High Risk,1,0.7680611407115,Review incentive
13,13,0,0.452012539,0.5579088038166259,0.1401483699439532,0.9072549291591284,False,5__1,0.5488411438748375,1,13,Team 5,Sewing,0.7,21,1052.0,58.0,10440,41.19,0,3,2015-01-17,-0.14209119618337407,True,High Risk,1,0.7671065592151752,Review WIP
14,14,0,0.600062696,0.6324042943348449,0.1825984776928044,0.9300012950665452,False,5__1,0.3427536548881016,0,14,Team 5,Sewing,0.6,30,1031.0,58.0,10440,20.4,0,3,2015-01-18,0.03240429433484493,False,Watch,0,0.7474028173737408,Review incentive
15,15,0,0.650066445,0.6523545091101662,0.1961098570173974,0.9354066533460764,False,5__1,0.3679561177264195,0,15,Team 5,Sewing,0.65,35,1255.0,58.0,8280,20.4,0,3,2015-01-19,0.002354509110166214,False,Watch,0,0.7392967963286791,Review WIP
16,16,0,0.700063796,0.7084058395256032,0.2398420112890912,0.9494912527442698,False,5__1,0.3428220637631636,0,16,Team 5,Sewing,0.7,50,1352.0,57.0,10260,20.4,0,3,2015-01-20,0.008405839525603254,False,Watch,0,0.7096492414551786,Review WIP
17,17,0,0.750344828,0.7099041880707082,0.2416791818525238,0.9497071661368472,False,5__1,0.3404677919938751,0,17,Team 5,Sewing,0.7,50,1404.0,58.0,10440,20.4,0,3,2015-01-21,0.009904188070708253,False,Watch,0,0.7080279842843235,Review WIP
18,18,0,0.700250784,0.664984241925601,0.2061531128039016,0.9383715061313586,False,5__1,0.4040631554385671,0,18,Team 5,Sewing,0.7,40,1480.0,58.0,10440,20.4,0,4,2015-01-22,-0.03501575807439894,True,High Risk,1,0.732218393327457,Review WIP
19,19,0,0.700250784,0.7052113561957845,0.2384369608021971,0.9483638741803968,False,5__1,0.346850294068522,0,19,Team 5,Sewing,0.7,50,1382.0,58.0,10440,20.4,0,4,2015-01-24,0.0052113561957845,False,Watch,0,0.7099269133781997,Review WIP
20,20,0,0.700250784,0.7014427350129379,0.2356121910109609,0.9473437466813912,False,5__1,0.3520885974266287,0,20,Team 5,Sewing,0.7,50,1217.0,58.0,10440,20.4,0,4,2015-01-25,0.0014427350129379013,False,Watch,0,0.7117315556704303,Review WIP
21,21,0,0.750031447,0.7267286760254009,0.2588390450603763,0.9531884636462804,False,5__1,0.3691019951456636,0,21,Team 5,Sewing,0.75,56,1118.0,58.0,10320,20.4,0,4,2015-01-26,-0.02327132397459908,True,Watch,0,0.694349418585904,Review WIP
22,22,0,0.500035345,0.6365320505233357,0.1878261194081867,0.930065842404206,False,5__1,0.2415215953216234,0,22,Team 5,Sewing,0.5,30,1455.0,58.0,6960,20.79,0,4,2015-01-27,0.13653205052333572,False,Healthy,0,0.7422397229960193,No immediate action
23,23,0,0.800534483,0.860396579800844,0.4466250079763341,0.9794886667521248,False,5__1,0.0750859025432946,0,23,Team 5,Sewing,0.6,88,1045.0,58.0,6960,20.79,0,4,2015-01-28,0.2603965798008441,False,Healthy,0,0.5328636587757907,No immediate action
24,24,0,0.800473729,0.8673132588215702,0.4619549519836205,0.9805969008924093,False,5__1,0.0884986725225464,0,24,Team 5,Sewing,0.65,81,1015.0,59.0,7080,20.79,0,0,2015-01-29,0.21731325882157015,False,Healthy,0,0.5186419489087888,No immediate action
25,25,0,0.656763743,0.6699895026373928,0.2109818189131334,0.9392877068664424,False,5__1,0.3966826813035579,0,25,Team 5,Sewing,0.7,56,282.0,59.0,5880,50.89,0,0,2015-01-31,-0.03001049736260719,True,Watch,0,0.728305887953309,Review team conditions
27,26,0,0.500801724,0.5419133981325132,0.1348940465965171,0.8998234968742401,False,5__1,0.3510886970994287,0,27,Team 5,Sewing,0.5,0,839.0,58.0,6960,30.1,0,1,2015-02-02,0.04191339813251316,False,Watch,0,0.7649294502777231,Review incentive
28,27,0,0.415172414,0.540315995540088,0.1343914215863192,0.8990469126043515,False,5__1,0.460643751699717,1,28,Team 5,Sewing,0.6,0,415.0,58.0,6960,30.1,0,1,2015-02-03,-0.059684004459911955,True,High Risk,1,0.7646554910180323,Review incentive
29,28,0,0.650834808,0.5375896347710261,0.1332578942335714,0.8979324553270628,False,5__1,0.519622377503304,0,29,Team 5,Sewing,0.65,0,326.0,58.5,5820,30.1,0,1,2015-02-04,-0.11241036522897396,True,High Risk,1,0.7646745610934914,Review incentive
30,29,0,0.562212644,0.5398152893917766,0.1344395582640399,0.89864163021842,False,5__1,0.5728889223922541,1,30,Team 5,Sewing,0.7,0,557.0,58.0,6960,30.1,0,1,2015-02-05,-0.16018471060822337,True,High Risk,1,0.7642020719543802,Review incentive
31,30,0,0.545657673,0.5414010458711651,0.1352970365418162,0.8991370538123271,False,5__1,0.5708822385971621,1,31,Team 5,Sewing,0.7,0,687.0,59.0,7500,30.1,0,1,2015-02-07,-0.15859895412883485,True,High Risk,1,0.7638400172705109,Review incentive
32,31,0,0.700618234,0.5311087564713518,0.1306244879933781,0.8952224036155901,False,5__1,0.5841114076064008,0,32,Team 5,Sewing,0.7,0,754.0,58.5,7020,30.1,0,2,2015-02-08,-0.16889124352864815,True,High Risk,1,0.764597915622212,Review incentive
33,32,0,0.700618234,0.6360533091913142,0.1886673787177711,0.9294334817736936,False,5__1,0.4439125971436727,0,33,Team 5,Sewing,0.7,40,773.0,58.0,7020,30.1,0,2,2015-02-09,-0.06394669080868576,True,High Risk,1,0.7407661030559225,Review incentive
34,33,0,0.750356125,0.6603252507822137,0.2054888680522821,0.9361477823408944,False,5__1,0.4677556823543768,0,34,Team 5,Sewing,0.75,45,855.0,58.0,7020,30.1,0,2,2015-02-10,-0.08967474921778629,True,High Risk,1,0.7306589142886123,Review overtime
35,34,0,0.750406233,0.7120386781394904,0.2473699060524388,0.949222965758912,False,5__1,0.3909173892831422,0,35,Team 5,Sewing,0.75,56,788.0,59.5,7380,30.1,0,2,2015-02-11,-0.0379613218605096,True,Watch,0,0.7018530597064732,Review overtime
36,35,0,0.750799435,0.7059542941055497,0.2421210013927914,0.947718205590624,False,5__1,0.4001210448431554,0,36,Team 5,Sewing,0.75,56,610.0,59.0,7080,30.1,0,2,2015-02-12,-0.04404570589445034,True,High Risk,1,0.7055972041978327,Review overtime
37,36,0,0.750392157,0.7098059723586575,0.2457033143051963,0.9486004023386752,False,5__1,0.3942237604973111,0,37,Team 5,Sewing,0.75,56,664.0,59.0,7140,30.1,0,2,2015-02-14,-0.0401940276413425,True,Watch,0,0.7028970880334788,Review overtime
38,37,0,0.722568627,0.528956809044143,0.1299737697444801,0.8941313202166586,False,5__1,0.6989806843802371,0,38,Team 5,Sewing,0.8,0,679.0,59.5,7140,30.1,0,3,2015-02-15,-0.27104319095585705,True,High Risk,1,0.7641575504721785,Review incentive
39,38,0,0.800980392,0.6017924261278388,0.1660640382029061,0.9199518737400804,False,5__1,0.609412435750129,0,39,Team 5,Sewing,0.8,0,461.0,59.0,0,30.1,0,3,2015-02-16,-0.19820757387216126,True,High Risk,1,0.7538878355371743,Review incentive
40,39,0,0.653431373,0.5426094246257435,0.1365107909444487,0.8990842323305744,False,5__1,0.68334147196053,1,40,Team 5,Sewing,0.8,0,680.0,59.0,7140,30.1,0,3,2015-02-17,-0.2573905753742566,True,High Risk,1,0.7625734413861257,Review incentive
41,40,1,0.800980392,0.6148877921121512,0.1741387244297784,0.9237693650459108,False,5__1,0.5922815040170513,0,41,Team 5,Sewing,0.8,0,511.0,59.0,0,30.1,0,3,2015-02-18,-0.18511220788784888,True,High Risk,1,0.7496306406161324,Review incentive
42,41,1,0.799982853,0.7366611413662647,0.2713374827977203,0.954825256636835,False,5__1,0.411741472302724,0,42,Team 5,Sewing,0.8,63,276.0,59.5,600,30.1,0,3,2015-02-19,-0.06333885863373534,True,High Risk,1,0.6834877738391147,Review team conditions
43,42,1,0.307501459,0.5479423795009948,0.1392795873142494,0.900868933150728,False,5__1,0.6772053580562059,1,43,Team 5,Sewing,0.8,0,450.0,60.0,5700,30.1,0,4,2015-02-22,-0.25205762049900526,True,High Risk,1,0.7615893458364786,Review incentive
44,43,1,0.800137255,0.6180770600306053,0.178089156679747,0.92375392975465,False,5__1,0.5886106930201422,0,44,Team 5,Sewing,0.8,38,541.0,59.0,7140,30.1,0,4,2015-02-23,-0.1819229399693948,True,High Risk,1,0.745664773074903,Review incentive
45,44,1,0.800137255,0.6668356957377446,0.2110970741578289,0.9375947686425868,False,5__1,0.519964393663161,0,45,Team 5,Sewing,0.8,50,450.0,60.0,7140,30.1,0,4,2015-02-24,-0.13316430426225545,True,High Risk,1,0.7264976944847579,Review overtime
46,45,1,0.598792339,0.5923806040718482,0.160683117663157,0.917026526209398,False,5__1,0.6215365310728358,1,46,Team 5,Sewing,0.8,49,15.0,59.0,1200,30.1,1,4,2015-02-25,-0.20761939592815182,True,High Risk,1,0.7563434085462409,Review team conditions
47,46,1,0.449964912,0.6412656390745491,0.1932983590737856,0.9304301635554112,False,5__1,0.1189536514469564,0,47,Team 5,Sewing,0.35,38,413.0,57.0,6840,27.48,1,4,2015-02-26,0.29126563907454917,False,Healthy,0,0.7371318044816256,No immediate action
48,47,1,0.550403509,0.624678740530048,0.1825757175114382,0.925558788662488,False,5__1,0.2529078622075568,0,48,Team 5,Sewing,0.5,30,609.0,57.0,6840,27.48,1,4,2015-02-28,0.12467874053004802,False,Healthy,0,0.7429830711510498,No immediate action
49,48,1,0.707446429,0.6608561331669642,0.2073200431904693,0.9357600116564972,False,5__1,0.303751442395034,0,49,Team 5,Sewing,0.6,38,549.0,56.0,6720,27.48,0,1,2015-03-01,0.060856133166964255,False,Watch,0,0.728439968466028,Review incentive
50,49,2,0.700903571,0.649857948550333,0.1995762954184256,0.9326952540334688,False,5__1,0.3692729435875955,0,50,Team 5,Sewing,0.65,34,544.0,56.0,6720,27.48,0,1,2015-03-02,-0.00014205144966705774,True,Watch,0,0.7331189586150432,Review incentive
51,50,2,0.700659649,0.6430176050512161,0.1949589947970348,0.9307314339449528,False,5__1,0.4338618853171166,0,51,Team 5,Sewing,0.7,30,573.0,57.0,6840,27.48,0,1,2015-03-03,-0.05698239494878388,True,High Risk,1,0.735772439147918,Review incentive
52,51,2,0.700424138,0.6752262756159007,0.2182872175328179,0.9395307348518308,False,5__1,0.3882145538271754,0,52,Team 5,Sewing,0.7,40,586.0,58.0,6960,27.48,0,1,2015-03-04,-0.024773724384099305,True,Watch,0,0.7212435173190129,Review incentive
53,52,2,0.700424138,0.6494700175309005,0.1992007873807786,0.9326284636310408,False,5__1,0.424829772758143,0,53,Team 5,Sewing,0.7,40,230.0,58.0,6960,27.48,0,1,2015-03-05,-0.050529982469099455,True,High Risk,1,0.7334276762502622,Review incentive
54,53,2,0.408960345,0.6451542347621975,0.1964888728018454,0.9313076458866948,False,5__1,0.4308442176337302,1,54,Team 5,Sewing,0.7,24,541.0,58.0,6960,27.48,1,1,2015-03-07,-0.05484576523780249,True,High Risk,1,0.7348187730848494,Review incentive
55,54,2,0.500033898,0.6372837124201995,0.1911474890818378,0.9290723316897104,False,5__1,0.2386969663734338,0,55,Team 5,Sewing,0.5,23,711.0,59.0,7080,26.82,1,2,2015-03-08,0.13728371242019954,False,Healthy,0,0.7379248426078726,No immediate action
56,55,2,0.600040678,0.6407364523060409,0.1934527632784375,0.9300658840505618,False,5__1,0.3294031371173148,0,56,Team 5,Sewing,0.6,23,919.0,59.0,7080,26.82,1,2,2015-03-09,0.04073645230604095,False,Watch,0,0.7366131207721243,Review incentive
57,56,2,0.650044068,0.6515664433162682,0.2009608916532571,0.9330975508076824,False,5__1,0.3668795291114581,0,57,Team 5,Sewing,0.65,26,1001.0,59.0,7080,26.82,1,2,2015-03-10,0.0015664433162682068,False,Watch,0,0.7321366591544254,Review incentive
58,57,2,0.700556897,0.6611967227800104,0.2079137270845132,0.9357257879987192,False,5__1,0.4081552502420232,0,58,Team 5,Sewing,0.7,30,992.0,58.0,6960,26.82,1,2,2015-03-11,-0.03880327721998955,True,High Risk,1,0.727812060914206,Review incentive
5,0,0,0.666515152,0.5162623083273242,0.091100345244341,0.9191529146236678,True,6__0,0.6844878841625028,1,5,Team 6,Finishing,0.8,0,,10.0,1800,2.9,0,1,2015-01-07,-0.2837376916726758,True,High Risk,1,0.8280525693793268,Review overtime
8,1,0,0.597348485,0.4954653566170684,0.0861333292327568,0.910957392014875,True,6__0,0.7065181438442356,1,8,Team 6,Finishing,0.8,0,,8.0,1440,2.9,0,2,2015-01-11,-0.3045346433829316,True,High Risk,1,0.8248240627821182,Review team conditions
9,2,0,0.817424242,0.5088084410769707,0.0920650751087655,0.9136782254380308,True,6__0,0.6949689273152608,0,9,Team 6,Finishing,0.8,0,,8.0,1440,2.9,0,2,2015-01-12,-0.2911915589230294,True,High Risk,1,0.8216131503292653,Review team conditions
13,3,0,0.465757576,0.4642357162937163,0.0786486046496363,0.897822229258977,True,6__0,0.7383918538321658,1,13,Team 6,Finishing,0.8,0,,5.0,900,2.9,0,3,2015-01-17,-0.33576428370628375,True,High Risk,1,0.8191736246093407,Review staffing
14,4,0,0.804848485,0.565423843542786,0.1160393905655571,0.9281541502987344,True,6__0,0.6379434591924378,0,14,Team 6,Finishing,0.8,0,,10.0,1800,2.9,0,3,2015-01-18,-0.23457615645721408,True,High Risk,1,0.8121147597331773,Review overtime
18,5,0,0.626822917,0.5406198052007374,0.1068308153288154,0.9205827335704214,True,6__0,0.6650884356471426,1,18,Team 6,Finishing,0.8,0,,8.0,4800,2.9,0,4,2015-01-22,-0.25938019479926266,True,High Risk,1,0.813751918241606,Review overtime
22,6,0,0.6225,0.560286286191273,0.1155396560163475,0.9256435562732096,True,6__0,0.6445091397034759,1,22,Team 6,Finishing,0.8,0,,8.0,960,2.9,0,4,2015-01-27,-0.23971371380872708,True,High Risk,1,0.8101039002568621,Review team conditions
23,7,0,0.977555556,0.6519040441613246,0.1622655484858399,0.9478790965332428,True,6__0,0.1402497603907381,0,23,Team 6,Finishing,0.35,0,,15.0,1800,2.9,0,4,2015-01-28,0.30190404416132466,False,Healthy,0,0.7856135480474029,No immediate action
24,8,0,0.899,0.7072741440770031,0.2008999022968709,0.9589684226245168,False,6__0,0.1944910910605339,0,24,Team 6,Finishing,0.5,0,,10.0,1200,2.9,0,0,2015-01-29,0.20727414407700306,False,Healthy,0,0.7580685203276458,No immediate action
25,9,0,0.971866667,0.7038793527800614,0.1990707486456331,0.9581165244973608,False,6__0,0.2737152327721327,0,25,Team 6,Finishing,0.6,0,,10.0,1200,3.94,0,0,2015-01-31,0.10387935278006144,False,Healthy,0,0.7590457758517277,No immediate action
26,10,0,0.314166667,0.7359524994425919,0.2264540360436774,0.9639551875254316,False,6__0,0.2360808608595755,1,26,Team 6,Finishing,0.6,0,,10.0,1200,2.9,0,1,2015-02-01,0.1359524994425919,False,Healthy,0,0.7375011514817542,No immediate action
27,11,0,0.280333333,0.7144027323839423,0.208695741454952,0.9598139272322026,False,6__0,0.2607216635062246,1,27,Team 6,Finishing,0.6,0,,10.0,1200,2.9,0,1,2015-02-02,0.11440273238394227,False,Healthy,0,0.7511181857772506,No immediate action
28,12,0,0.495416667,0.6640245379245407,0.1727309802002684,0.9494834703399264,False,6__0,0.4142560897436641,1,28,Team 6,Finishing,0.7,0,,8.0,960,2.9,0,1,2015-02-03,-0.03597546207545921,True,High Risk,1,0.7767524901396581,Review team conditions
29,13,0,0.531666667,0.6554100592066977,0.167754105280664,0.9474388593839952,False,6__0,0.4251281064796114,1,29,Team 6,Finishing,0.7,0,,8.0,960,2.9,0,1,2015-02-04,-0.04458994079330225,True,High Risk,1,0.7796847541033312,Review team conditions
30,14,0,0.9425,0.6493043066454455,0.1644164009578245,0.9459263851014847,False,6__0,0.4327906179759221,0,30,Team 6,Finishing,0.7,0,,8.0,960,2.9,0,1,2015-02-05,-0.05069569335455448,True,High Risk,1,0.7815099841436602,Review team conditions
31,15,0,0.845833333,0.6735485264721727,0.180237097643048,0.9511190104183032,False,6__0,0.4535746039958545,0,31,Team 6,Finishing,0.75,0,,8.0,960,2.9,0,1,2015-02-07,-0.07645147352782733,True,High Risk,1,0.7708819127752552,Review team conditions
32,16,0,0.610208333,0.6747074825094671,0.1813646839461807,0.9512567260518768,False,6__0,0.4519894806581265,1,32,Team 6,Finishing,0.75,0,,8.0,960,2.9,0,2,2015-02-08,-0.0752925174905329,True,High Risk,1,0.7698920421056962,Review team conditions
33,17,0,0.888125,0.6718862142735396,0.179779205468646,0.9505540607622588,False,6__0,0.4556854311874716,0,33,Team 6,Finishing,0.75,0,,8.0,960,2.9,0,2,2015-02-09,-0.07811378572646044,True,High Risk,1,0.7707748552936128,Review team conditions
34,18,0,0.628333333,0.6848140576303915,0.1889881778032533,0.9531980119954452,False,6__0,0.4383858195248784,1,34,Team 6,Finishing,0.75,0,,8.0,960,2.9,0,2,2015-02-10,-0.06518594236960851,True,High Risk,1,0.7642098341921919,Review team conditions
37,19,0,0.483333333,0.6825289574881314,0.1876434593351701,0.9526402181219192,False,6__0,0.4969813463241802,1,37,Team 6,Finishing,0.8,0,,8.0,960,2.9,0,2,2015-02-14,-0.11747104251186868,True,High Risk,1,0.7649967587867491,Review team conditions
38,20,0,0.604166667,0.6593637288323574,0.1723849916496507,0.9475557018342838,False,6__0,0.5278536818311618,1,38,Team 6,Finishing,0.8,0,,8.0,960,2.9,0,3,2015-02-15,-0.14063627116764266,True,High Risk,1,0.7751707101846331,Review team conditions
39,21,0,0.773333333,0.6572698103427514,0.1712734761923102,0.947012099030914,False,6__0,0.5306074109353561,0,39,Team 6,Finishing,0.8,0,,8.0,960,2.9,0,3,2015-02-16,-0.1427301896572486,True,High Risk,1,0.7757386228386038,Review team conditions
40,22,0,0.749166667,0.6621669675576776,0.1745963750336274,0.9480341147899668,False,6__0,0.5242114419810823,0,40,Team 6,Finishing,0.8,0,,8.0,960,2.9,0,3,2015-02-17,-0.13783303244232248,True,High Risk,1,0.7734377397563394,Review team conditions
41,23,1,0.936861111,0.7154167930186455,0.2137034007575513,0.95902476900757,False,6__0,0.4509617388097667,0,41,Team 6,Finishing,0.8,0,,12.0,1440,2.9,0,3,2015-02-18,-0.08458320698135458,True,High Risk,1,0.7453213682500188,Review team conditions
42,24,1,0.785864198,0.7681816125494892,0.2633459023198445,0.9687539926390788,False,6__0,0.3717984963126598,0,42,Team 6,Finishing,0.8,0,,18.0,4320,2.9,0,3,2015-02-19,-0.0318183874505108,True,Watch,0,0.7054080903192343,Review overtime
43,25,1,0.8319375,0.6712002975140202,0.1810425333517762,0.9498510416010276,False,6__0,0.5122601212104674,0,43,Team 6,Finishing,0.8,0,,8.0,960,2.9,0,4,2015-02-22,-0.12879970248597983,True,High Risk,1,0.7688085082492514,Review team conditions
44,26,1,0.3715625,0.6777557486053787,0.1856759567514548,0.9512145570061962,False,6__0,0.5034492391474273,1,44,Team 6,Finishing,0.8,0,,8.0,960,2.9,0,4,2015-02-23,-0.12224425139462136,True,High Risk,1,0.7655386002547414,Review team conditions
45,27,1,0.726933333,0.7439256583812432,0.2395611692262705,0.964288084128766,False,6__0,0.3553712780867949,0,45,Team 6,Finishing,0.75,0,,15.0,1800,2.9,0,4,2015-02-24,-0.006074341618756751,True,Watch,0,0.7247269149024955,Review overtime
46,28,1,0.410833333,0.6680083237947997,0.1793337419504552,0.9490148680779502,False,6__0,0.4605520904163859,1,46,Team 6,Finishing,0.75,0,,8.0,960,2.9,0,4,2015-02-25,-0.08199167620520031,True,High Risk,1,0.769681126127495,Review team conditions
47,29,1,0.271875,0.6521025142632884,0.1692320582560876,0.9454101068611402,False,6__0,0.4814451566661332,1,47,Team 6,Finishing,0.75,0,,8.0,3360,2.9,0,4,2015-02-26,-0.09789748573671164,True,High Risk,1,0.7761780486050527,Review overtime
48,30,1,0.271875,0.6408341471357085,0.1625176261863101,0.9427474592893622,False,6__0,0.4960178957373078,1,48,Team 6,Finishing,0.75,0,,8.0,3360,2.9,0,4,2015-02-28,-0.10916585286429148,True,High Risk,1,0.7802298331030522,Review overtime
51,31,2,0.309333333,0.6646766559694774,0.1774830219675077,0.948162778458712,False,6__0,0.4649249908518286,1,51,Team 6,Finishing,0.75,0,,8.0,3360,2.9,0,1,2015-03-03,-0.08532334403052255,True,High Risk,1,0.7706797564912042,Review overtime
54,32,2,0.7975,0.6635721852250471,0.1768814316087112,0.9478760491297944,False,6__0,0.2330571929358694,0,54,Team 6,Finishing,0.5,0,,8.0,960,2.9,0,1,2015-03-07,0.16357218522504713,False,Healthy,0,0.7709946175210832,No immediate action
55,33,2,0.271875,0.6587396016425491,0.1738585759029861,0.9467578595116616,False,6__0,0.3233011177951743,1,55,Team 6,Finishing,0.6,0,,8.0,960,2.9,0,2,2015-03-08,0.0587396016425491,False,Watch,0,0.7728992836086754,Review team conditions
58,34,2,0.394722222,0.6084632886504402,0.1446394352983657,0.9347329324597096,False,6__0,0.4835732324796472,1,58,Team 6,Finishing,0.7,0,,6.0,720,2.9,0,2,2015-03-11,-0.09153671134955976,True,High Risk,1,0.7900934971613438,Review staffing
0,0,0,0.800381944,0.7892044423938057,0.2988203015390809,0.9707805361187462,True,6__1,0.3345004427830469,0,0,Team 6,Sewing,0.8,50,1170.0,56.0,1920,25.9,0,1,2015-01-01,-0.010795557606194328,True,Watch,0,0.6719602345796652,Review WIP
1,1,0,0.800125,0.7843107402238637,0.3005636832794463,0.9688057442669534,True,6__1,0.3399626577805178,0,1,Team 6,Sewing,0.8,50,1152.0,56.0,6720,25.9,0,1,2015-01-03,-0.015689259776136333,True,Watch,0,0.668242060987507,Review WIP
2,2,0,0.879714482,0.7707835670265593,0.2915231242803536,0.96516150077212,True,6__1,0.360102232575897,0,2,Team 6,Sewing,0.8,50,539.0,31.0,6975,11.61,0,1,2015-01-04,-0.029216432973440787,True,Watch,0,0.6736383764917664,Review staffing
3,3,0,0.800246011,0.8006648044160878,0.3331669764389783,0.9702450494755268,True,6__1,0.3081234544526233,0,3,Team 6,Sewing,0.8,50,712.0,32.0,7200,11.61,0,1,2015-01-05,0.0006648044160877387,False,Watch,0,0.6370780730365485,Review staffing
4,4,0,0.80007657,0.7701301880374927,0.2971850748814671,0.9639652985942584,True,6__1,0.3591967438534661,0,4,Team 6,Sewing,0.8,38,910.0,31.5,4470,11.61,0,1,2015-01-06,-0.029869811962507375,True,Watch,0,0.6667802237127913,Review incentive
5,5,0,0.800343766,0.8157952117127277,0.3605601249611286,0.9723400801756608,True,6__1,0.279360114399157,0,5,Team 6,Sewing,0.8,50,986.0,30.5,5490,11.41,0,1,2015-01-07,0.015795211712727686,False,Healthy,0,0.6117799552145322,No immediate action
6,6,0,0.800024932,0.7668581767766796,0.297402388015032,0.9626152723623804,True,6__1,0.3634411104771671,0,6,Team 6,Sewing,0.8,50,411.0,30.5,14640,11.41,0,2,2015-01-08,-0.03314182322332049,True,Watch,0,0.6652128843473484,Review staffing
7,7,0,0.800343766,0.8065813254875043,0.3506091644860123,0.9701687621642412,True,6__1,0.2942038298220502,0,7,Team 6,Sewing,0.8,50,887.0,30.5,5490,11.41,0,2,2015-01-10,0.00658132548750423,False,Healthy,0,0.6195595976782289,No immediate action
8,8,0,0.800343766,0.8060882230504602,0.3513313317833268,0.9698896920561692,False,6__1,0.2945026454670748,0,8,Team 6,Sewing,0.8,50,887.0,30.5,5490,11.41,0,2,2015-01-11,0.006088223050460195,False,Healthy,0,0.6185583602728424,No immediate action
9,9,0,0.800181818,0.8050838176511086,0.3511365761922523,0.9695340453091438,False,6__1,0.2957829901333212,0,9,Team 6,Sewing,0.8,50,843.0,31.5,5670,11.41,0,2,2015-01-12,0.0050838176511085464,False,Healthy,0,0.6183974691168914,No immediate action
10,10,0,0.800246753,0.8105391925659534,0.360145869194945,0.9704448747127666,False,6__1,0.2856435317107288,0,10,Team 6,Sewing,0.8,50,1004.0,31.5,5670,11.61,0,2,2015-01-13,0.01053919256595337,False,Healthy,0,0.6102990055178217,No immediate action
11,11,0,0.800246753,0.7666424593187864,0.3028634837931576,0.9615693777481308,False,6__1,0.3620473514570427,0,11,Team 6,Sewing,0.8,38,972.0,31.5,5670,11.61,0,2,2015-01-14,-0.03335754068121366,True,Watch,0,0.6587058939549733,Review incentive
12,12,0,0.80003139,0.7613897916642725,0.2974243463336188,0.9603444224177744,False,6__1,0.3707593869678635,0,12,Team 6,Sewing,0.8,38,1084.0,31.5,4950,11.61,0,3,2015-01-15,-0.03861020833572759,True,Watch,0,0.6629200760841556,Review WIP
13,13,0,0.800343766,0.8529871837441734,0.4351296552562793,0.9779212245362462,False,6__1,0.2070198066860349,0,13,Team 6,Sewing,0.8,63,1067.0,30.5,5490,11.41,0,3,2015-01-17,0.05298718374417333,False,Healthy,0,0.542791569279967,No immediate action
14,14,0,0.800343766,0.8524882624537578,0.4348605278368071,0.9777704832233544,False,6__1,0.2076128595489162,0,14,Team 6,Sewing,0.8,63,1140.0,30.5,5490,11.41,0,3,2015-01-18,0.052488262453757706,False,Healthy,0,0.5429099553865473,No immediate action
15,15,0,0.800358775,0.7986539317870552,0.34661130582332,0.967658167278098,False,6__1,0.3053848012358786,0,15,Team 6,Sewing,0.8,50,1028.0,31.0,4380,11.41,0,3,2015-01-19,-0.0013460682129448065,True,Watch,0,0.6210468614547779,Review staffing
16,16,0,0.800261486,0.8478297810375582,0.4271811390186516,0.9768293560410516,False,6__1,0.2156517736385442,0,16,Team 6,Sewing,0.8,63,1047.0,31.0,5580,11.41,0,3,2015-01-20,0.047829781037558194,False,Healthy,0,0.5496482170224,No immediate action
17,17,0,0.850410511,0.9116410462915276,0.5768661548744388,0.9876587020902764,False,6__1,0.0998088510418477,0,17,Team 6,Sewing,0.8,75,916.0,89.0,5760,11.61,0,3,2015-01-21,0.1116410462915276,False,Healthy,0,0.4107925472158376,No immediate action
18,18,0,0.800191989,0.8335023635641461,0.4022819020971838,0.9741316861941492,False,6__1,0.2416494928577516,0,18,Team 6,Sewing,0.8,63,955.0,32.0,6360,11.61,0,4,2015-01-22,0.03350236356414604,False,Healthy,0,0.5718497840969654,No immediate action
19,19,0,0.800537143,0.8345498567476862,0.4045191504515943,0.9742800850580094,False,6__1,0.2395296104303185,0,19,Team 6,Sewing,0.8,63,1009.0,32.0,5640,11.61,0,4,2015-01-24,0.03454985674768618,False,Healthy,0,0.5697609346064152,No immediate action
20,20,0,0.800386364,0.8385420454779513,0.4119017488686597,0.974976804162147,False,6__1,0.2320055844276628,0,20,Team 6,Sewing,0.8,63,1181.0,32.0,5760,11.61,0,4,2015-01-25,0.03854204547795126,False,Healthy,0,0.5630750552934873,No immediate action
21,21,0,0.800386364,0.7809249929114648,0.325267142983249,0.9637158165990768,False,6__1,0.335777448098961,0,21,Team 6,Sewing,0.8,50,1072.0,32.0,5760,11.61,0,4,2015-01-26,-0.019075007088535267,True,Watch,0,0.6384486736158278,Review WIP
22,22,0,0.622828125,0.5944124942527409,0.1649210544112447,0.9159347604437922,False,6__1,0.6202363766859676,1,22,Team 6,Sewing,0.8,34,338.0,32.0,3840,30.4,0,4,2015-01-27,-0.20558750574725915,True,High Risk,1,0.7510137060325475,Review incentive
23,23,0,0.437995338,0.6182893331324186,0.1797333541983979,0.9230877533363148,False,6__1,0.1346636163430837,0,23,Team 6,Sewing,0.35,23,511.0,32.0,1800,18.79,0,4,2015-01-28,0.26828933313241865,False,Healthy,0,0.7433543991379169,No immediate action
24,24,0,0.500117677,0.6854659725431306,0.2279113729673735,0.941702433665754,False,6__1,0.1866864513711459,0,24,Team 6,Sewing,0.5,23,717.0,33.0,3960,18.79,0,0,2015-01-29,0.18546597254313058,False,Healthy,0,0.7137910606983805,No immediate action
25,25,0,0.600710606,0.6841287796936676,0.2270003315917983,0.9413032286765636,False,6__1,0.2731763207691114,0,25,Team 6,Sewing,0.6,23,799.0,33.0,3960,18.79,0,0,2015-01-31,0.08412877969366761,False,Healthy,0,0.7143028970847652,No immediate action
26,26,0,0.651007071,0.6735890790725996,0.2188873949703569,0.9384697801962072,False,6__1,0.3361751991275984,0,26,Team 6,Sewing,0.65,26,881.0,33.0,3960,18.79,0,1,2015-02-01,0.02358907907259955,False,Watch,0,0.7195823852258503,Review incentive
27,27,0,0.700354545,0.7430869058992811,0.2814535784226878,0.9555236426754884,False,6__1,0.2888667582096539,0,27,Team 6,Sewing,0.7,30,2984.0,33.0,3960,18.79,0,1,2015-02-02,0.0430869058992811,False,Healthy,0,0.6740700642528006,No immediate action
28,28,0,0.700184577,0.6884323906648389,0.2312502334741636,0.9421819539299108,False,6__1,0.3683931071905509,0,28,Team 6,Sewing,0.7,30,913.0,33.5,4020,18.79,0,1,2015-02-03,-0.0115676093351611,True,Watch,0,0.7109317204557472,Review incentive
29,29,0,0.700710417,0.6904814843649194,0.2330939919147275,0.9426623345362066,False,6__1,0.3653711203847812,0,29,Team 6,Sewing,0.7,30,941.0,33.0,3360,18.79,0,1,2015-02-04,-0.009518515635080549,True,Watch,0,0.7095683426214792,Review incentive
30,30,0,0.700079032,0.6821937692637783,0.226477100860642,0.9404700960808344,False,6__1,0.3773117317938844,0,30,Team 6,Sewing,0.7,30,766.0,33.0,2760,18.79,0,1,2015-02-05,-0.017806230736221673,True,Watch,0,0.7139929952201924,Review incentive
31,31,0,0.750520115,0.7032654719196896,0.2444328517608077,0.9457705472123528,False,6__1,0.402995396602764,0,31,Team 6,Sewing,0.75,34,813.0,33.0,1560,18.79,0,1,2015-02-07,-0.04673452808031042,True,High Risk,1,0.7013376954515451,Review incentive
32,32,0,0.75065101,0.6805718640384442,0.2254852705077581,0.9399458871987478,False,6__1,0.4373320089465795,0,32,Team 6,Sewing,0.75,34,670.0,33.0,3960,18.79,0,2,2015-02-08,-0.06942813596155584,True,High Risk,1,0.7144606166909897,Review incentive
33,33,0,0.612517157,0.5596758592651205,0.1460764713763885,0.9043508676581574,False,6__1,0.6053441674719314,1,33,Team 6,Sewing,0.75,0,708.0,34.0,4080,18.79,0,2,2015-02-09,-0.19032414073487947,True,High Risk,1,0.758274396281769,Review incentive
34,34,0,0.750797009,0.5633324174034483,0.1481733259443044,0.9054745545432868,False,6__1,0.6007360610539045,0,34,Team 6,Sewing,0.75,0,640.0,34.0,2400,18.79,0,2,2015-02-10,-0.1866675825965517,True,High Risk,1,0.7573012285989824,Review incentive
35,35,0,0.800947475,0.7053100465901017,0.2467763967576736,0.9461300766571212,False,6__1,0.4612744710740839,0,35,Team 6,Sewing,0.8,38,656.0,34.0,3480,18.79,0,2,2015-02-11,-0.09468995340989839,True,High Risk,1,0.6993536798994476,Review incentive
36,36,0,0.688017677,0.5746282126739015,0.1542964438075157,0.9092264355651868,False,6__1,0.6455840179389809,0,36,Team 6,Sewing,0.8,0,779.0,33.0,3960,18.79,0,2,2015-02-12,-0.22537178732609853,True,High Risk,1,0.7549299917576711,Review incentive
37,37,0,0.557252451,0.5828790703922035,0.1589471324927093,0.9118845532820982,False,6__1,0.6352674404990833,1,37,Team 6,Sewing,0.8,0,822.0,34.0,4080,18.79,0,2,2015-02-14,-0.2171209296077965,True,High Risk,1,0.7529374207893889,Review incentive
38,38,0,0.681598039,0.5642108374971233,0.1491647095367103,0.9054164235307356,False,6__1,0.5998101915018527,0,38,Team 6,Sewing,0.75,0,814.0,34.0,4080,18.79,0,3,2015-02-15,-0.1857891625028767,True,High Risk,1,0.7562517139940252,Review incentive
39,39,0,0.75065101,0.5694991029077054,0.1520373944675585,0.9071760549521212,False,6__1,0.5929864908087082,0,39,Team 6,Sewing,0.75,0,895.0,33.0,3960,18.79,0,3,2015-02-16,-0.18050089709229455,True,High Risk,1,0.7551386604845627,Review incentive
40,40,0,0.750621354,0.572380945547639,0.1537871778766318,0.9080208048092688,False,6__1,0.589299312340899,0,40,Team 6,Sewing,0.75,0,726.0,33.0,3360,18.79,0,3,2015-02-17,-0.17761905445236104,True,High Risk,1,0.7542336269326371,Review incentive
41,41,1,0.75065101,0.6963875573119379,0.2394279786540116,0.9437653182774182,False,6__1,0.4132617001918152,0,41,Team 6,Sewing,0.75,34,759.0,33.0,3960,18.79,0,3,2015-02-18,-0.05361244268806209,True,High Risk,1,0.7043373396234065,Review incentive
42,42,1,0.75065101,0.791292921861451,0.3417776212209932,0.9654071179224074,False,6__1,0.2628457000523279,0,42,Team 6,Sewing,0.75,56,899.0,33.0,3960,18.79,0,3,2015-02-19,0.04129292186145095,False,Healthy,0,0.6236294967014142,No immediate action
43,43,1,0.75065101,0.7446933536056184,0.2858108830494052,0.9553269271700704,False,6__1,0.3379359302459616,0,43,Team 6,Sewing,0.75,45,1055.0,33.0,3960,18.79,0,4,2015-02-22,-0.005306646394381609,True,Watch,0,0.6695160441206651,Review WIP
44,44,1,0.75065101,0.7467716715230162,0.2881321703801711,0.9557794887642662,False,6__1,0.3345954118579806,0,44,Team 6,Sewing,0.75,45,1100.0,33.0,3960,18.79,0,4,2015-02-23,-0.003228328476983844,True,Watch,0,0.6676473183840952,Review WIP
45,45,1,0.75065101,0.7391991359043387,0.2801816145448623,0.954034743432664,False,6__1,0.3465924656574621,0,45,Team 6,Sewing,0.75,45,913.0,33.0,3360,18.79,0,4,2015-02-24,-0.010800864095661278,True,Watch,0,0.6738531288878018,Review staffing
46,46,1,0.75065101,0.7563444317495426,0.2987379307279921,0.9579171258265424,False,6__1,0.3192905523931114,0,46,Team 6,Sewing,0.75,45,1003.0,33.0,3960,18.79,1,4,2015-02-25,0.006344431749542578,False,Watch,0,0.6591791950985504,Review staffing
47,47,1,0.75065101,0.7383058267257853,0.2793989377986188,0.9537968230675484,False,6__1,0.3479542020244105,0,47,Team 6,Sewing,0.75,45,912.0,33.0,3960,18.79,0,4,2015-02-26,-0.011694173274214736,True,Watch,0,0.6743978852689296,Review staffing
48,48,1,0.75065101,0.7434587545912118,0.2848903983725211,0.954962074418586,False,6__1,0.3397499973866303,0,48,Team 6,Sewing,0.75,45,1012.0,33.0,3960,18.79,0,4,2015-02-28,-0.006541245408788199,True,Watch,0,0.670071676046065,Review staffing
49,49,1,0.75065101,0.7784892821486924,0.3257717395012751,0.9626180061942926,False,6__1,0.2833293882840506,0,49,Team 6,Sewing,0.75,45,1193.0,33.0,3960,18.79,0,1,2015-03-01,0.028489282148692396,False,Healthy,0,0.6368462666930175,No immediate action
50,50,2,0.750797009,0.7322531441363355,0.2735273819733797,0.952317195126223,False,6__1,0.3574044391661429,0,50,Team 6,Sewing,0.75,34,947.0,33.0,2880,18.79,0,1,2015-03-02,-0.017746855863664535,True,Watch,0,0.6787898131528434,Review incentive
51,51,2,0.750212553,0.7261209004278983,0.2671858598483226,0.950928402009672,False,6__1,0.3671296280398705,0,51,Team 6,Sewing,0.75,45,402.0,33.0,3120,20.2,0,1,2015-03-03,-0.02387909957210166,True,Watch,0,0.6837425421613494,Review staffing
52,52,2,0.332146465,0.5335976041035724,0.1345148626723489,0.893919920026699,False,6__1,0.6387996559743817,1,52,Team 6,Sewing,0.75,0,52.0,33.0,3960,18.79,0,1,2015-03-04,-0.21640239589642762,True,High Risk,1,0.75940505735435,Review incentive
53,53,2,0.26369382,0.636618417816681,0.1920604373181887,0.9282977704858206,False,6__1,0.1208298371559098,1,53,Team 6,Sewing,0.35,0,1450.0,39.0,2640,22.53,1,1,2015-03-05,0.28661841781668107,False,Healthy,0,0.736237333167632,No immediate action
54,54,2,0.500528095,0.620081341996304,0.181462206258423,0.9233389631771108,False,6__1,0.256788742121237,0,54,Team 6,Sewing,0.5,0,1379.0,39.0,2280,23.41,1,1,2015-03-07,0.12008134199630405,False,Healthy,0,0.7418767569186878,No immediate action
55,55,2,0.601037091,0.6952154714521676,0.2387797994632029,0.9433628716409506,False,6__1,0.2576942630409384,0,55,Team 6,Sewing,0.6,23,1266.0,38.0,2520,23.41,1,2,2015-03-08,0.09521547145216758,False,Healthy,0,0.7045830721777476,No immediate action
56,56,2,0.650962281,0.7324155791108139,0.2735708751813392,0.9523829325512712,False,6__1,0.2546621517650974,0,56,Team 6,Sewing,0.65,35,1262.0,38.0,4560,23.41,1,2,2015-03-09,0.08241557911081387,False,Healthy,0,0.6788120573699319,No immediate action
57,57,2,0.700246491,0.7108780550077793,0.2528828905712877,0.947212092871312,False,6__1,0.3348320965464698,0,57,Team 6,Sewing,0.7,30,1180.0,38.0,4560,23.41,1,2,2015-03-10,0.010878055007779386,False,Watch,0,0.6943292023000243,Review WIP
58,58,2,0.700246491,0.7431194563777989,0.2847808282270008,0.9548310981854528,False,6__1,0.2872648917081634,0,58,Team 6,Sewing,0.7,40,1128.0,38.0,4560,23.41,1,2,2015-03-11,0.043119456377798904,False,Healthy,0,0.670050269958452,No immediate action
0,0,0,0.540729167,0.5397268891751922,0.1049142846482377,0.9215318994793936,True,7__0,0.6649042561607019,1,0,Team 7,Finishing,0.8,0,,8.0,960,2.9,0,1,2015-01-01,-0.26027311082480786,True,High Risk,1,0.8166176148311559,Review team conditions
1,1,0,0.6253125,0.5144241985723705,0.098248644541456,0.911544472252292,True,7__0,0.6931307267443683,1,1,Team 7,Finishing,0.8,0,,8.0,960,3.94,0,1,2015-01-03,-0.2855758014276295,True,High Risk,1,0.813295827710836,Review team conditions
2,2,0,0.667604167,0.5551386295727172,0.115861994451074,0.9224812399296076,True,7__0,0.6516314819538741,1,2,Team 7,Finishing,0.8,0,,8.0,960,2.9,0,1,2015-01-04,-0.24486137042728284,True,High Risk,1,0.8066192454785336,Review team conditions
3,3,0,0.676666667,0.5439219515232132,0.112916314516001,0.9179400551128652,True,7__0,0.664911424659144,1,3,Team 7,Finishing,0.8,0,,8.0,960,3.94,0,1,2015-01-05,-0.25607804847678683,True,High Risk,1,0.8050237405968642,Review team conditions
4,4,0,0.61625,0.58081515705494,0.1302553674608517,0.9277738945776512,True,7__0,0.6244977110206155,1,4,Team 7,Finishing,0.8,0,,8.0,1440,2.9,0,1,2015-01-06,-0.21918484294506002,True,High Risk,1,0.7975185271167995,Review team conditions
5,5,0,0.804640152,0.5842972442182772,0.1330740473685531,0.9280447127433356,True,7__0,0.6210157565646879,0,5,Team 7,Finishing,0.8,0,,8.0,1440,2.9,0,1,2015-01-07,-0.21570275578172282,True,High Risk,1,0.7949706653747824,Review team conditions
6,6,0,0.681060606,0.5973629525876133,0.1404711872017995,0.9310411886631492,True,7__0,0.6060423593665427,0,6,Team 7,Finishing,0.8,0,,8.0,1440,2.9,0,2,2015-01-08,-0.20263704741238675,True,High Risk,1,0.7905700014613497,Review team conditions
7,7,0,0.670075758,0.6044881180108957,0.1449877625072288,0.9324830809860296,True,7__0,0.5978002302653187,1,7,Team 7,Finishing,0.8,0,,8.0,1440,2.9,0,2,2015-01-10,-0.1955118819891043,True,High Risk,1,0.7874953184788008,Review team conditions
8,8,0,0.590435606,0.6096163876854035,0.1484459236601278,0.9334519918206972,False,7__0,0.5918128791587692,1,8,Team 7,Finishing,0.8,0,,8.0,1440,2.9,0,2,2015-01-11,-0.19038361231459655,True,High Risk,1,0.7850060681605694,Review team conditions
9,9,0,0.648106061,0.6082747914654326,0.1483959457556256,0.9327700156195212,False,7__0,0.5936736398455823,1,9,Team 7,Finishing,0.8,0,,8.0,1440,2.9,0,2,2015-01-12,-0.19172520853456743,True,High Risk,1,0.7843740698638957,Review team conditions
10,10,0,0.670075758,0.6109560848327519,0.1504100938907776,0.9331915277717354,False,7__0,0.5905684241459651,1,10,Team 7,Finishing,0.8,0,,8.0,1440,2.9,0,2,2015-01-13,-0.18904391516724817,True,High Risk,1,0.7827814338809578,Review team conditions
11,11,0,0.837594697,0.6147463003048907,0.1529844319892663,0.9339378470997086,False,7__0,0.5860377054307236,0,11,Team 7,Finishing,0.8,0,,8.0,1440,2.9,0,2,2015-01-14,-0.1852536996951093,True,High Risk,1,0.7809534151104423,Review team conditions
12,12,0,0.689299242,0.614181122293378,0.1531340728116124,0.9335695656295132,False,7__0,0.5868784476721931,0,12,Team 7,Finishing,0.8,0,,8.0,1440,2.9,0,3,2015-01-15,-0.1858188777066221,True,High Risk,1,0.7804354928179008,Review team conditions
13,13,0,0.661837121,0.6185445967603219,0.1559608744077264,0.9345170392519648,False,7__0,0.5815507183709608,1,13,Team 7,Finishing,0.8,0,,8.0,1440,2.9,0,3,2015-01-17,-0.18145540323967813,True,High Risk,1,0.7785561648442384,Review team conditions
14,14,0,0.692045455,0.6208878330324752,0.157650950035595,0.9349536610575184,False,7__0,0.5787076317531884,0,14,Team 7,Finishing,0.8,0,,8.0,1440,2.9,0,3,2015-01-18,-0.17911216696752486,True,High Risk,1,0.7773027110219234,Review team conditions
18,15,0,0.957638889,0.6126818375902385,0.1535002012791306,0.9325994456665384,False,7__0,0.3752666673051696,0,18,Team 7,Finishing,0.6,0,,10.0,6000,3.94,0,4,2015-01-22,0.012681837590238554,False,Watch,0,0.7790992443874079,Review overtime
19,16,0,0.870580808,0.6739249887599544,0.19197335791082,0.9475359458280184,False,7__0,0.3477007818548034,0,19,Team 7,Finishing,0.65,0,,12.0,2160,3.94,0,4,2015-01-24,0.023924988759954413,False,Watch,0,0.7555625879171983,Review overtime
20,17,0,0.749188312,0.7044302491761221,0.2153104226582325,0.9541642008281916,False,7__0,0.3084626490432303,0,20,Team 7,Finishing,0.65,0,,14.0,2520,3.94,0,4,2015-01-25,0.05443024917612205,False,Watch,0,0.7388537781699591,Review overtime
21,18,0,0.646306818,0.6353771343917963,0.1672543000548119,0.9381526658422312,False,7__0,0.3966129443964156,0,21,Team 7,Finishing,0.65,0,,8.0,1440,3.94,0,4,2015-01-26,-0.014622865608203695,True,Watch,0,0.7708983657874193,Review team conditions
22,19,0,0.803541667,0.634594268906155,0.1670153071737386,0.9378579815794188,False,7__0,0.2573852025195319,0,22,Team 7,Finishing,0.5,0,,8.0,960,4.15,0,4,2015-01-27,0.134594268906155,False,Healthy,0,0.7708426744056802,No immediate action
23,20,0,0.406354167,0.6467927040213447,0.1747777130310988,0.9407947765455692,False,7__0,0.333288786470042,1,23,Team 7,Finishing,0.6,0,,8.0,960,3.94,0,4,2015-01-28,0.04679270402134472,False,Watch,0,0.7660170635144704,Review team conditions
25,21,0,0.971866667,0.7232268808456856,0.2325527311714745,0.957762887998605,False,7__0,0.3302873145828966,0,25,Team 7,Finishing,0.7,0,,10.0,1200,3.94,0,0,2015-01-31,0.023226880845685693,False,Watch,0,0.7252101568271305,Review team conditions
26,22,0,0.892194444,0.7827849466981718,0.2943903980689947,0.969157194292286,False,7__0,0.2470140836979576,0,26,Team 7,Finishing,0.7,0,,18.0,2160,3.94,0,1,2015-02-01,0.08278494669817182,False,Healthy,0,0.6747667962232913,No immediate action
29,23,0,0.779791667,0.6993216455654486,0.2126705069856568,0.9526816710283524,False,7__0,0.3629893417537025,0,29,Team 7,Finishing,0.7,0,,8.0,960,3.94,0,1,2015-02-04,-0.0006783544345513315,True,Watch,0,0.7400111640426956,Review team conditions
30,24,0,0.8471,0.7287926812590394,0.2382548345887669,0.9587425411521266,False,7__0,0.3223033760483678,0,30,Team 7,Finishing,0.7,0,,10.0,1200,3.94,0,1,2015-02-05,0.028792681259039443,False,Watch,0,0.7204877065633597,Review team conditions
31,25,0,0.715766667,0.7336909635442754,0.243005548456107,0.959683723552856,False,7__0,0.3154135663620849,0,31,Team 7,Finishing,0.7,0,,10.0,1200,3.94,0,1,2015-02-07,0.033690963544275476,False,Watch,0,0.716678175096749,Review team conditions
32,26,0,0.928680556,0.7421253409499791,0.2513004280650938,0.9613159052061948,False,7__0,0.3035719400733416,0,32,Team 7,Finishing,0.7,0,,12.0,1440,4.15,0,2,2015-02-08,0.042125340949979106,False,Watch,0,0.710015477141101,Review team conditions
37,27,0,0.929277778,0.7748016164977368,0.2863458468382386,0.9674942351320612,False,7__0,0.2575946906293064,0,37,Team 7,Finishing,0.7,0,,15.0,1800,4.15,0,2,2015-02-14,0.07480161649773687,False,Healthy,0,0.6811483882938226,No immediate action
39,28,0,0.258,0.769970760617855,0.2809568270119041,0.9665783902439768,False,7__0,0.2643364494130499,1,39,Team 7,Finishing,0.7,0,,15.0,1800,4.15,0,3,2015-02-16,0.06997076061785501,False,Healthy,0,0.6856215632320728,No immediate action
40,29,0,0.91375,0.696437889527184,0.2114547772286271,0.951761454575016,False,7__0,0.3665344409182876,0,40,Team 7,Finishing,0.7,0,,10.0,1200,5.13,0,3,2015-02-17,-0.0035621104728159603,True,Watch,0,0.7403066773463889,Review team conditions
41,30,1,0.671875,0.6789745645407524,0.1981127704083923,0.9478883942392043,False,7__0,0.3902542922039582,0,41,Team 7,Finishing,0.7,0,,8.0,960,5.13,0,3,2015-02-18,-0.02102543545924751,True,Watch,0,0.749775623830812,Review team conditions
43,31,1,0.283958333,0.6700844469839092,0.1918820641221893,0.945795256906247,False,7__0,0.4021715190808465,1,43,Team 7,Finishing,0.7,0,,8.0,960,5.13,0,4,2015-02-22,-0.029915553016090723,True,High Risk,1,0.7539131927840577,Review team conditions
44,32,1,0.356458333,0.6590158115886297,0.1844109432821428,0.943134186169534,False,7__0,0.4169303801230177,1,44,Team 7,Finishing,0.7,0,,8.0,960,5.13,0,4,2015-02-23,-0.040984188411370304,True,High Risk,1,0.7587232428873912,Review team conditions
46,33,1,0.676666667,0.6590390466073198,0.1845875920339236,0.9430820381079068,False,7__0,0.4714158122829606,0,46,Team 7,Finishing,0.75,0,,8.0,960,4.6,0,4,2015-02-25,-0.09096095339268018,True,High Risk,1,0.7584944460739832,Review team conditions
49,34,1,0.350416667,0.6847924032348348,0.2029456934971086,0.9490453177022282,False,7__0,0.4936559748568512,1,49,Team 7,Finishing,0.8,0,,8.0,3360,4.6,0,1,2015-03-01,-0.11520759676516523,True,High Risk,1,0.7460996242051197,Review overtime
50,35,2,0.342361111,0.6762636673596121,0.1967703486658684,0.9470693362486652,False,7__0,0.5056645881326816,1,50,Team 7,Finishing,0.8,0,,8.0,3360,4.6,0,1,2015-03-02,-0.12373633264038797,True,High Risk,1,0.7502989875827968,Review overtime
51,36,2,0.999533333,0.6965319774156149,0.2123397040264576,0.951557317555651,False,7__0,0.4768268010320728,0,51,Team 7,Finishing,0.8,0,,10.0,4200,4.6,0,1,2015-03-03,-0.10346802258438514,True,High Risk,1,0.7392176135291934,Review overtime
52,37,2,0.684888889,0.8025887508968842,0.3223365895270101,0.9723166663022912,False,7__0,0.309898439579601,0,52,Team 7,Finishing,0.8,0,,20.0,8400,4.6,0,1,2015-03-04,0.002588750896884151,False,Watch,0,0.649980076775281,Review overtime
54,38,2,0.825444444,0.8221815972402483,0.3504417435170071,0.9756811136600654,False,7__0,0.2762685782111873,0,54,Team 7,Finishing,0.8,0,,25.0,6000,4.6,0,1,2015-03-07,0.022181597240248263,False,Healthy,0,0.6252393701430583,No immediate action
57,39,2,0.560625,0.7108761496822879,0.2241958647000297,0.954625178033937,False,7__0,0.1777782673280141,0,57,Team 7,Finishing,0.5,0,,8.0,960,3.9,0,2,2015-03-10,0.21087614968228785,False,Healthy,0,0.7304293133339073,No immediate action
58,40,2,0.625625,0.7074079712758361,0.2213681378122596,0.9538639478183044,False,7__0,0.3028671932744323,0,58,Team 7,Finishing,0.65,0,,8.0,960,3.9,0,2,2015-03-11,0.05740797127583608,False,Watch,0,0.7324958100060448,Review team conditions
0,0,0,0.800125,0.7260063601885135,0.2290145753457341,0.9596698105621748,True,7__1,0.434546998626568,0,0,Team 7,Sewing,0.8,38,984.0,56.0,6720,25.9,0,1,2015-01-01,-0.07399363981148654,True,High Risk,1,0.7306552352164407,Review incentive
1,1,0,0.800125,0.7455156811514095,0.2539179518849779,0.9621228504501684,True,7__1,0.4035310199702389,0,1,Team 7,Sewing,0.8,38,1138.0,56.0,6720,25.9,0,1,2015-01-03,-0.05448431884859051,True,High Risk,1,0.7082048985651905,Review WIP
2,2,0,0.850436438,0.8400067166320834,0.3835526660582454,0.9782256348211212,True,7__1,0.2431388317981946,0,2,Team 7,Sewing,0.8,60,1227.0,56.5,7020,25.9,0,1,2015-01-04,0.04000671663208333,False,Healthy,0,0.5946729687628758,No immediate action
3,3,0,0.800684366,0.8041551503277853,0.3323867347191923,0.9716033723657196,True,7__1,0.3042323055275724,0,3,Team 7,Sewing,0.8,50,1255.0,56.5,6780,25.9,0,1,2015-01-05,0.00415515032778524,False,Watch,0,0.6392166376465274,Review WIP
4,4,0,0.800128721,0.7512574132887746,0.2716951702438436,0.9609736244256132,True,7__1,0.3915250197486594,0,4,Team 7,Sewing,0.8,38,1035.0,56.5,10170,25.9,0,1,2015-01-06,-0.048742586711225444,True,Watch,0,0.6892784541817696,Review incentive
5,5,0,0.800128721,0.8018493080549133,0.3353214532037907,0.970396211364015,True,7__1,0.3058705027982861,0,5,Team 7,Sewing,0.8,50,1066.0,56.5,10170,25.9,0,1,2015-01-07,0.0018493080549132346,False,Watch,0,0.6350747581602243,Review WIP
6,6,0,0.850136766,0.8339813430818959,0.3869651540662472,0.9758881513285717,True,7__1,0.2479670163937692,0,6,Team 7,Sewing,0.8,60,1050.0,56.5,10170,25.9,0,2,2015-01-08,0.03398134308189582,False,Healthy,0,0.5889229972623244,No immediate action
7,7,0,0.850136766,0.833443855273052,0.3880755385127671,0.9755894116149773,True,7__1,0.2480508429945582,0,7,Team 7,Sewing,0.8,60,970.0,56.5,10170,25.9,0,2,2015-01-10,0.03344385527305194,False,Healthy,0,0.5875138731022101,No immediate action
8,8,0,0.850136766,0.7777045964024333,0.309112637972634,0.965006195739014,False,7__1,0.3454897010271127,0,8,Team 7,Sewing,0.8,45,1012.0,56.5,10170,25.9,0,2,2015-01-11,-0.022295403597566765,True,Watch,0,0.65589355776638,Review staffing
9,9,0,0.850136766,0.8414172953306518,0.4050364230671304,0.9766808698212108,False,7__1,0.2322005699486597,0,9,Team 7,Sewing,0.8,60,1031.0,56.5,10170,25.9,0,2,2015-01-12,0.04141729533065175,False,Healthy,0,0.5716444467540804,No immediate action
10,10,0,0.850136766,0.8442591103488979,0.4113747219005732,0.9770624176296524,False,7__1,0.2264628527986357,0,10,Team 7,Sewing,0.8,60,1126.0,56.5,10170,25.9,0,2,2015-01-13,0.044259110348897845,False,Healthy,0,0.5656876957290792,No immediate action
11,11,0,0.900144811,0.879906955669376,0.4863987569335457,0.9829647896330328,False,7__1,0.1602037056952894,0,11,Team 7,Sewing,0.8,70,1150.0,56.5,10170,25.9,0,2,2015-01-14,0.079906955669376,False,Healthy,0,0.4965660326994871,No immediate action
12,12,0,0.850136766,0.8401981395060673,0.4059359456344043,0.9761679473300644,False,7__1,0.2330359362430504,0,12,Team 7,Sewing,0.8,60,1281.0,56.5,10170,25.9,0,3,2015-01-15,0.04019813950606721,False,Healthy,0,0.5702320016956601,No immediate action
13,13,0,0.800128721,0.8048400188376497,0.3499411423029083,0.9695982005267664,False,7__1,0.2965532813015227,0,13,Team 7,Sewing,0.8,50,1396.0,56.5,10170,25.9,0,3,2015-01-17,0.004840018837649618,False,Healthy,0,0.6196570582238581,No immediate action
14,14,0,0.800128721,0.7427571249601527,0.2740091450682619,0.9569433522090064,False,7__1,0.402585467798877,0,14,Team 7,Sewing,0.8,50,624.0,56.5,10170,48.84,0,3,2015-01-18,-0.057242875039847374,True,High Risk,1,0.6829342071407445,Review staffing
15,15,0,0.576460393,0.6841324196641161,0.2209467290743512,0.9432099984353224,False,7__1,0.4942963719151891,1,15,Team 7,Sewing,0.8,30,1040.0,57.0,10260,48.84,0,3,2015-01-19,-0.11586758033588396,True,High Risk,1,0.7222632693609712,Review WIP
16,16,0,0.400332792,0.7400142741262128,0.272625786206762,0.956035468138553,False,7__1,0.0609169512701525,0,16,Team 7,Sewing,0.35,30,1450.0,56.0,10080,22.94,0,3,2015-01-20,0.3900142741262128,False,Healthy,0,0.683409681931791,No immediate action
17,17,0,0.500241342,0.7051026756549285,0.2395758203776414,0.9480026303210722,False,7__1,0.1702229185379641,0,17,Team 7,Sewing,0.5,23,1720.0,56.0,10080,22.52,0,3,2015-01-21,0.20510267565492846,False,Healthy,0,0.7084268099434308,No immediate action
18,18,0,0.60041361,0.6914244660243206,0.2282618813523733,0.9445911724170908,False,7__1,0.2666928114796665,0,18,Team 7,Sewing,0.6,23,1859.0,57.0,10260,22.52,0,4,2015-01-22,0.09142446602432064,False,Healthy,0,0.7163292910647174,No immediate action
19,19,0,0.650416734,0.6887764658247254,0.2267000826353511,0.9437491020269322,False,7__1,0.3175235344179523,0,19,Team 7,Sewing,0.65,26,1295.0,56.5,10170,22.52,0,4,2015-01-24,0.03877646582472538,False,Watch,0,0.717049019391581,Review WIP
20,20,0,0.7005417,0.695886090572172,0.2330269481723184,0.94538347991431,False,7__1,0.3592578138689632,0,20,Team 7,Sewing,0.7,40,360.0,56.5,10170,22.52,0,4,2015-01-25,-0.004113909427827966,True,Watch,0,0.7123565317419916,Review incentive
23,21,0,0.285333333,0.5598342745291734,0.142707444412221,0.906796489579058,False,7__1,0.4355785347856879,1,23,Team 7,Sewing,0.6,0,958.0,55.0,6600,23.54,0,4,2015-01-28,-0.04016572547082653,True,High Risk,1,0.764089045166837,Review incentive
24,22,0,0.48792,0.6077824235493456,0.1690892485246131,0.9220310800141654,False,7__1,0.4270590587621996,1,24,Team 7,Sewing,0.65,0,830.0,55.0,6600,23.54,0,0,2015-01-29,-0.04221757645065438,True,High Risk,1,0.7529418314895524,Review incentive
25,23,0,0.388830357,0.6061144448878243,0.168330894336952,0.9214093047172454,False,7__1,0.4852244340556254,1,25,Team 7,Sewing,0.7,0,1109.0,56.0,6720,23.54,0,0,2015-01-31,-0.09388555511217567,True,High Risk,1,0.7530784103802933,Review WIP
26,24,0,0.411553571,0.5679220986548618,0.1475458416053582,0.9090476525986432,False,7__1,0.536201195803342,1,26,Team 7,Sewing,0.7,0,1400.0,56.0,6720,24.26,0,1,2015-02-01,-0.1320779013451382,True,High Risk,1,0.761501810993285,Review WIP
27,25,0,0.295307738,0.5671661643390102,0.1470709525545463,0.9088495822341698,False,7__1,0.5371815610569556,1,27,Team 7,Sewing,0.7,0,2698.0,56.0,6720,24.26,0,1,2015-02-02,-0.13283383566098972,True,High Risk,1,0.7617786296796235,Review WIP
28,26,0,0.541517857,0.5488232653103826,0.1384783591030159,0.9020983245650332,False,7__1,0.5611999175102519,1,28,Team 7,Sewing,0.7,0,1639.0,56.0,6720,24.26,0,1,2015-02-03,-0.15117673468961734,True,High Risk,1,0.7636199654620174,Review WIP
29,27,0,0.700612069,0.5496226764626698,0.1391203882628148,0.9021954122296146,False,7__1,0.5602276558141529,0,29,Team 7,Sewing,0.7,0,1471.0,58.0,6960,24.26,0,1,2015-02-04,-0.15037732353733013,True,High Risk,1,0.7630750239667998,Review WIP
30,28,0,0.522844828,0.5572745792925865,0.1430400268457115,0.9047870817009632,False,7__1,0.0072810603568898,0,30,Team 7,Sewing,0.07,0,1608.0,58.0,6960,24.26,0,1,2015-02-05,0.4872745792925865,False,Healthy,0,0.7617470548552517,No immediate action
31,29,0,0.662270115,0.5475975958885231,0.1386854562043457,0.901063338090824,False,7__1,0.5629920505010633,0,31,Team 7,Sewing,0.7,0,658.0,58.0,6960,24.26,0,1,2015-02-07,-0.15240240411147687,True,High Risk,1,0.7623778818864783,Review incentive
32,30,0,0.355534483,0.52801307900109,0.1294648509206382,0.8938390405916942,False,7__1,0.5881501519534688,1,32,Team 7,Sewing,0.7,0,148.0,58.0,6960,24.26,0,2,2015-02-08,-0.17198692099891,True,High Risk,1,0.764374189671056,Review incentive
33,31,0,0.350301724,0.5367708391025267,0.1335108240356915,0.8971234995094275,False,7__1,0.2054535084687555,0,33,Team 7,Sewing,0.35,0,842.0,58.0,6960,30.1,1,2,2015-02-09,0.18677083910252668,False,Healthy,0,0.763612675473736,No immediate action
34,32,0,0.500801724,0.6480159547019134,0.198042978649171,0.9322807972375082,False,7__1,0.2272937540901261,0,34,Team 7,Sewing,0.5,23,1025.0,58.0,6960,30.1,1,2,2015-02-10,0.14801595470191342,False,Healthy,0,0.7342378185883373,No immediate action
35,33,0,0.600070513,0.6417227021745938,0.1938570626910167,0.9304560977140122,False,7__1,0.3282682674151058,0,35,Team 7,Sewing,0.6,23,829.0,58.0,3360,30.1,1,2,2015-02-11,0.04172270217459384,False,Watch,0,0.7365990350229954,Review incentive
36,34,0,0.535677966,0.5255197863365882,0.1286346316307422,0.8926311144059246,False,7__1,0.535454048338306,1,36,Team 7,Sewing,0.65,0,909.0,59.0,7080,30.1,1,2,2015-02-12,-0.12448021366341178,True,High Risk,1,0.7639964827751824,Review incentive
37,35,0,0.602,0.5274772540238396,0.1296313673039789,0.8932884459397455,False,7__1,0.5889896338257454,0,37,Team 7,Sewing,0.7,0,957.0,60.0,7200,30.1,1,2,2015-02-14,-0.17252274597616035,True,High Risk,1,0.7636570786357666,Review incentive
38,36,0,0.700632768,0.5104881466396595,0.1222546900107054,0.8864885496353143,False,7__1,0.6105380642291881,0,38,Team 7,Sewing,0.7,0,881.0,59.0,7080,30.1,1,3,2015-02-15,-0.1895118533603405,True,High Risk,1,0.7642338596246089,Review incentive
39,37,0,0.700459889,0.674126009815709,0.2175448556090809,0.939205915169879,False,7__1,0.3897538718046975,0,39,Team 7,Sewing,0.7,30,784.0,59.0,600,30.1,1,3,2015-02-16,-0.02587399018429093,True,Watch,0,0.7216610595607981,Review incentive
40,38,0,0.700888203,0.6613849663243158,0.2080542397514847,0.935775846803233,False,7__1,0.4078871496297542,0,40,Team 7,Sewing,0.7,30,562.0,59.0,840,30.1,1,3,2015-02-17,-0.038615033675684196,True,High Risk,1,0.7277216070517483,Review incentive
41,39,1,0.75053268,0.7181374569474952,0.2548827698706724,0.9501811536428664,False,7__1,0.3810115805174411,0,41,Team 7,Sewing,0.75,45,553.0,59.0,2280,30.1,1,3,2015-02-18,-0.0318625430525048,True,Watch,0,0.695298383772194,Review team conditions
42,40,1,0.611140537,0.5794291093849274,0.1544211719027821,0.9123558144705468,False,7__1,0.5790886154971037,1,42,Team 7,Sewing,0.75,0,444.0,59.0,0,30.1,1,3,2015-02-19,-0.17057089061507258,True,High Risk,1,0.7579346425677647,Review incentive
43,41,1,0.393548851,0.506836910081005,0.1210305427175278,0.8846819030169968,False,7__1,0.6702718025591489,1,43,Team 7,Sewing,0.75,0,627.0,58.0,6960,30.1,1,4,2015-02-22,-0.24316308991899505,True,High Risk,1,0.763651360299469,Review incentive
44,42,1,0.750770115,0.7102019980122556,0.2477551471988766,0.9482463639165466,False,7__1,0.3931488078729253,0,44,Team 7,Sewing,0.75,45,709.0,58.0,6960,30.1,1,4,2015-02-23,-0.039798001987744414,True,Watch,0,0.70049121671767,Review overtime
45,43,1,0.750727326,0.7152205406891896,0.2524752121310414,0.949412338269384,False,7__1,0.3854110883718425,0,45,Team 7,Sewing,0.75,45,739.0,59.0,5640,30.1,1,4,2015-02-24,-0.03477945931081039,True,Watch,0,0.6969371261383426,Review team conditions
46,44,1,0.800115819,0.7532493802656618,0.2904578106469952,0.9581768687326504,False,7__1,0.3838616777196392,0,46,Team 7,Sewing,0.8,50,786.0,59.0,7080,30.1,2,4,2015-02-25,-0.04675061973433825,True,Watch,0,0.6677190580856551,Review overtime
47,45,1,0.800808642,0.7410982099253632,0.2780053673618617,0.955366426934152,False,7__1,0.4039708065453072,0,47,Team 7,Sewing,0.8,50,694.0,59.0,4080,30.1,1,4,2015-02-26,-0.058901790074636806,True,High Risk,1,0.6773610595722903,Review team conditions
48,46,1,0.799982853,0.6962142646198306,0.2360883186618247,0.9446546489008404,False,7__1,0.4757231612203898,0,48,Team 7,Sewing,0.8,38,644.0,59.0,840,30.1,1,4,2015-02-28,-0.10378573538016944,True,High Risk,1,0.7085663302390157,Review incentive
49,47,1,0.579511494,0.5354428704112124,0.1340257642051861,0.8957161282526196,False,7__1,0.6923489275930669,1,49,Team 7,Sewing,0.8,0,934.0,58.0,6960,30.1,0,1,2015-03-01,-0.26455712958878763,True,High Risk,1,0.7616903640474335,Review incentive
50,48,2,0.800115819,0.5339800878297394,0.1334697313615628,0.8950615504703949,False,7__1,0.6941380302563251,0,50,Team 7,Sewing,0.8,0,616.0,59.0,7080,30.1,0,1,2015-03-02,-0.26601991217026066,True,High Risk,1,0.7615918191088321,Review incentive
51,49,2,0.800115819,0.6529956559256866,0.1998932083998801,0.9342956998607111,False,7__1,0.5398814377695864,0,51,Team 7,Sewing,0.8,50,29.0,59.0,7080,30.1,0,1,2015-03-03,-0.1470043440743134,True,High Risk,1,0.734402491460831,Review overtime
52,50,2,0.800055762,0.7761987557724533,0.3184025590988835,0.9628822098153528,False,7__1,0.3443285729130749,0,52,Team 7,Sewing,0.8,50,874.0,59.0,3960,30.1,0,1,2015-03-04,-0.023801244227546703,True,Watch,0,0.6444796507164693,Review team conditions
53,51,2,0.366053523,0.5619883268015792,0.1470975665134756,0.905269193663392,False,7__1,0.6608593342606448,1,53,Team 7,Sewing,0.8,0,834.0,59.0,1200,30.1,0,1,2015-03-05,-0.23801167319842087,True,High Risk,1,0.7581716271499164,Review incentive
56,52,2,0.500610909,0.5471605397098525,0.1396394721884228,0.9000323452387348,False,7__1,0.3433574608338607,0,56,Team 7,Sewing,0.5,0,1161.0,55.0,6600,30.48,1,2,2015-03-09,0.047160539709852456,False,Watch,0,0.760392873050312,Review WIP
57,53,2,0.630402924,0.6738530997612227,0.2184599345801005,0.9387537799802672,False,7__1,0.2864399129191285,0,57,Team 7,Sewing,0.6,25,1017.0,57.0,6840,30.48,1,2,2015-03-10,0.07385309976122267,False,Healthy,0,0.7202938454001667,No immediate action
58,54,2,0.650596491,0.6748816534928185,0.2193088940888691,0.9390079095123685,False,7__1,0.3346749953050431,0,58,Team 7,Sewing,0.65,26,935.0,57.0,6840,30.48,1,2,2015-03-11,0.024881653492818456,False,Watch,0,0.7196990154234993,Review incentive
0,0,0,0.676666667,0.5632829011835943,0.0994248507924529,0.9378899819245704,True,8__0,0.5824907880003434,0,0,Team 8,Finishing,0.75,0,,8.0,960,2.9,0,1,2015-01-01,-0.18671709881640575,True,High Risk,1,0.8384651311321175,Review team conditions
1,1,0,0.628333333,0.5790460512324337,0.1074173176260516,0.940346531243192,True,8__0,0.6159000650024491,1,1,Team 8,Finishing,0.8,0,,8.0,960,2.9,0,1,2015-01-03,-0.22095394876756635,True,High Risk,1,0.8329292136171405,Review team conditions
2,2,0,0.682708333,0.5849412858902249,0.1114139677633303,0.9407711736138862,True,8__0,0.6103683742845396,0,2,Team 8,Finishing,0.8,0,,8.0,960,2.9,0,1,2015-01-04,-0.21505871410977517,True,High Risk,1,0.8293572058505558,Review team conditions
3,3,0,0.664583333,0.5957157820996796,0.1172810514085656,0.9425014084737918,True,8__0,0.5992280491860428,1,3,Team 8,Finishing,0.8,0,,8.0,960,2.9,0,1,2015-01-05,-0.20428421790032048,True,High Risk,1,0.8252203570652262,Review team conditions
4,4,0,0.681060606,0.5995200844325784,0.1200642277699331,0.942778215784786,True,8__0,0.5954576083754702,0,4,Team 8,Finishing,0.8,0,,8.0,1440,2.9,0,1,2015-01-06,-0.20047991556742162,True,High Risk,1,0.822713988014853,Review team conditions
5,5,0,0.681060606,0.6069393774092073,0.1243580966627375,0.9439635059655498,True,8__0,0.5875065161683878,0,5,Team 8,Finishing,0.8,0,,8.0,1440,2.9,0,1,2015-01-07,-0.1930606225907927,True,High Risk,1,0.8196054093028122,Review team conditions
6,6,0,0.735984848,0.6033207970920452,0.123530042815641,0.9427443659646378,True,8__0,0.5918524147970514,0,6,Team 8,Finishing,0.8,0,,8.0,1440,2.9,0,2,2015-01-08,-0.19667920290795482,True,High Risk,1,0.8192143231489968,Review team conditions
7,7,0,0.628882576,0.6140823608412003,0.1292395396082016,0.9448130241989776,True,8__0,0.5798852199774043,1,7,Team 8,Finishing,0.8,0,,8.0,1440,2.9,0,2,2015-01-10,-0.18591763915879977,True,High Risk,1,0.815573484590776,Review team conditions
8,8,0,0.653598485,0.615119088103633,0.1303630307010284,0.9447514105593724,False,8__0,0.578880235277018,1,8,Team 8,Finishing,0.8,0,,8.0,1440,2.9,0,2,2015-01-11,-0.18488091189636702,True,High Risk,1,0.814388379858344,Review team conditions
9,9,0,0.725,0.6176779763553901,0.132152141862918,0.9450648485083644,False,8__0,0.5760888194587979,0,9,Team 8,Finishing,0.8,0,,8.0,1440,2.9,0,2,2015-01-12,-0.18232202364460992,True,High Risk,1,0.8129127066454463,Review team conditions
10,10,0,0.681060606,0.6247467602102963,0.1361425627974972,0.9463967275024326,False,8__0,0.567996722364973,0,10,Team 8,Finishing,0.8,0,,8.0,1440,2.9,0,2,2015-01-13,-0.17525323978970375,True,High Risk,1,0.8102541647049355,Review team conditions
11,11,0,0.667329545,0.6281227492181626,0.1383003229788927,0.9469383543657062,False,8__0,0.5641365234664112,1,11,Team 8,Finishing,0.8,0,,8.0,1440,2.9,0,2,2015-01-14,-0.17187725078183747,True,High Risk,1,0.8086380313868134,Review team conditions
12,12,0,0.606912879,0.6135937333545228,0.1314780105489695,0.943549375068544,False,8__0,0.5811791537546078,1,12,Team 8,Finishing,0.8,0,,8.0,1440,2.9,0,3,2015-01-15,-0.18640626664547721,True,High Risk,1,0.8120713645195745,Review team conditions
13,13,0,0.675568182,0.6132457589467549,0.1316549378468705,0.9433088045713162,False,8__0,0.5816837163123777,1,13,Team 8,Finishing,0.8,0,,8.0,1440,2.9,0,3,2015-01-17,-0.18675424105324512,True,High Risk,1,0.8116538667244457,Review team conditions
14,14,0,0.639867424,0.6164594492364036,0.1335316791493081,0.9438899684296096,False,8__0,0.5780540085224197,1,14,Team 8,Finishing,0.8,0,,8.0,1440,2.9,0,3,2015-01-18,-0.18354055076359643,True,High Risk,1,0.8103582892803015,Review team conditions
15,15,0,0.683806818,0.617586957967212,0.134372264495618,0.9440129410764284,False,8__0,0.5768230135310931,0,15,Team 8,Finishing,0.8,0,,8.0,1440,2.9,0,3,2015-01-19,-0.18241304203278808,True,High Risk,1,0.8096406765808104,Review team conditions
16,16,0,0.639867424,0.6207262717825274,0.1361949185080901,0.944598932725812,False,8__0,0.5732270300410005,1,16,Team 8,Finishing,0.8,0,,8.0,1440,2.9,0,3,2015-01-20,-0.17927372821747267,True,High Risk,1,0.8084040142177219,Review team conditions
17,17,0,0.594871795,0.6178982123865979,0.1350192282310759,0.9438582877647071,False,8__0,0.5765968635507634,1,17,Team 8,Finishing,0.8,0,,8.0,2400,2.9,0,3,2015-01-21,-0.18210178761340212,True,High Risk,1,0.8088390595336312,Review overtime
18,18,0,0.397743056,0.6025071281166597,0.1278157993154346,0.940210708630062,False,8__0,0.5944150347300107,1,18,Team 8,Finishing,0.8,0,,8.0,4800,2.9,0,4,2015-01-22,-0.1974928718833403,True,High Risk,1,0.8123949093146273,Review overtime
19,19,0,0.910521886,0.6196361439858311,0.1363550419567277,0.9440374096460112,False,8__0,0.574691914486539,0,19,Team 8,Finishing,0.8,0,,9.0,1620,2.9,0,4,2015-01-24,-0.18036385601416893,True,High Risk,1,0.8076823676892835,Review overtime
20,20,0,0.329545455,0.5212021498143483,0.0947863913984882,0.9188532208278832,False,8__0,0.6812719834542965,1,20,Team 8,Finishing,0.8,0,,4.0,720,2.9,0,4,2015-01-25,-0.27879785018565173,True,High Risk,1,0.824066829429395,Review staffing
22,21,0,0.845458333,0.5909455125758946,0.1230850950522603,0.9371401279445336,False,8__0,0.455950034049668,0,22,Team 8,Finishing,0.65,0,,8.0,960,3.94,0,4,2015-01-27,-0.05905448742410546,True,High Risk,1,0.8140550328922733,Review team conditions
23,22,0,0.553333333,0.598456501277008,0.1266371018767527,0.9388870911993252,False,8__0,0.4472107795692941,0,23,Team 8,Finishing,0.65,0,,8.0,960,4.15,0,4,2015-01-28,-0.05154349872299202,True,High Risk,1,0.8122499893225725,Review team conditions
24,23,0,0.877552083,0.6589042125813075,0.1584320441955335,0.95219864267247,False,8__0,0.3759788370963777,0,24,Team 8,Finishing,0.65,0,,8.0,960,4.15,0,0,2015-01-29,0.008904212581307469,False,Watch,0,0.7937665984769365,Review team conditions
25,24,0,0.971866667,0.6728512637029797,0.1671590788238576,0.9549378907748808,False,8__0,0.3592170699340196,0,25,Team 8,Finishing,0.65,0,,8.0,960,3.94,0,0,2015-01-31,0.02285126370297963,False,Watch,0,0.7877788119510232,Review team conditions
26,25,0,1.0115625,0.6645323377630179,0.1621301756503536,0.9532352112526282,False,8__0,0.3691316552090623,0,26,Team 8,Finishing,0.65,0,,8.0,960,4.15,0,1,2015-02-01,0.014532337763017877,False,Watch,0,0.7911050356022746,Review team conditions
27,26,0,0.561979167,0.7140297219164697,0.196275848426081,0.9625695806126716,False,8__0,0.3092158480307304,0,27,Team 8,Finishing,0.65,0,,8.0,960,4.15,0,1,2015-02-02,0.06402972191646972,False,Watch,0,0.7662937321865906,Review team conditions
28,27,0,0.976979167,0.709697939499241,0.1931156020718692,0.9617576708659196,False,8__0,0.3594208762074543,0,28,Team 8,Finishing,0.7,0,,8.0,960,4.15,0,1,2015-02-03,0.009697939499241026,False,Watch,0,0.7686420687940504,Review team conditions
29,28,0,0.915766667,0.8349657027368926,0.3295719563013975,0.9814721836286344,False,8__0,0.191666125467295,0,29,Team 8,Finishing,0.7,0,,25.0,3000,4.15,0,1,2015-02-04,0.13496570273689268,False,Healthy,0,0.651900227327237,No immediate action
32,29,0,0.840888889,0.788899399519016,0.2680148456387284,0.9747519644030596,False,8__0,0.2544647982049035,0,32,Team 8,Finishing,0.7,0,,15.0,1800,4.15,0,2,2015-02-08,0.08889939951901604,False,Healthy,0,0.7067371187643312,No immediate action
33,30,0,0.707111111,0.7906417757669711,0.2702519155555367,0.974990821184818,False,8__0,0.0604483360468551,0,33,Team 8,Finishing,0.35,0,,15.0,1800,4.15,0,2,2015-02-09,0.44064177576697117,False,Healthy,0,0.7047389056292812,No immediate action
34,31,0,0.703770833,0.7229419751189297,0.2039747738024319,0.963999884466805,False,8__0,0.0985171982367039,0,34,Team 8,Finishing,0.35,0,,8.0,960,4.15,0,2,2015-02-10,0.3729419751189297,False,Healthy,0,0.7600251106643731,No immediate action
35,32,0,0.994375,0.7661048179150939,0.2436063730969526,0.9711455381741744,False,8__0,0.0732644256875442,0,35,Team 8,Finishing,0.35,0,,12.0,1440,4.15,0,2,2015-02-11,0.4161048179150939,False,Healthy,0,0.7275391650772218,No immediate action
36,33,0,0.755486111,0.7847735011028736,0.2640370329768491,0.9740225250076974,False,8__0,0.0632100139076866,0,36,Team 8,Finishing,0.35,0,,12.0,1440,4.15,0,2,2015-02-12,0.4347735011028736,False,Healthy,0,0.7099854920308483,No immediate action
37,34,0,0.725625,0.7421744377598603,0.2207305785109158,0.9672257613483506,False,8__0,0.3168016562407367,0,37,Team 8,Finishing,0.7,0,,8.0,960,4.15,0,2,2015-02-14,0.042174437759860295,False,Watch,0,0.7464951828374348,Review team conditions
38,35,0,0.605208333,0.7278686563206371,0.2084537574261105,0.9647671522859488,False,8__0,0.3355363607645534,0,38,Team 8,Finishing,0.7,0,,8.0,960,4.15,0,3,2015-02-15,0.027868656320637175,False,Watch,0,0.7563133948598383,Review team conditions
41,36,1,0.58,0.7107357778197675,0.1947977607240204,0.9617328846439328,False,8__0,0.3577529229434399,1,41,Team 8,Finishing,0.7,0,,8.0,960,5.13,0,3,2015-02-18,0.010735777819767534,False,Watch,0,0.7669351239199124,Review team conditions
42,37,1,0.672135417,0.7031939592118179,0.1892426248491728,0.9603336732422174,False,8__0,0.3674055786995173,0,42,Team 8,Finishing,0.7,0,,8.0,1920,5.13,0,3,2015-02-19,0.003193959211817976,False,Watch,0,0.7710910483930447,Review overtime
44,38,1,0.930416667,0.6986156771249924,0.1859939214880876,0.95946461924034,False,8__0,0.3732307850953179,0,44,Team 8,Finishing,0.7,0,,8.0,960,5.13,0,4,2015-02-23,-0.0013843228750075598,True,Watch,0,0.7734706977522524,Review team conditions
45,39,1,0.791458333,0.7151873529810656,0.1985526243839793,0.962459982795451,False,8__0,0.3518863747574654,0,45,Team 8,Finishing,0.7,0,,8.0,960,4.6,0,4,2015-02-24,0.01518735298106566,False,Watch,0,0.7639073584114717,Review team conditions
46,40,1,0.658541667,0.7172383664153571,0.2002439700962366,0.9628083357330056,False,8__0,0.3491999523249086,0,46,Team 8,Finishing,0.7,0,,8.0,960,4.6,0,4,2015-02-25,0.017238366415357143,False,Watch,0,0.762564365636769,Review team conditions
47,41,1,0.376597222,0.707961159826049,0.1931480611940013,0.9611201720709024,False,8__0,0.4100825132991983,1,47,Team 8,Finishing,0.75,0,,8.0,3360,4.6,0,4,2015-02-26,-0.042038840173950986,True,High Risk,1,0.7679721108769011,Review overtime
48,42,1,0.376597222,0.7011139925787444,0.1881394534704732,0.9598430740598256,False,8__0,0.4191748000266023,1,48,Team 8,Finishing,0.75,0,,8.0,3360,4.6,0,4,2015-02-28,-0.048886007421255595,True,High Risk,1,0.7717036205893524,Review overtime
49,43,1,0.813611111,0.7257024328928664,0.2072928180950043,0.9642564616084126,False,8__0,0.3860817285179736,0,49,Team 8,Finishing,0.75,0,,8.0,3360,4.6,0,1,2015-03-01,-0.0242975671071336,True,Watch,0,0.7569636435134083,Review overtime
50,44,2,0.773333333,0.7279800640566468,0.2092535885321524,0.964639419891298,False,8__0,0.3829465101680727,0,50,Team 8,Finishing,0.75,0,,8.0,3360,4.6,0,1,2015-03-02,-0.022019935943353164,True,Watch,0,0.7553858313591456,Review overtime
51,45,2,0.702777778,0.7290637619013103,0.2102277646659582,0.9648141709519344,False,8__0,0.3814414795848008,0,51,Team 8,Finishing,0.75,0,,8.0,3360,4.6,0,1,2015-03-03,-0.02093623809868972,True,Watch,0,0.7545864062859763,Review overtime
52,46,2,0.930416667,0.7361279798944741,0.2163494982227759,0.9660167687949436,False,8__0,0.4236618881844999,0,52,Team 8,Finishing,0.8,0,,8.0,960,4.6,0,1,2015-03-04,-0.06387202010552595,True,High Risk,1,0.7496672705721676,Review team conditions
53,47,2,0.980984848,0.8373676256802606,0.3362822183507714,0.9815613047872734,False,8__0,0.2654676564073031,0,53,Team 8,Finishing,0.8,0,,22.0,2640,4.6,0,1,2015-03-05,0.03736762568026053,False,Healthy,0,0.6452790864365021,No immediate action
54,48,2,0.590740741,0.8103989719400785,0.2971623803221558,0.9776867093849186,False,8__0,0.3100491262072289,1,54,Team 8,Finishing,0.8,0,,15.0,3600,4.6,0,1,2015-03-07,0.010398971940078439,False,Watch,0,0.6805243290627628,Review overtime
55,49,2,0.4509375,0.7496493082972546,0.2287856261060623,0.968256628844174,False,8__0,0.2260867040309934,1,55,Team 8,Finishing,0.6,0,,8.0,960,3.9,0,2,2015-03-08,0.14964930829725465,False,Healthy,0,0.7394710027381117,No immediate action
56,50,2,0.2640625,0.985733189333324,0.8546498436358433,0.999117922348164,False,8__0,0.0035066795821621,1,56,Team 8,Finishing,0.65,960,,8.0,0,3.9,0,2,2015-03-09,0.33573318933332397,False,Healthy,0,0.1444680787123207,No immediate action
57,51,2,0.560625,0.7258857000988213,0.2079111306721974,0.964189729330228,False,8__0,0.2936378247765903,0,57,Team 8,Finishing,0.65,0,,8.0,960,3.9,0,2,2015-03-10,0.07588570009882123,False,Healthy,0,0.7562785986580305,No immediate action
58,52,2,0.625625,0.7228939658533986,0.2055005855063919,0.963653211178097,False,8__0,0.3415670801735617,0,58,Team 8,Finishing,0.7,0,,8.0,960,3.9,0,2,2015-03-11,0.022893965853398646,False,Watch,0,0.758152625671705,Review team conditions
0,0,0,0.940725424,0.9260942608901244,0.5759117027385969,0.9917499291966316,True,8__1,0.0947635447006038,0,0,Team 8,Sewing,0.8,98,1108.0,59.0,7080,26.16,0,1,2015-01-01,0.12609426089012432,False,Healthy,0,0.4158382264580347,No immediate action
1,1,0,0.800318644,0.7775881373669115,0.2858874616500075,0.968568207960107,True,8__1,0.3531801127268201,0,1,Team 8,Sewing,0.8,50,1261.0,59.0,7080,26.16,0,1,2015-01-03,-0.022411862633088586,True,Watch,0,0.6826807463100995,Review WIP
2,2,0,0.850345133,0.7542188087745864,0.2656111046489205,0.9632820437526068,True,8__1,0.389145576867055,0,2,Team 8,Sewing,0.8,45,1039.0,56.5,6780,25.9,0,1,2015-01-04,-0.04578119122541369,True,Watch,0,0.6976709391036864,Review staffing
3,3,0,0.800684366,0.7435512476646381,0.2585438268345811,0.9604356659878645,True,8__1,0.4050921016066293,0,3,Team 8,Sewing,0.8,38,1047.0,56.5,6780,25.9,0,1,2015-01-05,-0.05644875233536195,True,High Risk,1,0.7018918391532833,Review WIP
4,4,0,0.800128721,0.7494075255885381,0.2672827461145968,0.9610743957565449,True,8__1,0.395123994456383,0,4,Team 8,Sewing,0.8,38,1083.0,56.5,10170,25.9,0,1,2015-01-06,-0.050592474411461974,True,Watch,0,0.6937916496419481,Review WIP
5,5,0,0.850136766,0.8386554444724759,0.3897808931444378,0.9771998717856368,True,8__1,0.2418274167596785,0,5,Team 8,Sewing,0.8,60,1135.0,56.5,10170,25.9,0,1,2015-01-07,0.03865544447247582,False,Healthy,0,0.587418978641199,No immediate action
6,6,0,0.850136766,0.8318219476251459,0.380495712784011,0.9758010877528814,True,8__1,0.2530869947591337,0,6,Team 8,Sewing,0.8,60,1026.0,56.5,10170,25.9,0,2,2015-01-08,0.0318219476251459,False,Healthy,0,0.5953053749688704,No immediate action
7,7,0,0.850136766,0.8363486736285306,0.3900618645183736,0.9763925824488184,True,8__1,0.2441107283307627,0,7,Team 8,Sewing,0.8,60,1158.0,56.5,10170,25.9,0,2,2015-01-10,0.03634867362853056,False,Healthy,0,0.5863307179304449,No immediate action
8,8,0,0.850136766,0.8385172818482827,0.3954679168379354,0.976606015306813,False,8__1,0.2394611327201835,0,8,Team 8,Sewing,0.8,60,1209.0,56.5,10170,25.9,0,2,2015-01-11,0.038517281848282625,False,Healthy,0,0.5811380984688777,No immediate action
9,9,0,0.850136766,0.8398830765107206,0.3992835626366506,0.9767052455756872,False,8__1,0.2363525156674559,0,9,Team 8,Sewing,0.8,60,1233.0,56.5,10170,25.9,0,2,2015-01-12,0.03988307651072054,False,Healthy,0,0.5774216829390366,No immediate action
10,10,0,0.850252525,0.8405300895446263,0.401672870376668,0.9766976935715008,False,8__1,0.2346192597277351,0,10,Team 8,Sewing,0.8,60,1211.0,57.0,10260,25.9,0,2,2015-01-13,0.040530089544626224,False,Healthy,0,0.5750248231948328,No immediate action
11,11,0,0.850136766,0.8410260201138814,0.403613330067157,0.976682213632904,False,8__1,0.2332405213445036,0,11,Team 8,Sewing,0.8,60,1218.0,56.5,10170,25.9,0,2,2015-01-14,0.041026020113881345,False,Healthy,0,0.5730688835657469,No immediate action
12,12,0,0.850415628,0.8316054775059252,0.3881222196534,0.9749393790616508,False,8__1,0.2499926786826679,0,12,Team 8,Sewing,0.8,60,1177.0,56.5,8970,25.9,0,3,2015-01-15,0.03160547750592513,False,Healthy,0,0.5868171594082509,No immediate action
13,13,0,0.800128721,0.795171938292733,0.333657295607541,0.9681210114538498,False,8__1,0.3146521505748767,0,13,Team 8,Sewing,0.8,50,1292.0,56.5,10170,25.9,0,3,2015-01-17,-0.004828061707267017,True,Watch,0,0.6344637158463088,Review WIP
14,14,0,0.800128721,0.7503455506661283,0.2800856688807038,0.9589680540528523,False,8__1,0.3906065836940928,0,14,Team 8,Sewing,0.8,38,1288.0,56.5,10170,25.9,0,3,2015-01-18,-0.04965444933387175,True,Watch,0,0.6788823851721486,Review WIP
15,15,0,0.800162602,0.8046245960786798,0.3481184336758015,0.969755449052947,False,8__1,0.2975374185802918,0,15,Team 8,Sewing,0.8,50,1380.0,56.5,3630,25.9,0,3,2015-01-19,0.00462459607867971,False,Healthy,0,0.6216370153771456,No immediate action
16,16,0,0.800128721,0.8004102073934644,0.3426372963810594,0.968885576186723,False,8__1,0.3047870346013858,0,16,Team 8,Sewing,0.8,50,1434.0,56.5,10170,25.9,0,3,2015-01-20,0.00041020739346431245,False,Watch,0,0.6262482798056637,Review WIP
17,17,0,0.800436542,0.7300775255841665,0.2609440455400654,0.9542076346850236,False,8__1,0.4231920081239697,0,17,Team 8,Sewing,0.8,38,562.0,56.5,7470,25.9,0,3,2015-01-21,-0.06992247441583355,True,High Risk,1,0.6932635891449581,Review incentive
18,18,0,0.555500132,0.681281944989311,0.2178909507786625,0.9427510854130288,False,8__1,0.4985466394085324,1,18,Team 8,Sewing,0.8,30,980.0,56.5,10770,40.99,0,4,2015-01-22,-0.118718055010689,True,High Risk,1,0.7248601346343663,Review incentive
19,19,0,0.34998951,0.7243821475335936,0.2557016349971339,0.952866042207021,False,8__1,0.0698250509351529,0,19,Team 8,Sewing,0.35,23,1448.0,52.0,9360,15.09,0,4,2015-01-24,0.37438214753359367,False,Healthy,0,0.697164407209887,No immediate action
20,20,0,0.500061916,0.7282543878056933,0.2595705272185412,0.953706319246446,False,8__1,0.1486836058829715,0,20,Team 8,Sewing,0.5,23,1557.0,52.0,720,15.09,0,4,2015-01-25,0.2282543878056933,False,Healthy,0,0.6941357920279048,No immediate action
21,21,0,0.600143365,0.723345386337078,0.2550949603019308,0.9525400213661912,False,8__1,0.2280447489129659,0,21,Team 8,Sewing,0.6,23,1519.0,52.0,360,15.09,0,4,2015-01-26,0.12334538633707803,False,Healthy,0,0.6974450610642604,No immediate action
22,22,0,0.650307143,0.7087204498724914,0.2420660035560769,0.9490496489970658,False,8__1,0.291415157926486,0,22,Team 8,Sewing,0.65,23,976.0,52.0,240,15.09,0,4,2015-01-27,0.058720449872491365,False,Healthy,0,0.7069836454409889,No immediate action
23,23,0,0.467693269,0.5071073860095726,0.1175216280613929,0.888262392906061,False,8__1,0.6130666238197939,1,23,Team 8,Sewing,0.7,0,336.0,52.0,6240,38.09,0,4,2015-01-28,-0.19289261399042734,True,High Risk,1,0.7707407648446681,Review incentive
25,24,0,0.286984568,0.6202208509478552,0.1750557322379234,0.9264687431364208,False,8__1,0.2612242868147776,1,25,Team 8,Sewing,0.5,0,1144.0,54.0,6480,23.54,0,0,2015-01-31,0.12022085094785517,False,Healthy,0,0.7514130108984974,No immediate action
26,25,0,0.466821212,0.5754642798244688,0.1499795867976682,0.9125059611231632,False,8__1,0.4156061673456352,1,26,Team 8,Sewing,0.6,0,1196.0,55.0,6600,24.26,0,1,2015-02-01,-0.024535720175531184,True,High Risk,1,0.762526374325495,Review WIP
27,26,0,0.260978788,0.5715870692179528,0.1481558042834229,0.9111060610349928,False,8__1,0.4751434698471845,1,27,Team 8,Sewing,0.65,0,1435.0,55.0,6600,24.26,0,1,2015-02-02,-0.07841293078204725,True,High Risk,1,0.7629502567515699,Review WIP
28,27,0,0.586465465,0.5569897645118147,0.1410561727489679,0.9059851493256263,False,8__1,0.5503014194631843,1,28,Team 8,Sewing,0.7,0,1363.0,55.5,6660,24.26,0,1,2015-02-03,-0.14301023548818526,True,High Risk,1,0.7649289765766585,Review WIP
29,28,0,0.700135088,0.5445040413172069,0.1351820680389186,0.901476585466302,False,8__1,0.5664412213717688,0,29,Team 8,Sewing,0.7,0,1248.0,57.0,6840,29.12,0,1,2015-02-04,-0.1554959586827931,True,High Risk,1,0.7662945174273834,Review WIP
30,29,0,0.496549708,0.5660150141710893,0.1460270798967021,0.9087628547931628,False,8__1,0.5386228620772173,1,30,Team 8,Sewing,0.7,0,1167.0,57.0,6840,24.26,0,1,2015-02-05,-0.1339849858289106,True,High Risk,1,0.7627357748964607,Review WIP
31,30,0,0.365318713,0.5600437962761494,0.1433027103974322,0.9065292060362478,False,8__1,0.5464725279635533,1,31,Team 8,Sewing,0.7,0,652.0,57.0,6840,24.26,0,1,2015-02-07,-0.13995620372385054,True,High Risk,1,0.7632264956388155,Review incentive
32,31,0,0.353259649,0.5344882696718778,0.1310759350990504,0.8973839012185985,False,8__1,0.5794190054313682,1,32,Team 8,Sewing,0.7,0,154.0,57.0,6840,24.26,0,2,2015-02-08,-0.16551173032812216,True,High Risk,1,0.766307966119548,Review incentive
33,32,0,0.350301724,0.5377280099570677,0.1324927428027197,0.8986417959138134,False,8__1,0.2060258736948713,0,33,Team 8,Sewing,0.35,0,901.0,58.0,6960,30.1,1,2,2015-02-09,0.18772800995706773,False,Healthy,0,0.7661490531110937,No immediate action
34,33,0,0.393548851,0.6775640445984348,0.2178094771721189,0.9408963275092282,False,8__1,0.1974123382786654,1,34,Team 8,Sewing,0.5,30,1061.0,58.0,6960,30.1,1,2,2015-02-10,0.17756404459843478,False,Healthy,0,0.7230868503371093,No immediate action
35,34,0,0.714410494,0.6726809783304045,0.2141603391852348,0.9395976408245064,False,8__1,0.2898269293046901,0,35,Team 8,Sewing,0.6,30,1069.0,58.0,4560,30.1,1,2,2015-02-11,0.07268097833040454,False,Healthy,0,0.7254373016392716,No immediate action
36,35,0,0.463403955,0.5259984420538426,0.1273687613380424,0.8940790681214149,False,8__1,0.5346041650511493,1,36,Team 8,Sewing,0.65,0,1193.0,59.0,7080,30.1,1,2,2015-02-12,-0.12400155794615741,True,High Risk,1,0.7667103067833725,Review WIP
37,36,0,0.700206125,0.5254888778758118,0.127341691123723,0.8937134605667773,False,8__1,0.5909708840435077,0,37,Team 8,Sewing,0.7,0,824.0,60.0,5160,30.1,1,2,2015-02-14,-0.17451112212418818,True,High Risk,1,0.7663717694430543,Review incentive
38,37,0,0.700573099,0.6786228795867013,0.2188454603106234,0.9410992386742608,False,8__1,0.3840357694333349,0,38,Team 8,Sewing,0.7,40,507.0,59.0,5880,30.1,1,3,2015-02-15,-0.021377120413298645,True,Watch,0,0.7222537783636374,Review incentive
39,38,0,0.621971751,0.5062565370450405,0.1173564782120144,0.8877420925318488,False,8__1,0.6142138821747672,0,39,Team 8,Sewing,0.7,27,7.0,59.0,7080,30.1,2,3,2015-02-16,-0.19374346295495948,True,High Risk,1,0.7703856143198343,Review incentive
40,39,0,0.600982906,0.6545259252728096,0.1995149064570247,0.9352690095255376,False,8__1,0.3135657818734476,0,40,Team 8,Sewing,0.6,23,179.0,58.0,0,29.4,2,3,2015-02-17,0.05452592527280964,False,Watch,0,0.7357541030685129,Review incentive
41,40,1,0.251399254,0.5322622024636513,0.1302098842014593,0.896430849080898,False,8__1,0.5264923974359681,1,41,Team 8,Sewing,0.65,0,962.0,57.0,4560,29.4,2,3,2015-02-18,-0.11773779753634872,True,High Risk,1,0.7662209648794387,Review incentive
42,41,1,0.7,0.519527802988121,0.1246113798195469,0.8914989283637131,False,8__1,0.5984514163234932,0,42,Team 8,Sewing,0.7,0,1116.0,57.0,6240,29.4,2,3,2015-02-19,-0.180472197011879,True,High Risk,1,0.7668875485441662,Review WIP
43,42,1,0.700614035,0.7074042525705649,0.2427627757380609,0.9482391873179304,False,8__1,0.3427403391598896,0,43,Team 8,Sewing,0.7,40,1146.0,57.0,6840,29.4,2,4,2015-02-22,0.007404252570564984,False,Watch,0,0.7054764115798695,Review WIP
44,43,1,0.700614035,0.7058160879930865,0.2414905067670289,0.9478231603433536,False,8__1,0.3449819620961779,0,44,Team 8,Sewing,0.7,40,1094.0,57.0,6840,29.4,2,4,2015-02-23,0.005816087993086527,False,Watch,0,0.7063326535763247,Review WIP
45,44,1,0.700518519,0.7087648298833562,0.2442478887748361,0.9484907811762976,False,8__1,0.3406632053330046,0,45,Team 8,Sewing,0.7,40,1079.0,58.0,4560,29.4,2,4,2015-02-24,0.008764829883356251,False,Watch,0,0.7042428924014614,Review WIP
46,45,1,0.700362069,0.6426467304367484,0.1934088776873483,0.931162049310002,False,8__1,0.4346502857460851,0,46,Team 8,Sewing,0.7,30,847.0,58.0,6960,29.4,1,4,2015-02-25,-0.057353269563251597,True,High Risk,1,0.7377531716226537,Review incentive
47,46,1,0.750206897,0.7758244969903602,0.314573201262407,0.9633627374868312,False,8__1,0.2910812422422628,0,47,Team 8,Sewing,0.75,56,916.0,58.0,6960,29.4,2,4,2015-02-26,0.025824496990360157,False,Healthy,0,0.6487895362244243,No immediate action
48,47,1,0.750425926,0.7733222146417177,0.3116756394964881,0.9628179722275084,False,8__1,0.29501421708022,0,48,Team 8,Sewing,0.75,56,792.0,58.0,4560,29.4,2,4,2015-02-28,0.023322214641717687,False,Healthy,0,0.6511423327310204,No immediate action
49,48,1,0.75075,0.7674069553453566,0.3048762379124196,0.96153348448461,False,8__1,0.3043385597229437,0,49,Team 8,Sewing,0.75,56,622.0,57.0,6240,29.4,0,1,2015-03-01,0.017406955345356634,False,Watch,0,0.6566572465721904,Review team conditions
50,49,2,0.750473684,0.7108199724963301,0.2467234447013309,0.9488139735636468,False,8__1,0.3926482284049011,0,50,Team 8,Sewing,0.75,45,551.0,57.0,6840,29.4,0,1,2015-03-02,-0.03918002750366989,True,Watch,0,0.7020905288623159,Review team conditions
51,50,2,0.750473684,0.7631713298939348,0.3000921835647672,0.9606095721491196,False,8__1,0.3110169937873878,0,51,Team 8,Sewing,0.75,56,534.0,57.0,6840,29.4,0,1,2015-03-03,0.013171329893934769,False,Watch,0,0.6605173885843524,Review team conditions
52,51,2,0.433263158,0.5039274740676148,0.1179279213305607,0.8853090616930858,False,8__1,0.7257902047541666,1,52,Team 8,Sewing,0.8,0,30.0,57.0,6840,29.4,0,1,2015-03-04,-0.2960725259323852,True,High Risk,1,0.767381140362525,Review incentive
55,52,2,0.600528571,0.5198220057967016,0.1254823189102965,0.8909559857327958,False,8__1,0.4872468985018217,0,55,Team 8,Sewing,0.6,0,869.0,56.0,6720,30.48,1,2,2015-03-08,-0.08017799420329841,True,High Risk,1,0.7654736668224993,Review incentive
56,53,2,0.650421429,0.6497723177520816,0.1987149801455705,0.932987579338024,False,8__1,0.3697032847353268,0,56,Team 8,Sewing,0.65,26,953.0,56.0,6720,30.48,1,2,2015-03-09,-0.00022768224791847036,True,Watch,0,0.7342725991924535,Review incentive
57,54,2,0.700505263,0.6669237382122283,0.2111507945936175,0.9376224246726188,False,8__1,0.4003008145332181,0,57,Team 8,Sewing,0.7,30,923.0,57.0,6840,30.48,1,2,2015-03-10,-0.03307626178777168,True,High Risk,1,0.7264716300790013,Review incentive
58,55,2,0.700505263,0.667384864350089,0.2115420070996114,0.9377286136716702,False,8__1,0.3996319260358171,0,58,Team 8,Sewing,0.7,30,914.0,57.0,6840,30.48,1,2,2015-03-11,-0.03261513564991092,True,Watch,0,0.7261866065720588,Review incentive
1,0,0,0.956270833,0.539340076756848,0.0948160844844062,0.92909023719155,True,9__0,0.6581535716918439,0,1,Team 9,Finishing,0.8,0,,8.0,960,4.15,0,1,2015-01-03,-0.260659923243152,True,High Risk,1,0.8342741527071438,Review team conditions
2,1,0,0.931645833,0.6408774527278006,0.1405600201220677,0.9513675570008834,True,9__0,0.548214178364948,0,2,Team 9,Finishing,0.8,0,,8.0,960,3.94,0,1,2015-01-04,-0.15912254727219943,True,High Risk,1,0.8108075368788157,Review team conditions
3,2,0,0.820833333,0.7124043149160308,0.1876587763692422,0.963984993276522,True,9__0,0.4580549821137425,0,3,Team 9,Finishing,0.8,0,,8.0,1920,2.9,0,1,2015-01-05,-0.0875956850839692,True,High Risk,1,0.7763262169072798,Review overtime
4,3,0,0.858143939,0.7069295347332256,0.185805836718174,0.9625214819074962,True,9__0,0.4651594447873465,0,4,Team 9,Finishing,0.8,0,,8.0,1440,3.94,0,1,2015-01-06,-0.09307046526677443,True,High Risk,1,0.7767156451893222,Review team conditions
5,4,0,0.880530303,0.7252588305258084,0.2016423411683104,0.9652954918687664,True,9__0,0.4399645934383692,0,5,Team 9,Finishing,0.8,0,,8.0,1440,3.94,0,1,2015-01-07,-0.07474116947419163,True,High Risk,1,0.763653150700456,Review team conditions
6,5,0,0.891723485,0.7352282525779638,0.2114526192590292,0.9666695782377768,True,9__0,0.4257272892769402,0,6,Team 9,Finishing,0.8,0,,8.0,1440,3.94,0,2,2015-01-08,-0.06477174742203629,True,High Risk,1,0.7552169589787476,Review team conditions
7,6,0,0.858143939,0.7522641954482666,0.2281098205144008,0.969230485347045,True,9__0,0.4009102597338469,0,7,Team 9,Finishing,0.8,0,,8.0,1440,3.94,0,2,2015-01-10,-0.04773580455173343,True,High Risk,1,0.7411206648326443,Review team conditions
8,7,0,0.858143939,0.7619178005096247,0.2386799431434883,0.9705864615942604,True,9__0,0.3863451175878494,0,8,Team 9,Finishing,0.8,0,,8.0,1440,3.94,0,2,2015-01-11,-0.03808219949037539,True,Watch,0,0.7319065184507721,Review team conditions
9,8,0,0.858143939,0.7700134998417983,0.2480380309854623,0.9717070443241906,False,9__0,0.3738760484548401,0,9,Team 9,Finishing,0.8,0,,8.0,1440,3.94,0,2,2015-01-12,-0.0299865001582017,True,Watch,0,0.7236690133387284,Review team conditions
10,9,0,0.858143939,0.776894803148186,0.2563718767229415,0.9726481656264436,False,9__0,0.3630907522296515,0,10,Team 9,Finishing,0.8,0,,8.0,1440,3.94,0,2,2015-01-13,-0.023105196851814003,True,Watch,0,0.7162762889035021,Review team conditions
11,10,0,0.858143939,0.7828125564623559,0.2638347446258997,0.9734494814917254,False,9__0,0.3536760758213192,0,11,Team 9,Finishing,0.8,0,,8.0,1440,3.94,0,2,2015-01-14,-0.01718744353764412,True,Watch,0,0.7096147368658257,Review team conditions
12,11,0,0.858143939,0.7758096581569349,0.2567318087658656,0.9722576908960028,False,9__0,0.3643005918072435,0,12,Team 9,Finishing,0.8,0,,8.0,1440,3.94,0,3,2015-01-15,-0.024190341843065122,True,Watch,0,0.7155258821301371,Review team conditions
13,12,0,0.82680303,0.8009576423875202,0.2874356056414759,0.975996781402673,False,9__0,0.3243860271722054,0,13,Team 9,Finishing,0.8,0,,10.0,1800,3.94,0,3,2015-01-17,0.0009576423875201634,False,Watch,0,0.6885611757611971,Review overtime
14,13,0,0.582045455,0.8023767747863109,0.2898731150152168,0.9761384345839244,False,9__0,0.3218829263397226,1,14,Team 9,Finishing,0.8,0,,10.0,1800,3.94,0,3,2015-01-18,0.00237677478631082,False,Watch,0,0.6862653195687076,Review overtime
15,14,0,0.964106061,0.7937835327664313,0.2795605284113118,0.9747784284496522,False,9__0,0.3355015426287173,0,15,Team 9,Finishing,0.8,0,,10.0,1800,3.94,0,3,2015-01-19,-0.006216467233568723,True,Watch,0,0.6952179000383405,Review overtime
16,15,0,0.72830303,0.8084676019475844,0.2989951588385808,0.9769248677962435,False,9__0,0.3115954275189669,0,16,Team 9,Finishing,0.8,0,,10.0,1800,3.94,0,3,2015-01-20,0.008467601947584336,False,Watch,0,0.6779297089576628,Review overtime
17,16,0,0.827147436,0.783143715195884,0.2676205636011769,0.9730400987606356,False,9__0,0.3520941433649358,0,17,Team 9,Finishing,0.8,0,,8.0,2400,3.94,0,3,2015-01-21,-0.01685628480411605,True,Watch,0,0.7054195351594587,Review overtime
19,17,0,0.261174242,0.7812148176074484,0.2658184765425462,0.972680881257358,False,9__0,0.1878440514495255,1,19,Team 9,Finishing,0.6,0,,8.0,1440,3.94,0,4,2015-01-24,0.1812148176074484,False,Healthy,0,0.7068624047148118,No immediate action
25,18,0,0.971866667,0.6686129042384596,0.1661453244934628,0.9535703458634188,False,9__0,0.4613957514055161,0,25,Team 9,Finishing,0.75,0,,2.0,240,3.94,0,0,2015-01-31,-0.08138709576154035,True,High Risk,1,0.7874250213699561,Review staffing
27,19,0,0.994270833,0.8118318648465384,0.3051436571427445,0.9772559976154184,False,9__0,0.2594121948579739,0,27,Team 9,Finishing,0.75,0,,8.0,960,3.94,0,1,2015-02-02,0.061831864846538354,False,Healthy,0,0.6721123404726739,No immediate action
28,20,0,0.919954545,0.8535028725731043,0.3726258706209148,0.9831185945459764,False,9__0,0.1943751634242578,0,28,Team 9,Finishing,0.75,0,,11.0,1320,3.94,0,1,2015-02-03,0.10350287257310431,False,Healthy,0,0.6104927239250616,No immediate action
29,21,0,0.755166667,0.8362991534480552,0.3427415760788903,0.9807222065601257,False,9__0,0.2213325011856921,0,29,Team 9,Finishing,0.75,0,,8.0,960,3.94,0,1,2015-02-04,0.08629915344805517,False,Healthy,0,0.6379806304812354,No immediate action
31,22,0,0.771583333,0.8337284496553251,0.3388602573273239,0.980332712314031,False,9__0,0.2683094701077341,0,31,Team 9,Finishing,0.8,0,,8.0,960,3.94,0,1,2015-02-07,0.033728449655325066,False,Healthy,0,0.641472454986707,No immediate action
32,23,0,0.607416667,0.8259037107764131,0.3268496109530717,0.979188693666249,False,9__0,0.2815217319911829,1,32,Team 9,Finishing,0.8,0,,8.0,960,3.94,0,2,2015-02-08,0.02590371077641307,False,Healthy,0,0.6523390827131774,No immediate action
33,24,0,0.697708333,0.8202311902877186,0.3186010153721001,0.9783402801759769,False,9__0,0.2909794413578846,0,33,Team 9,Finishing,0.8,0,,8.0,960,3.94,0,2,2015-02-09,0.02023119028771858,False,Healthy,0,0.6597392648038767,No immediate action
34,25,0,0.6895,0.8168134055689518,0.3138678638124736,0.977814748525023,False,9__0,0.2966068485264196,0,34,Team 9,Finishing,0.8,0,,8.0,960,3.94,0,2,2015-02-10,0.016813405568951723,False,Healthy,0,0.6639468847125494,No immediate action
35,26,0,0.54175,0.8133642026469448,0.3091839780640654,0.9772813857795588,False,9__0,0.302263851290722,1,35,Team 9,Finishing,0.8,0,,8.0,960,3.94,0,2,2015-02-11,0.013364202646944712,False,Watch,0,0.6680974077154934,Review team conditions
36,27,0,0.656666667,0.8069515639022271,0.3005583227526401,0.976299188455076,False,9__0,0.3127764056929983,1,36,Team 9,Finishing,0.8,0,,8.0,960,3.94,0,2,2015-02-12,0.006951563902227065,False,Watch,0,0.675740865702436,Review team conditions
37,28,0,0.238041667,0.8031311012005184,0.2956573884286641,0.9756988592175015,False,9__0,0.3189647579798462,1,37,Team 9,Finishing,0.8,0,,8.0,960,3.94,0,2,2015-02-14,0.0031311012005184047,False,Watch,0,0.6800414707888374,Review team conditions
39,29,0,0.960433333,0.797344313300169,0.2884096923718144,0.974784488876364,False,9__0,0.3282868492854557,0,39,Team 9,Finishing,0.8,0,,10.0,1200,3.94,0,3,2015-02-16,-0.0026556866998310724,True,Watch,0,0.6863747965045497,Review team conditions
40,30,0,0.586041667,0.7874876109158256,0.2763737766368102,0.9732337137632228,False,9__0,0.3440648345598614,1,40,Team 9,Finishing,0.8,0,,8.0,960,3.94,0,3,2015-02-17,-0.012512389084174402,True,Watch,0,0.6968599371264126,Review team conditions
41,31,1,0.549791667,0.7827842125094219,0.270983744848099,0.972467325777878,False,9__0,0.3514713474978316,1,41,Team 9,Finishing,0.8,0,,8.0,960,3.94,0,3,2015-02-18,-0.01721578749057817,True,Watch,0,0.701483580929779,Review team conditions
43,32,1,0.753525,0.7865437892001493,0.2755802031512931,0.97304062667439,False,9__0,0.3454584278379376,0,43,Team 9,Finishing,0.8,0,,10.0,2400,3.94,0,4,2015-02-22,-0.01345621079985071,True,Watch,0,0.6974604235230968,Review overtime
44,33,1,0.3715625,0.786973696835632,0.2760955848682536,0.9731081723128122,False,9__0,0.3447736511860507,1,44,Team 9,Finishing,0.8,0,,8.0,960,2.9,0,4,2015-02-23,-0.013026303164368036,True,Watch,0,0.6970125874445586,Review team conditions
45,34,1,0.726933333,0.828953932911541,0.332927374347978,0.9795016283223964,False,9__0,0.1940765028944854,0,45,Team 9,Finishing,0.7,0,,15.0,1800,2.9,0,4,2015-02-24,0.128953932911541,False,Healthy,0,0.6465742539744184,No immediate action
46,35,1,0.410833333,0.775649095606374,0.2632915214888118,0.9712585846394768,False,9__0,0.2677183912081552,1,46,Team 9,Finishing,0.7,0,,8.0,960,2.9,0,4,2015-02-25,0.075649095606374,False,Healthy,0,0.7079670631506649,No immediate action
47,36,1,0.4078125,0.7681879613159226,0.2552679674584225,0.9700190066937636,False,9__0,0.3232852156159153,1,47,Team 9,Finishing,0.75,0,,8.0,960,2.9,0,4,2015-02-26,0.018187961315922596,False,Watch,0,0.7147510392353411,Review team conditions
48,37,1,0.4078125,0.7608451105590868,0.2476968992097024,0.9687780646173436,False,9__0,0.3339324649683569,1,48,Team 9,Finishing,0.75,0,,8.0,960,2.9,0,4,2015-02-28,0.010845110559086768,False,Watch,0,0.7210811654076412,Review team conditions
49,38,1,0.447083333,0.7807920923966022,0.2694429170852409,0.9720427125842716,False,9__0,0.3046472707635,1,49,Team 9,Finishing,0.75,0,,8.0,960,2.9,0,1,2015-03-01,0.03079209239660219,False,Watch,0,0.7025997954990306,Review team conditions
50,39,2,0.8004,0.7938080227904855,0.285099702945088,0.9740950241696832,False,9__0,0.2851719947592773,0,50,Team 9,Finishing,0.75,0,,10.0,1200,2.9,0,1,2015-03-02,0.04380802279048546,False,Healthy,0,0.6889953212245952,No immediate action
52,40,2,0.83375,0.7745495686551521,0.2625863790329312,0.9710038064952902,False,9__0,0.3137974001367278,0,52,Team 9,Finishing,0.75,0,,8.0,960,2.9,0,1,2015-03-04,0.02454956865515212,False,Watch,0,0.7084174274623589,Review team conditions
53,41,2,0.453125,0.7761413307740662,0.2644487394435306,0.9712501780629668,False,9__0,0.3114153736663989,1,53,Team 9,Finishing,0.75,0,,8.0,960,2.9,0,1,2015-03-05,0.026141330774066218,False,Watch,0,0.7068014386194361,Review team conditions
55,42,2,0.929074074,0.7736033332765124,0.2617319356599372,0.9708207322698094,False,9__0,0.3151156171019759,0,55,Team 9,Finishing,0.75,0,,9.0,1080,2.9,0,2,2015-03-08,0.023603333276512428,False,Watch,0,0.7090887966098722,Review team conditions
56,43,2,0.841,0.9916868039306174,0.9063597388001828,0.9996713006689129,False,9__0,0.0027264816797204,0,56,Team 9,Finishing,0.75,3600,,15.0,0,2.9,0,2,2015-03-09,0.24168680393061737,False,Healthy,0,0.09331156186873002,No immediate action
57,44,2,0.821666667,0.8114562591609809,0.3082126688644893,0.9768147636033028,False,9__0,0.2584335363227299,0,57,Team 9,Finishing,0.75,0,,15.0,1800,2.9,0,2,2015-03-10,0.06145625916098085,False,Healthy,0,0.6686020947388135,No immediate action
58,45,2,0.505888889,0.8117182867080163,0.3086899984944664,0.9768420681756352,False,9__0,0.2579835504479497,1,58,Team 9,Finishing,0.75,0,,15.0,1800,2.9,0,2,2015-03-11,0.06171828670801627,False,Healthy,0,0.6681520696811689,No immediate action
0,0,0,0.721126957,0.7209360780252877,0.2242075560789461,0.9587516765770072,True,9__1,0.3360206210177834,0,0,Team 9,Sewing,0.7,44,872.0,57.5,6900,28.08,0,1,2015-01-01,0.02093607802528774,False,Watch,0,0.7345441204980612,Review incentive
1,1,0,0.699965217,0.7129567298645262,0.2237841994014675,0.9556039378155784,True,9__1,0.3443682003889249,0,1,Team 9,Sewing,0.7,40,1072.0,57.5,6900,28.08,0,1,2015-01-03,0.012956729864526229,False,Watch,0,0.731819738414111,Review WIP
2,2,0,0.850569492,0.8027042907787205,0.3254240215072417,0.9719697072075744,True,9__1,0.3086039036672503,0,2,Team 9,Sewing,0.8,60,1278.0,59.0,7080,26.16,0,1,2015-01-04,0.002704290778720475,False,Watch,0,0.6465456857003327,Review WIP
3,3,0,0.850569492,0.8660733423671504,0.4382473912189061,0.9819904074046224,True,9__1,0.1937638196281089,0,3,Team 9,Sewing,0.8,75,1227.0,59.0,7080,26.16,0,1,2015-01-05,0.06607334236715035,False,Healthy,0,0.5437430161857163,No immediate action
4,4,0,0.850502311,0.8640692686826573,0.4379212482080835,0.9813853682240472,True,9__1,0.1956708056564313,0,4,Team 9,Sewing,0.8,75,1305.0,59.0,10620,26.16,0,1,2015-01-06,0.06406926868265728,False,Healthy,0,0.5434641200159638,No immediate action
5,5,0,0.850502311,0.8629245086484534,0.4386612977941138,0.9809630810586096,True,9__1,0.1963417538728155,0,5,Team 9,Sewing,0.8,75,1324.0,59.0,10620,26.16,0,1,2015-01-07,0.06292450864845334,False,Healthy,0,0.5423017832644959,No immediate action
6,6,0,0.900215716,0.8944638148747085,0.514733313971839,0.985754527027587,True,9__1,0.1371039972912134,0,6,Team 9,Sewing,0.8,88,1216.0,59.0,10620,26.16,0,2,2015-01-08,0.09446381487470845,False,Healthy,0,0.47102121305574807,No immediate action
7,7,0,0.851174114,0.8537221801406328,0.4248673920309297,0.979069270673158,True,9__1,0.2111023411250492,0,7,Team 9,Sewing,0.8,75,1122.0,59.0,10620,26.16,0,2,2015-01-10,0.05372218014063279,False,Healthy,0,0.5542018786422283,No immediate action
8,8,0,0.900215716,0.8929931707880668,0.5148814908162533,0.9852930908417786,False,9__1,0.137943497457444,0,8,Team 9,Sewing,0.8,88,1095.0,59.0,10620,26.16,0,2,2015-01-11,0.09299317078806679,False,Healthy,0,0.4704116000255253,No immediate action
9,9,0,0.850502311,0.8536737181836638,0.4279531311493518,0.978787932613644,False,9__1,0.2097251471668605,0,9,Team 9,Sewing,0.8,75,1093.0,59.0,10620,26.16,0,2,2015-01-12,0.05367371818366373,False,Healthy,0,0.5508348014642923,No immediate action
10,10,0,0.850502311,0.8547134507379415,0.4311980076570246,0.9788602662008276,False,9__1,0.2072491771288113,0,10,Team 9,Sewing,0.8,75,1156.0,59.0,10620,26.16,0,2,2015-01-13,0.05471345073794143,False,Healthy,0,0.5476622585438029,No immediate action
11,11,0,0.850502311,0.855862037769776,0.4345136174459257,0.9789658723732564,False,9__1,0.2046426321351619,0,11,Team 9,Sewing,0.8,75,1232.0,59.0,10620,26.16,0,2,2015-01-14,0.05586203776977594,False,Healthy,0,0.5444522549273307,No immediate action
12,12,0,0.800117103,0.7995905623856139,0.3416202538321903,0.9687106273879932,False,9__1,0.3061812879748957,0,12,Team 9,Sewing,0.8,63,1369.0,59.0,10620,26.16,0,3,2015-01-15,-0.00040943761438616555,True,Watch,0,0.6270903735558029,Review WIP
13,13,0,0.800117103,0.7941315713188584,0.3349284899863188,0.967539820576688,False,9__1,0.315463018264013,0,13,Team 9,Sewing,0.8,63,1128.0,59.0,10620,26.16,0,3,2015-01-17,-0.00586842868114168,True,Watch,0,0.6326113305903691,Review WIP
14,14,0,0.800015009,0.7489621277245787,0.2809383668652922,0.9582088455429024,False,9__1,0.3922881743129385,0,14,Team 9,Sewing,0.8,50,1381.0,59.0,3660,26.16,0,3,2015-01-18,-0.05103787227542134,True,Watch,0,0.6772704786776103,Review WIP
15,15,0,0.800117103,0.7986390176685368,0.342357527834241,0.9682435003549272,False,9__1,0.3070598854851892,0,15,Team 9,Sewing,0.8,63,1196.0,59.0,10620,26.16,0,3,2015-01-19,-0.0013609823314632008,True,Watch,0,0.6258859725206862,Review WIP
16,16,0,0.800117103,0.7659586648298337,0.3011654963651043,0.961585077641054,False,9__1,0.3634855122113143,0,16,Team 9,Sewing,0.8,63,399.0,59.0,10620,26.16,0,3,2015-01-20,-0.03404133517016639,True,Watch,0,0.6604195812759497,Review overtime
17,17,0,0.520237649,0.5994815707307067,0.164178317264439,0.9195364481917366,False,9__1,0.6121940057194764,1,17,Team 9,Sewing,0.8,29,757.0,58.0,4140,54.56,0,3,2015-01-21,-0.2005184292692933,True,High Risk,1,0.7553581309272976,Review incentive
18,18,0,0.500547544,0.6411370695916289,0.1909183765695206,0.9313482122734754,False,9__1,0.236473234698621,0,18,Team 9,Sewing,0.5,30,970.0,58.0,10440,29.12,0,4,2015-01-22,0.14113706959162886,False,Healthy,0,0.7404298357039548,No immediate action
19,19,0,0.600125217,0.611487737333183,0.1721622151085838,0.9227104943167048,False,9__1,0.3683825665354842,0,19,Team 9,Sewing,0.6,23,925.0,58.0,6660,29.12,0,4,2015-01-24,0.011487737333182979,False,Watch,0,0.7505482792081211,Review incentive
20,20,0,0.650407524,0.6250370716067343,0.1808173398059839,0.9265813428145384,False,9__1,0.4036156056096644,0,20,Team 9,Sewing,0.65,26,1086.0,58.0,10440,29.12,0,4,2015-01-25,-0.02496292839326575,True,High Risk,1,0.7457640030085545,Review WIP
21,21,0,0.70061442,0.6763613381438993,0.2172222928989376,0.9404726313590248,False,9__1,0.3872137142905814,0,21,Team 9,Sewing,0.7,40,1143.0,58.0,10440,29.12,0,4,2015-01-26,-0.02363866185610064,True,Watch,0,0.7232503384600872,Review WIP
22,22,0,0.700386207,0.7259450087696693,0.2604062168050878,0.9524624209965334,False,9__1,0.3156483501052651,0,22,Team 9,Sewing,0.7,50,1294.0,58.0,6960,29.12,0,4,2015-01-27,0.02594500876966932,False,Watch,0,0.6920562041914456,Review WIP
23,23,0,0.750593103,0.7862779294444879,0.3285105388147608,0.9653861762713644,False,9__1,0.2273139712735997,0,23,Team 9,Sewing,0.7,63,1340.0,58.0,6960,29.12,0,4,2015-01-28,0.08627792944448798,False,Healthy,0,0.6368756374566036,No immediate action
24,24,0,0.850170115,0.7824351982453046,0.3239701230271129,0.9645404694681832,False,9__1,0.2327096802172568,0,24,Team 9,Sewing,0.7,53,1170.0,58.0,6960,29.12,0,0,2015-01-29,0.08243519824530465,False,Healthy,0,0.6405703464410702,No immediate action
25,25,0,0.850610526,0.8857947606061657,0.5077722582809202,0.983439779626314,False,9__1,0.1133671830859869,0,25,Team 9,Sewing,0.75,81,1082.0,57.0,6840,29.12,0,0,2015-01-31,0.1357947606061657,False,Healthy,0,0.4756675213453938,No immediate action
26,26,0,0.750593103,0.7333470247753202,0.268632748439107,0.953934544109844,False,9__1,0.3577573219732796,0,26,Team 9,Sewing,0.75,45,1282.0,58.0,6960,29.12,0,1,2015-02-01,-0.01665297522467979,True,Watch,0,0.685301795670737,Review WIP
27,27,0,0.799963218,0.8280114903047124,0.3895769661079685,0.9734875761074494,False,9__1,0.2064712327527293,0,27,Team 9,Sewing,0.75,55,8992.0,58.0,6960,29.12,0,1,2015-02-02,0.07801149030471244,False,Healthy,0,0.5839106099994809,No immediate action
28,28,0,0.750593103,0.6875828518813599,0.2274992009355524,0.9429061844816904,False,9__1,0.4275471204454572,0,28,Team 9,Sewing,0.75,34,1070.0,58.0,6960,29.12,0,1,2015-02-03,-0.062417148118640076,True,High Risk,1,0.715406983546138,Review WIP
29,29,0,0.799963218,0.7654301155054238,0.3041951825944415,0.9608232103834264,False,9__1,0.3632622303203083,0,29,Team 9,Sewing,0.8,50,1086.0,58.0,6960,22.52,0,1,2015-02-04,-0.03456988449457621,True,Watch,0,0.6566280277889849,Review WIP
30,30,0,0.799963218,0.7503061585013417,0.2871387168382746,0.9575510372518355,False,9__1,0.3888213814396474,0,30,Team 9,Sewing,0.8,50,1069.0,58.0,6960,29.12,0,1,2015-02-05,-0.0496938414986583,True,Watch,0,0.670412320413561,Review WIP
31,31,0,0.799963218,0.7439140855370603,0.2804515510288752,0.9561039460714896,False,9__1,0.3994281511650919,0,31,Team 9,Sewing,0.8,50,829.0,58.0,6960,29.12,0,1,2015-02-07,-0.05608591446293976,True,Watch,0,0.6756523950426144,Review overtime
32,32,0,0.799963218,0.7408133077689651,0.2773141651256455,0.955386958019637,False,9__1,0.4045336542308355,0,32,Team 9,Sewing,0.8,50,909.0,58.0,6960,29.12,0,2,2015-02-08,-0.0591866922310349,True,High Risk,1,0.6780727928939916,Review overtime
33,33,0,0.799963218,0.7479866338694413,0.2850303218497517,0.9569587494828006,False,9__1,0.3925929959095648,0,33,Team 9,Sewing,0.8,50,1073.0,58.0,6960,29.12,0,2,2015-02-09,-0.052013366130558736,True,Watch,0,0.6719284276330488,Review WIP
34,34,0,0.8008,0.716187975177037,0.2531692731844267,0.9496937420433996,False,9__1,0.4444633755004963,0,34,Team 9,Sewing,0.8,38,1263.0,58.0,2160,29.12,0,2,2015-02-10,-0.08381202482296302,True,High Risk,1,0.6965244688589729,Review WIP
35,35,0,0.800144144,0.7384173671357347,0.2751872092839993,0.9547712778656136,False,9__1,0.4084049980688898,0,35,Team 9,Sewing,0.8,50,609.0,58.0,3240,29.12,0,2,2015-02-11,-0.06158263286426535,True,High Risk,1,0.6795840685816142,Review team conditions
36,36,0,0.497885057,0.5468422541268815,0.1364455411653567,0.902197439812014,False,9__1,0.6769226507646358,1,36,Team 9,Sewing,0.8,0,14.0,58.0,6960,29.12,0,2,2015-02-12,-0.25315774587311857,True,High Risk,1,0.7657518986466573,Review incentive
38,37,0,0.283054487,0.6192894483384935,0.1764540771020297,0.925259168772196,False,9__1,0.260872477778748,1,38,Team 9,Sewing,0.5,0,1688.0,54.0,5280,18.79,1,3,2015-02-15,0.11928944833849353,False,Healthy,0,0.7488050916701663,No immediate action
39,38,0,0.329964879,0.6051985942141136,0.1681332110968312,0.9209530962300674,False,9__1,0.3766252662562626,1,39,Team 9,Sewing,0.6,0,2103.0,54.0,5400,18.79,1,3,2015-02-16,0.0051985942141136166,False,Watch,0,0.7528198851332362,Review WIP
40,39,0,0.650134,0.5888513478786888,0.1590728579458716,0.915701808778495,False,9__1,0.4520970442878335,0,40,Team 9,Sewing,0.65,0,2120.0,51.0,5520,18.79,1,3,2015-02-17,-0.061148652121311264,True,High Risk,1,0.7566289508326235,Review WIP
41,40,1,0.70009573,0.7047642236610393,0.2431181247689354,0.9468702157927932,False,9__1,0.3454907666374245,0,41,Team 9,Sewing,0.7,30,1587.0,51.0,4560,18.79,1,3,2015-02-18,0.004764223661039346,False,Watch,0,0.7037520910238577,Review WIP
42,41,1,0.638614379,0.7030834198853426,0.2417265703840347,0.9464355052056104,False,9__1,0.3478962546533929,0,42,Team 9,Sewing,0.7,30,1603.0,51.0,6120,18.79,1,3,2015-02-19,0.003083419885342664,False,Watch,0,0.7047089348215757,Review WIP
43,42,1,0.627011183,0.7058173084235295,0.2442165905442289,0.9470811229723176,False,9__1,0.3438949150628602,0,43,Team 9,Sewing,0.7,30,1717.0,57.0,3240,18.79,1,4,2015-02-22,0.005817308423529566,False,Watch,0,0.7028645324280887,Review WIP
44,43,1,0.60128,0.725132005450035,0.2622770410649158,0.951641581780398,False,9__1,0.3156670797781915,0,44,Team 9,Sewing,0.7,40,1641.0,50.0,6000,18.79,1,4,2015-02-23,0.025132005450035022,False,Watch,0,0.6893645407154823,Review WIP
45,44,1,0.700256795,0.6806987963979757,0.2233458489867426,0.9407049870778732,False,9__1,0.3801190929593254,0,45,Team 9,Sewing,0.7,30,1068.0,52.0,3000,18.79,1,4,2015-02-24,-0.019301203602024253,True,Watch,0,0.7173591380911306,Review WIP
46,45,1,0.970816667,0.7773226724764124,0.3200054739763565,0.96308309083933,False,9__1,0.2871164941587494,0,46,Team 9,Sewing,0.75,56,1085.0,52.0,6240,18.79,1,4,2015-02-25,0.027322672476412402,False,Healthy,0,0.6430776168629735,No immediate action
47,46,1,0.750371895,0.7399696473778267,0.2775262255416244,0.95496261517428,False,9__1,0.3466308287672728,0,47,Team 9,Sewing,0.75,45,1020.0,52.0,5640,18.79,1,4,2015-02-26,-0.010030352622173333,True,Watch,0,0.6774363896326556,Review staffing
48,47,1,0.750395513,0.7334485467834897,0.2709176185667377,0.953464828408675,False,9__1,0.3568458776096364,0,48,Team 9,Sewing,0.75,45,841.0,52.0,6240,18.79,1,4,2015-02-28,-0.016551453216510303,True,Watch,0,0.6825472098419373,Review staffing
49,48,1,0.750395513,0.7134378395822617,0.2518520479956812,0.9487229741574532,False,9__1,0.3878564142713835,0,49,Team 9,Sewing,0.75,34,895.0,52.0,6240,18.79,0,1,2015-03-01,-0.0365621604177383,True,Watch,0,0.696870926161772,Review incentive
50,49,2,0.750395513,0.7540814132808787,0.2930573741004805,0.9580303697031884,False,9__1,0.324159365693012,0,50,Team 9,Sewing,0.75,45,935.0,52.0,6240,18.79,0,1,2015-03-02,0.004081413280878743,False,Watch,0,0.664972995602708,Review staffing
51,50,2,0.750395513,0.720618098460797,0.2586570043829835,0.9504094769879868,False,9__1,0.3767380247448588,0,51,Team 9,Sewing,0.75,34,1096.0,52.0,6240,18.79,0,1,2015-03-03,-0.029381901539202948,True,Watch,0,0.6917524726050033,Review WIP
52,51,2,0.750395513,0.7242875611564394,0.2622129935137408,0.951263242804508,False,9__1,0.3710291985331344,0,52,Team 9,Sewing,0.75,34,1206.0,52.0,6240,18.79,0,1,2015-03-04,-0.02571243884356056,True,Watch,0,0.6890502492907673,Review WIP
53,52,2,0.750395513,0.763400794858022,0.3038431916118743,0.960022953479367,False,9__1,0.3092119567258672,0,53,Team 9,Sewing,0.75,45,1228.0,52.0,6240,18.79,0,1,2015-03-05,0.013400794858022036,False,Watch,0,0.6561797618674927,Review WIP
54,53,2,0.749987124,0.7652585379626687,0.3060768074679534,0.960411520100941,False,9__1,0.3062111069655018,0,54,Team 9,Sewing,0.75,45,1226.0,51.0,3480,18.79,0,1,2015-03-07,0.015258537962668739,False,Watch,0,0.6543347126329876,Review WIP
55,54,2,0.750371895,0.7560914119783462,0.2955445204257393,0.9584242092178812,False,9__1,0.3208629146078979,0,55,Team 9,Sewing,0.75,45,1239.0,52.0,5640,18.79,0,2,2015-03-08,0.006091411978346173,False,Watch,0,0.6628796887921419,Review WIP
56,55,2,0.750395513,0.7542442770011645,0.2935236062212073,0.9580103798931896,False,9__1,0.323787365252945,0,56,Team 9,Sewing,0.75,45,1193.0,52.0,6240,18.79,0,2,2015-03-09,0.004244277001164476,False,Watch,0,0.6644867736719823,Review WIP
57,56,2,0.750395513,0.7555170249289999,0.2949899709212714,0.9582810134732882,False,9__1,0.3217423909135676,0,57,Team 9,Sewing,0.75,45,1247.0,52.0,6240,18.79,0,2,2015-03-10,0.0055170249289998585,False,Watch,0,0.6632910425520169,Review WIP
58,57,2,0.750347333,0.7095854369411528,0.248412931026622,0.9477744743447948,False,9__1,0.39375565073859,0,58,Team 9,Sewing,0.75,45,290.0,52.0,5040,18.79,0,2,2015-03-11,-0.040414563058847164,True,Watch,0,0.6993615433181728,Review staffing
