day_index,split_code,intercept,incentive,wip,no_of_workers,over_time,smv,style_change,series
0,0,0.6863792390582615,0.21017318256838793,0.4038003808134949,0.3851770577746967,-0.047874639957167904,-0.3002082653800528,0.02972750086138876,10__0
1,0,0.7643268721684388,0.20805918982293053,0.3998273165863575,0.3814910838199944,-0.04784564784473648,-0.3001991316608489,0.02974110040960825,10__0
2,0,0.8073633608460473,0.206787326595594,0.3963694037554042,0.38212578471066205,-0.047723210628520134,-0.3010163969121324,0.029720476328182435,10__0
3,0,0.8750916239895599,0.2052407223186571,0.39256864341097336,0.3789302901300053,-0.0476914338444379,-0.30172657892879506,0.029732864698758195,10__0
4,0,0.9626809923835495,0.2029731900871454,0.38830838658442773,0.37420505653218394,-0.047624925133206056,-0.301614807651433,0.029757582172859093,10__0
5,0,1.034182284313196,0.2011255747227266,0.3848236323285009,0.37034662249768774,-0.04757092334049307,-0.30152669632276197,0.029777561870871026,10__0
6,0,1.0868690273033088,0.19976687379196725,0.382250236768801,0.36750258994752055,-0.04753136407510402,-0.3014642748378576,0.0297921259563099,10__0
7,0,1.1603842037030108,0.19787516673397645,0.37865107853150226,0.36353289775037695,-0.047476516150956896,-0.30138094481554684,0.02981220952357967,10__0
8,0,1.2161474764663578,0.19644360756669746,0.3759141627280118,0.36052068822828137,-0.047435197163520716,-0.3013208003080943,0.029827249902990734,10__0
9,0,1.1152934078833598,0.19902627661711259,0.380877399181056,0.36597070420943395,-0.047509378206055206,-0.30142367062858194,0.02980042095173843,10__0
10,0,1.1814022853484836,0.19685844639721967,0.3736491992241991,0.371110318392601,-0.04717581253218427,-0.3038072082201995,0.029722516375218132,10__0
11,0,1.1140329537619313,0.19856821802074842,0.37672922603109066,0.3752888907373635,-0.047182316228006685,-0.30402636545697925,0.029700923161444535,10__0
12,0,1.209036156028607,0.1953765367489687,0.3664203440996637,0.38256370024819686,-0.04681019137988742,-0.3073902512593018,0.02958282384934414,10__0
13,0,1.3458448198389343,0.19203834372486134,0.3605469770637108,0.3730756376603557,-0.04677013403680568,-0.30670738136092063,0.02964035377761663,10__0
14,0,1.2624947211255917,0.19406546735086497,0.3641413005719204,0.3788542920013389,-0.0467940663944762,-0.30711594963289623,0.029605749391060227,10__0
15,0,1.2414403757384906,0.19457576553207154,0.36505345211331414,0.380313484526204,-0.04679998711874271,-0.3072171846481098,0.029597125793942722,10__0
16,0,1.3156302701451292,0.19257591389318063,0.3580527001024357,0.38326384144064596,-0.04626292342808643,-0.3092140343131767,0.02955552811060112,10__0
17,0,1.387537323828283,0.19065287359934588,0.3536163415286063,0.3811769606312629,-0.046185553572412726,-0.30967594769634516,0.029550316686436127,10__0
18,0,1.453373611230374,0.18835265449063202,0.3456086126794497,0.388050222612291,-0.045896640833599005,-0.3125259357443715,0.02944536730962476,10__0
19,0,1.6150467722811666,0.1825112812034654,0.3244063327571341,0.40831857154316487,-0.04510336066337281,-0.3204658398235084,0.029148534205845733,10__0
20,0,1.7039087923556342,0.1798662857134458,0.3178096295605486,0.4082654816135898,-0.04509620871382757,-0.3217018849476245,0.029102320726906758,10__0
21,0,1.7176295312908763,0.17949566854946794,0.3170491031038156,0.4076733300662734,-0.04510971309915402,-0.32173338088457404,0.029101732222558446,10__0
22,0,1.725990156568498,0.17927084032727242,0.31658396599318706,0.40731224795224424,-0.04511797428914329,-0.32175331962822035,0.029101330128600222,10__0
23,0,1.7880800937021437,0.17760882644348444,0.31311654011905843,0.4046287041000828,-0.04517957304391236,-0.3219070949650215,0.029098012036322278,10__0
24,0,1.8050414365707095,0.17715695708760734,0.3121656579933351,0.40389507569339084,-0.045196469531630444,-0.321950700600954,0.029097012556577234,10__0
25,0,1.8131871972929057,0.1769410027325882,0.31170718500387995,0.4035424743896927,-0.04520461826798853,-0.32197242910138985,0.029096486743431803,10__0
26,0,1.808446664778406,0.17704819817411233,0.31184650673362824,0.4040373337657701,-0.04519260528521596,-0.32203847257675167,0.02909355786208282,10__0
27,0,1.8439356555378374,0.17624985714103486,0.3107902393780615,0.4003403965733764,-0.04528250689319392,-0.32155072447715377,0.029115147999097417,10__0
28,1,1.8242284094903733,0.17669082197301483,0.3113843210497606,0.4023889436864325,-0.045232601619590834,-0.3218177860983224,0.0291033497864899,10__0
29,1,1.8139026744615627,0.1769270067088088,0.3120229573385559,0.4027686229557126,-0.04526352532006162,-0.32175359602007314,0.029102524249129885,10__0
30,1,1.7702936559510873,0.17789120127159302,0.3133300931272417,0.40737117475023094,-0.04514579035641493,-0.322353424370353,0.029076608062444304,10__0
31,1,1.8042385873603028,0.1765621477074908,0.30810461053745214,0.41329064948375666,-0.04499850882291152,-0.32447596826020475,0.028990034580069844,10__0
32,1,1.8161223240732356,0.17631640290116907,0.3063770269339455,0.41465760900355497,-0.04495742349520565,-0.3254711513234357,0.028968195663701807,10__0
33,1,1.8212085801753908,0.17625508896735498,0.30594191124471337,0.41454849671367017,-0.044957313145326874,-0.32571057181895596,0.028966584388925312,10__0
34,1,1.7837757954633557,0.17624222384054614,0.3080278921013092,0.4182219921544709,-0.045197194095895225,-0.32460901595064406,0.028927173151525064,10__0
35,1,1.7481283958095493,0.17623005285886945,0.31002512546795524,0.42171189441064505,-0.04542424868113717,-0.32355999711783495,0.028890172484724017,10__0
36,1,1.7333242955742372,0.17622503226073227,0.31085908736143564,0.42315769400106756,-0.045517959383077226,-0.32312434633422443,0.028875029961952615,10__0
37,2,1.7162095965143402,0.17621926779483352,0.3118285146509803,0.4248250149715767,-0.04562561284078182,-0.32262069867899645,0.02885778595120214,10__0
38,2,1.6855783992311277,0.17620902280282824,0.3135731650748808,0.42780162224031865,-0.045817048069377836,-0.3217192882010571,0.028827398001251753,10__0
39,2,1.6544186249681931,0.1764553195977032,0.3152143299776387,0.43086303674938387,-0.045719930589354946,-0.3209147312993632,0.028814414765748968,10__0
40,2,1.6236787249783529,-0.07743061209374477,0.34341604633727374,0.4449698765074676,-0.043335312166353265,-0.31041470435168156,0.03061024349283846,10__0
41,2,1.5923342664889948,-0.07509055688021159,0.3448698426059665,0.4479417564384636,-0.043256835751431674,-0.30968379207819324,0.030583004355173936,10__0
42,2,1.580689101859172,-0.07422756023214656,0.3454146820748301,0.44904310000550407,-0.04322769186217652,-0.3094117184250152,0.03057306245994819,10__0
0,0,0.5765719674103206,0.2122919873992172,0.4085825821562097,0.3899778195730138,-0.04792886911258552,-0.30024319926492277,0.029719852092711854,10__1
1,0,0.5853309074138603,0.21329738983177063,0.40929171412423565,0.389943545897272,-0.04791328815655065,-0.300032385211664,0.02970615119053757,10__1
2,0,0.5847165117743501,0.2132583429038306,0.4092231998086171,0.38995032332612123,-0.04791386156836599,-0.30005616803153423,0.029706880586223176,10__1
3,0,0.5980657266527141,0.21433224206379492,0.4106374864404469,0.389831620852121,-0.047898603253310884,-0.2995573654694395,0.029689206355073567,10__1
4,0,0.6086555469479391,0.21518031330217316,0.4118058010683668,0.38972818373951446,-0.047879792217286304,-0.29915815028121917,0.029675847358249862,10__1
5,0,0.5918121147184817,0.21255813088342615,0.4100661205610135,0.38990785375711073,-0.04792094810523027,-0.29975503858343083,0.02970548829948624,10__1
6,0,0.5811339858928996,0.21088478870735908,0.4090052829661138,0.39001081122601566,-0.047947491065530194,-0.3001275787126506,0.02972442553133711,10__1
7,0,0.5826792403291985,0.21109639976597233,0.4091619131385217,0.38999644331584804,-0.04794392058631437,-0.30007276041542447,0.029721890334356793,10__1
8,0,0.6240643741181275,0.21246939977136958,0.4127465768376705,0.38991432728548964,-0.04787738003721092,-0.29860920058223567,0.029680051321022236,10__1
9,0,0.6343411326245553,0.21315325278794264,0.41334024945573805,0.3897715882347946,-0.047875061883527435,-0.29796255268484706,0.02966695241499497,10__1
10,0,0.568923349150753,0.21766336537014164,0.4076623050703347,0.3894364173071713,-0.047948634319178465,-0.29954918730288954,0.029689081763204932,10__1
11,0,0.5404517856453159,0.21982438875057847,0.40459877423167173,0.38942985417807097,-0.047891941199808,-0.30034616909716316,0.029701938394138254,10__1
12,0,0.54038185698837,0.2198296570780307,0.40459071274148645,0.389429947620102,-0.047892011327389884,-0.3003481435340229,0.029701953594048227,10__1
13,0,0.5395334664934773,0.21980385145958245,0.40449019535358294,0.389440745509105,-0.04789343193132688,-0.30037154696833096,0.029702622175484274,10__1
14,0,0.5447459573179092,0.22018326869069108,0.4050141659099927,0.38942258829563753,-0.04788131563445672,-0.3002528885593985,0.029696520229093255,10__1
15,0,0.5373403892255184,0.21846961889754074,0.40439049855299275,0.38945700129530064,-0.04790921762468481,-0.3003757576078891,0.029712847560902162,10__1
16,0,0.5297348804949588,0.21673702257088315,0.40361657550734165,0.3895214342378144,-0.047936529842236446,-0.30051927291880454,0.029729112309100334,10__1
17,0,0.5202338285460645,0.2138717151758104,0.4025971801687891,0.3896350062011166,-0.047975969242311185,-0.3006868225109683,0.02975368002069365,10__1
18,0,0.531358893585463,0.21568453903907792,0.4039864618742718,0.38950815929623206,-0.04794412223531564,-0.30042613222794146,0.029735081527267095,10__1
19,0,0.5287957684731963,0.21500604251085675,0.4036773328281927,0.38954259958729065,-0.04795369023272449,-0.30047803565757164,0.029741018025915517,10__1
20,0,0.5260587646267111,0.21428627736982933,0.4033266558945969,0.38958338484215393,-0.04796369217794148,-0.3005361320258862,0.02974726925465233,10__1
21,0,0.5361514562065721,0.2158658570091061,0.404504655214383,0.38949642844298266,-0.047934702162312194,-0.30030819838711353,0.02973070846434245,10__1
22,0,0.555200169538463,0.2211636966241333,0.40637582324419547,0.3893418950278663,-0.04789998627516166,-0.2999682024979924,0.029681335461173866,10__1
23,0,0.5691878728996821,0.22389072539282315,0.40788107377425864,0.3892379233147146,-0.04788365430211766,-0.2996725774894173,0.029652803458214024,10__1
24,0,0.5658586698775007,0.22247612478104012,0.4076048875045254,0.3892665578010996,-0.04789357469689522,-0.299713225652237,0.02966459738106769,10__1
25,0,0.5651225074051083,0.22213554601946778,0.40754239430918954,0.3892738593685899,-0.047895949125560715,-0.2997216827193853,0.02966737224478399,10__1
26,0,0.5622445588537358,0.22124971371838037,0.40720847219750717,0.38930860665148453,-0.04790136204658554,-0.2997771814898067,0.02967519151879774,10__1
27,0,0.5531310246689909,0.21816880610562892,0.40072413348496844,0.3906826781512072,-0.04787140185658395,-0.30061468237349664,0.029689413676071284,10__1
28,0,0.6674366774735188,0.26849354412152016,0.4095003474423007,0.38995301050382225,-0.04751081326448178,-0.2993494931966268,0.029275095489846727,10__1
29,0,0.7538469317043526,0.3241471360220983,0.41375752256927956,0.3894507455056128,-0.047095390189083076,-0.299133909061732,0.028846782256130615,10__1
30,0,0.8355988200710055,0.3765971661499242,0.4167049026523503,0.3892621992866454,-0.04669380802558907,-0.29905680608407664,0.028441189191310987,10__1
31,0,0.8257088007231812,0.3725908382276821,0.4159867311660807,0.3892953492289837,-0.04672309287794365,-0.29917014505817735,0.02847472315851624,10__1
32,0,0.8167671602992346,0.3690313987682406,0.41498720863020744,0.3894009104150168,-0.046746025069826065,-0.2993171794016563,0.028503788863627023,10__1
33,0,0.8063752380027259,0.36518900315894126,0.4140866037290737,0.3894857104657173,-0.04643954252337419,-0.2995693290973026,0.028558835011725223,10__1
34,0,0.7933575084334835,0.36094649081451335,0.41237633755236225,0.3897553739533184,-0.04555051183739027,-0.30012768266980283,0.028656279728621583,10__1
35,0,0.7805175723171575,0.35797678457902127,0.412429379083144,0.3895723512296105,-0.044792443215611016,-0.30046066291140683,0.02874102407305464,10__1
36,0,0.7627217474823994,0.3650372470003488,0.4164529732996982,0.3883031167773724,-0.04481009395198255,-0.3004449290629719,0.02871887392335178,10__1
37,0,0.7277114490623094,0.38476712199356733,0.4106824370209981,0.3895409557302066,-0.04471735900334277,-0.30188516658405323,0.02826646140929144,10__1
38,0,0.6753240269169793,0.41458408624764514,0.40370260339464115,0.39004861165256766,-0.042903985859403054,-0.30413826824720536,0.027728079576100656,10__1
39,1,0.6386961480294198,0.43527558393952215,0.3977223154232296,0.390983338106112,-0.04287019841203353,-0.30575189187735446,0.027253760865451802,10__1
40,1,0.5954386200935587,0.4601498645925917,0.3896691924288456,0.3921046414249736,-0.04282507709722829,-0.3077417553286882,0.026687344409688337,10__1
41,1,0.5891868447538342,0.46379390714914137,0.38844458433158485,0.39224491602299316,-0.04281807767385575,-0.308069281887184,0.026605204646836838,10__1
42,1,0.5782561790581594,0.4701563863009647,0.38626504873929574,0.39249677859372484,-0.04280554921966249,-0.30864598414024336,0.02646152717096448,10__1
43,1,0.5744414591172419,0.47241111547196485,0.3854558527991301,0.3925390452648737,-0.04280197712444139,-0.30884120676906235,0.02641135122041658,10__1
44,1,0.5985659889433054,0.4582998407045285,0.3903556075597434,0.39201011148076903,-0.04279799276580683,-0.30752774254288856,0.027041630726408725,10__1
45,1,0.6223278278452217,0.44453600304173835,0.39504663131791684,0.39167546948848897,-0.042903405419304624,-0.30624472152402743,0.027332969782116648,10__1
46,1,0.6182962747448151,0.4440258482469953,0.3943931930978212,0.39187013117959507,-0.04293076412072063,-0.30637759326645464,0.027263317400968025,10__1
47,1,0.6166396616654751,0.44407379305502487,0.3941389531846992,0.39190189932938446,-0.04293503981977262,-0.3064323228952346,0.027271542325567378,10__1
48,2,0.6147079777264713,0.44413803502498744,0.3938019330182913,0.3919633763245892,-0.042932475500932675,-0.3065068544408521,0.027281297908409313,10__1
49,2,0.6133340238434533,0.44417062232229565,0.39360513636326516,0.39199659318425195,-0.04293490042641339,-0.30655303666248107,0.027287954613871786,10__1
50,2,0.6118467194643676,0.4442057634599932,0.3933976149381801,0.3920063454409379,-0.04293933358629435,-0.3065964102875688,0.027295359092819816,10__1
51,2,0.6106669101799442,0.4442319629541965,0.3932126339872396,0.3920477910564443,-0.04294294044515831,-0.30663963566782465,0.0273007523509841,10__1
52,2,0.6097709336568629,0.44424643052141255,0.39309280351473924,0.39207414035586347,-0.0429458355211236,-0.30666974565179467,0.027304825402461062,10__1
53,2,0.6095011273985854,0.444251267324306,0.3930530495297498,0.39208278274920844,-0.042946673239050014,-0.3066792574386197,0.02730604406958605,10__1
54,2,0.6088602360187595,0.4442670117375666,0.392935159353697,0.39210832648587923,-0.04294846139277548,-0.3067047821399363,0.027308918006792252,10__1
55,2,0.6111234684317858,0.44439371059805927,0.39331872367097004,0.3920180523886282,-0.04294029202295635,-0.30662302895222365,0.02729792621508549,10__1
56,2,0.613042727793717,0.44449358590922206,0.39369430994655374,0.3919310935129212,-0.042933801524581636,-0.30654751089826543,0.027288667008786772,10__1
0,0,0.6544872323727535,-0.13252968909518947,0.4505184664356631,0.3923558081057377,-0.04802119121645815,-0.29996566083937537,0.029721657256789484,11__0
1,0,1.0593148320198402,-0.14493411115940066,0.42296639365699273,0.3916690456896817,-0.04663083163942385,-0.3074689172171441,0.029561097197770465,11__0
2,0,0.9480303438757365,-0.14145675166565752,0.42667532896331845,0.3987949602287887,-0.04666676904640192,-0.3084619370380949,0.029536411291689796,11__0
3,0,1.1473304558162156,-0.14748276433089963,0.41793392928876455,0.3898548099538421,-0.046300912216027376,-0.3081324969984392,0.02954960078860366,11__0
4,0,1.2380558358666391,-0.15023305711697593,0.412481483301135,0.3890087289055206,-0.04609813102350683,-0.30871838455025263,0.02951471817923607,11__0
5,0,1.2166407539691064,-0.14957417976436804,0.4126718661600039,0.3914916981511559,-0.046088055377454536,-0.3092154798479625,0.029496401056637655,11__0
6,0,1.278764119102892,-0.15146724208965187,0.41064860834817296,0.3873321249079596,-0.046040449331330766,-0.30862498859520743,0.029513916323814053,11__0
7,0,1.2805382374080687,-0.15152118780635687,0.41059059935717523,0.3872133553805467,-0.04603909817195681,-0.30860824185391217,0.02951441085756744,11__0
8,0,1.2747408491132788,-0.1513453140691587,0.4107809607367746,0.3876013969840264,-0.04604348408181841,-0.3086625577784802,0.029512814705573983,11__0
9,0,1.2602000425099802,-0.1509052849819734,0.4112605649264113,0.38857448630852714,-0.046054406119965134,-0.3087976982479602,0.029508864452482,11__0
10,0,1.3722073149384568,-0.15416410934372551,0.40846275571361784,0.37901521812044603,-0.04589419399597965,-0.3072390819146134,0.029571350741273362,11__0
11,0,1.3010603206358886,-0.1520110082726595,0.41019518712572467,0.3851008509538009,-0.045907758912128074,-0.30825782817650443,0.02953758693053822,11__0
12,0,1.3384076109588299,-0.15312264418263177,0.4077690690469045,0.38506753403179916,-0.0458202838506647,-0.30860113594830474,0.02951859452852905,11__0
13,0,1.2912349600169821,-0.15170767579539168,0.40932966094974504,0.38827510290414347,-0.04584972363209464,-0.3090391708568539,0.029506187290431377,11__0
14,0,1.223152477698715,-0.14970787720169454,0.41512919702462303,0.3854896409444993,-0.046081063909730435,-0.3076176098867682,0.029574147723774563,11__0
15,0,1.1933145436019958,-0.1488726016730099,0.41639010853380876,0.3870279775822944,-0.04616282039061614,-0.307735765798861,0.02956888872030479,11__0
16,0,1.2555668725321398,-0.15071522608698507,0.41323006049655153,0.3850399808090051,-0.04607306432854177,-0.3077924740805884,0.029558200465936945,11__0
17,0,1.1913410102607598,-0.14853466978165505,0.416299554522197,0.38888242499767495,-0.04605536256202498,-0.3065306146037336,0.0295524485050136,11__0
18,0,1.2268778907320144,-0.14973637983161817,0.4145948270858255,0.3867560718609582,-0.04606545077070161,-0.3072301697189909,0.02955544785695701,11__0
19,0,1.3331159773524948,-0.15309490268543385,0.4164741826687621,0.3679311452829184,-0.04646471943225385,-0.30324469390250575,0.029702867538863236,11__0
20,0,1.3328318794133232,-0.1530854242015774,0.41649558586355667,0.3679322067899269,-0.04646504875655308,-0.30323442258785044,0.02970302896907279,11__0
21,1,1.3473547609099044,-0.15352065040880117,0.41507688708814805,0.36850648870215547,-0.04638786569572907,-0.3039467930161329,0.02969036373834912,11__0
22,1,1.323641693673371,-0.15272720966482967,0.4162346111906596,0.3699415239869673,-0.04637758550522973,-0.30345538355476914,0.029688859952916462,11__0
23,2,1.3696987737241675,-0.15424802226259016,0.41274930153027484,0.36975679974653963,-0.04633103682150517,-0.3051186553432602,0.029661755922198142,11__0
24,2,1.3607516699876223,-0.1539514510611365,0.41318128265003096,0.37031662397048715,-0.04632652326996757,-0.30493747139371413,0.02966108917405737,11__0
25,2,1.367133217874866,-0.15416191065179977,0.4128717423858047,0.36991735113944163,-0.04632980204522286,-0.3050669902840853,0.029661523485670558,11__0
26,2,1.362282655568599,-0.1621125534789297,0.4133872680522508,0.3703648001128525,-0.046236405662971526,-0.30511136201555944,0.029752521692065458,11__0
27,2,1.3687860831888703,-0.1625913853849606,0.41307799058949685,0.369962684237116,-0.04623688514479196,-0.3052486640769561,0.029755878913837342,11__0
28,2,1.3932933894211474,-0.16425216228548883,0.411099281089705,0.3700547990189714,-0.04610499400501751,-0.3062338491291458,0.029755524278940192,11__0
0,0,0.7917246094636943,-0.13027666634883392,0.4528402495009247,0.38785801215550214,-0.047846175652299525,-0.2981146084988158,0.029608359633627665,11__1
1,0,0.8365251855643039,-0.1267568684702058,0.45752745783426185,0.38617446073186784,-0.04776000484712086,-0.2966112555741674,0.02953597773190498,11__1
2,0,0.8585053787527105,-0.1251406434358402,0.4591129975537904,0.3862912196255327,-0.047720289189855325,-0.29584696830323465,0.029490109108083435,11__1
3,0,0.8882977421556172,-0.12268631506937487,0.4615656399442417,0.3864194732022743,-0.04768097463265619,-0.294769314965496,0.02942358569893259,11__1
4,0,0.8986244533134591,-0.12193479393679235,0.4623451706733885,0.3864824435451995,-0.0476543683836041,-0.2944128540756359,0.029402581812593698,11__1
5,0,0.8063048363626848,-0.12731251333118543,0.4544626152631219,0.38722974382663683,-0.04780439495552767,-0.2996801427910015,0.02956135139780434,11__1
6,0,0.7023734891085222,-0.133361057544771,0.4518734572676192,0.38416916124583866,-0.048406822946123515,-0.3000865799197697,0.029755485473609518,11__1
7,0,0.6975928600024631,-0.13360257011771784,0.45147545352634816,0.38411055973762226,-0.048418978731419364,-0.3001484393186738,0.029764738720258425,11__1
8,0,0.6782684091286838,-0.13387686761657938,0.44973346233865186,0.3839137439758779,-0.04845664416778948,-0.30041007238395473,0.029794974949792087,11__1
9,0,0.6608964031414016,-0.13521541059219372,0.4479521320189291,0.3837779030938731,-0.04850287712237671,-0.300682116883771,0.02983313984450567,11__1
10,0,0.6558879935821577,-0.13545889377202208,0.4475378461812795,0.3838503278959224,-0.04850824099596865,-0.3009981996813501,0.029840766596373646,11__1
11,0,0.590405685866517,-0.13287837783262044,0.4413727671606577,0.3831359493304591,-0.04851540403447493,-0.3022750308830849,0.029913526366965704,11__1
12,0,0.5657355012583776,-0.13313686311982673,0.43888302317352684,0.38290845170574106,-0.0485575483469937,-0.3028166563262888,0.02995109376460355,11__1
13,0,0.5577593672111891,-0.13361677528071284,0.43801155138022857,0.3828183303688448,-0.048576386927524404,-0.30299880750756764,0.029967557801491615,11__1
14,0,0.5549211922296919,-0.1338857927389534,0.43767737012431823,0.3827800818686597,-0.048584367118075886,-0.30306543592571994,0.029974529302519436,11__1
15,0,0.5552126731545864,-0.1338488665020033,0.43771980938188,0.38278218542026055,-0.048583521704563065,-0.3030574343614167,0.029973720959122527,11__1
16,0,0.555407136525422,-0.13382426035905282,0.43774831135341,0.38278356217450754,-0.04858296092503042,-0.3030520816091902,0.029973183291073107,11__1
17,0,0.5547493072935812,-0.13390666669536513,0.43764088028295706,0.3827815670904184,-0.048584706276500494,-0.3030715894130618,0.029974989269672098,11__1
18,0,0.5551568648082849,-0.1338558898298652,0.43771087722652274,0.382781999008118,-0.04858367294730727,-0.30305907976265833,0.029973876157212104,11__1
19,0,0.5732138809597052,-0.13091748879686932,0.44109031340217414,0.3815568566480709,-0.04859537867979517,-0.3002407710930391,0.02993454543464484,11__1
20,0,0.5817965889992393,-0.1303932202851979,0.44171177562553365,0.3812646285725784,-0.048597339749916105,-0.29915429464260535,0.029923813373520215,11__1
21,0,0.5540768229974365,-0.1277677291457845,0.4391493682625844,0.3816127517486124,-0.04856744429585627,-0.30118606480857507,0.029926369428521088,11__1
22,0,0.5363749532958636,-0.12585990139133946,0.435715215622181,0.3830851678508595,-0.04845116854414103,-0.30382529423555904,0.029917236507342012,11__1
23,0,0.5183579308912216,-0.12791164198659785,0.43278126275750134,0.3834942950139327,-0.04842629161124203,-0.3047739109408382,0.02996136729209608,11__1
24,0,0.5052513650756636,-0.1293452610556645,0.4302950054287468,0.38411749747248103,-0.04837716636319259,-0.3055665097239861,0.029991191375191423,11__1
25,0,0.4978948562474658,-0.1303767511981974,0.4291060778023088,0.3842724316920589,-0.04837484144923094,-0.3059521603087588,0.030010696344471167,11__1
26,0,0.4845772631984071,-0.1349809488600611,0.4272943217620804,0.38445963534944744,-0.04840143111426773,-0.3066735446737033,0.030073241315675743,11__1
27,0,0.47502993145918776,-0.13705149226970856,0.4218046003744106,0.38566587446142536,-0.048352878915684884,-0.3077565869599485,0.030105067365860442,11__1
28,0,0.47521832571041356,-0.13700857736548622,0.42182288232399723,0.38566151325466935,-0.048352933967183355,-0.3077411047383243,0.030104449629758775,11__1
29,0,0.4673117578499892,-0.13877714699362342,0.42147928846542154,0.38517537430000376,-0.04839255779354652,-0.3071785185003662,0.03013760555495228,11__1
30,0,0.49038247587364625,-0.13916466542565709,0.42349176008163036,0.3812322444768109,-0.04849418008874265,-0.3071422221780411,0.030159507319040792,11__1
31,0,0.505200872145478,-0.1379226201946817,0.42469249391147373,0.3787157023373887,-0.0485204069178532,-0.3071839857076501,0.03016055308219201,11__1
32,0,0.5208006132257678,-0.1365974580576846,0.42578024728965497,0.3761409359235204,-0.04854512608989285,-0.3072473575638436,0.030161200856651603,11__1
33,0,0.530930698367347,-0.13589009630298562,0.42327818905234754,0.3775922747642807,-0.049035796328925546,-0.3079876897671651,0.030092925545555406,11__1
34,0,0.5653080033712193,-0.1342851438768032,0.40683135835036593,0.3841770107930453,-0.04877583529105751,-0.3117213035266022,0.030005082495737842,11__1
35,0,0.553445216812713,-0.12905890387510138,0.40672460628514245,0.3837148712938296,-0.048726209469136444,-0.3113920921894789,0.02983232717840756,11__1
36,0,0.5374386411776588,-0.12143407463605575,0.40511509350883596,0.38332830212581853,-0.048625367144573224,-0.3110891580180051,0.02938692511753055,11__1
37,0,0.530537413879497,-0.12029953630861201,0.4044543011956784,0.3830708574416472,-0.0486085756594086,-0.31089012716113645,0.029154524790605044,11__1
38,0,0.5333365902990418,-0.12071903671914144,0.404560655598696,0.38317530602085026,-0.04860988749993388,-0.31097826542852375,0.029246018903869964,11__1
39,0,0.524455863282684,-0.1202478041462364,0.4043331053574535,0.3827308573203099,-0.04860465083163655,-0.3106554415348941,0.028943320214683443,11__1
40,0,0.5287650015199584,-0.12050574204523473,0.4047442374475394,0.3829445121085846,-0.048595464556076266,-0.31080324915436075,0.02909617033476897,11__1
41,1,0.5502682093448513,-0.12153087039975202,0.4051073676979452,0.38438069361194677,-0.0485292703351687,-0.31169469218749823,0.029828213282279914,11__1
42,1,0.5550154265505249,-0.12174456445897315,0.4051188028737618,0.38478330145805895,-0.04851216327820399,-0.31191423612819263,0.02998854892966956,11__1
43,1,0.5681571876467267,-0.128351221261912,0.4060473496721486,0.38537384128005825,-0.048564130608628076,-0.3122293759226425,0.030333714674090916,11__1
44,1,0.5923244132870518,-0.14043924428675603,0.40774499604265524,0.3864600404516374,-0.04868969308344169,-0.31279516179496347,0.030964320615584285,11__1
45,1,0.6007268380912303,-0.13997852828598933,0.40784747816160033,0.3871083628187937,-0.04865250465582921,-0.3131478407207546,0.031260011657536176,11__1
46,1,0.607967839817757,-0.13820192356091024,0.40768758903777985,0.3880043347685136,-0.048636936324847495,-0.3135709477771695,0.031140815684694862,11__1
47,1,0.6144521021999396,-0.1363771035151572,0.40793369529086243,0.38853151244349066,-0.04860207337388707,-0.3138600332297086,0.031403965660869664,11__1
48,1,0.616091133797576,-0.13606078404237484,0.4081601729651197,0.38863347474467086,-0.04874742321061734,-0.31386580516904095,0.03145953528472739,11__1
49,1,0.6089894531346474,-0.13767751597439806,0.4088822750089141,0.3876813565369199,-0.048182749817202115,-0.313612554669495,0.03162510832582804,11__1
50,2,0.6118338046880629,-0.13703880795936577,0.4089926031906097,0.38798150798684744,-0.04842820667874601,-0.31367217747745435,0.031555335360258945,11__1
51,2,0.6147278883919081,-0.13639545881826057,0.40907555412690155,0.3882664644199497,-0.048672382932579805,-0.3137402288862536,0.031486140676250246,11__1
52,2,0.6228675151459397,-0.1359302846007895,0.40879353374584837,0.3890902525591618,-0.049270852622819286,-0.31396039872057074,0.03132531583854547,11__1
53,2,0.6305381541390412,-0.13352557917815724,0.4079810918722586,0.3901194196979448,-0.04916097701495005,-0.31449691293101656,0.031191922750850646,11__1
54,2,0.6374951343073129,-0.13133434320015155,0.4072481062854518,0.39119904031434777,-0.049060748597346146,-0.3150156621689598,0.03106852884614163,11__1
55,2,0.646249054044636,-0.12861997645238554,0.40550416223004265,0.3927041348635733,-0.048928236380648325,-0.31573135734387603,0.030921434952949883,11__1
56,2,0.6542590657088825,-0.12614778338848004,0.4041730803379946,0.39402421658388603,-0.04881057673559515,-0.31635812106813727,0.03078639380391665,11__1
57,2,0.6621772341594137,-0.12372425676147297,0.40277482997803127,0.3953375275960783,-0.048694598904652574,-0.3169790154381575,0.030655101581003458,11__1
58,2,0.6682775504677382,-0.1218526864089728,0.4024883180807581,0.3961944412046474,-0.048613597134347875,-0.31738565973432753,0.03054928005094196,11__1
0,0,1.0240754258571223,-0.07080920848988627,0.3762302563242615,0.3859970699863161,-0.04781640509206408,-0.30146565252150115,0.029746268947179633,12__0
1,0,0.9256442516601882,-0.06852759613628913,0.3825599686930583,0.3898827916804064,-0.048048208383225544,-0.3006852420528919,0.029704110929743337,12__0
2,0,1.047532667602616,-0.07154447220112711,0.3748200426756406,0.38502779394065145,-0.047950328067620125,-0.30157431534444584,0.029743848685610936,12__0
3,0,1.0504352423432213,-0.07161621199724175,0.3746355637856014,0.38491210655241526,-0.04794800550281397,-0.3015955489172265,0.029744788467887563,12__0
4,0,1.1027103774550935,-0.07290623596601076,0.37130987666387527,0.38282714506572074,-0.04790633895152089,-0.30197917423261605,0.029761586276580695,12__0
5,0,1.1686641320118227,-0.07458187582496778,0.36716397831263153,0.3801584012416054,-0.0479003444527067,-0.3024008983383177,0.029779945374363535,12__0
6,0,1.2007896767009223,-0.07539414317990112,0.36512659506137213,0.37887147881343053,-0.047896839082574645,-0.3026308886489097,0.02978868238739021,12__0
7,0,1.1815845271718823,-0.07490949587177777,0.3663460619391104,0.3796414733876166,-0.047898850369300285,-0.30249283680398653,0.029783515769165027,12__0
8,0,1.3223800051891106,-0.07845519098131527,0.3573943934748106,0.3739914562462698,-0.04788476236787683,-0.3035092791473293,0.029820952439852392,12__0
9,0,1.3195242181912186,-0.07838343002156781,0.3575762113037417,0.3741061660768266,-0.04788503400592369,-0.3034885686325221,0.029820202564684702,12__0
10,0,1.3259074313002732,-0.07854345836898467,0.3571692273567337,0.37384951074010075,-0.04788446012500674,-0.30353508163443954,0.0298218563618823,12__0
11,0,1.3410068227101457,-0.07892108082901247,0.3562050519657894,0.373241755720703,-0.04788318540425504,-0.3036456575658294,0.029825712890136132,12__0
12,0,1.3345698478560226,-0.07876050991257386,0.3566167396892501,0.3735011322999989,-0.04788369182457003,-0.3035982723877443,0.02982409363331715,12__0
13,0,1.389828140837052,-0.08013523356744903,0.3530767389796163,0.37127193985942236,-0.0478796765826655,-0.30400725820846747,0.02983777148905773,12__0
14,0,1.4369171785393833,-0.08130343321027997,0.3500548731884838,0.3693700209131562,-0.047876550147416284,-0.30435774228996243,0.02984922932538386,12__0
15,0,1.4786225399832347,-0.08233504237055518,0.34737369419101216,0.3676834417716243,-0.04787405323518288,-0.3046699637120521,0.02985919477651227,12__0
16,0,1.4043745270505401,-0.08050407242372154,0.3521558727497808,0.3706899505194706,-0.04787799547387737,-0.3041107734881117,0.029841790536149472,12__0
17,0,1.6438807605129857,-0.08639160909740734,0.33670003170975954,0.3609786587345207,-0.04786696049588673,-0.3059257625680095,0.029896804916475783,12__0
18,0,1.8658132914147916,-0.0918291915832666,0.32234980236875715,0.3519674506599071,-0.04785834743594477,-0.3076182913330881,0.029946701718893878,12__0
19,0,1.8709973095791403,-0.09195577228216542,0.3220139155451689,0.3517566609863959,-0.04785818514377649,-0.3076580848040994,0.029947841157103132,12__0
20,0,1.867709591825721,-0.091875777820748,0.3222273848336523,0.35189054125151215,-0.047858262631497867,-0.30763267863198596,0.029947135577511268,12__0
21,0,1.8842149536719692,-0.09227591005916189,0.3211533818012636,0.35121740292920267,-0.04785800512186063,-0.30776109938372975,0.029950589640184818,12__0
22,0,1.9040526621130915,-0.09275501664674386,0.3198596745725972,0.3504071034618913,-0.04785785814549812,-0.30791652765648625,0.02995463209711061,12__0
23,0,1.9288165322253832,-0.09340495273971731,0.3185832103427486,0.3490880054470212,-0.04787350660890876,-0.3075846851453864,0.02996213119195654,12__0
24,1,2.023281278900266,-0.09501887035274055,0.312795717805851,0.34628917502426965,-0.0478777330435985,-0.3069515133325303,0.02996518728617558,12__0
25,1,1.9940974233864968,-0.09433420288356305,0.3143476609486306,0.3478501411617031,-0.04794400143176506,-0.3073079466443676,0.02995121439076868,12__0
26,1,1.988856805017233,-0.0942618727707882,0.3146801243630746,0.3479992130272917,-0.047959060131389286,-0.30733490312348805,0.029950212259417637,12__0
27,1,2.009666576558353,-0.09481523130363345,0.3136048378904963,0.346856358483044,-0.04797740680451355,-0.30705580664818527,0.029956110511883783,12__0
28,1,2.0204835071126,-0.09456724719803959,0.3124165609683141,0.3477009211612233,-0.047948925644210966,-0.30741292707046414,0.029943283588226344,12__0
29,1,1.9929883309843497,-0.09399586311217989,0.31409924295707203,0.34909885153191095,-0.04809606098271348,-0.3074201442774588,0.02992626943771609,12__0
30,1,1.966881803371573,-0.09345585122832743,0.31570205704311655,0.35042700040387337,-0.04823521337766216,-0.30742461836705703,0.02991034069087229,12__0
31,2,1.940133585928435,-0.09290519030519312,0.3173496076770181,0.35178865184912944,-0.0483772101184322,-0.30742671982915165,0.0298942564064883,12__0
32,2,1.9174798845148269,-0.09244108465242053,0.3187495605940516,0.3529426056858088,-0.04849697403353126,-0.30742635955691466,0.029880837668076622,12__0
33,2,1.9289854657491265,-0.09274894867883447,0.3180753232447808,0.35234120913366773,-0.048512668295403655,-0.30739785918366774,0.02988296061997848,12__0
34,2,1.9364271296228257,-0.09294706478035049,0.317637546854767,0.3519520318685114,-0.04852284911500492,-0.30738024824967447,0.029884279764387536,12__0
35,2,1.9435384297042957,-0.09313540916175694,0.317217566864741,0.35157993603323284,-0.04853260705063773,-0.3073642174757539,0.029885487993252344,12__0
36,2,1.9718745199258547,-0.09388194829150218,0.31553746727481036,0.3500964708527086,-0.04857160665800925,-0.30730356823367255,0.029890090692348874,12__0
37,2,1.94958664177316,-0.18076593405552366,0.33706754774451775,0.34322071447349334,-0.047812661503583,-0.30659631664776577,0.031057726637739452,12__0
38,2,1.9687935854800123,-0.18216805101382713,0.3361278555335129,0.34213119439419504,-0.047831752948942145,-0.3065518920697067,0.031072625596948355,12__0
39,2,1.9884440134186545,-0.18351062118812392,0.3351178287301628,0.3410327341918268,-0.047770426998824715,-0.3065401023621418,0.03109236451489994,12__0
0,0,0.9556288560860173,-0.06585041097550856,0.38449357181778526,0.38985591200344755,-0.04788371406868729,-0.29948286324824913,0.02967353934088817,12__1
1,0,0.9474232036533476,-0.06696014121587839,0.3839823504038654,0.38959755246247313,-0.04789973248338048,-0.29975780339213864,0.02969115167686813,12__1
2,0,0.9620381863791169,-0.06575371310098051,0.385218944964968,0.3894402879301283,-0.047870187836530104,-0.29944238674474954,0.029674303695555168,12__1
3,0,0.9752348280513693,-0.06460240566546924,0.38622926603841234,0.38935809557886714,-0.04784154985960111,-0.2991817766522987,0.029657997820510797,12__1
4,0,0.9842997680315794,-0.0638342993768538,0.3869585974986047,0.3892799092910919,-0.04782751901912139,-0.29899299073004043,0.029646838022918176,12__1
5,0,0.9916385918890331,-0.06321338655243688,0.3875554624005903,0.3892156985265142,-0.0478152085930414,-0.2988398912767409,0.029637915626298923,12__1
6,0,0.9883994386571189,-0.06371682471958136,0.3874710477733496,0.38919632144196203,-0.04783127931487949,-0.29888211731394504,0.029644252642832197,12__1
7,0,0.9994659757119683,-0.06277492943566,0.3882636338589208,0.3891196737043916,-0.047819571457392414,-0.29866558800010445,0.02963009077095967,12__1
8,0,1.0092091488881596,-0.06193955605094652,0.3889611541969368,0.3890532479115192,-0.04780425124707338,-0.2984771947016296,0.02961796131662215,12__1
9,0,1.018825120428124,-0.06106201878942895,0.38953063773343855,0.3890126248105046,-0.04779470800451233,-0.2983061337117793,0.029604726481418923,12__1
10,0,1.024456748453513,-0.06061606572473355,0.3900195403707647,0.3889570602257181,-0.04778644002204065,-0.29818591898430113,0.029598309025945506,12__1
11,0,1.0276028411141027,-0.06038419462163584,0.3903207088951176,0.3889198094489044,-0.04778908618711155,-0.2981126355222228,0.02959443854353665,12__1
12,0,1.0342416493508146,-0.05989460943564518,0.3909795253545642,0.388837925635634,-0.04778251218375952,-0.29795941839443685,0.029587264488811545,12__1
13,0,1.0267728192296521,-0.06109832224842447,0.390472266766918,0.38884425933479516,-0.047800719267628994,-0.2981071241946114,0.029603218156106687,12__1
14,0,1.0130109302887662,-0.06290085990418662,0.38962498482559965,0.3894393219912387,-0.0478016566947085,-0.2993844102155749,0.0296238910810502,12__1
15,0,0.9465942163849694,-0.05220383584913565,0.3800364921990297,0.39153317930420634,-0.04773899231668036,-0.30201515371129367,0.02950134327761163,12__1
16,0,0.9145168837396801,-0.046702122656192946,0.3747450028175433,0.3926829126809819,-0.04764017320608627,-0.3033963872175226,0.02944207056710137,12__1
17,0,0.9052992376439947,-0.04518810953627585,0.3733181889400206,0.39299078795994,-0.04763301490683776,-0.3037726006916419,0.029424412229490708,12__1
18,0,0.8977614249375941,-0.04388535933581525,0.3720024507187452,0.39327224130597116,-0.04762859016526632,-0.304099452197319,0.02940880780029612,12__1
19,0,0.9080517720591202,-0.04356972526891547,0.37330914775353186,0.39312260030656476,-0.047620408516436445,-0.3036667282481381,0.02940371930483499,12__1
20,0,0.9087072234277579,-0.04354859654533203,0.37339087135643534,0.39311345933441644,-0.04761986964270332,-0.30363947122489104,0.02940338367106532,12__1
21,0,0.909147439772533,-0.043535011765280816,0.3734476253147767,0.3931069938220331,-0.04761952487170478,-0.3036209664013174,0.02940316923562684,12__1
22,0,0.908642865898667,-0.043546809586733105,0.3733753999644139,0.3931159069710014,-0.047618671105135825,-0.3036434922875287,0.02940344783643786,12__1
23,0,0.912832713640852,-0.04318521164609645,0.3739086734535833,0.39311055836669256,-0.04762670663192083,-0.30346741828303164,0.0293973144026159,12__1
24,0,0.9089342573368042,-0.043525716176696996,0.37341220001264336,0.39311491662877623,-0.047623131657710725,-0.30362936873454227,0.029402756770627637,12__1
25,0,0.9060498350752331,-0.04381537148439168,0.3731292904350437,0.39310098056547094,-0.047621401463602775,-0.30373686322226984,0.029407303836513965,12__1
26,0,0.9053967971734097,-0.043874040676243606,0.373056746655134,0.3930999236556865,-0.04761618669025804,-0.30376380863038854,0.029408587256966656,12__1
27,0,0.894612685120393,-0.045188373712228044,0.36665148510721857,0.3939191291129372,-0.04755934533901605,-0.30498141332173834,0.029424007532728235,12__1
28,0,0.9005116447974996,-0.044166204371070536,0.3669165243932406,0.3940328579861285,-0.047586950703178144,-0.3047906784691998,0.029407126236349272,12__1
29,0,0.9138163534023486,-0.04406849622962842,0.3681039314959893,0.3938898347296564,-0.04759890216468651,-0.30432576590960564,0.02940279227138171,12__1
30,0,0.9250674229187829,-0.044089676486840916,0.36915853927937736,0.39374920069093716,-0.04774622116305899,-0.3038835036685056,0.02939045553159136,12__1
31,0,0.9227727512893567,-0.04492289996068914,0.36914280909068087,0.39368371636399413,-0.04775218911080243,-0.3039564568573171,0.029401125975028766,12__1
32,0,0.9212395219157835,-0.04547162911476144,0.36912700179569224,0.39364142720756495,-0.04775127101215256,-0.30400703655774747,0.029408490792221884,12__1
33,0,0.9202171084275238,-0.045844141951538964,0.36913054827386055,0.3936100954351662,-0.04775411729964801,-0.30403743289002366,0.02941324298344917,12__1
34,0,0.9269618554057313,-0.044618522005161684,0.36926670684860996,0.39370402592218134,-0.04774527832590346,-0.3038478709319557,0.029396867264224934,12__1
35,0,0.9336014816861253,-0.0433821507095083,0.36933058772581245,0.39381139061281595,-0.04773586799714228,-0.30367248639141986,0.029380363081991066,12__1
36,0,0.9397467915896153,-0.0422639611401917,0.3694535534700715,0.3938987173406976,-0.047727780386282836,-0.30350265571481266,0.029365519538481415,12__1
37,0,0.9384610342584312,-0.042750261708126375,0.3694657396614063,0.39385611015644034,-0.047731542676115034,-0.3035388657704432,0.029371661513875363,12__1
38,0,0.9443266894549723,-0.04189245574517995,0.36992347879879867,0.39386593146450316,-0.04778447414270036,-0.3033150286299425,0.029356361791686728,12__1
39,0,0.9569822552285135,-0.042327707343224046,0.3712020244586201,0.39368291731354965,-0.04780134929614942,-0.302889789389515,0.029359277842052854,12__1
40,0,0.968958407138782,-0.04277348171062839,0.3725304925345364,0.3934890653961485,-0.04780885270591581,-0.30247632368170096,0.029363322266133363,12__1
41,1,0.9680412260065,-0.04313212032577329,0.3725080053654803,0.39346266694534043,-0.04781170299212435,-0.3025059867191203,0.029367742934605003,12__1
42,1,0.9786180686844675,-0.04368056762831967,0.3737411202768344,0.39326854207086087,-0.04794367860741532,-0.30209911470581824,0.029364449985202986,12__1
43,1,0.978221764253839,-0.04383915406840255,0.373731250614985,0.3932567896235697,-0.04794508363270717,-0.3021117662110559,0.02936638258836338,12__1
44,1,0.9779537351714833,-0.043946813847631584,0.3737274790662547,0.39324828335016365,-0.04794605388439504,-0.30211982736861787,0.029367694853955805,12__1
45,1,0.983871521216009,-0.04297646229727662,0.37408232152180876,0.39329161641750215,-0.04793707616788789,-0.3019378370029259,0.029355625709642584,12__1
46,1,0.989600901260229,-0.04203151064617616,0.3744143384261524,0.39333667943078005,-0.047928293249151994,-0.30176462276792854,0.02934390804227369,12__1
47,1,0.9891020849224269,-0.042234566628241994,0.37440668464401766,0.39332055572398944,-0.047930105380321934,-0.3017793470579704,0.02934636336367811,12__1
48,1,0.9883011787328402,-0.04252428454524717,0.37435809254284963,0.3933035742729607,-0.047923575118098576,-0.3018101294448712,0.029350456522458084,12__1
49,1,0.9853525034189154,-0.04370081590978295,0.3742766058126446,0.3932151769714109,-0.0479346312195159,-0.30189988731362716,0.029364519886370483,12__1
50,2,0.9826612145391296,-0.0447866074597341,0.37425668935116907,0.3931241237195453,-0.047945129560638886,-0.30197338550370584,0.029377533505354225,12__1
51,2,0.985642459240508,-0.0443260850450112,0.3743838066001023,0.3931550454014909,-0.047939917823632855,-0.30189452273656453,0.02937190735288114,12__1
52,2,0.9885975328161676,-0.04386148401870785,0.3744924128849333,0.393189569394054,-0.04793460047750552,-0.3018193998102156,0.029366236663896723,12__1
53,2,0.9914635646020267,-0.043409863757174406,0.3745973785998528,0.3932235574721337,-0.047929452757317074,-0.30174726321706136,0.029360746964526247,12__1
54,2,0.9893704498925933,-0.04484153729097694,0.3747235896178923,0.39308609137918077,-0.04794293779455552,-0.30179454968960967,0.029377744467719076,12__1
55,2,0.9873316536144205,-0.04565860259927972,0.3746823282390678,0.39302045398024593,-0.0479505865214357,-0.3018508920598587,0.029387383793291515,12__1
56,2,0.9852174096583958,-0.04648519339157767,0.3745930200245275,0.39296130868066004,-0.04795804784427679,-0.301914908024017,0.029397052940212616,12__1
57,2,0.9832933141639512,-0.04724499847538854,0.3745487948752969,0.3929005116045371,-0.047965109299090355,-0.3019674620903713,0.029405966550358553,12__1
58,2,0.9834386713299255,-0.04717542112948673,0.37451453676711743,0.392912232180961,-0.047964248803722964,-0.30196863428039084,0.02940510358326393,12__1
0,0,1.0994393153218676,-0.00859633682158688,0.39791694674742856,0.38036812517612745,-0.04799125453706795,-0.30084787599292806,0.02986205324797346,1__0
1,0,1.2711540870605482,-0.012598131886228613,0.38995763963530533,0.3721347900151296,-0.04805465483955331,-0.30151568297402304,0.029992074715638625,1__0
2,0,1.4210345701308371,-0.016086370009950772,0.3829979049003655,0.36494547533598853,-0.04811039588392904,-0.3021023031271452,0.03010516577875646,1__0
3,0,1.6140411328940474,-0.020356257135981923,0.37393481599881956,0.35572187048840287,-0.04798845261374038,-0.3029450795029185,0.03026277776064201,1__0
4,0,1.7335768651538046,-0.02305741138446369,0.3683330970228823,0.34999559709451145,-0.047968437942385526,-0.3034473443487404,0.030356431448144643,1__0
5,0,1.8543141194805972,-0.02578076893036508,0.3626616575151475,0.34420863217492403,-0.04794857306788187,-0.3039586267741273,0.030450590108358527,1__0
6,0,1.9549568907195214,-0.028046408196176337,0.35792201601203216,0.3393819721912723,-0.04793233113383127,-0.3043883982389871,0.030528683900744293,1__0
7,0,2.120995220140318,-0.03162350923291288,0.35002234468171955,0.33144132978285246,-0.04776691654801546,-0.305161989605966,0.030665728201942508,1__0
8,0,2.135837666170545,-0.031957184994033924,0.34931977330771546,0.330728400958954,-0.047765548568459895,-0.3052261610119939,0.03067705678584794,1__0
9,0,2.210195677081487,-0.03362478764303285,0.34578905417615535,0.3271541973084683,-0.047758970696002066,-0.305550894926828,0.030733455243516915,1__0
10,0,2.309364083314045,-0.036433375200323505,0.3510945403628724,0.30326021680145776,-0.04787700240744592,-0.300737565535286,0.031045122944304355,1__0
11,0,2.3199328577421943,-0.03666512439304959,0.3505210641980836,0.30288152829497184,-0.04787529273564221,-0.300820456129893,0.0310514165084037,1__0
12,0,2.329266374016022,-0.036869197290263805,0.3500131656642151,0.30254639037687014,-0.047873825858373534,-0.3008940483454732,0.03105692593092223,1__0
13,0,2.3377058970326225,-0.03705316428088524,0.34955254154485527,0.3022426801810337,-0.04787254021642606,-0.30096096108680953,0.03106186161124312,1__0
14,0,2.261195849778066,-0.03552361171108517,0.35379259787222583,0.30497872901163803,-0.048006888040113785,-0.3003002209112365,0.03100980373207131,1__0
15,0,2.193271910168915,-0.03500427270914568,0.36465664673943443,0.2940649275766304,-0.04860933044448641,-0.29592276011306967,0.031102676658905676,1__0
16,0,2.14129552234741,-0.03384427323412698,0.36726740341691616,0.29642197227441835,-0.04859118959658168,-0.29564036600463345,0.031068821293695773,1__0
17,0,2.2111918635702175,-0.03539857492849321,0.3637419219161103,0.29324803022800267,-0.048615859082434494,-0.2960243853362593,0.031113879367685296,1__0
18,0,2.230443079564199,-0.03578226594219383,0.36231947356295763,0.2932233769969216,-0.04860137229698455,-0.29636860611809196,0.031116729260028758,1__0
19,0,2.2107685045788616,-0.03535862202395254,0.36376316801709657,0.29325801731076956,-0.04858511259095194,-0.2960290197167826,0.031115847402502252,1__0
20,0,2.246374711506048,-0.03612223914523298,0.3611454676316938,0.2931884349028204,-0.04861468507723455,-0.29664431279636255,0.031117264166248014,1__0
21,0,2.2353092688768084,-0.03588591245636332,0.36196056721541575,0.2932122659610472,-0.048605447886310875,-0.29645286455861575,0.03111688124848968,1__0
22,0,2.275090939489066,-0.03654993049091324,0.35712882709614324,0.2967391479831018,-0.048546965604184054,-0.29814760787661404,0.03107815353134233,1__0
23,0,2.294170377295916,-0.03681537391393373,0.35427476633974814,0.2994494444728326,-0.048493001022204184,-0.2992440743749811,0.031048240729210683,1__0
24,0,2.2235936345294123,-0.035837888231123174,0.36481906240280415,0.28947360839596037,-0.0486916004746867,-0.29519928896943926,0.03115877749198974,1__0
25,0,2.3172008576585017,-0.037865842137269685,0.3585376469225315,0.28790789906740255,-0.04880404709911425,-0.2964710036818954,0.031174068683797074,1__0
26,0,2.3314387425619323,-0.03817280961001671,0.3575794082883206,0.28766746287803385,-0.0488211951755479,-0.2966650356243514,0.03117630012907685,1__0
27,0,2.318414915833343,-0.03792442080174111,0.35878184687788567,0.2872686855222008,-0.04882127078022998,-0.2963154659013845,0.031181150220354555,1__0
28,0,2.3139241740747925,-0.037828236037916504,0.35908242542821484,0.28735272510721716,-0.04881566215362765,-0.29625572956205365,0.03118043435525954,1__0
29,0,2.316515592885212,-0.03788345057032555,0.3589084169946533,0.2873038061196979,-0.04881890680123351,-0.2962903229870032,0.031180828935570913,1__0
30,0,2.347181327665252,-0.03853334228212328,0.3568425568883683,0.2867198153355907,-0.04885740078395373,-0.29670115905266964,0.03118527493516094,1__0
31,0,2.3375459273984722,-0.03835554527677981,0.35775755284798383,0.2863962443522735,-0.0488582565769999,-0.29643165651657255,0.031189499171474858,1__0
32,0,2.2969601898109655,-0.03761081348025573,0.3616146316738272,0.2850499750150928,-0.04886151634837889,-0.2952977481609862,0.031207466811891873,1__0
33,0,2.2631812126404265,-0.036994515594570745,0.36482734882946594,0.2839435870576625,-0.048863937575680076,-0.2943550909331876,0.03122256869771045,1__0
34,0,2.246919072365721,-0.03669953994787673,0.3663752730219614,0.2834178326889673,-0.04886496052441675,-0.29390179748723383,0.03122991136343684,1__0
35,0,2.3844603067585846,-0.04005795003245097,0.36243996068782175,0.27004767725692513,-0.04931186009036858,-0.29286647185345155,0.031360081231766236,1__0
36,1,2.3601784989143937,-0.03973597309019805,0.36483856701043066,0.2691840612141814,-0.04942119452182827,-0.29212766239640253,0.03136577771542565,1__0
37,1,2.3465458722802706,-0.039517337469455405,0.36525974704107084,0.27053320974141376,-0.04948548185960728,-0.2921960020254399,0.03134614254332901,1__0
38,1,2.3335086251251727,-0.03930958241436727,0.3656689478685297,0.2718203844307577,-0.0495466111047268,-0.2922590860189864,0.03132758500381167,1__0
39,1,2.288061228627075,-0.03859005679029644,0.3671180491291243,0.2762966585025404,-0.04975846863466652,-0.2924709793047787,0.03126367088748903,1__0
40,2,2.2519405869298783,-0.03802197331632662,0.36828797079165665,0.2798456450770313,-0.049925853941928194,-0.2926329423611467,0.0312134979468069,1__0
41,2,2.2187354531558734,-0.037503256983973055,0.3693803832867383,0.2831001206624908,-0.05007880412774628,-0.29277584175819255,0.031167955360018075,1__0
42,2,2.2102515466140624,-0.037293980265789575,0.36963519407152784,0.28394066713305066,-0.05004111513445247,-0.29283970879851917,0.03116102421773794,1__0
43,2,2.20283708265976,-0.03711235331069046,0.36986190307658523,0.284673361497266,-0.050008284213912894,-0.2928939886920869,0.03115507106714583,1__0
44,2,2.1804659105424222,-0.03656820735005814,0.37055817368127353,0.2868782964129536,-0.04990955198385127,-0.29305308555675447,0.031137426566468458,1__0
45,2,2.1868041130558606,-0.036721270340547,0.3703574094753963,0.28625524444672873,-0.04993743155282692,-0.293009347100987,0.031142334864383576,1__0
46,2,2.160980066449274,-0.18757236740418487,0.3914615455963294,0.29082598669013493,-0.04844789026142752,-0.2901833601992144,0.0326320967466101,1__0
47,2,2.1663821369840375,-0.18798623093298406,0.39132262443959426,0.29030162604220566,-0.048468899932279166,-0.29014272442283634,0.03263896760074197,1__0
48,2,2.1620998808734413,-0.1876862491927728,0.3914443327682902,0.2907128516565651,-0.04847568902444858,-0.2901652101985342,0.032632246348060966,1__0
0,0,0.9106593700241989,-0.0030067287636413795,0.4082155225130514,0.3898483473239618,-0.04790385892962423,-0.2997202253324947,0.029694838193862098,1__1
1,0,0.9346849524974336,-0.0008419736708080898,0.41051825912960854,0.38957126778910484,-0.047874788800506156,-0.2989504978799632,0.029660542387894468,1__1
2,0,0.9212119711531036,-0.0023493222804670507,0.40915674644827427,0.38969815535552726,-0.04789666612110509,-0.29935332946418647,0.029683024005394097,1__1
3,0,0.9090718424318925,-0.003696116701973681,0.4078851435361455,0.3898230183853352,-0.047916044580985355,-0.29972152495647375,0.02970316552393583,1__1
4,0,0.8998446114200667,-0.0049253883886335986,0.4069238690048326,0.38991817879885904,-0.047938647120265306,-0.2999971141419192,0.029719965343664126,1__1
5,0,0.8921156610157189,-0.005956415251877055,0.40612131077681707,0.3899964961457095,-0.047957607499367005,-0.3002275479890306,0.029734034932344073,1__1
6,0,0.887768764813185,-0.00653617700823415,0.4056682091097989,0.390040545631948,-0.04796826220711763,-0.30035729676645606,0.02974193842767556,1__1
7,0,0.8825980304068526,-0.007073257381595611,0.4050838451290683,0.39010186564178534,-0.047979088447246014,-0.30051797470748587,0.029749908075281353,1__1
8,0,0.8782075937980421,-0.007658576747539856,0.4045907145153709,0.390154524482869,-0.047989678516773965,-0.30065304005880755,0.029757875730528283,1__1
9,0,0.8756709593440286,-0.008005443750897491,0.4043415406378001,0.3901757065664296,-0.047994605466406215,-0.3007273344427553,0.02976265565866889,1__1
10,0,0.8739272826216109,-0.008246071635777149,0.40417348267477365,0.39018911029898035,-0.04799909567984002,-0.3007776020890144,0.029765877254251474,1__1
11,0,0.8718701559186921,-0.00845595866344253,0.4039655782181585,0.39020606516275297,-0.0480035565873067,-0.3008385365432128,0.029768984006851438,1__1
12,0,0.8728462791625629,-0.008320541130173036,0.4040649538717077,0.3901974651719905,-0.048001060441875215,-0.30080981929320305,0.02976717843030935,1__1
13,0,0.8930904102901588,-0.005737809353803708,0.40371433231463844,0.3902521503815386,-0.04796150983137954,-0.2997446534546098,0.029735336704535723,1__1
14,0,0.858531319411779,-0.0019372672458440208,0.3981199906759211,0.3916708961903103,-0.047913180578937564,-0.3022321312921513,0.029713548661515113,1__1
15,0,0.8372764232992294,-0.0007625837131608566,0.3951319397030451,0.39200122254393044,-0.04792338773243657,-0.3027745378831879,0.02971395556929592,1__1
16,0,0.8397796255204703,-0.0008389196301368921,0.39549028597788083,0.39196341697608555,-0.047921464352967756,-0.302711610330228,0.02971329565608479,1__1
17,0,0.8313914561885659,-0.0018785484699278506,0.3944949020008346,0.392052017648682,-0.04794763449399977,-0.3028784715635797,0.029727093879377352,1__1
18,0,0.8217777608365519,-0.003537476143109058,0.3933349150239453,0.3921631725745404,-0.04797682535039561,-0.30306694734256767,0.02974761961431891,1__1
19,0,0.8121800093864735,-0.00516783875036581,0.3920693054373434,0.39225243722430914,-0.04800635206713394,-0.3032565054148767,0.02976843527955193,1__1
20,0,0.8153037773632399,-0.0048570056177333265,0.39251045990047184,0.3922135172954867,-0.04799938138660831,-0.303186918118322,0.029763765682366456,1__1
21,0,0.8214437686779164,-0.004427333856210311,0.3934354444036944,0.39212421523926216,-0.04799735751389949,-0.30303755238954866,0.029755588269889978,1__1
22,0,0.816765500460007,-0.005359503910864368,0.3927709858806592,0.3921870564732263,-0.04800497471680736,-0.30313780937526463,0.02976741759559305,1__1
23,0,0.8063267405137591,-0.007490942680995179,0.3915015239233289,0.39227185034809475,-0.04802359678213785,-0.30333718009537625,0.029794191184105576,1__1
24,0,0.7967305603786881,-0.00946426084550776,0.39039493170937334,0.3923326548707627,-0.04804118117456081,-0.3035136319305814,0.029818867780180135,1__1
25,0,0.9045647377423134,0.027699971987931,0.40238980463553936,0.39182870653045476,-0.04815079339102512,-0.3016974197272616,0.02936747115223915,1__1
26,0,0.9895224592825078,0.05070252705087781,0.4430411656900031,0.38375299037774135,-0.04808177155146252,-0.29686205235023055,0.029091572726710573,1__1
27,0,1.0854651408205944,0.08454256246217928,0.4517150768224055,0.38355218391304735,-0.04774241973192819,-0.2957272406145117,0.028719825306509548,1__1
28,0,1.0751944412866936,0.0821786868915904,0.4506440805067729,0.38359465090528266,-0.04776573070410637,-0.2958846586165305,0.028747981822035397,1__1
29,0,1.1634232081408526,0.11356108876112858,0.45844675923448874,0.38349858300021966,-0.047450235216721766,-0.2948612709615583,0.028405122861528093,1__1
30,0,1.151109893292087,0.11078247949312499,0.45714151145308807,0.3835775192079345,-0.047476237950437844,-0.29506061508895626,0.02843789477558413,1__1
31,0,1.1401350292830874,0.10833255292695174,0.4558807711811048,0.38369604642444605,-0.047498554287264565,-0.29525561229702607,0.028466431423814012,1__1
32,0,1.139964986595321,0.10831250902047729,0.455861497637974,0.3836972233340022,-0.04749815268564924,-0.2952589880797873,0.02846675545509789,1__1
33,0,1.1241217232997507,0.10562538886616801,0.4538796592263204,0.38394455465697985,-0.046728603663509685,-0.29583632142998756,0.028556372299249948,1__1
34,0,1.1996528664939627,0.12839609019062476,0.4621534876558106,0.3829437518625011,-0.05062267100332454,-0.2932562891880538,0.02801669591005543,1__1
35,0,1.2581170692210049,0.15355546258341432,0.46719121605107106,0.3824283177488113,-0.05379139326134722,-0.29144651901610485,0.02751524599862652,1__1
36,0,1.328954822928488,0.18003993937670962,0.47266158194195546,0.3825500534882346,-0.05317498926386017,-0.2908029062325393,0.027259346669279916,1__1
37,0,1.3976985473944759,0.20565837441151683,0.4780146832485866,0.3826799552476836,-0.052580129554421325,-0.290170165556179,0.027012224905963878,1__1
38,0,1.4633751960145556,0.23005697679205434,0.4831542695331999,0.38281980591982967,-0.052014934700666024,-0.28955974113646765,0.02677726918925503,1__1
39,0,1.5260975918782271,0.25324733020445744,0.4882665353847429,0.3829246180904562,-0.05147910273352881,-0.2889511222598423,0.02655432139417233,1__1
40,1,1.5044167765618637,0.25230810520296254,0.4859849105683553,0.3829608937401975,-0.051496111093081456,-0.2893604585430501,0.026574142657731736,1__1
41,1,1.4880482965040127,0.25040880629802204,0.48828767277508395,0.3820028134779088,-0.05153535944500228,-0.289216580538913,0.026599791452559366,1__1
42,1,1.4198736314203164,0.2832077981091498,0.4796513437186008,0.38577713247630907,-0.05128853879306029,-0.2919911649233422,0.02572851913689274,1__1
43,1,1.4024879877953367,0.2915947624082957,0.47733789812237487,0.3867641964490082,-0.051224918375055856,-0.29271087324234035,0.025505915432023622,1__1
44,1,1.3547483687628172,0.30483374528842844,0.47094671329255344,0.38821425484247907,-0.05128802535833593,-0.29488818960258295,0.02427127261460985,1__1
45,1,1.3241360613433613,0.3114265923866466,0.4662817505503295,0.3890795154603383,-0.051364217856051796,-0.2962999393455473,0.023435606351027812,1__1
46,1,1.3062568590996262,0.313555926926228,0.46343025259992593,0.3893801814552404,-0.051383527452879996,-0.2971145321760345,0.02345842570687345,1__1
47,2,1.289325729764431,0.3114739723907843,0.461116248116595,0.38962694568106593,-0.05145582741356701,-0.29784639796238754,0.02351743381388323,1__1
48,2,1.2748757381143239,0.3103136054674323,0.4590791683081681,0.38974930340265085,-0.05151142299714466,-0.2984561112611156,0.023563020733391414,1__1
49,2,1.259560071578099,0.31054445937780206,0.45646537452304764,0.3899766795196209,-0.051549398513793004,-0.29916642353743667,0.023598013701234183,1__1
50,2,1.245228455052772,0.3105522777933828,0.4547036309277685,0.39002171540455827,-0.051589246453510575,-0.29974935697315924,0.02363152766846148,1__1
51,2,1.2340703107952582,0.3084728524202825,0.45370646654870417,0.38998151029620304,-0.05166221765675672,-0.30015591171860184,0.02367533186917889,1__1
52,2,1.2258516266770962,0.3073157916894705,0.45294853199580715,0.38995257633614017,-0.05170029084371516,-0.30046025563144574,0.023704694540437356,1__1
53,2,1.2177915625774567,0.3061932833734041,0.4521422866358451,0.38988246206983385,-0.05173908385396534,-0.30075328265340706,0.023733948814864007,1__1
54,2,1.2121895789462467,0.3049432915870289,0.4514091049807722,0.3898748185837517,-0.051771169988845255,-0.30097645273055756,0.02375877243004251,1__1
55,2,1.2018411458902762,0.30550354060116586,0.45018828710714315,0.38981600484137,-0.05179334878223558,-0.3013727930704014,0.023777703642816776,1__1
0,0,0.9792762354639195,0.1822915649181945,0.542754654736353,0.3852240216049935,-0.047912432179881156,-0.3000867145327409,0.029727816399243906,2__0
1,0,1.0603671744739056,0.18356360955800166,0.5386237149393505,0.3804867317864656,-0.04791081652522879,-0.2999863161518072,0.029745723854908042,2__0
2,0,1.130893558494496,0.18468146726480106,0.5349729766437584,0.3764296248646519,-0.047906267015113586,-0.30001084942983147,0.029760620796695322,2__0
3,0,1.1958190891397908,0.18570913124568178,0.5316075144260811,0.37269413044318883,-0.04790230201553036,-0.3000354608789456,0.029774204319282446,2__0
4,0,1.2528963699596316,0.18665340047401285,0.5286224704504909,0.3694164195117733,-0.04786462995003365,-0.30007348108233023,0.02978823429544737,2__0
5,0,1.3052596439518107,0.18751829214840962,0.5258796430371735,0.3664088589619224,-0.04783024887502184,-0.3001102368659765,0.02980098023456279,2__0
6,0,1.3619808137733513,0.1884535546817979,0.5229035487960012,0.3631503535644298,-0.04779321437277557,-0.30015222227113153,0.02981464193639186,2__0
7,0,1.4052714697700663,0.18916605849317497,0.5206280823858522,0.3606628796941519,-0.04776511769774649,-0.30018602808150374,0.02982495110861444,2__0
8,0,1.445023479028184,0.18981905097544566,0.5185346719091971,0.35837822850440093,-0.0477394818021914,-0.3002187839173325,0.029834303132340007,2__0
9,0,1.5028766108333982,0.19076743368326543,0.5154819670697496,0.3550524795970205,-0.04770242461197493,-0.30026908649602835,0.02984773782578002,2__0
10,0,1.5294245074149615,0.19120169015692184,0.5140782048533996,0.35352596938884134,-0.04768554129790845,-0.3002934396137214,0.02985381795120934,2__0
11,0,1.4453681230422433,0.18986103848379554,0.5185162734119672,0.3583654957797688,-0.047712751179828226,-0.3002228034154622,0.02983648364297656,2__0
12,0,1.5721112126779828,0.19165271269462322,0.5104735479970365,0.3548180105965179,-0.0475380343107293,-0.30139790773481817,0.029821724112950712,2__0
13,0,1.6154012761639733,0.19209940285217617,0.5065871790237508,0.3567626378155469,-0.047344534277044374,-0.30270143648730274,0.029783899464086383,2__0
14,0,1.5839963232954735,0.1918335843208365,0.510041426848188,0.35363254585063686,-0.047584146236726424,-0.30125568476984055,0.029827472152211192,2__0
15,0,1.5662272165791562,0.1915335506285774,0.5109107182640951,0.35488397719329184,-0.0475862262054637,-0.30129925035161376,0.02982130611340057,2__0
16,0,1.6594729596301594,0.19310359838605937,0.5063346679055735,0.34831859835860596,-0.04757572860425965,-0.30107729039715353,0.029853246579238848,2__0
17,0,1.7032190180665558,0.19372282456445578,0.5036316515633141,0.34681757790525597,-0.047531666251743696,-0.3014146263622914,0.029849966406547076,2__0
18,0,1.7108364178961888,0.19381897985753616,0.5031659166698693,0.3465540538723906,-0.04753359162918459,-0.3014698435072469,0.02984877295154655,2__0
19,0,1.7397438977111719,0.1940366111325888,0.5006963402123801,0.34756313274312434,-0.047490595486855976,-0.3022380207443689,0.02982120102579729,2__0
20,0,1.7349216329478603,0.1939752440417227,0.5009882705304542,0.34774257230584776,-0.04748902270037821,-0.30220593916616223,0.02982185161260227,2__0
21,0,1.7987233182871059,0.19478447875373703,0.4971167198702982,0.34536545400999086,-0.04751016568680441,-0.3026338532017103,0.029813009121891235,2__0
22,0,1.8277824048820814,0.19515179305112584,0.4953491164077986,0.3442813613275823,-0.047519951736763516,-0.3028303668005413,0.02980887186286591,2__0
23,0,1.9994883217304011,0.19565242973802122,0.4769352297218806,0.3608360637334732,-0.04700076668114529,-0.31034039726654195,0.02952274927211434,2__0
24,0,2.04017268793583,0.19583138072562442,0.4728630806069685,0.36390231342123736,-0.04689939401590598,-0.31188511377589073,0.029464556453328232,2__0
25,0,2.1902518353189975,0.19605092436000926,0.4557452858292411,0.3812300006725162,-0.04637418308107602,-0.31924640993273823,0.029181181063013383,2__0
26,0,2.3342514602638027,0.19598701798454427,0.43801801219625336,0.40158507184021813,-0.04577645214103145,-0.3273396896474749,0.028866637448492175,2__0
27,0,2.3271725913099,0.19595449923166697,0.43871854588227777,0.40108306997925985,-0.045793243822597356,-0.3270787256905951,0.028876475664917092,2__0
28,0,2.465550982711607,0.19658765155708458,0.4250218557219277,0.41084711967356913,-0.04546659296418287,-0.3321724360506073,0.028684236925788992,2__0
29,0,2.489468136590793,0.1966966390448246,0.4226540791014746,0.41252606014613485,-0.045410416282265935,-0.3330514796063009,0.0286510246613979,2__0
30,0,2.487897853873463,0.1966895133068327,0.4228095662829817,0.41241640933635665,-0.045414085737670876,-0.33299385611863574,0.028653204274971675,2__0
31,0,2.44178647263851,0.19648115876484396,0.42737636609711527,0.4092138686302196,-0.045521276030352914,-0.33130443962080364,0.028717180533522867,2__0
32,0,2.5777770156470274,0.19900958208353156,0.42306563874069225,0.391869163995762,-0.04588363877843787,-0.32896767298892504,0.028829601098527204,2__0
33,0,2.5346407557426,0.19882336613520588,0.42615258181369486,0.3913798808405095,-0.04590257725768113,-0.329092487008714,0.028863184188531038,2__0
34,1,2.5434240826310726,0.1988955449609342,0.42568774312120283,0.39099577720652823,-0.045911003175035825,-0.3289359178048319,0.028861744560808388,2__0
35,1,2.515718672915503,0.1986738252860722,0.42774624079378276,0.3906369970183401,-0.04601659068914527,-0.32896565443738246,0.028878290304833347,2__0
36,1,2.501113484585433,0.19863415771424334,0.42920008295614276,0.3893764544520555,-0.04609920728565873,-0.32868687775237526,0.028899105816991077,2__0
37,1,2.4536768564318128,0.19788438875362285,0.4299486624927203,0.396700434067674,-0.04591258557109249,-0.3309446449645373,0.028849231725405634,2__0
38,1,2.4037780411049416,0.19690701757184967,0.43146614948903994,0.4036461550164828,-0.045758510190765773,-0.3317250303155652,0.028803528656008232,2__0
39,1,2.3656397438904193,0.19616377383552616,0.43264009793491576,0.40894037768801383,-0.04564087539625291,-0.33231400167781794,0.028769013531121875,2__0
40,1,2.338084767487822,0.19562954293760032,0.4334986149383604,0.4127548558422048,-0.04555597708127056,-0.3327340505820665,0.028744381222405597,2__0
41,1,2.31164247473204,0.1951195715327232,0.4343325147665909,0.41640499267049996,-0.04547459741631608,-0.3331318063484896,0.028721040023366912,2__0
42,1,2.285578855867065,0.19461958492660567,0.4351645026071365,0.41999256653332667,-0.04539447340380346,-0.33351854524076663,0.028698328940947763,2__0
43,2,2.2987343707593006,0.19480756753615663,0.43443875268284404,0.4190751211244863,-0.04541226074175608,-0.3335658715698511,0.028699753844079363,2__0
44,2,2.2654260281691734,0.194346927965428,0.43781147716855656,0.41726609542587634,-0.04571820784337711,-0.33224510337257646,0.028727307263713326,2__0
45,2,2.238259868986055,0.19382861896431444,0.43865887049748437,0.4211194013154462,-0.04562714164152281,-0.332672216144577,0.02870319759103913,2__0
46,2,2.260916498416154,0.19425843097596573,0.43794280245218553,0.4179157636593027,-0.04570297201849908,-0.33232102220506865,0.02872303028850561,2__0
47,2,2.2342277828229693,0.1936237937524605,0.43886278841772935,0.42166594165549687,-0.0457308934501695,-0.3326860819264988,0.028693046778481092,2__0
48,2,2.238956348506423,0.1936875854508409,0.4385931999376143,0.4213472640823958,-0.04573826388651384,-0.3327076296581306,0.02869321580910811,2__0
49,2,2.1981859886421877,0.036377611726884,0.4618525966549707,0.4309240686298981,-0.04445719791557488,-0.3312563465270777,0.029811672368964506,2__0
50,2,2.1901362387868266,0.036583472981071154,0.4620663900691556,0.4320510871893957,-0.044431976062232564,-0.33138200494483555,0.029802321621265438,2__0
51,2,2.190235341632136,0.036581487378641364,0.4620634534259351,0.4320373029218536,-0.04443182579444517,-0.33138064803910616,0.029802462217632428,2__0
0,0,0.8912906407777039,0.18052094235400704,0.5464625274181916,0.38997987470357354,-0.0479238111473636,-0.3002171849785308,0.029719071753436004,2__1
1,0,0.8619194714068507,0.1775461552008525,0.5436673640196884,0.3901564086765209,-0.04796298602794469,-0.30094926736917227,0.02976811820337144,2__1
2,0,0.8644222948637004,0.17782390399627207,0.5438964680905428,0.39012906294080524,-0.04795992791872896,-0.30086391541943036,0.02976391740993401,2__1
3,0,0.8661132781788715,0.1780120918604095,0.5440479620930659,0.3901157407181635,-0.04795772080144051,-0.30080767357940874,0.029761020963238356,2__1
4,0,0.8693035718946126,0.1783718091609784,0.5443255470027138,0.3900924707712662,-0.04795150553855122,-0.3007030757929659,0.02975567749063104,2__1
5,0,0.8494367432737817,0.1755772008879046,0.5426035347040874,0.39026671854908423,-0.04799676607651489,-0.3013546234793683,0.029792433699087285,2__1
6,0,0.8343286908794623,0.17345522923532672,0.5412946856225078,0.39037227649118317,-0.0480305267779903,-0.30184403282843086,0.029820772479341843,2__1
7,0,0.8220731381703151,0.17172342312905983,0.5402547666220935,0.3904750812681694,-0.04805879087090636,-0.3022438605488892,0.02984341496080544,2__1
8,0,0.8102287646933768,0.17006318541535667,0.5392107348333286,0.3905566938054229,-0.048086191188336166,-0.3026280829631893,0.029865533935204067,2__1
9,0,0.8005907196118871,0.1686971494996175,0.5384103891716802,0.39061356904891886,-0.04810908822649374,-0.3029359712428733,0.0298835677672684,2__1
10,0,0.8079146891851022,0.1694405329341489,0.5390487573085525,0.3905823893171085,-0.04809536941129406,-0.3026997918278053,0.029871706646493072,2__1
11,0,0.7401627998870425,0.17076532128888403,0.5295688254432706,0.3925457874179366,-0.0478955073897363,-0.30742175412882117,0.02992738349454214,2__1
12,0,0.7103318021774057,0.1717680041002366,0.5258872113081855,0.392686493766546,-0.04790275815308322,-0.3081628818574402,0.02994962326050221,2__1
13,0,0.7350923425540913,0.17099295081712226,0.5286172464176174,0.3927477971572971,-0.04791765113467311,-0.3075981406851511,0.02992754928434361,2__1
14,0,0.7306306301964497,0.1710407121169461,0.5280888915664984,0.3927471324547572,-0.04792093519150585,-0.3077008730946017,0.029931764155261307,2__1
15,0,0.7367266890585986,0.17144882554587418,0.5287444523430948,0.3927353341772656,-0.04791029157764122,-0.30756875245675275,0.029923102682762152,2__1
16,0,0.7311131476482851,0.17075910972451167,0.5280478790925416,0.3927711242352896,-0.04792325953898531,-0.30769511188203197,0.02993322538051039,2__1
17,0,0.7266857846028623,0.17001523623493453,0.5275054990634526,0.39280796984799043,-0.04793625766512652,-0.3077930075422616,0.029942420522950274,2__1
18,0,0.7234805910216582,0.1694813724907699,0.5270957865609163,0.39283696439369803,-0.047945602646158346,-0.30786537299920413,0.02994904539317434,2__1
19,0,0.7153515616770212,0.16704944159317137,0.5261234003303356,0.39295410236136213,-0.04798154395385372,-0.3080378620139732,0.02997257358287266,2__1
20,0,0.7046517727721071,0.1643743926436028,0.5247866344706662,0.3930289195241163,-0.04802365310151691,-0.3082577583098213,0.030001049052217003,2__1
21,0,0.7056100355225946,0.1644967772614119,0.5249268557603625,0.3930192728332318,-0.04802156740648939,-0.3082342721353705,0.029999287717298106,2__1
22,0,0.8188791730845968,0.20907846191279264,0.5375078983553049,0.3911356904927384,-0.04759365794614895,-0.3061055606932431,0.029591497479516195,2__1
23,0,0.9476141696957971,0.24590245018479195,0.5525210886737176,0.3896159520221302,-0.04726370028059164,-0.30354500331634887,0.02921509670915142,2__1
24,0,1.0436854520884624,0.2822793149919169,0.5616391444869175,0.3884213015602145,-0.04690260375670217,-0.3018686990705937,0.028880695806559387,2__1
25,0,1.1334139110850057,0.3162145205640612,0.5699968404325004,0.3873581897855482,-0.04656429972329971,-0.30031672517917796,0.02856927750692199,2__1
26,0,1.219657376333136,0.348774927947134,0.5779603978328183,0.386585212434359,-0.0462339648228251,-0.298882986816331,0.02826812399585303,2__1
27,0,1.1868795592528132,0.3431862872555215,0.5618358119064282,0.38872105331804263,-0.04617645586904495,-0.3005779001160534,0.02835362640411384,2__1
28,0,1.1744344986506916,0.3391344535880715,0.5607137482152647,0.3887600700073066,-0.04621807253201288,-0.3007791767877104,0.02839323663955301,2__1
29,0,1.2622308678073635,0.36805560834998835,0.5669835458517113,0.3885573814541912,-0.04591193478080743,-0.2994491123000804,0.028116621901551085,2__1
30,0,1.336389432855341,0.39671441519038475,0.5721584944406536,0.3878070288277337,-0.04561626253276843,-0.298260246673271,0.027862465052390966,2__1
31,0,1.4067657186878497,0.4240984395710249,0.5759314234692523,0.3879069983669177,-0.045313028154450825,-0.29737828038393516,0.027613566631143525,2__1
32,0,1.4740024279964232,0.4500871566382256,0.5800071324619113,0.38775120857510254,-0.04503024199978291,-0.29644651674240735,0.027379669105169514,2__1
33,0,1.4549815304841245,0.44751531501007125,0.5777404161155022,0.3878544158509362,-0.04473650923478133,-0.29695529516467195,0.027437445602475248,2__1
34,0,1.4230223787951197,0.44145675692334996,0.5733457934212511,0.38839011183511696,-0.04312699006325286,-0.2982391953147942,0.027621897119742445,2__1
35,0,1.496805506745965,0.4561088051718807,0.58368013519797,0.387313891809617,-0.046855520929934155,-0.2953086407574683,0.027188554928148048,2__1
36,0,1.5524506582679811,0.47394413636507576,0.5893424889018554,0.38654457452513485,-0.049746832433667613,-0.2932687521650233,0.026810907807882763,2__1
37,0,1.5241556842040673,0.47021657544930934,0.5891043203469426,0.3860334528916742,-0.04981393091451606,-0.29358874123893375,0.02686067743938252,2__1
38,0,1.486286069893571,0.48164266620720386,0.5971037566389066,0.3829847209018805,-0.04984327998811361,-0.2933540431737448,0.02681762441750319,2__1
39,0,1.4374254263140018,0.5046722693690631,0.58940308959172,0.38305215957740185,-0.04966761666951498,-0.29596790380491517,0.026238566761623613,2__1
40,1,1.3875030776562232,0.5282385406410874,0.5814231504694548,0.38294907044725784,-0.0494915214545597,-0.2986036947753281,0.025648245672127402,2__1
41,1,1.371360782102801,0.535806193123489,0.578899502096778,0.38290476368719906,-0.04943555213579667,-0.2994493503409386,0.025457874772749287,2__1
42,1,1.3716352137873384,0.5356795917293553,0.5789389004651847,0.3829061097485157,-0.04943645654439423,-0.29943532917750915,0.025461090751699476,2__1
43,1,1.3552493210567376,0.5369155373657984,0.5781697378841658,0.3828941875057232,-0.049380699145413307,-0.3002612857943142,0.025253036480341277,2__1
44,1,1.3402751554094234,0.5378186505402065,0.5781828607962064,0.3826865095767118,-0.04931772313746385,-0.30093372163086374,0.02506893737980999,2__1
45,1,1.3268594515175902,0.5384627200492554,0.5784325857155983,0.38252105302602146,-0.049330408698715224,-0.3015055098447035,0.024900557784367616,2__1
46,1,1.324664922020877,0.5394387741441504,0.5782575097585896,0.3824760080361804,-0.049325271400073034,-0.3016007212053915,0.02487584343496111,2__1
47,1,1.326341886460446,0.5386719178805406,0.5784398193262583,0.38250261099546234,-0.049332982422166737,-0.30152245991945725,0.02489470361749776,2__1
48,1,1.3239633066578218,0.5396730507100961,0.5783640296802229,0.38242147315143277,-0.04931171875392209,-0.3016171504017744,0.024897915909083173,2__1
49,2,1.274938580128904,0.5573122185061018,0.579692636527372,0.3817039979229189,-0.04929948893865086,-0.30066681690722996,0.024363103665456562,2__1
50,2,1.2395950273405005,0.5708628108901364,0.5787719578278707,0.3813031418731,-0.04927355557266865,-0.3000799426939507,0.02397058760500395,2__1
51,2,1.2238960895139621,0.5775140876172241,0.5770235557373077,0.38135190997505647,-0.04913799014827587,-0.29995985121686425,0.023797630863748576,2__1
52,2,1.2153345803264957,0.5811620052951076,0.5758919744813805,0.38147779364007817,-0.049109973058833536,-0.2999519439136154,0.02369862356738624,2__1
53,2,1.1982515767544435,0.5809420147456409,0.5739576654870746,0.3822852453349941,-0.04917562548399384,-0.2997357378836599,0.023466331962087982,2__1
54,2,1.1821382427017428,0.5806092839356446,0.5724880609628581,0.3829752486503404,-0.04925610726127664,-0.29950269834715193,0.02324866918623205,2__1
55,2,1.1631844577701473,0.5780333443496781,0.5705928454944333,0.3839921653872178,-0.04937897892640826,-0.2991927929841948,0.022981879229135367,2__1
56,2,1.1472158146580442,0.5749830306988769,0.5690858062829972,0.38489446444916137,-0.04949544338080505,-0.2989081713780639,0.022754176636643142,2__1
0,0,1.1881097452592697,-0.025318522617644532,0.4297429046026131,0.37463419239381296,-0.047786095385049084,-0.3011293220957238,0.029790272810820147,3__0
1,0,1.6088131415441236,-0.03336235175931942,0.41067262856507464,0.35247856414504386,-0.04761776446808144,-0.3020454253341235,0.029906542536408565,3__0
2,0,1.6894597731871062,-0.03488174891659551,0.40700217138373684,0.3482349183361757,-0.04756419640381242,-0.302232140254531,0.029930058259437817,3__0
3,0,1.7637243040247343,-0.036269817666104494,0.4030140798876163,0.345642344740043,-0.04751270262653991,-0.30276772984586986,0.02993427272456854,3__0
4,0,1.7624519786255,-0.03624739745603758,0.4031037892758724,0.34564094087968145,-0.04751472345531705,-0.3027455565315684,0.02993473316422134,3__0
5,0,1.7251530682184124,-0.035568023311253846,0.4053605490011335,0.34641055044199937,-0.04755369965672986,-0.30232382155035764,0.0299389478844267,3__0
6,0,1.8039645937745583,-0.03696633016605733,0.4005710801205338,0.3447890318434516,-0.047435204632904224,-0.30323166582829303,0.029932201284928257,3__0
7,0,1.8908287659471603,-0.03865847230254281,0.39712800275740473,0.3390460969543794,-0.04744648673502579,-0.3031039983405126,0.029967252202140242,3__0
8,0,1.9357391254321685,-0.039496938089818565,0.3947871428602148,0.3372767445649895,-0.04742249951305211,-0.30337813935892427,0.02997140273376353,3__0
9,0,1.9758748904660883,-0.040260015332050834,0.3929404729534305,0.3351535155861769,-0.04741471901132121,-0.30347231597134233,0.029981211054937645,3__0
10,0,1.9833197025990388,-0.04040617992646863,0.3927128832909177,0.3345067046722816,-0.04741719238859229,-0.3034199005001815,0.029986070402028598,3__0
11,0,1.8877598581570367,-0.03923094676510534,0.40262278897746556,0.32806130658188903,-0.04802822462114442,-0.29958872188431035,0.03007514493008232,3__0
12,0,1.9285215160848153,-0.040021313386554604,0.4010736005572421,0.3250806084491723,-0.04804709602746662,-0.29956643497017377,0.030093789623649322,3__0
13,0,2.009830094155088,-0.04154975591002427,0.39726730502705854,0.32066113988948214,-0.048046930256900156,-0.299954656892194,0.03011311620371212,3__0
14,0,2.2739089574762823,-0.04636588888952952,0.3827220086383047,0.310959485660411,-0.04793107667333158,-0.30253329118168026,0.030121416806967602,3__0
15,0,2.2702975097323894,-0.04629916194996476,0.3829725607253643,0.3109778787970163,-0.04793082113437327,-0.30246752255094317,0.030122932881757544,3__0
16,0,2.192589273950541,-0.044704512449274626,0.385729392912301,0.31714284257352776,-0.04778099470923843,-0.3026613964254226,0.0300899247346294,3__0
17,0,2.253884687467483,-0.04595792098239226,0.38354080376817024,0.31228370521911614,-0.04789926864473159,-0.30251382700821866,0.030115608467101176,3__0
18,0,2.258967406105721,-0.04606340037086122,0.3833702690431014,0.3118688346510276,-0.04790971623180136,-0.30247962727547273,0.0301178127438214,3__0
19,0,2.2354165051045274,-0.045624060743310095,0.38529681222509,0.3110436660425254,-0.04792382875659623,-0.302234861529303,0.03013969919800792,3__0
20,1,2.1438284203781337,-0.043581252644536404,0.3873024183823045,0.31987322912049476,-0.04767685562457131,-0.30463463137926,0.03008814053850766,3__0
21,1,2.13666934195003,-0.04345817743940081,0.38775608681251594,0.3199303883484492,-0.047693207319148244,-0.304637933553638,0.03009007363357875,3__0
22,1,2.14055418073359,-0.04352941919375439,0.38742581997836323,0.3200892792301188,-0.04769070031315165,-0.3046856067464111,0.030086132920810377,3__0
23,1,2.1409566548148646,-0.04353629465120241,0.3873839383925707,0.3201223861895938,-0.04769002185845938,-0.3046952165707404,0.030085534135613014,3__0
24,1,2.133014186713794,-0.04338741714256589,0.38791415805772633,0.3201794196410934,-0.04768680295727653,-0.30462777118399575,0.03008919884872041,3__0
25,1,2.139563420567791,-0.0434864839250196,0.38710273625933334,0.3209522122795619,-0.047668830854603876,-0.3049113554051248,0.030076860480150125,3__0
26,1,2.1583907580388146,-0.0437070721134122,0.38534860530407083,0.32181904695597713,-0.047539698847441844,-0.3053907007042906,0.030063745581112723,3__0
27,1,2.176153061755341,-0.04391418155349921,0.3836930843988197,0.3226305417503975,-0.04741829275559241,-0.3058423566772736,0.030051328918481866,3__0
28,1,2.1875733990208257,-0.04400301970051713,0.38192180420943633,0.32470668337819614,-0.04730135214250141,-0.3065633020919727,0.030025713529367913,3__0
29,2,2.176188619996934,-0.04391132959590102,0.38362652358397403,0.3227753375611838,-0.04741430147016497,-0.30588247589605516,0.030049746952082755,3__0
30,2,2.182255544573775,-0.04398238850543219,0.38308284493027633,0.3229962351174321,-0.04737452895015901,-0.3060224402152323,0.030046018528630012,3__0
31,2,2.2052053700973215,-0.044463332317256105,0.3822835670119748,0.321141963029279,-0.047447446637185434,-0.3057589768676711,0.030052276268766324,3__0
32,2,2.1901506116791127,-0.04419880633133109,0.3836171303313194,0.3205748571833558,-0.04744407943778328,-0.3054390594393183,0.030068359581453055,3__0
33,2,2.2165524547886024,-0.0447088157293305,0.38207089570684577,0.31979865082681536,-0.04749398413578623,-0.3055153829733661,0.030059958564228356,3__0
34,2,2.169193696495096,-0.1933990695628498,0.40251411789432545,0.32185783116369443,-0.04587191444941612,-0.3041265745931011,0.03225855151164227,3__0
35,2,2.176087598100668,-0.19385258948926026,0.40214510231132716,0.3216557563437592,-0.045881612216141544,-0.30414505542087084,0.032260985732350464,3__0
36,2,2.1689164837857207,-0.1933826883700992,0.4021313440640168,0.3227742203093358,-0.04587862826115174,-0.3043640379043416,0.03224644784511753,3__0
0,0,0.9050598667467086,-0.018674634732299685,0.44452284145283566,0.3898390665962919,-0.04790128914877013,-0.29967291317851774,0.02968274940030804,3__1
1,0,0.9317604854285291,-0.016310610389497517,0.44711088930700227,0.3894753869171593,-0.047866890721795854,-0.29878790599791877,0.029623165668400134,3__1
2,0,0.9263214014098086,-0.01675715385453116,0.44664822125345083,0.38949988298047755,-0.047875611791848155,-0.29890518124633575,0.029635125787130533,3__1
3,0,0.9185259260256972,-0.017381003064101327,0.4459103432145762,0.3895520831142061,-0.04788751674278252,-0.29908187271523384,0.029652008493198788,3__1
4,0,0.9274135248371259,-0.016553453141651707,0.4467470856121912,0.38949346441780575,-0.0478668412629473,-0.2988833211482737,0.029631656315309052,3__1
5,0,0.9352625141635994,-0.015818526234475126,0.4474704946780283,0.3894460350094512,-0.04784844911123872,-0.2987098556112356,0.029613648039468546,3__1
6,0,0.945447341070292,-0.014855119945925147,0.4483693273125298,0.38939481503305184,-0.047824252040133824,-0.29848949118023904,0.029590173014030368,3__1
7,0,0.939530365753441,-0.015298565556933921,0.44776764868658714,0.3894299478209217,-0.04783247787733147,-0.2986255165169417,0.02960268117424405,3__1
8,0,0.9601100800910729,-0.019330525802935258,0.45028997576808677,0.38923968727615466,-0.04786553101386625,-0.2980892457227658,0.029635641260493357,3__1
9,0,1.0162109634256271,-0.03018073100019203,0.4568227752967174,0.38881246616906284,-0.04790051140698353,-0.2966870094354254,0.02972745557575267,3__1
10,0,1.0071674675611828,-0.031626514611552664,0.4562772682539877,0.3890262100368576,-0.04791861353137849,-0.2972631380137348,0.02975420597488507,3__1
11,0,0.9963739250690141,-0.032027221089511775,0.4550703410639671,0.38911449875652643,-0.047937299004880043,-0.29756777585883865,0.029770537233309212,3__1
12,0,0.9741936382117062,-0.03284335454890068,0.45253553597422247,0.3893056311089891,-0.0479753430676643,-0.29819960445376653,0.02980390375995221,3__1
13,0,0.960854431486037,-0.03377418312347944,0.4510467669539067,0.38941550382186724,-0.04800295806615094,-0.2985753792070408,0.029829883639398657,3__1
14,0,0.9575639889629717,-0.03428686965548269,0.4507119208942517,0.38943783769927487,-0.04801285862798663,-0.29866439311125725,0.029840112293702103,3__1
15,0,0.9540495780261665,-0.034830456275446536,0.4503444694946812,0.3894578259052264,-0.048021014319166284,-0.29876004124742456,0.029851218299654255,3__1
16,0,0.9395754560815698,-0.03803560322311321,0.44890162083432916,0.38953018280239365,-0.048075622600626915,-0.29914172516070403,0.029909108896941174,3__1
17,0,0.9272619764485488,-0.04073976868191249,0.44755973699655954,0.3896158892157484,-0.04812120237001041,-0.2994791549217795,0.029957924901363165,3__1
18,0,0.9199490835835186,-0.04256134941098799,0.44676441188224497,0.3896672066065833,-0.048150490362789386,-0.2996791676970454,0.029989758260268586,3__1
19,0,0.9241627953465971,-0.041847811816577575,0.4473208160529534,0.3896276004405504,-0.048137402845209024,-0.2995548749455373,0.029975896410733727,3__1
20,0,0.9164842415107962,-0.043749074276057315,0.44628251702637595,0.38972604871015104,-0.048166876200010526,-0.299787684414078,0.030008957965221766,3__1
21,0,1.0404084662679853,0.016163106782427904,0.4579657237113652,0.3890156249822992,-0.04764806940196621,-0.29650753090715737,0.02906193712531172,3__1
22,0,1.1584423178622993,0.06991123563569321,0.46996735394655703,0.388201606278434,-0.047189208639226994,-0.29329054297671675,0.0282066237945862,3__1
23,0,1.1534683172159668,0.06795214939189892,0.46947783022435075,0.3882277273007017,-0.04720588982742647,-0.2934239095763922,0.028238480035981856,3__1
24,0,1.2539699038747902,0.11405872186502986,0.4767053543945339,0.3888435292360079,-0.04677918513086917,-0.29116490595867833,0.02750109641627041,3__1
25,0,1.2487236432488913,0.11200665030123234,0.47629708671216164,0.38884418323177233,-0.04679734192953209,-0.2912930870270365,0.02753436534328156,3__1
26,0,1.2349910478530948,0.11014898507968562,0.4681230665033397,0.39044922578735203,-0.046768320552896654,-0.2924322519395758,0.027572209539524755,3__1
27,0,1.230773174136421,0.10847189734887283,0.4678789728230848,0.3904281553521136,-0.046783725610631904,-0.29252538755310065,0.02759921553953976,3__1
28,0,1.3210168811864669,0.1508452366338386,0.4703413338747092,0.3914819459873144,-0.04637776509516386,-0.29084750623401173,0.02693538246467966,3__1
29,0,1.3141736203575665,0.14815575145963983,0.4699894799431456,0.391433210336892,-0.04640280242982957,-0.2909929579026566,0.026978569875318596,3__1
30,0,1.3077350012054123,0.1456345869990049,0.46966034790838357,0.3913848574183118,-0.046426311479667026,-0.29112927797963173,0.027018973327824256,3__1
31,0,1.2928929049998044,0.14102807975685852,0.4682516836623589,0.3915041865293719,-0.04646329843591426,-0.2915381982275171,0.02709447676311883,3__1
32,0,1.282283275797805,0.14058395530697096,0.46706996071234813,0.39153365816927854,-0.046449148196138,-0.2918385522962185,0.02711242703413264,3__1
33,0,1.264142766179381,0.13575725490281412,0.4664221130448124,0.39143205344137144,-0.04535950206877253,-0.2925918766086987,0.027278275242095047,3__1
34,0,1.2385955590843412,0.14384832288326893,0.4727544289155875,0.3894419174336632,-0.04537723112692751,-0.2922817310139988,0.026981580057998417,3__1
35,0,1.1885393095176993,0.1674579845102262,0.46630577553964286,0.39030126325064857,-0.04520638340300907,-0.29502190832114544,0.02622095897736756,3__1
36,0,1.1560936210499257,0.17205547716359576,0.4611428581516631,0.39136715711418546,-0.045210951900478684,-0.29725616402464744,0.02572128552161826,3__1
37,0,1.1243928211496554,0.17660981641815068,0.4557404971949483,0.3924797883244128,-0.045212780574717365,-0.29947645133905165,0.02523126088851722,3__1
38,0,1.1130095535822147,0.17484543012408282,0.4540848155245542,0.3929186176761549,-0.04503654994782054,-0.3004119038861798,0.025075160892615855,3__1
39,0,1.098514848599009,0.1740837312538613,0.4516606900845083,0.39347492540737633,-0.04507621068558496,-0.3014972756782642,0.024852989657306652,3__1
40,1,1.0832038283827512,0.17527767640506509,0.44949083785312915,0.39401869934325034,-0.04418176400334127,-0.30284232247923715,0.024690047513966792,3__1
41,1,1.074362031003967,0.17416665352707222,0.45070856229975387,0.39372385366213064,-0.044237992996962495,-0.3031610784274331,0.024578759543940648,3__1
42,1,1.0604167077612336,0.17593609270987043,0.448887847063305,0.394178692681216,-0.04430928286200525,-0.3040539433795306,0.024130658907030225,3__1
43,1,1.0546727053815295,0.17689876751716468,0.44797311415421953,0.3943860243163726,-0.044328994902718494,-0.3044170921516963,0.02394766492565789,3__1
44,1,1.0488707742518,0.17690051014874678,0.44718755927004444,0.3945121361145786,-0.044351315511436756,-0.3047787512541426,0.02375305098273776,3__1
45,1,1.0434015947969155,0.17691394853454562,0.44632900948924387,0.3947288286241883,-0.04438269013124689,-0.30514413868961526,0.02356799211256651,3__1
46,1,1.0383381276585129,0.1769153436858123,0.4455555744605578,0.39495745177328057,-0.044410721374861684,-0.3054860289509705,0.02339795435096696,3__1
47,1,1.0334793251752854,0.17690524094297963,0.4448927097433796,0.39515695452328253,-0.044420566582361966,-0.3058086020793184,0.0232380927485219,3__1
48,1,1.0283925508309155,0.1765869667971027,0.4442393947691107,0.3952448287739374,-0.044430406091938004,-0.3061283077711976,0.0232896590268148,3__1
49,2,1.0261767416651153,0.17633007797767056,0.44392587068548195,0.3952914881402822,-0.04442813152760761,-0.3062760386093276,0.023314747165500006,3__1
50,2,1.0243944894603243,0.17611284721390277,0.4437021884498565,0.3953211096159838,-0.044432835653815075,-0.30638886182474445,0.023334386580959734,3__1
51,2,1.0175843692503426,0.1742430611828416,0.4429063098359071,0.39543326787453453,-0.04446206952881116,-0.3068353140600672,0.023427179012603924,3__1
52,2,1.0111118538824626,0.17246920501474772,0.4427240190192431,0.3954159224421353,-0.04440602823221209,-0.3072145933133011,0.023517853464454085,3__1
53,2,1.004124764198196,0.17079023371999905,0.4421728109376132,0.3955527289978861,-0.04445508006047192,-0.3076389480303304,0.02342442941113521,3__1
54,2,1.0022329789937212,0.17065781272272665,0.4418725256046384,0.39562281130714855,-0.04445054848577559,-0.3077779030893602,0.023398665557770183,3__1
55,2,1.0012269407528875,0.1705685759650451,0.4417847420009127,0.39563430380171954,-0.044452961340167525,-0.30783966862272505,0.023385350692376485,3__1
56,2,0.9958057694178499,0.16918099997471034,0.44173008994885876,0.39561176748321203,-0.04449445900675009,-0.30813590424528203,0.023316802818761324,3__1
57,2,0.9906053979767404,0.16784989172872308,0.44171041345618767,0.3955798646083834,-0.04453416301925777,-0.3084141153606386,0.02325162263896285,3__1
0,0,0.9200338691116838,-0.135477325364376,0.427664376171413,0.3903168906462046,-0.0479790377240736,-0.2990063339085959,0.029730015156331772,4__0
1,0,1.2443600494429394,-0.13931191676251117,0.4021962550300618,0.39017725240253975,-0.04718694507269989,-0.3058166696722332,0.029609835103179463,4__0
2,0,1.2940222119145182,-0.13989985642187808,0.39824708507007356,0.3902048000145557,-0.04706311519985252,-0.30694039616904184,0.029590948380672433,4__0
3,0,1.3682972217172813,-0.140848841469928,0.39298626345970067,0.38889798338369114,-0.04694538498869693,-0.3082238183903993,0.02957598347843079,4__0
4,0,1.5130503837619083,-0.1426485252977165,0.3820212889719921,0.38785045927012934,-0.04667231173956182,-0.3111571417562616,0.029529586728285404,4__0
5,0,1.5188654314353394,-0.1427206993495979,0.3815805517962005,0.38780826849253186,-0.046661349003945106,-0.3112750054286959,0.02952771377832674,4__0
6,0,1.5774285079134744,-0.14332609373771882,0.3767786344945592,0.3880448500058151,-0.04643386689386375,-0.3126878343502314,0.029507776696976445,4__0
7,0,1.6212378222912052,-0.14384326387776225,0.37322352461553476,0.38820687906758944,-0.04632793934744985,-0.313717489249192,0.029488695712445747,4__0
8,0,1.6691856012141462,-0.14446036562043027,0.36936161336647255,0.3883717446900194,-0.04626367374661669,-0.31482259208047497,0.02946445276065877,4__0
9,0,1.730938821049147,-0.145269375898971,0.36493462805081134,0.3875886105236185,-0.04620996543673039,-0.3157265615361168,0.02944412868658683,4__0
10,0,1.809469646649462,-0.1464048070554105,0.3611990308646406,0.3825012875751586,-0.04624301293143005,-0.3157245763788313,0.029465424042452136,4__0
11,0,1.860239158395202,-0.14713214213477782,0.35996796951525983,0.3765681296573073,-0.04625491365387847,-0.3150075029895967,0.029514535977400055,4__0
12,0,1.9763370467485273,-0.1485752338033055,0.3502949631905388,0.377958589973855,-0.04609295449110835,-0.31751572809637635,0.029441787254530494,4__0
13,0,2.043203136428515,-0.14930843766527244,0.34305882183075803,0.3823430167278213,-0.04591065869325443,-0.31996844903500327,0.029358398191727857,4__0
14,0,2.1165252229042104,-0.15011069221556345,0.33696498416317205,0.3830456365363303,-0.045704204539461835,-0.3215443886329398,0.02932120675355809,4__0
15,0,2.0725829527912896,-0.14966460481330304,0.3396968467648495,0.38471929372152613,-0.04586507676185272,-0.32115493394784655,0.02931368886582852,4__0
16,0,2.0319545839498705,-0.1490614885458396,0.3414402479466192,0.38780668227626736,-0.045823569748629646,-0.3212790645746461,0.029299060049956888,4__0
17,0,2.081742771669771,-0.14979826775859953,0.3392947384411887,0.38402868083490105,-0.04587435708434561,-0.32113066426780773,0.029316738029763985,4__0
18,0,2.1380350732375883,-0.1506285880838522,0.33685834383401414,0.37976352324294976,-0.04593168815605355,-0.32096723118550774,0.02933643371299129,4__0
19,0,2.1722091683541427,-0.15117817256652508,0.335399140190435,0.37717170309202414,-0.04601423296950193,-0.32085212059097534,0.02934520592181922,4__0
20,0,2.144015499986801,-0.15072634799390403,0.3366087279617484,0.37930652689889055,-0.04594622649946087,-0.3209447070432537,0.0293381160412883,4__0
21,0,2.2266146701203424,-0.15212203426641455,0.33440547294799255,0.3701074473796376,-0.046217157376353755,-0.31985723764696167,0.029392398133189643,4__0
22,0,2.272745901165401,-0.15290740926079083,0.3329703637272945,0.36515663919901725,-0.04635906751728299,-0.31960754492685906,0.029420904772491586,4__0
23,0,2.2614725149052175,-0.15272963087083355,0.3334736203001579,0.3659770076407013,-0.046332653814906345,-0.3196361812073328,0.02941859392294723,4__0
24,0,2.2435177367787764,-0.15244761452306646,0.33427916778280165,0.36728131470741826,-0.046290647860466695,-0.3196801225938947,0.02941501655957549,4__0
25,0,2.1896743507783465,-0.1516053565667571,0.3367072506799737,0.37118573784394016,-0.04616487071189175,-0.3198067702349228,0.029404605541917206,4__0
26,0,2.1342183955814678,-0.15060936552789284,0.3368896112810994,0.3802965820772205,-0.045910944620636135,-0.32134551338708434,0.029335913740760545,4__0
27,0,2.116904719352887,-0.15036514811462787,0.3381694500565105,0.3805176370599401,-0.04589669641193902,-0.3210423814824378,0.029344452415753598,4__0
28,0,2.2668976471937374,-0.15247129528256162,0.3270634704355957,0.3785919043895935,-0.046020217928381305,-0.3236712971911606,0.029269973825811185,4__0
29,0,2.409137364831693,-0.15445931335766086,0.31651376275166104,0.3767553856008823,-0.04613743731399406,-0.3261670360973561,0.029198855710746274,4__0
30,0,2.4027442893046476,-0.15438333414865268,0.3172170839553777,0.3763377389108178,-0.04614444785356461,-0.3259159963203756,0.029207780122449265,4__0
31,0,2.3240012567843134,-0.15345214134666377,0.3258763348370771,0.3712239414770032,-0.04623025998292759,-0.3228308362743407,0.029317639995579094,4__0
32,0,2.2955767110468597,-0.15305747409013312,0.3279400963264731,0.37171914008945944,-0.046203795345135155,-0.32236414177487244,0.02933076907991353,4__0
33,0,2.269886783100278,-0.15260490258091491,0.3275014654980274,0.37681671923791527,-0.046057322198569964,-0.32375399397212273,0.029290758273549565,4__0
34,1,2.2545247766031196,-0.15233558428643695,0.32724795275918117,0.3798549441456996,-0.04596997872862147,-0.3245798355650087,0.029267040518122237,4__0
35,1,2.234672548922824,-0.15205825311771212,0.3269677336066759,0.3837647283813207,-0.04592972352681394,-0.32561543013809324,0.029232208213398985,4__0
36,1,2.2101799580308827,-0.1516102200159418,0.326986009862883,0.388256082095805,-0.045807170361831254,-0.32614494685779366,0.029197787350226503,4__0
37,2,2.2023349182997762,-0.15146748476337193,0.32699609018715936,0.3896896306359154,-0.04576802532499142,-0.326312677860095,0.029186873678799363,4__0
38,2,2.169942589164422,-0.15110696815965854,0.32717537157808046,0.3955745371911124,-0.045845076809806935,-0.3269116114625706,0.029127722218547994,4__0
39,2,2.1633333833857025,-0.15098683083388234,0.3271905090031802,0.39677362639269087,-0.04581100104067154,-0.32705014813166144,0.02911879857026829,4__0
40,2,2.1578939037469533,-0.15088852124503851,0.3272060382315065,0.3977568341849441,-0.04578304136052909,-0.32716280309389273,0.02911153477560025,4__0
41,2,2.1369063881461092,-0.1505114181866334,0.32727796933968906,0.40153608833031074,-0.04567549596934198,-0.32759213569918094,0.029083823333311366,4__0
42,2,2.1455862125759326,-0.15066645030951092,0.32724318663897817,0.39997910106613416,-0.045719833922170966,-0.3274168104162751,0.029095152002607594,4__0
43,2,2.1014380184494503,-0.23780376980315932,0.3319532553299173,0.4090455941966505,-0.04438374775436616,-0.3293744792351516,0.030443790391539813,4__0
44,2,2.1091013907478953,-0.23822968041098383,0.3319284173429751,0.40768560068763315,-0.04441896862950753,-0.32922725571295486,0.030458202967373994,4__0
45,2,2.1067254840347407,-0.2381095226026298,0.33194314605521463,0.4081049353555597,-0.04441920298231031,-0.3292683270578448,0.03045312257956828,4__0
0,0,0.9051454016148563,-0.13460232250271387,0.4169862888816817,0.3903575669786532,-0.04789168015881397,-0.3019519203408847,0.029733814936260705,4__1
1,0,0.9645211416522259,-0.13587135674720385,0.4219061342627833,0.3902181601620996,-0.04786002134686158,-0.3004455321113113,0.0297133001874215,4__1
2,0,0.9998886078939397,-0.13098910302352784,0.4254060755580751,0.3896714758681568,-0.04783446254205361,-0.2991534243444816,0.029618028112150956,4__1
3,0,1.0286795490486023,-0.12696853753585546,0.4280307010486291,0.38936998637695575,-0.04778830440922632,-0.2981573500886247,0.029540030652498522,4__1
4,0,1.0497794616261233,-0.12402353205052886,0.4301438098378159,0.3891073840744412,-0.047740501773064596,-0.2974094429895643,0.029484684966797754,4__1
5,0,1.0658041232710713,-0.12179286775861944,0.4318064896729761,0.388896104173889,-0.04770479106427251,-0.2968345039179038,0.02944291385967456,4__1
6,0,1.0602361523805803,-0.12288617982195177,0.43126333407082773,0.3889501631983892,-0.047722093620474186,-0.2970311636841018,0.02946230039019127,4__1
7,0,1.0587978358402093,-0.12313177506937308,0.431154844531003,0.38895795304566316,-0.0477263321377099,-0.2970778376559841,0.029466819586132842,4__1
8,0,1.0306893860226092,-0.11886728733265595,0.42838223936123865,0.3896985832414598,-0.0476563660670361,-0.2988374170017431,0.029416444918893645,4__1
9,0,0.9549650774434884,-0.10769718701996771,0.42212659408333497,0.39069587849098736,-0.04751144454404681,-0.3001729504094751,0.029295736703608636,4__1
10,0,0.9160848848156837,-0.10937174686595502,0.4186776394989996,0.3907498934539989,-0.04757242359427608,-0.3008017573509737,0.02934549760658588,4__1
11,0,0.9023738084949684,-0.10992953108235866,0.41740532901938765,0.39076176673238544,-0.04756230105413735,-0.30103648271744105,0.02936516085121267,4__1
12,0,0.9035237802313814,-0.1098543157760917,0.41751777026353265,0.39075581104436724,-0.04756012402388168,-0.30101556151689896,0.029363381125022625,4__1
13,0,0.8978848694253857,-0.11102315845004565,0.4170370218063501,0.3907595004811795,-0.047582582004187135,-0.3011126850775558,0.02938402863791159,4__1
14,0,0.8924356184852696,-0.1121487831160904,0.4165337994308303,0.3907710102449367,-0.04760388597443382,-0.3012112004061993,0.029403808321791087,4__1
15,0,0.8846827982227753,-0.11422657682712965,0.41579763373195683,0.39077511898107725,-0.04764087158484569,-0.3013531325865161,0.029438970708040496,4__1
16,0,0.8774020545481356,-0.11617168402728051,0.4150571508150814,0.39078879421928625,-0.047675078945444004,-0.301492336210399,0.02947174108853906,4__1
17,0,0.8811131591349677,-0.11470483362034245,0.4153349138824271,0.3907870127208527,-0.047650690726128826,-0.30142588748771265,0.029448130628944653,4__1
18,0,0.8821748796591331,-0.11434221933237369,0.4154047420983905,0.39078915286497473,-0.04764439894674928,-0.30140840423292353,0.0294421877440676,4__1
19,0,0.8869969145256761,-0.11243222070702132,0.41566647806491697,0.3908382806673708,-0.04761116781780716,-0.3013398815591861,0.029411011025881846,4__1
20,0,0.8904649043034646,-0.11106171185464087,0.41595038705005327,0.390852579361473,-0.047588180641585376,-0.30127920058422786,0.02938889474880843,4__1
21,0,0.9074280267270012,-0.10729536764775717,0.41788999443734276,0.39075330785295825,-0.04752163523459961,-0.30092403087507025,0.029325151328984937,4__1
22,0,0.9223000079138662,-0.10404954401905783,0.4198096715284222,0.3906171842008153,-0.047503773316987435,-0.3005735921265647,0.029267742827451548,4__1
23,0,0.9323918737329028,-0.10253656207189077,0.4214397697228204,0.3904533314798017,-0.04750313767459678,-0.30030168307706295,0.029239632220591734,4__1
24,0,0.9286217603733171,-0.10399082551994948,0.42078990297924496,0.3904976267967152,-0.0475142618788258,-0.3004083653985587,0.029263181918399363,4__1
25,0,0.9250604247470374,-0.10535677639672426,0.4201838692970811,0.39053669902515337,-0.047523802494278754,-0.30050854325854126,0.02928536228007449,4__1
26,0,0.9320227127541049,-0.10392455892124239,0.4213796538246579,0.3905018567621107,-0.04751717622565721,-0.3003303628117593,0.02925970923800745,4__1
27,0,0.9267854568089366,-0.10431886759169355,0.4170479860927985,0.39138044594177235,-0.04747185719480021,-0.30088517103686574,0.029260856276198618,4__1
28,0,0.9289163926597646,-0.10381390195134478,0.4168274231103244,0.3914753023957443,-0.04746691039217104,-0.30089173144716275,0.029250809646806295,4__1
29,0,0.8929211720799427,-0.10050394038354464,0.4187446293681915,0.39114200621064715,-0.047386158003748034,-0.30224029343099135,0.02923461865462786,4__1
30,0,0.8757064278436816,-0.09846792484918156,0.4185606173478299,0.3915991964192277,-0.04736500473062563,-0.30308354797699716,0.02895794719170143,4__1
31,0,0.868496754364272,-0.09814348117530224,0.4184516683725743,0.39164432950102473,-0.04736589027324289,-0.3034264513896521,0.028842875940298756,4__1
32,0,0.8536916148920494,-0.09935876346323413,0.41740200622239276,0.3920167989667842,-0.04738370214898971,-0.3043260424340619,0.028600342204942807,4__1
33,0,0.8613510379797963,-0.09836721089479707,0.41804555498718343,0.3918205971102116,-0.04741571422593428,-0.3038253658912293,0.028722211109325685,4__1
34,0,0.8620990237826176,-0.09833795014465824,0.4181233738309638,0.39180508550634136,-0.047415086759161576,-0.3037797673250175,0.028734713602392402,4__1
35,0,0.86334755877058,-0.09828196761625714,0.4181878369884218,0.3918078859103676,-0.04741498051677753,-0.3037148913264546,0.028754562414723364,4__1
36,0,0.8719803754831754,-0.10196037481543307,0.41845150867196806,0.391877015980064,-0.04745334866088282,-0.303435006786883,0.028896758019718735,4__1
37,0,0.8984730598286126,-0.11335152182886638,0.41974291864713315,0.39198571158944395,-0.04757535957498915,-0.3025172752046447,0.02933776212862183,4__1
38,0,0.9013511523689659,-0.11467336749226319,0.42014694110829964,0.3919455993232876,-0.04759204056697412,-0.30238616672075125,0.029388692406949798,4__1
39,0,0.9262204007274171,-0.12598661207339631,0.4236726851677725,0.3913990641958386,-0.047738131346207656,-0.3012078299123395,0.02982790762828069,4__1
40,0,0.9305118329923947,-0.125205018442169,0.4241152310910762,0.39131221914572384,-0.0477263527532462,-0.3009312387704934,0.02989666985689485,4__1
41,1,0.93659059575925,-0.12391546822658679,0.4248404363667621,0.39115572074397315,-0.04787586023656508,-0.30046695839217896,0.029980939827660667,4__1
42,1,0.9378080763945053,-0.12345420370611734,0.4249560340532152,0.3911381866587731,-0.047868292358650616,-0.30038379129424525,0.029999753204403595,4__1
43,1,0.939284738521267,-0.12289932618553931,0.4251247468216663,0.3911185455360872,-0.04786268036281733,-0.3002801610762814,0.03002248826584883,4__1
44,1,0.9515916159483025,-0.12188391305785799,0.42652602860465283,0.3909841862295322,-0.04783455233528217,-0.2995512750811117,0.0302202158212931,4__1
45,1,0.9584716604332872,-0.12029794753969406,0.4272920533154927,0.3909108446533551,-0.04781241959457473,-0.29911208611347273,0.030327384676982518,4__1
46,1,0.9688640269655024,-0.11790466563773382,0.42585541006595035,0.39138795573984875,-0.047804300471404146,-0.29878677817461563,0.030455851990200636,4__1
47,1,0.9537008675163927,-0.11771954600412968,0.4263603800321013,0.3911950808954139,-0.04787784999174065,-0.29934702907571237,0.02988071747472969,4__1
48,1,0.9394792935287504,-0.11566192257256223,0.4259918214437477,0.3911181732367898,-0.04791670521550296,-0.29962177370790694,0.029359774692769968,4__1
49,1,0.9343789882685836,-0.1151431039373375,0.42567109167225625,0.3910591466994603,-0.04790576603083687,-0.2997421650798197,0.02940558083748831,4__1
50,2,0.9328895146026859,-0.11566215437063128,0.4255494817847014,0.3910458376189185,-0.04791008723746083,-0.29979130992658914,0.02943259451543585,4__1
51,2,0.9328869704073878,-0.11566287397791697,0.42554917594053154,0.3910458077258614,-0.04791009263832675,-0.2997913966000817,0.029432637764252114,4__1
52,2,0.9334209134496827,-0.11544040670888242,0.4256255510071944,0.3910498479838113,-0.047908237719546075,-0.299769826131515,0.02942213815291264,4__1
53,2,0.9329352408925924,-0.11557542073675739,0.4255442661941758,0.39104354785445233,-0.0479091399217881,-0.29978857661616337,0.029430394625843796,4__1
54,2,0.9331811148317992,-0.11547314549216806,0.4255920796366368,0.39104282855780187,-0.047908401572882425,-0.29977715742030525,0.029425592705165468,4__1
55,2,0.9371080457055044,-0.11360468678305073,0.42622385979432165,0.39101146324703234,-0.04789359042485973,-0.29959602106079675,0.029346221380233645,4__1
56,2,0.940873336482005,-0.1118195062101464,0.42680366896109795,0.39103905229810343,-0.04787751687371005,-0.2994371194058979,0.02927016045496784,4__1
57,2,0.9442661633907365,-0.11022470960289439,0.4273410628688452,0.39110652186477257,-0.04787250559759011,-0.2992992702076246,0.029200949572452665,4__1
58,2,0.9458304319984828,-0.1099431031691431,0.42756555090376397,0.3911355195415514,-0.04787083294812586,-0.2992461120511677,0.029178677542549877,4__1
0,0,1.0654141589311852,-0.16556994499381456,0.3826797625371715,0.38738822417384255,-0.047892032002938546,-0.30094247724837225,0.029752736013031165,5__0
1,0,0.9429017103605761,-0.1617715994060629,0.38819099634761883,0.39313200323022146,-0.04796188710334499,-0.30041880617897865,0.029660077536721924,5__0
2,0,1.0512204056523364,-0.1650194417376755,0.3832390993858922,0.38807983838042615,-0.047764345474757317,-0.30094165102725107,0.02975050572929307,5__0
3,0,0.9582693564642515,-0.1621354455271707,0.38742720367593764,0.3924445905671515,-0.04780385627654656,-0.3005453998183994,0.029681551320608957,5__0
4,0,0.9642769404890479,-0.16232154604719376,0.38715601462969823,0.3921623332805386,-0.047801320667490384,-0.3005711751048048,0.029685989085885142,5__0
5,0,1.0387734934360284,-0.16462526395774185,0.3837863493587169,0.38866012167813996,-0.047770121377577045,-0.30089302343177604,0.029740764659036596,5__0
6,0,1.1077252864546865,-0.1667535123911694,0.38066068308591744,0.385416476593355,-0.047741487443905016,-0.3011931395604354,0.029791208855703556,5__0
7,0,1.1632939291419095,-0.16827620466998747,0.3759909881459127,0.3866884194662903,-0.04769161478296296,-0.30250933521103013,0.02978329696940202,5__0
8,0,1.236858813115162,-0.17055468616306438,0.37283659497123917,0.3828666440512327,-0.04766411417633513,-0.3027365467869408,0.029840943126152354,5__0
9,0,1.4141656299809702,-0.17515257273785362,0.3573115998548866,0.3878105681698376,-0.04724451190022659,-0.3072814994651627,0.02982026408233023,5__0
10,0,1.4627173240960951,-0.17666390871288282,0.3553486906743826,0.38504992990178855,-0.047232676537639115,-0.307369246679032,0.029860492129964902,5__0
11,0,1.5726771471595895,-0.18007798840287736,0.3508868972185891,0.3787958354909829,-0.047206352872679234,-0.307573535045159,0.029951019204023512,5__0
12,0,1.8835443585516771,-0.18970379440724253,0.33822482334268034,0.3611095352596135,-0.047133363052733024,-0.30816759931427595,0.030205220216820552,5__0
13,0,1.8763939480106795,-0.18949095034387498,0.3385225635379041,0.3615144074032868,-0.047145453148769306,-0.30814925748080385,0.030198756787854157,5__0
14,0,1.85417717089997,-0.18900947588462574,0.3407537688460645,0.36046021229381103,-0.04728714287594075,-0.3074262205077311,0.03020160055781336,5__0
15,0,1.9239528892252766,-0.19071767427666214,0.333885362382952,0.36369544396865156,-0.04710806294144183,-0.30958464299968597,0.0301758906347468,5__0
16,0,1.9945096476212776,-0.19234092947998213,0.3260576417417854,0.36854279009292645,-0.04688759508812189,-0.3122107842456679,0.03013194939656509,5__0
17,0,2.045513723925229,-0.19358447349073643,0.3210658102457341,0.37083083698121166,-0.04675885563038087,-0.31377091037672533,0.030113438870697624,5__0
18,0,2.0748886708714314,-0.19440886156448076,0.31891866605036073,0.37085523269861587,-0.046759567431404477,-0.3142945613624866,0.03011424447709269,5__0
19,0,2.161963191544633,-0.19875055694643645,0.32935062327523357,0.3402765224192012,-0.0475232768421152,-0.30762592407531025,0.030457423412727398,5__0
20,0,2.1922266358608313,-0.20024840455577414,0.3330174610214713,0.3296319465595309,-0.04779139181061545,-0.3051886796724742,0.030576317218248484,5__0
21,0,2.1707518282974467,-0.19918978900420567,0.3304342920798392,0.3371671351300842,-0.04760141800555336,-0.3069093759727263,0.030492393695443758,5__0
22,0,2.177942242804534,-0.19954275106193128,0.3312926042780196,0.3346505095672133,-0.04766492874325559,-0.3063363152964678,0.030520338075677052,5__0
23,0,2.139659328167492,-0.19852025030877268,0.3343834634847093,0.33415235505407614,-0.04767519628451829,-0.30551710055270426,0.030525792231685077,5__0
24,1,2.110020992078719,-0.1977235471792681,0.33564088323555613,0.33555358899906235,-0.04771827794659216,-0.3058818403783661,0.030505848046448646,5__0
25,1,2.128599785710231,-0.19823798508709153,0.3344783107026938,0.3352712266214324,-0.04773107015967799,-0.30597875635492366,0.03050827498311184,5__0
26,1,2.1436580093666726,-0.19844864179623425,0.33221508908043834,0.3373823303569702,-0.04759769933832995,-0.30674006229618594,0.030489725767087174,5__0
27,1,2.1577932190529303,-0.19864549726173328,0.33009393116690333,0.33935397075991536,-0.047472914867592184,-0.3074527033727701,0.030472313685903876,5__0
28,2,2.097279908483496,-0.1971095605746024,0.3327924385890747,0.3426000715646198,-0.047724181680485485,-0.3076418429392163,0.03041807413232614,5__0
29,2,2.0640565262169766,-0.19611619760770466,0.3341873466472018,0.34440781789768077,-0.047650211636228415,-0.30782093745026734,0.030401680906906998,5__0
30,2,2.055247286780386,-0.19590445800096454,0.33494901975531277,0.344289822459067,-0.04767973755228459,-0.30755236783292744,0.030401711990586517,5__0
31,2,2.0595471731269255,-0.196034299599642,0.33472260788300634,0.344089964750862,-0.0476878315658279,-0.3076075500402932,0.030403471745153794,5__0
32,2,2.0044081631166373,-0.3021763285098471,0.3412961235594329,0.33904881584650753,-0.046500292183698534,-0.3059184261401176,0.032845212570631374,5__0
33,2,2.0167764478521133,-0.3029812756068658,0.3399122351824471,0.3398053801538089,-0.04648386253591968,-0.30644868645433354,0.03284691920801169,5__0
34,2,2.001486263825427,-0.3019915619512218,0.3416218853855602,0.3388785292231644,-0.04650394244734568,-0.3057948290974495,0.03284492277113648,5__0
0,0,0.9629301946850126,-0.16718687119617565,0.38205510141454746,0.39119450766467956,-0.04795200716247724,-0.3009766447387224,0.029753275835893888,5__1
1,0,1.004062064582082,-0.16346481298848317,0.3858953313643712,0.3900136907255412,-0.04788430957973604,-0.3000703857660659,0.029709827985254393,5__1
2,0,0.990526897386817,-0.16400448467626888,0.38448121350614783,0.3901849107710279,-0.04788281490493043,-0.3008208010789807,0.029712771044611886,5__1
3,0,0.9611065786076092,-0.16489557158878748,0.3821951999428341,0.38996440454560766,-0.04790514022490906,-0.30159591610173386,0.02971986729962576,5__1
4,0,0.9431055477380679,-0.16623693095749298,0.3806348222580307,0.389843398758998,-0.047938957057620565,-0.3020917532286353,0.029738687032637483,5__1
5,0,0.9485486326401855,-0.16573833929648824,0.3809206403726844,0.3899387378138144,-0.047926720533529955,-0.3019676131427547,0.029729387560517653,5__1
6,0,0.8340802610016826,-0.15112798991680887,0.36956827092437067,0.3923373599144961,-0.0477824704354188,-0.30855377231975495,0.029342968921293976,5__1
7,0,0.775787519865933,-0.1437271953389236,0.3639871595428848,0.39261065600831946,-0.04773008500071936,-0.3099134052995747,0.029151498770984618,5__1
8,0,0.7452156961679143,-0.13983593738649633,0.36068210198982176,0.39279741406496904,-0.04770194993869912,-0.31066343582957107,0.029048105224604676,5__1
9,0,0.7715147112026831,-0.1431613344359373,0.36335837808733334,0.39280635869341285,-0.047719922282649284,-0.3100689707288452,0.029134463689230023,5__1
10,0,0.7636291585473773,-0.14216562583326542,0.3624765967043729,0.3928444843383173,-0.04771852979069415,-0.3102606133537092,0.02910741953577514,5__1
11,0,0.7989190057121816,-0.14658946052698132,0.3656454384425363,0.3929037631367738,-0.0477550409156993,-0.3094976521545507,0.02921784176751246,5__1
12,0,0.8355490927975148,-0.15098934860506777,0.36631246511268817,0.3937387375089542,-0.04772401575604326,-0.3090826600206286,0.029309845271339497,5__1
13,0,0.8157913531561115,-0.15310039718525553,0.3635255248680291,0.3943520704189543,-0.047736047837895326,-0.3107611944541149,0.02933454414892094,5__1
14,0,0.8097897143127127,-0.15421815105812464,0.36290194886237337,0.39427208516595347,-0.04775715867627548,-0.31087442474769184,0.029354029947799707,5__1
15,0,0.8093790197829897,-0.15431065250821144,0.36284990515714816,0.3942685889628853,-0.047758273071668446,-0.3108835898003045,0.0293556576364961,5__1
16,0,0.8078890605630268,-0.15479726369583754,0.36264081921523367,0.39426117627952373,-0.047765248208294565,-0.31092046389506006,0.0293643980252507,5__1
17,0,0.8151413288407581,-0.1524260279447694,0.3636749166288594,0.39432521015621164,-0.04773069463952378,-0.3107459679452016,0.029321761568416514,5__1
18,0,0.8207847130109084,-0.15098606321552036,0.3645024901865754,0.39435222685154847,-0.04770842426689566,-0.3106072647227727,0.029297307349708288,5__1
19,0,0.8200185089094203,-0.15123749806624184,0.36439561094879175,0.3943444877321549,-0.04771210777397109,-0.31062537704106785,0.029301845235930397,5__1
20,0,0.8198410783422024,-0.1512951615747639,0.36437422474954295,0.39434172760269925,-0.047712985482286155,-0.3106291191875068,0.02930291150474532,5__1
21,0,0.8234126745364294,-0.1499909363434081,0.36476152715292864,0.39441632077062677,-0.0476936197455997,-0.31055944398658253,0.0292780787482496,5__1
22,0,0.8059186543065099,-0.15242002802341606,0.36223354182036593,0.39441754609506857,-0.047697865695266246,-0.31103931085666947,0.029314905840579348,5__1
23,0,0.7951513882402048,-0.15861681833000044,0.3611399033736595,0.3940871427135466,-0.04775078557435125,-0.31128077952901567,0.0294400534558589,5__1
24,0,0.783135527121806,-0.1649940562741407,0.36003445455233185,0.39363125940421506,-0.04780752721145038,-0.3115167386907486,0.029569699896349,5__1
25,0,0.781543484598455,-0.16553676052178412,0.3601103039691206,0.3936230573662819,-0.04780651335409484,-0.31172655516409764,0.029582462679745396,5__1
26,0,0.7754932924844665,-0.1636536350075894,0.35958628283374533,0.3937440118361295,-0.04777941831613665,-0.3120626671294842,0.029540952664076095,5__1
27,0,0.7568653974591549,-0.15818716032882668,0.3595820967243679,0.3936279571582702,-0.04771648442812431,-0.3128512717971237,0.029433345050073313,5__1
28,0,0.7739644190537843,-0.1630963631470493,0.35908246124071885,0.3939256056961616,-0.04778347130896346,-0.3122079019309107,0.02952404957470961,5__1
29,0,0.7770407068947276,-0.16401192042968815,0.3592049162655185,0.3939099387731369,-0.04779504592717589,-0.3120601058970584,0.029543047853329396,5__1
30,0,0.7775972338267171,-0.1641795573219739,0.3592415949186598,0.3939055835064108,-0.04779705692947165,-0.31203185680084056,0.029546638587544378,5__1
31,0,0.8003274712617898,-0.1710452881131774,0.3610803444183581,0.39357843348190924,-0.04789161027401764,-0.3108166635090399,0.029695988202973717,5__1
32,0,0.8068115199219147,-0.16885865046626108,0.36168361295783263,0.3935746231089161,-0.04788174364057792,-0.31035102510754475,0.02965318354890516,5__1
33,0,0.8159183778159538,-0.16523117722239536,0.36273736119449446,0.39352991639600987,-0.04786481433380611,-0.3096540382994983,0.02958324544552041,5__1
34,0,0.8197166920821377,-0.16325506371996917,0.36308614033866315,0.3935988845256787,-0.04785062684144595,-0.30937637322540024,0.02954354714664042,5__1
35,0,0.8241625419179367,-0.16102006315849135,0.3632358156546347,0.39373487474718777,-0.04783382448629148,-0.30909036879317425,0.029496654971178718,5__1
36,0,0.828071879347381,-0.15905312045951467,0.36344689580756945,0.393833171952501,-0.047819442015932585,-0.30882810045304926,0.029456099122503222,5__1
37,0,0.8526437320750893,-0.1676216320592002,0.36494942977400063,0.39375361813108106,-0.0479212572347605,-0.3076735149156121,0.029635285794253247,5__1
38,0,0.8816132631003795,-0.1781021764239714,0.3659012384144024,0.3937602534915941,-0.049699751196136274,-0.30590814829158103,0.02971638411773972,5__1
39,0,0.8944827585762571,-0.18252318092999,0.3667238914650388,0.3936835918579898,-0.049727347966714006,-0.30530292006704507,0.029811170055638807,5__1
40,1,0.9200928993994422,-0.1917752980316087,0.3679742642820561,0.3935852917792781,-0.05134856035228397,-0.30367739765620727,0.029882366437226804,5__1
41,1,0.926650614058365,-0.187785600864635,0.36697758273720105,0.394194790924821,-0.05145000528562243,-0.30339669618705384,0.029777895917708304,5__1
42,1,0.899307358562294,-0.17863370134580095,0.36710546814214784,0.3936367982092904,-0.051427664081539703,-0.3043527560193624,0.02959752077289397,5__1
43,1,0.9160745719214214,-0.17256515102473113,0.3673317106350657,0.39421023299517327,-0.0513035211778079,-0.3034482581187809,0.02947393849226968,5__1
44,1,0.9280673754299439,-0.16632609227003417,0.3668217856076858,0.3949903604972244,-0.051190915045536696,-0.30288391175014456,0.029340367007150977,5__1
45,1,0.9287306298988175,-0.16611290693059683,0.3664269517164768,0.3951223601963841,-0.05119072605758668,-0.30290691744315085,0.029344820344980226,5__1
46,1,0.9138523793053817,-0.1702309691941183,0.36658216654208303,0.39477660886999044,-0.05133881216441837,-0.30336596278314776,0.029056133139391586,5__1
47,1,0.9080054088253623,-0.17116213533531532,0.36609350607161406,0.3948164637677552,-0.05138524096833262,-0.30361380258045934,0.028926778108268228,5__1
48,1,0.9117614115611485,-0.16987645274758778,0.36626795438582477,0.39485056812050034,-0.05135963812955661,-0.30345713563343185,0.028894880178829817,5__1
49,2,0.915896630704829,-0.16874336078315816,0.3664514158033987,0.3948846727516864,-0.05133420726866308,-0.3032908844195221,0.0288658619550673,5__1
50,2,0.9205980120776487,-0.16778067299632446,0.3667001221890675,0.394948168196111,-0.05130779829515445,-0.30311092243002374,0.02883996354648563,5__1
51,2,0.9224994368894472,-0.16706002457311628,0.36680319028419683,0.3950041376177595,-0.051293485625638416,-0.30303753260689853,0.02882227810783962,5__1
52,2,0.9266945103598141,-0.16562935439081372,0.3660381928206665,0.39539972881722774,-0.05125566182458633,-0.3030173049183402,0.028779063301413787,5__1
53,2,0.9082710462155567,-0.16615708637750343,0.36501926910916765,0.39525128409822247,-0.051382989125575214,-0.30364126502449523,0.028325558172305244,5__1
54,2,0.8978716690932992,-0.16624378422891248,0.36381801175094397,0.3952290580497298,-0.05145147804773411,-0.3040012827566974,0.028056894915486373,5__1
55,2,0.8948157563207471,-0.1662657061515439,0.36325698277693963,0.3952791787464345,-0.05147004826673118,-0.30413512389145686,0.027974229910150136,5__1
56,2,0.8947040626705886,-0.1662736930124076,0.3632332707663985,0.3952815686404953,-0.05147078225256341,-0.3041405030844425,0.027971214926833226,5__1
57,2,0.8975806280292075,-0.16583429509236478,0.36386607493170087,0.39519478286720927,-0.05145031291186277,-0.30399097112520623,0.028046836232244063,5__1
0,0,0.7342145664145165,0.1101835482071226,0.6369859646426466,0.3868624429954466,-0.04782166646490718,-0.3004502106260685,0.029773262796325993,6__0
1,0,0.780099826016528,0.1103441638007416,0.6332589428172608,0.3843876379839027,-0.047783570697600586,-0.3004737462043714,0.029817325575814024,6__0
2,0,0.9243742604883227,0.11084847776132659,0.6215376991688629,0.3766041888115841,-0.04766425110234895,-0.30055371318329976,0.029955427558375488,6__0
3,0,0.9249100383067977,0.11084944474188235,0.6214961285361251,0.3765529359795073,-0.047664354063537286,-0.30054785628134384,0.029956191808060105,6__0
4,0,1.018135413908833,0.1112744866901594,0.6136997887663549,0.37400245186586284,-0.04752746204568508,-0.3012946274942275,0.030016637250912376,6__0
5,0,1.0443270138439924,0.11142200611997531,0.6115405556810516,0.3726696985319341,-0.04744384717565499,-0.3013575814841963,0.030044505653705186,6__0
6,0,1.0618540468116278,0.11146813839668754,0.6101181788373563,0.3717646695279941,-0.047447243832302276,-0.3013759820127545,0.030059284991848772,6__0
7,0,1.2646732087957082,0.11264726809419309,0.592253508795918,0.37721168789043624,-0.047092464250272914,-0.30599064078734756,0.03005001368337997,6__0
8,0,1.3422481202531293,0.11292707830112057,0.5857875790120284,0.3750904653837095,-0.04706141206874918,-0.30660257081202,0.030093422271867572,6__0
9,0,1.49375336723852,0.11310466658284787,0.5739677290123874,0.3692607302410334,-0.047088211621902167,-0.30496051668168594,0.03019059965060995,6__0
10,0,1.3986407775104277,0.1127475998236459,0.5819358983243684,0.3718015729616147,-0.04712883852072016,-0.3040762627251502,0.030138860143356493,6__0
11,0,1.3059677006175823,0.1124007087988106,0.5897024953980421,0.37428399781454946,-0.04716778973652564,-0.3032089916935284,0.030088933544226076,6__0
12,0,1.2733499564226967,0.1123306831306573,0.5923253383057036,0.37644215484840327,-0.04714936003050326,-0.30325212664525214,0.030057188028064084,6__0
13,0,1.2504692641279624,0.11228172377369168,0.5941662451847657,0.3779559119283166,-0.04713629057916669,-0.30327999383215637,0.03003508710672083,6__0
14,0,1.3424858297792246,0.11247793408659124,0.586758525546098,0.3718688329978939,-0.04718944625832487,-0.30317800034231596,0.03012326010719724,6__0
15,0,1.3819837730794284,0.11256185034608944,0.5835768185772906,0.36925624277613606,-0.04721253046933433,-0.3031387393516791,0.030160790814803922,6__0
16,0,1.371090414760448,0.11253879475145881,0.58445488172311,0.36997670391208265,-0.047206087138914714,-0.30314826837313513,0.030150531235132734,6__0
17,0,1.4214073765417974,0.1126448664366983,0.5803963637991437,0.36664924099544566,-0.04723621803243515,-0.30311049115087235,0.030197482680844084,6__0
18,0,1.412437110323442,0.112626034755744,0.581120396314949,0.36724237431565493,-0.0472307782351794,-0.3031160723636379,0.030189193411375766,6__0
19,0,1.3837693964492985,0.11256611027682041,0.5834359550425003,0.36913771112646937,-0.047213167762304345,-0.30313009298274907,0.030162970064255095,6__0
20,0,1.375869348837243,0.1125496704321066,0.5840745309103291,0.36965994808585945,-0.04720825054722688,-0.3031328701625818,0.03015581992127016,6__0
21,0,1.394378193903183,0.11258800884049508,0.5825772890856703,0.3684365718781885,-0.047219926213898464,-0.30312898892999884,0.03017238746075178,6__0
22,0,1.4074782982051701,0.11261501400689769,0.5815167498850731,0.3675708137515396,-0.04722830308665962,-0.30312815507659796,0.03018397919967596,6__0
23,1,1.463854379689643,0.11297695094020666,0.5764186676633214,0.3700134920451198,-0.047109998148770205,-0.304797613117448,0.030165212406890116,6__0
24,1,1.4671611529203819,0.11302083586072245,0.5760865817147789,0.3704942072198749,-0.04708365325850984,-0.3049906701891577,0.03016106309631695,6__0
25,1,1.492254906413682,0.1130569770769963,0.5740773771920087,0.3685313383795783,-0.04711115762819511,-0.3049173119794871,0.03018561799842904,6__0
26,1,1.4572740773173964,0.11300686913488998,0.5768808821288312,0.37126493387188975,-0.04707256232607335,-0.3050132702972055,0.03015181068032071,6__0
27,1,1.454712546928195,0.11298433991880028,0.5771269606028395,0.3709903528345892,-0.04708166459148809,-0.30489239293404435,0.03015457320617128,6__0
28,1,1.4270418784858931,0.11295212712036339,0.5793339582014757,0.3733237120358543,-0.0470463041209275,-0.30500507504824237,0.030126597877131598,6__0
29,1,1.3860098034699282,0.11263652976080632,0.5827274042694726,0.37671976357576414,-0.04731353896570999,-0.30503847071653856,0.03006621296915001,6__0
30,1,1.3471838965120415,0.11233970424414777,0.585941069725591,0.37992887298362715,-0.04756499867337647,-0.30506277247491387,0.03000971252272156,6__0
31,2,1.311113441144062,0.11206564990725486,0.5889291931486788,0.3829061219219734,-0.04779728175457185,-0.30507844585150007,0.029957825147032345,6__0
32,2,1.327529857683445,0.11207433921856436,0.5876184877079653,0.38152757290856143,-0.047830632007664284,-0.3050205895057404,0.029972802746551414,6__0
33,2,1.2893515008615593,0.11205426177822114,0.590670212170178,0.38472868174928737,-0.04775297220521687,-0.30514679121381816,0.029938503759868982,6__0
34,2,1.2706933527815403,0.11213173073190422,0.5919781147531966,0.3884736340851166,-0.04765865002053883,-0.3057856291337693,0.029898373361742267,6__0
0,0,0.664960016106173,0.11061948556360959,0.6443629854966869,0.39019068829740433,-0.0479143694054663,-0.2997700641687802,0.029689258153408567,6__1
1,0,0.6776273700355744,0.11154530503582256,0.6452680783906942,0.39047275398247805,-0.047890888357208734,-0.29941860302247414,0.029665856872917427,6__1
2,0,0.7670936041682432,0.11914927072768285,0.6491310146767438,0.3897998953121875,-0.047653076926900406,-0.2983387136082785,0.029547380578665437,6__1
3,0,0.7668262503635958,0.11912743060278654,0.6491165551171381,0.38980123414393375,-0.047653783812591874,-0.2983418703125784,0.029547752476348325,6__1
4,0,0.7833505694832337,0.11988734558593467,0.6502944704930919,0.3896783545130893,-0.0476323442922184,-0.29811307096938483,0.029528690573535136,6__1
5,0,0.7750845189993523,0.1192237542942063,0.6497248371257043,0.38976636910762874,-0.04764961976699898,-0.29822290394766104,0.02954055443829321,6__1
6,0,0.7900901250763157,0.1206875409345424,0.6500220881585658,0.38964769281922895,-0.04757878120720212,-0.29807562961940454,0.029523302338022195,6__1
7,0,0.7873192156401825,0.12046339850757135,0.6498360538403541,0.3896767812357084,-0.0475840202344184,-0.29811227786793076,0.02952729937772366,6__1
8,0,0.7849525202118451,0.12027168254643868,0.6496771361224224,0.38970148528442494,-0.04758849352886572,-0.29814350833005876,0.02953071205856895,6__1
9,0,0.78307217341638,0.1201164507209523,0.649558287209922,0.3897105415343663,-0.0475923502648778,-0.2981651368467233,0.02953351992950752,6__1
10,0,0.7793408852745503,0.11982447974140437,0.6492718594095983,0.38973357931861424,-0.04759945374695229,-0.2982153184217158,0.02953920236214816,6__1
11,0,0.7903236568403049,0.12008344991131685,0.6501914459533398,0.38966519996363475,-0.047585167830779915,-0.29805694488268675,0.029528500765889542,6__1
12,0,0.8021365706278316,0.12032522036536912,0.6512907447972381,0.3895864370636621,-0.04757629671748885,-0.2978791424577991,0.02951632035666946,6__1
13,0,0.7850573593812057,0.11790930300605312,0.6500713401464738,0.38979388886510336,-0.04761870977805467,-0.2980949805088598,0.02955195496905094,6__1
14,0,0.7690365522925108,0.11567467899905241,0.6488206353995644,0.38999190667960326,-0.04765762316192121,-0.29830219891607274,0.029585654865410795,6__1
15,0,0.7694994702490254,0.11571122676886883,0.6488567533862979,0.3899881510244173,-0.04765722105453283,-0.2982961907091229,0.029584928494744967,6__1
16,0,0.7563421892816562,0.11379218690992222,0.6479578783366362,0.3900892113730536,-0.04769256809310729,-0.29844345884765155,0.029613156316773737,6__1
17,0,0.7359192796968634,0.10914901414852281,0.6474725766952149,0.38378023428267444,-0.04781154312471944,-0.2969546890967102,0.029749937553493148,6__1
18,0,0.7276797472225314,0.10794558150932615,0.6469880314798053,0.38388767562965836,-0.047838653721224825,-0.2970669609658492,0.029766102892644013,6__1
19,0,0.7195788173545065,0.10678366983245248,0.6464529458847385,0.38399581622857804,-0.04785962958413659,-0.29718189491518865,0.02978246072929204,6__1
20,0,0.7108088784732557,0.10557828131091165,0.6456913007423287,0.38412007256760006,-0.04788194947561324,-0.2973147590035999,0.02980062492796479,6__1
21,0,0.7148857733358776,0.10582649155044765,0.6460449680052629,0.384066757016251,-0.04787481827904047,-0.2972501775068803,0.029795485562380868,6__1
22,0,0.7195457702447865,0.105686652425602,0.6459981486728866,0.3837259971430692,-0.04789278021333732,-0.29669305383414274,0.029798884973496052,6__1
23,0,0.6904866217947713,0.10988108512885589,0.6444535836315676,0.3848737203924825,-0.047685234173943096,-0.29863304048265954,0.029770219986854928,6__1
24,0,0.6611502342684009,0.11447346712097671,0.6417706393085926,0.385823103181093,-0.04758242888124867,-0.3005611692614507,0.029739445228986205,6__1
25,0,0.6479269850502252,0.11659823522156791,0.6403828698194282,0.3862574424208745,-0.04753465906614599,-0.3014391931253362,0.02972607858150729,6__1
26,0,0.6444787633024895,0.11704602088416025,0.6399977149819736,0.38637458837058697,-0.047522896656710605,-0.3016724768637654,0.029723839230163314,6__1
27,0,0.6381094936387838,0.11801486841104192,0.6381419821316855,0.38665936901142905,-0.04749262867043248,-0.30218954874661313,0.02972508897782497,6__1
28,0,0.639837624505817,0.11787165799540396,0.6383188932269026,0.3866090122040366,-0.04749754805832745,-0.30207466563066715,0.029725368051766624,6__1
29,0,0.6413052794232317,0.11774804513593508,0.638476564358028,0.38655835950424594,-0.04750349163863636,-0.3019745837721647,0.029725563960134777,6__1
30,0,0.6438211360658594,0.11756534509309326,0.6386676349878341,0.38647606861483474,-0.04751606671649415,-0.3018082124071911,0.029725857342154608,6__1
31,0,0.6505829214322462,0.11735189198299094,0.6391977701917794,0.386243255599351,-0.047574790231316604,-0.3013438358971586,0.029721850760836513,6__1
32,0,0.6602587723727141,0.11720640331896141,0.6396248032801071,0.3859406909315982,-0.047591335283350876,-0.3007273678871874,0.02972079239927828,6__1
33,0,0.6685925993036502,0.11317023668121193,0.6408182426657463,0.3858130807431493,-0.04763958891610296,-0.30026971318739165,0.02975451354669034,6__1
34,0,0.7000075085085494,0.0981918324786678,0.6449355923480147,0.3853396668282835,-0.04790436036189574,-0.2985435982613668,0.029875448202653497,6__1
35,0,0.7129410147796788,0.09917698748033889,0.6452310018423814,0.38508639898132324,-0.04792617589204244,-0.29775477521700866,0.029860835914853806,6__1
36,0,0.7300438696738242,0.09074142340145466,0.6479325496924639,0.3846697581422164,-0.04802851828983977,-0.29677548683331456,0.02993180315968273,6__1
37,0,0.7265355029798156,0.09247865410631068,0.6473549521362653,0.38472265056867316,-0.048008163065408706,-0.2969687806453328,0.02991769533217345,6__1
38,0,0.7428687327635242,0.08444911236176152,0.6500116632358396,0.38448046671609226,-0.04810206153432516,-0.29607417113069423,0.029982898503943044,6__1
39,0,0.7686182088898854,0.07169550433409955,0.6545671334881991,0.3838255685491649,-0.048258943087569006,-0.2945807541705024,0.03008727347710164,6__1
40,0,0.7936389844791504,0.059779984840233065,0.6581727922764917,0.38323042597207546,-0.04842865561934244,-0.29317749263269066,0.030186715832431085,6__1
41,1,0.7995454145210454,0.06048519702851261,0.6584148733534412,0.3830352905881492,-0.04843087517328285,-0.2927992724545299,0.03017829129942351,6__1
42,1,0.7953122980151429,0.058768924390305864,0.6582929557776213,0.3832025363050846,-0.04843915661261125,-0.29309769723945767,0.030196342864665437,6__1
43,1,0.7959074521239872,0.05892076045713101,0.6583474590763319,0.38317940879579043,-0.04843891159028215,-0.2930556634837564,0.030194500432654835,6__1
44,1,0.7962880943745442,0.05901669337609956,0.658386274839657,0.3831645984104518,-0.04843878229978726,-0.2930287128558038,0.03019331247443095,6__1
45,1,0.7974116058744933,0.0593053123085489,0.658448442038715,0.383124169015155,-0.04844003260664759,-0.29295283330082633,0.03018992511121667,6__1
46,1,0.7968377993378883,0.05917848526174841,0.6584077624120273,0.38315263743365274,-0.048441754068921455,-0.2929922382673942,0.03017546134267834,6__1
47,1,0.7980131640939523,0.05947966327948206,0.6584716163698675,0.3831123819297586,-0.04844095305193586,-0.2929149911675104,0.030171263123041765,6__1
48,1,0.7986839044548204,0.05964759805325593,0.6585264244636644,0.3830887518356313,-0.04844062680906523,-0.29287000641909466,0.030168801564151852,6__1
49,1,0.7960519430795968,0.05901177268661261,0.65819243992401,0.38318658185755256,-0.0484410554114493,-0.29305324792885223,0.03017892618534267,6__1
50,2,0.7978837025293425,0.05914952670008505,0.6583606867373885,0.3831295144454639,-0.04844906465432,-0.29293674685574034,0.030175099677193225,6__1
51,2,0.8002669634170051,0.05982680609041768,0.6580210747801442,0.38305312963801946,-0.04845105259639327,-0.29277484425939426,0.030168699198118223,6__1
52,2,0.771858288565024,0.06951853389022895,0.6642269899951041,0.3831063055151588,-0.04838730221602912,-0.2935954368961989,0.030042549865856645,6__1
53,2,0.731160483070008,0.09536196881506645,0.6524497697278162,0.38245240418223275,-0.048006801732203314,-0.2966555197837786,0.029065058137848862,6__1
54,2,0.7189623796104027,0.1030085879391062,0.6490420872680972,0.3823043996879474,-0.04787767442192239,-0.2976486275787863,0.02877471735779138,6__1
55,2,0.711258622699629,0.10405107745316161,0.647493190830037,0.3822795110255012,-0.047829471695757644,-0.2984058395459081,0.02857329852790668,6__1
56,2,0.7050217523705077,0.10335795181024919,0.6464541356876733,0.38224374107297426,-0.04784871815507034,-0.2990470375232975,0.02840075075151516,6__1
57,2,0.7041512712612,0.10334088703373778,0.6463162756713365,0.3822383953388336,-0.04785061257960736,-0.29913166059319857,0.028377482811771486,6__1
58,2,0.7008377116855099,0.10263891551988508,0.6459257176276223,0.382212696062883,-0.04786454076882956,-0.2994659395141421,0.028287016812063373,6__1
0,0,0.7205016838153463,0.14713927500575,0.5117854409583387,0.3899288504954934,-0.047917502157992696,-0.3000789396220795,0.029710247926180083,7__0
1,0,0.7748945147035222,0.1468855304169025,0.5088537155916784,0.3869587960629519,-0.047896212695865595,-0.30005953887510795,0.029725784040718184,7__0
2,0,0.8246879127688247,0.1467636100706955,0.5058986715483642,0.3845316108215164,-0.04786135542828046,-0.3005472202279632,0.02973741944843248,7__0
3,0,0.8778330743850123,0.14650066407874968,0.5030655212449412,0.3815864349968701,-0.047843225083604723,-0.30045976080993575,0.02975271453608681,7__0
4,0,0.8903087843690112,0.14648385156115504,0.502308078846374,0.38098955156984715,-0.04782517820286029,-0.3006038319132611,0.029756055652813782,7__0
5,0,0.9732962806057556,0.14637223694539836,0.49726341571424365,0.37701658548749656,-0.047705608618674296,-0.3015651921845095,0.029778034615668723,7__0
6,0,0.999174593881356,0.1463375070323498,0.4956882019042866,0.37577681391162643,-0.04766848528224832,-0.3018660025392389,0.029784804612066028,7__0
7,0,1.0178959290714138,0.14631244117237385,0.4945469735969219,0.3748792378155859,-0.047641756313605246,-0.3020844242194465,0.02978963657556036,7__0
8,0,1.0129909112891096,0.14631899180945881,0.4948464453215692,0.375114595658174,-0.04764872340019026,-0.3020269705675787,0.029788389125754322,7__0
9,0,1.0227979514300198,0.14630593017379928,0.4942466829402174,0.3746436138114724,-0.04763487038921611,-0.3021423281663162,0.02979084361097586,7__0
10,0,1.0366998291219114,0.14628746856046812,0.49339498344975763,0.37397535930095965,-0.047615349253681175,-0.3023065847931606,0.029794263099081075,7__0
11,0,1.0965484164963826,0.14620823539121697,0.48972145699467656,0.3710956528059075,-0.04753183895165741,-0.30301706383801796,0.029808711188827677,7__0
12,0,1.1125993827250586,0.14618705509288352,0.488734290281165,0.3703225369022266,-0.04750959200968167,-0.3032085555050343,0.029812508762758767,7__0
13,0,1.1212454793422888,0.14617568536494568,0.48820143146969935,0.3699056335716785,-0.047497693298772146,-0.30331224148774627,0.029814510588467742,7__0
14,0,1.1351037449927468,0.14615752770767848,0.48734548751463785,0.3692366456464158,-0.04747876435976616,-0.30347933380744346,0.029817645594516076,7__0
15,0,1.2498163733885053,0.14564243027985316,0.47934143054669287,0.3672447191110718,-0.04677269409949122,-0.3034390293612676,0.02983071780354875,7__0
16,0,1.2990566937050132,0.14508524702196174,0.475262151210132,0.3682299444933091,-0.0466541726036627,-0.3038703463949255,0.029800030121367616,7__0
17,0,1.3081480008418012,0.14496856620725018,0.4743801994009807,0.3687154562439563,-0.04662464103836319,-0.30403716170400036,0.029790862772181233,7__0
18,0,1.3099543604832415,0.1449562996944951,0.47430251352385405,0.3685783360010036,-0.046624709717944,-0.3040043889491002,0.029791687123887724,7__0
19,0,1.3415074725525737,0.14464622609852026,0.473062468832309,0.3660814587448878,-0.04668795813333436,-0.30324847221121426,0.029803108806196,7__0
20,0,1.306724839152092,0.14494551776183734,0.47453809673358016,0.3687249170733136,-0.046623620525786384,-0.303883596575148,0.029791698947613052,7__0
21,0,1.3954656188714119,0.143947785310884,0.4685953466102399,0.36714553340033856,-0.04665548785673604,-0.3037362792772398,0.02976179414446238,7__0
22,0,1.4239039005852587,0.14342968176050783,0.46487524633447097,0.37097733652128373,-0.04655428902306103,-0.3049164261975301,0.029703023782931146,7__0
23,0,1.4373644531944616,0.14332190462961567,0.4643508088619639,0.3698187075365676,-0.04658284469790417,-0.30463973241454306,0.029708694585751295,7__0
24,0,1.4600844929080516,0.14307398378144975,0.4628523564051264,0.3693222922991556,-0.04659359713299608,-0.30458745917176133,0.02970164974489774,7__0
25,0,1.4573410208544102,0.14310376188494547,0.46303377089607356,0.3693826576262388,-0.04659227824403443,-0.30459340726737794,0.02970251381507095,7__0
26,0,1.5028135917920673,0.14243690516062113,0.4591565642014474,0.37065814125409985,-0.0465598368352279,-0.3048896804322618,0.029661878169702963,7__0
27,0,1.5425250124289125,0.14173674661783414,0.45466539889300184,0.37441203447393256,-0.04646347111982428,-0.3058985067371743,0.029596487563477387,7__0
28,0,1.4770514939840689,0.1428846497301174,0.46206480847228043,0.3682679646370467,-0.04662111539922204,-0.30423664722208416,0.02970414686582599,7__0
29,0,1.5205267092564154,0.14212282895257755,0.4601459271323266,0.36595609352815517,-0.046698800546602956,-0.30251093428030035,0.02970246467393219,7__0
30,1,1.5196387648764744,0.14213539375017012,0.4601583059098721,0.36606859186354734,-0.046695521956658444,-0.3025644237024152,0.029701774434206296,7__0
31,1,1.4759426761679224,0.14274996007531293,0.46078991827804694,0.37158787976924534,-0.04653452330421468,-0.30517629353314013,0.029668340182252503,7__0
32,1,1.4433013015058842,0.1432061912706744,0.4612788210447425,0.3756980540680202,-0.04641451613534897,-0.3071118861088854,0.029643769881781325,7__0
33,1,1.4452986041118911,0.14318535246748554,0.46123166600625065,0.37546392219661184,-0.04642096778212331,-0.30702640182086677,0.02964510311935879,7__0
34,1,1.4111675729112154,0.1432303948266943,0.46224335506494924,0.3794071919190262,-0.046609828188779436,-0.3083631689856637,0.02960467017753532,7__0
35,2,1.3778384048206869,0.14327408043962908,0.463246874550327,0.38324601351074505,-0.046793114113083616,-0.30965534704403197,0.02956573375084227,7__0
36,2,1.526512817689449,0.1424834008363467,0.45346154472558864,0.37894187752360203,-0.04567066587506425,-0.30750931349632,0.029593641890812428,7__0
37,2,1.5110090084639844,0.14274833068421927,0.4560907976768166,0.37547612305521705,-0.045882233918979644,-0.3066390431504284,0.02963479799582292,7__0
38,2,1.5115610842481335,0.14273475813004083,0.4559814462468983,0.3756407184446637,-0.04587588067107111,-0.30668088737423066,0.02963273299940055,7__0
39,2,1.4972944247026363,0.14279143189745283,0.4564292237195238,0.3773892250276024,-0.04581742616521802,-0.3069386602766925,0.029623627773868805,7__0
40,2,1.4894039539390604,0.1428225370711811,0.45668092709297436,0.37835270372783136,-0.045785198841684804,-0.30707875328947276,0.029618704637225275,7__0
0,0,0.784476897945353,0.15213595694642787,0.5178011430678667,0.38923870019575607,-0.04785520398615345,-0.29813118279998074,0.029625697339734938,7__1
1,0,0.8257817536387999,0.1553078928544695,0.5218102213268566,0.388743519246383,-0.04781739701029892,-0.2968676635636023,0.02957253775130204,7__1
2,0,0.8347310636956452,0.1563988260035003,0.52267749064633,0.3886281609981313,-0.047803887704921846,-0.2966046277233914,0.029556555675636833,7__1
3,0,0.832549409229301,0.1561795969826394,0.5224614224417911,0.38865537430239167,-0.04780645913290226,-0.2966703043329658,0.029559931485908516,7__1
4,0,0.8581137504229691,0.15790393479843257,0.5248002373875627,0.38841482685007694,-0.04776513906984626,-0.2959094775370662,0.029530566718040743,7__1
5,0,0.8572442992324587,0.15781096471289016,0.5247214000172647,0.3884240219411676,-0.04776696522673405,-0.29593450560533785,0.029531941485814013,7__1
6,0,0.8660407578778907,0.15901917403216925,0.5254953836197718,0.38832746159325404,-0.04774500821615887,-0.2956898899849271,0.02951505384160276,7__1
7,0,0.8743952469975604,0.1601732600198899,0.5261872985755134,0.3882461774815944,-0.0477235851970671,-0.29546249119879914,0.0294988248852147,7__1
8,0,0.905143055727874,0.1626852463493406,0.5289280535870001,0.3879727132659143,-0.047667640363130315,-0.29456663475437617,0.029458671317214705,7__1
9,0,0.9089716279954841,0.16323000232739712,0.529260788338408,0.38793269366155875,-0.04765780034100246,-0.29446120397917136,0.029451129782800813,7__1
10,0,0.9113995359126015,0.16357294953879167,0.529489362309046,0.38790400844353334,-0.0476517834162936,-0.2943924384637277,0.029446436703445655,7__1
11,0,0.921558000295514,0.16540881454829715,0.5304424605618382,0.38777219371045085,-0.04762177508783549,-0.2941141364807106,0.02942247027002495,7__1
12,0,0.9251505887715982,0.16590065503853638,0.5308240829333088,0.38772229817547715,-0.04761353162062212,-0.29400751586102564,0.02941585373566282,7__1
13,0,0.923780557457645,0.16578358847538716,0.5306638764012077,0.3877416932012994,-0.04761567457853304,-0.2940512787235306,0.02941756319242702,7__1
14,0,0.9383494177294655,0.1669618852793785,0.531544282323498,0.38725238262987494,-0.04760509605645361,-0.2928501123837452,0.029399101540758046,7__1
15,0,0.9171925958467192,0.16833119531103008,0.5289951718440152,0.38803694089486773,-0.04757281789279376,-0.2947038309905161,0.029389193809193068,7__1
16,0,0.8537422255720535,0.1713318217624452,0.5210520157435607,0.388227816341058,-0.04759050247862247,-0.295924908933223,0.029375837558775802,7__1
17,0,0.8157835692780759,0.17581942863744163,0.5155469502091257,0.38837800708799886,-0.047561913041665335,-0.2967567979029979,0.029336524584639295,7__1
18,0,0.7991727984529766,0.17780656579141577,0.513020946290147,0.3883964247051637,-0.04754949641970502,-0.29711672073734313,0.02931949305371114,7__1
19,0,0.7922720508733546,0.17832925671771205,0.5122671178248347,0.3883638753983125,-0.04755089588930137,-0.29723108838290807,0.029316430598968476,7__1
20,0,0.793102220584321,0.17840153937693762,0.5122219111922081,0.3883927150954179,-0.047547614932192825,-0.29723510042243245,0.029314919321503524,7__1
21,0,0.7380833867486493,0.20041954362424222,0.506383005326625,0.3880204193603876,-0.04724635359688246,-0.2990655527126217,0.029101716409330097,7__1
22,0,0.7159336103115411,0.20913845836757125,0.5043532167151374,0.38780283890696504,-0.04713072772587061,-0.29976609311968133,0.029018505903636065,7__1
23,0,0.6780857562673477,0.22440124394058933,0.4997793355040228,0.3874950805746017,-0.046919876902142124,-0.3010475448387995,0.028870875612237,7__1
24,0,0.6525540457421388,0.23491739849654725,0.4959854741318323,0.3874682770833305,-0.04676523919508768,-0.3020655548289058,0.028766669896634765,7__1
25,0,0.6100403540749537,0.2535419882408418,0.486184274829449,0.38811609801093383,-0.04645488068903957,-0.304144278078999,0.02857059426331862,7__1
26,0,0.6089522726703698,0.2539918287460379,0.4860057143991836,0.388118008325106,-0.04644810311777834,-0.3041893935320329,0.02856609068551599,7__1
27,0,0.632174700583776,0.2445129864514447,0.48940046001004683,0.3883891386925813,-0.046581169302144614,-0.3033256707787932,0.02865693528054423,7__1
28,0,0.6274353560812929,0.24645690294395484,0.4886509824996212,0.3883442560309415,-0.04655331732439968,-0.30350786284744213,0.028638137966341487,7__1
29,0,0.6444267371886857,0.24021972704602632,0.4892811711052683,0.3889080143364172,-0.04662090944856748,-0.303080364265185,0.02869142423826163,7__1
30,0,0.6178006229017465,0.24835824705858497,0.49298976756508733,0.3871084200520103,-0.046587922549388025,-0.3032367957405618,0.028639665282623857,7__1
31,0,0.5930279735447092,0.25827921003636134,0.49063597157878625,0.3871284879572598,-0.046487650002425183,-0.30471428083559154,0.028180045624702957,7__1
32,0,0.5774779325743575,0.2576917042992535,0.4890875949788371,0.3874001983919921,-0.04650020290001449,-0.30554907608513276,0.027909211063734462,7__1
33,0,0.5729446623042758,0.2575204918879879,0.48879612557456725,0.3874447858745323,-0.04648093424651529,-0.30578011410048794,0.027834702365391317,7__1
34,0,0.5741689234329326,0.25700616887650934,0.4889247624791412,0.3874501013403406,-0.04648593503944993,-0.30570743973827486,0.02785743462325662,7__1
35,0,0.5829656765513981,0.25329891656240777,0.4899026990446881,0.38753050560619506,-0.046521319483368094,-0.30519135190250896,0.028020922615950336,7__1
36,0,0.6059435118963676,0.24381417110399076,0.49218488633901025,0.3876630918999431,-0.04661159450097043,-0.3038515255596666,0.028442530621224548,7__1
37,0,0.6086818246088066,0.24437253264594586,0.4923135709831825,0.387650024218027,-0.046660281630953745,-0.30371764921630373,0.028481445336834617,7__1
38,0,0.6128199421689889,0.24522841570859555,0.49222492465529977,0.3876931051660241,-0.04671504748946241,-0.30355388112490056,0.02853743946870961,7__1
39,1,0.6162495599328631,0.24673477454414364,0.49204872918646736,0.3877291212856211,-0.04672234896019116,-0.30345147945836776,0.02858224553734523,7__1
40,1,0.6200075826379464,0.2450610098237181,0.49216636268910813,0.38779288749529917,-0.04695657315724389,-0.3031968276044937,0.02862986204642683,7__1
41,1,0.6076170246569937,0.2501994888520477,0.49155032849038416,0.3876455341024289,-0.046949304892446656,-0.30384512609783204,0.028411426677855917,7__1
42,1,0.6115083553397537,0.25213959930873714,0.4915472352758713,0.3876133860023042,-0.0469082727799543,-0.3037192550708669,0.028467152694392726,7__1
43,1,0.6148396961511952,0.25379162638112807,0.4915738168225351,0.38761215373779184,-0.04688085439049516,-0.30361319327132713,0.02851429698071558,7__1
44,1,0.6195847166426011,0.25634779355597587,0.4916971371315469,0.38751874500413186,-0.04681387978094917,-0.30345836965153405,0.02871784776530887,7__1
45,1,0.6255077639027622,0.25964533912803806,0.4916335303715434,0.38753530422123134,-0.04678275325351008,-0.30328427833127053,0.028791449210506064,7__1
46,1,0.6358171633619767,0.2632248719115177,0.49161464557322343,0.38759932706713895,-0.04692249594573947,-0.30288855906420215,0.02891429289641,7__1
47,1,0.6401810166769157,0.26118366779096364,0.49214958693317046,0.387647240237639,-0.04693897486664833,-0.3026256986226164,0.02890243182165448,7__1
48,2,0.6713492589425851,0.24759859278278498,0.49338941298244493,0.38871380743448575,-0.047014270166637014,-0.30111125370838043,0.02880874914055174,7__1
49,2,0.6895293572991154,0.2566745516914292,0.48255538634972045,0.3912243067246313,-0.046756656207644375,-0.30181695903595096,0.02854441361095564,7__1
50,2,0.6917095979841783,0.25808570794516117,0.48270914848561525,0.3912297449531236,-0.04675330949288892,-0.3017390442473595,0.028503306079822745,7__1
51,2,0.6730156317320588,0.2671345557197315,0.4804919108999495,0.39087372842271706,-0.04640506475811036,-0.3029008239651899,0.02856746372874702,7__1
52,2,0.6688245984688544,0.26927075451893057,0.47967196065495543,0.39103645289774097,-0.046393894930218,-0.30322025609332964,0.028478491094809787,7__1
53,2,0.6655325064330777,0.2687772518325684,0.4792018020348811,0.39115108418839645,-0.04641373299864037,-0.3034079493626955,0.028417141738809916,7__1
54,2,0.6636799503040965,0.26845439620076894,0.4789839343453815,0.3912058882825998,-0.046425745231672665,-0.30350702290979403,0.02838358264524927,7__1
0,0,0.7942989257177819,0.11861391502635335,0.44052391816291636,0.38744896017669506,-0.04787895064550856,-0.3006553041943943,0.02971905063054153,8__0
1,0,0.8160070525273638,0.11837849220619301,0.43966214569285195,0.38650453665496237,-0.047864378773163865,-0.3008745415023679,0.02972237940246699,8__0
2,0,0.8559132612507774,0.11794629795382372,0.4380753214273594,0.38476731663083086,-0.0478377573981925,-0.3012786398488909,0.0297284237993778,8__0
3,0,0.8812151513214214,0.1176726856867227,0.4370673685073727,0.3836650975134261,-0.047820995988388224,-0.30153560997619416,0.029732203219305742,8__0
4,0,0.9089559356525957,0.1173952204948053,0.4359475835135869,0.3824595634654527,-0.04778425361355941,-0.3018260422346592,0.02973747255001644,8__0
5,0,0.9322816144781454,0.11716234049256338,0.4350039828677576,0.3814450451721649,-0.04775347754520979,-0.3020710795166295,0.02974184269763112,8__0
6,0,0.9727007024515382,0.11675960034205081,0.43336507566372723,0.3796854733267004,-0.04770037084596805,-0.3024972400019984,0.029749301711180495,8__0
7,0,0.9766151321667376,0.1167206796937911,0.4332059556322298,0.37951489903592517,-0.047695250864194745,-0.30253867415845836,0.0297500122430667,8__0
8,0,0.9862916731112115,0.11662468709302118,0.432811554457413,0.37909279542930285,-0.047682655525289094,-0.3026415291498483,0.02975173736142793,8__0
9,0,1.013146411142896,0.1163589343280302,0.43171388285629075,0.37792005328621403,-0.04764788168843332,-0.3029282442098442,0.029756432410791425,8__0
10,0,1.0260392883341898,0.11623167797405336,0.4311853098157363,0.3773563604350851,-0.04763127912626369,-0.30306654033089075,0.02975863937955372,8__0
11,0,1.03448042039911,0.11614859023955097,0.43083815106503054,0.37698684520052433,-0.047620472987704804,-0.3031575305299438,0.02976005174346895,8__0
12,0,1.0331696937983714,0.11616145462683304,0.43089223630141643,0.3770442978605503,-0.047622140529942854,-0.30314332884486106,0.029759837754472218,8__0
13,0,1.0452879959805257,0.11604287936840327,0.4303904569269076,0.37651239410047477,-0.04760682433069499,-0.30327533684515984,0.02976176458941985,8__0
14,0,1.049547364755642,0.11600133541991267,0.43021345250646015,0.37632517242849106,-0.04760147809866423,-0.3033219950471194,0.029762422870750215,8__0
15,0,1.0614282348198276,0.11588584224724893,0.42971786932230494,0.3758021690475753,-0.04758667365353651,-0.30345289680917015,0.029764203860417084,8__0
16,0,1.0646360341395056,0.1158547682935308,0.42958354189886083,0.37566074149787876,-0.04758270686083454,-0.30348845222122983,0.029764669216528233,8__0
17,0,1.0610164682285963,0.11588178902050998,0.4297401955359439,0.37581919635484806,-0.0475940015185843,-0.30344528797323733,0.029763734911442876,8__0
18,0,1.0310388077382242,0.11601203673581495,0.431095111734762,0.3771175865751619,-0.04776761825810656,-0.3030529990606925,0.029751161088109875,8__0
19,0,1.095069078228424,0.11540676815748989,0.42759048639399044,0.37593175524541905,-0.04766641185991902,-0.30423207842972894,0.029739550595269372,8__0
20,0,1.0689407467367538,0.11573732899672479,0.426647165697803,0.38133337054218974,-0.04758322253810389,-0.305122909814116,0.02968866151850448,8__0
21,0,1.1137815617830982,0.11497094432553666,0.425452402033994,0.3787816401537025,-0.04765384043729389,-0.3043118010978744,0.029692538052169325,8__0
22,0,1.107714401899657,0.11507968831588025,0.4255978351306452,0.37914481423876145,-0.047643380634895566,-0.30445143872581676,0.029691889567227514,8__0
23,0,1.1493946680155762,0.11433586848000873,0.4245871431522634,0.3766492179143301,-0.0477153609643701,-0.30350019294701913,0.029696102663862443,8__0
24,0,1.235705607129212,0.11288561755594348,0.4221996759295999,0.3717487458549009,-0.04785129844067234,-0.3020171935046454,0.02970191754940096,8__0
25,0,1.4490350911847671,0.1091059129422705,0.4169262002954896,0.3589459387577029,-0.04822215708836891,-0.29719426161622936,0.029721110207952116,8__0
26,0,1.429583731264071,0.10944891782699143,0.41741287600155774,0.36011361826610094,-0.04818828064938584,-0.29762995577495305,0.029719481960795345,8__0
27,0,1.5103859259376253,0.10803097190854583,0.4153663759476545,0.35526163926051246,-0.04832926723403487,-0.29583730685211723,0.029725728527854992,8__0
28,0,1.5328007421489471,0.10776186984656631,0.41155315753257626,0.36064465498002984,-0.04819515954229538,-0.29723978508144583,0.02965181218559864,8__0
29,0,1.5424642464336322,0.10762294687582975,0.4105348707613582,0.36166056926697016,-0.048170949435678845,-0.2974786637631702,0.02963453939385499,8__0
30,0,1.5302887408222927,0.107797093175923,0.41181680078071364,0.3603888318536598,-0.048201239383682266,-0.29717788373693704,0.02965626801210221,8__0
31,0,1.5278661803063123,0.10783958307645124,0.4118587398472275,0.3605813706887693,-0.04819577115319391,-0.29724264659095856,0.02965562027112852,8__0
32,0,1.628989695932008,0.10629843668259335,0.4041505960000466,0.364905696170623,-0.048105261086787365,-0.2980285713223619,0.029543837831003096,8__0
33,0,1.624813395268756,0.10636173454735792,0.40446921144361575,0.36472902622289605,-0.048108944862543815,-0.29799579645568985,0.029548457304998842,8__0
34,0,1.6227619791862755,0.10639736485019964,0.40450046311651644,0.36490550740920336,-0.04810394800101651,-0.2980528980076513,0.029547804187213794,8__0
35,0,1.609562975511952,0.10662527171596373,0.4047071824667763,0.3660392638972115,-0.048071799826483685,-0.2984164774472277,0.029543721956713072,8__0
36,1,1.595755762358149,0.10693259481317453,0.40470695891126895,0.367435851078549,-0.04802727071630618,-0.2991908068477497,0.02953768266058879,8__0
37,1,1.5923629820202228,0.10699137035182132,0.40471759138540336,0.3677759350193894,-0.04803114083988053,-0.29937428219816853,0.029535344298758523,8__0
38,1,1.6326663610987573,0.10609993124811219,0.40467862621238826,0.3637166278567785,-0.0481653089393835,-0.29714724138228366,0.029551895702429602,8__0
39,1,1.6418520637714298,0.10592323710920996,0.4045849461723845,0.3628697025464513,-0.04819194171659978,-0.2967868498212118,0.029554891025174446,8__0
40,1,1.635864603700105,0.106037677438664,0.4046489848713097,0.36342065505670534,-0.04817460054157047,-0.2970195360370815,0.029552998090266683,8__0
41,1,1.6061126666325438,0.10631887876116464,0.405138279652798,0.36611133183657524,-0.048348202969718104,-0.2980700660046079,0.029528456307357273,8__0
42,1,1.5775523235226223,0.10658703248366815,0.4056215454641645,0.3686891576925744,-0.048513846002266256,-0.29906823267039384,0.029505286474104313,8__0
43,1,1.5879152373780392,0.10649038922225422,0.405441222649669,0.36775567678278304,-0.04845411254418278,-0.29870982642516214,0.029513550881059652,8__0
44,2,1.5928620354384313,0.10644457136746724,0.40535274760803996,0.3673109727821847,-0.04842577622515665,-0.2985405566675374,0.029517427218835518,8__0
45,2,1.5902677540421069,0.10646843303280783,0.40540041552046785,0.36754371625879667,-0.048440542737514795,-0.29862836608618826,0.029515430693821277,8__0
46,2,1.6213055559954772,0.10586393384288478,0.40499169926920503,0.3647178431059882,-0.048561911843273124,-0.29748230711489504,0.029521426690554933,8__0
47,2,1.6701249427260256,0.10525422285190754,0.3957050360948865,0.3785525914100249,-0.048266265516589975,-0.30075922793161536,0.02933032762631682,8__0
48,2,1.6480885113595392,0.10545948171989053,0.39853975153399257,0.3753249278285196,-0.048433169870956194,-0.30007390647845955,0.029376795339034447,8__0
49,2,1.6241760843011148,0.10580175535452467,0.39912645606372277,0.3774473802232402,-0.04834728126698838,-0.3003179692688747,0.029372887827141616,8__0
50,2,1.5594323311906455,-0.11053991935364725,0.4099448640345412,0.38649961771923586,-0.04606331172494971,-0.29642558977724187,0.032567033758175684,8__0
51,2,1.546193092238193,-0.10973603322572967,0.41025646728356696,0.38766018419447723,-0.046021828772332504,-0.2965668765520631,0.03255605012666873,8__0
52,2,1.5382195637766873,-0.10925565696841653,0.4104481611995806,0.3883576504408202,-0.045996890117472995,-0.2966498725953591,0.03254956345366153,8__0
0,0,0.7721912739981622,0.12430909894129533,0.4459878059909667,0.38967347148451636,-0.047845396241459885,-0.2990036181226918,0.02961164858907179,8__1
1,0,0.7899646091201751,0.125862732539808,0.4476711636130669,0.3895161605713117,-0.04782352029684832,-0.2984357822164201,0.029576222993556698,8__1
2,0,0.8597675138369449,0.13133433760962984,0.45397117256589914,0.38880175199765526,-0.047746023026024445,-0.2962100956030004,0.029447683217660423,8__1
3,0,0.8927156014083985,0.13332640878614999,0.4569739688777948,0.3884660055039018,-0.0477176887197757,-0.29514422020133757,0.02939527153842934,8__1
4,0,0.9191240492024044,0.13494352271723398,0.4594027751372167,0.3881930043102554,-0.04767576714398048,-0.29429352873550435,0.029354708783207777,8__1
5,0,0.9260465098406565,0.1358020783852111,0.4600390338797506,0.38811693294091393,-0.04765882039816789,-0.29407927747849466,0.029338138883752873,8__1
6,0,0.9359575880505043,0.13703894383630333,0.46089759434314503,0.38802464559430133,-0.04763378675816062,-0.2937801500026865,0.02931421999782193,8__1
7,0,0.9428900117087562,0.13789776535125953,0.4615455779868781,0.3879470262470761,-0.047616961052894494,-0.2935642841819499,0.02929771543574553,8__1
8,0,0.948325826830251,0.1385694457285306,0.46206788136372906,0.3878827631082844,-0.047603968813701686,-0.29339310492348186,0.029284853783966714,8__1
9,0,0.9528072178354294,0.139122628555233,0.4625040787826224,0.3878288327319445,-0.047593334073800245,-0.2932512807685227,0.029274291161804265,8__1
10,0,0.9567914381895862,0.13961589366499402,0.4628836773764226,0.3877896389518443,-0.047583631087400484,-0.29312774008157083,0.029264812417389655,8__1
11,0,0.9603071348287836,0.14005070203241898,0.4632224972360661,0.3877491685124614,-0.04757523818693651,-0.2930170407536344,0.029256544982663762,8__1
12,0,0.9670113804282142,0.14087922474714248,0.4638512868737663,0.3876782880749915,-0.04756209489374335,-0.2928075612437528,0.02924052833897113,8__1
13,0,0.9684380191653605,0.14098807628797577,0.46399793975752024,0.38766049923646706,-0.04755968052491859,-0.29276012116238187,0.029238131013703757,8__1
14,0,0.9817213172354028,0.14109498302634957,0.46538372182471544,0.38750184625477724,-0.047549758252599245,-0.29229808528984186,0.029228205211838453,8__1
15,0,0.9805377312340935,0.14100648812316852,0.46525169018619306,0.38751925157872585,-0.047546483040901186,-0.29234040104406306,0.02923055267555912,8__1
16,0,0.9804672585039508,0.14100086834441838,0.4652437822315053,0.38752028174410735,-0.0475466139010264,-0.29234282021109625,0.029230670342458943,8__1
17,0,0.9969632222883202,0.14124419455227147,0.4656554736103728,0.3877148119193699,-0.04753467096831139,-0.2919479704066714,0.0292124257458231,8__1
18,0,0.9750715584140208,0.14278731901343147,0.46335989605477873,0.3884366775620749,-0.047516188859128485,-0.29369575679104626,0.029202194374330213,8__1
19,0,0.9082039137021211,0.15028025675937567,0.45646874962731787,0.3884526026464254,-0.047531781269171285,-0.2929579500371718,0.02913522779408571,8__1
20,0,0.8680203016221844,0.155272866324607,0.45174530574769545,0.3886334453379849,-0.04707065223610535,-0.29275662819002296,0.029123866688185455,8__1
21,0,0.846167054746407,0.158025572055355,0.44919106080974525,0.3887258627980685,-0.04675116655788311,-0.2926720436356683,0.02912264644435717,8__1
22,0,0.8357609438625458,0.1592430347516438,0.44844652014208464,0.3886341831173956,-0.0465891659264756,-0.2925799211499714,0.029125773782807948,8__1
23,0,0.8283772802346955,0.1620875346741383,0.44823668936292727,0.38875829199336226,-0.04655419444208774,-0.2931146274838112,0.02909166183108475,8__1
24,0,0.7678198894417396,0.18642117366486405,0.4414094382831947,0.38947344633111264,-0.04626495624941215,-0.29557706027233027,0.028796841492023804,8__1
25,0,0.7498025978638011,0.19368448711127817,0.43930901994177224,0.3896562631116901,-0.0461782050705417,-0.2963539445481488,0.028709415489756925,8__1
26,0,0.6976816305261724,0.2149129481007422,0.4322616635182785,0.39045297407832186,-0.04591302775470313,-0.2987371178722457,0.028451363270986626,8__1
27,0,0.7022273848098419,0.21307732176007085,0.43284512818980314,0.3904032713225852,-0.04593533051010405,-0.2985362982536234,0.02847345403212283,8__1
28,0,0.726402269587671,0.2032171639125457,0.4358853616910294,0.39008099293820114,-0.04606233191056167,-0.29703283030607724,0.028591184339927654,8__1
29,0,0.7165438754045653,0.20710651933024601,0.4348335582947927,0.39005414929095084,-0.0460194746624885,-0.2974133643805299,0.02854584822695009,8__1
30,0,0.688574649921258,0.21748944930606623,0.4337397367246049,0.38944320072463057,-0.045928907071852806,-0.29822293392028176,0.028430529897860754,8__1
31,0,0.6611919195720309,0.22627538530297545,0.43689695664240125,0.3876572818037921,-0.04590834805150977,-0.29841514143788717,0.028346235870874755,8__1
32,0,0.63627240111183,0.23641382615246495,0.43441052984171447,0.38792609354176416,-0.045826502446868235,-0.29999901709692317,0.02786469176386415,8__1
33,0,0.6081427040501521,0.23314207216458058,0.4315452088758168,0.38844370693286,-0.04593706999393009,-0.30170672538768306,0.0273810867038281,8__1
34,0,0.6127443857585032,0.23366087821603732,0.432028898267225,0.388356501260459,-0.045935116873033345,-0.3014214659317841,0.027458849225686217,8__1
35,0,0.6052605614996984,0.23691967120028384,0.43101867417200607,0.38846407505902675,-0.04590608719198459,-0.3019257101334526,0.02731149751503885,8__1
36,0,0.6274058166173156,0.22766500690097055,0.43282713322945343,0.38860143108012385,-0.046017962812664126,-0.3006275103935116,0.027726613993758663,8__1
37,0,0.6296453125857082,0.2283453014814157,0.4327223554113123,0.3886700069938589,-0.046002725643927586,-0.3005485798444919,0.02775846662506527,8__1
38,0,0.6444031081917365,0.23021635819219247,0.42492143610637767,0.39106480568244495,-0.04581272476518267,-0.30107842736480117,0.02811888668424494,8__1
39,0,0.6384921457770184,0.23040101372233202,0.42555865744363747,0.39084906961283455,-0.04546603101496848,-0.30134250021472014,0.027954877013952897,8__1
40,1,0.6048124831199176,0.2461073203848089,0.42090391707445174,0.39192505314962994,-0.04534149357293742,-0.30359079635190356,0.026741907879537407,8__1
41,1,0.6252011389291086,0.23655004177777217,0.42414935292299655,0.391158702373912,-0.04537693836616604,-0.30218329249458575,0.02748650642692406,8__1
42,1,0.6246129057412826,0.23635102669849664,0.4240578282645521,0.39118913780740794,-0.04538374057365681,-0.30221953784603006,0.027462555333036646,8__1
43,1,0.6241692838404266,0.23620215886895654,0.4239939870039507,0.39121022620434354,-0.04538886708848501,-0.30224599639087946,0.02744471598276638,8__1
44,1,0.6234776382205103,0.2359738280915827,0.4238980091281365,0.3912351475201635,-0.04539374328775749,-0.30228615837159334,0.027417349818215222,8__1
45,1,0.6284372848665578,0.23690414936086188,0.42428542301678296,0.3912223517170505,-0.04535878623077188,-0.3020458193104229,0.02747466087118886,8__1
46,1,0.6262239113387321,0.23561833332443738,0.42408868914093045,0.3912761739240168,-0.04539449968584341,-0.30214893171556845,0.027385089536386777,8__1
47,1,0.6242486301495287,0.23450315650833242,0.42398128198842455,0.3913030198731071,-0.045416004757713097,-0.3022337963430255,0.027308207229823626,8__1
48,1,0.6227952879263704,0.2335894634052187,0.42401048770881417,0.39126207618257575,-0.04542955569695517,-0.3022792227811142,0.02734406710766356,8__1
49,2,0.6262269874360549,0.2351409674439833,0.42388789779566355,0.39137893362206655,-0.04540079143713306,-0.302176285546413,0.027271997075762933,8__1
50,2,0.6251401553350165,0.23447142358058698,0.4239485064900596,0.3913365116279528,-0.0454124279534428,-0.3022038291814533,0.027297919470802352,8__1
51,2,0.6162618366696175,0.23741026862869727,0.4268268016042274,0.3902785139012658,-0.04542843412374889,-0.3021599074025173,0.027339690924482563,8__1
52,2,0.6242440751946496,0.23334625824067548,0.4279099648183596,0.3900647490319999,-0.04546021012934483,-0.30159377617818844,0.02747480806737293,8__1
53,2,0.6242938911700888,0.23335047398368514,0.42791694497290955,0.39006284045748846,-0.04545999740948209,-0.30159035539566503,0.02747548508337669,8__1
54,2,0.6268747384317321,0.23379745958814613,0.4282407141940434,0.3899987841307553,-0.04544482410222485,-0.30142605364737446,0.027508682535057078,8__1
55,2,0.6293970790731559,0.2342324410478245,0.4285492934359661,0.38993993969527874,-0.04543003142646967,-0.3012674847186474,0.027540912646485265,8__1
0,0,1.1710971991745889,-0.03314280047434469,0.471305480192659,0.3709589940996222,-0.047977760348527076,-0.29989829421124126,0.029844670399605318,9__0
1,0,1.3936750075565572,-0.032707807800163455,0.4632119815097933,0.3595491344498304,-0.04800504515180871,-0.30012015875551434,0.029924801331329683,9__0
2,0,1.453341912335761,-0.03249872804737596,0.46071546360047705,0.35684293743703865,-0.04793913300909514,-0.30079236440016704,0.02994688247943176,9__0
3,0,1.534628306804579,-0.03231518078213955,0.45778067402000655,0.352625190054066,-0.047912449668351995,-0.30079877924452403,0.02997882870995026,9__0
4,0,1.6173950060925895,-0.03212860513337612,0.4547853775091677,0.3483290306875285,-0.04788552964422032,-0.3008084663908226,0.030011130491938726,9__0
5,0,1.6979516620450747,-0.03194734612814207,0.45186253953066197,0.34414588051944456,-0.047859593944218515,-0.300821256166841,0.030042328773199935,9__0
6,0,1.7452382174719008,-0.03184116080353493,0.45014204793097073,0.34168929402446047,-0.047844538929270417,-0.3008309055171858,0.03006048853888072,9__0
7,0,1.7859093506435122,-0.03175002860715165,0.4486578103523873,0.33957537710888924,-0.047831746976913656,-0.3008411907206417,0.03007596537567787,9__0
8,0,1.8212668065743545,-0.03167098701239847,0.44736334837100356,0.33773670354582497,-0.047820772411300616,-0.3008519820580772,0.030089287544766957,9__0
9,0,1.8522917947781712,-0.031601802941045413,0.44622362886530537,0.3361224499752732,-0.04781127927381147,-0.30086318144954727,0.03010085325247199,9__0
10,0,1.8797379255877393,-0.03154076126661334,0.4452117455508675,0.3346935820544519,-0.047803009511735606,-0.3008747132831098,0.030110968358307764,9__0
11,0,1.9077695423391332,-0.03147859201558714,0.44417435292258145,0.3332333427580204,-0.047794701827339456,-0.3008882444088326,0.030121173545545502,9__0
12,0,1.9159592628977824,-0.03146960852087853,0.4437407245777708,0.3331039527320327,-0.047784923675754085,-0.30097574112927017,0.030120728508108388,9__0
13,0,1.8670351654802537,-0.0315231083678256,0.44633628702854033,0.33388223470862566,-0.047843012916813324,-0.30045122105264144,0.030123565571091773,9__0
14,0,1.9515897294745292,-0.03143094588660013,0.4418411458541925,0.3325275183856984,-0.04774320380664812,-0.30136104362302574,0.030118339752088167,9__0
15,0,1.9325996833140038,-0.031451574252360226,0.44285288037605774,0.33283402819452657,-0.04776548273048276,-0.30115593311087513,0.030119588979456692,9__0
16,0,1.9438070498410975,-0.03140786259439423,0.4424599026455847,0.33216212673908196,-0.047743979256984474,-0.30114874765075617,0.030125700950733025,9__0
17,0,1.855227776976718,-0.03161608720535745,0.4455148783506562,0.3375072774186114,-0.0477418773474374,-0.30126747741919024,0.030088675284831074,9__0
18,0,1.9518035095418562,-0.030589762413817962,0.45539887305987486,0.30115805494423453,-0.048668802554090736,-0.29262806087490284,0.030463209041702993,9__0
19,0,2.080869143504767,-0.03050469071658094,0.45021747556654146,0.29508182864981575,-0.04883515698433932,-0.29288297725139495,0.030482844703828886,9__0
20,0,2.1045745109337575,-0.030540038337358556,0.4485338819731644,0.2956514643819326,-0.04882313196771539,-0.29339877959838423,0.030467302626783287,9__0
21,0,2.087828228227184,-0.03055240729342135,0.4491924470623784,0.29648938388769525,-0.04880019460473935,-0.2933758198584558,0.030464419486295462,9__0
22,0,2.0751319443403817,-0.030561743005278277,0.4496944365058544,0.2971254150806685,-0.04878274583313453,-0.2933572002623012,0.030462313277664247,9__0
23,0,2.040194035887885,-0.030587314778628107,0.4510834433187519,0.298877803334982,-0.04873456394768744,-0.29330253313557814,0.030456742660692353,9__0
24,0,2.0195647884644075,-0.030602341974724927,0.45190820725639674,0.2999138081449814,-0.0487060141516348,-0.2932681765344492,0.030453589990961552,9__0
25,0,1.9990540928368614,-0.030617209669715973,0.45273293807319676,0.3009451832112127,-0.04867752592464661,-0.2932318995898893,0.030450594569383625,9__0
26,0,1.9616974729216183,-0.030644152185458115,0.454243815310167,0.30282611970928663,-0.048625448528445234,-0.2931618790028542,0.03044539833959198,9__0
27,0,1.9398972390434712,-0.030659793680566927,0.45513075528939106,0.3039252522801866,-0.04859494364768743,-0.2931186610073102,0.030442520753340477,9__0
28,0,1.8700385059352327,-0.030709650454257928,0.45799008651189127,0.30745223723984394,-0.04849681771622518,-0.2929724583236043,0.030433806117411675,9__0
29,0,1.9191069122369526,-0.030771103202079285,0.45459531434281447,0.30819329802071765,-0.04848398762245744,-0.2939631925031718,0.03040365163895804,9__0
30,0,1.894190156415888,-0.03079018709964445,0.4556063897580977,0.30950491678898034,-0.04844743917007007,-0.29391910121334935,0.030400357236365645,9__0
31,1,1.866803579004627,-0.03081104267344213,0.4567249348274645,0.31094823341046574,-0.048407121004720326,-0.2938673519307441,0.030396950104887587,9__0
32,1,1.8620829561784387,-0.03081980603152401,0.4570681707749358,0.3108603967583519,-0.048428343909417595,-0.29375916066769103,0.030398911823796275,9__0
33,1,1.8192983192761438,-0.031002333500129514,0.45977045849570974,0.3121275387602666,-0.048412565755579444,-0.2917297784737247,0.030402994242336605,9__0
34,1,1.8047232572502037,-0.030971342194548668,0.46195094619771093,0.30956972902146257,-0.04848296065647228,-0.29026051435727446,0.030437689416017894,9__0
35,1,1.7688957402369239,-0.03112880669510895,0.46413559103451535,0.3108582466392623,-0.04846343614097233,-0.28862435127685454,0.03043927746272371,9__0
36,1,1.7344208560692402,-0.031279324151736135,0.46624365708274673,0.31210437441908234,-0.04844422469830535,-0.28705354804600086,0.030441076538352745,9__0
37,1,1.7014735420594111,-0.0314222020860971,0.4682640275035852,0.31330134392348225,-0.04842545398432773,-0.2855558201710992,0.030443058233997726,9__0
38,1,1.6701352961638378,-0.03155716817319922,0.4701912272639941,0.3144456880181012,-0.04840720474612511,-0.28413458204519154,0.030445195718764844,9__0
39,2,1.6710028714683605,-0.03155570358133646,0.4701072545703326,0.31448676575250445,-0.04840586352912291,-0.28419273999750194,0.030444325645161863,9__0
40,2,1.67871162459107,-0.031522463135748635,0.46963733310437783,0.3141858553141252,-0.04841097066064972,-0.28453639255551505,0.030443855353176973,9__0
41,2,1.6500031501048031,-0.031645357490897856,0.4713927772915211,0.31531156152830214,-0.04839158827404951,-0.28325963197205034,0.030445850737130718,9__0
42,2,1.6768520870685835,-0.03157032887988729,0.469215819252406,0.3155274385228814,-0.04837754893218158,-0.2847800448574485,0.030429770950236898,9__0
43,2,1.6474803167247836,-0.18495871467914543,0.4946458710482657,0.3076255488952021,-0.047104774246599125,-0.27821848689563666,0.03234029946286325,9__0
44,2,1.6488977646821523,-0.18504731341963693,0.49442856188078516,0.30790803191127236,-0.04709630865174076,-0.2783668992125531,0.03233744502932589,9__0
45,2,1.6195151662293048,-0.1832237862419371,0.49891933142183587,0.3020999304127983,-0.04727034905882197,-0.2753060451959383,0.03239645209406516,9__0
0,0,0.8065848075921221,-0.033801582547010364,0.48428419461857414,0.3899548381908702,-0.047917719251049026,-0.3000693346895694,0.029709943341676176,9__1
1,0,0.7982381250520401,-0.0344155726564449,0.48357675512823206,0.39004592057247545,-0.047925216051487717,-0.30035372652048586,0.02971851108077285,9__1
2,0,0.836304443403512,-0.030242118569191186,0.4867961862847156,0.38968672085501865,-0.047874162308317564,-0.2991523106737349,0.029664214464648384,9__1
3,0,0.8237405433538963,-0.03192995377991806,0.4857839941917463,0.38980471782549175,-0.0478942080878985,-0.29954382712485017,0.029685474989872278,9__1
4,0,0.8140116883347804,-0.033237145805206196,0.4849783609452732,0.38990008988309055,-0.04791703676832542,-0.2998467256622984,0.029701298087343255,9__1
5,0,0.8060070550425708,-0.03431158336832841,0.4843102326528374,0.3899789947048723,-0.047935784387677614,-0.3000964392545805,0.029714277713280512,9__1
6,0,0.8104361262636519,-0.03359947597218498,0.48464847255216653,0.3899391486642251,-0.04792407966462502,-0.2999617269952237,0.029705797777711655,9__1
7,0,0.8090932900053495,-0.03377954518850552,0.48454821264843395,0.3899487334606886,-0.04792730666375425,-0.3000021062204699,0.029708009024994427,9__1
8,0,0.8137810638133303,-0.03300631510293008,0.48487575022786616,0.389915517946533,-0.04791451580001034,-0.299863401391115,0.02969875122281417,9__1
9,0,0.8123419854392855,-0.03319643695700387,0.4847703050941833,0.3899246377296165,-0.04791796554479528,-0.2999063482144455,0.029701093441227015,9__1
10,0,0.8105494221851912,-0.0334315213564005,0.4846317223882249,0.3899375851859823,-0.04792220115448109,-0.29996067629550544,0.02970396547311346,9__1
11,0,0.8083995344354074,-0.03371092081142866,0.48445497248275443,0.3899554775656457,-0.04792719086433021,-0.30002705205040675,0.02970734426621254,9__1
12,0,0.8085598110419139,-0.0336971232581188,0.4844701813870732,0.3899539388776485,-0.047926898381691674,-0.30002188889817544,0.029707170773719854,9__1
13,0,0.8102749876379127,-0.03354171831274546,0.4846045612144277,0.38994526029576937,-0.04792350080477631,-0.29997012578136095,0.029705143691862116,9__1
14,0,0.8237237066818124,-0.033202458358087494,0.4859974239182351,0.38981937218612206,-0.04796381790143134,-0.2995060342397964,0.029695182766010325,9__1
15,0,0.8241096924772428,-0.033166414515084244,0.4860292105992876,0.38981713377436433,-0.047962957534833976,-0.29949425297205784,0.029694729340726436,9__1
16,0,0.832376355342753,-0.03216523742885619,0.4858311761996426,0.39000066780826875,-0.047936600379084905,-0.29934821279466667,0.029679768745618992,9__1
17,0,0.8181153897904285,-0.030561463554017867,0.4844149478259888,0.3905812605914189,-0.047855566164623435,-0.30077968736521943,0.029666258983105542,9__1
18,0,0.7934778113078971,-0.028221808912189093,0.48211625081615717,0.39075298262136576,-0.04786204272280625,-0.3017314609186605,0.029645588604171783,9__1
19,0,0.7914283447637388,-0.027903615592620064,0.4819191449626944,0.3907626891696141,-0.047857439183113436,-0.3018113394610388,0.02964290247680168,9__1
20,0,0.7958526708230679,-0.028475173071742944,0.4823973126725709,0.39072378299577,-0.04785768588683679,-0.30163461579126066,0.02964836992483269,9__1
21,0,0.7998716686264383,-0.02852061908081229,0.4828066088483968,0.3906729190674451,-0.04785324877391784,-0.30147243888149355,0.029648535761656433,9__1
22,0,0.7958058174376403,-0.02875446057104824,0.4823557025887731,0.3907481744747948,-0.047850693633100815,-0.3016470779475889,0.029651698695462886,9__1
23,0,0.7898555292746936,-0.029620004988499864,0.4817137267237333,0.39087705717383464,-0.047851234670194996,-0.3019056673594771,0.029661630122915266,9__1
24,0,0.8036389823298694,-0.028510889749855273,0.4830243204679188,0.390675486563083,-0.04785548119684329,-0.3013395741083461,0.029647066847335916,9__1
25,0,0.7955735771656576,-0.0307071805117999,0.48248043144674313,0.3908554716893569,-0.04786558513100683,-0.301670901802252,0.029671226317049736,9__1
26,0,0.798260431023357,-0.03068469688355013,0.48278722543189245,0.3908140434182862,-0.04786822494818545,-0.30155692119395827,0.029670504666107198,9__1
27,0,0.7936759421061143,-0.030738799279080544,0.48082497222377646,0.3912735643253366,-0.047853249658606864,-0.3019281467726606,0.029667093400663085,9__1
28,0,0.8033166294128247,-0.03154897042527599,0.4816858271445384,0.3912388480475288,-0.04786765114756256,-0.30155979629505525,0.029672636008908276,9__1
29,0,0.8088961542887606,-0.031158090719409417,0.4820115776222808,0.39134183571184133,-0.047861668201283486,-0.3015749306277572,0.029665974134573177,9__1
30,0,0.8164187660193472,-0.03067004688115803,0.48256194584627204,0.3912954380929687,-0.04786334272053309,-0.3012826395100119,0.029658777212648525,9__1
31,0,0.8247541644155487,-0.030042189244393114,0.48284126846309205,0.3913322845363066,-0.047861967478565304,-0.3009993774170856,0.029648855065972125,9__1
32,0,0.833273700649816,-0.02942861896605974,0.48325284667964097,0.39134063706594263,-0.047861594513755365,-0.30069555037564133,0.02963943646800409,9__1
33,0,0.8406028236163676,-0.028948119143247495,0.48380776968098677,0.39129901460139666,-0.047863016950802514,-0.3004108313941039,0.02963249297233435,9__1
34,0,0.8527893360765915,-0.029780072695304124,0.48523998398673135,0.3911591063799028,-0.04798724356138307,-0.29985732374363816,0.02963149969222227,9__1
35,0,0.8613353767907793,-0.029012146019234276,0.4850850315447877,0.3913163738756741,-0.048030911320744496,-0.2996058446842581,0.02961526298608267,9__1
36,0,0.8525901850455433,-0.025921087875256897,0.4872862158269609,0.3904274026697775,-0.04802377557405743,-0.2995530759402413,0.02959666978020155,9__1
37,0,0.7984046321277599,0.0033219539836932092,0.4767472680084611,0.39088859982211177,-0.04779091929447613,-0.2997947747669591,0.02861401639965133,9__1
38,0,0.7570958752374781,0.025964134088844338,0.46770545390619267,0.3914826808105519,-0.04760892266887172,-0.3000863496206541,0.02785465423907656,9__1
39,0,0.7662428661716431,0.021005755113577967,0.46975643376542336,0.39119606560817,-0.04764868891799185,-0.2999816555590507,0.028023431540179812,9__1
40,1,0.7656902405236705,0.02105783840236715,0.4696684359794,0.3912179261062941,-0.04764803876883453,-0.2999766881413454,0.028012608632317977,9__1
41,1,0.7586001963284158,0.021709157542131135,0.4685371028785852,0.39149428858613694,-0.04765683097407035,-0.29990849445431633,0.027873045293638137,9__1
42,1,0.7502963641024838,0.0225404325011945,0.4672357940548813,0.3914271481096527,-0.047624063781209015,-0.2997496791202613,0.027714798839414852,9__1
43,1,0.7382579750796747,0.022033696187985636,0.4653434362745667,0.39209098695721273,-0.04765409652301357,-0.2996153817835142,0.02747269866425886,9__1
44,1,0.7404284276419172,0.021872888427121248,0.46552811757314544,0.392065660052296,-0.047662826553330734,-0.2996495832374367,0.027511838243735355,9__1
45,1,0.7833565275644401,0.032936846094568394,0.4675904937827888,0.3913146255129959,-0.047408204743459775,-0.30104417898807795,0.02834597105791958,9__1
46,1,0.784474603412974,0.03307810495957508,0.4676480227621816,0.3913020240097358,-0.0474042647071898,-0.301074276489474,0.028366869196654054,9__1
47,1,0.7862833857714008,0.03332176562651042,0.46767191004361847,0.3913006162079007,-0.04739558558597209,-0.3011296607705184,0.028399757399010944,9__1
48,1,0.790364710807,0.03334924987564087,0.46783256389448796,0.39134526064401787,-0.047391443921853224,-0.3012337100510778,0.02837636606231528,9__1
49,2,0.7899809894339105,0.033288551207656905,0.4678219282680436,0.39134216561247026,-0.0473923734146066,-0.3012216370759379,0.02837925854155558,9__1
50,2,0.7931612919028126,0.033273619706530935,0.46807431942611333,0.3913476739174446,-0.04739027207669835,-0.30128793831930545,0.028361676584290327,9__1
51,2,0.7959033062940039,0.0332499504936941,0.4683445855540262,0.39134023924301126,-0.04738888758689573,-0.3013390802325373,0.028346742184045218,9__1
52,2,0.7946191819379694,0.03305258661352123,0.46823400384053065,0.39134749507459365,-0.0473914685179748,-0.30130706178086863,0.028356195826797586,9__1
53,2,0.7931146130586295,0.03282902809025014,0.4680957939703056,0.39137457217573285,-0.047384406889746156,-0.30127864617447153,0.028367483850682877,9__1
54,2,0.7925684125048058,0.03274606203218922,0.46804762894857377,0.3913773765400473,-0.0473849360217269,-0.3012657630341889,0.028371466920317206,9__1
55,2,0.7922045473122742,0.03269001394735452,0.4680189814854276,0.3913781798256475,-0.04738574906423073,-0.3012568446157956,0.028374077693456047,9__1
56,2,0.7917267517529007,0.03261753100413376,0.46797637448894536,0.3913802662094619,-0.04738677517226802,-0.30124580979817706,0.028377467870640997,9__1
57,2,0.7958224892175213,0.033464734520961104,0.46709430885214287,0.39167364172963803,-0.04737719212340215,-0.30145460319751044,0.02834622211890196,9__1
