date_or_order,day_index,split_code,actual_productivity,predicted_productivity,pi_lower,pi_upper,is_burn_in,series
0,0,0,0.705916667,0.5093345515590094,0.08296336236038271,0.9225659101442198,True,10__0
1,1,0,0.7018125,0.5338045390198098,0.09269132865435688,0.9277823428247872,True,10__0
2,2,0,0.759228395,0.6677566429769093,0.15490261678650244,0.9568310087647054,True,10__0
3,3,0,0.763375,0.5961636797828836,0.11959664786214581,0.9414896764479342,True,10__0
4,4,0,0.809640152,0.5870096153130833,0.11686436050856416,0.9386789574744016,True,10__0
5,5,0,0.805909091,0.6106638780538798,0.12849432024366927,0.9436379094344556,True,10__0
6,6,0,0.779791667,0.6199417416853714,0.1338699466422325,0.9452903729885478,True,10__0
7,7,0,0.846950758,0.6338026942218176,0.14171881674286818,0.947962817053907,True,10__0
8,8,0,0.828295455,0.6527789999093794,0.15284251794700918,0.9516549936884378,False,10__0
9,9,0,0.24625,0.66686316132686,0.16183621153673736,0.9542623403281701,False,10__0
10,10,0,0.912766667,0.7491031956134725,0.22408555573557898,0.9689034551421684,False,10__0
11,11,0,0.332359307,0.6580819959704016,0.1576167181332615,0.9521439387059197,False,10__0
12,12,0,0.953110048,0.7328293971404422,0.21098934623037607,0.9659525063972942,False,10__0
13,13,0,0.974621212,0.6466515071435011,0.15183662218158891,0.9494751775371228,False,10__0
14,14,0,0.235795455,0.6812487327226359,0.17335002728664975,0.9563490744181724,False,10__0
15,15,0,0.538399621,0.6603731848165164,0.16054779932256305,0.9520757247178919,False,10__0
18,16,0,0.940701058,0.7100980794754035,0.19462359958212058,0.9615433887174477,False,10__0
19,17,0,0.937242424,0.6930748112128161,0.18257665243444712,0.9582855659849181,False,10__0
20,18,0,0.955151515,0.7814651130615698,0.2611951964434337,0.9733923796485756,False,10__0
21,19,0,0.997792208,0.8038280828740374,0.288468883325161,0.9767270938522773,False,10__0
22,20,0,0.979527778,0.7797112575651385,0.26036953716706157,0.972963893453506,False,10__0
23,21,0,0.840533333,0.7769835868535185,0.2575480518266349,0.9725093528608402,False,10__0
24,22,0,0.85695,0.8219499002399301,0.3151615506513774,0.9791714801383656,False,10__0
25,23,0,0.971866667,0.8233083639803382,0.3174490513055254,0.9793375537922381,False,10__0
26,24,0,0.8865,0.8166623880845268,0.30803546368060813,0.9783643521866581,False,10__0
27,25,0,0.85695,0.8194752477853694,0.31231322827581753,0.9787440479439039,False,10__0
30,26,0,0.771583333,0.7996114839909239,0.28528911036997906,0.975845650974502,False,10__0
40,27,0,0.927541667,0.7800415726293206,0.26206966447772084,0.9728312559563199,False,10__0
41,28,1,0.64025,0.7870072131943516,0.2702800691678982,0.9738849219982949,False,10__0
42,29,1,0.733277778,0.8024577527720947,0.2897686504125827,0.9761745749470861,False,10__0
43,30,1,0.385791667,0.7743512971620722,0.2562825545507787,0.9718622215004479,False,10__0
44,31,1,0.955791667,0.8523624455187766,0.3665449008076309,0.9832530128945276,False,10__0
45,32,1,0.902222222,0.8485720823185086,0.3601779338490666,0.9827052571071242,False,10__0
46,33,1,0.845833333,0.8148593455233565,0.3070569681276444,0.9779429708680355,False,10__0
47,34,1,0.410833333,0.7876733967059553,0.271903915697596,0.9738781276239188,False,10__0
48,35,1,0.410833333,0.7798404903614228,0.26298374444016087,0.9726413764785494,False,10__0
49,36,1,0.664583333,0.7978164379508305,0.2845586352120431,0.9753931654704833,False,10__0
50,37,2,0.632361111,0.7948512651330173,0.28097482874089275,0.9749290337168274,False,10__0
51,38,2,0.463194444,0.7913832276321605,0.27684086942670016,0.9743851605809211,False,10__0
55,39,2,0.441041667,0.7843251895522224,0.26858742253019185,0.9732786778173144,False,10__0
56,40,2,0.477291667,0.9899640882783205,0.8900242942422473,0.9995194090101822,False,10__0
57,41,2,0.39875,0.7603270640358003,0.24278796727886784,0.9694092627015913,False,10__0
58,42,2,0.628333333,0.7533375546516147,0.23595820660766553,0.968234573568897,False,10__0
0,0,0,0.712205247,0.7231520771343264,0.19011944251436202,0.9670148549635627,True,10__1
1,1,0,0.787299691,0.773625403380791,0.2391447888826712,0.9740916088686828,True,10__1
2,2,0,0.699965217,0.7012578178119249,0.17995041242818144,0.9619606671588443,True,10__1
3,3,0,0.7504,0.721072117252241,0.19725316004031077,0.9648065018860711,True,10__1
4,4,0,0.750545455,0.7249484962899723,0.20235114322183856,0.9650404503033801,True,10__1
5,5,0,0.8,0.8356969745225769,0.3301755054266488,0.9816181308249272,True,10__1
6,6,0,0.8,0.8252285172975999,0.3160977506861686,0.9800018056704637,True,10__1
7,7,0,0.8,0.7958615523101479,0.27800910510437266,0.9755936509265374,True,10__1
8,8,0,0.8,0.667497391179117,0.16691997126799624,0.9528679212463536,False,10__1
9,9,0,0.688557555,0.6475281854350688,0.15525670249556942,0.9485691786679333,False,10__1
10,10,0,0.35020649,0.6296839414888645,0.1463427387022633,0.9442247139611297,False,10__1
11,11,0,0.499980334,0.6294578188478381,0.1465860059385467,0.9440186541702997,False,10__1
12,12,0,0.600291767,0.6006222215728795,0.13232827454623225,0.9369934845625192,False,10__1
13,13,0,0.650198653,0.6544438755596577,0.16163269668133462,0.9492096276316612,False,10__1
14,14,0,0.700094156,0.6735820398474361,0.17405463758941475,0.9530794130210019,False,10__1
15,15,0,0.750057359,0.7856719216346939,0.27238880625263295,0.9731912119142754,False,10__1
16,16,0,0.750057359,0.7883073575299423,0.27596068466635654,0.9735455627537549,False,10__1
17,17,0,0.800020563,0.8430118875104351,0.3547216607485645,0.9816059091944438,False,10__1
18,18,0,0.800020563,0.7413923696945857,0.2277693263467762,0.9656317112661496,False,10__1
19,19,0,0.80062987,0.8138043113800548,0.3102144987073541,0.9773034714628316,False,10__1
20,20,0,0.800020563,0.8146512505236397,0.31179135684284204,0.9773897120524921,False,10__1
21,21,0,0.800020563,0.7410140648732395,0.2284071392798534,0.965377103510728,False,10__1
22,22,0,0.900129762,0.8172975326224033,0.316376105625559,0.9777008194504407,False,10__1
23,23,0,0.850532143,0.7742509915268041,0.2624047214405496,0.9709330446688536,False,10__1
24,24,0,0.900129762,0.9121646636984374,0.5176573344111655,0.9904730476086793,False,10__1
25,25,0,0.920236905,0.9226333000903164,0.552114078682443,0.9917344427860836,False,10__1
26,26,0,0.850532143,0.8655091394565737,0.40067778545697874,0.9844308338408332,False,10__1
27,27,0,0.900129762,0.937770392701865,0.6060729925241065,0.9936013864168421,False,10__1
28,28,0,0.999995238,0.9061390273612224,0.5006942636361909,0.9896800648185603,False,10__1
29,29,0,0.999995238,0.9539615783053672,0.6816027735467498,0.9953705643475086,False,10__1
30,30,0,0.999995238,0.9604142017232643,0.7147981717575365,0.9960925290342766,False,10__1
31,31,0,0.900129762,0.9373533681040237,0.6088513425926205,0.9934244770135585,False,10__1
32,32,0,0.9008,0.9359176085013781,0.6032566871396197,0.9932510147906721,False,10__1
33,33,0,0.9008,0.9400672049621099,0.6200147040040721,0.9937412468880061,False,10__1
34,34,0,0.90063244,0.9478215502767182,0.6524419146663852,0.9946740983980501,False,10__1
35,35,0,0.850364583,0.9133678676905138,0.5227821725048565,0.9905668730480371,False,10__1
36,36,0,0.441392,0.5350642372245782,0.10449173060912889,0.9191011507425524,False,10__1
39,37,0,0.35542803,0.5653112137361191,0.11733309441827976,0.9272487076620677,False,10__1
40,38,0,0.302117347,0.6199122143944308,0.142344976215047,0.9414574825550447,False,10__1
41,39,1,0.303574468,0.5379936878656513,0.10677685740860954,0.9190592819000293,False,10__1
42,40,1,0.249416667,0.5296828391346277,0.10373121218519572,0.9164421230304095,False,10__1
43,41,1,0.456875,0.5029807058882568,0.09429019844749745,0.9077331507697839,False,10__1
44,42,1,0.417916667,0.5011544779509015,0.09381060188033803,0.906974138867728,False,10__1
45,43,1,0.471108491,0.5018173178849581,0.094135685567772,0.907100776162655,False,10__1
46,44,1,0.700058333,0.5125069254013433,0.09774514610338293,0.9107588743901819,False,10__1
47,45,1,0.700251773,0.5089893991284977,0.09692802809988019,0.9092069206985254,False,10__1
48,46,1,0.700236601,0.7450481695983431,0.23537298256282085,0.9654833992786713,False,10__1
49,47,1,0.700236601,0.7178182547788055,0.21154660465082806,0.9604485058286489,False,10__1
50,48,2,0.70013604,0.7209726848592525,0.2141936754863939,0.9610368898915486,False,10__1
51,49,2,0.699984417,0.7149107717385648,0.20929814589800808,0.959866052716556,False,10__1
52,50,2,0.700058333,0.7165111753180191,0.21065465749923587,0.9601587381577221,False,10__1
53,51,2,0.700422,0.7136402376933942,0.20834779114600907,0.9596048161823618,False,10__1
54,52,2,0.700422,0.7105132785090392,0.20592074135463626,0.9589851832901537,False,10__1
55,53,2,0.700422,0.7035409759993301,0.2004948877168006,0.9576221788887898,False,10__1
56,54,2,0.700422,0.7080225379019546,0.2039705470485605,0.9584986684876498,False,10__1
57,55,2,0.750608,0.7243872225317532,0.21742081882729053,0.9616002522251162,False,10__1
58,56,2,0.750608,0.7279234173867374,0.22046914112937277,0.9622561943209703,False,10__1
0,0,0,0.436326389,0.591319590961725,0.1126706782537609,0.9429771980031637,True,11__0
1,1,0,0.987880435,0.6419252966252116,0.13859553454276669,0.9525396864412536,True,11__0
2,2,0,0.345833333,0.61895394643849,0.12843826101546235,0.9472953109967936,True,11__0
3,3,0,0.939513889,0.6212413782078805,0.1314995076213862,0.946911989466184,True,11__0
4,4,0,0.888686869,0.7206990719271897,0.1945712270314128,0.9652601579625905,True,11__0
6,5,0,0.515606061,0.5853534505650299,0.11610804765018297,0.9383119514609874,True,11__0
7,6,0,0.817424242,0.6462932795019948,0.14759098518679534,0.9509128866349128,True,11__0
8,7,0,0.668087121,0.6619593403760602,0.15743859368054974,0.9537652187349185,True,11__0
9,8,0,0.640577652,0.6624018400810765,0.1584856788890717,0.9535913584194571,False,11__0
10,9,0,0.601278409,0.6609545278869592,0.15830421557246047,0.9530726990829466,False,11__0
11,10,0,0.934607438,0.6359477118358363,0.14457694621000908,0.94772601976479,False,11__0
13,11,0,0.313852814,0.6519102852845177,0.15395547286388753,0.9508978717934724,False,11__0
14,12,0,0.838383838,0.7043309058167886,0.1889970785196552,0.960811615398584,False,11__0
15,13,0,0.409545455,0.6607548216087501,0.160196115029591,0.952351319983843,False,11__0
16,14,0,0.362666667,0.7293341725125816,0.20945830287873402,0.9650663087814618,False,11__0
17,15,0,0.470769231,0.644885756307079,0.15174460690778116,0.9487592375867918,False,11__0
19,16,0,0.896022727,0.6461971366393146,0.15284644797083866,0.9489029206806967,False,11__0
23,17,0,0.259375,0.6619231420697806,0.16217063511257807,0.952161100573631,False,11__0
24,18,0,0.864583333,0.7033471718680304,0.19021712546029962,0.9601462329822734,False,11__0
25,19,0,0.971866667,0.6268534283014322,0.14219139482838838,0.9447173468826231,False,11__0
38,20,0,0.715333333,0.7170559403329926,0.20135787706873884,0.9624912331753547,False,11__0
43,21,1,0.805555556,0.7260274963226195,0.20881665899977153,0.9640478122318921,False,11__0
45,22,1,0.5046875,0.6852042076939814,0.17831856712057503,0.9564456739332989,False,11__0
53,23,2,0.927291667,0.7371645043162793,0.218872937365676,0.9658794533295321,False,11__0
54,24,2,0.657083333,0.7220669981696308,0.2061652650753453,0.9632152009410804,False,11__0
55,25,2,0.755208333,0.7115809933609909,0.19801644493348197,0.9612789729117392,False,11__0
56,26,2,0.960625,0.9682093536617776,0.730526070917109,0.9974299840854605,False,11__0
57,27,2,0.758229167,0.7118665757887342,0.19852856240830621,0.9612625941928162,False,11__0
58,28,2,0.874027778,0.7351121808562161,0.21790756953283785,0.9653602580125279,False,11__0
0,0,0,0.800570492,0.73356145617424,0.234486630718704,0.9614244197824796,True,11__1
1,1,0,0.800237288,0.7414908104055846,0.2486889102805095,0.9615889777923212,True,11__1
2,2,0,0.750348457,0.7131415691501256,0.2281480377824592,0.9546043129522342,True,11__1
3,3,0,0.800250962,0.7492587797707794,0.2653783947952208,0.9613813520615425,True,11__1
4,4,0,0.750057851,0.7283306916673712,0.24776955984699733,0.9564341446419812,True,11__1
5,5,0,0.412119835,0.6776434519575597,0.20654461707761881,0.9445919090007049,True,11__1
6,6,0,0.349951389,0.6754147802697159,0.2076259774747462,0.9431557640187179,True,11__1
7,7,0,0.673245283,0.6879424108946733,0.21821669693797646,0.9459121196059989,True,11__1
8,8,0,0.600229846,0.666912714450632,0.20328159977598656,0.9403734132591454,False,11__1
9,9,0,0.64998056,0.7127273952138503,0.2409086840410971,0.951210149694338,False,11__1
10,10,0,0.582301029,0.6030519009431861,0.16314502800419758,0.9222657961762757,False,11__1
11,11,0,0.35003125,0.6280302078582782,0.1790358178557464,0.929112536837456,False,11__1
12,12,0,0.500025069,0.6158811604947407,0.1720589189245965,0.9253736163184292,False,11__1
13,13,0,0.600273268,0.6396168519861067,0.18741259336602883,0.9319645377298359,False,11__1
14,14,0,0.650299575,0.6647768242263917,0.20526020039480253,0.9385804416363415,False,11__1
15,15,0,0.700170388,0.6986682373128327,0.2321808449306866,0.9469769017819274,False,11__1
16,16,0,0.700170388,0.69912012968671,0.23302271978626024,0.9469556730282808,False,11__1
17,17,0,0.700170388,0.7038879170442401,0.23745390715496315,0.9480030940931534,False,11__1
18,18,0,0.700170388,0.6977459173502046,0.2325314550361628,0.9464326674943762,False,11__1
19,19,0,0.750041201,0.6361575924697339,0.18590755098154935,0.9306761972227832,False,11__1
20,20,0,0.59114168,0.5323941442738458,0.1300515273697987,0.8966593015776324,False,11__1
21,21,0,0.350066986,0.525766352815518,0.12754425213378556,0.8937523019282076,False,11__1
22,22,0,0.37046657,0.4904758747218042,0.11206934550510601,0.8801013604838565,False,11__1
23,23,0,0.500567308,0.6457686877143358,0.19438131703224035,0.9325038995593589,False,11__1
24,24,0,0.60059761,0.7019750791978298,0.23782032414171295,0.9469846301343804,False,11__1
25,25,0,0.650148148,0.7077472678500745,0.24316927248767783,0.9482938015876726,False,11__1
26,26,0,0.700508929,0.8030250041638493,0.35075838104983637,0.9687944110283983,False,11__1
27,27,0,0.700398148,0.7862465648722702,0.3261637501166875,0.9657318482634764,False,11__1
28,28,0,0.700513566,0.698910848370489,0.23588140394965057,0.946043015331429,False,11__1
29,29,0,0.700278846,0.7624859510080155,0.29941743167311535,0.9604427868924627,False,11__1
30,30,0,0.7504,0.5960325886383002,0.1640472636063798,0.9174523015968263,False,11__1
31,31,0,0.750027778,0.6433826300317258,0.19373144228960268,0.9314414827991258,False,11__1
32,32,0,0.750027778,0.6346065827852252,0.1879995106565178,0.9288963733479894,False,11__1
33,33,0,0.750648148,0.6814149924896116,0.22022864820720703,0.9420724729006138,False,11__1
34,34,0,0.750648148,0.5206706204554848,0.1246910880267483,0.8923136624871746,False,11__1
35,35,0,0.507903226,0.5807432674874954,0.15431485791033434,0.9132824642031189,False,11__1
36,36,0,0.50012336,0.605269596377031,0.16757705309613688,0.9212865494326224,False,11__1
37,37,0,0.600447507,0.6595247493168661,0.20528265656847267,0.9357941306658204,False,11__1
38,38,0,0.650223718,0.6266393464623122,0.18305577486688554,0.9264897763812976,False,11__1
39,39,0,0.565972222,0.650781694813221,0.1994573368629274,0.9332525173106083,False,11__1
40,40,0,0.700614035,0.6605561423109787,0.2064894698717219,0.9359037604132115,False,11__1
41,41,1,0.8211125,0.6492520093220064,0.19855758814102206,0.9327621164147402,False,11__1
42,42,1,0.700540441,0.6558653036149361,0.203312418817517,0.9345513188503599,False,11__1
43,43,1,0.672140805,0.5788206196610162,0.15369979015510277,0.9123986572446621,False,11__1
44,44,1,0.750293939,0.5842725701737669,0.15682194209813424,0.9140714463043959,False,11__1
45,45,1,0.750437269,0.6659980734727332,0.21100823461084062,0.9371816263811872,False,11__1
46,46,1,0.750503571,0.6703887542513104,0.21459322883558363,0.9382512996512103,False,11__1
47,47,1,0.800516667,0.7325694624432957,0.2686284389578079,0.9535825410571785,False,11__1
48,48,1,0.800779018,0.7848031043429854,0.32685095532938935,0.9650480783306686,False,11__1
49,49,1,0.682433036,0.7588040335574254,0.29556053077895744,0.9595916502855538,False,11__1
50,50,2,0.800309211,0.772425268639866,0.31181280584027654,0.9624236502363208,False,11__1
51,51,2,0.800701754,0.7720923228275587,0.3115737421029799,0.9623260358292345,False,11__1
52,52,2,0.800701754,0.72443685388501,0.2601807527047127,0.9518216068884846,False,11__1
53,53,2,0.800701754,0.7188947428865758,0.2559948615470074,0.9502593516894962,False,11__1
54,54,2,0.800034503,0.7243804173088078,0.2612612962383634,0.9515358423784545,False,11__1
55,55,2,0.800034503,0.7058580123434225,0.24403370620712747,0.9471508278081262,False,11__1
56,56,2,0.800034503,0.7122479905874497,0.2498989568506465,0.9486624673247376,False,11__1
57,57,2,0.800034503,0.7128727760597837,0.2505097058316929,0.9488017978549358,False,11__1
58,58,2,0.800034503,0.7296625724078022,0.2666794779193192,0.9526994425777306,False,11__1
15,0,0,0.793844697,0.5965661156973912,0.09211647762950742,0.9558354443667458,True,12__0
18,1,0,0.327407407,0.5937923112281197,0.0927660878219822,0.9545086189605436,True,12__0
19,2,0,0.858585859,0.5758198948677231,0.08779621828942422,0.9505124560237553,True,12__0
20,3,0,0.618181818,0.6089655832765477,0.10046536222498718,0.9561692844485055,True,12__0
21,4,0,0.769292929,0.6097441448620506,0.10159834954134496,0.9559194093467509,True,12__0
22,5,0,0.823555556,0.6252515153715394,0.10852268632809693,0.9583132717774195,True,12__0
23,6,0,0.755555556,0.6437950285451397,0.1172121564572584,0.9611710866124142,True,12__0
24,7,0,0.634666667,0.7097287324174625,0.15308509786275626,0.9709330442439084,True,12__0
25,8,0,0.971866667,0.7052479043819199,0.15094359029532983,0.970159901513522,False,12__0
26,9,0,0.702666667,0.714445745646719,0.15735554118674927,0.9713160253221997,False,12__0
27,10,0,0.740444444,0.7137882147175052,0.15745464629436834,0.9711124827702392,False,12__0
28,11,0,0.778222222,0.715256917273702,0.15888733335763644,0.9712160804445235,False,12__0
29,12,0,0.687555556,0.7187136397175571,0.16161194399143217,0.9716055480896141,False,12__0
30,13,0,0.906666667,0.7172428578829753,0.16101885094152613,0.9713205656313256,False,12__0
31,14,0,0.899111111,0.729718506573867,0.1700013309330168,0.9729599077415144,False,12__0
32,15,0,0.891555556,0.7320652765259571,0.17203314837995326,0.9732132741236209,False,12__0
33,16,0,0.272,0.7412011412828873,0.17917180321504467,0.9743753745070605,False,12__0
34,17,0,1.004888889,0.7247927800643016,0.16743953029395517,0.972109447083684,False,12__0
35,18,0,1.02,0.7753831943648847,0.2089455496775268,0.9786275718655155,False,12__0
36,19,0,0.838666667,0.8160560320800728,0.25374307855091605,0.9833444271717701,False,12__0
37,20,0,0.800888889,0.8169344992222908,0.2551554235040148,0.9834159147657162,False,12__0
38,21,0,0.876444444,0.8054563211892003,0.241448271800068,0.9820927080546763,False,12__0
39,22,0,0.891555556,0.8083659388108075,0.24513742303754835,0.9824008353217534,False,12__0
40,23,0,0.9025,0.7995471061290593,0.23515438064920197,0.9813625766279273,False,12__0
41,24,1,0.9918,0.8129730864706524,0.2512573721944107,0.982875310312,False,12__0
42,25,1,0.609583333,0.8166328491082555,0.2559818342289707,0.9832756018055154,False,12__0
43,26,1,0.78375,0.8145626638378285,0.2536335710614294,0.9830188757750837,False,12__0
44,27,1,0.9025,0.8080225556985655,0.24576026953239277,0.9822626615761333,False,12__0
46,28,1,0.899555556,0.8556643227499461,0.31458188413905164,0.9874458004206838,False,12__0
47,29,1,0.590617284,0.8131477511008122,0.25231875070483184,0.9828177863275479,False,12__0
48,30,1,0.590617284,0.8083748811055951,0.24665413946805478,0.9822578071700876,False,12__0
50,31,2,0.607654321,0.826635107413895,0.2702531039078133,0.9843011823093374,False,12__0
51,32,2,0.636049383,0.8222515328937533,0.26447230050304377,0.9838025326804312,False,12__0
52,33,2,0.885925926,0.8241950217941464,0.267233884364652,0.9840059491658373,False,12__0
53,34,2,0.868888889,0.8260678700665389,0.26991364200583545,0.9842030511077576,False,12__0
54,35,2,0.868888889,0.8272712395179855,0.2716967177539004,0.9843261195206177,False,12__0
55,36,2,0.945555556,0.8224706774168246,0.26529393064237955,0.9837825894365072,False,12__0
56,37,2,0.902962963,0.9860633208835081,0.8222860720174425,0.9994402533850437,False,12__0
57,38,2,0.92,0.8212468871345586,0.26385979060445364,0.9836293841871386,False,12__0
58,39,2,0.922839506,0.821285474866963,0.2640092355642874,0.9836253636612997,False,12__0
0,0,0,0.800570492,0.7720445548239624,0.28052824862054304,0.967404707329362,True,12__1
1,1,0,0.800318644,0.810377423445553,0.33457696865978764,0.9734989903117789,True,12__1
2,2,0,0.800030199,0.7787332685151472,0.3005319084934411,0.9667515790474096,True,12__1
3,3,0,0.800246011,0.7784691534201056,0.3042730607503485,0.9660691415249472,True,12__1
4,4,0,0.800140969,0.783618426980918,0.31364691378043347,0.966604672410969,True,12__1
5,5,0,0.800246753,0.7855453726967215,0.3185140052971831,0.9666136488951212,True,12__1
6,6,0,0.800107143,0.8071061867385774,0.3499673957975238,0.9704473754366831,True,12__1
7,7,0,0.800346445,0.7736572525941311,0.30737907794083236,0.963673361652457,True,12__1
8,8,0,0.800246753,0.7749822752900805,0.31033082509009724,0.963720370704809,False,12__1
9,9,0,0.80007657,0.7733327765373574,0.3095500076479611,0.963179469097537,False,12__1
10,10,0,0.800246753,0.7837920142882446,0.3234777843075185,0.9651646594703774,False,12__1
11,11,0,0.800313433,0.7906717762889619,0.33338550002366,0.9664063494110573,False,12__1
12,12,0,0.80003139,0.7779761814163794,0.31768195335645666,0.9637329557725705,False,12__1
13,13,0,0.800246753,0.825326588196373,0.3861825196415119,0.9728751574539031,False,12__1
14,14,0,0.662255892,0.7278032728334355,0.26261035092616003,0.9527945632507462,False,12__1
15,15,0,0.35021836,0.6671277682021484,0.2113487766817932,0.9376606183814467,False,12__1
16,16,0,0.500290419,0.6611699429485615,0.20719887762763792,0.9359734376706261,False,12__1
17,17,0,0.60017284,0.6472121493362382,0.1976861101486366,0.9319758206582283,False,12__1
18,18,0,0.600436426,0.6409506840812486,0.19359996017526995,0.930125926970801,False,12__1
19,19,0,0.750079323,0.694535174291391,0.23493514959675385,0.9441554856634509,False,12__1
20,20,0,0.70043672,0.6965735737373103,0.2369742604278266,0.9445754136669522,False,12__1
21,21,0,0.70043672,0.6977478976534046,0.23823996557755142,0.9447930285936992,False,12__1
22,22,0,0.700164706,0.703344997932191,0.24332805964693927,0.9461179210841854,False,12__1
23,23,0,0.750283333,0.7240858455379959,0.2627374986229088,0.9510420096663506,False,12__1
24,24,0,0.750646667,0.7741822387437957,0.31791375472692945,0.9621214243783937,False,12__1
25,25,0,0.750646667,0.7685853092474821,0.3113857745476276,0.9608819517155105,False,12__1
26,26,0,0.750450658,0.7547096567550639,0.2953968698804881,0.9578480977358591,False,12__1
27,27,0,0.800401961,0.8705379950744185,0.4754432325094717,0.9806424360869191,False,12__1
28,28,0,0.800259023,0.7622907585622487,0.3044998724019873,0.9594235955751024,False,12__1
29,29,0,0.800401961,0.7153522802081772,0.2557396479608774,0.9486367838076947,False,12__1
30,30,0,0.800612676,0.7286151678333486,0.26858651241413734,0.9517679494843369,False,12__1
31,31,0,0.800401961,0.8163954360766191,0.377914289209516,0.970468087950102,False,12__1
32,32,0,0.800355208,0.8113904330711668,0.37036691727962257,0.9694715267823456,False,12__1
33,33,0,0.800401961,0.8079543014428674,0.36535271164395206,0.9687751824857589,False,12__1
34,34,0,0.800401961,0.750290093087313,0.2918078825688559,0.9566038000824515,False,12__1
35,35,0,0.800401961,0.7502525006258759,0.29188680901120917,0.9565710190184433,False,12__1
36,36,0,0.800401961,0.7531230949014251,0.29518547293151315,0.9571884866525316,False,12__1
37,37,0,0.800401961,0.8106964795062533,0.3700280434937665,0.9692431769903816,False,12__1
38,38,0,0.800806306,0.7535883432366213,0.2958664115807356,0.9572601427220043,False,12__1
39,39,0,0.800312375,0.7024406764949539,0.24508286089358933,0.9451785500116356,False,12__1
40,40,0,0.800401961,0.7062212884948087,0.24852533341271757,0.9460988708510716,False,12__1
41,41,1,0.800401961,0.8085139530430543,0.3671510446857393,0.9687588775982255,False,12__1
42,42,1,0.800711494,0.7167928783077379,0.25837422082996764,0.9486553138981844,False,12__1
43,43,1,0.800401961,0.80407058443992,0.3607530671213874,0.9678518163997469,False,12__1
44,44,1,0.800401961,0.8029146004403566,0.35916351683016484,0.967607593235975,False,12__1
45,45,1,0.800401961,0.7465855447865428,0.2887472078456487,0.9555675472051057,False,12__1
46,46,1,0.800401961,0.7477059609646917,0.2900342904900014,0.9558065766538031,False,12__1
47,47,1,0.800401961,0.8052769824180814,0.36285934379026974,0.9680469100490432,False,12__1
48,48,1,0.800260821,0.8081172951358945,0.36715869642610116,0.9686008095845252,False,12__1
49,49,1,0.800401961,0.8286528748046922,0.3998749119996861,0.9725803951841653,False,12__1
50,50,2,0.800401961,0.8264198549036611,0.3962064540944898,0.9721459986726018,False,12__1
51,51,2,0.800401961,0.7728222729065339,0.31954594533578734,0.9612648899147008,False,12__1
52,52,2,0.800401961,0.7728117944250534,0.3195876579249472,0.9612531953349921,False,12__1
53,53,2,0.800401961,0.7733774848725306,0.3203395433670044,0.961365478388023,False,12__1
54,54,2,0.850520588,0.8697942810609847,0.47915423518500205,0.9800924879207614,False,12__1
55,55,2,0.800401961,0.8215747520794148,0.38855334174620987,0.9711793664967935,False,12__1
56,56,2,0.800401961,0.8226673269386002,0.39038001683469414,0.9713840934634387,False,12__1
57,57,2,0.800401961,0.820781447749372,0.38738131978779017,0.9710128112674985,False,12__1
58,58,2,0.800401961,0.7989246107201203,0.3541479001942446,0.9667033221314085,False,12__1
0,0,0,0.8865,0.588023305693911,0.10505382288732544,0.9456795733708396,True,1__0
1,1,0,0.902916667,0.6410276028687731,0.13055304672238197,0.9552487484050552,True,1__0
2,2,0,0.915229167,0.6839908403473443,0.1562109900060275,0.9622401779145586,True,1__0
3,3,0,0.961059028,0.7147799053511967,0.17847664901831933,0.9668382599681751,True,1__0
4,4,0,0.936496212,0.7584032531950429,0.2157676445838952,0.9731336468101143,True,1__0
5,5,0,0.951420455,0.7821046691721264,0.2409498950381205,0.9762585756236614,True,1__0
6,6,0,0.947689394,0.7977270649432286,0.26004208689095093,0.9782149404649133,True,1__0
7,7,0,0.985,0.8134511023503219,0.2811209672329274,0.9801629634538069,True,1__0
8,8,0,0.873068182,0.8417745148795013,0.3241897818701954,0.9836564529377896,False,1__0
9,9,0,0.955151515,0.8439819188869707,0.3289235215526917,0.9838491155747049,False,1__0
10,10,0,0.951420455,0.7300580077771639,0.19313901406890743,0.9685917279211437,False,1__0
11,11,0,0.891723485,0.8688506576219047,0.3770348369324502,0.9867257546740082,False,1__0
12,12,0,0.884261364,0.861923712186014,0.3639694201525492,0.9858533522292109,False,1__0
13,13,0,0.884261364,0.863162695830424,0.36708511060646637,0.9859595037541021,False,1__0
17,14,0,0.505128205,0.8624214480555176,0.36625556124487996,0.9858318359729815,False,1__0
18,15,0,0.649662222,0.9058595837793564,0.4682833211404209,0.9909126344599527,False,1__0
19,16,0,0.578314394,0.8395865868654101,0.32652699442584376,0.9829288366488175,False,1__0
20,17,0,0.970075758,0.8315606097236042,0.31426969589107645,0.9818608492804184,False,1__0
21,18,0,0.910378788,0.8562929431575306,0.35664117805831347,0.9849507651102813,False,1__0
22,19,0,0.77815,0.8604234923821056,0.3648567695884519,0.9854333042312041,False,1__0
23,20,0,0.9456,0.8577867457966911,0.3601950055664582,0.9850854460405396,False,1__0
24,21,0,0.853666667,0.8911920549636683,0.4334597467574107,0.98905429891179,False,1__0
25,22,0,0.971866667,0.9080406725070556,0.47963700791637365,0.9909687530104436,False,1__0
26,23,0,0.950438596,0.911969029755956,0.4913453807989211,0.9914139159352611,False,1__0
27,24,0,0.504596491,0.9137801370021081,0.4973775237864539,0.9916014102531183,False,1__0
28,25,0,0.99485,0.8769581773125638,0.40092454893813295,0.9873245956257529,False,1__0
29,26,0,0.929183333,0.8877611087589983,0.42636831698161126,0.9885883272375784,False,1__0
30,27,0,0.845458333,0.89773536505628,0.4521856951153985,0.9897336955524311,False,1__0
31,28,0,0.870083333,0.8879050370934358,0.4271782781825554,0.9885833333695863,False,1__0
32,29,0,0.893066667,0.8832117835205306,0.4161200303184804,0.9880206482240179,False,1__0
33,30,0,0.962016667,0.8835093882158481,0.417016354765407,0.9880460104189049,False,1__0
34,31,0,0.853666667,0.8955255799626581,0.4471254188249777,0.9894436249405849,False,1__0
35,32,0,0.618361111,0.894516765276746,0.4446594265645956,0.9893189302857267,False,1__0
36,33,0,0.664875,0.8901715268038679,0.4337166092224054,0.9888052019726193,False,1__0
37,34,0,0.796208333,0.8864353096705252,0.42467345440641824,0.988358668021197,False,1__0
38,35,0,1.1204375,0.8545732405195293,0.35728257866465757,0.9844788555418349,False,1__0
43,36,1,0.727349537,0.8866011878199119,0.42535075654903903,0.9883648334785503,False,1__0
47,37,1,0.768847222,0.8610207850580117,0.36975243798750473,0.9852684614981954,False,1__0
48,38,1,0.768847222,0.859115788231989,0.3662083496516924,0.985022565689423,False,1__0
49,39,1,0.448722222,0.8748976294041876,0.3986179008566199,0.9869551027707001,False,1__0
50,40,2,0.537919444,0.86900048870091,0.38617075452689414,0.9862301822901327,False,1__0
51,41,2,0.555430556,0.8641453221340293,0.3763969721169964,0.9856252987105465,False,1__0
52,42,2,0.806879167,0.8643439688358019,0.37690290181395364,0.9856431297560813,False,1__0
53,43,2,0.812625,0.863185749919765,0.3747015321989852,0.9854930874087756,False,1__0
54,44,2,0.664875,0.8621663060285296,0.3727893015830816,0.9853601495283728,False,1__0
55,45,2,0.890604167,0.8539774098041953,0.3573200405222746,0.9843258115129857,False,1__0
56,46,2,0.794566667,0.9901387514397019,0.8881554943856169,0.9995657053950564,False,1__0
57,47,2,0.880754167,0.8472337386627716,0.3453908512722044,0.9834547939980419,False,1__0
58,48,2,0.812625,0.8452357840417455,0.34201725894602963,0.983191057281028,False,1__0
0,0,0,0.750427826,0.728856009069063,0.1488821184180194,0.9766636183254952,True,1__1
1,1,0,0.800725314,0.7545446411332045,0.16909723283846587,0.9792304165478536,True,1__1
2,2,0,0.800318644,0.8258215421826074,0.24104466244137687,0.9864062674879241,True,1__1
3,3,0,0.800318644,0.8255512706394293,0.2430154990793292,0.9862048652718833,True,1__1
4,4,0,0.850502311,0.8673605662113345,0.3090794279780717,0.9899938552778791,True,1__1
5,5,0,0.850502311,0.8658688389045991,0.3083645546558182,0.9897603112111429,True,1__1
6,6,0,0.850502311,0.8599714065057342,0.2995234902743813,0.9891342617229936,True,1__1
7,7,0,0.800117103,0.8149988913829986,0.2361917575084391,0.9846482654261596,True,1__1
8,8,0,0.850502311,0.8613841557978684,0.3045648979438216,0.989129954586916,False,1__1
9,9,0,0.850522167,0.8572727970767868,0.2987221944334288,0.9886730167924315,False,1__1
10,10,0,0.850502311,0.8554376060688687,0.29656917378115616,0.9884448040861619,False,1__1
11,11,0,0.800117103,0.807653004063433,0.23123926440458964,0.983554119762265,False,1__1
12,12,0,0.850502311,0.8473682121132178,0.2849502375341899,0.9875751740040976,False,1__1
13,13,0,0.800117103,0.7056273889632348,0.1472850365104691,0.9710966807761298,False,1__1
14,14,0,0.403242161,0.6027183250878891,0.09826436564909255,0.9549796600999916,False,1__1
15,15,0,0.549969429,0.675371550341468,0.13100654745410473,0.966599609696926,False,1__1
17,16,0,0.700029771,0.6858733006824542,0.1368985256780823,0.9680667778180354,False,1__1
18,17,0,0.750162367,0.7950118915415624,0.22013643426605703,0.981902332908836,False,1__1
19,18,0,0.800643806,0.8462077328223724,0.28608948147685775,0.9872747770433022,False,1__1
20,19,0,0.800909609,0.8480595840048291,0.28934989605899347,0.987437748729655,False,1__1
21,20,0,0.800023511,0.7826225336818856,0.20851552163438064,0.9803985393853839,False,1__1
22,21,0,0.800263218,0.7645006527803876,0.19221239696234324,0.9782300163485315,False,1__1
23,22,0,0.850362069,0.8719101395404127,0.3326937275272475,0.989698448136607,False,1__1
24,23,0,0.850362069,0.895801917544265,0.386719391292955,0.9918885507467831,False,1__1
25,24,0,0.850362069,0.8936946968594685,0.38179648071178773,0.9916848624779672,False,1__1
26,25,0,1.000402055,0.9450378626364524,0.5570247081844656,0.9961194192335621,False,1__1
27,26,0,1.000602279,0.9677437947222974,0.6839119391631324,0.9979594256770024,False,1__1
28,27,0,1.000018551,0.9585748164302468,0.628721742477972,0.9972033296178444,False,1__1
29,28,0,0.900147246,0.9355041026919834,0.5164790584782176,0.9953018616076461,False,1__1
30,29,0,1.000018551,0.9637040314695176,0.6604358253643848,0.9976049302952277,False,1__1
31,30,0,0.900135693,0.9424649010716978,0.5470803000950689,0.9958725189138771,False,1__1
32,31,0,0.900135693,0.9395847422510044,0.5344644602653125,0.9956293291377716,False,1__1
33,32,0,0.900509044,0.9012214141430069,0.4034702846388118,0.9922883706685538,False,1__1
34,33,0,0.90047076,0.9522826282704117,0.5940196648502534,0.9966948675026551,False,1__1
35,34,0,1.000065789,0.9731892318142511,0.7256127034736515,0.9983541701310155,False,1__1
36,35,0,1.100483918,0.985252487904147,0.8278807623056254,0.9992819308294238,False,1__1
37,36,0,1.000230409,0.9714704023938063,0.7144603053529067,0.9982033080229747,False,1__1
38,37,0,1.000230409,0.9726693739752525,0.7234117054185448,0.9982959449349489,False,1__1
39,38,0,1.000230409,0.9755108922850817,0.745209003209784,0.9985170906155736,False,1__1
40,39,0,1.000230409,0.9780214115923834,0.7654545142983077,0.9987116789926597,False,1__1
41,40,1,0.800279693,0.9240304582470541,0.47527055367337134,0.9942661925698699,False,1__1
42,41,1,0.800470513,0.8986034707241503,0.3978171101471626,0.9920062966200854,False,1__1
45,42,1,0.268214286,0.7123769262707729,0.15292801598349012,0.9716947505472563,False,1__1
46,43,1,0.581130952,0.6971518565231716,0.1438852453015776,0.9695325736004369,False,1__1
47,44,1,0.378895152,0.8066882603986929,0.23646172744378433,0.9828524259398264,False,1__1
48,45,1,0.550349708,0.8277930965068256,0.2633485168705245,0.9850966251273473,False,1__1
49,46,1,0.700019883,0.8521179979136962,0.3009940852336093,0.9875351563228062,False,1__1
50,47,2,0.800579532,0.9196882401039418,0.4608510480247848,0.9938744846098245,False,1__1
51,48,2,0.800566092,0.9065650723167598,0.42030404931038395,0.9927057734100181,False,1__1
52,49,2,0.750651724,0.8802333549896569,0.354727900234818,0.9902693769633373,False,1__1
53,50,2,0.750651724,0.873830200303213,0.34147209713024457,0.9896480637772338,False,1__1
54,51,2,0.850045,0.9229511055304306,0.47235881612247893,0.9941506144301937,False,1__1
55,52,2,0.85007069,0.9067750444778806,0.42126628853893505,0.9927134062606464,False,1__1
56,53,2,0.850426891,0.9069653924511661,0.42187263607005066,0.9927287180625269,False,1__1
57,54,2,0.900061017,0.9313924543409376,0.5035863245196175,0.9948776444335152,False,1__1
58,55,2,0.750050847,0.8466496823655545,0.29284894963030117,0.9869326681979497,False,1__1
0,0,0,0.755166667,0.5484359247201323,0.06585246272162423,0.9544977727821504,True,2__0
1,1,0,0.782447917,0.5671520540575771,0.07163730954222078,0.9571284938065437,True,2__0
2,2,0,0.792104167,0.5937384096937935,0.08013586699626017,0.9609925055271105,True,2__0
3,3,0,0.804416667,0.6128872512081258,0.08702922740322931,0.963569453384362,True,2__0
4,4,0,0.805909091,0.6273089182685605,0.09272541531268906,0.9654041196944986,True,2__0
5,5,0,0.813371212,0.6423295889462065,0.09896979527126482,0.9673017583682708,True,2__0
6,6,0,0.835757576,0.6465091969682608,0.10117050395707118,0.9676870035089092,True,2__0
7,7,0,0.817102273,0.6610879571847068,0.10771296361927798,0.9695039814171298,True,2__0
8,8,0,0.820833333,0.6720163689573562,0.11301813462965773,0.9708063997824383,False,2__0
9,9,0,0.880530303,0.6818920875176022,0.11807458850942382,0.9719593869962906,False,2__0
10,10,0,0.805909091,0.6959785181998973,0.12552241267342384,0.973621771800688,False,2__0
11,11,0,0.247316017,0.703178160610782,0.1297221198395562,0.9744139568227153,False,2__0
13,12,0,0.980909091,0.6937522060513441,0.12521182657443328,0.9731442906885753,False,2__0
17,13,0,0.912202112,0.7757127451925985,0.17968990996831372,0.9823406034760246,False,2__0
18,14,0,0.649662222,0.809393996106543,0.21174577082903265,0.9856578413396714,False,2__0
19,15,0,0.578314394,0.6916432355678428,0.12476521365360893,0.9727240869608186,False,2__0
20,16,0,0.970075758,0.6872860620162135,0.12279212821303535,0.9721112130062526,False,2__0
21,17,0,0.910378788,0.7345469023966265,0.15029382256274254,0.9777258379231117,False,2__0
22,18,0,0.788,0.7463013970122377,0.15852048379265668,0.9790043770636001,False,2__0
23,19,0,0.902222222,0.7877140197684169,0.19227380387233065,0.9833331293020369,False,2__0
24,20,0,0.773333333,0.7998119082512151,0.20426219199727896,0.9845055295332255,False,2__0
25,21,0,0.971866667,0.7989481091505876,0.2036209967145675,0.9843985228600057,False,2__0
26,22,0,0.912766667,0.7919713088467288,0.19696726179000856,0.9836875093982504,False,2__0
28,23,0,1.001416667,0.8519788448796651,0.27034908433037735,0.989286622299336,False,2__0
29,24,0,0.966759259,0.8684603084815721,0.2986478737285838,0.9906762678724926,False,2__0
30,25,0,0.999924242,0.8857808193743715,0.3332365148476251,0.9921121762051498,False,2__0
31,26,0,1.050666667,0.9088727580957026,0.39106474263433916,0.993942847126645,False,2__0
32,27,0,0.875555556,0.9028797952704282,0.3754513168980104,0.9934486460587202,False,2__0
33,28,0,1.057962963,0.9021757923974508,0.3738097746880157,0.9933864798188867,False,2__0
34,29,0,0.966759259,0.9151446480666066,0.4112002615853609,0.9943895633637597,False,2__0
35,30,0,0.912037037,0.9172226443010132,0.41795450867484224,0.994543784451271,False,2__0
36,31,0,0.601944444,0.9170876257074645,0.4177238972544548,0.994528638400522,False,2__0
38,32,0,1.108125,0.8547703594762518,0.27640231677595106,0.9894404748774781,False,2__0
40,33,0,0.5814,0.9018542789332131,0.3741046580929934,0.9933268427751281,False,2__0
41,34,1,0.919125,0.8845790630747828,0.3328672116854636,0.9919297441201426,False,2__0
42,35,1,0.710125,0.8966485875811779,0.3610713572547257,0.9929028946173637,False,2__0
43,36,1,0.8300625,0.9059239825427376,0.38530374338422324,0.9936423308376261,False,2__0
44,37,1,0.36871875,0.8477530723073496,0.26598229047139893,0.9887933533109732,False,2__0
45,38,1,0.325,0.8534334707139989,0.27503321177471446,0.9892813099394511,False,2__0
46,39,1,0.440375,0.8457680455384342,0.2633666374232064,0.9885952129008327,False,2__0
47,40,1,0.5565625,0.839690637014824,0.25468788598592695,0.9880413081692306,False,2__0
48,41,1,0.5565625,0.8351799983960904,0.24856047837101314,0.9876234557809385,False,2__0
49,42,1,0.585,0.8510770621472692,0.27178158248765194,0.989047778725556,False,2__0
50,43,2,0.92885,0.8645939258291618,0.2946314412263593,0.9902077079173621,False,2__0
51,44,2,0.567377778,0.8899907251275795,0.3460619697397839,0.9923330836301593,False,2__0
52,45,2,0.5403125,0.8443363041361782,0.2618408518422546,0.9884311344672526,False,2__0
53,46,2,0.950625,0.8399789155925573,0.2556477165938942,0.9880319317368187,False,2__0
54,47,2,0.528125,0.8409174915281785,0.25706920021424906,0.9881114429995869,False,2__0
55,48,2,0.884,0.8525215588315441,0.27482703458303587,0.9891319404468628,False,2__0
56,49,2,0.6825,0.994721422166303,0.9096482129168555,1.0,False,2__0
57,50,2,0.741,0.8227052606852162,0.23320155460414452,0.9864111938271107,False,2__0
58,51,2,0.819270833,0.818373199906808,0.22805342476924015,0.9859942972705237,False,2__0
0,0,0,0.753097531,0.7636280832054549,0.17547265085959987,0.9803334170343444,True,2__1
1,1,0,0.75024303,0.8061411398236112,0.21736179750046772,0.984525062631501,True,2__1
2,2,0,0.800237838,0.795286709803567,0.20815686496911162,0.9832079414412849,True,2__1
3,3,0,0.800076522,0.7964060151099233,0.21150993096167856,0.9830987574189984,True,2__1
4,4,0,0.800594466,0.7930125164247386,0.20986736317498206,0.9825514426044323,True,2__1
5,5,0,0.800594466,0.8467017718699492,0.27809738913614396,0.9878706766634572,True,2__1
6,6,0,0.800497246,0.8389837862054463,0.2681300673053983,0.9870242665379991,True,2__1
7,7,0,0.800594466,0.8343561659502354,0.26289616612618355,0.9864745786014771,True,2__1
8,8,0,0.8,0.8348115944414505,0.2646432262676961,0.9864415256329173,False,2__1
9,9,0,0.8,0.8303719417995831,0.2595499419924399,0.9859184929209382,False,2__1
10,10,0,0.8,0.7733404873118765,0.19734982546634133,0.9796312046525054,False,2__1
11,11,0,0.311207464,0.6624262843516576,0.12377267506239278,0.9648624654665615,False,2__1
12,12,0,0.499998888,0.6610254663184546,0.12403861133850182,0.9643463724602763,False,2__1
13,13,0,0.77011398,0.6521403029627941,0.12021092287001997,0.9628160225191399,False,2__1
14,14,0,0.650243497,0.6749814378013848,0.13173987405141718,0.9662725803505084,False,2__1
15,15,0,0.750517565,0.7186178985243149,0.15756093487705172,0.9724112726165718,False,2__1
16,16,0,0.750031898,0.7792675945523341,0.20549633737542808,0.9799863724268675,False,2__1
17,17,0,0.800415742,0.8213509671998127,0.25214979063517085,0.9846306649491284,False,2__1
18,18,0,0.800302791,0.8162425560142684,0.24609092650387873,0.9840552651555572,False,2__1
19,19,0,0.90064806,0.9237883947683155,0.4700633130698556,0.9943513359808267,False,2__1
20,20,0,0.850223776,0.8932634573086536,0.3809533813290118,0.9916374699296368,False,2__1
21,21,0,0.800034024,0.794578369360943,0.22234518771645206,0.9815703960093844,False,2__1
22,22,0,1.000230409,0.9564263111239877,0.6162246759257297,0.9970340191396321,False,2__1
23,23,0,1.000230409,0.927954338201484,0.4871820453902727,0.9946583592327856,False,2__1
24,24,0,1.000230409,0.9730300628576862,0.7250365584071128,0.9983353507321211,False,2__1
25,25,0,1.000230409,0.9768293838084294,0.7548471457555845,0.9986278416566324,False,2__1
26,26,0,1.000671304,0.9775936339608318,0.7613108890839699,0.9986845372709534,False,2__1
27,27,0,0.900158405,0.9792318905304516,0.7733028154691122,0.9988259518043794,False,2__1
28,28,0,0.949981609,0.9720163471605172,0.718901443290924,0.9982413348782675,False,2__1
29,29,0,1.05028058,0.9705722878475063,0.7087210463223084,0.9981245436934122,False,2__1
30,30,0,1.000446018,0.9812822442817322,0.7933443482108818,0.9989624919626446,False,2__1
31,31,0,1.000018551,0.9831754528570031,0.8104037762093951,0.99910734725184,False,2__1
32,32,0,1.000018551,0.9844483119083963,0.8222580490578105,0.9992044025853146,False,2__1
33,33,0,0.900477825,0.9579516716977906,0.6290530798835569,0.9970982034821342,False,2__1
34,34,0,0.899984058,0.9792950747872876,0.7760455345488677,0.9988106413443638,False,2__1
35,35,0,1.000344928,0.9795960138314146,0.7787549722453658,0.9988324475402296,False,2__1
36,36,0,1.000344928,0.9899120056694123,0.8759361872955594,0.9996257194951794,False,2__1
37,37,0,0.80037492,0.9423848277092459,0.5507448960403079,0.9957916351607343,False,2__1
38,38,0,0.432122899,0.6934567783924279,0.14270258566788813,0.9687682412593187,False,2__1
40,39,0,0.361071429,0.7355243628631503,0.1704383505797674,0.9744193639237639,False,2__1
41,40,1,0.328131579,0.725207725728299,0.16336071277667003,0.9730203087233551,False,2__1
42,41,1,0.585315789,0.7124452177843489,0.15511956882112254,0.971241760946216,False,2__1
43,42,1,0.700605263,0.6985405673682542,0.14676496288015428,0.9692327413911492,False,2__1
44,43,1,0.700623,0.8369303285896063,0.27894710360734726,0.985859761620654,False,2__1
45,44,1,0.700623,0.8277417210266014,0.2660143087740321,0.9848778751742047,False,2__1
46,45,1,0.700069811,0.8174599774394903,0.25258386246993275,0.9837564593601557,False,2__1
47,46,1,0.66237931,0.6805407465476159,0.137029942639346,0.9664534731448288,False,2__1
48,47,1,0.700211111,0.6863615908542041,0.1403101501837923,0.9673079012384987,False,2__1
49,48,1,0.683550607,0.7032282767307497,0.15051136228086737,0.9696868097498864,False,2__1
51,49,2,0.30277037,0.7286191378500471,0.1673802028047652,0.9731603272975266,False,2__1
52,50,2,0.404144928,0.72781946456338,0.1669289901018825,0.9730317919833311,False,2__1
53,51,2,0.600099145,0.7398332678771734,0.17560710847313948,0.9746318834629721,False,2__1
54,52,2,0.65024031,0.7270299393764453,0.16641477748687733,0.9729181036158754,False,2__1
55,53,2,0.700106061,0.8596482543367703,0.3165966439725535,0.9881409974712593,False,2__1
56,54,2,0.700516224,0.8538217041732974,0.3065305990846443,0.9875472706657529,False,2__1
57,55,2,0.700051852,0.882558715818697,0.36234590098985525,0.9903818493210924,False,2__1
58,56,2,0.750140741,0.8933074925837546,0.3875903914802964,0.9913983949226158,False,2__1
1,0,0,0.945277778,0.5726681483508733,0.09645691202035624,0.9440308952524332,True,3__0
2,1,0,0.991388889,0.6474218522157612,0.1301046781386575,0.9577543279136042,True,3__0
3,2,0,0.875390625,0.7453283061078381,0.19515853302821468,0.9727627657268633,True,3__0
4,3,0,0.899166667,0.7852957500080021,0.23535263087493216,0.9778196558913306,True,3__0
5,4,0,0.83,0.8323497401029615,0.29710307037698513,0.9834654915537895,True,3__0
6,5,0,0.712626263,0.8079526952657503,0.26530489810217983,0.98032191565983,True,3__0
7,6,0,0.930340376,0.8003158121292331,0.2573358161986668,0.979197754109517,True,3__0
8,7,0,0.93532197,0.7789316496095812,0.2340783236682574,0.9762798818856251,True,3__0
9,8,0,0.905454545,0.8144150580559011,0.27720613831703256,0.9807909734355089,False,3__0
10,9,0,0.901262626,0.8133139493417018,0.276564278180329,0.9805722064432802,False,3__0
11,10,0,0.820833333,0.7985141931155876,0.2583865622318073,0.9786101396986007,False,3__0
18,11,0,0.460578704,0.8611701575138335,0.35390706994643284,0.9862928860117125,False,3__0
19,12,0,0.895454545,0.7800174557086523,0.2392000081762131,0.9759073117848837,False,3__0
20,13,0,0.961784512,0.7980713165994366,0.2602833934775786,0.9782801981957298,False,3__0
21,14,0,1.059621212,0.8206333305591995,0.29010060017477496,0.981168749727172,False,3__0
22,15,0,0.861875,0.8721995520364267,0.3792701455615654,0.9873817553813539,False,3__0
24,16,0,0.4925,0.8782071617117727,0.39236402881107285,0.9880645303150378,False,3__0
25,17,0,0.971866667,0.8683666773005007,0.37191720478241325,0.9869051409108595,False,3__0
39,18,0,0.864583333,0.8471529528670206,0.3327209269442532,0.9843517891606953,False,3__0
40,19,0,0.7866,0.8775142700738102,0.39259241676332424,0.9878944976206534,False,3__0
41,20,1,0.2565,0.835068239961386,0.3136218699736579,0.9828088634749114,False,3__0
42,21,1,0.81640625,0.8466380985542197,0.3332918857826777,0.9841851088471123,False,3__0
43,22,1,0.8721,0.8580110674902612,0.35388466682628394,0.9855484549372129,False,3__0
44,23,1,0.87115,0.8696966980806075,0.3769638458790578,0.9869288556018115,False,3__0
45,24,1,0.811388889,0.8486440428250471,0.3375897134033738,0.9843713892291212,False,3__0
46,25,1,0.900833333,0.8789044907798668,0.39708935806952034,0.987982160253401,False,3__0
47,26,1,0.921703704,0.8582413720689219,0.35530564458099523,0.9855128269716379,False,3__0
48,27,1,0.921703704,0.8607632416363611,0.36032663542378207,0.9858012000749932,False,3__0
49,28,1,0.936355556,0.9056829908533232,0.4655244110690989,0.9909778801014492,False,3__0
50,29,2,0.86037037,0.9050570411147988,0.4641329836802386,0.9908936800772188,False,3__0
51,30,2,0.902962963,0.8801224025624249,0.4014119535855349,0.9880423067326869,False,3__0
52,31,2,0.939166667,0.8612010014822823,0.36186301050579156,0.985810450260236,False,3__0
53,32,2,0.810111111,0.8872820464405181,0.4186230701618306,0.9888444874930763,False,3__0
55,33,2,0.951944444,0.8686040019625579,0.37709132328239703,0.9866641189711758,False,3__0
56,34,2,0.795416667,0.9919273807684112,0.9024759239030323,0.9997430718292801,False,3__0
57,35,2,0.894444444,0.8632389722662737,0.36657852554134035,0.9860088294252879,False,3__0
58,36,2,0.786631944,0.8343407979208107,0.31559163318425393,0.9824657494917263,False,3__0
0,0,0,0.753683478,0.7347683496562881,0.19419955950980117,0.9698379195917167,True,3__1
1,1,0,0.800322936,0.7587726658383186,0.21910272957724392,0.9727181600484424,True,3__1
2,2,0,0.75024303,0.7605340764461864,0.2252357171702265,0.9722793416668086,True,3__1
3,3,0,0.75024303,0.7664940258776985,0.23350926845781547,0.9727992109884973,True,3__1
4,4,0,0.800273829,0.7817415504586062,0.2516191226146313,0.9747615545455233,True,3__1
5,5,0,0.800273829,0.7824171686212978,0.25435698900431164,0.9745972557102364,True,3__1
6,6,0,0.800273829,0.7748394659648365,0.2477592028181869,0.973236614192948,True,3__1
7,7,0,0.750098351,0.7673824160719301,0.24124132963748093,0.9719065629801208,True,3__1
8,8,0,0.690182815,0.6224585507208694,0.13661363660353848,0.9451847739506156,False,3__1
9,9,0,0.800273829,0.6240553066846442,0.13828666134733475,0.9451594029355223,False,3__1
10,10,0,0.705576584,0.7414702302164617,0.21847298819190256,0.967411655113746,False,3__1
12,11,0,0.660683293,0.7072792518096772,0.1919930772281322,0.9611515110034823,False,3__1
13,12,0,0.600291767,0.7057189147492459,0.19137127811180155,0.9607334142564612,False,3__1
14,13,0,0.650416734,0.7154420707192046,0.19925537137349913,0.9623903958715325,False,3__1
15,14,0,0.750062751,0.7650147186706714,0.24392968668652923,0.9707485115288746,False,3__1
16,15,0,0.750037968,0.7667458975538733,0.24622896765676203,0.9709456872389906,False,3__1
17,16,0,0.750068049,0.818462731779692,0.3095379013251514,0.9787293590563175,False,3__1
18,17,0,0.750068049,0.8117497054828967,0.30058461668371783,0.9777152130670069,False,3__1
19,18,0,0.80035194,0.8343405783459323,0.33449730570453756,0.9808830134381987,False,3__1
20,19,0,0.800513307,0.7786050882211341,0.2604903433306429,0.9726021180625608,False,3__1
21,20,0,0.80035194,0.838878593032758,0.34270730729675075,0.9814425255675299,False,3__1
22,21,0,1.000230409,0.9470383018554425,0.6398644425313934,0.9948081185817851,False,3__1
23,22,0,1.000230409,0.9521260631488725,0.6644419185552859,0.9953532695618944,False,3__1
24,23,0,0.950185965,0.9590118921451085,0.7000977467393474,0.9960887665446648,False,3__1
25,24,0,1.000457471,0.9686410041270143,0.7545840525812372,0.9971237526727084,False,3__1
26,25,0,0.950185965,0.9599480897399546,0.7057864459347651,0.9961761488803565,False,3__1
27,26,0,0.90014152,0.9452592015368164,0.6315756047672212,0.9946176974187609,False,3__1
28,27,0,0.950185965,0.9586192233297055,0.6992920465655436,0.9960198344280817,False,3__1
29,28,0,1.000230409,0.9682156169765389,0.753075912996104,0.997059575754931,False,3__1
30,29,0,0.950185965,0.963752272575262,0.7276696273325308,0.99656925823377,False,3__1
31,30,0,0.950185965,0.9633453328428665,0.7255963781226714,0.9965210537776135,False,3__1
32,31,0,0.900129762,0.9491269713757005,0.6534649694878306,0.9949445825600928,False,3__1
33,32,0,0.800161172,0.8616715259608857,0.3881126653311488,0.9842342903184736,False,3__1
34,33,0,0.90047076,0.9559317749542477,0.6852671923868789,0.9957283265787749,False,3__1
35,34,0,0.536901754,0.6772227053914874,0.1721159362575283,0.9551413590836656,False,3__1
36,35,0,0.350301724,0.6816412996124347,0.17648401412383755,0.9555820086352347,False,3__1
37,36,0,0.500801724,0.7864948802677773,0.2728787540574114,0.9733840098598154,False,3__1
38,37,0,0.475718391,0.7697817613640962,0.2541894413311542,0.9707066814221568,False,3__1
39,38,0,0.802243319,0.8796711115497802,0.42688396799653616,0.9865763616126415,False,3__1
40,39,0,0.700603448,0.8278953714502371,0.3293540775240211,0.9795272682121207,False,3__1
41,40,1,0.700603448,0.8234869124293945,0.3211084320422141,0.9790389939801143,False,3__1
42,41,1,0.700603448,0.778724495618065,0.2645912479707851,0.972062465868383,False,3__1
43,42,1,0.626577778,0.7574791806682991,0.2416209802532575,0.9686573120157937,False,3__1
44,43,1,0.700362069,0.7512623988238258,0.2355316739746161,0.9676096380772361,False,3__1
45,44,1,0.750176991,0.8020456224510693,0.2927585444126618,0.9757052834255322,False,3__1
46,45,1,0.750206897,0.8002373648515568,0.2904721573956389,0.9754240187219775,False,3__1
47,46,1,0.750473684,0.7975558635223962,0.2871573002136838,0.975001335991243,False,3__1
48,47,1,0.750716981,0.7963644949535489,0.28579282026821534,0.9748016080322848,False,3__1
49,48,1,0.750473684,0.8000250970209937,0.29100936414498024,0.9752957088266432,False,3__1
50,49,2,0.800149813,0.8203826090833136,0.3190719319244572,0.9783377844180738,False,3__1
51,50,2,0.800333333,0.8168746228075404,0.31405658814407567,0.9778134566708976,False,3__1
52,51,2,0.800333333,0.8634964691134949,0.3934501671242446,0.9843660807863077,False,3__1
53,52,2,0.800534979,0.8593118390150425,0.38525980442667396,0.9837955922576194,False,3__1
54,53,2,0.800578947,0.8644624397082488,0.39560002911822634,0.9844825915329708,False,3__1
55,54,2,0.800511068,0.818632875399609,0.31678902380671436,0.9780532295150884,False,3__1
56,55,2,0.800842424,0.8105432014893845,0.305461360004059,0.9768384939033987,False,3__1
57,56,2,0.800071839,0.8521721817861303,0.3719434179227861,0.9828058461217811,False,3__1
58,57,2,0.800071839,0.8506349927867121,0.36917603375238917,0.9825902307546577,False,3__1
0,0,0,0.593055556,0.7106247390725836,0.14945402019558304,0.9719711617158581,True,4__0
1,1,0,0.988024691,0.7013857273206804,0.14599602872508377,0.9702204326758725,True,4__0
2,2,0,0.861679012,0.7743111050168016,0.2020023018122629,0.9792618758302392,True,4__0
3,3,0,0.893663194,0.7619982107087572,0.19276885217444295,0.9775422406508175,True,4__0
4,4,0,0.966781346,0.7885199202155904,0.21923879709964747,0.9805202934338674,True,4__0
5,5,0,0.827186544,0.8141487663713936,0.24952882385214661,0.9832954650545683,True,4__0
6,6,0,0.919905405,0.814192527851563,0.2507943477720545,0.9831914885699946,True,4__0
7,7,0,0.911589744,0.8271367681868577,0.2688679819856087,0.9845220040967164,True,4__0
8,8,0,0.925643939,0.8361369497536659,0.28273009126205045,0.985418816039427,False,4__0
9,9,0,0.942213805,0.8305436036668213,0.2755699844208706,0.9847417393002431,False,4__0
10,10,0,0.952020202,0.804467542175539,0.2423606710134545,0.9817744639017975,False,4__0
11,11,0,0.908080808,0.7759532803828754,0.21192546013958508,0.9783840418176004,False,4__0
12,12,0,0.988636364,0.8565419255038736,0.31892255915434436,0.9873710251464555,False,4__0
15,13,0,0.977272727,0.8923354557816269,0.39408973722357654,0.9909635926224611,False,4__0
17,14,0,0.978525641,0.8784775354531528,0.3629909801100514,0.9895535661287372,False,4__0
18,15,0,0.670216049,0.8616273768265276,0.3297048800943637,0.9878097682424936,False,4__0
19,16,0,0.651515152,0.8432373025249397,0.29843870701331454,0.9858433671633572,False,4__0
20,17,0,0.952020202,0.837173940010321,0.2895198672058809,0.9851496388993723,False,4__0
21,18,0,0.963699495,0.8445799766350542,0.30143977211211875,0.9859301803687929,False,4__0
22,19,0,0.940625,0.8541193797199359,0.3177352911291048,0.986931318319628,False,4__0
23,20,0,0.722638889,0.8587917262411617,0.3263879985640429,0.9874049955254696,False,4__0
24,21,0,0.989,0.8735396356926903,0.3549114967738569,0.9889397282228501,False,4__0
25,22,0,0.971866667,0.8867326328821252,0.38438129588262093,0.9902561959791732,False,4__0
26,23,0,0.845069444,0.8879538367511663,0.3879494842124141,0.9903494384930108,False,4__0
27,24,0,0.809236111,0.8866988178079155,0.38527663025929915,0.9902113419257581,False,4__0
28,25,0,0.5375,0.8846743392339484,0.3808388845761458,0.9899959565893506,False,4__0
31,26,0,0.447916667,0.8509064785525869,0.31344834260416654,0.9865104566343612,False,4__0
34,27,0,0.796755556,0.8827799628380567,0.377191837633321,0.9897742527677339,False,4__0
35,28,0,1.033155556,0.8807706826787511,0.3729012165302374,0.9895600781455562,False,4__0
36,29,0,1.096633333,0.8972281719839412,0.41282902818250233,0.9912020003787615,False,4__0
37,30,0,0.902916667,0.9237742863276742,0.4937116386684215,0.9937503985133289,False,4__0
38,31,0,0.287041667,0.9180338924906402,0.4743060550622651,0.9932043433680489,False,4__0
39,32,0,0.722333333,0.8963730077961932,0.4111600550536949,0.9910961259889535,False,4__0
40,33,0,0.656666667,0.8434201882901755,0.30229398504087024,0.9856181503802282,False,4__0
41,34,1,0.734645833,0.839302232420514,0.2960292742917155,0.9851484423641009,False,4__0
42,35,1,0.684027778,0.8339846927339657,0.288195854684847,0.9845381506926915,False,4__0
49,36,1,0.673083333,0.8604362083721405,0.3321931334630148,0.9874168803312139,False,4__0
50,37,2,0.806879167,0.8568061287076814,0.3257680049193332,0.9870185695825641,False,4__0
51,38,2,0.555430556,0.8510170244280991,0.3158380695413401,0.9863819098623874,False,4__0
52,39,2,0.806058333,0.8506661578862585,0.3153743754109721,0.9863351750961069,False,4__0
53,40,2,0.812625,0.8496382296499181,0.3137753612337186,0.9862139957545198,False,4__0
54,41,2,0.664875,0.8487878554906262,0.3124801534297267,0.9861123396734695,False,4__0
55,42,2,0.890604167,0.8400003172597498,0.2984303614143043,0.9851313653740064,False,4__0
56,43,2,0.7953875,0.9851362895663788,0.8257158493782092,0.9992814600027932,False,4__0
57,44,2,0.881575,0.8331631783909234,0.2882811311641126,0.9843458382338968,False,4__0
58,45,2,0.813309028,0.8317074015336617,0.28625952485093614,0.9841714879026007,False,4__0
0,0,0,0.52118,0.6255609150033073,0.15963469968952182,0.9364629035396232,True,4__1
1,1,0,0.700134038,0.6013418813559962,0.15110326164305815,0.9276019520392778,True,4__1
2,2,0,0.800598058,0.7469404595203988,0.2592181101099141,0.9616514815148766,True,4__1
3,3,0,0.800076522,0.7503481780639598,0.2671511038194733,0.961476381206563,True,4__1
4,4,0,0.800594466,0.7602248520662698,0.2808029079397309,0.9628803278600744,True,4__1
5,5,0,0.800594466,0.7668836945117921,0.2909199710912814,0.9637434948943221,True,4__1
6,6,0,0.850181818,0.8598734999433482,0.43479448362597906,0.9802787123088381,True,4__1
7,7,0,0.801028213,0.8044556595258153,0.3432407396730468,0.9703268246401602,True,4__1
8,8,0,0.473134796,0.5708963185832224,0.14490202020520745,0.9127450668621323,False,4__1
9,9,0,0.35063299,0.6214537584936086,0.1745914860091675,0.9273999585828111,False,4__1
10,10,0,0.500380799,0.6621353065495065,0.2030263061247545,0.9380029644607092,False,4__1
11,11,0,0.600369686,0.6589110869269452,0.2013411186861502,0.9369234097851643,False,4__1
12,12,0,0.650130952,0.6449790804628504,0.19210700331289912,0.9329877309741889,False,4__1
13,13,0,0.7005417,0.725968869879885,0.2573765848269592,0.9531880824660396,False,4__1
14,14,0,0.7005417,0.7265043871714376,0.2584924417735632,0.9531681979908426,False,4__1
15,15,0,0.750068049,0.7850729192294686,0.32415763701567546,0.9655713222547728,False,4__1
16,16,0,0.750068049,0.7847056213342183,0.32428278289668167,0.965405657844942,False,4__1
17,17,0,0.900556277,0.8902916411575765,0.5158446308033379,0.9843793764681413,False,4__1
18,18,0,0.849983766,0.8458747124247735,0.42011911041315175,0.9768021647072397,False,4__1
19,19,0,0.900321106,0.8854553818358383,0.5050460981953137,0.9835100425849991,False,4__1
20,20,0,0.900321106,0.8892172282354494,0.5149289891869728,0.984090107644126,False,4__1
21,21,0,0.850312684,0.7662247573177273,0.303869679299102,0.9612162676870584,False,4__1
22,22,0,0.850312684,0.7748332938842404,0.31456461832149807,0.962956572050879,False,4__1
23,23,0,0.800489676,0.7402298964362234,0.27576751641774905,0.9554581495825107,False,4__1
24,24,0,0.9008,0.9136684381557714,0.5846068370035495,0.987894350702007,False,4__1
25,25,0,0.900537069,0.9131403021248012,0.5833567267792413,0.9877931082577937,False,4__1
26,26,0,0.85011396,0.8120422023048175,0.36659373024580283,0.9702041075001828,False,4__1
27,27,0,0.800393224,0.8382242899883174,0.40584485857899194,0.9754767300294825,False,4__1
28,28,0,0.800434622,0.7876354563271534,0.3324949302751948,0.9653245766900157,False,4__1
29,29,0,0.350706422,0.6158861165960041,0.17744081473239667,0.9227498929180789,False,4__1
30,30,0,0.500720126,0.630965882942245,0.18697186740131783,0.92724720944388,False,4__1
31,31,0,0.600224189,0.657938473982394,0.2057998952020676,0.9347428583400974,False,4__1
32,32,0,0.568259587,0.7034244303910425,0.2422348497780109,0.9464608966147156,False,4__1
33,33,0,0.790003236,0.7311488363012488,0.26828148044970346,0.9530125052483983,False,4__1
34,34,0,0.700618234,0.6940951111551305,0.23442563029834368,0.9440859131827134,False,4__1
35,35,0,0.700588406,0.6896273109705421,0.23084601735853702,0.9429132694136124,False,4__1
36,36,0,0.637711864,0.5811784108225746,0.15622043936215693,0.912409612532021,False,4__1
37,37,0,0.750392157,0.5839554630087329,0.1579038677008554,0.9132196062095168,False,4__1
38,38,0,0.598627451,0.576989453630743,0.15414695740702225,0.9109081567028215,False,4__1
39,39,0,0.750356125,0.5760257317464234,0.15379637261739318,0.9104832024032818,False,4__1
40,40,0,0.750356125,0.7076756851626741,0.24673664107371884,0.9472991099608412,False,4__1
41,41,1,0.800980392,0.7454336725634865,0.28364554857085067,0.9561127876314579,False,4__1
42,42,1,0.800094017,0.7884885098450085,0.3351112484945048,0.9652718834688099,False,4__1
43,43,1,0.80000295,0.7854659131886349,0.33121123618026926,0.9646403264354352,False,4__1
44,44,1,0.800137255,0.6805381070517517,0.2241186210203444,0.9403717449836775,False,4__1
45,45,1,0.800071839,0.7300945935633584,0.26829434721594936,0.9525239898489387,False,4__1
46,46,1,0.800808642,0.7036401807970848,0.24350579743212203,0.9462135265659167,False,4__1
47,47,1,0.495617514,0.665076190228892,0.21193725370625202,0.9363569788406056,False,4__1
48,48,1,0.500258046,0.6501244327876317,0.20105749973834103,0.9322589283177759,False,4__1
49,49,1,0.600239766,0.6544507976812256,0.20467717907079208,0.9332536156837058,False,4__1
50,50,2,0.750254867,0.7672266738336644,0.3090707306430751,0.9607138914216646,False,4__1
51,51,2,0.750770115,0.7507997444627711,0.2903650064405443,0.9571212333029827,False,4__1
52,52,2,0.799975862,0.7940451545668262,0.343472725016777,0.9662723244106382,False,4__1
53,53,2,0.750050847,0.7559669505703124,0.29620751359418973,0.9582417311477803,False,4__1
54,54,2,0.800746552,0.7979075172767388,0.34894642220092403,0.9670333516796281,False,4__1
55,55,2,0.850084211,0.8093319875061822,0.36555113230588115,0.9692895224625129,False,4__1
56,56,2,0.850446154,0.8109770448007996,0.36810560657006786,0.9696005895273898,False,4__1
57,57,2,0.850084211,0.8141270476062571,0.3729877169970913,0.9702033178681461,False,4__1
58,58,2,0.750050847,0.7306098802179047,0.26960973227629803,0.9524575850288336,False,4__1
3,0,0,0.759270833,0.6424288376492663,0.12132744122379546,0.9592041002240953,True,5__0
5,1,0,0.330113636,0.62814678674551,0.11705040393119037,0.9558152191693199,True,5__0
6,2,0,0.821354167,0.5783650010525037,0.09850098360790628,0.945265986963763,True,5__0
7,3,0,0.337973485,0.6147367931557477,0.11408647131867165,0.9520493239994459,True,5__0
8,4,0,0.609138258,0.5898732316093339,0.10494519434998247,0.9465230995154698,True,5__0
9,5,0,0.809564394,0.5914958642040086,0.10639548716384972,0.9464270973942924,True,5__0
10,6,0,0.821354167,0.6114448929123824,0.11533713702526247,0.9501742259348325,True,5__0
11,7,0,0.864583333,0.7158865303349573,0.17389369788701828,0.9681863898172642,True,5__0
12,8,0,0.860653409,0.6271214469202314,0.12354120261683019,0.9527386743946218,False,5__0
13,9,0,0.98719697,0.7261027112912833,0.18275888839974422,0.9694429987900306,False,5__0
14,10,0,0.852793561,0.6890141152469201,0.1578274443506842,0.9634851676599377,False,5__0
15,11,0,0.958901515,0.7005684531636296,0.16573873948055176,0.9652448772280946,False,5__0
16,12,0,1.033570076,0.7258077419012834,0.18404383739612495,0.9690951941913579,False,5__0
17,13,0,0.758173077,0.7870392868573267,0.2400549950259834,0.9777044068927961,False,5__0
18,14,0,0.742901235,0.831524436425368,0.2972344106480711,0.9832574596898813,False,5__0
19,15,0,0.966666667,0.8331333762667306,0.30024408650116513,0.983402885722784,False,5__0
20,16,0,0.973796791,0.852921985424782,0.3328900913592273,0.9857076286733176,False,5__0
21,17,0,0.959191919,0.8539147047224237,0.3352946264976147,0.9857804271698004,False,5__0
22,18,0,0.926388889,0.8462367138728004,0.3225531797580458,0.9848502977352129,False,5__0
25,19,0,0.971866667,0.7276231626115417,0.18336947022222244,0.9697780961082697,False,5__0
35,20,0,0.87,0.7244495434370352,0.18160138344462673,0.9691771789720142,False,5__0
36,21,0,0.58,0.7352205060583143,0.1904845104701822,0.9706718342580277,False,5__0
38,22,0,0.760833333,0.7132725467259252,0.17460749699743608,0.967219602582054,False,5__0
39,23,0,0.629416667,0.8570084164650169,0.3430847086065192,0.985997981383351,False,5__0
42,24,1,0.631354167,0.8227560451347784,0.2882530665905367,0.9818713052392117,False,5__0
46,25,1,0.902962963,0.8298873666967869,0.29885090150706417,0.9827275789886198,False,5__0
47,26,1,0.921604938,0.8744187330016939,0.37746150933656103,0.9879812088741072,False,5__0
48,27,1,0.921604938,0.8763479015857966,0.38190525781710705,0.9881812086679158,False,5__0
51,28,2,0.354444444,0.8436583613844351,0.32091257690189984,0.9843560064195621,False,5__0
52,29,2,0.592083333,0.839743048605832,0.3147507742412143,0.9838708808682919,False,5__0
54,30,2,0.80575,0.8549166750181771,0.3407887722699466,0.9856579292596718,False,5__0
55,31,2,0.857916667,0.8349542305195645,0.30755497146551897,0.9832640350783555,False,5__0
56,32,2,0.864342593,0.9903384597318389,0.8814914983867804,0.999650473030893,False,5__0
57,33,2,0.909391667,0.8565703857607043,0.3441586537549805,0.985828187443751,False,5__0
58,34,2,0.75885,0.8582711742692292,0.34745805905702454,0.9860165183888101,False,5__0
0,0,0,0.707045902,0.7575219353894794,0.25893561192009545,0.9657125147056275,True,5__1
1,1,0,0.800148649,0.7454718689420656,0.25344058612514,0.9621985281337968,True,5__1
2,2,0,0.603432184,0.6309229129742707,0.16767693110881415,0.9356945056541112,True,5__1
3,3,0,0.600028736,0.6660854005223753,0.1950083072562293,0.9428284334720545,True,5__1
4,4,0,0.649983281,0.6937642114636727,0.2175879401199582,0.9488321131413398,True,5__1
5,5,0,0.700480831,0.6863404958672783,0.21389983046968405,0.9464537663086273,True,5__1
6,6,0,0.233705476,0.5463721086632158,0.13001057271110034,0.9066904026827936,True,5__1
7,7,0,0.388007813,0.5753027878452849,0.14553242912194334,0.9151874787999592,True,5__1
8,8,0,0.452979626,0.5607319690552556,0.13903182674803294,0.9099368398697747,False,5__1
9,9,0,0.650040783,0.5543850600473135,0.13673754150974946,0.9072545487604824,False,5__1
10,10,0,0.526810345,0.5587867938264018,0.13943347745301496,0.908351214008423,False,5__1
11,11,0,0.700095563,0.5592567049060765,0.14034454316414804,0.9080378312983296,False,5__1
12,12,0,0.700060345,0.5482449596313479,0.13569297830334767,0.9037541190148476,False,5__1
13,13,0,0.452012539,0.5579088038166259,0.14014836994395327,0.9072549291591284,False,5__1
14,14,0,0.600062696,0.6324042943348449,0.18259847769280443,0.9300012950665453,False,5__1
15,15,0,0.650066445,0.6523545091101662,0.19610985701739744,0.9354066533460763,False,5__1
16,16,0,0.700063796,0.7084058395256032,0.23984201128909127,0.9494912527442698,False,5__1
17,17,0,0.750344828,0.7099041880707082,0.24167918185252388,0.9497071661368472,False,5__1
18,18,0,0.700250784,0.664984241925601,0.20615311280390164,0.9383715061313586,False,5__1
19,19,0,0.700250784,0.7052113561957845,0.2384369608021971,0.9483638741803967,False,5__1
20,20,0,0.700250784,0.7014427350129379,0.23561219101096095,0.9473437466813912,False,5__1
21,21,0,0.750031447,0.7267286760254009,0.2588390450603763,0.9531884636462805,False,5__1
22,22,0,0.500035345,0.6365320505233357,0.1878261194081867,0.9300658424042059,False,5__1
23,23,0,0.800534483,0.860396579800844,0.44662500797633414,0.9794886667521249,False,5__1
24,24,0,0.800473729,0.8673132588215702,0.4619549519836205,0.9805969008924091,False,5__1
25,25,0,0.656763743,0.6699895026373928,0.21098181891313342,0.9392877068664424,False,5__1
27,26,0,0.500801724,0.5419133981325132,0.13489404659651713,0.8998234968742401,False,5__1
28,27,0,0.415172414,0.540315995540088,0.13439142158631928,0.8990469126043515,False,5__1
29,28,0,0.650834808,0.5375896347710261,0.1332578942335714,0.8979324553270628,False,5__1
30,29,0,0.562212644,0.5398152893917766,0.1344395582640399,0.89864163021842,False,5__1
31,30,0,0.545657673,0.5414010458711651,0.1352970365418162,0.8991370538123271,False,5__1
32,31,0,0.700618234,0.5311087564713518,0.13062448799337817,0.8952224036155901,False,5__1
33,32,0,0.700618234,0.6360533091913142,0.1886673787177711,0.9294334817736936,False,5__1
34,33,0,0.750356125,0.6603252507822137,0.20548886805228217,0.9361477823408944,False,5__1
35,34,0,0.750406233,0.7120386781394904,0.24736990605243883,0.9492229657589121,False,5__1
36,35,0,0.750799435,0.7059542941055497,0.24212100139279144,0.9477182055906239,False,5__1
37,36,0,0.750392157,0.7098059723586575,0.2457033143051963,0.9486004023386752,False,5__1
38,37,0,0.722568627,0.528956809044143,0.12997376974448016,0.8941313202166586,False,5__1
39,38,0,0.800980392,0.6017924261278388,0.1660640382029061,0.9199518737400804,False,5__1
40,39,0,0.653431373,0.5426094246257435,0.1365107909444487,0.8990842323305744,False,5__1
41,40,1,0.800980392,0.6148877921121512,0.17413872442977846,0.9237693650459107,False,5__1
42,41,1,0.799982853,0.7366611413662647,0.27133748279772035,0.954825256636835,False,5__1
43,42,1,0.307501459,0.5479423795009948,0.13927958731424944,0.900868933150728,False,5__1
44,43,1,0.800137255,0.6180770600306053,0.17808915667974703,0.9237539297546501,False,5__1
45,44,1,0.800137255,0.6668356957377446,0.21109707415782894,0.9375947686425867,False,5__1
46,45,1,0.598792339,0.5923806040718482,0.160683117663157,0.917026526209398,False,5__1
47,46,1,0.449964912,0.6412656390745491,0.19329835907378565,0.9304301635554113,False,5__1
48,47,1,0.550403509,0.624678740530048,0.18257571751143822,0.9255587886624879,False,5__1
49,48,1,0.707446429,0.6608561331669642,0.20732004319046934,0.9357600116564971,False,5__1
50,49,2,0.700903571,0.649857948550333,0.19957629541842564,0.9326952540334688,False,5__1
51,50,2,0.700659649,0.6430176050512161,0.19495899479703488,0.9307314339449528,False,5__1
52,51,2,0.700424138,0.6752262756159007,0.21828721753281793,0.9395307348518308,False,5__1
53,52,2,0.700424138,0.6494700175309005,0.19920078738077868,0.9326284636310408,False,5__1
54,53,2,0.408960345,0.6451542347621975,0.1964888728018454,0.9313076458866948,False,5__1
55,54,2,0.500033898,0.6372837124201995,0.19114748908183782,0.9290723316897104,False,5__1
56,55,2,0.600040678,0.6407364523060409,0.19345276327843758,0.9300658840505618,False,5__1
57,56,2,0.650044068,0.6515664433162682,0.20096089165325717,0.9330975508076823,False,5__1
58,57,2,0.700556897,0.6611967227800104,0.20791372708451322,0.9357257879987191,False,5__1
5,0,0,0.666515152,0.5162623083273242,0.09110034524434105,0.9191529146236678,True,6__0
8,1,0,0.597348485,0.4954653566170684,0.08613332923275681,0.910957392014875,True,6__0
9,2,0,0.817424242,0.5088084410769707,0.0920650751087655,0.9136782254380309,True,6__0
13,3,0,0.465757576,0.4642357162937163,0.07864860464963633,0.897822229258977,True,6__0
14,4,0,0.804848485,0.565423843542786,0.11603939056555711,0.9281541502987343,True,6__0
18,5,0,0.626822917,0.5406198052007374,0.10683081532881548,0.9205827335704214,True,6__0
22,6,0,0.6225,0.560286286191273,0.11553965601634754,0.9256435562732096,True,6__0
23,7,0,0.977555556,0.6519040441613246,0.16226554848583993,0.9478790965332429,True,6__0
24,8,0,0.899,0.7072741440770031,0.2008999022968709,0.9589684226245168,False,6__0
25,9,0,0.971866667,0.7038793527800614,0.19907074864563315,0.9581165244973607,False,6__0
26,10,0,0.314166667,0.7359524994425919,0.22645403604367748,0.9639551875254317,False,6__0
27,11,0,0.280333333,0.7144027323839423,0.20869574145495207,0.9598139272322026,False,6__0
28,12,0,0.495416667,0.6640245379245407,0.17273098020026845,0.9494834703399264,False,6__0
29,13,0,0.531666667,0.6554100592066977,0.167754105280664,0.9474388593839951,False,6__0
30,14,0,0.9425,0.6493043066454455,0.16441640095782456,0.9459263851014847,False,6__0
31,15,0,0.845833333,0.6735485264721727,0.18023709764304807,0.9511190104183032,False,6__0
32,16,0,0.610208333,0.6747074825094671,0.1813646839461807,0.9512567260518768,False,6__0
33,17,0,0.888125,0.6718862142735396,0.17977920546864606,0.9505540607622587,False,6__0
34,18,0,0.628333333,0.6848140576303915,0.18898817780325333,0.9531980119954451,False,6__0
37,19,0,0.483333333,0.6825289574881314,0.1876434593351701,0.9526402181219193,False,6__0
38,20,0,0.604166667,0.6593637288323574,0.1723849916496507,0.9475557018342838,False,6__0
39,21,0,0.773333333,0.6572698103427514,0.17127347619231023,0.9470120990309139,False,6__0
40,22,0,0.749166667,0.6621669675576776,0.17459637503362743,0.9480341147899669,False,6__0
41,23,1,0.936861111,0.7154167930186455,0.21370340075755132,0.9590247690075699,False,6__0
42,24,1,0.785864198,0.7681816125494892,0.26334590231984456,0.9687539926390788,False,6__0
43,25,1,0.8319375,0.6712002975140202,0.18104253335177622,0.9498510416010276,False,6__0
44,26,1,0.3715625,0.6777557486053787,0.18567595675145482,0.9512145570061962,False,6__0
45,27,1,0.726933333,0.7439256583812432,0.2395611692262705,0.964288084128766,False,6__0
46,28,1,0.410833333,0.6680083237947997,0.1793337419504552,0.9490148680779502,False,6__0
47,29,1,0.271875,0.6521025142632884,0.16923205825608761,0.9454101068611402,False,6__0
48,30,1,0.271875,0.6408341471357085,0.1625176261863101,0.9427474592893622,False,6__0
51,31,2,0.309333333,0.6646766559694774,0.17748302196750776,0.9481627784587119,False,6__0
54,32,2,0.7975,0.6635721852250471,0.17688143160871125,0.9478760491297944,False,6__0
55,33,2,0.271875,0.6587396016425491,0.17385857590298615,0.9467578595116615,False,6__0
58,34,2,0.394722222,0.6084632886504402,0.14463943529836573,0.9347329324597096,False,6__0
0,0,0,0.800381944,0.7892044423938057,0.29882030153908096,0.9707805361187462,True,6__1
1,1,0,0.800125,0.7843107402238637,0.3005636832794463,0.9688057442669534,True,6__1
2,2,0,0.879714482,0.7707835670265593,0.29152312428035365,0.96516150077212,True,6__1
3,3,0,0.800246011,0.8006648044160878,0.3331669764389783,0.9702450494755268,True,6__1
4,4,0,0.80007657,0.7701301880374927,0.29718507488146717,0.9639652985942585,True,6__1
5,5,0,0.800343766,0.8157952117127277,0.3605601249611286,0.9723400801756609,True,6__1
6,6,0,0.800024932,0.7668581767766796,0.297402388015032,0.9626152723623805,True,6__1
7,7,0,0.800343766,0.8065813254875043,0.3506091644860123,0.9701687621642411,True,6__1
8,8,0,0.800343766,0.8060882230504602,0.3513313317833268,0.9698896920561692,False,6__1
9,9,0,0.800181818,0.8050838176511086,0.3511365761922523,0.9695340453091438,False,6__1
10,10,0,0.800246753,0.8105391925659534,0.36014586919494507,0.9704448747127666,False,6__1
11,11,0,0.800246753,0.7666424593187864,0.3028634837931576,0.9615693777481307,False,6__1
12,12,0,0.80003139,0.7613897916642725,0.29742434633361886,0.9603444224177744,False,6__1
13,13,0,0.800343766,0.8529871837441734,0.4351296552562793,0.9779212245362462,False,6__1
14,14,0,0.800343766,0.8524882624537578,0.4348605278368071,0.9777704832233545,False,6__1
15,15,0,0.800358775,0.7986539317870552,0.34661130582332006,0.9676581672780981,False,6__1
16,16,0,0.800261486,0.8478297810375582,0.4271811390186516,0.9768293560410517,False,6__1
17,17,0,0.850410511,0.9116410462915275,0.5768661548744388,0.9876587020902765,False,6__1
18,18,0,0.800191989,0.8335023635641461,0.4022819020971838,0.9741316861941491,False,6__1
19,19,0,0.800537143,0.8345498567476862,0.4045191504515943,0.9742800850580094,False,6__1
20,20,0,0.800386364,0.8385420454779513,0.4119017488686597,0.974976804162147,False,6__1
21,21,0,0.800386364,0.7809249929114648,0.32526714298324905,0.9637158165990768,False,6__1
22,22,0,0.622828125,0.5944124942527409,0.1649210544112447,0.9159347604437922,False,6__1
23,23,0,0.437995338,0.6182893331324186,0.1797333541983979,0.9230877533363149,False,6__1
24,24,0,0.500117677,0.6854659725431306,0.22791137296737352,0.941702433665754,False,6__1
25,25,0,0.600710606,0.6841287796936676,0.2270003315917983,0.9413032286765636,False,6__1
26,26,0,0.651007071,0.6735890790725996,0.21888739497035697,0.9384697801962072,False,6__1
27,27,0,0.700354545,0.7430869058992811,0.28145357842268787,0.9555236426754884,False,6__1
28,28,0,0.700184577,0.6884323906648389,0.23125023347416365,0.9421819539299109,False,6__1
29,29,0,0.700710417,0.6904814843649194,0.2330939919147275,0.9426623345362066,False,6__1
30,30,0,0.700079032,0.6821937692637783,0.22647710086064202,0.9404700960808344,False,6__1
31,31,0,0.750520115,0.7032654719196896,0.2444328517608077,0.9457705472123528,False,6__1
32,32,0,0.75065101,0.6805718640384442,0.22548527050775813,0.9399458871987478,False,6__1
33,33,0,0.612517157,0.5596758592651205,0.14607647137638852,0.9043508676581574,False,6__1
34,34,0,0.750797009,0.5633324174034483,0.14817332594430446,0.9054745545432867,False,6__1
35,35,0,0.800947475,0.7053100465901017,0.2467763967576736,0.9461300766571212,False,6__1
36,36,0,0.688017677,0.5746282126739015,0.15429644380751575,0.9092264355651867,False,6__1
37,37,0,0.557252451,0.5828790703922035,0.1589471324927093,0.9118845532820982,False,6__1
38,38,0,0.681598039,0.5642108374971233,0.14916470953671032,0.9054164235307357,False,6__1
39,39,0,0.75065101,0.5694991029077054,0.15203739446755857,0.9071760549521213,False,6__1
40,40,0,0.750621354,0.572380945547639,0.15378717787663185,0.9080208048092689,False,6__1
41,41,1,0.75065101,0.6963875573119379,0.23942797865401166,0.9437653182774182,False,6__1
42,42,1,0.75065101,0.791292921861451,0.34177762122099326,0.9654071179224074,False,6__1
43,43,1,0.75065101,0.7446933536056184,0.2858108830494052,0.9553269271700704,False,6__1
44,44,1,0.75065101,0.7467716715230162,0.28813217038017114,0.9557794887642662,False,6__1
45,45,1,0.75065101,0.7391991359043387,0.28018161454486235,0.954034743432664,False,6__1
46,46,1,0.75065101,0.7563444317495426,0.2987379307279921,0.9579171258265423,False,6__1
47,47,1,0.75065101,0.7383058267257853,0.2793989377986188,0.9537968230675483,False,6__1
48,48,1,0.75065101,0.7434587545912118,0.2848903983725211,0.9549620744185859,False,6__1
49,49,1,0.75065101,0.7784892821486924,0.32577173950127514,0.9626180061942926,False,6__1
50,50,2,0.750797009,0.7322531441363355,0.2735273819733797,0.952317195126223,False,6__1
51,51,2,0.750212553,0.7261209004278983,0.2671858598483226,0.9509284020096719,False,6__1
52,52,2,0.332146465,0.5335976041035724,0.1345148626723489,0.893919920026699,False,6__1
53,53,2,0.26369382,0.636618417816681,0.19206043731818878,0.9282977704858206,False,6__1
54,54,2,0.500528095,0.620081341996304,0.181462206258423,0.9233389631771107,False,6__1
55,55,2,0.601037091,0.6952154714521676,0.23877979946320296,0.9433628716409506,False,6__1
56,56,2,0.650962281,0.7324155791108139,0.2735708751813392,0.9523829325512713,False,6__1
57,57,2,0.700246491,0.7108780550077793,0.25288289057128777,0.9472120928713121,False,6__1
58,58,2,0.700246491,0.7431194563777989,0.2847808282270008,0.9548310981854528,False,6__1
0,0,0,0.540729167,0.5397268891751922,0.1049142846482377,0.9215318994793935,True,7__0
1,1,0,0.6253125,0.5144241985723705,0.098248644541456,0.911544472252292,True,7__0
2,2,0,0.667604167,0.5551386295727172,0.115861994451074,0.9224812399296076,True,7__0
3,3,0,0.676666667,0.5439219515232132,0.112916314516001,0.9179400551128651,True,7__0
4,4,0,0.61625,0.58081515705494,0.1302553674608517,0.9277738945776512,True,7__0
5,5,0,0.804640152,0.5842972442182772,0.13307404736855316,0.9280447127433357,True,7__0
6,6,0,0.681060606,0.5973629525876133,0.14047118720179952,0.9310411886631492,True,7__0
7,7,0,0.670075758,0.6044881180108957,0.1449877625072288,0.9324830809860296,True,7__0
8,8,0,0.590435606,0.6096163876854035,0.14844592366012788,0.9334519918206973,False,7__0
9,9,0,0.648106061,0.6082747914654326,0.1483959457556256,0.9327700156195213,False,7__0
10,10,0,0.670075758,0.6109560848327519,0.1504100938907776,0.9331915277717354,False,7__0
11,11,0,0.837594697,0.6147463003048907,0.1529844319892663,0.9339378470997086,False,7__0
12,12,0,0.689299242,0.614181122293378,0.1531340728116124,0.9335695656295131,False,7__0
13,13,0,0.661837121,0.6185445967603219,0.15596087440772646,0.9345170392519648,False,7__0
14,14,0,0.692045455,0.6208878330324752,0.15765095003559507,0.9349536610575184,False,7__0
18,15,0,0.957638889,0.6126818375902385,0.1535002012791306,0.9325994456665385,False,7__0
19,16,0,0.870580808,0.6739249887599544,0.19197335791082001,0.9475359458280183,False,7__0
20,17,0,0.749188312,0.7044302491761221,0.21531042265823255,0.9541642008281915,False,7__0
21,18,0,0.646306818,0.6353771343917963,0.1672543000548119,0.9381526658422312,False,7__0
22,19,0,0.803541667,0.634594268906155,0.16701530717373864,0.9378579815794189,False,7__0
23,20,0,0.406354167,0.6467927040213447,0.1747777130310988,0.9407947765455692,False,7__0
25,21,0,0.971866667,0.7232268808456856,0.23255273117147457,0.957762887998605,False,7__0
26,22,0,0.892194444,0.7827849466981718,0.2943903980689947,0.9691571942922861,False,7__0
29,23,0,0.779791667,0.6993216455654486,0.21267050698565687,0.9526816710283524,False,7__0
30,24,0,0.8471,0.7287926812590394,0.23825483458876698,0.9587425411521266,False,7__0
31,25,0,0.715766667,0.7336909635442754,0.243005548456107,0.959683723552856,False,7__0
32,26,0,0.928680556,0.7421253409499791,0.2513004280650938,0.9613159052061948,False,7__0
37,27,0,0.929277778,0.7748016164977368,0.2863458468382386,0.9674942351320612,False,7__0
39,28,0,0.258,0.769970760617855,0.28095682701190416,0.9665783902439767,False,7__0
40,29,0,0.91375,0.696437889527184,0.21145477722862713,0.9517614545750159,False,7__0
41,30,1,0.671875,0.6789745645407524,0.1981127704083923,0.9478883942392043,False,7__0
43,31,1,0.283958333,0.6700844469839092,0.1918820641221893,0.945795256906247,False,7__0
44,32,1,0.356458333,0.6590158115886297,0.18441094328214286,0.943134186169534,False,7__0
46,33,1,0.676666667,0.6590390466073198,0.1845875920339236,0.9430820381079069,False,7__0
49,34,1,0.350416667,0.6847924032348348,0.2029456934971086,0.9490453177022282,False,7__0
50,35,2,0.342361111,0.6762636673596121,0.19677034866586843,0.9470693362486651,False,7__0
51,36,2,0.999533333,0.6965319774156149,0.21233970402645763,0.951557317555651,False,7__0
52,37,2,0.684888889,0.8025887508968842,0.32233658952701016,0.9723166663022911,False,7__0
54,38,2,0.825444444,0.8221815972402483,0.3504417435170071,0.9756811136600654,False,7__0
57,39,2,0.560625,0.7108761496822879,0.22419586470002975,0.954625178033937,False,7__0
58,40,2,0.625625,0.7074079712758361,0.2213681378122596,0.9538639478183044,False,7__0
0,0,0,0.800125,0.7260063601885135,0.22901457534573416,0.9596698105621748,True,7__1
1,1,0,0.800125,0.7455156811514095,0.2539179518849779,0.9621228504501683,True,7__1
2,2,0,0.850436438,0.8400067166320834,0.3835526660582454,0.9782256348211212,True,7__1
3,3,0,0.800684366,0.8041551503277853,0.33238673471919233,0.9716033723657195,True,7__1
4,4,0,0.800128721,0.7512574132887746,0.2716951702438436,0.9609736244256131,True,7__1
5,5,0,0.800128721,0.8018493080549133,0.3353214532037907,0.970396211364015,True,7__1
6,6,0,0.850136766,0.8339813430818959,0.3869651540662472,0.9758881513285717,True,7__1
7,7,0,0.850136766,0.833443855273052,0.3880755385127671,0.9755894116149773,True,7__1
8,8,0,0.850136766,0.7777045964024333,0.30911263797263405,0.9650061957390139,False,7__1
9,9,0,0.850136766,0.8414172953306518,0.4050364230671304,0.9766808698212107,False,7__1
10,10,0,0.850136766,0.8442591103488979,0.4113747219005732,0.9770624176296523,False,7__1
11,11,0,0.900144811,0.879906955669376,0.4863987569335457,0.9829647896330328,False,7__1
12,12,0,0.850136766,0.8401981395060673,0.4059359456344043,0.9761679473300643,False,7__1
13,13,0,0.800128721,0.8048400188376497,0.3499411423029083,0.9695982005267663,False,7__1
14,14,0,0.800128721,0.7427571249601527,0.27400914506826196,0.9569433522090065,False,7__1
15,15,0,0.576460393,0.6841324196641161,0.22094672907435123,0.9432099984353225,False,7__1
16,16,0,0.400332792,0.7400142741262128,0.272625786206762,0.956035468138553,False,7__1
17,17,0,0.500241342,0.7051026756549285,0.23957582037764147,0.9480026303210722,False,7__1
18,18,0,0.60041361,0.6914244660243206,0.22826188135237332,0.9445911724170908,False,7__1
19,19,0,0.650416734,0.6887764658247254,0.2267000826353511,0.9437491020269322,False,7__1
20,20,0,0.7005417,0.695886090572172,0.23302694817231845,0.94538347991431,False,7__1
23,21,0,0.285333333,0.5598342745291734,0.142707444412221,0.906796489579058,False,7__1
24,22,0,0.48792,0.6077824235493456,0.16908924852461316,0.9220310800141654,False,7__1
25,23,0,0.388830357,0.6061144448878243,0.16833089433695209,0.9214093047172454,False,7__1
26,24,0,0.411553571,0.5679220986548618,0.14754584160535825,0.9090476525986431,False,7__1
27,25,0,0.295307738,0.5671661643390102,0.14707095255454633,0.9088495822341698,False,7__1
28,26,0,0.541517857,0.5488232653103826,0.13847835910301598,0.9020983245650332,False,7__1
29,27,0,0.700612069,0.5496226764626698,0.13912038826281484,0.9021954122296146,False,7__1
30,28,0,0.522844828,0.5572745792925865,0.14304002684571157,0.9047870817009632,False,7__1
31,29,0,0.662270115,0.5475975958885231,0.1386854562043457,0.9010633380908241,False,7__1
32,30,0,0.355534483,0.52801307900109,0.1294648509206382,0.8938390405916942,False,7__1
33,31,0,0.350301724,0.5367708391025267,0.1335108240356915,0.8971234995094275,False,7__1
34,32,0,0.500801724,0.6480159547019134,0.19804297864917103,0.9322807972375082,False,7__1
35,33,0,0.600070513,0.6417227021745938,0.1938570626910167,0.9304560977140122,False,7__1
36,34,0,0.535677966,0.5255197863365882,0.12863463163074226,0.8926311144059246,False,7__1
37,35,0,0.602,0.5274772540238396,0.12963136730397898,0.8932884459397455,False,7__1
38,36,0,0.700632768,0.5104881466396595,0.12225469001070541,0.8864885496353143,False,7__1
39,37,0,0.700459889,0.674126009815709,0.21754485560908096,0.939205915169879,False,7__1
40,38,0,0.700888203,0.6613849663243158,0.2080542397514847,0.935775846803233,False,7__1
41,39,1,0.75053268,0.7181374569474952,0.25488276987067243,0.9501811536428665,False,7__1
42,40,1,0.611140537,0.5794291093849274,0.1544211719027821,0.9123558144705469,False,7__1
43,41,1,0.393548851,0.506836910081005,0.12103054271752785,0.8846819030169968,False,7__1
44,42,1,0.750770115,0.7102019980122556,0.24775514719887665,0.9482463639165466,False,7__1
45,43,1,0.750727326,0.7152205406891896,0.25247521213104146,0.949412338269384,False,7__1
46,44,1,0.800115819,0.7532493802656618,0.2904578106469952,0.9581768687326503,False,7__1
47,45,1,0.800808642,0.7410982099253632,0.27800536736186177,0.9553664269341521,False,7__1
48,46,1,0.799982853,0.6962142646198306,0.23608831866182478,0.9446546489008404,False,7__1
49,47,1,0.579511494,0.5354428704112124,0.1340257642051861,0.8957161282526196,False,7__1
50,48,2,0.800115819,0.5339800878297394,0.13346973136156282,0.8950615504703949,False,7__1
51,49,2,0.800115819,0.6529956559256866,0.1998932083998801,0.9342956998607111,False,7__1
52,50,2,0.800055762,0.7761987557724533,0.31840255909888354,0.9628822098153528,False,7__1
53,51,2,0.366053523,0.5619883268015792,0.14709756651347564,0.905269193663392,False,7__1
56,52,2,0.500610909,0.5471605397098525,0.13963947218842288,0.9000323452387348,False,7__1
57,53,2,0.630402924,0.6738530997612227,0.21845993458010057,0.9387537799802671,False,7__1
58,54,2,0.650596491,0.6748816534928185,0.21930889408886914,0.9390079095123683,False,7__1
0,0,0,0.676666667,0.5632829011835943,0.09942485079245299,0.9378899819245705,True,8__0
1,1,0,0.628333333,0.5790460512324337,0.10741731762605163,0.9403465312431919,True,8__0
2,2,0,0.682708333,0.5849412858902249,0.11141396776333033,0.9407711736138862,True,8__0
3,3,0,0.664583333,0.5957157820996796,0.11728105140856566,0.9425014084737918,True,8__0
4,4,0,0.681060606,0.5995200844325784,0.12006422776993317,0.942778215784786,True,8__0
5,5,0,0.681060606,0.6069393774092073,0.12435809666273752,0.9439635059655498,True,8__0
6,6,0,0.735984848,0.6033207970920452,0.123530042815641,0.9427443659646378,True,8__0
7,7,0,0.628882576,0.6140823608412003,0.12923953960820161,0.9448130241989777,True,8__0
8,8,0,0.653598485,0.615119088103633,0.1303630307010284,0.9447514105593723,False,8__0
9,9,0,0.725,0.6176779763553901,0.132152141862918,0.9450648485083643,False,8__0
10,10,0,0.681060606,0.6247467602102963,0.13614256279749729,0.9463967275024326,False,8__0
11,11,0,0.667329545,0.6281227492181626,0.1383003229788927,0.9469383543657062,False,8__0
12,12,0,0.606912879,0.6135937333545228,0.13147801054896954,0.943549375068544,False,8__0
13,13,0,0.675568182,0.6132457589467549,0.13165493784687055,0.9433088045713162,False,8__0
14,14,0,0.639867424,0.6164594492364036,0.1335316791493081,0.9438899684296097,False,8__0
15,15,0,0.683806818,0.617586957967212,0.13437226449561804,0.9440129410764283,False,8__0
16,16,0,0.639867424,0.6207262717825274,0.13619491850809018,0.944598932725812,False,8__0
17,17,0,0.594871795,0.6178982123865979,0.13501922823107598,0.9438582877647071,False,8__0
18,18,0,0.397743056,0.6025071281166597,0.12781579931543466,0.940210708630062,False,8__0
19,19,0,0.910521886,0.6196361439858311,0.1363550419567277,0.9440374096460111,False,8__0
20,20,0,0.329545455,0.5212021498143483,0.0947863913984882,0.9188532208278832,False,8__0
22,21,0,0.845458333,0.5909455125758946,0.12308509505226038,0.9371401279445335,False,8__0
23,22,0,0.553333333,0.598456501277008,0.12663710187675276,0.9388870911993253,False,8__0
24,23,0,0.877552083,0.6589042125813075,0.1584320441955335,0.9521986426724699,False,8__0
25,24,0,0.971866667,0.6728512637029797,0.1671590788238576,0.9549378907748807,False,8__0
26,25,0,1.0115625,0.6645323377630179,0.1621301756503536,0.9532352112526282,False,8__0
27,26,0,0.561979167,0.7140297219164697,0.196275848426081,0.9625695806126717,False,8__0
28,27,0,0.976979167,0.709697939499241,0.19311560207186923,0.9617576708659197,False,8__0
29,28,0,0.915766667,0.8349657027368926,0.3295719563013975,0.9814721836286344,False,8__0
32,29,0,0.840888889,0.788899399519016,0.26801484563872846,0.9747519644030597,False,8__0
33,30,0,0.707111111,0.7906417757669711,0.2702519155555367,0.974990821184818,False,8__0
34,31,0,0.703770833,0.7229419751189297,0.20397477380243195,0.963999884466805,False,8__0
35,32,0,0.994375,0.7661048179150939,0.24360637309695263,0.9711455381741744,False,8__0
36,33,0,0.755486111,0.7847735011028736,0.26403703297684916,0.9740225250076974,False,8__0
37,34,0,0.725625,0.7421744377598603,0.22073057851091582,0.9672257613483506,False,8__0
38,35,0,0.605208333,0.7278686563206371,0.2084537574261105,0.9647671522859489,False,8__0
41,36,1,0.58,0.7107357778197675,0.19479776072402047,0.9617328846439329,False,8__0
42,37,1,0.672135417,0.7031939592118179,0.18924262484917284,0.9603336732422174,False,8__0
44,38,1,0.930416667,0.6986156771249924,0.18599392148808766,0.9594646192403401,False,8__0
45,39,1,0.791458333,0.7151873529810656,0.19855262438397936,0.962459982795451,False,8__0
46,40,1,0.658541667,0.7172383664153571,0.2002439700962366,0.9628083357330057,False,8__0
47,41,1,0.376597222,0.707961159826049,0.19314806119400135,0.9611201720709023,False,8__0
48,42,1,0.376597222,0.7011139925787444,0.18813945347047328,0.9598430740598255,False,8__0
49,43,1,0.813611111,0.7257024328928664,0.20729281809500438,0.9642564616084126,False,8__0
50,44,2,0.773333333,0.7279800640566468,0.20925358853215248,0.964639419891298,False,8__0
51,45,2,0.702777778,0.7290637619013103,0.21022776466595827,0.9648141709519344,False,8__0
52,46,2,0.930416667,0.7361279798944741,0.21634949822277597,0.9660167687949436,False,8__0
53,47,2,0.980984848,0.8373676256802606,0.3362822183507714,0.9815613047872734,False,8__0
54,48,2,0.590740741,0.8103989719400785,0.2971623803221558,0.9776867093849186,False,8__0
55,49,2,0.4509375,0.7496493082972546,0.2287856261060623,0.9682566288441741,False,8__0
56,50,2,0.2640625,0.9857331893333239,0.8546498436358433,0.9991179223481639,False,8__0
57,51,2,0.560625,0.7258857000988213,0.20791113067219744,0.9641897293302281,False,8__0
58,52,2,0.625625,0.7228939658533986,0.20550058550639191,0.963653211178097,False,8__0
0,0,0,0.940725424,0.9260942608901243,0.5759117027385969,0.9917499291966316,True,8__1
1,1,0,0.800318644,0.7775881373669115,0.2858874616500075,0.968568207960107,True,8__1
2,2,0,0.850345133,0.7542188087745864,0.26561110464892057,0.9632820437526067,True,8__1
3,3,0,0.800684366,0.7435512476646381,0.25854382683458116,0.9604356659878643,True,8__1
4,4,0,0.800128721,0.7494075255885381,0.26728274611459685,0.9610743957565447,True,8__1
5,5,0,0.850136766,0.8386554444724759,0.38978089314443787,0.9771998717856368,True,8__1
6,6,0,0.850136766,0.8318219476251459,0.38049571278401106,0.9758010877528814,True,8__1
7,7,0,0.850136766,0.8363486736285306,0.3900618645183736,0.9763925824488183,True,8__1
8,8,0,0.850136766,0.8385172818482827,0.3954679168379354,0.976606015306813,False,8__1
9,9,0,0.850136766,0.8398830765107206,0.39928356263665066,0.9767052455756872,False,8__1
10,10,0,0.850252525,0.8405300895446263,0.401672870376668,0.9766976935715007,False,8__1
11,11,0,0.850136766,0.8410260201138814,0.40361333006715705,0.9766822136329039,False,8__1
12,12,0,0.850415628,0.8316054775059252,0.38812221965340005,0.9749393790616507,False,8__1
13,13,0,0.800128721,0.795171938292733,0.33365729560754104,0.9681210114538498,False,8__1
14,14,0,0.800128721,0.7503455506661283,0.28008566888070385,0.9589680540528523,False,8__1
15,15,0,0.800162602,0.8046245960786798,0.34811843367580153,0.969755449052947,False,8__1
16,16,0,0.800128721,0.8004102073934644,0.34263729638105944,0.968885576186723,False,8__1
17,17,0,0.800436542,0.7300775255841665,0.2609440455400654,0.9542076346850235,False,8__1
18,18,0,0.555500132,0.681281944989311,0.2178909507786625,0.9427510854130289,False,8__1
19,19,0,0.34998951,0.7243821475335936,0.2557016349971339,0.952866042207021,False,8__1
20,20,0,0.500061916,0.7282543878056933,0.2595705272185412,0.9537063192464459,False,8__1
21,21,0,0.600143365,0.723345386337078,0.2550949603019308,0.9525400213661912,False,8__1
22,22,0,0.650307143,0.7087204498724914,0.24206600355607696,0.9490496489970658,False,8__1
23,23,0,0.467693269,0.5071073860095726,0.11752162806139298,0.888262392906061,False,8__1
25,24,0,0.286984568,0.6202208509478552,0.1750557322379234,0.9264687431364208,False,8__1
26,25,0,0.466821212,0.5754642798244688,0.1499795867976682,0.9125059611231632,False,8__1
27,26,0,0.260978788,0.5715870692179528,0.14815580428342295,0.9111060610349928,False,8__1
28,27,0,0.586465465,0.5569897645118147,0.14105617274896795,0.9059851493256265,False,8__1
29,28,0,0.700135088,0.5445040413172069,0.1351820680389186,0.901476585466302,False,8__1
30,29,0,0.496549708,0.5660150141710893,0.1460270798967021,0.9087628547931629,False,8__1
31,30,0,0.365318713,0.5600437962761494,0.14330271039743223,0.9065292060362478,False,8__1
32,31,0,0.353259649,0.5344882696718778,0.13107593509905047,0.8973839012185985,False,8__1
33,32,0,0.350301724,0.5377280099570677,0.13249274280271972,0.8986417959138134,False,8__1
34,33,0,0.393548851,0.6775640445984348,0.21780947717211896,0.9408963275092282,False,8__1
35,34,0,0.714410494,0.6726809783304045,0.21416033918523483,0.9395976408245063,False,8__1
36,35,0,0.463403955,0.5259984420538426,0.1273687613380424,0.8940790681214149,False,8__1
37,36,0,0.700206125,0.5254888778758118,0.12734169112372307,0.8937134605667773,False,8__1
38,37,0,0.700573099,0.6786228795867013,0.21884546031062344,0.9410992386742608,False,8__1
39,38,0,0.621971751,0.5062565370450405,0.1173564782120144,0.8877420925318488,False,8__1
40,39,0,0.600982906,0.6545259252728096,0.1995149064570247,0.9352690095255375,False,8__1
41,40,1,0.251399254,0.5322622024636513,0.13020988420145935,0.896430849080898,False,8__1
42,41,1,0.7,0.519527802988121,0.12461137981954692,0.8914989283637131,False,8__1
43,42,1,0.700614035,0.7074042525705649,0.2427627757380609,0.9482391873179303,False,8__1
44,43,1,0.700614035,0.7058160879930865,0.24149050676702896,0.9478231603433537,False,8__1
45,44,1,0.700518519,0.7087648298833562,0.2442478887748361,0.9484907811762976,False,8__1
46,45,1,0.700362069,0.6426467304367484,0.19340887768734835,0.931162049310002,False,8__1
47,46,1,0.750206897,0.7758244969903602,0.314573201262407,0.9633627374868311,False,8__1
48,47,1,0.750425926,0.7733222146417177,0.3116756394964881,0.9628179722275084,False,8__1
49,48,1,0.75075,0.7674069553453566,0.30487623791241963,0.96153348448461,False,8__1
50,49,2,0.750473684,0.7108199724963301,0.24672344470133098,0.9488139735636467,False,8__1
51,50,2,0.750473684,0.7631713298939348,0.3000921835647672,0.9606095721491195,False,8__1
52,51,2,0.433263158,0.5039274740676148,0.1179279213305607,0.8853090616930858,False,8__1
55,52,2,0.600528571,0.5198220057967016,0.1254823189102965,0.8909559857327958,False,8__1
56,53,2,0.650421429,0.6497723177520816,0.19871498014557054,0.9329875793380239,False,8__1
57,54,2,0.700505263,0.6669237382122283,0.21115079459361752,0.9376224246726188,False,8__1
58,55,2,0.700505263,0.667384864350089,0.2115420070996114,0.9377286136716702,False,8__1
1,0,0,0.956270833,0.539340076756848,0.09481608448440622,0.92909023719155,True,9__0
2,1,0,0.931645833,0.6408774527278006,0.14056002012206772,0.9513675570008834,True,9__0
3,2,0,0.820833333,0.7124043149160308,0.1876587763692422,0.963984993276522,True,9__0
4,3,0,0.858143939,0.7069295347332256,0.185805836718174,0.9625214819074962,True,9__0
5,4,0,0.880530303,0.7252588305258084,0.20164234116831045,0.9652954918687663,True,9__0
6,5,0,0.891723485,0.7352282525779638,0.21145261925902925,0.9666695782377768,True,9__0
7,6,0,0.858143939,0.7522641954482666,0.22810982051440087,0.969230485347045,True,9__0
8,7,0,0.858143939,0.7619178005096247,0.2386799431434883,0.9705864615942603,True,9__0
9,8,0,0.858143939,0.7700134998417983,0.24803803098546237,0.9717070443241906,False,9__0
10,9,0,0.858143939,0.776894803148186,0.25637187672294154,0.9726481656264435,False,9__0
11,10,0,0.858143939,0.7828125564623559,0.2638347446258997,0.9734494814917254,False,9__0
12,11,0,0.858143939,0.7758096581569349,0.25673180876586565,0.9722576908960028,False,9__0
13,12,0,0.82680303,0.8009576423875202,0.2874356056414759,0.975996781402673,False,9__0
14,13,0,0.582045455,0.8023767747863109,0.28987311501521684,0.9761384345839244,False,9__0
15,14,0,0.964106061,0.7937835327664313,0.27956052841131185,0.9747784284496522,False,9__0
16,15,0,0.72830303,0.8084676019475844,0.2989951588385808,0.9769248677962437,False,9__0
17,16,0,0.827147436,0.783143715195884,0.2676205636011769,0.9730400987606355,False,9__0
19,17,0,0.261174242,0.7812148176074484,0.26581847654254626,0.972680881257358,False,9__0
25,18,0,0.971866667,0.6686129042384596,0.16614532449346284,0.9535703458634188,False,9__0
27,19,0,0.994270833,0.8118318648465384,0.30514365714274455,0.9772559976154184,False,9__0
28,20,0,0.919954545,0.8535028725731043,0.37262587062091485,0.9831185945459765,False,9__0
29,21,0,0.755166667,0.8362991534480552,0.3427415760788903,0.9807222065601255,False,9__0
31,22,0,0.771583333,0.8337284496553251,0.3388602573273239,0.980332712314031,False,9__0
32,23,0,0.607416667,0.8259037107764131,0.32684961095307175,0.979188693666249,False,9__0
33,24,0,0.697708333,0.8202311902877186,0.31860101537210017,0.9783402801759769,False,9__0
34,25,0,0.6895,0.8168134055689518,0.3138678638124736,0.977814748525023,False,9__0
35,26,0,0.54175,0.8133642026469448,0.30918397806406545,0.9772813857795589,False,9__0
36,27,0,0.656666667,0.8069515639022271,0.3005583227526401,0.9762991884550759,False,9__0
37,28,0,0.238041667,0.8031311012005184,0.2956573884286641,0.9756988592175015,False,9__0
39,29,0,0.960433333,0.797344313300169,0.28840969237181446,0.9747844888763639,False,9__0
40,30,0,0.586041667,0.7874876109158256,0.2763737766368102,0.9732337137632229,False,9__0
41,31,1,0.549791667,0.7827842125094219,0.270983744848099,0.972467325777878,False,9__0
43,32,1,0.753525,0.7865437892001493,0.27558020315129317,0.9730406266743901,False,9__0
44,33,1,0.3715625,0.786973696835632,0.2760955848682536,0.9731081723128122,False,9__0
45,34,1,0.726933333,0.828953932911541,0.33292737434797803,0.9795016283223964,False,9__0
46,35,1,0.410833333,0.775649095606374,0.26329152148881185,0.9712585846394768,False,9__0
47,36,1,0.4078125,0.7681879613159226,0.2552679674584225,0.9700190066937635,False,9__0
48,37,1,0.4078125,0.7608451105590868,0.24769689920970248,0.9687780646173435,False,9__0
49,38,1,0.447083333,0.7807920923966022,0.26944291708524093,0.9720427125842716,False,9__0
50,39,2,0.8004,0.7938080227904855,0.285099702945088,0.9740950241696832,False,9__0
52,40,2,0.83375,0.7745495686551521,0.26258637903293125,0.9710038064952902,False,9__0
53,41,2,0.453125,0.7761413307740662,0.26444873944353064,0.9712501780629667,False,9__0
55,42,2,0.929074074,0.7736033332765124,0.26173193565993724,0.9708207322698094,False,9__0
56,43,2,0.841,0.9916868039306174,0.9063597388001828,0.9996713006689129,False,9__0
57,44,2,0.821666667,0.8114562591609809,0.3082126688644893,0.9768147636033027,False,9__0
58,45,2,0.505888889,0.8117182867080163,0.30868999849446643,0.9768420681756352,False,9__0
0,0,0,0.721126957,0.7209360780252877,0.22420755607894619,0.9587516765770072,True,9__1
1,1,0,0.699965217,0.7129567298645262,0.22378419940146757,0.9556039378155784,True,9__1
2,2,0,0.850569492,0.8027042907787205,0.32542402150724176,0.9719697072075745,True,9__1
3,3,0,0.850569492,0.8660733423671504,0.43824739121890616,0.9819904074046224,True,9__1
4,4,0,0.850502311,0.8640692686826573,0.4379212482080835,0.9813853682240472,True,9__1
5,5,0,0.850502311,0.8629245086484534,0.43866129779411384,0.9809630810586095,True,9__1
6,6,0,0.900215716,0.8944638148747085,0.514733313971839,0.985754527027587,True,9__1
7,7,0,0.851174114,0.8537221801406328,0.42486739203092977,0.9790692706731581,True,9__1
8,8,0,0.900215716,0.8929931707880668,0.5148814908162533,0.9852930908417786,False,9__1
9,9,0,0.850502311,0.8536737181836638,0.42795313114935185,0.9787879326136439,False,9__1
10,10,0,0.850502311,0.8547134507379415,0.4311980076570246,0.9788602662008277,False,9__1
11,11,0,0.850502311,0.855862037769776,0.4345136174459257,0.9789658723732563,False,9__1
12,12,0,0.800117103,0.7995905623856139,0.3416202538321903,0.9687106273879932,False,9__1
13,13,0,0.800117103,0.7941315713188584,0.33492848998631886,0.9675398205766881,False,9__1
14,14,0,0.800015009,0.7489621277245787,0.2809383668652922,0.9582088455429023,False,9__1
15,15,0,0.800117103,0.7986390176685368,0.34235752783424106,0.9682435003549273,False,9__1
16,16,0,0.800117103,0.7659586648298337,0.3011654963651043,0.9615850776410539,False,9__1
17,17,0,0.520237649,0.5994815707307067,0.16417831726443904,0.9195364481917366,False,9__1
18,18,0,0.500547544,0.6411370695916289,0.19091837656952063,0.9313482122734754,False,9__1
19,19,0,0.600125217,0.611487737333183,0.17216221510858387,0.9227104943167047,False,9__1
20,20,0,0.650407524,0.6250370716067343,0.18081733980598394,0.9265813428145384,False,9__1
21,21,0,0.70061442,0.6763613381438993,0.2172222928989376,0.9404726313590249,False,9__1
22,22,0,0.700386207,0.7259450087696693,0.2604062168050878,0.9524624209965334,False,9__1
23,23,0,0.750593103,0.7862779294444879,0.32851053881476083,0.9653861762713644,False,9__1
24,24,0,0.850170115,0.7824351982453046,0.3239701230271129,0.9645404694681832,False,9__1
25,25,0,0.850610526,0.8857947606061657,0.5077722582809202,0.983439779626314,False,9__1
26,26,0,0.750593103,0.7333470247753202,0.26863274843910706,0.9539345441098439,False,9__1
27,27,0,0.799963218,0.8280114903047124,0.3895769661079685,0.9734875761074494,False,9__1
28,28,0,0.750593103,0.6875828518813599,0.22749920093555243,0.9429061844816905,False,9__1
29,29,0,0.799963218,0.7654301155054238,0.3041951825944415,0.9608232103834263,False,9__1
30,30,0,0.799963218,0.7503061585013417,0.2871387168382746,0.9575510372518355,False,9__1
31,31,0,0.799963218,0.7439140855370603,0.28045155102887526,0.9561039460714897,False,9__1
32,32,0,0.799963218,0.7408133077689651,0.2773141651256455,0.955386958019637,False,9__1
33,33,0,0.799963218,0.7479866338694413,0.2850303218497517,0.9569587494828006,False,9__1
34,34,0,0.8008,0.716187975177037,0.2531692731844267,0.9496937420433996,False,9__1
35,35,0,0.800144144,0.7384173671357347,0.2751872092839993,0.9547712778656137,False,9__1
36,36,0,0.497885057,0.5468422541268815,0.13644554116535673,0.902197439812014,False,9__1
38,37,0,0.283054487,0.6192894483384935,0.17645407710202973,0.9252591687721959,False,9__1
39,38,0,0.329964879,0.6051985942141136,0.16813321109683121,0.9209530962300674,False,9__1
40,39,0,0.650134,0.5888513478786888,0.15907285794587162,0.915701808778495,False,9__1
41,40,1,0.70009573,0.7047642236610393,0.24311812476893543,0.9468702157927933,False,9__1
42,41,1,0.638614379,0.7030834198853426,0.24172657038403478,0.9464355052056105,False,9__1
43,42,1,0.627011183,0.7058173084235295,0.24421659054422895,0.9470811229723175,False,9__1
44,43,1,0.60128,0.725132005450035,0.2622770410649158,0.9516415817803981,False,9__1
45,44,1,0.700256795,0.6806987963979757,0.22334584898674267,0.9407049870778733,False,9__1
46,45,1,0.970816667,0.7773226724764124,0.3200054739763565,0.9630830908393299,False,9__1
47,46,1,0.750371895,0.7399696473778267,0.2775262255416244,0.95496261517428,False,9__1
48,47,1,0.750395513,0.7334485467834897,0.2709176185667377,0.953464828408675,False,9__1
49,48,1,0.750395513,0.7134378395822617,0.2518520479956812,0.9487229741574531,False,9__1
50,49,2,0.750395513,0.7540814132808787,0.2930573741004805,0.9580303697031883,False,9__1
51,50,2,0.750395513,0.720618098460797,0.25865700438298356,0.9504094769879867,False,9__1
52,51,2,0.750395513,0.7242875611564394,0.2622129935137408,0.951263242804508,False,9__1
53,52,2,0.750395513,0.763400794858022,0.30384319161187434,0.960022953479367,False,9__1
54,53,2,0.749987124,0.7652585379626687,0.3060768074679534,0.960411520100941,False,9__1
55,54,2,0.750371895,0.7560914119783462,0.29554452042573937,0.9584242092178812,False,9__1
56,55,2,0.750395513,0.7542442770011645,0.2935236062212073,0.9580103798931895,False,9__1
57,56,2,0.750395513,0.7555170249289999,0.29498997092127144,0.9582810134732882,False,9__1
58,57,2,0.750347333,0.7095854369411528,0.24841293102662207,0.9477744743447947,False,9__1
