date,t,team,dept_bin,team_dept_idx,split_code,actual_y,y_pred,pred_var,pred_sd,y_lo80,y_hi80,y_lo95,y_hi95,theta_pred_intercept,theta_filt_intercept,theta_pred_log_incentive,theta_filt_log_incentive,theta_pred_log_wip_imputed,theta_filt_log_wip_imputed,theta_pred_log_workers,theta_filt_log_workers,baseline_group_mean,low_actual,p_low,alarm
2015-01-01,0,1,0,0,0,0.8865,0.6360922089237084,0.14690977368357738,0.3832881079339371,0.31126347267978705,0.9609209451676298,0.0663632373453823,1.2058211805020345,0.8636745005555555,0.9583689759459154,0.13242990040885458,0.11554570077708368,0.033094774784278046,0.012998033234076677,0.04380698488118558,0.02103516908396708,0.8636745005555555,0,0.616837676872075,1
2015-01-03,1,1,0,0,0,0.902916667,0.8012749721486759,0.08519598564371814,0.29188351382652317,0.553909737057567,1.048640207239785,0.36741206142744004,1.2351378828699118,0.9583689759459154,0.9844478240073128,0.11554570077708368,0.11173447039084689,0.012998033234076677,0.008461643370718891,0.02103516908396708,0.015894941047760004,0.8636745005555555,0,0.4302768781680939,0
2015-01-04,2,1,0,0,0,0.915229167,0.8432649744446838,0.07217372757796045,0.2686516844874799,0.6155882337488577,1.0709417151405098,0.44393443236009145,1.2425955165292764,0.9844478240073128,0.9997421562714236,0.11173447039084689,0.11010205499774875,0.008461643370718891,0.006518629726416066,0.015894941047760004,0.013693293149317338,0.8636745005555555,0,0.3642357616057479,0
2015-01-05,3,1,0,0,0,0.961059028,0.8653743271778624,0.06662581012153934,0.2581197592621288,0.646623175067623,1.0841254792881019,0.4816987005554876,1.2490499538002373,0.9997421562714236,1.0184583619264185,0.11010205499774875,0.10886583941184394,0.006518629726416066,0.005047200480607401,0.013693293149317338,0.012026002177768804,0.8636745005555555,0,0.32744481011244214,0
2015-01-06,4,1,0,0,0,0.936496212,0.8892514952678736,0.06364246487835411,0.25227458230736227,0.6754540096138504,1.1030489809218968,0.5142642849730579,1.2642387055626894,1.0184583619264185,1.027514764205678,0.10886583941184394,0.10860929483964049,0.005047200480607401,0.004741843396699309,0.012026002177768804,0.011679999058319762,0.8636745005555555,0,0.29047970900964426,0
2015-01-07,5,1,0,0,0,0.951420455,0.8993789218208488,0.06185836220343832,0.24871341379877027,0.6885994527508333,1.1101583908908643,0.5296851209223061,1.2690727227193914,1.027514764205678,1.0376718480868377,0.10860929483964049,0.10865256052515883,0.004741843396699309,0.004793341206415921,0.011679999058319762,0.011738351733747144,0.8636745005555555,0,0.27405101516140995,0
2015-01-08,6,1,0,0,0,0.947689394,0.9093553797818764,0.0607420162738872,0.24645895454190175,0.7004865182578907,1.118224241305862,0.5430126631650886,1.2756980963986644,1.0376718480868377,1.045462695423313,0.10865256052515883,0.10889487324189505,0.004793341206415921,0.005081758552146165,0.011738351733747144,0.012065160269015688,0.8636745005555555,0,0.25895196979539975,0
2015-01-10,7,1,0,0,0,0.985,0.9161346181054406,0.06004159263277356,0.24503386017604498,0.7084734945527289,1.1237957416581523,0.5519101971796884,1.2803590390311927,1.045462695423313,1.0602131031804294,0.10889487324189505,0.10966930167127516,0.005081758552146165,0.0060035368024515335,0.012065160269015688,0.013109636283667216,0.8636745005555555,0,0.24888369774405356,0
2015-01-11,8,1,0,0,0,0.873068182,0.9276519360372786,0.05961991467635159,0.2441718957545106,0.7207213094865309,1.1345825625880261,0.5647087604547879,1.2905951116197691,1.0602131031804294,1.0478302869531433,0.10966930167127516,0.10881285350385765,0.0060035368024515335,0.004984132990182812,0.013109636283667216,0.01195453978317344,0.8636745005555555,0,0.23343868879776197,0
2015-01-12,9,1,0,0,0,0.955151515,0.918844626275028,0.05939328680408843,0.24370737946169876,0.7123076676655378,1.1253815848845183,0.5565919192573243,1.2810973332927318,1.0478302869531433,1.056555384917194,0.10881285350385765,0.10952738166513279,0.004984132990182812,0.005834613800683688,0.01195453978317344,0.012918227966524781,0.8636745005555555,0,0.24421218728841398,0
2015-01-13,10,1,0,0,0,0.951420455,0.9041937711329421,0.07557139904637429,0.27490252644596463,0.6712195712887485,1.1371679709771356,0.4955718221750637,1.3128157200908204,1.056555384917194,1.0554268329567669,0.10952738166513279,0.11162205436708134,0.005834613800683688,0.008327838048287944,0.012918227966524781,0.005318880933350871,0.8636745005555555,0,0.28743168441503375,0
2015-01-14,11,1,0,0,0,0.891723485,0.9285705309189953,0.06051204198585632,0.24599195512426075,0.7200974417331514,1.1370436201048393,0.5629219738454672,1.2942190879925235,1.0554268329567669,1.044052185542134,0.11162205436708134,0.110700906110549,0.008327838048287944,0.007231423717453169,0.005318880933350871,0.0032279357441954972,0.8636745005555555,0,0.23394384411221186,0
2015-01-15,12,1,0,0,0,0.884261364,0.9221695290515359,0.06045267383732981,0.24587125459746165,0.7137987310632861,1.1305403270397858,0.5567003842414691,1.2876386738616028,1.044052185542134,1.0321999639319732,0.110700906110549,0.10965423024743762,0.007231423717453169,0.005985597751962783,0.0032279357441954972,0.0011181864750697125,0.8636745005555555,0,0.2418879027189223,0
2015-01-17,13,1,0,0,0,0.884261364,0.915614952390103,0.06043072016807911,0.24582660589952243,0.7072819932489928,1.1239479115312134,0.5502121745145501,1.281017730265656,1.0321999639319732,1.0223024207489007,0.10965423024743762,0.10872197461101188,0.005985597751962783,0.004875962649762704,0.0011181864750697125,-0.0005857997680532745,0.8636745005555555,0,0.25024900293724023,0
2015-01-21,17,1,0,0,0,0.505128205,0.9102031269832127,0.060429110323932,0.24582333152882782,0.7018729428034767,1.1185333111629487,0.544805216213656,1.2756010377527693,1.0223024207489007,0.8936484358476654,0.10872197461101188,0.09600318483746823,0.004875962649762704,-0.010262820146270963,-0.0005857997680532745,-0.021987006041681884,0.8636745005555555,1,0.25729728015932174,0
2015-01-22,18,1,0,0,0,0.649662222,0.8117652368379823,0.07916093560439061,0.2813555323863219,0.5733222480561939,1.0502082256197707,0.39355137943868096,1.2299790942372837,0.8936484358476654,0.8306063581946656,0.09600318483746823,0.09491628778233437,-0.010262820146270963,-0.01155652015486352,-0.021987006041681884,-0.04521195456808165,0.8636745005555555,1,0.4131196352715507,0
2015-01-24,19,1,0,0,0,0.578314394,0.8107134367437894,0.05934982313721471,0.243618191310121,0.6042520632462951,1.0171748102412836,0.44859330121166935,1.1728335722759093,0.8306063581946656,0.7660694808862258,0.09491628778233437,0.08594125267672435,-0.01155652015486352,-0.022239227351835374,-0.04521195456808165,-0.050137126036801205,0.8636745005555555,1,0.4015970334445198,0
2015-01-25,20,1,0,0,0,0.970075758,0.7741018710801685,0.059453623510805874,0.24383113728727485,0.567460030275666,0.9807437118846709,0.4116652073541017,1.1365385348062351,0.7660694808862258,0.8212453553440342,0.08594125267672435,0.09364624928609667,-0.022239227351835374,-0.013068207766615481,-0.050137126036801205,-0.04587826672187229,0.8636745005555555,0,0.4606300468184753,0
2015-01-26,21,1,0,0,0,0.910378788,0.793605663669874,0.060520257192939894,0.24600865267900618,0.5851184236520734,1.0020929036876745,0.42793228693589697,1.1592790404038509,0.8212453553440342,0.856099546673525,0.09364624928609667,0.09756176069442397,-0.013068207766615481,-0.008407695422165944,-0.04587826672187229,-0.0410151354327942,0.8636745005555555,0,0.4296550058334618,0
2015-01-27,22,1,0,0,0,0.77815,0.8139043761697174,0.06037525299099243,0.24571376231500025,0.6056670496302842,1.0221417027091508,0.448669331803314,1.179139420536121,0.856099546673525,0.8455916839316735,0.09756176069442397,0.09634132406845966,-0.008407695422165944,-0.009860343459106517,-0.0410151354327942,-0.04236982829029071,0.8636745005555555,0,0.3974023809562318,0
2015-01-28,23,1,0,0,0,0.9456,0.8077601253398075,0.060248672367497126,0.24545604976756455,0.599741204848892,1.015779045830723,0.4429081513102449,1.17261209936937,0.8455916839316735,0.8854848913100329,0.09634132406845966,0.101102680575527,-0.009860343459106517,-0.004193047807682994,-0.04236982829029071,-0.037622457984082903,0.8636745005555555,0,0.4069811229526748,0
2015-01-29,24,1,0,0,0,0.853666667,0.8312075418397483,0.06013505721017488,0.24522450369034265,0.6233848518555701,1.0390302318239266,0.4666997436552432,1.1957153400242535,0.8854848913100329,0.8918856798153616,0.101102680575527,0.10188373588434974,-0.004193047807682994,-0.003263381787370909,-0.037622457984082903,-0.03692015605521198,0.8636745005555555,0,0.37026336368095747,0
2015-01-31,25,1,0,0,0,0.971866667,0.8179461404077584,0.0625657820241943,0.250131529448397,0.6059648476839932,1.0299274331315236,0.4461444171554645,1.1897478636600523,0.8918856798153616,0.9363544096929,0.10188373588434974,0.10517354529171033,-0.003263381787370909,0.0006523767828333672,-0.03692015605521198,-0.027598126874287213,0.8636745005555555,0,0.39294878704650305,0
2015-02-01,26,1,0,0,0,0.950438596,0.8414307557501526,0.06366450222424021,0.2523182558283094,0.6275962576913015,1.0552652538090037,0.46637862804814534,1.21648288345216,0.9363544096929,0.9661687556022808,0.10517354529171033,0.10680713563491563,0.0006523767828333672,0.002596788933974127,-0.027598126874287213,-0.020260082663835798,0.8636745005555555,0,0.35854045826654735,0
2015-02-02,27,1,0,0,0,0.504596491,0.8648274340169078,0.06227973982608746,0.24955909085041855,0.6533312711537086,1.076323596880107,0.49387659772658093,1.2357782703072346,0.9661687556022808,0.8731507712584152,0.10680713563491563,0.10042419214833462,0.002596788933974127,-0.005000631635371842,-0.020260082663835798,-0.03997246538603895,0.8636745005555555,1,0.32271460581490286,0
2015-02-03,28,1,0,0,0,0.99485,0.823016292274577,0.059400197728721835,0.24372155778412757,0.6164673178303627,1.0295652667187913,0.460742510245964,1.18529007430319,0.8731507712584152,0.9180176083093019,0.10042419214833462,0.10797859459841445,-0.005000631635371842,0.003991140371385642,-0.03997246538603895,-0.040270596295696244,0.8636745005555555,0,0.38224534647123054,0
2015-02-04,29,1,0,0,0,0.929183333,0.8502093133560091,0.05937806107217556,0.24367613972684227,0.6436988297750521,1.0567197969369662,0.48800304185676724,1.212415584855251,0.9180176083093019,0.9384173567213498,0.10797859459841445,0.11136982158259046,0.003991140371385642,0.00802761315217483,-0.040270596295696244,-0.0404110965357931,0.8636745005555555,0,0.34044837401473593,0
2015-02-05,30,1,0,0,0,0.845458333,0.8542923617820202,0.05946984635839058,0.24386440158085923,0.647622330177377,1.0609623933866632,0.49180625318307103,1.2167784703809694,0.9384173567213498,0.936178863856155,0.11136982158259046,0.111058798483045,0.00802761315217483,0.007657411959105175,-0.0404110965357931,-0.04051590893311349,0.8636745005555555,0,0.3344473795099926,0
2015-02-07,31,1,0,0,0,0.870083333,0.8612973733768764,0.05931704834711693,0.24355091530749157,0.6548930148987926,1.0677017318549602,0.4992772385674414,1.2233175081863115,0.936178863856155,0.9383955284995638,0.111058798483045,0.11142658733133609,0.007657411959105175,0.008095179670358969,-0.04051590893311349,-0.04055257748585832,0.8636745005555555,0,0.3238434835460407,0
2015-02-08,32,1,0,0,0,0.893066667,0.8626774017644223,0.059266907968888206,0.24344795741367026,0.6563602979698104,1.0689945055590342,0.5008103061277362,1.2245444974011084,0.9383955284995638,0.9459553864248135,0.11142658733133609,0.11266026821635268,0.008095179670358969,0.009563591939955056,-0.04055257748585832,-0.040673825318375864,0.8636745005555555,0,0.32173960353313813,0
2015-02-09,33,1,0,0,0,0.962016667,0.8674290335574637,0.0592107482844208,0.24333258779789607,0.6612097031237183,1.073648363991209,0.5057334261855733,1.2291246409293541,0.9459553864248135,0.9691424111957868,0.11266026821635268,0.11638020053373903,0.009563591939955056,0.013991312530635739,-0.040673825318375864,-0.04103438759835657,0.8636745005555555,0,0.3146946662222292,0
2015-02-10,34,1,0,0,0,0.853666667,0.8736235980180355,0.059232074819424566,0.24337640563420393,0.6673671328751818,1.0798800631608891,0.5118628587250138,1.2353843373110571,0.9691424111957868,0.9643644480644463,0.11638020053373903,0.11575526731352945,0.013991312530635739,0.013247473812390864,-0.04103438759835657,-0.041240532017771274,0.8636745005555555,0,0.3057434078207262,0
2015-02-11,35,1,0,0,0,0.618361111,0.8705130556153545,0.059133627922423854,0.2431740691817774,0.6644280664269521,1.0765980448037569,0.5090530742549888,1.2319730369757202,0.9643644480644463,0.9049119898734743,0.11575526731352945,0.10790192295144042,0.013247473812390864,0.003899880477101648,-0.041240532017771274,-0.04331442508932099,0.8636745005555555,1,0.3100941492571897,0
2015-02-12,36,1,0,0,0,0.664875,0.831566315444878,0.05904250009442044,0.24298662534061508,0.6256401810312028,1.0374924498585534,0.47038495526957785,1.1927476756201782,0.9049119898734743,0.866189948202556,0.10790192295144042,0.10274665375533355,0.003899880477101648,-0.0022362772866885263,-0.04331442508932099,-0.0443669628486872,0.8636745005555555,1,0.3685552177352619,0
2015-02-14,37,1,0,0,0,0.796208333,0.8060371418286034,0.058957272332068135,0.24281118658757905,0.6002596881260102,1.0118145955311966,0.4451165581769501,1.1669577254802568,0.866189948202556,0.8639396969780391,0.10274665375533355,0.10244525555289472,-0.0022362772866885263,-0.0025950222618847997,-0.0443669628486872,-0.0444119799890206,0.8636745005555555,0,0.408740978064249,0
2015-02-15,38,1,0,0,0,1.1204375,0.825049585854164,0.05957693156944885,0.24408386175544022,0.6181935662950568,1.0319056054132711,0.4622372661962796,1.1878619055120483,0.8639396969780391,0.9323127399421107,0.10244525555289472,0.11590040749803227,-0.0025950222618847997,0.013420229693043498,-0.0444119799890206,-0.05280739927455516,0.8636745005555555,0,0.3792410797288899,0
2015-02-22,43,1,0,0,1,0.727349537,0.8481508788391815,0.05883669636492437,0.24256276788683867,0.6425839548424428,1.0537178028359202,0.48759955091961066,1.2087022067587523,0.9323127399421107,0.9055347537251482,0.11590040749803227,0.11256940653374566,0.013420229693043498,0.009455442084350781,-0.05280739927455516,-0.05361476463489951,0.8636745005555555,1,0.3428706508376856,0
2015-02-26,47,1,0,0,1,0.768847222,0.8547624880022788,0.059338814820551,0.2435955968825196,0.6483202628144034,1.0612047131901543,0.4926759373890078,1.21684903861555,0.9055347537251482,0.886373059459587,0.11256940653374566,0.1089312748662883,0.009455442084350781,0.005125086281821986,-0.05361476463489951,-0.05133862354993901,0.8636745005555555,0,0.3335733618979477,0
2015-02-28,48,1,0,0,1,0.768847222,0.8412410389831153,0.05911508090561435,0.24313593092263092,0.6351883711797615,1.0472937067864692,0.4798377472792026,1.202644330687028,0.886373059459587,0.8706122151328822,0.1089312748662883,0.10607271903288243,0.005125086281821986,0.0017226355264613712,-0.05133862354993901,-0.04967556247417815,0.8636745005555555,0,0.35373072727990007,0
2015-03-01,49,1,0,0,1,0.448722222,0.8300784813284803,0.058925761109548586,0.2427462895896631,0.6243560264880554,1.0358009361689051,0.4692543621877675,1.190902600469193,0.8706122151328822,0.7893450069671644,0.10607271903288243,0.09199027521991766,0.0017226355264613712,-0.015039262572151737,-0.04967556247417815,-0.04212078280015536,0.8636745005555555,1,0.37074323972082945,0
2015-03-02,50,1,0,0,2,0.537919444,0.7723126620280064,0.058763980361295716,0.24241283043868722,0.5668728069144147,0.9777525171415982,0.4119842048585793,1.1326411191974335,0.7893450069671644,0.7403428355690268,0.09199027521991766,0.0838761054801759,-0.015039262572151737,-0.02469730830191258,-0.04212078280015536,-0.03814679329838577,0.8636745005555555,1,0.46333151516048404,0
2015-03-03,51,1,0,0,2,0.555430556,0.7373555752719952,0.05862443799728892,0.2421248396949163,0.5321597863514647,0.9425513641925258,0.3774551947031105,1.0972559558408799,0.7403428355690268,0.7029614003231529,0.0838761054801759,0.07796021842497654,-0.02469730830191258,-0.03173880602057311,-0.03814679329838577,-0.03553366500935308,0.8636745005555555,1,0.5208243967052983,1
2015-03-04,52,1,0,0,2,0.806879167,0.7105919745882757,0.058502989614839254,0.24187391263805044,0.5056088411534854,0.9155751080230661,0.35106457823437215,1.0701193709421792,0.7029614003231529,0.7224371013594625,0.07796021842497654,0.08090640516327877,-0.03173880602057311,-0.028232050904572363,-0.03553366500935308,-0.03668967207057181,0.8636745005555555,0,0.5647124256248244,1
2015-03-05,53,1,0,0,2,0.812625,0.7245866268703063,0.058396356920591294,0.2416533817694081,0.5197903887810302,0.9293828649595823,0.3653870330816066,1.083786220659006,0.7224371013594625,0.7399884925577517,0.08090640516327877,0.08344474467276948,-0.028232050904572363,-0.025210743753423175,-0.03668967207057181,-0.037557203395649205,0.8636745005555555,0,0.541877386684124,1
2015-03-07,54,1,0,0,2,0.664875,0.737244978221064,0.0583019216647549,0.24145790868131634,0.5326143995270581,0.94187555691507,0.3783359404896604,1.0961540159524676,0.7399884925577517,0.7257529558399343,0.08344474467276948,0.08147617505159244,-0.025210743753423175,-0.02755387139720734,-0.037557203395649205,-0.03698646310951248,0.8636745005555555,1,0.5210643416982049,1
2015-03-08,55,1,0,0,2,0.890604167,0.7269398309306191,0.0582175761904066,0.24128318671305427,0.5224573254874388,0.9314223363737993,0.36829050427615617,1.085589157585082,0.7257529558399343,0.7575458529337791,0.08147617505159244,0.08568067200381436,-0.02755387139720734,-0.022549388481806574,-0.03698646310951248,-0.03798230768720446,0.8636745005555555,0,0.5380701632663489,1
2015-03-09,56,1,0,0,2,0.794566667,1.0441137942066523,0.1720141979387318,0.4147459438484381,0.6926251932981136,1.395602395115191,0.4276251133322123,1.6606024750810922,0.7575458529337791,0.7290445242781856,0.08568067200381436,0.039596718092075184,-0.022549388481806574,-0.002391573549156357,-0.03798230768720446,-0.02886994758125557,0.8636745005555555,0,0.23911816130919955,0
2015-03-10,57,1,0,0,2,0.880754167,0.7312000205246363,0.05824089808739566,0.24133151076350484,0.5266765614491541,0.9357234796001185,0.372478863800323,1.0899211772489497,0.7290445242781856,0.7575577355224345,0.039596718092075184,0.03689725443664843,-0.002391573549156357,0.005254431821627756,-0.02886994758125557,-0.02808567076219013,0.8636745005555555,0,0.5310466202029396,1
2015-03-11,58,1,0,0,2,0.812625,0.7523614469470361,0.0581383118826231,0.24111887500281495,0.5480181922765314,0.9567047016175408,0.39395635730320605,1.110766536590866,0.7575577355224345,0.7688891552680432,0.03689725443664843,0.035902312339187385,0.005254431821627756,0.008143580139014079,-0.02808567076219013,-0.027719424838713626,0.8636745005555555,0,0.49609293975805496,0
2015-01-01,0,10,0,1,0,0.705916667,0.5622949218681528,0.14690977368357738,0.3832881079339371,0.23746618562423139,0.8871236581120742,-0.007434049710173363,1.1320238934464788,0.7898772135,0.8441893646972632,0.13242990040885458,0.12274594366834475,0.033094774784278046,0.02156826005205771,0.04380698488118558,0.030746177505503493,0.7898772135,1,0.687835108116965,1
2015-01-03,1,10,0,1,0,0.7018125,0.6570357309224633,0.08519598564371814,0.29188351382652317,0.40967049583135434,0.9044009660135721,0.22317282020122736,1.0908986416436992,0.8441893646972632,0.8556780215832138,0.12274594366834475,0.12106696160143372,0.02156826005205771,0.019569819533583773,0.030746177505503493,0.02848172486999998,0.7898772135,1,0.6249463340856934,1
2015-01-04,2,10,0,1,0,0.759228395,0.7018347456007399,0.07551903244349775,0.274807264175272,0.4689412785587395,0.9347282126427403,0.2933543968500906,1.110315094351389,0.8556780215832138,0.8721145768278981,0.12106696160143372,0.11907022548648886,0.019569819533583773,0.01719316618186129,0.02848172486999998,0.03291302879150504,0.7898772135,0,0.5695659512375405,1
2015-01-05,3,10,0,1,0,0.763375,0.6908359974097665,0.06796036556855345,0.26069208957801815,0.4699048486118755,0.9117671462076575,0.30333679506172895,1.0783351997578041,0.8721145768278981,0.8846659866899659,0.11907022548648886,0.11838564906206965,0.01719316618186129,0.01637833599903012,0.03291302879150504,0.029160424759558153,0.7898772135,0,0.5897685889221023,1
2015-01-06,4,10,0,1,0,0.809640152,0.710006391706493,0.0642589804274272,0.2534935510568803,0.4951758552736154,0.9248369281393707,0.33320727596072935,1.0868055074522567,0.8846659866899659,0.9015009553231542,0.11838564906206965,0.11815080972761698,0.01637833599903012,0.016098813989503764,0.029160424759558153,0.0256140164972552,0.7898772135,0,0.5626808728146806,1
2015-01-07,5,10,0,1,0,0.805909091,0.7321149877110711,0.062112855224777025,0.24922450767285512,0.5209023771639671,0.943327598258175,0.3616614841730912,1.102568491249051,0.9015009553231542,0.9142536472720296,0.11815080972761698,0.11841690372642176,0.016098813989503764,0.016415537461072806,0.0256140164972552,0.02390485281632696,0.7898772135,0,0.5286046033066661,1
2015-01-08,6,10,0,1,0,0.779791667,0.7465058458731424,0.06078662509164764,0.24654943741904511,0.5375603019840485,0.9554513897622363,0.3800286332585053,1.1129830584877796,0.9142536472720296,0.920297362580195,0.11841690372642176,0.11871317074181759,0.016415537461072806,0.016768174942748616,0.02390485281632696,0.023477128941096805,0.7898772135,0,0.5056537105417006,1
2015-01-10,7,10,0,1,0,0.846950758,0.75241243589721,0.059954370801687105,0.2448558163525774,0.5449022007988381,0.9599226709955818,0.3884526637365521,1.116372208057868,0.920297362580195,0.9385926092401904,0.11871317074181759,0.12001004134613205,0.016768174942748616,0.018311799984347798,0.023477128941096805,0.02310829609355394,0.7898772135,0,0.49606949460249944,0
2015-01-11,8,10,0,1,0,0.828295455,0.7681088647079352,0.05944734668416138,0.24381826569016804,0.5614779323154995,0.9747397971003708,0.4056913336437758,1.1305263957720946,0.9385926092401904,0.951081106287174,0.12001004134613205,0.12110101989539306,0.018311799984347798,0.019610358069390547,0.02310829609355394,0.023352778532312053,0.7898772135,0,0.4703969871309407,0
2015-01-12,9,10,0,1,0,0.24625,0.7776736916672888,0.05916684298673715,0.24324235442606854,0.571530832148062,0.9838165511865157,0.4161122094223439,1.1392351739122337,0.951081106287174,0.8328023232348515,0.12110101989539306,0.1093386152893702,0.019610358069390547,0.0056099310114604214,0.023352778532312053,0.017389880274019564,0.7898772135,1,0.45471004566631157,0
2015-01-13,10,10,0,1,0,0.912766667,0.713483865344112,0.07022333782023249,0.2649968637932013,0.4889045095207779,0.9380632211674461,0.3195859395926447,1.1073817910955794,0.8328023232348515,0.9016119067621611,0.1093386152893702,0.11083959459304965,0.0056099310114604214,0.007396500336398177,0.017389880274019564,0.04482548611163533,0.7898772135,0,0.554800111854721,1
2015-01-14,11,10,0,1,0,0.332359307,0.7241031994414462,0.05881726364287569,0.24252270747885793,0.5185702258110988,0.9296361730717936,0.36361141830813726,1.0845949805747552,0.9016119067621611,0.8134290346774646,0.11083959459304965,0.09838968405105215,0.007396500336398177,-0.007422243811523751,0.04482548611163533,0.044974860612438376,0.7898772135,1,0.5425186121932895,1
2015-01-15,12,10,0,1,0,0.953110048,0.7096773188204023,0.06625548852013063,0.2574014151478788,0.4915349484750809,0.9278196891657238,0.3270694567463644,1.0922851808944403,0.8134290346774646,0.8910877043548522,0.09838968405105215,0.10207705630560646,-0.007422243811523751,-0.0030332784583944348,0.044974860612438376,0.07155130602430798,0.7898772135,0,0.5622408001376968,1
2015-01-17,13,10,0,1,0,0.974621212,0.6989244273836364,0.05883439012772073,0.24255801394248083,0.49336153225631973,0.904487322510953,0.33838016584513464,1.059468688922138,0.8910877043548522,0.9557891794398725,0.10207705630560646,0.11294563215420131,-0.0030332784583944348,0.009903251825040881,0.07155130602430798,0.06960672658207527,0.7898772135,0,0.583388799761791,1
2015-01-18,14,10,0,1,0,0.235795455,0.7403222042106213,0.05886114970580915,0.242613168863129,0.5347125664299301,0.9459318419913125,0.37969595902700276,1.1009484493942399,0.9557891794398725,0.8316431010368448,0.11294563215420131,0.09231818647590596,0.009903251825040881,-0.014648959927861756,0.06960672658207527,0.07031461784412454,0.7898772135,1,0.5159095166986872,1
2015-01-19,15,10,0,1,0,0.538399621,0.6643690996979632,0.05894126532635603,0.24277822251255576,0.4586195823664956,0.8701186170294308,0.3034975146668601,1.0252406847290663,0.8316431010368448,0.7993227967307506,0.09231818647590596,0.08703173397127599,-0.014648959927861756,-0.020941261133721183,0.07031461784412454,0.06984909166907832,0.7898772135,1,0.6378479855115727,1
2015-01-22,18,10,0,1,0,0.940701058,0.6897712790672221,0.06224998044668381,0.24949945981240884,0.4783256522741922,0.901216905860252,0.31890907983412764,1.0606334783003166,0.7993227967307506,0.8784622029867368,0.08703173397127599,0.09422431680446779,-0.020941261133721183,-0.012380151846368504,0.06984909166907832,0.08809516780240179,0.7898772135,0,0.5953767468221558,1
2015-01-24,19,10,0,1,0,0.937242424,0.7053971720985928,0.05951865484960679,0.24396445406986403,0.498642348080909,0.9121519961162765,0.34276234299283787,1.0680320012043476,0.8784622029867368,0.9438762115668754,0.09422431680446779,0.10333296481448129,-0.012380151846368504,-0.001538409334360686,0.08809516780240179,0.09426991943845894,0.7898772135,0,0.5725323767302115,1
2015-01-25,20,10,0,1,0,0.955151515,0.8113773594597908,0.06511525000937421,0.25517689944306127,0.5951202201200585,1.0276344987995232,0.432076072827389,1.1906786460921928,0.9438762115668754,0.9890264499111397,0.10333296481448129,0.10636835942545875,-0.001538409334360686,0.0020745271583411484,0.09426991943845894,0.10747233686145495,0.7898772135,0,0.4049602212171675,0
2015-01-26,21,10,0,1,0,0.997792208,0.8570001856092836,0.06453944475960474,0.25404614690958166,0.6417013356316572,1.07229903558691,0.4793796776513925,1.2346206935671746,0.9890264499111397,1.0301256193449282,0.10636835942545875,0.10916906345270797,0.0020745271583411484,0.005408118694911493,0.10747233686145495,0.1192393917749724,0.7898772135,0,0.3368103443877668,0
2015-01-27,22,10,0,1,0,0.979527778,0.8127322522188707,0.05952751425832559,0.2439826105654368,0.6059620409470837,1.0195024634906575,0.45007043484675424,1.175394069590987,1.0301256193449282,1.0755027978817275,0.10916906345270797,0.11594841243276768,0.005408118694911493,0.013477368484786863,0.1192393917749724,0.12215894449144184,0.7898772135,0,0.39854394987496256,0
2015-01-28,23,10,0,1,0,0.840533333,0.8140661897261436,0.059361377001393746,0.24364190321328913,0.607584720881623,1.0205476585706643,0.45191080823171353,1.1762215712205737,1.0755027978817275,1.0825679522909302,0.11594841243276768,0.11718383255156775,0.013477368484786863,0.014947850910659475,0.12215894449144184,0.12211105763464346,0.7898772135,0,0.39629368673699356,0
2015-01-29,24,10,0,1,0,0.85695,0.8182400973888762,0.05938983797956795,0.24370030360992156,0.6117091354172753,1.0247710593604769,0.4559979080931487,1.1804822866846036,1.0825679522909302,1.092889481538035,0.11718383255156775,0.11895241951118879,0.014947850910659475,0.017052945366524568,0.12211105763464346,0.12210042936071114,0.7898772135,0,0.3897324366131831,0
2015-01-31,25,10,0,1,0,0.971866667,0.8243603315246952,0.05940673549568609,0.24373496978416145,0.6177999906881214,1.030920672361269,0.4620666135658305,1.18665404948356,1.092889481538035,1.1320769622021774,0.11895241951118879,0.12552528998534418,0.017052945366524568,0.024876430165501444,0.12210042936071114,0.12226250466084594,0.7898772135,0,0.3801500072547438,0
2015-02-01,26,10,0,1,0,0.8865,0.8477171625334432,0.05941179970741069,0.24374535832998068,0.6411480176193621,1.0542863074475242,0.4854080027818297,1.2100263222850567,1.1320769622021774,1.142319924164422,0.12552528998534418,0.12720556086167203,0.024876430165501444,0.0268764047140344,0.12226250466084594,0.12235250697000337,0.7898772135,0,0.3442474060268872,0
2015-02-02,27,10,0,1,0,0.85695,0.853860997598496,0.059405327677831736,0.2437320817574735,0.6473031043047492,1.0604188908922427,0.4915715724742921,1.2161504227226998,1.142319924164422,1.14312941806976,0.12720556086167203,0.12733534007751457,0.0268764047140344,0.027030876907934986,0.12235250697000337,0.1223630151143601,0.7898772135,0,0.33500738921761575,0
2015-02-05,30,10,0,1,0,0.771583333,0.823257547814604,0.05959335415499968,0.24411750071430702,0.6163730199342861,1.030142075694922,0.4603952263720479,1.1861198692571602,1.14312941806976,1.1301559506848826,0.12733534007751457,0.12486494931003585,0.027030876907934986,0.024090447046598625,0.1223630151143601,0.12328790701360634,0.7898772135,0,0.38205374246936125,0
2015-02-17,40,10,0,1,0,0.927541667,0.8149390188372174,0.05946315064955216,0.24385067285031667,0.6082806220474826,1.0215974156269523,0.4524733169646216,1.1774047207098133,1.1301559506848826,1.1581929146049206,0.12486494931003585,0.1299503460881485,0.024090447046598625,0.030143437828444634,0.12328790701360634,0.12178618738179685,0.7898772135,0,0.3950015843506896,0
2015-02-18,41,10,0,1,1,0.64025,0.832858954317645,0.059358680515183754,0.243636369442626,0.6263821752291954,1.0393357334060946,0.4707117983574895,1.1950061102778005,1.1581929146049206,1.1106011178307988,0.1299503460881485,0.12172768282351171,0.030143437828444634,0.02035625560555778,0.12178618738179685,0.12356283059641222,0.7898772135,1,0.3668933539313286,0
2015-02-19,42,10,0,1,1,0.733277778,0.8338889958295421,0.05944647434817406,0.24381647677746074,0.62725957950359,1.0405184121554942,0.4714741238497005,1.1963038678093838,1.1106011178307988,1.084796589505918,0.12172768282351171,0.1183775720370438,0.02035625560555778,0.016368722165506527,0.12356283059641222,0.12185448763923812,0.7898772135,1,0.36539827043625206,0
2015-02-22,43,10,0,1,1,0.385791667,0.7869378484041352,0.05922174592220067,0.24335518470375903,0.5806993675604957,0.9931763292477747,0.4252086524296462,1.1486670443786242,1.084796589505918,0.9878969160988166,0.1183775720370438,0.1025812539637191,0.016368722165506527,-0.0024331475522045218,0.12185448763923812,0.12425528860514577,0.7898772135,1,0.43967796221015215,0
2015-02-23,44,10,0,1,1,0.955791667,0.8541222592846909,0.06457522359521821,0.25411655513802756,0.6387637397911211,1.0694807787782605,0.4763970947857989,1.2318474237835828,0.9878969160988166,1.0149987132489775,0.1025812539637191,0.10331152855982999,-0.0024331475522045218,-0.0015639242464635518,0.12425528860514577,0.13270104983645653,0.7898772135,0,0.34099755972774626,0
2015-02-24,45,10,0,1,1,0.902222222,0.8335980946352652,0.06052218973933937,0.24601258044933266,0.6251075259134299,1.0420886633571007,0.4679188795658367,1.1992773097046938,1.0149987132489775,1.0318722199339023,0.10331152855982999,0.10461107098468184,-0.0015639242464635518,-1.71190193667182e-05,0.13270104983645653,0.1357121543234554,0.7898772135,0,0.36699895166705565,0
2015-02-25,46,10,0,1,1,0.845833333,0.782868401371987,0.05900831905795707,0.2429162799360246,0.5770018832323383,0.9887349195116357,0.4217916043547473,1.1439451983892268,1.0318722199339023,1.0465993424509392,0.10461107098468184,0.10673613071328912,-1.71190193667182e-05,0.0025122739679206744,0.1357121543234554,0.1357614002404557,0.7898772135,0,0.44618436662939853,0
2015-02-26,47,10,0,1,1,0.410833333,0.7579836915730143,0.05920568593601211,0.24332218545790704,0.5517731769070495,0.964194206238979,0.3963035464978695,1.119663836648159,1.0465993424509392,0.9684785888877249,0.10673613071328912,0.09289825340656181,0.0025122739679206744,-0.013958524168900888,0.1357614002404557,0.14239485820658734,0.7898772135,1,0.48691257551770717,0
2015-02-28,48,10,0,1,1,0.410833333,0.7040064911897429,0.05903563734037916,0.24297250325989392,0.49809232494710876,0.909920657432377,0.3428461224262796,1.0651668599532063,0.9684785888877249,0.9034918297934241,0.09289825340656181,0.08197433362382275,-0.013958524168900888,-0.026960928628496413,0.14239485820658734,0.14683704651178625,0.7898772135,1,0.5750692395040012,1
2015-03-01,49,10,0,1,1,0.664583333,0.6591351820165589,0.058894768529059116,0.24268244380065715,0.4534668351605145,0.8648035288726033,0.2984059648437314,1.0198643991893863,0.9034918297934241,0.9046836367198977,0.08197433362382275,0.0821644342270591,-0.026960928628496413,-0.026734657749503166,0.14683704651178625,0.14677398228220856,0.7898772135,1,0.6459535421664805,1
2015-03-02,50,10,0,1,2,0.632361111,0.6599580062354053,0.05877677900656307,0.2424392274500211,0.4544957802012065,0.8654202322696042,0.2995903118921429,1.0203257005786677,0.9046836367198977,0.8987176719176804,0.0821644342270591,0.0812615000328446,-0.026734657749503166,-0.027809392444289815,0.14677398228220856,0.14700393361069716,0.7898772135,1,0.644830286569491,1
2015-03-03,51,10,0,1,2,0.463194444,0.6558371296776515,0.05867677281816658,0.24223288962931228,0.4505497706746827,0.8611244886806203,0.2957761410003275,1.0158981183549756,0.8987176719176804,0.8575183817513526,0.0812615000328446,0.07534538187992336,-0.027809392444289815,-0.03485116523143394,0.14700393361069716,0.14804176242523295,0.7898772135,1,0.6512615662130977,1
2015-03-08,55,10,0,1,2,0.441041667,0.6273502729807722,0.05859090896153849,0.24205559064301427,0.42221317119806245,0.8324873747634819,0.26755282592405816,0.9871477200374862,0.8575183817513526,0.8180709295422223,0.07534538187992336,0.06997121372721415,-0.03485116523143394,-0.041247871665127764,0.14804176242523295,0.14854669896921155,0.7898772135,1,0.6938175655472613,1
2015-03-09,56,10,0,1,2,0.477291667,0.8401871641771907,0.17134338817975317,0.4139364542774086,0.4893845889212023,1.1909897394331792,0.2249017287237789,1.4554725996306026,0.8180709295422223,0.7717744789408387,0.06997121372721415,0.0037070261747178673,-0.041247871665127764,-0.01385654127675719,0.14854669896921155,0.16091975512825135,0.7898772135,1,0.4137625386323574,0
2015-03-10,57,10,0,1,2,0.39875,0.5704655923224552,0.058552553714385266,0.2419763494938819,0.36539564577310224,0.7755355388718081,0.21078593127962308,0.9301452533652873,0.7717744789408387,0.7361661248810027,0.0037070261747178673,0.006726918090746586,-0.01385654127675719,-0.023281433911175257,0.16091975512825135,0.15907955744014945,0.7898772135,1,0.7709412539960929,1
2015-03-11,58,10,0,1,2,0.628333333,0.5453837345080373,0.0584630164590142,0.2417912663001172,0.34047064213361466,0.75029682688246,0.18597918572529692,0.9047882832907778,0.7361661248810027,0.7531803719609653,0.006726918090746586,0.005395770141655359,-0.023281433911175257,-0.01903131117436304,0.15907955744014945,0.16008202231546334,0.7898772135,1,0.8012938215478422,1
2015-01-01,0,11,0,2,0,0.436326389,0.45351175182627945,0.13671542205342846,0.36975048621121304,0.14015586972240524,0.7668676339301537,-0.09609456229920088,1.0031180659517598,0.660867662047619,0.653884233514848,0.13242990040885458,0.13367505859760268,0.033094774784278046,0.03457684813416313,0.04380698488118558,0.04490303548832279,0.660867662047619,1,0.7886831231657973,1
2015-01-03,1,11,0,2,0,0.987880435,0.4604212673784702,0.08316642893585774,0.28838590280361787,0.21602018521808297,0.7048223495388575,0.031757292626842626,0.8890852421300979,0.653884233514848,0.810848072195143,0.13367505859760268,0.11030646772708776,0.03457684813416313,0.0067619358872462836,0.04490303548832279,0.049741259110702554,0.660867662047619,0,0.8423435222731197,1
2015-01-04,2,11,0,2,0,0.345833333,0.628074711612514,0.07761339917696386,0.2785918146266395,0.3919739164146896,0.8641755068103385,0.2139689129929231,1.0421805102321051,0.810848072195143,0.7594817978767576,0.11030646772708776,0.11551062385330095,0.0067619358872462836,0.012956282254639611,0.049741259110702554,0.07731497716358014,0.660867662047619,1,0.6691794444425269,1
2015-01-05,3,11,0,2,0,0.939513889,0.5473042774060755,0.0671121142856538,0.2590600592249871,0.327756240544384,0.7668523142677669,0.16223096554451566,0.9323775892676353,0.7594817978767576,0.8331975903340982,0.11551062385330095,0.11077266551626941,0.012956282254639611,0.007316836722630243,0.07731497716358014,0.06336097459091145,0.660867662047619,0,0.7830183204255172,1
2015-01-06,4,11,0,2,0,0.888686869,0.6765638785061107,0.06438060071817703,0.25373332599045206,0.4615301377811017,0.8915976192311197,0.29940835533865456,1.0537194016735667,0.8331975903340982,0.880836787815882,0.11077266551626941,0.10867607885145475,0.007316836722630243,0.004821334344116883,0.06336097459091145,0.07192125028078004,0.660867662047619,0,0.6138709423824528,1
2015-01-08,6,11,0,2,0,0.515606061,0.6339702389696498,0.07042123995201295,0.26537000575048597,0.4090746530626908,0.8588658248766088,0.23951766573714672,1.0284228122021528,0.880836787815882,0.8704528776766614,0.10867607885145475,0.10731537211082445,0.004821334344116883,0.0032017271202951746,0.07192125028078004,0.08649951650432246,0.660867662047619,1,0.6690305007056421,1
2015-01-10,7,11,0,2,0,0.817424242,0.645941401760044,0.06108155762089242,0.24714683413083086,0.43648957652564135,0.8553932269944466,0.27857620382265685,1.013306599697431,0.8704528776766614,0.8992346252594339,0.10731537211082445,0.10899175601752101,0.0032017271202951746,0.005197075128879684,0.08649951650432246,0.08174351302176922,0.660867662047619,0,0.6631369084888581,1
2015-01-11,8,11,0,2,0,0.668087121,0.6770522157132131,0.060080656196944686,0.24511355775832697,0.4693235501094998,0.8847808813169263,0.3127093303199991,1.041395101106427,0.8992346252594339,0.8976185786728106,0.10899175601752101,0.10886027853979265,0.005197075128879684,0.0050405815462874,0.08174351302176922,0.08189497661631873,0.660867662047619,1,0.6169988605164963,1
2015-01-12,9,11,0,2,0,0.640577652,0.6755480038204418,0.059465080955019976,0.24385463078444908,0.46888625276347107,0.8822097548774125,0.3130764187761635,1.0380195888647201,0.8976185786728106,0.8907978954269677,0.10886027853979265,0.10818943502082398,0.0050405815462874,0.0042420972168334785,0.08189497661631873,0.0821533765575106,0.660867662047619,1,0.6199361235024967,1
2015-01-13,10,11,0,2,0,0.601278409,0.6699817587957964,0.05911386582551064,0.2431334321427447,0.46393120865666376,0.8760323089349289,0.3085821813404223,1.0313813362511703,0.8907978954269677,0.8762856635017862,0.10818943502082398,0.10658655194155542,0.0042420972168334785,0.0023342349739210837,0.0821533765575106,0.08207672810623849,0.660867662047619,1,0.6289646554868866,1
2015-01-14,11,11,0,2,0,0.934607438,0.646909144348682,0.058975387475118754,0.24284848666425482,0.4411000796033311,0.8527182090940328,0.285933116935836,1.007885171761528,0.8762856635017862,0.9348611120764412,0.10658655194155542,0.11484476159475415,0.0023342349739210837,0.012163726965677735,0.08207672810623849,0.07878259218389726,0.660867662047619,0,0.6644019089705032,1
2015-01-17,13,11,0,2,0,0.313852814,0.6906935732774531,0.05881801922211192,0.24252426522332135,0.48515927949092297,0.8962278670639832,0.3301994766740506,1.0511876698808555,0.9348611120764412,0.8505578469415433,0.11484476159475415,0.10284904864201212,0.012163726965677735,-0.0021143998143462184,0.07878259218389726,0.07929987424571402,0.660867662047619,1,0.5965929569568142,1
2015-01-18,14,11,0,2,0,0.838383838,0.6828695336920843,0.06235298614967152,0.24970579919111113,0.47124903854745714,0.8944900288367114,0.31170062647721114,1.0540384409069574,0.8505578469415433,0.902672142992147,0.10284904864201212,0.10696719295648748,-0.0021143998143462184,0.002787300222338419,0.07929987424571402,0.09254982273965408,0.660867662047619,0,0.6059729155609938,1
2015-01-19,15,11,0,2,0,0.409545455,0.6709473366674367,0.05902529828877143,0.242951226152023,0.4650512023332223,0.876843471001651,0.30981859472602846,1.0320760786088448,0.902672142992147,0.8328810060329319,0.10696719295648748,0.0976111579993148,0.002787300222338419,-0.008348899335213673,0.09254982273965408,0.086881039250246,0.660867662047619,1,0.6275551133594147,1
2015-01-20,16,11,0,2,0,0.362666667,0.6931684076704664,0.06526440515537363,0.25546899059450173,0.47666372712706384,0.9096730882138689,0.3134329494896324,1.0729038658513004,0.8328810060329319,0.7142700166479516,0.0976111579993148,0.08931273717916083,-0.008348899335213673,-0.018226253437544436,0.086881039250246,0.05176236370870353,0.660867662047619,1,0.5880220358603575,1
2015-01-21,17,11,0,2,0,0.470769231,0.5857589897110146,0.0593826633492511,0.24368558297373913,0.37924050317381647,0.7922774762482128,0.2235386815348408,0.9479792978871884,0.7142700166479516,0.6816431200051093,0.08931273717916083,0.08494134059993261,-0.018226253437544436,-0.023429391826223243,0.05176236370870353,0.04837744420885593,0.660867662047619,1,0.7498403349695602,1
2015-01-24,19,11,0,2,0,0.896022727,0.5733944127139501,0.06005697306475351,0.2450652424656616,0.3657066933204971,0.7810821321074031,0.20912334437279684,0.9376654810551033,0.6816431200051093,0.7790417787809253,0.08494134059993261,0.09670764191318716,-0.023429391826223243,-0.009424326637979577,0.04837744420885593,0.06264940980793315,0.660867662047619,0,0.7644367052719279,1
2015-01-28,23,11,0,2,0,0.259375,0.611501597291724,0.059213201353292465,0.2433376283136097,0.4052779951252654,0.8177251994581827,0.24979849757197747,0.9732046970114706,0.7790417787809253,0.6816569873088949,0.09670764191318716,0.08168315074767457,-0.009424326637979577,-0.02730751461618998,0.06264940980793315,0.057527766851336405,0.660867662047619,1,0.7153767177644691,1
2015-01-29,24,11,0,2,0,0.864583333,0.5567129155695191,0.05935659345463563,0.24363208625843114,0.3502397663909997,0.7631860647480384,0.1945721262408241,0.918853704898214,0.6816569873088949,0.7688589366425788,0.08168315074767457,0.09479180762463237,-0.02730751461618998,-0.011704685043458889,0.057527766851336405,0.06312979667627995,0.660867662047619,0,0.7862149086807948,1
2015-01-31,25,11,0,2,0,0.971866667,0.5714560686171559,0.06006687713718708,0.24508544864431892,0.3637512249056203,0.7791609123286916,0.2071549653097523,0.9357571719245595,0.7688589366425788,0.8574406230228043,0.09479180762463237,0.11601688980079092,-0.011704685043458889,0.013558874981820474,0.06312979667627995,0.047531890589749735,0.660867662047619,0,0.7668451945414938,1
2015-02-15,38,11,0,2,0,0.715333333,0.6760800025955637,0.06138126924982292,0.2477524354064414,0.4661149428178702,0.8860450623732572,0.3078146238678046,1.0443453813233228,0.8574406230228043,0.8704915536953054,0.11601688980079092,0.11736739213174784,0.013558874981820474,0.015166336211852083,0.047531890589749735,0.049908887666843656,0.660867662047619,1,0.6172866870403039,1
2015-02-22,43,11,0,2,1,0.805555556,0.6937201747625903,0.06283439272790482,0.25066789329290823,0.4812843247849655,0.9061560247402151,0.3211211869586453,1.0663191625665354,0.8704915536953054,0.90829595371622,0.11736739213174784,0.12056968669032722,0.015166336211852083,0.018977928559427044,0.049908887666843656,0.05836155839100356,0.660867662047619,0,0.5888234448118753,1
2015-02-24,45,11,0,2,1,0.5046875,0.6896169249662509,0.05964303413016059,0.2442192337432918,0.4826461804500516,0.8965876694824503,0.3266033850204872,1.0526304649120146,0.90829595371622,0.8553778633090885,0.12056968669032722,0.11306740805806544,0.018977928559427044,0.010048197923782486,0.05836155839100356,0.05448835837132735,0.660867662047619,1,0.5976424173222283,1
2015-03-05,53,11,0,2,2,0.927291667,0.6735632199249618,0.06078270982378116,0.24654149716382667,0.46462440523777815,0.8825020346121455,0.30709780990306373,1.04002862994686,0.8553778633090885,0.9330393202988041,0.11306740805806544,0.12128454222693191,0.010048197923782486,0.019828799034675524,0.05448835837132735,0.06665134004991717,0.660867662047619,0,0.6217332722933183,1
2015-03-07,54,11,0,2,2,0.657083333,0.7016379047287842,0.05962072182021546,0.24417354856784848,0.4947058774529509,0.9085699320046174,0.33869227236346167,1.0645835370941068,0.9330393202988041,0.9205888244762059,0.12128454222693191,0.11954915182506853,0.019828799034675524,0.017763217416621027,0.06665134004991717,0.065803315943681,0.660867662047619,1,0.5785026737703505,1
2015-03-08,55,11,0,2,2,0.755208333,0.6944483382939122,0.05964286156091669,0.24421888043498335,0.4874778931991897,0.9014187833886347,0.3314353235144008,1.0574613530734236,0.9205888244762059,0.9374824874240982,0.11954915182506853,0.12182373160657593,0.017763217416621027,0.02047057950669323,0.065803315943681,0.06704622718727819,0.660867662047619,0,0.5899695681729148,1
2015-03-09,56,11,0,2,2,0.960625,1.122393910769209,0.18010506341029597,0.4243878690659006,0.7627339778560609,1.482053843682357,0.4915732325682909,1.753214588970127,0.9374824874240982,0.9063814567820249,0.12182373160657593,0.09222306745842349,0.02047057950669323,0.02724875795552019,0.06704622718727819,0.07109814318926466,0.660867662047619,0,0.1901116815688883,0
2015-03-10,57,11,0,2,2,0.758229167,0.6890075789012223,0.059528698411060434,0.24398503726880555,0.4822353110485705,0.8957798467538742,0.3263421544168945,1.0516730033855501,0.9063814567820249,0.9244581676104606,0.09222306745842349,0.09102735967594144,0.02724875795552019,0.03152408815995771,0.07109814318926466,0.07347488376971664,0.660867662047619,0,0.598700242852498,1
2015-03-11,58,11,0,2,2,0.874027778,0.7187578200582418,0.06088957639366725,0.2467581333890886,0.5096354106551777,0.927880229461306,0.3519703965658753,1.0855452435506083,0.9244581676104606,0.9677469476211452,0.09102735967594144,0.08816114446810275,0.03152408815995771,0.03886956601834746,0.07347488376971664,0.08252226535229712,0.660867662047619,0,0.5503756718921408,1
2015-01-19,15,12,0,3,0,0.793844697,0.554339534368153,0.14690977368357738,0.3832881079339371,0.22951079812423159,0.8791682706120744,-0.015389437210173162,1.1240685059464792,0.781921826,0.8724933518747511,0.13242990040885458,0.11628083028074572,0.033094774784278046,0.013873035186388612,0.04380698488118558,0.022026642414630194,0.781921826,0,0.6951419795546997,1
2015-01-22,18,12,0,3,0,0.327407407,0.7152846086964161,0.08419997392904477,0.2901723176477122,0.4693695769398818,0.9611996404529504,0.28396526251303633,1.146603954879796,0.8724933518747511,0.7684974172324059,0.11628083028074572,0.1315563646338737,0.013873035186388612,0.03205503212027802,0.022026642414630194,0.03638804286052626,0.781921826,1,0.5476147082085054,1
2015-01-24,19,12,0,3,0,0.858585859,0.5577383581849016,0.0718833591612478,0.2681107218319473,0.3305200721400664,0.7849566442297368,0.1592119164389818,0.9562647999308214,0.7684974172324059,0.8351445485404173,0.1315563646338737,0.1243229017614232,0.03205503212027802,0.023445264584298707,0.03638804286052626,0.029937466162018304,0.781921826,0,0.7633431614415798,1
2015-01-25,20,12,0,3,0,0.618181818,0.6493249783695878,0.06652972389658272,0.25793356488945507,0.43073162213539934,0.8679183346037762,0.26592611569125724,1.0327238410479183,0.8351445485404173,0.8288407308460456,0.1243229017614232,0.12475521002460517,0.023445264584298707,0.023959827763167796,0.029937466162018304,0.030275615300622824,0.781921826,1,0.6518477281878449,1
2015-01-26,21,12,0,3,0,0.769292929,0.6415872663812368,0.06362050126543661,0.2522310473859961,0.427826675671766,0.8553478570907075,0.26666476747575,1.0165097652867234,0.8288407308460456,0.8539400299738051,0.12475521002460517,0.12397831876541955,0.023959827763167796,0.023035118082580686,0.030275615300622824,0.029948760343045923,0.781921826,0,0.6663349560296727,1
2015-01-27,22,12,0,3,0,0.823555556,0.668927747903775,0.06186646757776866,0.24872970787135312,0.45813446994458246,0.8797210258629675,0.29920972709069993,1.03864576871685,0.8539400299738051,0.8845849426092153,0.12397831876541955,0.12404423360636918,0.023035118082580686,0.023113574482752284,0.029948760343045923,0.030642459510436846,0.781921826,0,0.6277670881220208,1
2015-01-28,23,12,0,3,0,0.755555556,0.6985865589404445,0.060759008328427136,0.2464934245135702,0.48968848482910304,0.9074846330517861,0.3321926053008989,1.0649805125799903,0.8845849426092153,0.8962342230931605,0.12404423360636918,0.12439309051770213,0.023113574482752284,0.02352880809393676,0.030642459510436846,0.031253605070061745,0.781921826,0,0.5826116882655933,1
2015-01-29,24,12,0,3,0,0.634666667,0.7086744443534645,0.060055192555082,0.24506160971290872,0.5009898036427606,0.9163590850641684,0.3444087758263077,1.0729401128806213,0.8962342230931605,0.8804160844037787,0.12439309051770213,0.12356210033790598,0.02352880809393676,0.02253970613836084,0.031253605070061745,0.030042543167521647,0.781921826,1,0.5669574693330945,1
2015-01-31,25,12,0,3,0,0.971866667,0.6962831352892203,0.05962214681874413,0.24417646655389239,0.489348635080626,0.9032176354978145,0.3333331655569055,1.059233105021535,0.8804160844037787,0.9423593941735103,0.12356210033790598,0.12792632256555764,0.02253970613836084,0.027734305117854224,0.030042543167521647,0.03596022635344134,0.781921826,0,0.587061300208104,1
2015-02-01,26,12,0,3,0,0.702666667,0.7407583067554631,0.059378787806490065,0.24367763091118985,0.5342465594266436,0.9472700540842826,0.3785498187227384,1.1029667947881876,0.9423593941735103,0.9333431504576882,0.12792632256555764,0.12716528997467086,0.027734305117854224,0.026828471520533307,0.03596022635344134,0.03496709391823955,0.781921826,1,0.5151266183004338,1
2015-02-02,27,12,0,3,0,0.740444444,0.7347417910995354,0.059270748007913175,0.24345584406194315,0.5284180035337899,0.941065578665281,0.37286297255280665,1.0966206096462643,0.9333431504576882,0.9347619426256587,0.12716528997467086,0.12730019504031112,0.026828471520533307,0.02698904485519606,0.03496709391823955,0.03513901806630308,0.781921826,1,0.5249867158333454,1
2015-02-03,28,12,0,3,0,0.778222222,0.7356337632745744,0.059258587187964576,0.24343086736887862,0.5293311429391075,0.9419363836100413,0.37379207070529846,1.0974754558438504,0.9347619426256587,0.9458547491747206,0.12730019504031112,0.12844398357839631,0.02698904485519606,0.028350461039515946,0.03513901806630308,0.036573361423271174,0.781921826,0,0.523530188112743,1
2015-02-04,29,12,0,3,0,0.687555556,0.7422878024108714,0.05931198650895398,0.24354052334047815,0.5358922509096862,0.9486833539120567,0.3802831144795333,1.1042924903422096,0.9458547491747206,0.9310097459807035,0.12844398357839631,0.12682567320901866,0.028350461039515946,0.026424236169478553,0.036573361423271174,0.03456757906465222,0.781921826,1,0.5126311937992837,1
2015-02-05,30,12,0,3,0,0.906666667,0.7336948354545912,0.05940685744472705,0.24373521995133787,0.5271342826065146,0.9402553883026679,0.37140074564101677,1.0959889252681658,0.9310097459807035,0.9795673231256893,0.12682567320901866,0.13232369682804707,0.026424236169478553,0.03296836394090125,0.03456757906465222,0.04132137448437881,0.781921826,0,0.5266681649022728,1
2015-02-07,31,12,0,3,0,0.899111111,0.7610842889838391,0.05952391251316215,0.24397522930240714,0.5543203331796551,0.967848244788023,0.3984334433045766,1.1237351346631015,0.9795673231256893,1.019416369383646,0.13232369682804707,0.13695016849980896,0.03296836394090125,0.038475110337204965,0.04132137448437881,0.046964408569865244,0.781921826,0,0.48188147710152507,0
2015-02-08,32,12,0,3,0,0.891555556,0.7831687811122932,0.059647938671936476,0.2442292748053281,0.5761895270038986,0.9901480352206877,0.4201403158823135,1.1461972463422727,1.019416369383646,1.0513939746236558,0.13695016849980896,0.14072072973709726,0.038475110337204965,0.04296309296816151,0.046964408569865244,0.05153685259075426,0.781921826,0,0.44598573738485686,0
2015-02-09,33,12,0,3,0,0.272,0.8007001322410721,0.059767357038207555,0.24447363260320643,0.5935137899579256,1.0078864745242186,0.4373084475059718,1.1640918169761723,1.0513939746236558,0.8929582694909294,0.14072072973709726,0.12188475181012859,0.04296309296816151,0.02054320997108493,0.05153685259075426,0.02880616892376303,0.781921826,1,0.4178546493121426,0
2015-02-10,34,12,0,3,0,1.004888889,0.7142984037114851,0.059873849004728114,0.2446913341430957,0.5069275638803667,0.9216692435426035,0.3505831219957723,1.078013685427198,0.8929582694909294,0.9809097795155283,0.12188475181012859,0.13236861854177095,0.02054320997108493,0.03302183286986385,0.02880616892376303,0.041404882843258634,0.781921826,0,0.5580016580679349,1
2015-02-11,35,12,0,3,0,1.02,0.7622199357600241,0.05996195232835883,0.24487129747759093,0.5546965807287096,0.9697432907913386,0.3982371520703094,1.1262027194497388,0.9809097795155283,1.05930714796253,0.13236861854177095,0.14169734754052762,0.03302183286986385,0.0441255309881393,0.041404882843258634,0.05257440326310778,0.781921826,0,0.4800996425196263,0
2015-02-12,36,12,0,3,0,0.838666667,0.8050469720962876,0.06002860734841611,0.24500736182493804,0.5974083053475425,1.0126856388450327,0.4408619389783284,1.1692320052142469,1.05930714796253,1.0695343528744934,0.14169734754052762,0.14290800229461775,0.0441255309881393,0.045566535964986984,0.05257440326310778,0.05401923047642835,0.781921826,0,0.41111614763220783,0
2015-02-14,37,12,0,3,0,0.800888889,0.8106636061355539,0.06007267458867277,0.24509727576754656,0.6029487391819403,1.0183784730891676,0.4463449226981809,1.174982289572927,1.0695343528744934,1.0665718891201412,0.14290800229461775,0.1425600945619696,0.045566535964986984,0.04515243213188674,0.05401923047642835,0.05360524732899616,0.781921826,0,0.40225744060543206,0
2015-02-15,38,12,0,3,0,0.876444444,0.8090246322497245,0.0600944596722055,0.2451417134479677,0.6012721052819492,1.0167771592175,0.444639895539522,1.173409368959927,1.0665718891201412,1.0868601092587433,0.1425600945619696,0.144918645172055,0.04515243213188674,0.04795974210675609,0.05360524732899616,0.05640422179888541,0.781921826,0,0.4048637476323732,0
2015-02-16,39,12,0,3,0,0.891555556,0.8203495792503814,0.06009527909649019,0.24514338476999575,0.6125956358717888,1.028103522628974,0.45596235824556997,1.1847368002551928,1.0868601092587433,1.1080747287620907,0.144918645172055,0.1473556457021679,0.04795974210675609,0.05086042859942376,0.05640422179888541,0.0592891576467954,0.781921826,0,0.38706642407140135,0
2015-02-17,40,12,0,3,0,0.9025,0.8323113209950432,0.06007708964666,0.24510628234841308,0.6245888211506089,1.0400338208394777,0.46797924995198065,1.1966433920381059,1.1080747287620907,1.1287293317184988,0.1473556457021679,0.14969681782345154,0.05086042859942376,0.05364705349560426,0.0592891576467954,0.06205429437120501,0.781921826,0,0.3685037201826273,0
2015-02-18,41,12,0,3,1,0.9918,0.8515295972021566,0.06071186495887415,0.24639777790977369,0.6427125816073569,1.0603466127969563,0.4852778150521197,1.2177813793521934,1.1287293317184988,1.1707486864363372,0.14969681782345154,0.15351778190180745,0.05364705349560426,0.058195029072179945,0.06205429437120501,0.06965188162328771,0.781921826,0,0.34014931622850875,0
2015-02-19,42,12,0,3,1,0.609583333,0.8679219442140502,0.05989948843146256,0.2447437199019876,0.6605067085368156,1.0753371798912847,0.5041287950040921,1.2317150934240084,1.1707486864363372,1.0977694121015147,0.15351778190180745,0.14518304273772578,0.058195029072179945,0.048274446366340304,0.06965188162328771,0.060924334262262014,0.781921826,1,0.31496759951316877,0
2015-02-22,43,12,0,3,1,0.78375,0.8325362928969704,0.06043831000155066,0.2458420427867265,0.6241902513135452,1.0408823344803957,0.46711056924854033,1.1979620165454006,1.0977694121015147,1.0838053098415914,0.14518304273772578,0.1439291380015582,0.048274446366340304,0.04678196227109687,0.060924334262262014,0.05855133713587347,0.781921826,0,0.3685376332883125,0
2015-02-23,44,12,0,3,1,0.9025,0.8170855709027287,0.059711181724477445,0.24435871526196368,0.6099966186871468,1.0241745231183106,0.4538647021603178,1.1803064396451397,1.0838053098415914,1.10694982363469,0.1439291380015582,0.14657945263303038,0.04678196227109687,0.049936549952895475,0.05855133713587347,0.061011295131528205,0.781921826,0,0.3918358888528279,0
2015-02-25,46,12,0,3,1,0.899555556,0.8664668812706575,0.06431286161726392,0.25359980602765436,0.6515462959498501,1.081387466591465,0.4895098254950022,1.243423937046313,1.10694982363469,1.116524651581456,0.14657945263303038,0.14666773811106643,0.049936549952895475,0.05004163343173495,0.061011295131528205,0.0642723875743555,0.781921826,0,0.3230256675472407,0
2015-02-26,47,12,0,3,1,0.590617284,0.836443970135974,0.059333987477517385,0.2435856881623331,0.630010142383316,1.042877797888632,0.47437214809070355,1.1985157921812446,1.116524651581456,1.0542837952196595,0.14666773811106643,0.13838802114877358,0.05004163343173495,0.040186541953965864,0.0642723875743555,0.06105348660237919,0.781921826,1,0.3613393138032599,0
2015-02-28,48,12,0,3,1,0.590617284,0.7977723199135409,0.05928416873811945,0.24348340546764055,0.5914251746270718,1.00411946520001,0.4358525334082499,1.159692106418832,1.0542837952196595,1.0025613703546634,0.13838802114877358,0.1316996484261487,0.040186541953965864,0.032225578394575016,0.06105348660237919,0.05825097564596958,0.781921826,1,0.4222254064679511,0
2015-03-02,50,12,0,3,2,0.607654321,0.7653309051259224,0.05922834207067275,0.24336873683912802,0.5590809391281282,0.9715808711237166,0.40358156492053593,1.127080245331309,1.0025613703546634,0.9637630262501592,0.1316996484261487,0.12682283170867895,0.032225578394575016,0.026420854019350876,0.05825097564596958,0.05606352920374298,0.781921826,1,0.47488542034482967,0
2015-03-03,51,12,0,3,2,0.636049383,0.7407633855233482,0.059167660444497006,0.24324403475624434,0.5346191019590852,0.9469076690876111,0.37919940559385956,1.1023273654528367,0.9637630262501592,0.9383820082476949,0.12682283170867895,0.12372174213011856,0.026420854019350876,0.02272972283495761,0.05606352920374298,0.054582971791975875,0.781921826,1,0.5151452457534702,1
2015-03-04,52,12,0,3,2,0.885925926,0.7245386030711372,0.05910316754424676,0.24311143030356833,0.5185066990352015,0.9305705071070728,0.3631717296964463,1.085905476445828,0.9383820082476949,0.9769021728772663,0.12372174213011856,0.12829676801723544,0.02272972283495761,0.028175234902101113,0.054582971791975875,0.05689680512262201,0.781921826,0,0.5417055215641645,1
2015-03-05,53,12,0,3,2,0.868888889,0.7493957452714946,0.05903579176651346,0.2429728210448927,0.5434813097126531,0.955310180830336,0.3882349041445094,1.1105565863984797,0.9769021728772663,1.0049813381948702,0.12829676801723544,0.13153884532660118,0.028175234902101113,0.03203417942971101,0.05689680512262201,0.05862664663917666,0.781921826,0,0.5009921377617872,0
2015-03-07,54,12,0,3,2,0.868888889,0.7676849073534924,0.05896634688096273,0.2428298722994408,0.5618916178969474,0.9734781968100373,0.4067365487952301,1.1286332659117546,1.0049813381948702,1.0283919939077655,0.13153884532660118,0.13416689560581677,0.03203417942971101,0.035162266540393346,0.05862664663917666,0.060100710202382536,0.781921826,0,0.4709713416063911,0
2015-03-08,55,12,0,3,2,0.945555556,0.7830738546628624,0.058895537086880945,0.24268402725948188,0.5774041658582465,0.9887435434674783,0.4223422837974755,1.1438054255282493,1.0283919939077655,1.0653905629834075,0.13416689560581677,0.13820562738199807,0.035162266540393346,0.03996944428447619,0.060100710202382536,0.06247467774861079,0.781921826,0,0.445798541235256,0
2015-03-09,56,12,0,3,2,0.902962963,1.2900897211147297,0.1826802725433434,0.4274111282399458,0.9278676386422423,1.6523118035872173,0.6547751953239971,1.9254042469054624,1.0653905629834075,1.0146488834925276,0.13820562738199807,0.06598724634555549,0.03996944428447619,0.06054174900865389,0.06247467774861079,0.08369234642587857,0.781921826,0,0.10318134747994917,0
2015-03-10,57,12,0,3,2,0.92,0.7785594683034492,0.05906643004873835,0.24303586165160554,0.572591607135551,0.9845273294713475,0.41730492205155484,1.1398140145553437,1.0146488834925276,1.046132454866829,0.06598724634555549,0.06302910296934511,0.06054174900865389,0.06691704349668441,0.08369234642587857,0.08805113500162493,0.781921826,0,0.45322743153387895,0
2015-03-11,58,12,0,3,2,0.922839506,0.8002699506472273,0.05891712309278485,0.24272849666403995,0.5945625749429004,1.0059773263515541,0.43947227935346517,1.1610676219409894,1.046132454866829,1.0728402798153855,0.06302910296934511,0.060714797836170536,0.06691704349668441,0.0721270453346557,0.08805113500162493,0.09167052018731241,0.781921826,0,0.4179644670186502,0
2015-01-01,0,2,0,4,0,0.755166667,0.6145690807799176,0.14690977368357738,0.3832881079339371,0.2897403445359962,0.939397817023839,0.04484010920159143,1.1842980523582436,0.8421513724117647,0.8953199044731546,0.13242990040885458,0.12294985306974544,0.033094774784278046,0.02181096711718237,0.04380698488118558,0.031021191271585726,0.8421513724117647,0,0.638083120731881,1
2015-01-03,1,2,0,4,0,0.782447917,0.7073149881447491,0.08519598564371814,0.29188351382652317,0.4599497530536402,0.954680223235858,0.27345207742351324,1.141177898865985,0.8953199044731546,0.9145972319408826,0.12294985306974544,0.12013261451544,0.02181096711718237,0.018457695043532937,0.031021191271585726,0.0272215656562413,0.8421513724117647,0,0.5581339903256739,1
2015-01-04,2,2,0,4,0,0.792104167,0.7383537450225492,0.07217372757796045,0.2686516844874799,0.5106770043267231,0.9660304857183754,0.33902320293795685,1.1376842871071418,0.9145972319408826,0.926020646612386,0.12013261451544,0.11891335514343959,0.018457695043532937,0.017006448255639864,0.0272215656562413,0.025577143626547887,0.8421513724117647,0,0.517289036116189,1
2015-01-05,3,2,0,4,0,0.804416667,0.7548673331954894,0.06662581012153934,0.2581197592621288,0.5361161810852499,0.9736184853057288,0.3711917065731145,1.1385429598178642,0.926020646612386,0.935712640354176,0.11891335514343959,0.11827319367359086,0.017006448255639864,0.016244483821996312,0.025577143626547887,0.024713754221672494,0.8421513724117647,0,0.49247763929850996,0
2015-01-06,4,2,0,4,0,0.805909091,0.7672318780164796,0.06364246487835411,0.25227458230736227,0.5534343923624564,0.9810293636705029,0.3922446677216639,1.1422190883112955,0.935712640354176,0.9431267265006842,0.11827319367359086,0.11806317169134176,0.016244483821996312,0.015994501140603516,0.024713754221672494,0.024430496383134263,0.8421513724117647,0,0.4727710075847608,0
2015-01-07,5,2,0,4,0,0.813371212,0.7755227655666217,0.06185836220343832,0.24871341379877027,0.5647432964966063,0.9863022346366371,0.4058289646680791,1.1452165664651643,0.9431267265006842,0.9505137080462126,0.11806317169134176,0.11809463769321966,0.015994501140603516,0.01603195415117847,0.024430496383134263,0.024472934758317307,0.8421513724117647,0,0.4591326114984647,0
2015-01-08,6,2,0,4,0,0.835757576,0.7827783826029789,0.0607420162738872,0.24645895454190175,0.5739095210789932,0.9916472441269647,0.4164356659861911,1.1491210992197667,0.9505137080462126,0.9612809813460346,0.11809463769321966,0.11842952389140071,0.01603195415117847,0.0164305588538207,0.024472934758317307,0.02492459767301419,0.8421513724117647,0,0.44709774653704926,0
2015-01-10,7,2,0,4,0,0.817102273,0.7921475704001394,0.06004159263277356,0.24503386017604498,0.5844864468474277,0.9998086939528511,0.42792314947438714,1.1563719913258916,0.9612809813460346,0.9666260767870082,0.11842952389140071,0.1187101530058903,0.0164305588538207,0.016764583024841927,0.02492459767301419,0.02530308375123306,0.8421513724117647,0,0.4317159628372,0
2015-01-11,8,2,0,4,0,0.820833333,0.7963210932330935,0.05961991467635159,0.2441718957545106,0.5893904666823458,1.003251719783841,0.43337791765060285,1.1592642688155843,0.9666260767870082,0.9721868991545112,0.1187101530058903,0.11909476310092569,0.016764583024841927,0.017222372546767513,0.02530308375123306,0.025821809567612063,0.8421513724117647,0,0.42476940707641603,0
2015-01-12,9,2,0,4,0,0.880530303,0.800276242386929,0.05939328680408843,0.24370737946169876,0.5937392837774387,1.0068132009964192,0.4380235353692252,1.1625289494046327,0.9721868991545112,0.9914731714144722,0.11909476310092569,0.12067418200401887,0.017222372546767513,0.019102306105195657,0.025821809567612063,0.027951980799430794,0.8421513724117647,0,0.418279234739071,0
2015-01-13,10,2,0,4,0,0.805909091,0.8129687443361456,0.0593053728413209,0.24352694479527495,0.6065847003709028,1.0193527883013884,0.45098423989193903,1.1749532487803522,0.9914731714144722,0.989681436920521,0.12067418200401887,0.1205103344479912,0.019102306105195657,0.018907283417775863,0.027951980799430794,0.027730998671402305,0.8421513724117647,0,0.39798354453843654,0
2015-01-14,11,2,0,4,0,0.247316017,0.8118610418924045,0.05931502683887009,0.24354676519894508,0.605460200545394,1.018261883239415,0.44984707590747824,1.1738750078773308,0.989681436920521,0.8391301049971022,0.1205103344479912,0.10568490333440307,0.018907283417775863,0.0012610304737241396,0.027730998671402305,0.007735855650366497,0.8421513724117647,1,0.39974751967922895,0
2015-01-17,13,2,0,4,0,0.980909091,0.725168720521971,0.061134099679809414,0.2472531085341687,0.515626829930943,0.934710611112999,0.35764555366964634,1.0926918873742957,0.8391301049971022,0.9197943226801897,0.10568490333440307,0.11139682335854684,0.0012610304737241396,0.00805975253246096,0.007735855650366497,0.026784996120818694,0.8421513724117647,0,0.5399979609735879,1
2015-01-21,17,2,0,4,0,0.912202112,0.7879303015826056,0.06912649043984374,0.26291917092491324,0.5651117474505813,1.0107488557146298,0.39712071015877,1.1787398930064412,0.9197943226801897,0.9648027748468428,0.11139682335854684,0.11252037954171036,0.00805975253246096,0.009397086769357776,0.026784996120818694,0.04366042382652427,0.8421513724117647,0,0.44264520602613305,0
2015-01-22,18,2,0,4,0,0.649662222,0.8414890310163174,0.07357947451748839,0.2712553677210617,0.6116057226841961,1.0713723393484387,0.43828830944981956,1.2446897525828153,0.9648027748468428,0.9014159008473968,0.11252037954171036,0.11207774160646176,0.009397086769357776,0.00887022850073917,0.04366042382652427,0.016635045488206508,0.8421513724117647,1,0.367952888897975,0
2015-01-24,19,2,0,4,0,0.578314394,0.758431567073095,0.058955544285484454,0.24280762814517268,0.5526571290767706,0.9642060050694194,0.39751627277869184,1.1193468613674982,0.9014159008473968,0.8565136492316089,0.11207774160646176,0.1041034198847038,0.00887022850073917,-0.000621360450789827,0.016635045488206508,0.017727913430309206,0.8421513724117647,1,0.48614939438187255,0
2015-01-25,20,2,0,4,0,0.970075758,0.7310711662900677,0.05901946708206328,0.24293922507916108,0.5251852026166451,0.9369571299634903,0.36996026304168944,1.092182069538446,0.8565136492316089,0.917878854236958,0.1041034198847038,0.11478487430234985,-0.000621360450789827,0.012092444970449088,0.017727913430309206,0.017274409062652714,0.8421513724117647,0,0.5310525330015045,1
2015-01-26,21,2,0,4,0,0.910378788,0.7719857396750754,0.05954314635360875,0.24401464372780735,0.5651883809613634,0.9787830983887875,0.4092763074141169,1.134695171936034,0.917878854236958,0.9565134423815562,0.11478487430234985,0.1199973549378124,0.012092444970449088,0.018296699744196586,0.017274409062652714,0.021029957922614695,0.8421513724117647,0,0.46410384159665796,0
2015-01-27,22,2,0,4,0,0.788,0.7941663800235638,0.05959340822087401,0.24411761145168123,0.5872817582956138,1.0010510017515137,0.43130389397822183,1.1570288660689056,0.9565134423815562,0.9547844762207567,0.1199973549378124,0.11976098166212182,0.018296699744196586,0.01801535193177263,0.021029957922614695,0.020868814415388386,0.8421513724117647,0,0.428214185486498,0
2015-01-28,23,2,0,4,0,0.902222222,0.8028091732282127,0.062272172413815816,0.24954392882579976,0.5913258598669778,1.0142924865894474,0.4318808741481835,1.1737374723082419,0.9547844762207567,0.9842457098631215,0.11976098166212182,0.12216945498149125,0.01801535193177263,0.02088208336622241,0.020868814415388386,0.027605208544682867,0.8421513724117647,0,0.41620067848276066,0
2015-01-29,24,2,0,4,0,0.773333333,0.8096550510031357,0.05946623585940703,0.2438569987911092,0.6029912931095455,1.016318808896726,0.44717994609489287,1.1721301559113786,0.9842457098631215,0.9742952148732519,0.12216945498149125,0.12067511431268227,0.02088208336622241,0.01910341580341421,0.027605208544682867,0.027038725394755006,0.8421513724117647,0,0.40337096894685753,0
2015-01-31,25,2,0,4,0,0.971866667,0.8038731153472545,0.059504085016117994,0.24393459167596135,0.5971435990901608,1.0106026316043482,0.4412826744461291,1.1664635562483798,0.9742952148732519,1.0202416640782248,0.12067511431268227,0.12754561273968676,0.01910341580341421,0.027281157965900835,0.027038725394755006,0.029595391606510788,0.8421513724117647,0,0.412604358537314,0
2015-02-01,26,2,0,4,0,0.912766667,0.8307053067276414,0.05952655834349944,0.24398065157610233,0.6239367556587584,1.0374738577965243,0.46804640124596913,1.1933642122093138,1.0202416640782248,1.0425860721244309,0.12754561273968676,0.13086469966230022,0.027281157965900835,0.03123176465861617,0.029595391606510788,0.03080952608841979,0.8421513724117647,0,0.3704031875999225,0
2015-02-03,28,2,0,4,0,1.001416667,0.868156529638243,0.06442442362724,0.2538196675343343,0.6530496162423265,1.0832634430341594,0.490872666253644,1.245440393022842,1.0425860721244309,1.0795622497828212,0.13086469966230022,0.13253580117133926,0.03123176465861617,0.03322082519235417,0.03080952608841979,0.04185962205852741,0.8421513724117647,0,0.3207818183039625,0
2015-02-04,29,2,0,4,0,0.966759259,0.8929708446066806,0.06183237627486424,0.24866116760536663,0.6822356531039196,1.1037060361094417,0.5233547037487722,1.262586985464589,1.0795622497828212,1.0988909284315607,0.13253580117133926,0.13399557445745847,0.03322082519235417,0.03495834826675703,0.04185962205852741,0.04612510545020754,0.8421513724117647,0,0.28265833212746405,0
2015-02-05,30,2,0,4,0,0.999924242,0.9176312039809876,0.06263867733451807,0.25027720098826034,0.7055264576430325,1.1297359503189428,0.5456129509306733,1.289649457031302,1.0988909284315607,1.119115970525406,0.13399557445745847,0.13511832413662048,0.03495834826675703,0.03629472254684034,0.04612510545020754,0.051460723101723324,0.8421513724117647,0,0.2514983342368929,0
2015-02-07,31,2,0,4,0,1.050666667,0.9417265929318407,0.0625205746251966,0.2500411458644289,0.7298218984242734,1.1536312874394081,0.5700592180855522,1.3133939677781292,1.119115970525406,1.144148886429313,0.13511832413662048,0.13637772599827155,0.03629472254684034,0.03779374970083223,0.051460723101723324,0.058266256793515186,0.8421513724117647,0,0.22160611347823078,0
2015-02-08,32,2,0,4,0,0.875555556,0.941747167177764,0.05970753192327814,0.24435124702623914,0.7346645441373434,1.1488297902181845,0.5785373994065828,1.3049569349489452,1.144148886429313,1.1280569963153584,0.13637772599827155,0.13438549193031157,0.03779374970083223,0.035422454996642636,0.058266256793515186,0.056825641647241236,0.8421513724117647,0,0.2163090490109334,0
2015-02-09,33,2,0,4,0,1.057962963,0.9309854230918249,0.05950203862375764,0.24393039708850892,0.7242594616607565,1.1377113845228932,0.5684012171297597,1.29356962905389,1.1280569963153584,1.1587290405313682,0.13438549193031157,0.13839919396441555,0.035422454996642636,0.040199840611482414,0.056825641647241236,0.05888083698066173,0.8421513724117647,0,0.22905724403803246,0
2015-02-10,34,2,0,4,0,0.966759259,0.951262803774299,0.05934773264304494,0.2436139007590596,0.7448050664300018,1.157720541118596,0.589149045823933,1.3133765617246649,1.1587290405313682,1.162455585471773,0.13839919396441555,0.13890945969958077,0.040199840611482414,0.04080719416244629,0.05888083698066173,0.05905402978520122,0.8421513724117647,0,0.20435813041950884,0
2015-02-11,35,2,0,4,0,0.912037037,0.9537036168250019,0.05923144138572912,0.24337510428498868,0.7474482545486663,1.1599589791013376,0.5919448118898034,1.3154624217602005,1.162455585471773,1.1524694468760668,0.13890945969958077,0.1374906660091303,0.04080719416244629,0.0391184478355913,0.05905402978520122,0.05877630236125337,0.8421513724117647,0,0.20129783776376464,0
2015-02-12,36,2,0,4,0,0.601944444,0.9472097247231125,0.05914318292365085,0.243193714811158,0.7411080862705343,1.1533113631756908,0.5857205416108756,1.3086989078353493,1.1524694468760668,1.0699602576227822,0.1374906660091303,0.12541289864517532,0.0391184478355913,0.024742654223193605,0.05877630236125337,0.057878605347323676,0.8421513724117647,1,0.20870689625465616,0
2015-02-15,38,2,0,4,0,1.108125,0.8403868293635465,0.06319117318549297,0.25137854559507056,0.6273487162725041,1.0534249424545887,0.4667315103119581,1.214042148415135,1.0699602576227822,1.145061569836528,0.12541289864517532,0.14386874949635972,0.024742654223193605,0.046710083697753445,0.057878605347323676,0.03925950996391636,0.8421513724117647,0,0.359586375501067,0
2015-02-17,40,2,0,4,0,0.5814,0.9243798441567455,0.05906021458627951,0.2430230741849002,0.7184228201021405,1.1303368682113504,0.5631443055132384,1.2856153828002526,1.145061569836528,1.0631475987521644,0.14386874949635972,0.1308501921578851,0.046710083697753445,0.031214496824005934,0.03925950996391636,0.04204874507921867,0.8421513724117647,1,0.23651912752645304,0
2015-02-18,41,2,0,4,1,0.919125,0.8610799316667447,0.05957377114062207,0.24407738760610756,0.6542293988151624,1.067930464518327,0.4982772353453656,1.2238826279881239,1.0631475987521644,1.0774375294779492,0.1308501921578851,0.13352799463325443,0.031214496824005934,0.03440180243775402,0.04204874507921867,0.04041591706628207,0.8421513724117647,0,0.32451818838826385,0
2015-02-19,42,2,0,4,1,0.710125,0.8806777420311446,0.058910122335254354,0.2427140752722313,0.6749825881578089,1.0863728959044803,0.5199015070526602,1.241453977009629,1.0774375294779492,1.0380885097827974,0.13352799463325443,0.12752140012295285,0.03440180243775402,0.027252338435726702,0.04041591706628207,0.041645805191281395,0.8421513724117647,1,0.2951497751248331,0
2015-02-22,43,2,0,4,1,0.8300625,0.8685245966977976,0.05900408753630884,0.2429075699444314,0.6626654600957007,1.0743837332998945,0.5074607464285787,1.2295884469670164,1.0380885097827974,1.0299185470434298,0.12752140012295285,0.12663017952903183,0.027252338435726702,0.02619154607773151,0.041645805191281395,0.041024090394603425,0.8421513724117647,0,0.3127957664560711,0
2015-02-23,44,2,0,4,1,0.36871875,0.8198503283567062,0.062262274048160426,0.24952409512542156,0.608383823645924,1.0313168330674884,0.44895151058195415,1.1907491461314583,1.0299185470434298,0.9166760841214228,0.12663017952903183,0.10039403941140176,0.02619154607773151,-0.005036521507227457,0.041024090394603425,0.0696854435368654,0.8421513724117647,1,0.3897639933449459,0
2015-02-24,45,2,0,4,1,0.325,0.7310019987677465,0.06125050931714644,0.2474884023891755,0.5212607015058991,0.940743296029594,0.363129085280301,1.098874912255192,0.9166760841214228,0.8212208512189406,0.10039403941140176,0.07942315003771813,-0.005036521507227457,-0.029997523687499614,0.0696854435368654,0.09155509456172384,0.8421513724117647,1,0.5305940359654011,1
2015-02-25,46,2,0,4,1,0.440375,0.656427447129889,0.06049882460120039,0.24596508817553842,0.44797712712685966,0.8648777671329183,0.29081882575681217,1.022036068502966,0.8212208512189406,0.7730013883593002,0.07942315003771813,0.06938059322911111,-0.029997523687499614,-0.04195086900959718,0.09155509456172384,0.10148124648870141,0.8421513724117647,1,0.6481869575866273,1
2015-02-26,47,2,0,4,1,0.5565625,0.6189342104921673,0.05992532630177714,0.24479649977435777,0.411474244965803,0.8263941760185317,0.2550626079678928,0.9828058130164419,0.7730013883593002,0.759649322595555,0.06938059322911111,0.06674509087784321,-0.04195086900959718,-0.04508782609157311,0.10148124648870141,0.10393075847475687,0.8421513724117647,1,0.7038158169306319,1
2015-02-28,48,2,0,4,1,0.5565625,0.6086036938835931,0.05947907544445022,0.24388332342423544,0.40191762640842843,0.8152897613587579,0.24608945938628207,0.9711179283809042,0.759649322595555,0.7488763077788353,0.06674509087784321,0.06473024384100971,-0.04508782609157311,-0.04748603631447514,0.10393075847475687,0.10567603973024133,0.8421513724117647,1,0.7189652336766275,1
2015-03-01,49,2,0,4,1,0.585,0.600309980517074,0.0591266425329353,0.24315970581684643,0.39423716398308517,0.8063827970510627,0.23887134921939246,0.9617486118147555,0.7488763077788353,0.745791803056511,0.06473024384100971,0.06418375104617921,-0.04748603631447514,-0.048136509816108564,0.10567603973024133,0.10611268698818105,0.8421513724117647,1,0.7309219522927095,1
2015-03-02,50,2,0,4,2,0.92885,0.6249100666836371,0.058369196228787876,0.24159717760931704,0.42016146045644115,0.8296586729108331,0.26579401615564463,0.9840261172116296,0.745791803056511,0.8066262197189041,0.06418375104617921,0.07249981443048811,-0.048136509816108564,-0.03823815631434891,0.10611268698818105,0.10373707400216735,0.8421513724117647,0,0.6976879706935082,1
2015-03-03,51,2,0,4,2,0.567377778,0.7163871808455913,0.05875266273942882,0.24238948562062015,0.5109671099820026,0.92180725170918,0.3560934239940548,1.0766809376971278,0.8066262197189041,0.7769146162362531,0.07249981443048811,0.07024831340766179,-0.03823815631434891,-0.04091804847048121,0.10373707400216735,0.10023257879170147,0.8421513724117647,1,0.5551456280778075,1
2015-03-04,52,2,0,4,2,0.5403125,0.6224404103949708,0.058794528510457175,0.24247583077588822,0.4169471637998998,0.8279336569900417,0.26201830795823783,0.9828625128317037,0.7769146162362531,0.7611166645023137,0.07024831340766179,0.06759143984538199,-0.04091804847048121,-0.044080443045124096,0.10023257879170147,0.1023505301333729,0.8421513724117647,1,0.7005806859019785,1
2015-03-05,53,2,0,4,2,0.950625,0.6101556575825662,0.058554902511963984,0.2419812028070858,0.40508159795075127,0.8152297172143811,0.25046878245434195,0.9698425327107905,0.7611166645023137,0.8253878249525826,0.06759143984538199,0.0778156770239444,-0.044080443045124096,-0.03191084918774695,0.1023505301333729,0.09495911049739494,0.8421513724117647,0,0.7183389331120862,1
2015-03-07,54,2,0,4,2,0.528125,0.6598984102427471,0.05836076281242858,0.24157972351260892,0.45516459600115833,0.8646322244843359,0.3008083039179832,1.018988516567511,0.8253878249525826,0.8008905899956521,0.0778156770239444,0.07413043422078174,-0.03191084918774695,-0.03629727992062804,0.09495911049739494,0.09733536898227577,0.8421513724117647,1,0.6454139982129826,1
2015-03-08,55,2,0,4,2,0.884,0.6657535268654337,0.05801018336291317,0.24085303270441327,0.4616355680390798,0.8698714856917875,0.3077435918223733,1.0237634619084939,0.8008905899956521,0.8420846896440606,0.07413043422078174,0.07860613034144331,-0.03629727992062804,-0.030969997007855455,0.09733536898227577,0.0977047253831106,0.8421513724117647,0,0.6367494963915641,1
2015-03-09,56,2,0,4,2,0.6825,0.9744380855586686,0.17378969937551111,0.41688091749984324,0.6211401386810149,1.3277360324363223,0.3547759267766607,1.5941002443406767,0.8420846896440606,0.8106163333447692,0.07860613034144331,0.02561025680415372,-0.030969997007855455,-0.0030156122673071807,0.0977047253831106,0.10525749047486493,0.8421513724117647,1,0.2951592388286755,0
2015-03-10,57,2,0,4,2,0.741,0.6489933091279305,0.05815735225510622,0.24115835514264528,0.44461659585627855,0.8533700223995825,0.2905295352228419,1.0074570830330192,0.8106163333447692,0.827193129692849,0.02561025680415372,0.024063370415956128,-0.0030156122673071807,0.0021347529425104596,0.10525749047486493,0.10462116090190661,0.8421513724117647,1,0.662333352276125,1
2015-03-11,58,2,0,4,2,0.819270833,0.661898487203747,0.05802026562477327,0.24087396211457407,0.4577627911355844,0.8660341832719096,0.3038574421651511,1.019939532242343,0.827193129692849,0.8552389958575901,0.024063370415956128,0.02162346343886616,0.0021347529425104596,0.010342164729291291,0.10462116090190661,0.10392024559954963,0.8421513724117647,0,0.6427270667258451,1
2015-01-03,1,3,0,5,0,0.945277778,0.6275140606181528,0.14690977368357738,0.3832881079339371,0.30268532437423146,0.9523427968620742,0.05778508903982671,1.197243032196479,0.85509635225,0.9752622160445373,0.13242990040885458,0.11100410524110706,0.033094774784278046,0.007592312281789089,0.04380698488118558,0.014909893428251435,0.85509635225,0,0.6253514149305884,1
2015-01-04,2,3,0,5,0,0.991388889,0.8371285005849163,0.08519598564371814,0.29188351382652317,0.5897632654938074,1.0844937356760251,0.4032655898636804,1.2709914113061522,0.9752622160445373,1.0148417728125905,0.11100410524110706,0.10521984632472203,0.007592312281789089,0.0007074874729601048,0.014909893428251435,0.007108630623973457,0.85509635225,0,0.38265912564324567,0
2015-01-05,3,3,0,5,0,0.875390625,0.9008562264282056,0.07217372757796045,0.2686516844874799,0.6731794857323795,1.1285329671240316,0.5015256843436132,1.300186768512798,1.0148417728125905,1.009429645534861,0.10521984632472203,0.10579750082607632,0.0007074874729601048,0.0013950517918030856,0.007108630623973457,0.007887716525950213,0.85509635225,0,0.2872178304008421,0
2015-01-06,4,3,0,5,0,0.899166667,0.8950367761153826,0.06659633757304292,0.25806266210562684,0.6763340126631937,1.1137395395675713,0.5114460201257787,1.2786275321049865,1.009429645534861,1.0103590332027506,0.10579750082607632,0.10572634592412014,0.0013950517918030856,0.0013103583087935322,0.007887716525950213,0.007952518239887291,0.85509635225,0,0.28705066993879813,0
2015-01-07,5,3,0,5,0,0.83,0.8997377819157273,0.06671647901589017,0.2582953329347826,0.6808378347528231,1.1186377290786316,0.5158011782218319,1.2836743856096227,1.0103590332027506,0.9922247487722196,0.10572634592412014,0.1068474890180135,0.0013103583087935322,0.002644820320032178,0.007952518239887291,0.0025223669645068527,0.85509635225,0,0.281053278666778,0
2015-01-08,6,3,0,5,0,0.712626263,0.8816233503865826,0.06240136727795997,0.24980265666713788,0.6699207705362673,1.0933259302368978,0.5103104718116174,1.2529362289615478,0.9922247487722196,0.9549513302958091,0.1068474890180135,0.10740024730957226,0.002644820320032178,0.0033027514489845002,0.0025223669645068527,-0.0032457661634284754,0.85509635225,1,0.2991282773253431,0
2015-01-10,7,3,0,5,0,0.930340376,0.8480376287748906,0.0612157975749229,0.24741826443276757,0.6383557719790298,1.0577194855707515,0.48026897008937025,1.215806287460411,0.9549513302958091,0.9730515064964811,0.10740024730957226,0.1076657421664865,0.0033027514489845002,0.003618761780458737,-0.0032457661634284754,-0.0004927453064212219,0.85509635225,0,0.34596307488780265,0
2015-01-11,8,3,0,5,0,0.93532197,0.863344430196715,0.060346225400052515,0.24565468731545204,0.6551571684963666,1.0715316918970634,0.49819719637815246,1.2284916640152777,0.9730515064964811,0.9854246019773213,0.1076657421664865,0.10888921630978693,0.003618761780458737,0.005075025280506202,-0.0004927453064212219,-0.002660479175610352,0.85509635225,0,0.32225676386322955,0
2015-01-12,9,3,0,5,0,0.905454545,0.875008789098731,0.059549739783600106,0.24402815367002248,0.6681999809886885,1.0818175972087736,0.5122792753238278,1.2377383028736344,0.9854246019773213,0.9920325294517326,0.10888921630978693,0.10939392576660203,0.005075025280506202,0.005675765364890751,-0.002660479175610352,-0.002173810080608436,0.85509635225,0,0.30423033112191017,0
2015-01-13,10,3,0,5,0,0.901262626,0.8801520540925782,0.05911721934308709,0.2431403284999983,0.6740956594334487,1.0862084487517076,0.5187422257203497,1.241561882464807,0.9920325294517326,0.9965235509788405,0.10939392576660203,0.10988024408772477,0.005675765364890751,0.006254615048256305,-0.002173810080608436,-0.0021094721821110995,0.85509635225,0,0.2962225834239011,0
2015-01-14,11,3,0,5,0,0.820833333,0.8840114722959086,0.05932404740942676,0.24356528367036787,0.677594936927756,1.0904280076640611,0.5219699799947192,1.246052964597098,0.9965235509788405,0.9847552808614167,0.10988024408772477,0.1078883925220135,0.006254615048256305,0.003883775624684236,-0.0021094721821110995,-0.0001477164319247555,0.85509635225,0,0.2910884927182017,0
2015-01-22,18,3,0,5,0,0.460578704,0.8739050817158269,0.06817097071274147,0.26109571178543217,0.6526318714533603,1.0951782919782935,0.4858059252852698,1.262004238146384,0.9847552808614167,0.847627307938362,0.1078883925220135,0.10299377312733884,0.003883775624684236,-0.0019421387275889734,-0.0001477164319247555,-0.05365379396376703,0.85509635225,1,0.31755099288905997,0
2015-01-24,19,3,0,5,0,0.895454545,0.8197158039464222,0.05885950478284448,0.2426097788277391,0.6141090391505398,1.0253225687423044,0.4590945977956782,1.1803370100971662,0.847627307938362,0.8644695136403262,0.10299377312733884,0.10579753491802432,-0.0019421387275889734,0.0013950923703962056,-0.05365379396376703,-0.05458393087841995,0.85509635225,0,0.3869191981173967,0
2015-01-25,20,3,0,5,0,0.961784512,0.8237949888826126,0.058871665617338816,0.24263484007318242,0.6181669852000611,1.0294229925651641,0.4631365310736581,1.184453446691567,0.8644695136403262,0.8991341513787032,0.10579753491802432,0.11081438263219205,0.0013950923703962056,0.0073664913177665485,-0.05458393087841995,-0.052977207398706136,0.85509635225,0,0.38051057194591276,0
2015-01-26,21,3,0,5,0,1.059621212,0.8382332555568294,0.0593046504127442,0.24352546152865454,0.6318504686293394,1.0446160424843194,0.47625095587699906,1.2002155552366598,0.8991341513787032,0.9598961490116992,0.11081438263219205,0.11871054410691613,0.0073664913177665485,0.016765048540318343,-0.052977207398706136,-0.046263365495717905,0.85509635225,0,0.3585578219641418,0
2015-01-27,22,3,0,5,0,0.861875,0.8633631128327096,0.060493937760506114,0.24595515396207113,0.6549212118699254,1.071805013795494,0.49776925792147964,1.2289569677439396,0.9598961490116992,0.9594512319329229,0.11871054410691613,0.118662281947777,0.016765048540318343,0.01670760358230869,-0.046263365495717905,-0.04634613971949761,0.85509635225,0,0.3224317010478188,0
2015-01-29,24,3,0,5,0,0.4925,0.884503718131563,0.05902212202637369,0.24294468923270104,0.6786131237011399,1.0903943125619862,0.5233846928295326,1.2456227434335934,0.9594512319329229,0.8593708298058472,0.118662281947777,0.10111962580519801,0.01670760358230869,-0.004172878423961322,-0.04634613971949761,-0.04512189899803142,0.85509635225,1,0.289912875677493,0
2015-01-31,25,3,0,5,0,0.971866667,0.824582026766505,0.05910633366572868,0.24311794188362298,0.6185446043012826,1.0306194492317275,0.4632054744173532,1.1859585791156568,0.8593708298058472,0.8983151335335957,0.10111962580519801,0.10771500475084066,-0.004172878423961322,0.003677397513715309,-0.04512189899803142,-0.04471371100743022,0.85509635225,0,0.37950807043091744,0
2015-02-16,39,3,0,5,0,0.864583333,0.8472737248404913,0.05921473317625915,0.2433407758191363,0.6410474552282619,1.0534999944527208,0.48556594659028796,1.2089815030906947,0.8983151335335957,0.9030281886424669,0.10771500475084066,0.10848514762130444,0.003677397513715309,0.004594074795552061,-0.04471371100743022,-0.04457457552495498,0.85509635225,0,0.34467297967681765,0
2015-02-17,40,3,0,5,0,0.7866,0.8180601526075333,0.06410475005884414,0.25318915865187464,0.603487582436049,1.0326327227790175,0.4417134932992911,1.1944068119157754,0.9030281886424669,0.8924054078817609,0.10848514762130444,0.10767887664953425,0.004594074795552061,0.003634395350125143,-0.04457457552495498,-0.047476350674091984,0.85509635225,0,0.39403737909433667,0
2015-02-18,41,3,0,5,1,0.2565,0.845122437177224,0.059315521607591175,0.24354778095394583,0.6387207349988796,1.0515241393555685,0.48310696134881453,1.2071379130056334,0.8924054078817609,0.7341341423920142,0.10767887664953425,0.08063731372406918,0.003634395350125143,-0.02855234213691439,-0.047476350674091984,-0.048541352032266935,0.85509635225,1,0.3480575819114651,0
2015-02-19,42,3,0,5,1,0.81640625,0.7302667814783871,0.061155964979519334,0.2472973210116101,0.5206874217280604,0.9398461412287138,0.36267789610054024,1.0978556668562338,0.7341341423920142,0.7606487622617947,0.08063731372406918,0.08338787298695749,-0.02855234213691439,-0.025278436365226885,-0.048541352032266935,-0.04364332935013342,0.85509635225,0,0.5318000565736414,1
2015-02-22,43,3,0,5,1,0.8721,0.734890397831798,0.06284872985026205,0.2506964895052622,0.5224303131562318,0.9473504825073642,0.36224890390695275,1.1075318917566432,0.7606487622617947,0.8029947258339544,0.08338787298695749,0.08670977285640034,-0.025278436365226885,-0.02132448150874557,-0.04364332935013342,-0.033239975970261085,0.85509635225,0,0.52402990063814,1
2015-02-23,44,3,0,5,1,0.87115,0.7560402604248381,0.0638804352465554,0.252745791748459,0.5418434345249545,0.9702370863247216,0.38035263270324343,1.1317278881464328,0.8029947258339544,0.8369274270142872,0.08670977285640034,0.08883316448110791,-0.02132448150874557,-0.018797074014030093,-0.033239975970261085,-0.023722373822442466,0.85509635225,0,0.49046676152420965,0
2015-02-24,45,3,0,5,1,0.811388889,0.7920051924615096,0.059831794587246426,0.24460538544203483,0.5847071923751407,0.9993031925478785,0.42841766703160444,1.1555927178914147,0.8369274270142872,0.8421870314990361,0.08883316448110791,0.0895186325989537,-0.018797074014030093,-0.017981182476042808,-0.023722373822442466,-0.02321333543825043,0.85509635225,0,0.4318263307143475,0
2015-02-25,46,3,0,5,1,0.900833333,0.7816873570326426,0.06334815751315845,0.2516905987778615,0.5683847853296353,0.9949899287356498,0.40756819437299774,1.1558065196922875,0.8421870314990361,0.874216817485118,0.0895186325989537,0.09134365153336552,-0.017981182476042808,-0.01580891878282734,-0.02321333543825043,-0.014198522440272985,0.85509635225,0,0.44990631086524646,0
2015-02-26,47,3,0,5,1,0.921703704,0.8114440636054203,0.060131939886821695,0.245218147547896,0.6036267603203742,1.0192613668904664,0.4469457133490517,1.1759424138617889,0.874216817485118,0.9027311016839918,0.09134365153336552,0.09455333149834456,-0.01580891878282734,-0.011988535814026948,-0.014198522440272985,-0.01046460101021623,0.85509635225,0,0.4010736796139499,0
2015-02-28,48,3,0,5,1,0.921703704,0.8300222776215174,0.05987764843819532,0.24469909774699888,0.6226448582968213,1.0373996969462134,0.46629545589197174,1.1937490993510629,0.9027311016839918,0.925943732921551,0.09455333149834456,0.09727646367701587,-0.011988535814026948,-0.008747275653917481,-0.01046460101021623,-0.007853149677836067,0.85509635225,0,0.3718251757616406,0
2015-03-01,49,3,0,5,1,0.936355556,0.8405782761819177,0.06314674860460599,0.2512901681415451,0.627615061153056,1.0535414912107794,0.4670543235741754,1.2141022287896601,0.925943732921551,0.9481088880381141,0.09727646367701587,0.09811815008782036,-0.008747275653917481,-0.00774544230480063,-0.007853149677836067,-0.0009310977223509287,0.85509635225,0,0.35925422705620336,0
2015-03-02,50,3,0,5,2,0.86037037,0.8605617747360469,0.0614090595158952,0.24780851380833388,0.6505491896737431,1.0705743597983506,0.49221303967769314,1.2289105097944006,0.9481088880381141,0.9480660955211183,0.09811815008782036,0.09811545409512451,-0.00774544230480063,-0.007748651261672224,-0.0009310977223509287,-0.0009414462960367404,0.85509635225,0,0.3277415248117027,0
2015-03-03,51,3,0,5,2,0.902962963,0.8610300835939259,0.05919846510097205,0.2433073469934109,0.6548321442194203,1.0672280229684314,0.49937199478126926,1.2226881724065826,0.9480660955211183,0.9583448043869585,0.09811545409512451,0.09970490575670132,-0.007748651261672224,-0.005856776020565693,-0.0009414462960367404,-0.0009789314052205257,0.85509635225,0,0.32407392105620725,0
2015-03-04,52,3,0,5,2,0.939166667,0.8679977496376186,0.060360477969760046,0.24568369496114317,0.6597859045580934,1.0762095947171437,0.5028073981334158,1.2331881011418213,0.9583448043869585,0.9766149178997928,0.09970490575670132,0.10356011299983882,-0.005856776020565693,-0.0012680418621510894,-0.0009789314052205257,-0.003888668827632202,0.85509635225,0,0.3155130188147475,0
2015-03-05,53,3,0,5,2,0.810111111,0.8784179647241254,0.05907710649479822,0.2430578254136209,0.6724314897226358,1.084404439725615,0.5171307709903865,1.2397051584578642,0.9766149178997928,0.960453146536179,0.10356011299983882,0.10121512598098303,-0.0012680418621510894,-0.00405920751313309,-0.003888668827632202,-0.004020436624639043,0.85509635225,0,0.29863055439032327,0
2015-03-08,55,3,0,5,2,0.951944444,0.86894431711232,0.05932958900446529,0.24357665940000345,0.6625181410488135,1.0753704931758266,0.5068859156438172,1.2310027185808228,0.960453146536179,0.9805043688111995,0.10121512598098303,0.10479537456271946,-0.00405920751313309,0.0002022518395057805,-0.004020436624639043,-0.005782349904549593,0.85509635225,0,0.3126601989690675,0
2015-03-09,56,3,0,5,2,0.795416667,1.2628897976312752,0.19654182151225913,0.44333037512926987,0.8871764829969349,1.6386031122656155,0.6039125075365708,1.9218670877259796,0.9805043688111995,0.8993629248790883,0.10479537456271946,0.020727050600117397,0.0002022518395057805,0.022769439751379208,-0.005782349904549593,0.015233510508876082,0.85509635225,0,0.12365620076961947,0
2015-03-10,57,3,0,5,2,0.894444444,0.8390058484076222,0.05876520554384791,0.2424153574834893,0.6335638516758781,1.0444478451393662,0.4786736349759828,1.1993380618392615,0.8993629248790883,0.9112112041577125,0.020727050600117397,0.019927477407224895,0.022769439751379208,0.026749855597203342,0.015233510508876082,0.014885101010260514,0.85509635225,0,0.3567488744137274,0
2015-03-11,58,3,0,5,2,0.786631944,0.8404021810453823,0.0599335767624002,0.24481335086632877,0.6329279345674415,1.0478764275233232,0.4765055306391102,1.2042988314516545,0.9112112041577125,0.9000068265309179,0.019927477407224895,0.020378007184937246,0.026749855597203342,0.02193216749029136,0.014885101010260514,0.017078331574946398,0.85509635225,0,0.35596331072203874,0
2015-01-01,0,4,0,6,0,0.593055556,0.6549612192185796,0.13080612713615403,0.3616712970863931,0.3484522826341923,0.961470155802967,0.11736401264428842,1.1925584257928707,0.8420907480294118,0.8157983748245733,0.13242990040885458,0.13711787904914502,0.033094774784278046,0.038674731026296254,0.04380698488118558,0.045737468738268824,0.8420907480294118,1,0.6036386426048286,1
2015-01-03,1,4,0,6,0,0.988024691,0.622206151731055,0.08311335300714828,0.2882938657119646,0.37788306910039604,0.8665292343617139,0.19367898320035953,1.0507333202617504,0.8157983748245733,0.9231853726921959,0.13711787904914502,0.12116219847943499,0.038674731026296254,0.019683177049188972,0.045737468738268824,0.044500945270069404,0.8420907480294118,0,0.6712170647077267,1
2015-01-04,2,4,0,6,0,0.861679012,0.7679526291512364,0.0716141695452276,0.26760823893375857,0.5411601869596913,0.9947450713427816,0.37017309047612645,1.1657321678263464,0.9231853726921959,0.9455022975674255,0.12116219847943499,0.11866658114580624,0.019683177049188972,0.016712720784992377,0.044500945270069404,0.04440812842734472,0.8420907480294118,0,0.4732568236068752,0
2015-01-05,3,4,0,6,0,0.893663194,0.7849564456307929,0.06709292034604096,0.2590230112288114,0.5654398061788541,1.0044730850827317,0.39993820283170417,1.1699746884298816,0.9455022975674255,0.9674166687234641,0.11866658114580624,0.11715954070061144,0.016712720784992377,0.014918937070436539,0.04440812842734472,0.04035147603707019,0.8420907480294118,0,0.4463237341756395,0
2015-01-06,4,4,0,6,0,0.966781346,0.818063179539398,0.06363287652133051,0.252255577780414,0.6042817998285119,1.031844559250284,0.4431042180458611,1.193022141032935,0.9674166687234641,0.9967191471045753,0.11715954070061144,0.11624144294148041,0.014918937070436539,0.013826153652479523,0.04035147603707019,0.039433904978840376,0.8420907480294118,0,0.39365000894669805,0
2015-01-07,5,4,0,6,0,0.827186544,0.8499249546259986,0.06186037586829261,0.24871746192877695,0.6391420548496112,1.060707854402386,0.4802251364863839,1.2196247727656133,0.9967191471045753,0.9923253223160741,0.11624144294148041,0.11621700482833282,0.013826153652479523,0.013797065720885923,0.039433904978840376,0.039492987078191065,0.8420907480294118,0,0.3439299953181296,0
2015-01-08,6,4,0,6,0,0.919905405,0.8503036246054485,0.06086427836219199,0.24670686727813637,0.6412246621700519,1.059382587040845,0.48359240433479705,1.2170148448761,0.9923253223160741,1.0062645164020008,0.11621700482833282,0.1166824221507597,0.013797065720885923,0.014351037590787276,0.039492987078191065,0.040915410498901385,0.8420907480294118,0,0.34216189721341184,0
2015-01-10,7,4,0,6,0,0.911589744,0.8627275477514802,0.06008539169928832,0.24512321738115367,0.6549906958174049,1.0704643996855556,0.49837030405477345,1.227084791448187,1.0062645164020008,1.0161972259040877,0.1166824221507597,0.11729377217661867,0.014351037590787276,0.015078708652155078,0.040915410498901385,0.041877044677600755,0.8420907480294118,0,0.32280076457481427,0
2015-01-11,8,4,0,6,0,0.925643939,0.8709291151294568,0.059568093228898764,0.2440657559529783,0.664088439863091,1.0777697903958228,0.5081437083864339,1.2337145218724799,1.0161972259040877,1.0276049031741283,0.11729377217661867,0.11826755989494908,0.015078708652155078,0.016237778109212543,0.041877044677600755,0.04292500387616759,0.8420907480294118,0,0.31013151481525336,0
2015-01-12,9,4,0,6,0,0.942213805,0.8745676267610131,0.05911458525213209,0.24313491162754083,0.6685158227891456,1.0806194307328805,0.5131658501626604,1.2359694033593658,1.0276049031741283,1.0417684810063044,0.11826755989494908,0.11985724090881382,0.016237778109212543,0.018129926341266523,0.04292500387616759,0.04279435761998579,0.8420907480294118,0,0.3042067014080466,0
2015-01-13,10,4,0,6,0,0.952020202,0.8652388207958055,0.06104876558189278,0.24708048401663127,0.6558432259095377,1.0746344156820733,0.4979722473175251,1.232505394274086,1.0417684810063044,1.0579001548610492,0.11985724090881382,0.12245731061681811,0.018129926341266523,0.021224709041889517,0.04279435761998579,0.03614655684039547,0.8420907480294118,0,0.32046390618634074,0
2015-01-14,11,4,0,6,0,0.908080808,0.8642553025986652,0.06562748332852017,0.2561786160641051,0.6471492291611803,1.0813613760361502,0.48346503947962904,1.2450455657177013,1.0579001548610492,1.0643650972131322,0.12245731061681811,0.12385829965472947,0.021224709041889517,0.022892263040516142,0.03614655684039547,0.030648873508992664,0.8420907480294118,0,0.3277991307434616,0
2015-01-15,12,4,0,6,0,0.988636364,0.9066705249440437,0.06002871041401812,0.24500757215649094,0.699031679943662,1.1143093699444253,0.5424851791840357,1.2708558707040516,1.0643650972131322,1.0860657601905186,0.12385829965472947,0.1266730703819043,0.022892263040516142,0.026242597735722052,0.030648873508992664,0.035204146536034556,0.8420907480294118,0,0.2612645408117235,0
2015-01-19,15,4,0,6,0,0.977272727,0.9338526898544429,0.06349359584029651,0.2519793559803987,0.720305402400438,1.1473999773084478,0.5593043113108924,1.3084010683979934,1.0860657601905186,1.0983623058142906,0.1266730703819043,0.12814103679221495,0.026242597735722052,0.027989872832900893,0.035204146536034556,0.03960159353292736,0.8420907480294118,0,0.23280698576144115,0
2015-01-21,17,4,0,6,0,0.978525641,0.9279068613520807,0.05940745739759151,0.24373645069540073,0.721345265473891,1.1344684572302703,0.5656109421299367,1.2902027805742247,1.0983623058142906,1.1115641379452803,0.12814103679221495,0.13010143473242558,0.027989872832900893,0.030323273977117746,0.03960159353292736,0.041408192589895844,0.8420907480294118,0,0.23272110912861632,0
2015-01-22,18,4,0,6,0,0.670216049,0.922357569955418,0.05899826166444117,0.242895577696345,0.7165085965352983,1.1282065433755375,0.5613115452618633,1.2834035946489726,1.1115641379452803,1.0490381265644857,0.13010143473242558,0.11919680896765564,0.030323273977117746,0.017343834591440302,0.041408192589895844,0.04451252072737879,0.8420907480294118,1,0.2389775552152269,0
2015-01-24,19,4,0,6,0,0.651515152,0.8725909419081128,0.059795362478422265,0.24453090291090462,0.6653560642248617,1.079825819591364,0.5091141291639993,1.2360677546522263,1.0490381265644857,0.9968638164434269,0.11919680896765564,0.10909354263925945,0.017343834591440302,0.005318228602242838,0.04451252072737879,0.05385666951777793,0.8420907480294118,1,0.30806906728780137,0
2015-01-25,20,4,0,6,0,0.952020202,0.8363754661990235,0.05954845300498781,0.24402551711857473,0.6295688925117483,1.0431820398862985,0.47364987145973275,1.1991010609383141,0.9968638164434269,1.0248950165491961,0.10909354263925945,0.11442461959171826,0.005318228602242838,0.01166364491064753,0.05385666951777793,0.050156023090247345,0.8420907480294118,0,0.36168413207386274,0
2015-01-26,21,4,0,6,0,0.963699495,0.8549188249152838,0.05940863487710278,0.24373886616028798,0.6483551819806096,1.061482467849958,0.4926193152860868,1.217218334544481,1.0248950165491961,1.0519939035244301,0.11442461959171826,0.11947132106469295,0.01166364491064753,0.017670577865440778,0.050156023090247345,0.047677919953818114,0.8420907480294118,0,0.3334320318817525,0
2015-01-27,22,4,0,6,0,0.940625,0.8721465832812336,0.059345128861546345,0.2436085566262941,0.6656933749788154,1.0785997915836518,0.5100407689826572,1.23425239757981,1.0519939035244301,1.069505257379177,0.11947132106469295,0.12265656191890077,0.017670577865440778,0.021461871715206946,0.047677919953818114,0.0466876402304366,0.8420907480294118,0,0.30804301034149983,0
2015-01-28,23,4,0,6,0,0.722638889,0.882929938895214,0.05933465243579915,0.24358705309560102,0.6764949543898696,1.0893649234005585,0.5208560879792039,1.245003789811224,1.069505257379177,1.0275310749190318,0.12265656191890077,0.11521578189692887,0.021461871715206946,0.01260534097672343,0.0466876402304366,0.04780207088525976,0.8420907480294118,1,0.2926297581043801,0
2015-01-29,24,4,0,6,0,0.989,0.8477881720127622,0.05971747166499252,0.24437158522420835,0.6406883127706253,1.0548880312548992,0.48454817303854364,1.2110281709869808,1.0275310749190318,1.0616619206955484,0.11521578189692887,0.12172746512465459,0.01260534097672343,0.02035599648532921,0.04780207088525976,0.0437485400145055,0.8420907480294118,0,0.3445186763181869,0
2015-01-31,25,4,0,6,0,0.971866667,0.8707667392388796,0.05952807168792956,0.24398375291795468,0.6639955598469839,1.0775379186307754,0.5081032238455834,1.2334302546321758,1.0616619206955484,1.0868594544196721,0.12172746512465459,0.12632827558010945,0.02035599648532921,0.02583219912810992,0.0437485400145055,0.04194094183330216,0.8420907480294118,0,0.31030760921128464,0
2015-02-01,26,4,0,6,0,0.845069444,0.895656389541156,0.059587161068888915,0.24410481574292817,0.6887826119114642,1.1025301671708478,0.532812923355386,1.258499855726926,1.0868594544196721,1.0724131210533714,0.12632827558010945,0.12405765458707407,0.02583219912810992,0.023129549061734974,0.04194094183330216,0.040905088819751356,0.8420907480294118,0,0.2753551511913989,0
2015-02-02,27,4,0,6,0,0.809236111,0.8875173007477583,0.05966279759144372,0.24425969293242739,0.6805122679063949,1.0945223335891217,0.524443621257511,1.2505909802380055,1.0724131210533714,1.0499092466571915,0.12405765458707407,0.12062448913855085,0.023129549061734974,0.019043158221613413,0.040905088819751356,0.039005564095371925,0.8420907480294118,0,0.2867187053584348,0
2015-02-03,28,4,0,6,0,0.5375,0.8748391273753036,0.05972417722027476,0.24438530483700274,0.6677276410453612,1.081950613705246,0.5115787352275791,1.238099519523028,1.0499092466571915,0.952684961120943,0.12062448913855085,0.10624103881517405,0.019043158221613413,0.001922981366730643,0.039005564095371925,0.029740304156212274,0.8420907480294118,1,0.30473536238752796,0
2015-02-07,31,4,0,6,0,0.447916667,0.8061826394173887,0.05986120508667248,0.2446654963141973,0.59883369661134,1.0135315822234372,0.4425057636928386,1.1698595151419386,0.952684961120943,0.8734435830974833,0.10624103881517405,0.09107049856697387,0.001922981366730643,-0.016134044325581062,0.029740304156212274,0.04171137745274539,0.8420907480294118,1,0.4091894853546181,0
2015-02-10,34,4,0,6,0,0.796755556,0.7770215691830776,0.061991452999502525,0.24898082857823114,0.5660154716237688,0.9880276667423865,0.4069302763088295,1.1471128620573259,0.8734435830974833,0.8799884103077823,0.09107049856697387,0.09183333271593193,-0.016134044325581062,-0.015226066389307989,0.04171137745274539,0.043195506466195,0.8420907480294118,0,0.4567881522010624,0
2015-02-11,35,4,0,6,0,1.033155556,0.7808388563082855,0.061528277803694686,0.24804894235552524,0.5706225130298396,0.9910551995867315,0.4121327422807074,1.1495449703358638,0.8799884103077823,0.9596219666090531,0.09183333271593193,0.1009894040197223,-0.015226066389307989,-0.004327877394832631,0.043195506466195,0.0603900684445898,0.8420907480294118,0,0.4505287030774667,0
2015-02-12,36,4,0,6,0,1.096633333,0.8281143061077729,0.0611342041887899,0.24725331987415233,0.6185722364104842,1.0376563758050616,0.460590825114443,1.1956377871011028,0.9596219666090531,1.0406535602845377,0.1009894040197223,0.11018588157454176,-0.004327877394832631,0.006618405912767066,0.0603900684445898,0.077050974684222,0.8420907480294118,0,0.3760284883393884,0
2015-02-14,37,4,0,6,0,0.902916667,0.9022602692298424,0.06385306007735116,0.252691630406215,0.688109343946206,1.1164111945134787,0.5266531482737258,1.277867390185959,1.0406535602845377,1.040857348677271,0.11018588157454176,0.110204385035262,0.006618405912767066,0.0066404300107988975,0.077050974684222,0.07711151057026785,0.8420907480294118,0,0.2734028246451642,0
2015-02-15,38,4,0,6,0,0.287041667,0.9024026761518227,0.06258187922155088,0.25016370484454953,0.6903941154459469,1.1144112368576984,0.5305531265908574,1.274252225712788,1.040857348677271,0.8646360099313148,0.110204385035262,0.09393168931937697,0.0066404300107988975,-0.012728457307486759,0.07711151057026785,0.02903765912323167,0.8420907480294118,1,0.2711920362569135,0
2015-02-16,39,4,0,6,0,0.722333333,0.7691738630090103,0.05965902681028386,0.24425197401512205,0.562175371790258,0.9761723542277625,0.40611165710932584,1.1322360689086945,0.8646360099313148,0.8526853725132306,0.09393168931937697,0.09249529766421119,-0.012728457307486759,-0.014438149948434575,0.02903765912323167,0.027496413365197588,0.8420907480294118,1,0.46871502988387287,0
2015-02-17,40,4,0,6,0,0.656666667,0.741907814100389,0.060255101620334955,0.2454691459640803,0.5338777948540576,0.9499378333467203,0.3770363735587744,1.1067792546420034,0.8526853725132306,0.835467950043343,0.09249529766421119,0.0890993928327384,-0.014438149948434575,-0.018480190626440383,0.027496413365197588,0.03154298817476822,0.8420907480294118,1,0.5131492307890779,1
2015-02-18,41,4,0,6,1,0.734645833,0.7274002188554846,0.05966400864854226,0.24426217195575384,0.5203930850931753,0.9344073526177938,0.3643228544833402,1.090477583227629,0.835467950043343,0.8369302418378566,0.0890993928327384,0.08936720417138591,-0.018480190626440383,-0.01816142305827655,0.03154298817476822,0.03128027359197924,0.8420907480294118,1,0.5368585981076558,1
2015-02-19,42,4,0,6,1,0.684027778,0.7285738188086668,0.05925100994120271,0.24341530342442053,0.5222843885939071,0.9348632490234264,0.36675526087332877,1.090392376744005,0.8369302418378566,0.8278690370476434,0.08936720417138591,0.08782654332976284,-0.01816142305827655,-0.01999522409272732,0.03128027359197924,0.032456598194315,0.8420907480294118,1,0.5350708608042642,1
2015-03-01,49,4,0,6,1,0.673083333,0.7216187328654713,0.058966751785136697,0.24283070601786896,0.515824736849819,0.9274127288811236,0.36066913504741244,1.08256833068353,0.8278690370476434,0.8178620979072591,0.08782654332976284,0.08624687489937662,-0.01999522409272732,-0.021875454655788624,0.032456598194315,0.033311406448127724,0.8420907480294118,1,0.5465211442356694,1
2015-03-02,50,4,0,6,2,0.806879167,0.7142382197761318,0.058777630867923106,0.24244098429911373,0.5087745048486991,0.9197019347035644,0.35386791400870554,1.074608525543558,0.8178620979072591,0.8372865504073755,0.08624687489937662,0.0890941884713049,-0.021875454655788624,-0.018486385217178714,0.033311406448127724,0.03241438140704317,0.8420907480294118,0,0.5586341342927739,1
2015-03-03,51,4,0,6,2,0.555430556,0.7280728712579702,0.0586595135520777,0.24219726165272326,0.522815706227553,0.9333300362883873,0.36806484089070407,1.0880809016252362,0.8372865504073755,0.8004170121175779,0.0890941884713049,0.08407440244086976,-0.018486385217178714,-0.02446128155168653,0.03241438140704317,0.03284579719501799,0.8420907480294118,1,0.5360686302683313,1
2015-03-04,52,4,0,6,2,0.806058333,0.7025868353515998,0.05859429075144654,0.24206257610677148,0.4974438135329762,0.9077298571702235,0.34277900492790936,1.0623946657752903,0.8004170121175779,0.822928947991964,0.08407440244086976,0.086922000520061,-0.02446128155168653,-0.021071873472865228,0.03284579719501799,0.033261357937660975,0.8420907480294118,0,0.5776446352854332,1
2015-03-05,53,4,0,6,2,0.812625,0.7177634698645112,0.05856791165619935,0.24200808179934685,0.5126666308432319,0.9228603088857905,0.3580366411340203,1.0774902985950021,0.822928947991964,0.843939052307362,0.086922000520061,0.0893917403545367,-0.021071873472865228,-0.018132218396985894,0.033261357937660975,0.03420165868605184,0.8420907480294118,0,0.5529841161260494,1
2015-03-07,54,4,0,6,2,0.664875,0.7316407823175108,0.05856922703782535,0.24201079942396236,0.5265416401656331,0.9367399244693886,0.3719099140422355,1.0913716505927862,0.843939052307362,0.8289072568779572,0.0893917403545367,0.08774933901696101,-0.018132218396985894,-0.020087118002700983,0.03420165868605184,0.03318519776499846,0.8420907480294118,1,0.5302352174246913,1
2015-03-08,55,4,0,6,2,0.890604167,0.7218723223945676,0.05858928880812225,0.24205224396423647,0.5167380568528356,0.9270065879362995,0.3620798499243821,1.081664794864753,0.8289072568779572,0.8674498678802646,0.08774933901696101,0.09166418208418523,-0.020087118002700983,-0.015427401164032524,0.03318519776499846,0.036556287042518745,0.8420907480294118,0,0.5462549573393582,1
2015-03-09,56,4,0,6,2,0.7953875,1.0612175123359153,0.16330571403413596,0.4041110169670408,0.7187417917840148,1.4036932328878158,0.46053685114570075,1.6618981735261298,0.8674498678802646,0.8323521438347756,0.09166418208418523,0.04409833658762955,-0.015427401164032524,0.01086578331759798,0.036556287042518745,0.03815322622455938,0.8420907480294118,0,0.22061176167709623,0
2015-03-10,57,4,0,6,2,0.881575,0.7254239625205903,0.058919420831672065,0.24273322976401907,0.5197125756120207,0.9311353494291599,0.3646192558293617,1.0862286692118188,0.8323521438347756,0.8694715658088209,0.04409833658762955,0.0410961422732192,0.01086578331759798,0.019025428359293557,0.03815322622455938,0.04331932779142984,0.8420907480294118,0,0.5403228488977351,1
2015-03-11,58,4,0,6,2,0.813309028,0.7490626337247778,0.05890902161187838,0.24271180773064663,0.54336940154599,0.9547558659035655,0.3882897692764724,1.1098354981730831,0.8694715658088209,0.8847861373642985,0.0410961422732192,0.03996673227685013,0.019025428359293557,0.022140497466240985,0.04331932779142984,0.04561910227287984,0.8420907480294118,0,0.5015407330747034,0
2015-01-05,3,5,0,7,0,0.759270833,0.5718220020764861,0.14690977368357738,0.3832881079339371,0.24699326583256476,0.8966507383204075,0.002093030498160009,1.1415509736548124,0.7994042937083333,0.8702901420700979,0.13242990040885458,0.1197908228927304,0.033094774784278046,0.01805087102726783,0.04380698488118558,0.026760589356320634,0.7994042937083333,0,0.6789866527956847,1
2015-01-07,5,5,0,7,0,0.330113636,0.695473569474412,0.08519598564371814,0.29188351382652317,0.44810833438330305,0.9428388045655209,0.2616106587531761,1.1293364801956478,0.8702901420700979,0.7765474491059682,0.1197908228927304,0.13349062278693682,0.01805087102726783,0.03435731988287551,0.026760589356320634,0.045237587168084896,0.7994042937083333,1,0.5740947554794236,1
2015-01-08,6,5,0,7,0,0.821354167,0.5445368454469297,0.07217372757796045,0.2686516844874799,0.3168601047511036,0.7722135861427558,0.1452063033623373,0.9438673875315221,0.7765474491059682,0.8353785975141096,0.13349062278693682,0.12721137694627677,0.03435731988287551,0.026883327419977447,0.045237587168084896,0.036768732691862156,0.7994042937083333,0,0.7778028430506772,1
2015-01-10,7,5,0,7,0,0.337973485,0.6295826381884541,0.06662581012153934,0.2581197592621288,0.4108314860782146,0.8483337902986935,0.2459070115660792,1.0132582648108288,0.8353785975141096,0.7783389993854685,0.12721137694627677,0.13097887349553353,0.026883327419977447,0.031367662247387164,0.036768732691862156,0.04184997665411047,0.7994042937083333,1,0.679577406024664,1
2015-01-11,8,5,0,7,0,0.609138258,0.5568144661876946,0.06364246487835411,0.25227458230736227,0.34301698053367136,0.7706119518417178,0.18182725589287885,0.9318016764825103,0.7783389993854685,0.7883690162890568,0.13097887349553353,0.13069474892637462,0.031367662247387164,0.03102947754458938,0.04184997665411047,0.04146677623635563,0.7994042937083333,1,0.778094863359128,1
2015-01-12,9,5,0,7,0,0.809564394,0.5680306485506199,0.06185836220343832,0.24871341379877027,0.3572511794806045,0.7788101176206353,0.19833684765207732,0.9377244494491626,0.7883690162890568,0.8355097971767885,0.13069474892637462,0.13089555244683787,0.03102947754458938,0.03126848777552308,0.04146677623635563,0.04173760108320342,0.7994042937083333,0,0.7678066580788039,1
2015-01-13,10,5,0,7,0,0.821354167,0.6143331133406209,0.0607420162738872,0.24645895454190175,0.40546425181663515,0.8232019748646067,0.24799039672383305,0.9806758299574088,0.8355097971767885,0.8775839043996624,0.13089555244683787,0.13220415095802857,0.03126848777552308,0.032826072182597456,0.04173760108320342,0.043502515316583806,0.7994042937083333,0,0.7089995645121053,1
2015-01-14,11,5,0,7,0,0.864583333,0.6820838913483576,0.06586892058932818,0.2566494118234604,0.46457882825172375,0.8995889544449913,0.3005938257093664,1.0635739569873488,0.8775839043996624,0.9327597289085264,0.13220415095802857,0.13175040461489296,0.032826072182597456,0.032285991919024495,0.043502515316583806,0.06353474463676372,0.7994042937083333,0,0.6043512076740075,1
2015-01-15,12,5,0,7,0,0.860653409,0.6805718297673431,0.059442390424753654,0.2438081016388784,0.4739495111979486,0.8871941483367376,0.31816940680168315,1.042974252733003,0.9327597289085264,0.9697323847692723,0.13175040461489296,0.13503960491806585,0.032285991919024495,0.036201025491319254,0.06353474463676372,0.06393496865421641,0.7994042937083333,0,0.6120881511742043,1
2015-01-17,13,5,0,7,0,0.98719697,0.7549433929056044,0.06406395302117948,0.25310857950922855,0.5404391118892793,0.9694476739219295,0.3787165084380633,1.1311702773731456,0.9697323847692723,1.0388935747857624,0.13503960491806585,0.13675128048501867,0.036201025491319254,0.038238380073535666,0.06393496865421641,0.08691420620762216,0.7994042937083333,0,0.4922088651758504,0
2015-01-18,14,5,0,7,0,0.852793561,0.7437153743944198,0.05891793395860109,0.2427301669727129,0.5380065831380731,0.9494241656507665,0.38291522031232494,1.1045155284765147,1.0388935747857624,1.0625025292280335,0.13675128048501867,0.13980538827319888,0.038238380073535666,0.04187359028332383,0.08691420620762216,0.08678170845927193,0.7994042937083333,0,0.5103280231151109,1
2015-01-19,15,5,0,7,0,0.958901515,0.760225662503912,0.05882933060452824,0.24254758420674538,0.5546716063617039,0.9657797186461201,0.3996969039838744,1.1207544210239495,1.0625025292280335,1.108296334842773,0.13980538827319888,0.1459412631221807,0.04187359028332383,0.04917693268116749,0.08678170845927193,0.08780502738260472,0.7994042937083333,0,0.4831858108423062,0
2015-01-20,16,5,0,7,0,1.033570076,0.7900436931834828,0.05884101302672949,0.242571665754122,0.5844692284284343,0.9956181579385313,0.42947913925279485,1.1506082471141708,1.108296334842773,1.1677635082988482,0.1459412631221807,0.15406734670165612,0.04917693268116749,0.058849159086543396,0.08780502738260472,0.09045349722420455,0.7994042937083333,0,0.43444056803371683,0
2015-01-21,17,5,0,7,0,0.758173077,0.8266341564009514,0.05892289358011766,0.24274038308472215,0.6209167072011814,1.0323516056007214,0.46581881683600934,1.1874494959658934,1.1677635082988482,1.150167206135596,0.15406734670165612,0.15164270511282035,0.058849159086543396,0.055963183060116176,0.09045349722420455,0.08936000357024315,0.7994042937083333,0,0.3761135224483884,0
2015-01-22,18,5,0,7,0,0.742901235,0.8802322275087264,0.06470078039158048,0.2543634808528545,0.6646644435839545,1.0958000114334983,0.5021400264891271,1.2583244285283257,1.150167206135596,1.1039432250363226,0.15164270511282035,0.14899195440903606,0.055963183060116176,0.05280807633490742,0.08936000357024315,0.07516773405380771,0.7994042937083333,1,0.30432808384222354,0
2015-01-24,19,5,0,7,0,0.966666667,0.8490290063171118,0.06326272408541467,0.2515208223694704,0.6358703166053277,1.0621876960288958,0.4751622035312765,1.2228958091029472,1.1039432250363226,1.1409826694924805,0.14899195440903606,0.15155208254717972,0.05280807633490742,0.05585531781805465,0.07516773405380771,0.08540290532676609,0.7994042937083333,0,0.3468935520103079,0
2015-01-25,20,5,0,7,0,0.973796791,0.885863411176123,0.06371010790960473,0.2524086129861751,0.6719523372966487,1.0997744850555973,0.510676974348526,1.26104984800372,1.1409826694924805,1.1677083972375437,0.15155208254717972,0.15331466051889742,0.05585531781805465,0.05795325996113588,0.08540290532676609,0.0930564082074063,0.7994042937083333,0,0.29519611321329864,0
2015-01-26,21,5,0,7,0,0.959191919,0.8915231795568295,0.06131028064259525,0.247609128754566,0.6816795691997166,1.1013667899139423,0.5234708153987981,1.2595755437148608,1.1677083972375437,1.187037846633822,0.15331466051889742,0.15514562920032463,0.05795325996113588,0.06013260545453527,0.0930564082074063,0.09710682476070631,0.7994042937083333,0,0.28381045287517614,0
2015-01-27,22,5,0,7,0,0.926388889,0.8793315417983492,0.059630951200879995,0.2441944946162382,0.6723817631801525,1.0862813204165458,0.516354774706014,1.2423083088906843,1.187037846633822,1.1999368561821258,0.15514562920032463,0.15690258614656583,0.06013260545453527,0.06222385706453162,0.09710682476070631,0.09839060727360403,0.7994042937083333,0,0.2981859324357315,0
2015-01-31,25,5,0,7,0,0.971866667,0.6861821380189749,0.07814482003277122,0.2795439500915218,0.44927442772676396,0.9230898483111858,0.27066106157577835,1.1017032144621715,1.1999368561821258,1.243700902912315,0.15690258614656583,0.17917710511954962,0.06222385706453162,0.08873652930946178,0.09839060727360403,0.05981112240025994,0.7994042937083333,0,0.5902906765583785,1
2015-02-11,35,5,0,7,0,0.87,0.7890749420582707,0.06898622705777356,0.26265229307541477,0.5664825613785128,1.0116673227380286,0.3986620445040972,1.1794878396124442,1.243700902912315,1.2554833954438611,0.17917710511954962,0.18421366714628942,0.08873652930946178,0.09473139359444015,0.05981112240025994,0.05207828789097744,0.7994042937083333,0,0.4408673208713992,0
2015-02-12,36,5,0,7,0,0.58,0.8113469460549295,0.06468509964230207,0.2543326554776285,0.5958052859974825,1.0268886061123765,0.43330056463933686,1.1893933274705222,1.2554833954438611,1.2205043091037244,0.18421366714628942,0.17172461208600404,0.09473139359444015,0.07986605693492181,0.05207828789097744,0.06834108468706732,0.7994042937083333,1,0.40469714602979967,0
2015-02-15,38,5,0,7,0,0.760833333,0.7588255311766079,0.06229970482555697,0.24959908819055604,0.5472954713957088,0.970355590957507,0.38781524184562916,1.1298358205075867,1.2205043091037244,1.2208339262788193,0.17172461208600404,0.1718235718858657,0.07986605693492181,0.0799838457294784,0.06834108468706732,0.06823705893720758,0.7994042937083333,0,0.4858968074141789,0
2015-02-16,39,5,0,7,0,0.629416667,0.8842811918633715,0.0641465479450468,0.25327168800528577,0.66963867977348,1.0989237039532629,0.5078118588726679,1.2607505248540751,1.2208339262788193,1.1248642062691894,0.1718235718858657,0.16236243615175214,0.0799838457294784,0.06872254796194471,0.06823705893720758,0.052214880298687184,0.7994042937083333,1,0.2979913669986636,0
2015-02-19,42,5,0,7,1,0.631354167,0.8148068554241081,0.061588483392501336,0.2481702709683441,0.6044876886581696,1.0251260221900467,0.4459203955303957,1.1836933153178206,1.1248642062691894,1.0636386307686332,0.16236243615175214,0.15553614713629688,0.06872254796194471,0.060597426897133294,0.052214880298687184,0.04435578260545909,0.7994042937083333,1,0.3969927843684603,0
2015-02-25,46,5,0,7,1,0.902962963,0.7862375563316948,0.06198408534984411,0.24896603252219793,0.5752439981235506,0.9972311145398389,0.41616825668294133,1.1563068559804481,1.0636386307686332,1.1020299051880544,0.15553614713629688,0.15950556344234867,0.060597426897133294,0.06532210057712051,0.04435578260545909,0.04968418751246363,0.7994042937083333,0,0.44213744835739344,0
2015-02-26,47,5,0,7,1,0.921604938,0.8480215550678046,0.06734817378653798,0.2595152669623465,0.6280877390728863,1.067955371062723,0.4622716111096785,1.2337714990259308,1.1020299051880544,1.127114017672018,0.15950556344234867,0.1611713899146192,0.06532210057712051,0.06730488239745093,0.04968418751246363,0.05501068339321188,0.7994042937083333,0,0.35282295674710223,0
2015-02-28,48,5,0,7,1,0.921604938,0.8669758524620459,0.06478938801087807,0.2545375964585155,0.6512605091661992,1.0826911957578926,0.4886248416779493,1.2453268632461425,1.127114017672018,1.1437200594604382,0.1611713899146192,0.1623628079111486,0.06730488239745093,0.06872299045567688,0.05501068339321188,0.05820877537118633,0.7994042937083333,0,0.32291525578070995,0
2015-03-03,51,5,0,7,2,0.354444444,0.8256941275397609,0.05956541884582721,0.24406027707479808,0.6188580955092233,1.0325301595702985,0.4629168647374614,1.1884713903420603,1.1437200594604382,1.0200414823737745,0.1623628079111486,0.14574767442243552,0.06872299045567688,0.04894651002858898,0.05820877537118633,0.05187060348098063,0.7994042937083333,1,0.378225264175607,0
2015-03-04,52,5,0,7,2,0.592083333,0.7500176580149079,0.05949992344186683,0.2439260614240857,0.5432953709696767,0.9567399450601392,0.3874398966922193,1.1125954193375966,1.0200414823737745,0.9792713179621974,0.14574767442243552,0.14036652045437087,0.04894651002858898,0.042541488594552944,0.05187060348098063,0.049812246039360596,0.7994042937083333,1,0.4999711202292717,0
2015-03-07,54,5,0,7,2,0.80575,0.7374587453289567,0.059967081911010064,0.24488177129180128,0.5299265139569388,0.9449909767009746,0.3734603931014371,1.1014570975564764,0.9792713179621974,0.9970087891464595,0.14036652045437087,0.14234436025000777,0.042541488594552944,0.0448956502407955,0.049812246039360596,0.051370724754978773,0.7994042937083333,0,0.5204223061204608,1
2015-03-08,55,5,0,7,2,0.857916667,0.7357560497508433,0.059294617720878046,0.24350486180131609,0.5293907206657955,0.9421213788358911,0.373804370017806,1.0977077294838806,0.9970087891464595,1.027256253636424,0.14234436025000777,0.14629676018009846,0.0448956502407955,0.04960006985382843,0.051370724754978773,0.05263748160168435,0.7994042937083333,0,0.5233230455620442,1
2015-03-09,56,5,0,7,2,0.864342593,1.3615957306988555,0.20731724395612183,0.4553210339487095,0.9757205809581624,1.7474708804395487,0.6847952272658354,2.0383962341318758,1.027256253636424,0.9475444944999374,0.14629676018009846,0.0611175195125962,0.04960006985382843,0.08230577173882433,0.05263748160168435,0.057379666467627335,0.7994042937083333,0,0.08960058291159595,0
2015-03-10,57,5,0,7,2,0.909391667,0.740967904856701,0.06047518445204235,0.24591702757646194,0.5325583152163884,0.9493774944970137,0.37543072195280314,1.106505087760599,0.9475444944999374,0.9879897551558926,0.0611175195125962,0.057279869913101744,0.08230577173882433,0.09106271681673395,0.057379666467627335,0.06289045312901753,0.7994042937083333,0,0.5146491469778528,1
2015-03-11,58,5,0,7,2,0.75885,0.7701413582416519,0.06000196794008528,0.24495299128625736,0.562548769398803,0.9777339470845007,0.40603714284395453,1.1342455736393493,0.9879897551558926,0.9853871107253316,0.057279869913101744,0.05750398683488378,0.09106271681673395,0.09050035313147271,0.06289045312901753,0.06256587276304867,0.7994042937083333,0,0.46723373688042585,0
2015-01-07,5,6,0,8,0,0.666515152,0.4616457159651264,0.14076921439460627,0.3751922365862682,0.14367806307918363,0.7796133688510691,-0.09604935119127378,1.0193407831215264,0.6780966266521739,0.7589497832476606,0.13242990040885458,0.11801363344935666,0.033094774784278046,0.01593553730057924,0.04380698488118558,0.028080337486106752,0.6780966266521739,1,0.778919981226589,1
2015-01-11,8,6,0,8,0,0.597348485,0.5866120805873658,0.08697946076023855,0.2949228047476806,0.33667110936314587,0.8365530518115858,0.14823149228888344,1.0249926688858482,0.7589497832476606,0.7616080894114375,0.11801363344935666,0.11762607710123324,0.01593553730057924,0.015474240944563625,0.028080337486106752,0.027340741795497888,0.6780966266521739,1,0.7102113725868263,1
2015-01-12,9,6,0,8,0,0.817424242,0.5911766805769827,0.07273003286893166,0.2696850623763423,0.36262417351441234,0.819729187639553,0.19031009991022052,0.9920432612437449,0.7616080894114375,0.807722717210571,0.11762607710123324,0.1127729181335004,0.015474240944563625,0.009697675658457788,0.027340741795497888,0.017535929427016338,0.6780966266521739,0,0.7220430178598731,1
2015-01-17,13,6,0,8,0,0.465757576,0.652499577746674,0.07131316579148819,0.2670452504567123,0.426184256633851,0.878814898859497,0.2555568791388622,1.0494422763544857,0.807722717210571,0.7852103627449628,0.1127729181335004,0.11336685715381543,0.009697675658457788,0.010404622937462405,0.017535929427016338,0.03463638071240292,0.6780966266521739,1,0.642484696073715,1
2015-01-18,14,6,0,8,0,0.804848485,0.6240273107787652,0.0642764408936739,0.25352798838328267,0.409167589424719,0.8388870321328113,0.24717700653497876,1.0008776150225516,0.7852103627449628,0.8276428818576189,0.11336685715381543,0.11135934780672997,0.010404622937462405,0.008015146540128517,0.03463638071240292,0.041195297437582594,0.6780966266521739,0,0.6903627480320712,1
2015-01-22,18,6,0,8,0,0.626822917,0.6537217538818705,0.061860739465996926,0.24871819287297206,0.4429382346454104,0.8645052731183306,0.28402084924863397,1.023422658515107,0.8276428818576189,0.8223539454564458,0.11135934780672997,0.11134173352933448,0.008015146540128517,0.007994180809556084,0.041195297437582594,0.04112790304392168,0.6780966266521739,1,0.6506580683558165,1
2015-01-27,22,6,0,8,0,0.6225,0.6485643616659307,0.060750264666990995,0.2464756877807444,0.43968131906845476,0.8574474042634066,0.28219677234696483,1.0149319509848964,0.8223539454564458,0.8170317031130319,0.11134173352933448,0.11117905805164609,0.007994180809556084,0.007800553210797568,0.04112790304392168,0.040885333234607996,0.6780966266521739,1,0.6596632288869768,1
2015-01-28,23,6,0,8,0,0.977555556,0.6732184519753076,0.06562118018076604,0.25616631351675817,0.45612280469199906,0.8903140992586162,0.29244647566847004,1.053990428282145,0.8170317031130319,0.9079194032954538,0.11117905805164609,0.11073216588586124,0.007800553210797568,0.007268631262913919,0.040885333234607996,0.07267821592910421,0.6780966266521739,0,0.6178096625713287,1
2015-01-29,24,6,0,8,0,0.899,0.7121094818758604,0.06002946501426733,0.24500911210456505,0.5044693318013675,0.9197496319503533,0.34792184709875446,1.0762971166529665,0.9079194032954538,0.9522062699333755,0.11073216588586124,0.11324100485532038,0.007268631262913919,0.010254824832043452,0.07267821592910421,0.07926862956110399,0.6780966266521739,0,0.5614511481196947,1
2015-01-31,25,6,0,8,0,0.971866667,0.7433343464082839,0.059721917997491686,0.24438068253749454,0.5362267773814791,0.9504419154350887,0.3800808249614517,1.106587867855116,0.9522062699333755,1.007994899836549,0.11324100485532038,0.11733701911570246,0.010254824832043452,0.015130184148569377,0.07926862956110399,0.08748112208592812,0.6780966266521739,0,0.510880079912036,1
2015-02-01,26,6,0,8,0,0.314166667,0.7805363076825762,0.05954507507353585,0.24401859575355286,0.5737355997088638,0.9873370156562886,0.4178210010323083,1.1432516143328442,1.007994899836549,0.8905732957122312,0.11733701911570246,0.1071126109701643,0.015130184148569377,0.002960386794479356,0.08748112208592812,0.07045332151280012,0.6780966266521739,1,0.4502066493733867,0
2015-02-02,27,6,0,8,0,0.280333333,0.705777257889866,0.059461085757236604,0.24384643888569832,0.4991224492974893,0.9124320664822427,0.3433178494875287,1.0682366662922034,0.8905732957122312,0.7802123516715549,0.1071126109701643,0.09629126328347047,0.002960386794479356,-0.009919929265935821,0.07045332151280012,0.05474392405282047,0.6780966266521739,1,0.5719554846683731,1
2015-02-03,28,6,0,8,0,0.495416667,0.6241727484608925,0.05880056233449882,0.2424882725710644,0.41866895770199275,0.8296765392197923,0.2637321522305261,0.984613344691259,0.7802123516715549,0.7495165289809943,0.09629126328347047,0.0918811060317809,-0.009919929265935821,-0.015169203286374257,0.05474392405282047,0.05405161188003551,0.6780966266521739,1,0.6980848860724189,1
2015-02-04,29,6,0,8,0,0.531666667,0.6049020837622051,0.05886127541239756,0.24261342793093205,0.3992922264269143,0.8105119410974959,0.24427545349376406,0.9655287140306461,0.7495165289809943,0.7311126015874013,0.0918811060317809,0.0892264615244831,-0.015169203286374257,-0.018328944685690424,0.05405161188003551,0.05325765388518872,0.6780966266521739,1,0.7251007786860131,1
2015-02-05,30,6,0,8,0,0.9425,0.5938768520912154,0.05897408062813246,0.2428457959861205,0.38807006763987817,0.7996836365425527,0.23290482416923436,0.9548488800131965,0.7311126015874013,0.8228282767562622,0.0892264615244831,0.10240657844350837,-0.018328944685690424,-0.0026410584310960356,0.05325765388518872,0.058727492878321796,0.6780966266521739,0,0.7398522795701199,1
2015-02-07,31,6,0,8,0,0.845833333,0.646926805644444,0.05911795890701188,0.243141849353442,0.44086912209350737,0.8529844891953807,0.2855147166378508,1.0083388946510374,0.8228282767562622,0.8772132334067746,0.10240657844350837,0.11014745651827315,-0.0026410584310960356,0.006572669754600097,0.058727492878321796,0.06269077413146174,0.6780966266521739,0,0.6641886733855583,1
2015-02-08,32,6,0,8,0,0.610208333,0.6776048191668168,0.059275667108258795,0.2434659465064032,0.47127246998854266,0.883937168345091,0.31571098409551157,1.039498654238122,0.8772132334067746,0.8582008049509637,0.11014745651827315,0.1074792039215777,0.006572669754600097,0.0033967310666009583,0.06269077413146174,0.061103259014342284,0.6780966266521739,1,0.6169012556663268,1
2015-02-09,33,6,0,8,0,0.888125,0.667058377423563,0.05943344146951459,0.2437897484914298,0.46045161276666524,0.8736651420804608,0.30468323503250133,1.0294335198146247,0.8582008049509637,0.9220895245699887,0.1074792039215777,0.11628911760772428,0.0033967310666009583,0.013882899335833844,0.061103259014342284,0.06698262458556187,0.6780966266521739,0,0.6331537592903047,1
2015-02-10,34,6,0,8,0,0.628333333,0.7021466878658881,0.05958080843425286,0.24409180329182065,0.4952839380191125,0.9090094377126636,0.33932256371091357,1.0649708120208625,0.9220895245699887,0.900379902794992,0.11628911760772428,0.11335572556598755,0.013882899335833844,0.010391373352140097,0.06698262458556187,0.06483644965566705,0.6780966266521739,1,0.5777130641793176,1
2015-02-14,37,6,0,8,0,0.483333333,0.6902772347408943,0.05971035250291824,0.24435701852600478,0.48318972047391,0.8973647490078787,0.3270588880689909,1.0534955814127978,0.900379902794992,0.8388137245282883,0.11335572556598755,0.10522184635871168,0.010391373352140097,0.0007098680516703267,0.06483644965566705,0.05841397000354985,0.6780966266521739,1,0.5965425055517292,1
2015-02-15,38,6,0,8,0,0.604166667,0.6566231337349565,0.059817386628515656,0.2445759322347881,0.4493500946319582,0.8638961728379548,0.2930793882844638,1.0201668791854492,0.8388137245282883,0.823114143168276,0.10522184635871168,0.10319721106697094,0.0007098680516703267,-0.0016999928288517706,0.05841397000354985,0.056708062502907025,0.6780966266521739,1,0.6486917669092456,1
2015-02-16,39,6,0,8,0,0.773333333,0.6480138406158646,0.05989953293246975,0.244743810815452,0.4405985278913511,0.8554291533403782,0.2842205562698731,1.011807124961856,0.823114143168276,0.8606648122484348,0.10319721106697094,0.10791785235320833,-0.0016999928288517706,0.0039188407522323734,0.056708062502907025,0.060916902050790096,0.6780966266521739,0,0.6615531851530115,1
2015-02-17,40,6,0,8,0,0.749166667,0.6687252615769561,0.05995625361276303,0.2448596610566204,0.4612117681715049,0.8762387549824073,0.3047597745526353,1.0326907486012769,0.8606648122484348,0.8846962782618846,0.10791785235320833,0.11085978918833915,0.0039188407522323734,0.007420537339696872,0.060916902050790096,0.0636746416057692,0.6780966266521739,1,0.6300265842098857,1
2015-02-18,41,6,0,8,1,0.936861111,0.7114828459273842,0.06349164395190332,0.25197548283891297,0.4979388408806027,0.9250268509741657,0.3369402245176184,1.08602546733715,0.8846962782618846,0.9598502159975283,0.11085978918833915,0.1151838100622713,0.007420537339696872,0.012567285889007643,0.0636746416057692,0.08322606262423948,0.6780966266521739,0,0.5607459441921226,1
2015-02-19,42,6,0,8,1,0.785864198,0.7978013507988282,0.0682680453250336,0.26128154417224647,0.5763706514358323,1.0192320501618242,0.40942596848900664,1.1861767331086497,0.9598502159975283,0.9559786566989013,0.1151838100622713,0.11513381907718942,0.012567285889007643,0.012507783162852941,0.08322606262423948,0.08185078313309176,0.6780966266521739,0,0.4274187870145648,0
2015-02-22,43,6,0,8,1,0.8319375,0.7190234374216531,0.05941389279352216,0.24374965188389944,0.5124506538095155,0.9255962210337907,0.35670789562476374,1.0813389792185424,0.9559786566989013,0.9857699833368765,0.11513381907718942,0.11979392891693248,0.012507783162852941,0.018054568031982323,0.08185078313309176,0.08245282907918317,0.6780966266521739,0,0.5505628506645273,1
2015-02-23,44,6,0,8,1,0.3715625,0.736914217338863,0.0594066510385159,0.24373479652793914,0.5303540233333507,0.9434744113443753,0.374620756912354,1.0992076777653719,0.9857699833368765,0.8899624304293436,0.11979392891693248,0.10536673233967538,0.018054568031982323,0.000882321361698437,0.08245282907918317,0.07975114161836876,0.6780966266521739,1,0.5214083715621228,1
2015-02-24,45,6,0,8,1,0.726933333,0.7361503672784099,0.06333182527179083,0.2516581516100578,0.5228752938783612,0.9494254406784586,0.3620794348955745,1.1102212996612453,0.8899624304293436,0.8873405923072515,0.10536673233967538,0.10526644372434317,0.000882321361698437,0.0007629509191121919,0.07975114161836876,0.07902952929501275,0.6780966266521739,1,0.5219441185284794,1
2015-02-25,46,6,0,8,1,0.410833333,0.6776394716528567,0.05930345867625688,0.2435230146747056,0.471258758383431,0.8840201849222823,0.315660809037561,1.0396181342681523,0.8873405923072515,0.8203673947218691,0.10526644372434317,0.09445032785639865,0.0007629509191121919,-0.012111137868969418,0.07902952929501275,0.07951603803688546,0.6780966266521739,1,0.6168203428316049,1
2015-02-26,47,6,0,8,1,0.271875,0.6357832301968704,0.05925287555474612,0.2434191355558271,0.4294905523300805,0.8420759080636604,0.2739589760861489,0.9976074843075919,0.8203673947218691,0.7299456322354179,0.09445032785639865,0.08044367588370782,-0.012111137868969418,-0.028782823280051106,0.07951603803688546,0.07934245473362214,0.6780966266521739,1,0.6805432803367497,1
2015-02-28,48,6,0,8,1,0.271875,0.5789556494957708,0.059201753950206465,0.2433141055307038,0.37275198240083174,0.7851593165907099,0.21728751462527535,0.9406237843662664,0.7299456322354179,0.6544658492432378,0.08044367588370782,0.06922869959492098,-0.028782823280051106,-0.04213166331291124,0.07934245473362214,0.07856282798549817,0.6780966266521739,1,0.7589651256402435,1
2015-03-03,51,6,0,8,2,0.309333333,0.5312259727381142,0.05914951883960687,0.2432067409419543,0.3251132949093667,0.7373386505668618,0.16971742726125244,0.892734518214976,0.6544658492432378,0.6005437914016788,0.06922869959492098,0.061543352007637595,-0.04213166331291124,-0.05127929527376945,0.07856282798549817,0.07759057886293305,0.6780966266521739,1,0.815817270069735,1
2015-03-07,54,6,0,8,2,0.7975,0.4969026016020073,0.0590958664075565,0.24309641381056302,0.2908834237330065,0.7029217794710081,0.1355580491158061,0.8582471540882084,0.6005437914016788,0.6727264760045404,0.061543352007637595,0.07141273061981337,-0.05127929527376945,-0.039532078612296045,0.07759057886293305,0.07940132036835408,0.6780966266521739,0,0.8510947094834439,1
2015-03-08,55,6,0,8,2,0.271875,0.5431696917472084,0.059040691435141485,0.24298290358611957,0.33724671144341645,0.7490926720510004,0.1819938636803074,0.9043455198141095,0.6727264760045404,0.6083800494570469,0.07141273061981337,0.0629720322606415,-0.039532078612296045,-0.04957878127673822,0.07940132036835408,0.07737128025676976,0.6780966266521739,1,0.802674595195684,1
2015-03-11,58,6,0,8,2,0.394722222,0.47628103667209953,0.05928601217901851,0.24348719099578628,0.26993068322889885,0.6826313901153003,0.11435562326367044,0.8382064500805286,0.6083800494570469,0.5906810024159163,0.0629720322606415,0.059527261484138665,-0.04957878127673822,-0.053678985580458784,0.07737128025676976,0.07935143925040139,0.6780966266521739,1,0.8695277731302957,1
2015-01-01,0,7,0,9,0,0.540729167,0.4971434216014862,0.14690977368357738,0.3832881079339371,0.17231468535756483,0.8219721578454076,-0.07258554997683991,1.0668723931798123,0.7247257132333333,0.741208144859243,0.13242990040885458,0.1294910524471159,0.033094774784278046,0.029596754787448394,0.04380698488118558,0.0398433439683634,0.7247257132333333,1,0.7452780002606388,1
2015-01-03,1,7,0,9,0,0.6253125,0.5258949785366812,0.08519598564371814,0.29188351382652317,0.2785297434455723,0.7732602136277902,0.09203206781544532,0.959757889257917,0.741208144859243,0.766716322784405,0.1294910524471159,0.125763221272325,0.029596754787448394,0.02515963243066314,0.0398433439683634,0.03481559692160788,0.7247257132333333,1,0.7786937961784826,1
2015-01-04,2,7,0,9,0,0.667604167,0.5669661350203906,0.07217372757796045,0.2686516844874799,0.3392893943245645,0.7946428757162167,0.16763559293579822,0.966296677104983,0.766716322784405,0.7881046194476273,0.125763221272325,0.12348037661443019,0.02515963243066314,0.022442432913391267,0.03481559692160788,0.03173671138501271,0.7247257132333333,1,0.7521608918909453,1
2015-01-05,3,7,0,9,0,0.676666667,0.5978848693020236,0.06662581012153934,0.2581197592621288,0.3791337171917841,0.816636021412263,0.2142092426796487,0.9815604959243984,0.7881046194476273,0.8035145681114829,0.12348037661443019,0.12246254110506415,0.022442432913391267,0.021230934730566153,0.03173671138501271,0.03036395086117137,0.7247257132333333,1,0.722176676981782,1
2015-01-06,4,7,0,9,0,0.61625,0.6175440855602681,0.06364246487835411,0.25227458230736227,0.40374659990624484,0.8313415712142913,0.24255687526545233,0.9925312958550838,0.8035145681114829,0.8032665031376993,0.12246254110506415,0.12246956814743877,0.021230934730566153,0.021239298802156456,0.03036395086117137,0.03037342827307386,0.7247257132333333,1,0.7002246054784771,1
2015-01-07,5,7,0,9,0,0.804640152,0.6172666840353698,0.06185836220343832,0.24871341379877027,0.40648721496535434,0.8280461531053852,0.24757288313682718,0.9869604849339124,0.8032665031376993,0.8398366792058969,0.12246956814743877,0.12262534452534697,0.021239298802156456,0.021424714615444793,0.03037342827307386,0.030583524757399255,0.7247257132333333,0,0.7032184439792633,1
2015-01-08,6,7,0,9,0,0.681060606,0.653186523670494,0.0607420162738872,0.24645895454190175,0.44431766214650825,0.8620553851944798,0.28684380705370616,1.019529240287282,0.8398366792058969,0.8455016930194217,0.12262534452534697,0.12280153908137127,0.021424714615444793,0.02163443355576755,0.030583524757399255,0.030821159354345637,0.7247257132333333,1,0.652772989593357,1
2015-01-10,7,7,0,9,0,0.670075758,0.6581159590822708,0.06004159263277356,0.24503386017604498,0.4504548355295591,0.8657770826349825,0.2938915381565186,1.022340380008023,0.8455016930194217,0.8480633852060667,0.12280153908137127,0.12293603348242955,0.02163443355576755,0.021794518089056976,0.030821159354345637,0.031002552715798996,0.7247257132333333,1,0.6461642174515023,1
2015-01-11,8,7,0,9,0,0.590435606,0.6601161629981837,0.05961991467635159,0.2441718957545106,0.453185536447436,0.8670467895489313,0.297172987415693,1.0230593385806743,0.8480633852060667,0.8322557232534982,0.12293603348242955,0.12184270843730774,0.021794518089056976,0.020493167042435232,0.031002552715798996,0.0295279790269668,0.7247257132333333,1,0.6436070194795886,1
2015-01-12,9,7,0,9,0,0.648106061,0.6488729229405278,0.05939328680408843,0.24370737946169876,0.4423359643310375,0.8554098815500181,0.28662021592282405,1.0111256299582316,0.8322557232534982,0.8320714346572846,0.12184270843730774,0.12182761641285839,0.020493167042435232,0.020475203471674246,0.0295279790269668,0.02950762432800191,0.7247257132333333,1,0.6609117982347011,1
2015-01-13,10,7,0,9,0,0.670075758,0.6487516406452698,0.0593053728413209,0.24352694479527495,0.44236759668002706,0.8551356846105125,0.2867671362010632,1.0107361450894765,0.8320714346572846,0.8374834789600708,0.12182761641285839,0.12232252803906117,0.020475203471674246,0.021064281500772632,0.02950762432800191,0.030175114445009588,0.7247257132333333,1,0.6612065784259541,1
2015-01-14,11,7,0,9,0,0.837594697,0.6520975240448864,0.05931502683887009,0.24354676519894508,0.4456966826978759,0.858498365391897,0.29008355805996017,1.0141114900298127,0.8374834789600708,0.8869513605727795,0.12232252803906117,0.12719384111092025,0.021064281500772632,0.026862455056542257,0.030175114445009588,0.03674508201126741,0.7247257132333333,0,0.6561529651373846,1
2015-01-15,12,7,0,9,0,0.689299242,0.6812286099888463,0.05939038716949499,0.24370143038048625,0.4746966931025195,0.887760526875173,0.31898474583334174,1.0434724741443508,0.8869513605727795,0.8891985393408519,0.12719384111092025,0.1274264524495627,0.026862455056542257,0.02713932515144136,0.03674508201126741,0.03705880624288234,0.7247257132333333,1,0.6111031060325949,1
2015-01-17,13,7,0,9,0,0.661837121,0.6825046811326657,0.05950600941204899,0.2439385361357426,0.4757718220275698,0.8892375402377617,0.3199083770884684,1.045100985176863,0.8891985393408519,0.8832317764572188,0.1274264524495627,0.12678806463560488,0.02713932515144136,0.02637947184564611,0.03705880624288234,0.03619780897776582,0.7247257132333333,1,0.6089908698593802,1
2015-01-18,14,7,0,9,0,0.692045455,0.6792030646558359,0.05964150344901581,0.24421609989723406,0.47223497600929043,0.8861711533023814,0.31619418293675494,1.0422119463749169,0.8832317764572188,0.8870487073900427,0.12678806463560488,0.12720505645443744,0.02637947184564611,0.02687580433367579,0.03619780897776582,0.036760208208673664,0.7247257132333333,1,0.6140515741212526,1
2015-01-22,18,7,0,9,0,0.957638889,0.6906199256988866,0.061716291086437676,0.2484276375253721,0.48008264610413776,0.9011572052936355,0.32135090975707603,1.0598889416406974,0.8870487073900427,0.9770424947268697,0.12720505645443744,0.134119014128203,0.02687580433367579,0.03510527469585041,0.036760208208673664,0.057996937368211515,0.7247257132333333,0,0.5944563679737986,1
2015-01-24,19,7,0,9,0,0.870580808,0.7533521619827628,0.06360270308384795,0.2521957634137575,0.5396214737092787,0.9670828502562469,0.37848211005071614,1.1282222139148095,0.9770424947268697,1.017726832217721,0.134119014128203,0.13652956682323975,0.03510527469585041,0.03797448114695973,0.057996937368211515,0.06937424707415824,0.7247257132333333,0,0.4946974534773886,0
2015-01-25,20,7,0,9,0,0.749188312,0.7906015339066899,0.06472881981694388,0.25441859172816733,0.5749870446560531,1.0062160231573267,0.41242741471205496,1.1687756531013247,1.017726832217721,1.0037495634536648,0.13652956682323975,0.13584517581701222,0.03797448114695973,0.03715987166167763,0.06937424707415824,0.0651496465116626,0.7247257132333333,1,0.43660377659013117,0
2015-01-26,21,7,0,9,0,0.646306818,0.7396613465491602,0.059288538361138565,0.24349237844568886,0.533306596849563,0.9460160962487573,0.37772822238624393,1.1015944707120764,1.0037495634536648,0.9780188476595624,0.13584517581701222,0.13194367314631916,0.03715987166167763,0.032516033485137714,0.0651496465116626,0.06378659552304479,0.7247257132333333,1,0.5169339469070874,1
2015-01-27,22,7,0,9,0,0.803541667,0.7250358026652305,0.0593969922912406,0.24371498167170724,0.5184924013401468,0.9315792039903141,0.36277179553359107,1.0872998097968698,0.9780188476595624,0.9999402859781584,0.13194367314631916,0.13518900072453738,0.032516033485137714,0.0363788467074161,0.06378659552304479,0.06511889026399373,0.7247257132333333,0,0.5407930820264726,1
2015-01-28,23,7,0,9,0,0.406354167,0.7374559433746077,0.05949171171803817,0.24390922843967625,0.5307479219351696,0.9441639648140459,0.3749032030183871,1.1000086837308283,0.9999402859781584,0.9067222691558933,0.13518900072453738,0.12173550562401017,0.0363788467074161,0.020365566843475187,0.06511889026399373,0.05884043858987088,0.7247257132333333,1,0.5205082415594475,1
2015-01-31,25,7,0,9,0,0.971866667,0.6995811078197753,0.06065583086729101,0.2462840450928379,0.4908604784327134,0.9083017372068373,0.33349838095605244,1.0656638346834981,0.9067222691558933,0.9886995440273088,0.12173550562401017,0.12989190819074056,0.020365566843475187,0.030073881003332532,0.05884043858987088,0.072525939445889,0.7247257132333333,0,0.5811039543388334,1
2015-02-01,26,7,0,9,0,0.892194444,0.7959592764193822,0.06734096174469648,0.25950137137344087,0.5760372366483806,1.015881316190384,0.4102299872100282,1.1816885656287364,0.9886995440273088,1.0188610254073385,0.12989190819074056,0.13032746842604784,0.030073881003332532,0.030592314904223154,0.072525939445889,0.08322514063145635,0.7247257132333333,0,0.42971252438773094,0
2015-02-04,29,7,0,9,0,0.779791667,0.7438880398465901,0.059406277490627414,0.243734030226859,0.5373284952653785,0.9504475844278018,0.3815957184690557,1.1061803612241246,1.0188610254073385,1.0283742277580659,0.13032746842604784,0.13195090637943924,0.030592314904223154,0.03252464297920653,0.08322514063145635,0.0831960336779497,0.7247257132333333,0,0.5100029683905273,1
2015-02-05,30,7,0,9,0,0.8471,0.7707131138853898,0.05986741303324383,0.24467818258529678,0.5633534197272287,0.9780728080435508,0.4070173809721165,1.134408846798663,1.0283742277580659,1.0493485759094736,0.13195090637943924,0.13449261705414384,0.03252464297920653,0.03554996272423068,0.0831960336779497,0.08536297368714241,0.7247257132333333,0,0.46626802729848366,0
2015-02-07,31,7,0,9,0,0.715766667,0.7833032846882882,0.05978250006430598,0.2445046013152022,0.5760906970628719,0.9905158723137046,0.41986556728984353,1.146741002086733,1.0493485759094736,1.0311095603533904,0.13449261705414384,0.13226696940867094,0.03554996272423068,0.03290084304498227,0.08536297368714241,0.08360865667833985,0.7247257132333333,1,0.4458287456707232,0
2015-02-08,32,7,0,9,0,0.928680556,0.7896103774366957,0.060555276706703215,0.24607981775575016,0.5810628264896883,0.9981579283837031,0.4238312191635935,1.1553895357097979,1.0311095603533904,1.068612723138658,0.13226696940867094,0.13556225270348723,0.03290084304498227,0.036823117014427934,0.08360865667833985,0.08984761454790048,0.7247257132333333,0,0.4360602601797339,0
2015-02-14,37,7,0,9,0,0.929277778,0.8366817717850424,0.06181300029492834,0.2486222039459234,0.6259796011769933,1.0473839423930915,0.4671235474791063,1.2062399960909787,1.068612723138658,1.092864593344153,0.13556225270348723,0.1368092154053013,0.036823117014427934,0.03830733822050414,0.08984761454790048,0.0956924842682392,0.7247257132333333,0,0.3636765858601081,0
2015-02-16,39,7,0,9,0,0.258,0.8543776714098374,0.061029117915156236,0.24704072116790024,0.6450157747146573,1.0637395681050177,0.48717020241835335,1.2215851404013216,1.092864593344153,0.943404257646841,0.1368092154053013,0.1273764548775922,0.03830733822050414,0.027079814585116477,0.0956924842682392,0.0643713920411169,0.7247257132333333,1,0.33632566853890905,0
2015-02-17,40,7,0,9,0,0.91375,0.716879631572519,0.0592531431754791,0.24341968526698718,0.5105864878369015,0.9231727753081365,0.35505456035746413,1.0787047027875738,0.943404257646841,0.9922854290954899,0.1273764548775922,0.135063566421196,0.027079814585116477,0.036229546128723665,0.0643713920411169,0.06421034891692415,0.7247257132333333,0,0.554114189625881,1
2015-02-18,41,7,0,9,1,0.671875,0.731307593005506,0.05959913931971529,0.24412934956640361,0.5244130234683434,0.9382021625426685,0.3684276591346494,1.0941875268763626,0.9922854290954899,0.9778073595532722,0.135063566421196,0.13215243241767774,0.036229546128723665,0.032764513200741585,0.06421034891692415,0.06573632440893071,0.7247257132333333,1,0.5305162466689058,1
2015-02-22,43,7,0,9,1,0.283958333,0.721735277920025,0.05941824560835665,0.243758580584062,0.5151549274193509,0.9283156284206991,0.35940646428126044,1.0840640915587896,0.9778073595532722,0.873196533365216,0.13215243241767774,0.11211373687644967,0.032764513200741585,0.008913072559311896,0.06573632440893071,0.0751485974015639,0.7247257132333333,1,0.5461554026155647,1
2015-02-23,44,7,0,9,1,0.356458333,0.6523442895675695,0.05926406479055486,0.24344211794706944,0.4460321346000071,0.8586564445351319,0.2904858738591989,1.0142027052759401,0.873196533365216,0.8037182346229957,0.11211373687644967,0.09943423344108275,0.008913072559311896,-0.006178948921290112,0.0751485974015639,0.0803967160447858,0.7247257132333333,1,0.6558434987969037,1
2015-02-25,46,7,0,9,1,0.676666667,0.6060918652368286,0.05913094079348666,0.24316854400494867,0.40001155852140047,0.8121721719522567,0.24464009663664832,0.9675436338370088,0.8037182346229957,0.8200251867125288,0.09943423344108275,0.10226957170040152,-0.006178948921290112,-0.002804133327561513,0.0803967160447858,0.07938503348080853,0.7247257132333333,1,0.7230091022608532,1
2015-03-01,49,7,0,9,1,0.350416667,0.6169899556065079,0.0590145016854977,0.24292900544294355,0.4111126528632021,0.8228672583498138,0.25589424307944764,0.9780856681335682,0.8200251867125288,0.7593507845960635,0.10226957170040152,0.09221796666648563,-0.002804133327561513,-0.014768248472895361,0.07938503348080853,0.08238470093021032,0.7247257132333333,1,0.7079914316752883,1
2015-03-02,50,7,0,9,2,0.342361111,0.5762707206588281,0.05891133957874175,0.24271658282602313,0.37057344168556783,0.7819679996320884,0.21549075839005366,0.9370506829276026,0.7593507845960635,0.7068617070490071,0.09221796666648563,0.08393252282217903,-0.014768248472895361,-0.02463015648151751,0.08238470093021032,0.08436273580647533,0.7247257132333333,1,0.7629333495099706,1
2015-03-03,51,7,0,9,2,0.999533333,0.5623245451814946,0.05902300295984564,0.24294650225892456,0.35643241424888217,0.7682166761141069,0.20120282495221647,0.9234462654107727,0.7068617070490071,0.8062737057899056,0.08393252282217903,0.0937569640767047,-0.02463015648151751,-0.012936427369489113,0.08436273580647533,0.09289434735530254,0.7247257132333333,0,0.780089951471417,1
2015-03-04,52,7,0,9,2,0.684888889,0.7024841137713285,0.06424965583264514,0.2534751582160373,0.48766916489027756,0.9172990626523794,0.3257123376014113,1.0792558899412457,0.8062737057899056,0.8023755429135236,0.0937569640767047,0.09394650475684581,-0.012936427369489113,-0.012710822949669437,0.09289434735530254,0.09132986597471149,0.7247257132333333,1,0.5743491317152486,1
2015-03-07,54,7,0,9,2,0.825444444,0.7217887176015216,0.06496795292319582,0.25488811844257436,0.5057763141810565,0.9378011210219868,0.3429166822268894,1.1006607529761538,0.8023755429135236,0.8228292432749329,0.09394650475684581,0.09238290874859419,-0.012710822949669437,-0.014571923004873165,0.09132986597471149,0.10066929010022913,0.7247257132333333,0,0.5440653598291844,1
2015-03-10,57,7,0,9,2,0.560625,0.6150505546622225,0.059331860463837365,0.24358132207506666,0.4086204270781314,0.8214806822463135,0.25298522247759897,0.9771158868468459,0.8228292432749329,0.8109924021899224,0.09238290874859419,0.09002588441739007,-0.014571923004873165,-0.017377416297111443,0.10066929010022913,0.10242788765249808,0.7247257132333333,1,0.7102181531417214,1
2015-03-11,58,7,0,9,2,0.625625,0.6064903700025088,0.05907875767625973,0.24306122207431552,0.4005010164014018,0.8124797236036159,0.24519812738787772,0.9677826126171399,0.8109924021899224,0.8150480654124395,0.09002588441739007,0.09079383705191336,-0.017377416297111443,-0.016463345985494766,0.10242788765249808,0.10189073599790505,0.7247257132333333,1,0.7225474097160068,1
2015-01-01,0,8,0,10,0,0.676666667,0.4844159597848195,0.14690977368357738,0.3832881079339371,0.1595872235408981,0.8092446960287409,-0.08531301179350664,1.0541449313631457,0.7119982514166666,0.7846999824008303,0.13242990040885458,0.11946704767165164,0.033094774784278046,0.017665491377637586,0.04380698488118558,0.026323911879454313,0.7119982514166666,1,0.7558168827455543,1
2015-01-03,1,8,0,10,0,0.628333333,0.6112351091142527,0.08519598564371814,0.29188351382652317,0.3638698740231438,0.8586003442053616,0.17737219839301682,1.0450980198354887,0.7846999824008303,0.7890869810974617,0.11946704767165164,0.11882592032209928,0.017665491377637586,0.016902377287202723,0.026323911879454313,0.025459219787144924,0.7119982514166666,1,0.68275328679098,1
2015-01-04,2,8,0,10,0,0.682708333,0.6182986912521773,0.07217372757796045,0.2686516844874799,0.3906219505563512,0.8459754319480034,0.2189681491675849,1.0176292333367698,0.7890869810974617,0.8027757675192135,0.11882592032209928,0.11736487022315928,0.016902377287202723,0.015163334461918757,0.025459219787144924,0.023488693232781976,0.7119982514166666,1,0.6880146776003913,1
2015-01-05,3,8,0,10,0,0.664583333,0.6380870809812174,0.06662581012153934,0.2581197592621288,0.4193359288709779,0.8568382330914568,0.2544114543588425,1.0217627076035922,0.8027757675192135,0.8079585114438868,0.11736487022315928,0.11702254716176864,0.015163334461918757,0.014755877890598908,0.023488693232781976,0.023027000178498316,0.7119982514166666,1,0.6676995466256074,1
2015-01-06,4,8,0,10,0,0.681060606,0.6446989578828735,0.06364246487835411,0.25227458230736227,0.4309014722288502,0.8584964435368967,0.2697117475880577,1.0196861681776892,0.8079585114438868,0.8149287238964815,0.11702254716176864,0.11682509897907106,0.014755877890598908,0.01452086141461721,0.023027000178498316,0.02276070069472389,0.7119982514166666,1,0.6618094372848473,1
2015-01-07,5,8,0,10,0,0.681060606,0.6524934785430198,0.06185836220343832,0.24871341379877027,0.4417140094730043,0.8632729476130352,0.28279967764447717,1.0221872794415623,0.8149287238964815,0.8205042458324987,0.11682509897907106,0.11684884878575837,0.01452086141461721,0.01454913007628145,0.02276070069472389,0.02279273219369321,0.7119982514166666,1,0.652487029218872,1
2015-01-08,6,8,0,10,0,0.735984848,0.6579698496015124,0.0607420162738872,0.24645895454190175,0.44910098807752663,0.8668387111254982,0.29162713298472454,1.0243125662183004,0.8205042458324987,0.8363596931388919,0.11684884878575837,0.11734198853628237,0.01454913007628145,0.01513609909646309,0.02279273219369321,0.02345783257192424,0.7119982514166666,1,0.6455782084449939,1
2015-01-10,7,8,0,10,0,0.628882576,0.6717665332450895,0.06004159263277356,0.24503386017604498,0.4641054096923778,0.8794276567978012,0.30754211231933726,1.0359909541708419,0.8363596931388919,0.8271742963807308,0.11734198853628237,0.11685973526560761,0.01513609909646309,0.014562087917144096,0.02345783257192424,0.022807414850805403,0.7119982514166666,1,0.6252414405754332,1
2015-01-11,8,8,0,10,0,0.653598485,0.664594451189068,0.05961991467635159,0.2441718957545106,0.45766382463832034,0.8715250777398157,0.30165127560657734,1.0275376267715588,0.8271742963807308,0.8246797624124792,0.11685973526560761,0.11668720270060337,0.014562087917144096,0.014356727731674655,0.022807414850805403,0.022574719201915703,0.7119982514166666,1,0.6367467166911821,1
2015-01-12,9,8,0,10,0,0.725,0.6628202075139954,0.05939328680408843,0.24370737946169876,0.4562832489045051,0.8693571661234857,0.30056750049629166,1.025072914531699,0.8246797624124792,0.8396225129448759,0.11668720270060337,0.11791091573010723,0.014356727731674655,0.01581327557059484,0.022574719201915703,0.024225147904741645,0.7119982514166666,1,0.6397247788770948,1
2015-01-13,10,8,0,10,0,0.681060606,0.6726541913809994,0.0593053728413209,0.24352694479527495,0.4662701474157566,0.879038235346242,0.31066968693679275,1.034638695825206,0.8396225129448759,0.841756054398845,0.11791091573010723,0.11810602028052848,0.01581327557059484,0.01604550249343375,0.024225147904741645,0.024488286518373738,0.7119982514166666,1,0.6246083844712921,1
2015-01-14,11,8,0,10,0,0.667329545,0.6739732088416573,0.05931502683887009,0.24354676519894508,0.4675723674946468,0.8803740501886679,0.3119592428567311,1.0359871748265836,0.841756054398845,0.839984340193404,0.11810602028052848,0.1179315520339168,0.01604550249343375,0.015837838325907908,0.024488286518373738,0.02425298020472242,0.7119982514166666,1,0.6225424587714425,1
2015-01-15,12,8,0,10,0,0.606912879,0.6729298660280127,0.05939038716949499,0.24370143038048625,0.466397949141686,0.8794617829143395,0.3106860018725082,1.0351737301835173,0.839984340193404,0.8216026358390937,0.1179315520339168,0.11602881384631204,0.015837838325907908,0.01357306780506916,0.02425298020472242,0.02168674642027124,0.7119982514166666,1,0.6240929300002105,1
2015-01-17,13,8,0,10,0,0.675568182,0.6624917278460314,0.05950600941204899,0.2439385361357426,0.45575886874093546,0.8692245869511273,0.2998954238018341,1.0250880318902287,0.8216026358390937,0.8253778323690464,0.11602881384631204,0.11643272456088534,0.01357306780506916,0.014053830258556286,0.02168674642027124,0.022231503091678897,0.7119982514166666,1,0.6401017666724458,1
2015-01-18,14,8,0,10,0,0.639867424,0.6645806747858791,0.05964150344901581,0.24421609989723406,0.45761258613933364,0.8715487634324246,0.30157179306679816,1.0275895565049602,0.8253778323690464,0.8180327222417778,0.11643272456088534,0.11563028645409222,0.014053830258556286,0.013098712953978265,0.022231503091678897,0.02114925026625165,0.7119982514166666,1,0.6367441272219301,1
2015-01-19,15,8,0,10,0,0.683806818,0.6605855895028239,0.05978086656592625,0.24450126086776372,0.4533758328374542,0.8677953461681935,0.2971528374284901,1.0240183415771575,0.8180327222417778,0.8250884083130379,0.11563028645409222,0.11641030192690023,0.013098712953978265,0.014027141289585226,0.02114925026625165,0.022201261558059703,0.7119982514166666,1,0.6427059838530982,1
2015-01-20,16,8,0,10,0,0.639867424,0.6643848609164842,0.059912069273764954,0.24476942062636206,0.4569478444074254,0.871821877425543,0.3005535095109359,1.0282162123220324,0.8250884083130379,0.8175227040491273,0.11641030192690023,0.11556967618261751,0.014027141289585226,0.013026570419082934,0.022201261558059703,0.021067504849380105,0.7119982514166666,1,0.6367476215866619,1
2015-01-21,17,8,0,10,0,0.594871795,0.6603286075425455,0.06002666576949555,0.24500339950599778,0.4526932987770702,0.8679639163080208,0.2961494641139562,1.024507750971135,0.8175227040491273,0.7971326973405991,0.11556967618261751,0.11330458835330698,0.013026570419082934,0.01033050630666246,0.021067504849380105,0.018012568048199253,0.7119982514166666,1,0.6428176879549501,1
2015-01-22,18,8,0,10,0,0.397743056,0.6493949071064611,0.06011933889149556,0.2451924527621019,0.4415993796204152,0.857190434592507,0.2849347502184292,1.013855063994493,0.7971326973405991,0.7184300001301575,0.11330458835330698,0.10459893220726024,0.01033050630666246,-3.1567431367181265e-05,0.018012568048199253,0.006271200232418079,0.7119982514166666,1,0.659210986953586,1
2015-01-24,19,8,0,10,0,0.910521886,0.6078777646183796,0.06108402791446957,0.2471518317036505,0.3984217040444773,0.8173338251922819,0.24050513816452146,0.9752503910722378,0.7184300001301575,0.8175970625828667,0.10459893220726024,0.11348017864936094,-3.1567431367181265e-05,0.010539506014998068,0.006271200232418079,0.02559532208485466,0.7119982514166666,0,0.7173679405893983,1
2015-01-25,20,8,0,10,0,0.329545455,0.6391586463477581,0.061168919814250475,0.24732351245736922,0.4295570898893931,0.8487602028061231,0.2715308293538563,1.0067864633416599,0.8175970625828667,0.7570690261061582,0.11348017864936094,0.09434427160633325,0.010539506014998068,-0.012237373349112473,0.02559532208485466,0.045224155018797924,0.7119982514166666,1,0.6729823733786089,1
2015-01-27,22,8,0,10,0,0.845458333,0.6183217465691646,0.06091956617990414,0.24681889348245636,0.4091478442448901,0.8274956488934391,0.251444007763615,0.9851994853747142,0.7570690261061582,0.831878529496277,0.09434427160633325,0.10135283754400298,-0.012237373349112473,-0.003895293691285046,0.045224155018797924,0.05831528462804913,0.7119982514166666,0,0.703156768464204,1
2015-01-28,23,8,0,10,0,0.553333333,0.6590349876990266,0.06081778223087259,0.2466126157171863,0.4500359015102411,0.8680340738878121,0.2924638652915183,1.0256061101065348,0.831878529496277,0.7978236793690682,0.10135283754400298,0.09817297746895275,-0.003895293691285046,-0.00768018296574252,0.05831528462804913,0.05253845626584948,0.7119982514166666,1,0.6438831786838404,1
2015-01-29,24,8,0,10,0,0.877552083,0.6402336200721006,0.06070674726631612,0.24638739266917883,0.43142540575369903,0.8490418343905022,0.27399727480184477,1.0064699653423563,0.7978236793690682,0.8725496860901409,0.09817297746895275,0.10511628140364251,-0.00768018296574252,0.0005842173447933186,0.05253845626584948,0.06482445427512705,0.7119982514166666,0,0.6720219379257902,1
2015-01-31,25,8,0,10,0,0.971866667,0.6820890796152193,0.06058878206768305,0.24614788657976133,0.4734838417490942,0.8906943174813443,0.3162087421500219,1.0479694170804166,0.8725496860901409,0.9616727253301798,0.10511628140364251,0.11334580834115968,0.0005842173447933186,0.010379569185605213,0.06482445427512705,0.07902562672092672,0.7119982514166666,0,0.6086855635910061,1
2015-02-01,26,8,0,10,0,1.0115625,0.7327319810930664,0.060465957755333234,0.24589826708485205,0.5243382905809938,0.9411256716051389,0.367222684250254,1.0982412779358788,0.9616727253301798,1.0454060532793266,0.11334580834115968,0.12102107331013019,0.010379569185605213,0.019515200117169618,0.07902562672092672,0.09195627432609707,0.7119982514166666,0,0.5279924093639419,1
2015-02-02,27,8,0,10,0,0.561979167,0.7809943181188981,0.06034006875857709,0.2456421559068742,0.5728176765278811,0.9891709597099151,0.41586571129755695,1.1461229249402392,1.0454060532793266,0.98119631173361,0.12102107331013019,0.11518389175068572,0.019515200117169618,0.012567383120205299,0.09195627432609707,0.08234626521850599,0.7119982514166666,1,0.44979602489886666,0
2015-02-03,28,8,0,10,0,0.976979167,0.7434631755741253,0.06021263282455111,0.2453826253518189,0.5355064807554455,0.9514198703928052,0.3787203414213437,1.1082060097269069,0.98119631173361,1.0480338101438256,0.11518389175068572,0.12120519887501201,0.012567383120205299,0.019734359092478823,0.08234626521850599,0.09204187851804205,0.7119982514166666,0,0.5106262912113226,1
2015-02-04,29,8,0,10,0,0.915766667,0.9024949327408508,0.07819353351858724,0.2796310667979995,0.6655133928434809,1.1394764726382207,0.4868443638595602,1.3181455016221415,1.0480338101438256,1.0521208088361584,0.12120519887501201,0.12088578342335365,0.019734359092478823,0.019354168741789076,0.09204187851804205,0.09400991908084234,0.7119982514166666,0,0.29275870958462813,0
2015-02-08,32,8,0,10,0,0.840888889,0.8525952672931605,0.06282533551372543,0.25064982647854644,0.6401747285666692,1.0650158060196517,0.48002313445119565,1.2251674001351254,1.0521208088361584,1.049052815745275,0.12088578342335365,0.12081231387140148,0.019354168741789076,0.019266720202350256,0.09400991908084234,0.0931896570116608,0.7119982514166666,0,0.3411534734746154,0
2015-02-09,33,8,0,10,0,0.707111111,0.8502054952683447,0.06168115083558072,0.24835690212994024,0.6397281624567863,1.060682828079903,0.48104162217667573,1.2193693683600135,1.049052815745275,1.0137307439368695,0.12081231387140148,0.11949515775442622,0.019266720202350256,0.017698949941312287,0.0931896570116608,0.08490015298393953,0.7119982514166666,1,0.3432998640747509,0
2015-02-10,34,8,0,10,0,0.703770833,0.7623334100582124,0.05921801187181835,0.24334751256550446,0.5561014311929071,0.9685653889235177,0.40061561814074237,1.1240512019756825,1.0137307439368695,0.9996571992130079,0.11949515775442622,0.11706647617963147,0.017698949941312287,0.014808165244325915,0.08490015298393953,0.08552265229278111,0.7119982514166666,1,0.47978934312075916,0
2015-02-11,35,8,0,10,0,0.994375,0.7927045929716192,0.059712351537581,0.24436110888924406,0.5856136122064726,0.9997955737367659,0.4294801662821169,1.1559290196611216,0.9996571992130079,1.0474612762128186,0.11706647617963147,0.12117260887930349,0.014808165244325915,0.019695568226748724,0.08552265229278111,0.0915407677508272,0.7119982514166666,0,0.4306340366845055,0
2015-02-12,36,8,0,10,0,0.755486111,0.8255067492650945,0.05946041380433862,0.24384506106201664,0.6188531083497628,1.0321603901804262,0.46304938889412817,1.1879641096360607,1.0474612762128186,1.0312413195801051,0.12117260887930349,0.11968208880436086,0.019695568226748724,0.017921448198865177,0.0915407677508272,0.08977841873792429,0.7119982514166666,0,0.37841336795955177,0
2015-02-14,37,8,0,10,0,0.725625,0.772914033897498,0.059156384076956,0.24322085452723005,0.5667893950974234,0.9790386726975726,0.41138450963664064,1.1344435581583554,1.0312413195801051,1.0203271663215223,0.11968208880436086,0.11771106858616748,0.017921448198865177,0.015575403685110564,0.08977841873792429,0.09060613388626258,0.7119982514166666,1,0.4624708486157273,0
2015-02-15,38,8,0,10,0,0.605208333,0.7655945101681503,0.05902918920210165,0.24295923362181907,0.5596915896690627,0.9714974306672378,0.40445386572458397,1.1267351546117166,1.0203271663215223,0.98399251030817,0.11771106858616748,0.11140768374217695,0.015575403685110564,0.008072679311799693,0.09060613388626258,0.09302298322649297,0.7119982514166666,1,0.4744111790670618,0
2015-02-18,41,8,0,10,1,0.58,0.7410616111290853,0.05891402622808993,0.2427221173030796,0.5353596418011002,0.9467635804570704,0.38027342227603567,1.1018497999821348,0.98399251030817,0.9481401408090246,0.11140768374217695,0.10543153573313194,0.008072679311799693,0.0009594548402331133,0.09302298322649297,0.09509337542285361,0.7119982514166666,1,0.5146879710622326,1
2015-02-19,42,8,0,10,1,0.672135417,0.7166920760987576,0.058808879037749576,0.24250542063580677,0.5111737527100058,0.9222103994875095,0.3562259905586839,1.0771581616388313,0.9481401408090246,0.9383859099268286,0.10543153573313194,0.10386893923818434,0.0009594548402331133,-0.0009004555251431255,0.09509337542285361,0.09557625480559795,0.7119982514166666,1,0.5546226059011965,1
2015-02-23,44,8,0,10,1,0.930416667,0.7100180121351296,0.058712132931203115,0.24230586648119587,0.5046688067610323,0.9153672175092269,0.34984854885107497,1.0701874754191842,0.9383859099268286,0.9858729252895533,0.10386893923818434,0.11118167399917978,-0.0009004555251431255,0.007803666892383913,0.09557625480559795,0.09359321385864229,0.7119982514166666,0,0.5655304775553106,1
2015-02-24,45,8,0,10,1,0.791458333,0.7427223661277034,0.05862248781550679,0.24212081243773073,0.5375299902242611,0.9479147420311457,0.38282797177401057,1.1026167604813961,0.9858729252895533,0.9962145781125522,0.11118167399917978,0.11271293223883641,0.007803666892383913,0.009626276300003673,0.09359321385864229,0.09323656893733492,0.7119982514166666,0,0.5119895464500906,1
2015-02-25,46,8,0,10,1,0.658541667,0.7498906951460116,0.05853889205532682,0.24194811851991496,0.5448446737626286,0.9549367165293946,0.39025299732466195,1.1095283929673612,0.9962145781125522,0.9771128095789465,0.11271293223883641,0.1099928003703543,0.009626276300003673,0.006388587316482833,0.09323656893733492,0.09376490213007216,0.7119982514166666,1,0.5001802300695394,0
2015-02-26,47,8,0,10,1,0.376597222,0.7365658872565731,0.05846049147149533,0.2417860448237146,0.5316572199753012,0.941474554537845,0.3771690998061553,1.0959626747069908,0.9771128095789465,0.9028979604470585,0.1099928003703543,0.09982629540838114,0.006388587316482833,-0.00571228966587401,0.09376490213007216,0.09534218414321319,0.7119982514166666,1,0.5221546256066706,1
2015-02-28,48,8,0,10,1,0.376597222,0.684470673108506,0.05838658962182706,0.2416331716090054,0.4796915627117594,0.8892497835052525,0.3253011202046219,1.04364022601239,0.9028979604470585,0.8402856845820617,0.09982629540838114,0.09157325647787797,-0.00571228966587401,-0.015535627106043597,0.09534218414321319,0.09629670637149215,0.7119982514166666,1,0.60687886435954,1
2015-03-01,49,8,0,10,1,0.813611111,0.6402480475599601,0.05831661660438439,0.24148833637338346,0.4355916820268731,0.8449044130930472,0.2812937813506829,0.9992023137692374,0.8402856845820617,0.8750786359475401,0.09157325647787797,0.09598724184436752,-0.015535627106043597,-0.010281796598745374,0.09629670637149215,0.0959622532140174,0.7119982514166666,0,0.6752588047467963,1
2015-03-02,50,8,0,10,2,0.773333333,0.6649716034852534,0.05825010437939307,0.24135058396323195,0.4604319802678758,0.869511226702631,0.30622209588273575,1.023721111087771,0.8750786359475401,0.8965485026544412,0.09598724184436752,0.09860945884817347,-0.010281796598745374,-0.007160652655690464,0.0959622532140174,0.09586918635870799,0.7119982514166666,0,0.6376942659415811,1
2015-03-03,51,8,0,10,2,0.702777778,0.6803191395755832,0.05818666713202168,0.24121912679557914,0.475890923586228,0.8847473555649384,0.3217650331748851,1.0388732459762813,0.8965485026544412,0.900943053442241,0.09860945884817347,0.09912631625762315,-0.007160652655690464,-0.0065454532383327525,0.09586918635870799,0.09587186225390706,0.7119982514166666,1,0.6136593965151304,1
2015-03-04,52,8,0,10,2,0.930416667,0.6834789939903749,0.05812598557039903,0.2410933129939506,0.4791574025931713,0.8878005853875786,0.3251119003519526,1.0418460876287972,0.900943053442241,0.9486789165192834,0.09912631625762315,0.10453433604951187,-0.0065454532383327525,-0.00010845424363640967,0.09587186225390706,0.09612187794532857,0.7119982514166666,0,0.6086929167836983,1
2015-03-05,53,8,0,10,2,0.980984848,0.8287275784318706,0.06521932887355929,0.2553807527468726,0.6122976776375418,1.0451574792261993,0.44912327918120803,1.2083318776825331,0.9486789165192834,0.9776141760915901,0.10453433604951187,0.10070494351145443,-0.00010845424363640967,-0.004666461955580174,0.09612187794532857,0.11036746601099041,0.7119982514166666,0,0.3789364291915796,0
2015-03-07,54,8,0,10,2,0.590740741,0.8161236928391133,0.05953695558256028,0.2440019581531269,0.609337084887313,1.0229103007909137,0.45343311673170345,1.1788142689465233,0.9776141760915901,0.9363359171111776,0.10070494351145443,0.10113441676014072,-0.004666461955580174,-0.004155273206938962,0.11036746601099041,0.1002642473207662,0.7119982514166666,1,0.39319683657470256,0
2015-03-08,55,8,0,10,2,0.4509375,0.7082498153195589,0.058187923520475505,0.24122173102868552,0.5038193922965615,0.9126802383425563,0.34969183792203423,1.0668077927170836,0.9363359171111776,0.8881111970443042,0.10113441676014072,0.09352570324877603,-0.004155273206938962,-0.0132116899931804,0.1002642473207662,0.10485820785789787,0.7119982514166666,1,0.5687049574468328,1
2015-03-09,56,8,0,10,2,0.2640625,0.993039978315833,0.17902882806748693,0.4231179836257104,0.6344562470227535,1.3516237096089125,0.36410688940058766,1.6219730672310784,0.8881111970443042,0.8065597647404096,0.09352570324877603,-0.043373064996152025,-0.0132116899931804,0.03864002216368535,0.10485820785789787,0.141020806195692,0.7119982514166666,1,0.282847770177474,0
2015-03-10,57,8,0,10,2,0.560625,0.6165192707420062,0.05806629712567327,0.24096949418063954,0.41230261322565753,0.8207359282583548,0.25833622446563226,0.9747023170183802,0.8065597647404096,0.7964524390681388,-0.043373064996152025,-0.04240945705784979,0.03864002216368535,0.03560619424319934,0.141020806195692,0.1412213764460701,0.7119982514166666,1,0.7101873298266341,1
2015-03-11,58,8,0,10,2,0.625625,0.6087547013145456,0.05795342192293053,0.24073516968430378,0.4047366289576114,0.8127727736714797,0.25091996079446705,0.9665894418346241,0.7964524390681388,0.7994576464743743,-0.04240945705784979,-0.04267560417625716,0.03560619424319934,0.03646562235264221,0.1412213764460701,0.14117928134877306,0.7119982514166666,1,0.721305731631525,1
2015-01-03,1,9,0,11,0,0.956270833,0.5488045145939593,0.14690977368357738,0.3832881079339371,0.2239757783500379,0.8736332508378807,-0.020924456984366846,1.1185334861722853,0.7763868062258064,0.9304747005954579,0.13242990040885458,0.10495574461833336,0.033094774784278046,0.0003931353655452566,0.04380698488118558,0.006752435154790709,0.7763868062258064,0,0.7001804991517329,1
2015-01-04,2,9,0,11,0,0.931645833,0.8175917280673135,0.08519598564371814,0.29188351382652317,0.5702264929762046,1.0649569631584224,0.3837288173460776,1.2514546387885495,0.9304747005954579,0.9597382786740111,0.10495574461833336,0.10067908954060832,0.0003931353655452566,-0.004697235138880121,0.006752435154790709,0.000984486197652061,0.7763868062258064,0,0.4084356557007238,0
2015-01-05,3,9,0,11,0,0.820833333,0.8647095189994494,0.07217372757796045,0.2686516844874799,0.6370327783036233,1.0923862596952754,0.46537897691485697,1.2640400610840419,0.9597382786740111,0.9504134055207176,0.10067908954060832,0.1016743645360289,-0.004697235138880121,-0.0035125900392860617,0.000984486197652061,0.002326819228389734,0.7763868062258064,0,0.3346961032972828,0
2015-01-06,4,9,0,11,0,0.858143939,0.8512295640607106,0.06662581012153934,0.2581197592621288,0.6324784119504712,1.06998071617095,0.46755393743833573,1.2349051906830855,0.9504134055207176,0.9517658773602862,0.1016743645360289,0.10158503303377937,-0.0035125900392860617,-0.0036189185684525867,0.002326819228389734,0.0022063373246880356,0.7763868062258064,0,0.34746238577495836,0
2015-01-07,5,9,0,11,0,0.880530303,0.8529549777500909,0.06364246487835411,0.25227458230736227,0.6391574920960676,1.0667524634041141,0.47796776745527514,1.2279421880449066,0.9517658773602862,0.9570518279536736,0.10158503303377937,0.10143529565552988,-0.0036189185684525867,-0.0037971463468912206,0.0022063373246880356,0.002004385673450755,0.7763868062258064,0,0.3415976263385462,0
2015-01-08,6,9,0,11,0,0.891723485,0.8588660531138458,0.06185836220343832,0.24871341379877027,0.6480865840438303,1.0696455221838612,0.4891722522153032,1.2285598540123883,0.9570518279536736,0.963464699969536,0.10143529565552988,0.10146261228569203,-0.0037971463468912206,-0.0037646322053645907,0.002004385673450755,0.0020412277674688112,0.7763868062258064,0,0.33079577507357233,0
2015-01-10,7,9,0,11,0,0.858143939,0.865164883449822,0.0607420162738872,0.24645895454190175,0.6562960219258362,1.0740337449738078,0.49882216683303415,1.2315076000666099,0.963464699969536,0.9620377921050166,0.10146261228569203,0.10141823227075256,-0.0037646322053645907,-0.0038174563669881286,0.0020412277674688112,0.0019813721896315348,0.7763868062258064,0,0.32015044479959526,0
2015-01-11,8,9,0,11,0,0.858143939,0.8639232536165615,0.06004159263277356,0.24503386017604498,0.6562621300638498,1.0715843771692732,0.4996988326908093,1.2281476745423139,0.9620377921050166,0.960799909662406,0.10141823227075256,0.10135324075515696,-0.0038174563669881286,-0.003894813761496954,0.0019813721896315348,0.0018937177639671875,0.7763868062258064,0,0.32099128837773894,0
2015-01-12,9,9,0,11,0,0.858143939,0.8629566982583269,0.05961991467635159,0.2441718957545106,0.6560260717075792,1.0698873248090746,0.5000135226758362,1.2258998738408176,0.960799909662406,0.959708091877185,0.10135324075515696,0.1012777259995357,-0.003894813761496954,-0.0039846966437208356,0.0018937177639671875,0.001791870584800732,0.7763868062258064,0,0.32182147416920925,0
2015-01-13,10,9,0,11,0,0.858143939,0.86218014006172,0.05939328680408843,0.24370737946169876,0.6556431814522297,1.0687170986712102,0.4999274330440162,1.2244328470794237,0.959708091877185,0.9587381313296734,0.1012777259995357,0.1011982926075694,-0.0039846966437208356,-0.0040792437578048655,0.001791870584800732,0.0016847383185723016,0.7763868062258064,0,0.32264804569250405,0
2015-01-14,11,9,0,11,0,0.858143939,0.8615417986562888,0.0593053728413209,0.24352694479527495,0.6551577546910461,1.0679258426215315,0.49955729421208217,1.2235263031004955,0.9587381313296734,0.957875757207051,0.1011982926075694,0.10111943165308634,-0.0040792437578048655,-0.004173109517225643,0.0016847383185723016,0.0015783781020239352,0.7763868062258064,0,0.3234666947618665,0
2015-01-15,12,9,0,11,0,0.858143939,0.8610086538592929,0.05931502683887009,0.24354676519894508,0.6546078125122824,1.0674094952063033,0.4989946878743667,1.2230226198442191,0.957875757207051,0.9571118028391429,0.10111943165308634,0.10104420181147253,-0.004173109517225643,-0.004262653275102708,0.0015783781020239352,0.0014769151879951274,0.7763868062258064,0,0.3242668455422169,0
2015-01-17,13,9,0,11,0,0.82680303,0.8609340546475399,0.061134099679809414,0.2472531085341687,0.6513921640565119,1.070475945238568,0.49341088779521525,1.2284572214998646,0.9571118028391429,0.946346383219355,0.10104420181147253,0.10028189086789947,-0.004262653275102708,-0.005170008456159096,0.0014769151879951274,-0.0010653767532269988,0.7763868062258064,0,0.32683631996577545,0
2015-01-18,14,9,0,11,0,0.582045455,0.8547179128773971,0.0608999676679741,0.2467791880770623,0.6455776600621713,1.063858165692623,0.4878991931734397,1.2215366325813544,0.946346383219355,0.861039601094477,0.10028189086789947,0.09350118250834635,-0.005170008456159096,-0.013240876273476886,-0.0010653767532269988,-0.01999393265083835,0.7763868062258064,1,0.33565947910763994,0
2015-01-19,15,9,0,11,0,0.964106061,0.8059145868885456,0.06072584165315064,0.2464261383318552,0.5970735364231788,1.0147556373539124,0.4396206491021308,1.1722085246749603,0.861039601094477,0.9101667360549001,0.09350118250834635,0.09777197911542836,-0.013240876273476886,-0.008157478925787403,-0.01999393265083835,-0.009750930520180149,0.7763868062258064,0,0.41024996829346005,0
2015-01-20,16,9,0,11,0,0.72830303,0.833855520369373,0.06059272583021791,0.2461558974110064,0.6252434934896164,1.0424675472491298,0.4679632754054762,1.19974776533327,0.9101667360549001,0.877630582647087,0.09777197911542836,0.09473692702759232,-0.008157478925787403,-0.011770007723768836,-0.009750930520180149,-0.016125761458981338,0.7763868062258064,1,0.3666796972650118,0
2015-01-21,17,9,0,11,0,0.827147436,0.8195005642103396,0.05926581705860982,0.24344571686232194,0.6131853592366091,1.02581576918407,0.4576367989848742,1.181364329435805,0.877630582647087,0.8797687308881751,0.09473692702759232,0.09503182889140628,-0.011770007723768836,-0.011418995139874134,-0.016125761458981338,-0.015945092971147528,0.7763868062258064,0,0.3876355677797268,0
2015-01-24,19,9,0,11,0,0.261174242,0.8206961018505878,0.059410104769115485,0.24374188144247078,0.6141299035266893,1.0272623001744865,0.4583921102309991,1.1830000934701765,0.8797687308881751,0.7198998882738583,0.09503182889140628,0.07331251360870963,-0.011418995139874134,-0.03727082557324315,-0.015945092971147528,-0.030622043096979502,0.7763868062258064,1,0.38589092482878684,0
2015-01-31,25,9,0,11,0,0.971866667,0.7804126126368747,0.07389300315234573,0.27183267491665847,0.5500400484085006,1.0107851768652487,0.3763537673038841,1.1844714579698652,0.7198998882738583,0.7338125485152491,0.07331251360870963,0.08725253418622411,-0.03727082557324315,-0.020678449454706725,-0.030622043096979502,-0.05854508998188625,0.7763868062258064,0,0.4554593167845772,0
2015-02-02,27,9,0,11,0,0.994270833,0.7498982260043238,0.06080083547458821,0.24657825426137683,0.5409282604379501,0.9588681915706975,0.38337817931890295,1.1164182726897445,0.7338125485152491,0.8147356574659909,0.08725253418622411,0.09596924663658152,-0.020678449454706725,-0.010303215739001031,-0.05854508998188625,-0.04594516717158003,0.7763868062258064,0,0.5001646615144123,0
2015-02-03,28,9,0,11,0,0.919954545,0.7766480318636735,0.06374103007980343,0.25246985974528413,0.5626850526238486,0.9906110111034984,0.4013705563308378,1.1519255073965091,0.8147356574659909,0.865948170106346,0.09596924663658152,0.09970965033059746,-0.010303215739001031,-0.005851128700737745,-0.04594516717158003,-0.03414220785244521,0.7763868062258064,0,0.4579699529336028,0
2015-02-04,29,9,0,11,0,0.755166667,0.8199225643064528,0.060311436122817016,0.24558386779838984,0.6117953206806351,1.0280498079322706,0.4548805983785144,1.1849645302343912,0.865948170106346,0.8459996307654509,0.09970965033059746,0.09739370096723327,-0.005851128700737745,-0.008607731726877276,-0.03414220785244521,-0.0366703850216323,0.7763868062258064,0,0.38792944966038745,0
2015-02-07,31,9,0,11,0,0.771583333,0.8088512594001753,0.06028461774427239,0.24552926046455725,0.6007702943592428,1.0169322244411079,0.4438904631706989,1.1738120556296519,0.8459996307654509,0.8346724734773894,0.09739370096723327,0.09609069075983512,-0.008607731726877276,-0.010158664548476956,-0.0366703850216323,-0.03807373703345456,0.7763868062258064,0,0.40528473982093904,0
2015-02-08,32,9,0,11,0,0.607416667,0.8024933128544516,0.060241091186477934,0.24544060622985336,0.5944874804420182,1.010499145266885,0.43766429448324523,1.167322331225658,0.8346724734773894,0.776287486824918,0.09609069075983512,0.08944579971208588,-0.010158664548476956,-0.01806787321268751,-0.03807373703345456,-0.04514036220560541,0.7763868062258064,1,0.4153227396472648,0
2015-02-09,33,9,0,11,0,0.697708333,0.769329940823831,0.06018330791181996,0.24532286463316044,0.5614238919769855,0.9772359896706765,0.40467593648882166,1.1339839451588403,0.776287486824918,0.755211833231247,0.08944579971208588,0.08707552783698097,-0.01806787321268751,-0.02088913464743509,-0.04514036220560541,-0.04763115187086236,0.7763868062258064,1,0.4685982852267815,0
2015-02-10,34,9,0,11,0,0.6895,0.7572112170295472,0.060113701510040696,0.245180956662708,0.5494254322497334,0.964997001809361,0.39276814822942946,1.121654285829665,0.755211833231247,0.7356449419438434,0.08707552783698097,0.08490314178323302,-0.02088913464743509,-0.023474858698416076,-0.04763115187086236,-0.049888277855559174,0.7763868062258064,1,0.4882680747898849,0
2015-02-11,35,9,0,11,0,0.54175,0.745819287723646,0.06003457077823143,0.24501953142194896,0.5381703074933819,0.9534682679539102,0.3816161654141726,1.1100224100331195,0.7356449419438434,0.6777850820422168,0.08490314178323302,0.07856681708103815,-0.023474858698416076,-0.031016790367984423,-0.049888277855559174,-0.05640105287728988,0.7763868062258064,1,0.506806730685214,1
2015-02-12,36,9,0,11,0,0.656666667,0.7117098123866672,0.05994801106231784,0.2448428293054911,0.5042105835418296,0.9192090412315048,0.3477693444956361,1.0756502802776984,0.6777850820422168,0.6624824015023555,0.07856681708103815,0.0769149147742499,-0.031016790367984423,-0.03298299868402664,-0.05640105287728988,-0.05808149832439953,0.7763868062258064,1,0.5621359310495312,1
2015-02-14,37,9,0,11,0,0.238041667,0.7025757342161317,0.059855881010945675,0.24465461575646938,0.4952360124574968,0.9099154559747666,0.3389150316230622,1.0662364368092012,0.6624824015023555,0.5359019372145559,0.0769149147742499,0.06345302058609684,-0.03298299868402664,-0.04900627572266078,-0.05808149832439953,-0.07164076252200602,0.7763868062258064,1,0.5768500814713002,1
2015-02-16,39,9,0,11,0,0.960433333,0.6078815039251562,0.060961032933300165,0.2469028815816052,0.3986364234256622,0.8171265844246501,0.2408789231212184,0.9748840847290939,0.5359019372145559,0.6342023020822953,0.06345302058609684,0.07012039132141921,-0.04900627572266078,-0.04107031018035476,-0.07164076252200602,-0.053942977774751905,0.7763868062258064,0,0.7175588488954107,1
2015-02-17,40,9,0,11,0,0.586041667,0.6849786489857214,0.05952798765691947,0.2439835807117345,0.4782076155350321,0.8917496824364106,0.32231538956403166,1.0476419084074111,0.6342023020822953,0.608713066133798,0.07012039132141921,0.0673008297601515,-0.04107031018035476,-0.044426347257472416,-0.053942977774751905,-0.056152688296024524,0.7763868062258064,1,0.605072489096527,1
2015-02-18,41,9,0,11,1,0.549791667,0.6691428987734725,0.05944511396005939,0.2438136869826208,0.46251584674088997,0.8757699508060551,0.30673217361403093,1.0315536239329142,0.608713066133798,0.5785240769419429,0.0673008297601515,0.06402437746312954,-0.044426347257472416,-0.04832620727161911,-0.056152688296024524,-0.05872629445983025,0.7763868062258064,1,0.6299174773994614,1
2015-02-22,43,9,0,11,1,0.753525,0.6352570364902483,0.060332974171154775,0.2456277145827701,0.4270926336224302,0.8434214393580665,0.27014989561204433,1.0003641773684524,0.5785240769419429,0.6089628301527011,0.06402437746312954,0.06600334512046807,-0.04832620727161911,-0.045970703166413954,-0.05872629445983025,-0.05363919613879201,0.7763868062258064,0,0.6798007716677873,1
2015-02-23,44,9,0,11,1,0.3715625,0.6691420437585666,0.05917898058716117,0.24326730274979655,0.46297804105148643,0.8753060464656467,0.30754347770505586,1.0307406098120773,0.6089628301527011,0.5372776246056991,0.06600334512046807,0.05794951588996773,-0.045970703166413954,-0.05555692745093731,-0.05363919613879201,-0.05841239280367328,0.7763868062258064,1,0.6302000258185474,1
2015-02-24,45,9,0,11,1,0.726933333,0.5811732896457378,0.0631334744415361,0.2512637547310318,0.36823245943544813,0.7941141198560274,0.20768859858797867,0.9546579807034969,0.5372776246056991,0.5736868230572103,0.05794951588996773,0.05770749808539451,-0.05555692745093731,-0.05584499377182486,-0.05841239280367328,-0.04755045916563764,0.7763868062258064,1,0.7491796056120419,1
2015-02-25,46,9,0,11,1,0.410833333,0.645532733696317,0.05888358843628641,0.24265940829954732,0.4398839089505583,0.8511815584420758,0.2848377570649659,1.0062277103276682,0.5736868230572103,0.5202349038613747,0.05770749808539451,0.05072798075835906,-0.05584499377182486,-0.06415249776524168,-0.04755045916563764,-0.0486175796773728,0.7763868062258064,1,0.6665875997018088,1
2015-02-26,47,9,0,11,1,0.4078125,0.6101243467858428,0.05881591765216699,0.24251993248425374,0.4045937249059716,0.815654968665714,0.24963669047349557,0.9706120030981901,0.5202349038613747,0.4748415311027715,0.05072798075835906,0.04497076620791715,-0.06415249776524168,-0.07100513250023825,-0.0486175796773728,-0.04963716262192833,0.7763868062258064,1,0.7179490036241571,1
2015-02-28,48,9,0,11,1,0.4078125,0.5797998249128751,0.058747827529096776,0.24237951136409358,0.37438820702519515,0.785211442800555,0.21952089404418418,0.940078755781566,0.4748415311027715,0.43682211816815575,0.04497076620791715,0.040286339744080725,-0.07100513250023825,-0.07658086069629076,-0.04963716262192833,-0.05057865293452266,0.7763868062258064,1,0.7587244264897615,1
2015-03-01,49,9,0,11,1,0.447083333,0.5541901041996554,0.058679692043805645,0.2422389152134843,0.3488976386388487,0.7594825697604621,0.19412015894423146,0.9142600494550794,0.43682211816815575,0.4134926955077988,0.040286339744080725,0.03749336042299211,-0.07658086069629076,-0.07990525775360557,-0.05057865293452266,-0.05120587942294868,0.7763868062258064,1,0.7905507666743219,1
2015-03-02,50,9,0,11,2,0.8004,0.5253358058139401,0.05912197209905222,0.24315010199268317,0.31927112832210125,0.731400483305779,0.163911449879231,0.8867601617486492,0.4134926955077988,0.4736813261105897,0.03749336042299211,0.04149045456388929,-0.07990525775360557,-0.07514764000130884,-0.05120587942294868,-0.04355353123553343,0.7763868062258064,0,0.8222498828432498,1
2015-03-04,52,9,0,11,2,0.83375,0.5788426387254957,0.05852220636846832,0.2419136341103335,0.37382584216530074,0.7838594352856907,0.21925619938777663,0.9384290780632147,0.4736813261105897,0.5273413834892595,0.04149045456388929,0.04800835319903682,-0.07514764000130884,-0.06738958648513921,-0.04355353123553343,-0.04279063462354798,0.7763868062258064,0,0.7603765427725522,1
2015-03-05,53,9,0,11,2,0.453125,0.6159631314824726,0.058455860231402375,0.24177646748888193,0.41106258079419145,0.8208636821707538,0.2565805800206277,0.9753456829443174,0.5273413834892595,0.49353949075324677,0.04800835319903682,0.04402585515836652,-0.06738958648513921,-0.07212983094996611,-0.04279063462354798,-0.04336277681972659,0.7763868062258064,1,0.7103417698034646,1
2015-03-08,55,9,0,11,2,0.929074074,0.5865920259967626,0.05854441852375255,0.24195953902202855,0.38153632597427745,0.7916477260192478,0.22693735245717545,0.9462466995363499,0.49353949075324677,0.5643719538916803,0.04402585515836652,0.050098435350786265,-0.07212983094996611,-0.06490182622771136,-0.04336277681972659,-0.03802188925464116,0.7763868062258064,0,0.7502740745712193,1
2015-03-09,56,9,0,11,2,0.841,0.8194792007748926,0.213046518095296,0.46156962432042253,0.4283085000590063,1.2106499014907788,0.13339063728313483,1.5055677642666503,0.5643719538916803,0.5667666071542824,0.050098435350786265,0.0538900980536113,-0.06490182622771136,-0.06652331287132288,-0.03802188925464116,-0.03866333944606193,0.7763868062258064,0,0.44017398946867914,0
2015-03-10,57,9,0,11,2,0.821666667,0.615412689763656,0.06200286522826782,0.24900374541011994,0.4043871706637695,0.8264382088635426,0.24528733274081166,0.9855380467865005,0.5667666071542824,0.6100003225607327,0.0538900980536113,0.04669364300076769,-0.06652331287132288,-0.06493285345280157,-0.03866333944606193,-0.024754310908157932,0.7763868062258064,0,0.7055749574365886,1
2015-03-11,58,9,0,11,2,0.505888889,0.6553405008808976,0.06085487892470375,0.24668781673342474,0.4462776833877398,0.8644033183740554,0.28865759781347233,1.0220234039483227,0.6100003225607327,0.5806433200659052,0.04669364300076769,0.05113420217646649,-0.06493285345280157,-0.06654987810785598,-0.024754310908157932,-0.033195442840081205,0.7763868062258064,1,0.6494076824697034,1
2015-01-01,0,1,1,12,0,0.750427826,1.0436744353727996,0.12794183296579514,0.35768957626102993,0.7405399247541711,1.346808945991428,0.5119957576127057,1.5753531131328935,0.8566479766,0.7293129375370194,0.13242990040885458,0.11105975695402343,0.033094774784278046,0.016379876940287714,0.04380698488118558,0.022691098068908868,0.8566479766,0,0.20581414220852212,0
2015-01-03,1,1,1,12,0,0.800725314,0.8708998398624568,0.0834004937353711,0.2887914363954913,0.626155076378736,1.1156446033461775,0.4416330698989351,1.3001666098259785,0.7293129375370194,0.7087873922134011,0.11105975695402343,0.10775104694090672,0.016379876940287714,0.013824951527560433,0.022691098068908868,0.020024582759596104,0.8566479766,0,0.33773938167435635,0
2015-01-04,2,1,1,12,0,0.800318644,0.8571801764641254,0.07280338048553557,0.2698210156484027,0.6285124518181302,1.0858479011101205,0.45611151147418605,1.2582488414540647,0.7087873922134011,0.6965508959906407,0.10775104694090672,0.10537436125932655,0.013824951527560433,0.012016171719992235,0.020024582759596104,0.01849711181046333,0.8566479766,0,0.34560005877754973,0
2015-01-05,3,1,1,12,0,0.800318644,0.8397082638239433,0.06700876651006973,0.2588605155485667,0.6203293360968568,1.0590871915510296,0.45493155864335966,1.2244849690045267,0.6965508959906407,0.6890748652265555,0.10537436125932655,0.10434690364909008,0.012016171719992235,0.011068962469987656,0.01849711181046333,0.017893749588168268,0.8566479766,0,0.3644644865327977,0
2015-01-06,4,1,1,12,0,0.850502311,0.8388070350099267,0.0640639265362681,0.25310852718995486,0.6243027983331029,1.0533112716867505,0.4625802283110546,1.2150338417087987,0.6890748652265555,0.6910544508955774,0.10434690364909008,0.10466165762058344,0.011068962469987656,0.01124558015428432,0.017893749588168268,0.017957404807552226,0.8566479766,0,0.3628446496678117,0
2015-01-07,5,1,1,12,0,0.850502311,0.8413523829223639,0.06198355873986246,0.24896497492591696,0.6303597210051725,1.0523450448395555,0.4712846553110127,1.211420110533715,0.6910544508955774,0.6926128108343682,0.10466165762058344,0.10480216026140385,0.01124558015428432,0.011308696561246312,0.017957404807552226,0.01794595633672824,0.8566479766,0,0.35683611891324996,0
2015-01-08,6,1,1,12,0,0.850502311,0.8431491499974575,0.06067841247633046,0.24632988547135418,0.6343896718386384,1.0519086281562766,0.4769982848555876,1.2093000151393274,0.6926128108343682,0.6939049733604448,0.10480216026140385,0.10484287715770166,0.011308696561246312,0.011313127298850808,0.01794595633672824,0.01789305062621295,0.8566479766,0,0.3526603314264136,0
2015-01-10,7,1,1,12,0,0.800117103,0.8358202473826534,0.05993270563405622,0.2448115716914873,0.6283475087185563,1.0432929860467506,0.47192624158609314,1.1997142531792135,0.6939049733604448,0.6869844965923693,0.10484287715770166,0.10544380271792626,0.011313127298850808,0.011265536039021064,0.01789305062621295,0.01830589686114694,0.8566479766,0,0.36296060975114747,0
2015-01-11,8,1,1,12,0,0.850502311,0.8390743731955463,0.05925512687737117,0.24342375988668644,0.6327777763040908,1.045370970087002,0.4772432453644818,1.200905501026611,0.6869844965923693,0.6891377923333707,0.10544380271792626,0.1053410010074827,0.011265536039021064,0.011211191663356228,0.01830589686114694,0.01809811094363632,0.8566479766,0,0.3572112349305053,0
2015-01-12,9,1,1,12,0,0.850522167,0.8401100445270567,0.059045906008722185,0.2429936336794077,0.6341779706913486,1.0460421183627648,0.4789182669827588,1.2013018220713547,0.6891377923333707,0.6913281312373019,0.1053410010074827,0.10518368870218137,0.011211191663356228,0.010984021720383685,0.01809811094363632,0.017872592788506832,0.8566479766,0,0.3553809811965756,0
2015-01-13,10,1,1,12,0,0.850502311,0.8416287382679692,0.05890568063889222,0.24270492504045363,0.6359413390266274,1.047316137509311,0.4808661044214597,1.2023913721144788,0.6913281312373019,0.6933126328939058,0.10518368870218137,0.10499228276415638,0.010984021720383685,0.010748176538069499,0.017872592788506832,0.017645262295910086,0.8566479766,0,0.3528893545436464,0
2015-01-14,11,1,1,12,0,0.800117103,0.8340083890082527,0.059185024736666744,0.2432797252889495,0.6278338584564248,1.0401829195600807,0.47239135778374003,1.1956254202327654,0.6933126328939058,0.6848533658946806,0.10499228276415638,0.10638278591971072,0.010748176538069499,0.011669758784821908,0.017645262295910086,0.01858074724829964,0.8566479766,0,0.36492839827026813,0
2015-01-15,12,1,1,12,0,0.850502311,0.8380898697269875,0.058752956214113486,0.24239009099819547,0.6326692858184368,1.0435104536355382,0.47779521302717437,1.1983845264268007,0.6848533658946806,0.6878538285247954,0.10638278591971072,0.10600076316377087,0.011669758784821908,0.011313122672946143,0.01858074724829964,0.018171634490829966,0.8566479766,0,0.3581448687739416,0
2015-01-17,13,1,1,12,0,0.800117103,0.824549340424341,0.06427091074108157,0.25351708175403403,0.6096988622127827,1.0393998186358995,0.4477152480653916,1.2013834327832904,0.6878538285247954,0.680058183736856,0.10600076316377087,0.10687138361189692,0.011313122672946143,0.014066135878917228,0.018171634490829966,0.01872683141205606,0.8566479766,0,0.38435586600291644,0
2015-01-18,14,1,1,12,0,0.403242161,0.7769008931705892,0.06410675735127694,0.25319312263818883,0.5623249636027703,0.9914768227384081,0.40054834169455106,1.1532534446466274,0.680058183736856,0.5613728814212985,0.10687138361189692,0.15039219890909333,0.014066135878917228,0.012899290693132366,0.01872683141205606,0.030110573957062514,0.8566479766,1,0.45769337324956066,0
2015-01-19,15,1,1,12,0,0.549969429,0.710532409460988,0.061618079881307686,0.24822989320649455,0.5001627140825787,0.9209021048393972,0.3415573255903727,1.0795074933316031,0.5613728814212985,0.5151630597706702,0.15039219890909333,0.16441374460627728,0.012899290693132366,0.013138281830770175,0.030110573957062514,0.036205557911117084,0.8566479766,1,0.5631640356642585,1
2015-01-21,17,1,1,12,0,0.700029771,0.6908480607388523,0.06043873598894038,0.2458429091695353,0.4825012849139334,0.8991948365637712,0.3254210492774783,1.0562750722002263,0.5151630597706702,0.5176440459821695,0.16441374460627728,0.16375633504504902,0.013138281830770175,0.013086488465783206,0.036205557911117084,0.03584749350130581,0.8566479766,1,0.5950707911370098,1
2015-01-22,18,1,1,12,0,0.750162367,0.7412843637810038,0.05859604226690035,0.24206619397780507,0.5361382758915801,0.9464304516704275,0.38147115566387435,1.1010975718981333,0.5176440459821695,0.5198028142254816,0.16375633504504902,0.16352266264213472,0.013086488465783206,0.012867687937756323,0.03584749350130581,0.03540948623801163,0.8566479766,0,0.5143608846056984,1
2015-01-24,19,1,1,12,0,0.800643806,0.756860778160136,0.05842914107379522,0.24172120526299554,0.5520070610641973,0.9617144952560747,0.3975603698445815,1.1161611864756904,0.5198028142254816,0.5302229279498288,0.16352266264213472,0.16275386580264348,0.012867687937756323,0.011695670839912084,0.03540948623801163,0.03311034073224903,0.8566479766,0,0.48867833282295875,0
2015-01-25,20,1,1,12,0,0.800909609,0.7646100006672372,0.05827627544301669,0.24140479581610777,0.5600244340268976,0.9691955673075767,0.40577991121898266,1.1234400901154917,0.5302229279498288,0.5388616040589901,0.16275386580264348,0.16191231695064562,0.011695670839912084,0.010825339847067517,0.03311034073224903,0.031368043068754445,0.8566479766,0,0.47587044275333046,0
2015-01-26,21,1,1,12,0,0.800023511,0.7517846928905763,0.05890753766331907,0.24270875069374626,0.5460940514872716,0.9574753342938809,0.39101637249791277,1.1125530132832397,0.5388616040589901,0.5513147507517913,0.16191231695064562,0.15996902346660377,0.010825339847067517,0.009757304382335253,0.031368043068754445,0.02919345683961225,0.8566479766,0,0.49706651270960867,0
2015-01-27,22,1,1,12,0,0.800263218,0.7524399674214113,0.059185929235383725,0.24328158425039847,0.5462638614382416,0.958616073404581,0.39082017299039,1.1140597618524326,0.5513147507517913,0.5639338396808233,0.15996902346660377,0.15776236352508585,0.009757304382335253,0.008757175527431778,0.02919345683961225,0.027128679946723282,0.8566479766,0,0.49599891684571873,0
2015-01-28,23,1,1,12,0,0.850362069,0.7899252419606619,0.0585239218741134,0.24191717978290297,0.5849054405163705,0.9949450434049534,0.43033353224709575,1.149516951674228,0.5639338396808233,0.5788947572651604,0.15776236352508585,0.15653816052033423,0.008757175527431778,0.006953357368396191,0.027128679946723282,0.02407320755642922,0.8566479766,0,0.43445750077033285,0
2015-01-29,24,1,1,12,0,0.850362069,0.7983878872661453,0.05889450717453404,0.242681905329866,0.5927199967529484,1.0040557777793422,0.43765947048968734,1.1591163040426031,0.5788947572651604,0.5923814593907222,0.15653816052033423,0.15542024057198564,0.006953357368396191,0.004890734863570278,0.02407320755642922,0.021616357850042747,0.8566479766,0,0.4209795789620358,0
2015-01-31,25,1,1,12,0,0.850362069,0.8061661516476971,0.05909025881819652,0.24308487986338542,0.6001567485601416,1.0121755547352527,0.4448387435072967,1.1674935597880975,0.5923814593907222,0.6040703113540276,0.15542024057198564,0.15438246298511651,0.004890734863570278,0.0030190730500846605,0.021616357850042747,0.019631678913126588,0.8566479766,0,0.40863575779459155,0
2015-02-01,26,1,1,12,0,1.000402055,0.8386221521776325,0.058756528821651256,0.24239746042739652,0.6331953228304036,1.0440489815248615,0.47831654137506235,1.1989277629802026,0.6040703113540276,0.6439213192593052,0.15438246298511651,0.1535624356274554,0.0030190730500846605,-0.004310897444920959,0.019631678913126588,0.011628542699886465,0.8566479766,0,0.3573292619117798,0
2015-02-02,27,1,1,12,0,1.000602279,0.8597630525759847,0.05955561782385988,0.2440401971476418,0.6529440378679965,1.066582067283973,0.49701563707656604,1.2225104680754035,0.6439213192593052,0.6673632156622602,0.1535624356274554,0.1491989052345583,-0.004310897444920959,0.004316610447472252,0.011628542699886465,0.0018730457481353317,0.8566479766,0,0.32643653074196927,0
2015-02-03,28,1,1,12,0,1.000018551,0.8792837137344155,0.05977061045982311,0.2444802864441694,0.6720917324588076,1.0864756950100234,0.5158821385647038,1.242685288904127,0.6673632156622602,0.7007368039788456,0.1491989052345583,0.14787604660116854,0.004316610447472252,-0.0029010635773188296,0.0018730457481353317,-0.0034898032945227296,0.8566479766,0,0.2984684973984234,0
2015-02-04,29,1,1,12,0,0.900147246,0.8807075780529072,0.060040319235072935,0.24503126175056303,0.6730486566119961,1.0883664994938183,0.5164870194913842,1.2449281366144302,0.7007368039788456,0.7063473654643015,0.14787604660116854,0.14726759363453876,-0.0029010635773188296,-0.003906029716206614,-0.0034898032945227296,-0.0041754473810192505,0.8566479766,0,0.296867197911977,0
2015-02-05,30,1,1,12,0,1.000018551,0.9022131861810415,0.05968328075315617,0.24430161840060774,0.6951726223733801,1.109253749988703,0.5390771876326891,1.265349184729394,0.7063473654643015,0.7329156982010613,0.14726759363453876,0.14570339720380368,-0.003906029716206614,-0.00923257622202023,-0.0041754473810192505,-0.007957871550015167,0.8566479766,0,0.26662440323361947,0
2015-02-07,31,1,1,12,0,0.900135693,0.9000476706754752,0.06003360278941219,0.24501755608407366,0.6924003645031649,1.1076949768477855,0.5358474845573235,1.2642478567936268,0.7329156982010613,0.7329406078989348,0.14570339720380368,0.14570030336387943,-0.00923257622202023,-0.00923655860722225,-0.007957871550015167,-0.007960604299077948,0.8566479766,0,0.2701380296176067,0
2015-02-08,32,1,1,12,0,0.900135693,0.9000040338483555,0.05990555685728282,0.2447561170988027,0.6925782918034797,1.1074297758932312,0.5361924571368764,1.2638156105598346,0.7329406078989348,0.7329770466544114,0.14570030336387943,0.14569565343761387,-0.00923655860722225,-0.009241880555953909,-0.007960604299077948,-0.007964645186208494,0.8566479766,0,0.2699806745688701,0
2015-02-09,33,1,1,12,0,0.900509044,0.883681880077438,0.06045751042790595,0.24588109001691438,0.675302746774825,1.092061013380051,0.5181981156554033,1.2491656444994725,0.7329770466544114,0.7377405435269396,0.14569565343761387,0.14486975492227552,-0.009241880555953909,-0.009872244318138025,-0.007964645186208494,-0.008300674050197085,0.8566479766,0,0.29332910064725976,0
2015-02-10,34,1,1,12,0,0.90047076,0.9028758270820605,0.059663617686577596,0.24426137166276946,0.695869371551487,1.109882282612634,0.5397996522853021,1.2659520018788188,0.7377405435269396,0.737106453847283,0.14486975492227552,0.14494813611581317,-0.009872244318138025,-0.009778165042606222,-0.008300674050197085,-0.00823969602330939,0.8566479766,0,0.26570015713649364,0
2015-02-11,35,1,1,12,0,1.000065789,0.9205084046144792,0.05925610932791319,0.2434257778623973,0.714210097530387,1.1268067116985714,0.5586742772141544,1.282342532014804,0.737106453847283,0.7568264674505182,0.14494813611581317,0.14361872559127875,-0.009778165042606222,-0.013234762588647368,-0.00823969602330939,-0.010617712298230615,0.8566479766,0,0.24182211047543883,0
2015-02-12,36,1,1,12,0,1.100483918,0.9474349063478098,0.0591593691317724,0.2432269909606506,0.7413050670474541,1.1535647456481655,0.585896260739774,1.3089735519558456,0.7568264674505182,0.7930808365957064,0.14361872559127875,0.1427047226669285,-0.013234762588647368,-0.02050902913398456,-0.010617712298230615,-0.015478953993015961,0.8566479766,0,0.20847298018585586,0
2015-02-14,37,1,1,12,0,1.000230409,0.956910189591314,0.05925511499439297,0.24342373547867713,0.7506136133851411,1.163206765797487,0.5950790980409213,1.3187412811417067,0.7930808365957064,0.8037464373872883,0.1427047226669285,0.14169163335730864,-0.02050902913398456,-0.022206207673304806,-0.015478953993015961,-0.016479696003621352,0.8566479766,0,0.1976625266388617,0
2015-02-15,38,1,1,12,0,1.000230409,0.9636582020425319,0.05918681942199745,0.24328341378317891,0.7574805455682077,1.1698358585168562,0.6020356881485065,1.3252807159365574,0.8037464373872883,0.8126460292142441,0.14169163335730864,0.14076359136314417,-0.022206207673304806,-0.023533585256873508,-0.016479696003621352,-0.017245511587256273,0.8566479766,0,0.189910115735758,0
2015-02-16,39,1,1,12,0,1.000230409,0.9693252101803862,0.05912326831290663,0.2431527674383054,0.7632582737785654,1.175392146582207,0.6078968922610454,1.3307535280997271,0.8126460292142441,0.8200780904870463,0.14076359136314417,0.13992701767173737,-0.023533585256873508,-0.02457388966877959,-0.017245511587256273,-0.017830117839213396,0.8566479766,0,0.18352688935216543,0
2015-02-17,40,1,1,12,0,1.000230409,0.9739795124834139,0.05904571454983401,0.24299323972043751,0.7680477725197769,1.1799112524470508,0.6127883205295224,1.3351707044373053,0.8200780904870463,0.8263106138823773,0.13992701767173737,0.1391733768607787,-0.02457388966877959,-0.025377995755951743,-0.017830117839213396,-0.018283000796311986,0.8566479766,0,0.1783289666220802,0
2015-02-18,41,1,1,12,1,0.800279693,0.9382204909549877,0.06066599607299569,0.24630468138668354,0.7294823727361257,1.1469586091738497,0.5721070897911065,1.304333892118869,0.8263106138823773,0.7904569344887784,0.1391733768607787,0.14806553933483257,-0.025377995755951743,-0.023049092474774976,-0.018283000796311986,-0.018592124465451398,0.8566479766,0,0.22238074217490222,0
2015-02-19,42,1,1,12,1,0.800470513,0.9249864265936788,0.06300787336089675,0.25101369158055253,0.7122575197263522,1.1377153334610055,0.5518734356189725,1.298099417568385,0.7904569344887784,0.7583057328244006,0.14806553933483257,0.15242558908620224,-0.023049092474774976,-0.013544077249219782,-0.018592124465451398,-0.02147291760402416,0.8566479766,0,0.2428641461637498,0
2015-02-24,45,1,1,12,1,0.268214286,0.5860894634870811,0.09954689986079339,0.31551053843064164,0.3187008141952826,0.8534781127788796,0.11710675606325527,1.055072170910907,0.7583057328244006,0.6740265318456355,0.15242558908620224,0.20636515678484912,-0.013544077249219782,-0.03069418045814354,-0.02147291760402416,-0.03602327907882655,0.8566479766,1,0.6982970500801947,1
2015-02-25,46,1,1,12,1,0.581130952,0.42721967555844903,0.07653718971220647,0.2766535553941183,0.1927615149323225,0.6616778361845755,0.015994953644182908,0.8384443974727152,0.6740265318456355,0.7037997435956911,0.20636515678484912,0.1890167264264945,-0.03069418045814354,-0.025238690218640128,-0.03602327907882655,-0.03180886960689741,0.8566479766,1,0.8783405231162171,1
2015-02-26,47,1,1,12,1,0.378895152,0.7679036700052688,0.05813228048764295,0.24110636758004328,0.5635710151166213,0.9722363248939163,0.4095171717055616,1.126290168304976,0.7037997435956911,0.634496594523376,0.1890167264264945,0.195792938463775,-0.025238690218640128,-0.016882550179391775,-0.03180886960689741,-0.02784241565204459,0.8566479766,1,0.47040321891721937,0
2015-02-28,48,1,1,12,1,0.550349708,0.7363219066949072,0.05758825088938011,0.23997552143787523,0.532947620499791,0.9396961928900233,0.37961632621199215,1.0930274871778223,0.634496594523376,0.6024806018614386,0.195792938463775,0.1977342674026659,-0.016882550179391775,-0.013133918841437556,-0.02784241565204459,-0.025029310074537285,0.8566479766,1,0.5227265536143237,1
2015-03-01,49,1,1,12,1,0.700019883,0.7341739546275139,0.05742096109773523,0.23962671198707217,0.5310952772205364,0.9372526320344914,0.3779868531831322,1.0903610560718957,0.6024806018614386,0.5965959168187667,0.1977342674026659,0.19780480835386757,-0.013133918841437556,-0.012404041673261467,-0.025029310074537285,-0.024253826609388938,0.8566479766,1,0.5263288331045906,1
2015-03-02,50,1,1,12,2,0.800579532,0.7818830930601277,0.05767448837336184,0.24015513397252586,0.5783565889604212,0.9854095971598342,0.4249105320408202,1.1388556540794352,0.5965959168187667,0.5998986063044325,0.19780480835386757,0.19809551751476376,-0.012404041673261467,-0.012991621225687406,-0.024253826609388938,-0.02488543183532312,0.8566479766,0,0.4471914343164285,0
2015-03-03,51,1,1,12,2,0.800566092,0.7759934986409499,0.057489263524508914,0.23976918802154065,0.5727940757444479,0.979192921537452,0.41959461727720193,1.1323923800046978,0.5998986063044325,0.6041653648227329,0.19809551751476376,0.1983616901387413,-0.012991621225687406,-0.013724225971241476,-0.02488543183532312,-0.02557802778605298,0.8566479766,0,0.45683503442404855,0
2015-03-04,52,1,1,12,2,0.750651724,0.7609423024188702,0.05730409434261143,0.23938273609976854,0.5580703895253393,0.9638142153124011,0.4051178527982371,1.1167667520395033,0.6041653648227329,0.6024178113740252,0.1983616901387413,0.19832583265012227,-0.013724225971241476,-0.013499496878890613,-0.02557802778605298,-0.025313098139904296,0.8566479766,0,0.48177050094650786,0
2015-03-05,53,1,1,12,2,0.750651724,0.7606321535284579,0.05755100264049114,0.23989790045036063,0.5573236495132698,0.963940657543646,0.4040419508109215,1.1172223562459944,0.6024178113740252,0.6006817667359927,0.19832583265012227,0.19826549642707905,-0.013499496878890613,-0.013182796325873485,-0.025313098139904296,-0.02510664075223937,0.8566479766,0,0.4823248665397412,0
2015-03-07,54,1,1,12,2,0.850045,0.7924119710366572,0.0578421489769863,0.24050394794469862,0.5885898543170448,0.9962340877562695,0.43492092425814005,1.1499030178151743,0.6006817667359927,0.6108060809729158,0.19826549642707905,0.19924283664023953,-0.013182796325873485,-0.015411206556553416,-0.02510664075223937,-0.026628529197987316,0.8566479766,0,0.4300109617520658,0
2015-03-08,55,1,1,12,2,0.85007069,0.7930009244935419,0.05771008570764351,0.24022923574711616,0.5894116206740023,0.9965902283130814,0.43591821675442866,1.150083632232655,0.6108060809729158,0.6207010830754223,0.19924283664023953,0.1999933471025181,-0.015411206556553416,-0.01745462948112573,-0.026628529197987316,-0.0279849251925216,0.8566479766,0,0.4289690285015218,0
2015-03-09,56,1,1,12,2,0.850426891,0.7998126970697403,0.057536283771795635,0.23986722112826428,0.5965301931448735,1.003095200994607,0.44326809685920804,1.1563572972802727,0.6207010830754223,0.6293058695032232,0.1999933471025181,0.20053306983845057,-0.01745462948112573,-0.019139649274717983,-0.0279849251925216,-0.029069151889067692,0.8566479766,0,0.4177441823902477,0
2015-03-10,57,1,1,12,2,0.900061017,0.8196092863778903,0.05741481470853255,0.23961388671888895,0.616541478120176,1.0226770946356045,0.4634412487309523,1.1757773240248284,0.6293058695032232,0.6427308736426378,0.20053306983845057,0.20155371069106617,-0.019139649274717983,-0.021347176727729306,-0.029069151889067692,-0.03128752552626129,0.8566479766,0,0.3857145573287968,0
2015-03-11,58,1,1,12,2,0.750050847,0.7805095156585389,0.05741591247997219,0.23961617741707714,0.5774397660815345,0.9835792652355433,0.4243380730608708,1.136680958256207,0.6427308736426378,0.63765133848054,0.20155371069106617,0.20164280558074135,-0.021347176727729306,-0.020572817911523596,-0.03128752552626129,-0.030915851770537944,0.8566479766,0,0.44934094984298406,0
2015-01-01,0,10,1,13,0,0.712205247,0.9454941304891672,0.12600347791213198,0.35496968590589817,0.6446646706365065,1.246323590341828,0.4178583653651786,1.4731298956131558,0.7631772245641025,0.6603190039663036,0.13242990040885458,0.11516760602500913,0.033094774784278046,0.020479414067492263,0.04380698488118558,0.028080759165222652,0.7631772245641025,1,0.2909077700882981,0
2015-01-03,1,10,1,13,0,0.787299691,0.8174383015342278,0.08361369385579502,0.2891603255216646,0.5723809121532026,1.062495690915253,0.38762320560355307,1.2472533974649025,0.6603190039663036,0.6514988607866741,0.11516760602500913,0.11354347517848123,0.020479414067492263,0.0195205926866072,0.028080759165222652,0.026956546396036934,0.7631772245641025,0,0.4077948444973386,0
2015-01-04,2,10,1,13,0,0.699965217,0.7924030175774001,0.07249453346359988,0.2692480890621136,0.5642208363519613,1.0205851988028387,0.39218596490738333,1.1926200702474168,0.6514988607866741,0.6301489694070239,0.11354347517848123,0.11263522077871455,0.0195205926866072,0.015220089486981205,0.026956546396036934,0.023998246399473386,0.7631772245641025,1,0.43743060855429206,0
2015-01-05,3,10,1,13,0,0.7504,0.7702071185100434,0.06684756058411769,0.2585489520073862,0.5510922344337942,0.9893220025862927,0.3858935291220549,1.154520707898032,0.6301489694070239,0.6262043429604753,0.11263522077871455,0.1124241638702104,0.015220089486981205,0.014705091431581802,0.023998246399473386,0.023562040995276617,0.7631772245641025,0,0.468852032263285,0
2015-01-06,4,10,1,13,0,0.750545455,0.7656856827949614,0.06384098131449233,0.25266772907217955,0.5515550133970899,0.9798163521928329,0.39011408937590514,1.1412572762140176,0.6262043429604753,0.6234078159928842,0.1124241638702104,0.1123840036354078,0.014705091431581802,0.014390951009400903,0.023562040995276617,0.023382268107238164,0.7631772245641025,0,0.4752494513944169,0
2015-01-07,5,10,1,13,0,0.8,0.7857520681906592,0.06222133830364289,0.2494420539998075,0.5743550916353339,0.9971490447459845,0.4149751983844345,1.156528937996884,0.6234078159928842,0.6256525919079571,0.1123840036354078,0.11278222476902618,0.014390951009400903,0.014487032724484324,0.023382268107238164,0.02339996740736316,0.7631772245641025,0,0.44301551233639985,0
2015-01-08,6,10,1,13,0,0.8,0.7882531751950387,0.06076657842571895,0.2465087796118405,0.5793420879558104,0.9971642624342669,0.42183639735572026,1.1546699530343572,0.6256525919079571,0.627595656815607,0.11278222476902618,0.11297945891595805,0.014487032724484324,0.014448647011336803,0.02339996740736316,0.023343066391269558,0.7631772245641025,0,0.43833979898800335,0
2015-01-10,7,10,1,13,0,0.8,0.785337532832373,0.05981834285365187,0.24457788709049694,0.5780628370296329,0.992612228635113,0.42179088163575995,1.148884184028986,0.627595656815607,0.6302362337594931,0.11297945891595805,0.11297715814916652,0.014448647011336803,0.01433930924601914,0.023343066391269558,0.023196347582513262,0.7631772245641025,0,0.44255923961828514,0
2015-01-11,8,10,1,13,0,0.8,0.7583174078828526,0.06028706895512708,0.24553425210167132,0.550232212532808,0.9664026032328973,0.39334919195988555,1.1232856238058198,0.6302362337594931,0.6401537045911525,0.11297715814916652,0.1110987470762725,0.01433930924601914,0.013261982362605724,0.023196347582513262,0.022768692106597696,0.7631772245641025,0,0.48648851982681873,0
2015-01-12,9,10,1,13,0,0.688557555,0.7719252508169598,0.06060346625279754,0.2461777127458892,0.5632947358925338,0.9805557657413859,0.406000578996998,1.1378499226369216,0.6401537045911525,0.6193559824338292,0.1110987470762725,0.11354498340963176,0.013261982362605724,0.01835836991617442,0.022768692106597696,0.02394725943900907,0.7631772245641025,1,0.4645160418694637,0
2015-01-13,10,10,1,13,0,0.35020649,0.7228304102989482,0.0616789665942514,0.24835250470702203,0.512356804212273,0.9333040163856234,0.353673073646018,1.0919877469518784,0.6193559824338292,0.5168289955185857,0.11354498340963176,0.14429398622258016,0.01835836991617442,0.02642556425589371,0.02394725943900907,0.03228195991154633,0.7631772245641025,1,0.5435571047860024,1
2015-01-14,11,10,1,13,0,0.499980334,0.6544320566622474,0.06084998025536674,0.24667788764979875,0.44537765386190037,0.8634864594625944,0.28776391243154537,1.0211002008929493,0.5168289955185857,0.47711652894113826,0.14429398622258016,0.15605810623036084,0.02642556425589371,0.028083643314343126,0.03228195991154633,0.036432521135131714,0.7631772245641025,1,0.6507773442586403,1
2015-01-15,12,10,1,13,0,0.600291767,0.6279348417397657,0.060317468326663265,0.2455961488433059,0.4197971901826366,0.8360724932968947,0.26287462096137637,0.992995062518155,0.47711652894113826,0.4702551954035431,0.15605810623036084,0.15799777799024414,0.028083643314343126,0.02833198441515784,0.036432521135131714,0.03726991207513613,0.7631772245641025,1,0.6904110335944037,1
2015-01-17,13,10,1,13,0,0.650198653,0.6539406883505523,0.05895641119115759,0.24280941330837566,0.44816473746537167,0.8597166392357329,0.29302274054518784,1.0148586361559166,0.4702551954035431,0.46938661590680525,0.15799777799024414,0.1581320160689637,0.02833198441515784,0.02838217019417973,0.03726991207513613,0.03744478296360118,0.7631772245641025,1,0.6538058687076462,1
2015-01-18,14,10,1,13,0,0.700094156,0.6639708045229868,0.05857211626867355,0.2420167685691914,0.4588666036441069,0.8690750054018668,0.3042310635618594,1.0237105454841142,0.46938661590680525,0.47768544707376737,0.1581320160689637,0.15715050069797956,0.02838217019417973,0.027397855366004364,0.03744478296360118,0.035940900974836876,0.7631772245641025,1,0.6388804602272178,1
2015-01-19,15,10,1,13,0,0.750057359,0.7037039338250798,0.058367460730098075,0.24159358586290752,0.4989583715286058,0.9084494961215538,0.3445932221582356,1.0628146454919238,0.47768544707376737,0.4876023426977731,0.15715050069797956,0.15730423141698213,0.027397855366004364,0.025637477372876208,0.035940900974836876,0.03368663048066298,0.7631772245641025,0,0.5759831481111098,1
2015-01-20,16,10,1,13,0,0.750057359,0.7115904842211056,0.05819433862317181,0.24123502776995676,0.5071487924851639,0.9160321759570473,0.3530127422168191,1.070168226225392,0.4876023426977731,0.49595019839698956,0.15730423141698213,0.15714796838593598,0.025637477372876208,0.024431067361935337,0.03368663048066298,0.03175275097499039,0.7631772245641025,0,0.5632523483388705,1
2015-01-21,17,10,1,13,0,0.800020563,0.7311049045841265,0.05815271099115824,0.24114873209527402,0.5267363466458953,0.9354734625223576,0.3726554346158645,1.0895543745523883,0.49595019839698956,0.5106283513414418,0.15714796838593598,0.15730099569292974,0.024431067361935337,0.02226127735678681,0.03175275097499039,0.028073372951799274,0.7631772245641025,0,0.5312269787161257,1
2015-01-22,18,10,1,13,0,0.800020563,0.7173844368190263,0.058422249205076576,0.24170694902107506,0.5125428015929676,0.922226072045085,0.3581052193358504,1.0766636543022021,0.5106283513414418,0.5304620340927735,0.15730099569292974,0.15503862671909807,0.02226127735678681,0.02012377963868475,0.028073372951799274,0.023974939992349405,0.7631772245641025,0,0.5536697340529929,1
2015-01-24,19,10,1,13,0,0.80062987,0.7466038755587099,0.0582839159461193,0.24142062038301387,0.5420048979255341,0.9512028531918857,0.387750264080832,1.1054574870365879,0.5304620340927735,0.5430809044942441,0.15503862671909807,0.1542821272221725,0.02012377963868475,0.018430076777188623,0.023974939992349405,0.021132146583941865,0.7631772245641025,0,0.5056118360701883,1
2015-01-25,20,10,1,13,0,0.800020563,0.7545989826686151,0.05837559412357189,0.24161041807747424,0.5498391554187739,0.9593588099184563,0.39546325117961634,1.113734714157614,0.5430809044942441,0.554010865409902,0.1542821272221725,0.15340858740437668,0.018430076777188623,0.017028025656826755,0.021132146583941865,0.018758417021571064,0.7631772245641025,0,0.49240671051837803,0
2015-01-26,21,10,1,13,0,0.800020563,0.7434019618291371,0.059097460753312195,0.24309969303417928,0.5373800048860115,0.9494239187722627,0.38205253502343633,1.104751388634838,0.554010865409902,0.5691362255033795,0.15340858740437668,0.15123011038040232,0.017028025656826755,0.014981375827217758,0.018758417021571064,0.016132598495971425,0.7631772245641025,0,0.510826477089981,1
2015-01-27,22,10,1,13,0,0.900129762,0.7696297868282892,0.05891612565793605,0.24272644202462998,0.5639241523883249,0.9753354212682535,0.4088351696016212,1.1304244040549571,0.5691362255033795,0.6028481015222495,0.15123011038040232,0.14838871808844356,0.014981375827217758,0.009119593556930804,0.016132598495971425,0.009829621228444128,0.7631772245641025,0,0.4677718509360299,0
2015-01-28,23,10,1,13,0,0.850532143,0.7782160392990911,0.05925541512870718,0.2434243519632068,0.5719189406350423,0.9845131379631399,0.41638403139076857,1.1400480472074137,0.6028481015222495,0.6224081328928259,0.14838871808844356,0.145757194262027,0.009119593556930804,0.006172107936928134,0.009829621228444128,0.006619368174882047,0.7631772245641025,0,0.4538607587072684,0
2015-01-29,24,10,1,13,0,0.900129762,0.8168898152645901,0.05892413310784929,0.24274293626766832,0.611170202295132,1.0226094282340483,0.4560706805850488,1.1777089499441316,0.6224081328928259,0.6432240571356933,0.145757194262027,0.14492420911532963,0.006172107936928134,0.002041530802774516,0.006619368174882047,0.002556612329355704,0.7631772245641025,0,0.3914436955389452,0
2015-01-31,25,10,1,13,0,0.920236905,0.8334702800411841,0.058906427503194414,0.2427064636617542,0.6277815768501442,1.0391589832322239,0.4727053591497256,1.1942352009326425,0.6432240571356933,0.6649272761978452,0.14492420911532963,0.1439047192104533,0.002041530802774516,-0.0020983365370339183,0.002556612329355704,-0.0015899870698120478,0.7631772245641025,0,0.36545528112659365,0
2015-02-01,26,10,1,13,0,0.850532143,0.8312181713528257,0.05910126297087119,0.24310751319297227,0.6251895869870241,1.0372467557186273,0.4698571204686981,1.1925792222369533,0.6649272761978452,0.6700479288488319,0.1439047192104533,0.14325490876852226,-0.0020983365370339183,-0.002806371359251413,-0.0015899870698120478,-0.002420797676838864,0.7631772245641025,0,0.3691583335286948,0
2015-02-02,27,10,1,13,0,0.900129762,0.8431931308928841,0.06141010487867327,0.24781062301417442,0.6331787583222974,1.0532075034634707,0.4748412606585374,1.2115450011272308,0.6700479288488319,0.6791823429833285,0.14325490876852226,0.14057200416587012,-0.002806371359251413,0.0021386246039826313,-0.002420797676838864,-0.006637225959277914,0.7631772245641025,0,0.3534339433832743,0
2015-02-03,28,10,1,13,0,0.999995238,0.8535304145364115,0.05980769097628035,0.244556110077586,0.6462741743012631,1.06078665477156,0.490016133233132,1.2170446958396912,0.6791823429833285,0.7201588029832586,0.14057200416587012,0.1371274280526828,0.0021386246039826313,-0.006455404555833422,-0.006637225959277914,-0.012234303769105049,0.7631772245641025,0,0.3360235609989136,0
2015-02-04,29,10,1,13,0,0.999995238,0.8931215891557616,0.059667217032573626,0.24426873936829008,0.6861088896472933,1.1001342886642298,0.5300344628183676,1.2562087154931554,0.7201588029832586,0.748445845322916,0.1371274280526828,0.13600963264562188,-0.006455404555833422,-0.012998887813305132,-0.012234303769105049,-0.016468309097403315,0.7631772245641025,0,0.2789651205644038,0
2015-02-05,30,10,1,13,0,0.999995238,0.9106801289811823,0.05972919470239594,0.24439557013660443,0.7035599430223505,1.1178003149400142,0.5474044782369507,1.273955779725414,0.748445845322916,0.7722582528540762,0.13600963264562188,0.13461371039349046,-0.012998887813305132,-0.018309693595221443,-0.016468309097403315,-0.01966063180693685,0.7631772245641025,0,0.25544283144858304,0
2015-02-07,31,10,1,13,0,0.900129762,0.9080714678061601,0.05992574984708734,0.24479736486957399,0.70061076912951,1.1155321664828102,0.5441985793828512,1.271944356229469,0.7722582528540762,0.7700241023034807,0.13461371039349046,0.13492301800583087,-0.018309693595221443,-0.01793482979584929,-0.01966063180693685,-0.019433425803117778,0.7631772245641025,0,0.25922914448433687,0
2015-02-08,32,10,1,13,0,0.9008,0.9057387284629705,0.05959093605765005,0.24411254793158432,0.6988583979634724,1.1126190589624687,0.5428837689597719,1.2685936879661692,0.7700241023034807,0.7686736134346713,0.13492301800583087,0.1351306048500285,-0.01793482979584929,-0.017755636406174825,-0.019433425803117778,-0.019289662289991554,0.7631772245641025,0,0.26174360946613084,0
2015-02-09,33,10,1,13,0,0.9008,0.9060192710631458,0.059864676846062254,0.24467259112140505,0.6986643155548727,1.1133742265714188,0.5423318494407963,1.2697066926854954,0.7686736134346713,0.7672410634970447,0.1351306048500285,0.13534216411314734,-0.017755636406174825,-0.017531975452056443,-0.019289662289991554,-0.019163985968479947,0.7631772245641025,0,0.26184572282789753,0
2015-02-10,34,10,1,13,0,0.90063244,0.9045583257316039,0.05962620095536125,0.24418476806582604,0.6976167901635124,1.1114998612996954,0.5415960164255883,1.2675206350376196,0.7672410634970447,0.7661895053155636,0.13534216411314734,0.13550875425596307,-0.017531975452056443,-0.01739407321489563,-0.019163985968479947,-0.01907005165881042,0.7631772245641025,0,0.26338103896802495,0
2015-02-11,35,10,1,13,0,0.850364583,0.8970313692589469,0.06120152028185628,0.2473894102055629,0.6873739658232717,1.1066887726946222,0.5293056002140146,1.2647571383038791,0.7661895053155636,0.7529984605192144,0.13550875425596307,0.13758459889184216,-0.01739407321489563,-0.014668051501167678,-0.01907005165881042,-0.018700044533425657,0.7631772245641025,0,0.2761451394695229,0
2015-02-12,36,10,1,13,0,0.441392,0.6102003944612108,0.11441997084451881,0.33826021173723464,0.3235318680295341,0.8968689208928875,0.1074020071130235,1.112998781809398,0.7529984605192144,0.6968336171947317,0.13758459889184216,0.1629960744910268,-0.014668051501167678,-0.004416827953950762,-0.018700044533425657,-0.030524967567030485,0.7631772245641025,1,0.660302968383324,1
2015-02-16,39,10,1,13,0,0.35542803,0.513646676646362,0.08558387068103693,0.29254721102932585,0.26571897191642935,0.7615743813762946,0.07879722990440158,0.9484961233883225,0.6968336171947317,0.6638869886677125,0.1629960744910268,0.1852104838079705,-0.004416827953950762,-0.01819149359075454,-0.030524967567030485,-0.028753836406609036,0.7631772245641025,1,0.7904302848380551,1
2015-02-17,40,10,1,13,0,0.302117347,0.44657473999252817,0.07105505027419236,0.26656153187245973,0.2206693603654127,0.6724801196196436,0.050351052712839905,0.8427984272722164,0.6638869886677125,0.6403926027892954,0.1852104838079705,0.19942462393693994,-0.01819149359075454,-0.024507197732029046,-0.028753836406609036,-0.02952153975526214,0.7631772245641025,1,0.8725010270932773,1
2015-02-18,41,10,1,13,1,0.303574468,0.4022337162945282,0.06640126396094417,0.2576844270827094,0.18385149919364605,0.6206159333954103,0.019205178245322252,0.7852622543437342,0.6403926027892954,0.6265778437259792,0.19942462393693994,0.2069204624583902,-0.024507197732029046,-0.028900235629367412,-0.02952153975526214,-0.028567492169591712,0.7631772245641025,1,0.9114249613930085,1
2015-02-19,42,10,1,13,1,0.249416667,0.3752373481964113,0.0634434008261936,0.25187973484620313,0.16177448759117657,0.588700208801646,0.0008370489831553418,0.7496376474096673,0.6265778437259792,0.6109946779949078,0.2069204624583902,0.21463002944914256,-0.028900235629367412,-0.033731978547472063,-0.028567492169591712,-0.02709200621012875,0.7631772245641025,1,0.9316065460772845,1
2015-02-22,43,10,1,13,1,0.456875,0.34650946766102153,0.061347741171989524,0.2476847616870879,0.13660175995942828,0.5564171753626148,-0.02165531916802721,0.7146742544900703,0.6109946779949078,0.62371211947611,0.21463002944914256,0.20908968676253703,-0.033731978547472063,-0.030570623367443785,-0.02709200621012875,-0.028150399881589107,0.7631772245641025,1,0.9483486422157392,1
2015-02-23,44,10,1,13,1,0.417916667,0.36662728944499967,0.05996272094436128,0.24487286690109478,0.15910260435975757,0.5741519745302418,0.0026421729251754345,0.7306124059648239,0.62371211947611,0.6297153749306529,0.20908968676253703,0.20705239627977376,-0.030570623367443785,-0.029499554146660015,-0.028150399881589107,-0.02884927061688344,0.7631772245641025,1,0.9412787354819294,1
2015-02-24,45,10,1,13,1,0.471108491,0.3719720519242736,0.05897120715156773,0.24283987965646772,0.166170281439831,0.5777738224087161,0.011008818181759139,0.732935285666788,0.6297153749306529,0.6407208844148544,0.20705239627977376,0.203658800436236,-0.029499554146660015,-0.02796329995285185,-0.02884927061688344,-0.02985185040359898,0.7631772245641025,1,0.9402286991248259,1
2015-02-25,46,10,1,13,1,0.700058333,0.3885460824155196,0.058288031716191666,0.24142914429743495,0.18393988094134284,0.5931522838896963,0.029679800779355003,0.7474123640516841,0.6407208844148544,0.6798408254467269,0.203658800436236,0.1960352523810277,-0.02796329995285185,-0.026202975207570124,-0.02985185040359898,-0.03492642089361577,0.7631772245641025,1,0.9328219541600931,1
2015-02-26,47,10,1,13,1,0.700251773,0.433131627090494,0.057854679332035856,0.24052999674060585,0.2292874345556396,0.6369758196253484,0.07560186073420788,0.7906613934467801,0.6798408254467269,0.7163249320999291,0.1960352523810277,0.19146469638522962,-0.026202975207570124,-0.026686719606510444,-0.03492642089361577,-0.040228005961917036,0.7631772245641025,1,0.9061436390189557,1
2015-02-28,48,10,1,13,1,0.700236601,0.8263406185749409,0.06386461405827921,0.2527144911916988,0.612170319248895,1.0405109179009868,0.4506995167789977,1.201981720370884,0.7163249320999291,0.6807493571776653,0.19146469638522962,0.18384287422680923,-0.026686719606510444,-0.01981326484307997,-0.040228005961917036,-0.029540593131580944,0.7631772245641025,1,0.3812945964291259,0
2015-03-01,49,10,1,13,1,0.700236601,0.7728477335102818,0.06143993592075454,0.24787080489794386,0.5627823580391487,0.9829131089814149,0.4044064074278723,1.1412890595926912,0.6807493571776653,0.6625492524579628,0.18384287422680923,0.1804001907638144,-0.01981326484307997,-0.016294592581982858,-0.029540593131580944,-0.024666694763921526,0.7631772245641025,1,0.46327911233719526,0
2015-03-02,50,10,1,13,2,0.70013604,0.7594878944146966,0.06074718523936329,0.24646944078194216,0.5506101460193736,0.9683656428100195,0.39312959079004106,1.1258461980393522,0.6625492524579628,0.6485941170490654,0.1804001907638144,0.17789693592294345,-0.016294592581982858,-0.01385497604266218,-0.024666694763921526,-0.02088758364303614,0.7631772245641025,1,0.4846464227807658,0
2015-03-03,51,10,1,13,2,0.699984417,0.7495534518016143,0.060355268438632516,0.2456730926223556,0.5413505919847109,0.9577563116185176,0.384378859877343,1.1147280437258855,0.6485941170490654,0.6374025396876144,0.17789693592294345,0.17599353240962756,-0.01385497604266218,-0.011726915328945188,-0.02088758364303614,-0.01816081382947798,0.7631772245641025,1,0.5007251378511836,0
2015-03-04,52,10,1,13,2,0.700058333,0.7401991978458364,0.059563146702809384,0.2440556221495612,0.533367110768066,0.9470312849236069,0.37742885424012323,1.1029695414515497,0.6374025396876144,0.6288844925058988,0.17599353240962756,0.17464612710437233,-0.011726915328945188,-0.0100345797972466,-0.01816081382947798,-0.016341660554084786,0.7631772245641025,1,0.5160164460446154,1
2015-03-05,53,10,1,13,2,0.700422,0.7347187146851215,0.05951626690905246,0.2439595599870037,0.5279680383013394,0.9414693910689036,0.3720911602657895,1.0973462691044535,0.6288844925058988,0.6217920414814034,0.17464612710437233,0.17356421373961733,-0.0100345797972466,-0.008846145921973228,-0.016341660554084786,-0.014638581950693237,0.7631772245641025,1,0.5249728543343315,1
2015-03-07,54,10,1,13,2,0.700422,0.7295059044217654,0.059271858941354415,0.24345812564248995,0.5231801832637422,0.9358316255797887,0.3676236944769954,1.0913881143665356,0.6217920414814034,0.6159476096420323,0.17356421373961733,0.17272100567318255,-0.008846145921973228,-0.007787498465319573,-0.014638581950693237,-0.013377230514632986,0.7631772245641025,1,0.5335429983042725,1
2015-03-08,55,10,1,13,2,0.700422,0.7248091701313102,0.05886438789312079,0.2426198423318274,0.5191938767240581,0.9304244635385622,0.3641730053379263,1.0854453349246942,0.6159476096420323,0.6112488546020205,0.17272100567318255,0.17208521810368152,-0.007787498465319573,-0.00698909947801929,-0.013377230514632986,-0.012380326678284018,0.7631772245641025,1,0.5413472355598641,1
2015-03-09,56,10,1,13,2,0.700422,0.7207994118763926,0.05843725043126747,0.24173797887644272,0.5159314794903223,0.925667344262463,0.36147407084484434,1.080124752907941,0.6112488546020205,0.6074992579870288,0.17208521810368152,0.17161262701201244,-0.00698909947801929,-0.006446628424424232,-0.012380326678284018,-0.011552954468587931,0.7631772245641025,1,0.5480730472941812,1
2015-03-10,57,10,1,13,2,0.750608,0.7283592768351695,0.05844806471187291,0.24176034561497656,0.5234723891012514,0.9332461645690877,0.3690006893274623,1.0877178643428769,0.6074992579870288,0.6115471277316583,0.17161262701201244,0.17212690070530148,-0.006446628424424232,-0.007085771106695689,-0.011552954468587931,-0.012382689610947012,0.7631772245641025,0,0.5356629369590483,1
2015-03-11,58,10,1,13,2,0.750608,0.7313475698463353,0.05814085716735901,0.24112415301532739,0.5269998421694971,0.9356952975231735,0.37293463483350364,1.089760504859167,0.6115471277316583,0.6149316514064248,0.17212690070530148,0.17252615703295854,-0.007085771106695689,-0.007565269517645622,-0.012382689610947012,-0.013082666469147495,0.7631772245641025,0,0.5308298783908203,1
2015-01-01,0,11,1,14,0,0.800570492,0.7988366646481253,0.12246157655174776,0.34994510505470394,0.5022654330427394,1.0954078962535112,0.2786695614046051,1.3190037678916455,0.6332285028780488,0.6340150658513755,0.13242990040885458,0.13256924355102115,0.033094774784278046,0.03321256807921311,0.04380698488118558,0.04383468155796687,0.6332285028780488,0,0.4445057134384208,0
2015-01-03,1,11,1,14,0,0.800237288,0.7985607309313867,0.08218933611831948,0.28668682585413563,0.5555995813096228,1.0415218805531505,0.3724223063938758,1.2246991554688975,0.6340150658513755,0.6345375238384512,0.13256924355102115,0.13264688805688898,0.03321256807921311,0.03328045139810876,0.04383468155796687,0.04384229301919679,0.6332285028780488,0,0.4327465225335703,0
2015-01-04,2,11,1,14,0,0.750348457,0.8160582331240935,0.07591476491580827,0.2755263416005959,0.5825553628512219,1.0495611033969652,0.4065090298132982,1.2256074364348888,0.6345375238384512,0.6185610577039908,0.13264688805688898,0.13127086442806116,0.03328045139810876,0.03339379703593491,0.04384229301919679,0.03762919255035128,0.6332285028780488,0,0.40526092007192277,0
2015-01-05,3,11,1,14,0,0.800250962,0.8038876825484708,0.06876563722990395,0.26223202937456735,0.5816514666544437,1.0261238984424979,0.41409947540633785,1.1936758896906037,0.6185610577039908,0.6178586416782658,0.13127086442806116,0.13121220264157651,0.03339379703593491,0.03337456890387868,0.03762919255035128,0.03737673000381874,0.6332285028780488,0,0.41859223783358757,0
2015-01-06,4,11,1,14,0,0.750057851,0.794781218896269,0.06477005999254379,0.25449962670413445,0.5790980541811707,1.0104643836113674,0.4164866472989533,1.1730757904935847,0.6178586416782658,0.6094643028140456,0.13121220264157651,0.13121484223064547,0.03337456890387868,0.033628857685711666,0.03737673000381874,0.03508970862850087,0.6332285028780488,0,0.43016351012665344,0
2015-01-07,5,11,1,14,0,0.412119835,0.776665892153641,0.06258485364480906,0.250169649727558,0.5646522932824927,0.9886794910247894,0.40480750597079146,1.1485242783364906,0.6094643028140456,0.5407944362838677,0.13121484223064547,0.1365769494838195,0.033628857685711666,0.03740316648297415,0.03508970862850087,0.021417737320717403,0.6332285028780488,1,0.45755663584817563,0
2015-01-08,6,11,1,14,0,0.349951389,0.6920891499981519,0.06184545592722826,0.24868746636537245,0.48133167084075024,0.9028466291555535,0.3224339180096245,1.0617443819866792,0.5407944362838677,0.46926123772054984,0.1365769494838195,0.14322060972368375,0.03740316648297415,0.052448177284815885,0.021417737320717403,0.01342449777614153,0.6332285028780488,1,0.5920672609677483,1
2015-01-10,7,11,1,14,0,0.673245283,0.6408803504286835,0.060081948873310496,0.24511619463697312,0.433149450124909,0.848611250732458,0.27653354551350123,1.0052271553438659,0.46926123772054984,0.4750917504751013,0.14322060972368375,0.14233628914386715,0.052448177284815885,0.05252775390658752,0.01342449777614153,0.013773973332731903,0.6332285028780488,1,0.671903424218798,1
2015-01-11,8,11,1,14,0,0.600229846,0.6315674601301412,0.05997197123818513,0.24489175412452158,0.42402676851406784,0.8391081517462146,0.2675542691719084,0.995580651088374,0.4750917504751013,0.46895829595641986,0.14233628914386715,0.14384972765879106,0.05252775390658752,0.052425621463355596,0.013773973332731903,0.013649198872108179,0.6332285028780488,1,0.6856692975029907,1
2015-01-12,9,11,1,14,0,0.64998056,0.6560292675454398,0.058688738008115054,0.2422575860692809,0.450720978820889,0.8613375562699905,0.2959315694658314,1.0161269656250482,0.46895829595641986,0.4679477677194801,0.14384972765879106,0.1439713213729852,0.052425621463355596,0.05240701229198951,0.013649198872108179,0.013672461660599189,0.6332285028780488,1,0.6509534761458776,1
2015-01-13,10,11,1,14,0,0.582301029,0.6332397043948299,0.059071886341955177,0.24304708667654334,0.42726233025068905,0.8392170785389708,0.2719684729868313,0.9945109358028286,0.4679477677194801,0.45718090344798673,0.1439713213729852,0.14574498367774216,0.05240701229198951,0.05407391997178951,0.013672461660599189,0.014133452567095993,0.6332285028780488,1,0.6845291977848142,1
2015-01-14,11,11,1,14,0,0.35003125,0.5997413814225244,0.060024561976397196,0.24499910607264916,0.39210971125292493,0.8073730515921239,0.2355686198599926,0.9639141429850562,0.45718090344798673,0.401281524293825,0.14574498367774216,0.16426178534745825,0.05407391997178951,0.056140312725776936,0.014133452567095993,0.01576614977261373,0.6332285028780488,1,0.7301619029663473,1
2015-01-15,12,11,1,14,0,0.500025069,0.5805169847806645,0.05867249777956965,0.24222406523623877,0.3752371042681337,0.7857968652931953,0.22046911290056564,0.9405648566607634,0.401281524293825,0.38466548039990006,0.16426178534745825,0.16840525990491764,0.056140312725776936,0.05706191238132521,0.01576614977261373,0.016855257670416176,0.6332285028780488,1,0.757941161915135,1
2015-01-17,13,11,1,14,0,0.600273268,0.5901650232913236,0.05789889822529627,0.2406218988897234,0.3862429455877462,0.794087100994901,0.23249865129604486,0.9478313952866023,0.38466548039990006,0.3866064922325191,0.16840525990491764,0.16805272437213584,0.05706191238132521,0.05692720487978032,0.016855257670416176,0.016685851098702863,0.6332285028780488,1,0.7467373420157146,1
2015-01-18,14,11,1,14,0,0.650299575,0.6056259255573109,0.057555557996467784,0.23990739462648453,0.4023093754244161,0.8089424756902057,0.2490216104603734,0.9622302406542483,0.3866064922325191,0.3949715240150308,0.16805272437213584,0.16683417018171673,0.05692720487978032,0.0562588754126343,0.016685851098702863,0.01580529016751596,0.6332285028780488,1,0.7263433160352671,1
2015-01-19,15,11,1,14,0,0.700170388,0.6262396506982436,0.05732809835881889,0.2394328681672984,0.4233252519153675,0.8291540494811197,0.27034068352622903,0.9821386178702582,0.3949715240150308,0.4084307672765267,0.16683417018171673,0.1651337836930756,0.0562588754126343,0.05562612820970592,0.01580529016751596,0.01388482645991947,0.6332285028780488,1,0.6973833712227389,1
2015-01-20,16,11,1,14,0,0.700170388,0.6358742733303275,0.057448381798582096,0.2396839206091683,0.43274711280051614,0.8390014338601389,0.2796021355679449,0.9921464110927102,0.4084307672765267,0.42120135720926244,0.1651337836930756,0.16336289610633606,0.05562612820970592,0.05468636300846509,0.01388482645991947,0.01189702927532885,0.6332285028780488,1,0.6830165797178549,1
2015-01-21,17,11,1,14,0,0.700170388,0.6465145451838397,0.057552441305744544,0.2399008989265037,0.4432035000221979,0.8498255903454814,0.2899198854568267,1.0031092049108525,0.42120135720926244,0.4323889105238499,0.16336289610633606,0.1616250655796568,0.05468636300846509,0.05396371410250177,0.01189702927532885,0.009995889710577507,0.6332285028780488,1,0.6668994171467933,1
2015-01-22,18,11,1,14,0,0.700170388,0.6546727931717041,0.05772576445638797,0.2402618664215942,0.4510558355310986,0.8582897508123096,0.297541582386899,1.0118040039565093,0.4323889105238499,0.4424702441645495,0.1616250655796568,0.15997990839932877,0.05396371410250177,0.05321731628319134,0.009995889710577507,0.008208022189749224,0.6332285028780488,1,0.654229169572268,1
2015-01-24,19,11,1,14,0,0.750041201,0.6638698639302282,0.05816732725109279,0.24117903567908383,0.45947562433209455,0.8682641035283618,0.30537534996169136,1.022364377898765,0.4424702441645495,0.4637262588924879,0.15997990839932877,0.15756568420919106,0.05321731628319134,0.04955338166889186,0.008208022189749224,0.0045399899430394585,0.6332285028780488,0,0.6394994464829415,1
2015-01-25,20,11,1,14,0,0.59114168,0.6373586392607127,0.0611597324360338,0.24730493815537488,0.4277728241387434,0.846944454382682,0.2697584315710235,1.0049588469504018,0.4637262588924879,0.4492610329051601,0.15756568420919106,0.15979682406605866,0.04955338166889186,0.05329374473253753,0.0045399899430394585,0.006353978459079407,0.6332285028780488,1,0.6756164348591701,1
2015-01-26,21,11,1,14,0,0.350066986,0.591457722986956,0.062309887720066445,0.24961948585810853,0.37991037660509996,0.803005069368812,0.22041711405587294,0.962498331918039,0.4492610329051601,0.3721342475136889,0.15979682406605866,0.18039894927345887,0.05329374473253753,0.06542023497145728,0.006353978459079407,0.015054345876338495,0.6332285028780488,1,0.7373300817281305,1
2015-01-27,22,11,1,14,0,0.37046657,0.5530625820885584,0.06131193783006444,0.24761247510992745,0.3432161357645565,0.7629090284125604,0.18500524382473266,0.9211199203523841,0.3721342475136889,0.3185099594077813,0.18039894927345887,0.19487306840503713,0.06542023497145728,0.06962803706459182,0.015054345876338495,0.023794537346195584,0.6332285028780488,1,0.7867936648434812,1
2015-01-28,23,11,1,14,0,0.500567308,0.586796012749224,0.05877394594305804,0.24243338454729796,0.3813387384541172,0.7922532870443308,0.22643700344181472,0.9471550220566333,0.3185099594077813,0.29649890465917705,0.19487306840503713,0.19733966426105276,0.06962803706459182,0.0725064657096271,0.023794537346195584,0.02867461983674606,0.6332285028780488,1,0.749587126161702,1
2015-01-29,24,11,1,14,0,0.60059761,0.5746909730450906,0.05923561620671306,0.24338368106081612,0.3684283421288066,0.7809536039613747,0.2129194193770969,0.9364625267130844,0.29649890465917705,0.3032806650290685,0.19733966426105276,0.19659228553840966,0.0725064657096271,0.07176834572726169,0.02867461983674606,0.02697966667966654,0.6332285028780488,1,0.7643295459982274,1
2015-01-31,25,11,1,14,0,0.650148148,0.5840171431893577,0.05887658172348562,0.24264497052996095,0.3783805541544177,0.7896537322242978,0.22334362721762024,0.9446906591610952,0.3032806650290685,0.3203093628479521,0.19659228553840966,0.19488304206314475,0.07176834572726169,0.06918011833395622,0.02697966667966654,0.023462976775854662,0.6332285028780488,1,0.7530302392973236,1
2015-02-01,26,11,1,14,0,0.700508929,0.6312876666840155,0.05898294987432086,0.24286405636553315,0.42546540693917145,0.8371099264288595,0.2702884960801509,0.9922868372878801,0.3203093628479521,0.33735737898105106,0.19488304206314475,0.19509219550553802,0.06918011833395622,0.06531225167464128,0.023462976775854662,0.019539040848408174,0.6332285028780488,1,0.6875089086502767,1
2015-02-02,27,11,1,14,0,0.700398148,0.660405264900175,0.05901021079942882,0.24292017371850536,0.45453544686048697,0.8662750829398631,0.29932268006786256,1.0214878497324875,0.33735737898105106,0.34454874372483035,0.19509219550553802,0.1935017747037489,0.06531225167464128,0.06717083101579567,0.019539040848408174,0.016965835611141525,0.6332285028780488,1,0.6438704582821206,1
2015-02-03,28,11,1,14,0,0.700513566,0.6208487661464195,0.06035895526097536,0.24568059602047404,0.41263954735495395,0.829057984937885,0.2556630209846622,0.9860345113081768,0.34454874372483035,0.3673482639544946,0.1935017747037489,0.19232679168968317,0.06717083101579567,0.06141729825700553,0.016965835611141525,0.013242221765668319,0.6332285028780488,1,0.7004473468543218,1
2015-02-04,29,11,1,14,0,0.700278846,0.6359648674175405,0.06008880461543034,0.24513017891608194,0.42822211572673846,0.8437076191083426,0.2715972759222635,1.0003324589128175,0.3673482639544946,0.38529330810631407,0.19232679168968317,0.1911910539166699,0.06141729825700553,0.057414518841469225,0.013242221765668319,0.010166842921606939,0.6332285028780488,1,0.6791067180499779,1
2015-02-05,30,11,1,14,0,0.7504,0.5780204900491247,0.07057702509160071,0.26566336798964346,0.35287628571797075,0.8031646943802786,0.18313185589180964,0.9729091242064398,0.38529330810631407,0.44365378297418545,0.1911910539166699,0.18747785761481214,0.057414518841469225,0.05061091221884076,0.010166842921606939,-0.010516674774330607,0.6332285028780488,0,0.7413001117864337,1
2015-02-07,31,11,1,14,0,0.750027778,0.6536281063686331,0.0656783911615839,0.25627795683902255,0.436437843681062,0.8708183690562042,0.27269018065230266,1.0345660320849634,0.44365378297418545,0.4705455700199435,0.18747785761481214,0.18690145196969726,0.05061091221884076,0.04669052400980154,-0.010516674774330607,-0.01959631080265535,0.6332285028780488,0,0.646558060543719,1
2015-02-08,32,11,1,14,0,0.750027778,0.6756424735183623,0.06360614487226432,0.2522025869658444,0.4619060024257528,0.8893789446109717,0.30076227888887075,1.0505226681478539,0.4705455700199435,0.489454930175111,0.18690145196969726,0.1862534270734115,0.04669052400980154,0.043722858798112774,-0.01959631080265535,-0.025171479326038998,0.6332285028780488,0,0.6159390920068432,1
2015-02-09,33,11,1,14,0,0.750648148,0.6487676955755663,0.06665981926270137,0.25818562946589685,0.4299607198313472,0.8675746713197855,0.26499415784488,1.0325412333062527,0.489454930175111,0.5161337757432924,0.1862534270734115,0.18428210086227292,0.043722858798112774,0.03056502642134141,-0.025171479326038998,-0.02167033328722523,0.6332285028780488,0,0.6525045726322407,1
2015-02-10,34,11,1,14,0,0.750648148,0.6312255480090206,0.07441621153521867,0.2727933495069458,0.40003883195426526,0.862412264063776,0.22573873208415313,1.0367123639338882,0.5161337757432924,0.5452219343193402,0.18428210086227292,0.18283110812490694,0.03056502642134141,0.01337779316488644,-0.02167033328722523,-0.016607761577607304,0.6332285028780488,0,0.6683642475859108,1
2015-02-11,35,11,1,14,0,0.507903226,0.3596553972677514,0.09701799492287658,0.31147711781586235,0.09568498844289891,0.6236258060926039,-0.10333193348971281,0.8226427280252157,0.5452219343193402,0.5820695193354128,0.18283110812490694,0.15562076855751136,0.01337779316488644,0.018719258901529562,-0.016607761577607304,-0.01037191269271456,0.6332285028780488,1,0.8949343986422449,1
2015-02-12,36,11,1,14,0,0.50012336,0.43558650469334254,0.0771310724087985,0.2777248141754685,0.20022047442833804,0.6709525349583471,0.022769437096652856,0.8484035722900323,0.5820695193354128,0.5930153465362166,0.15562076855751136,0.1473016469971919,0.018719258901529562,0.02129073457759774,-0.01037191269271456,-0.008785259666171396,0.6332285028780488,1,0.8712047358374946,1
2015-02-14,37,11,1,14,0,0.600447507,0.6922312527667664,0.056849609799567415,0.23843156208767205,0.49016544015629104,0.8942970653772419,0.3378206518424179,1.046641853691115,0.5930153465362166,0.5788335597555498,0.1473016469971919,0.1487320067121796,0.02129073457759774,0.022547132595969074,-0.008785259666171396,-0.0074051433945951615,0.6332285028780488,1,0.5957209108510201,1
2015-02-15,38,11,1,14,0,0.650223718,0.6788967431153947,0.05723170207671038,0.2392314822023021,0.47615301476855076,0.8816404714622387,0.32329712104789204,1.0344963651828973,0.5788335597555498,0.5741118715233562,0.1487320067121796,0.14901346270105997,0.022547132595969074,0.023264756455199695,-0.0074051433945951615,-0.006916527523254185,0.6332285028780488,1,0.6168489293765475,1
2015-02-16,39,11,1,14,0,0.565972222,0.6939892616844459,0.057144488938268706,0.2390491349874931,0.49140006882701026,0.8965784545418815,0.338660685049903,1.0493178383189887,0.5741118715233562,0.5532020431633663,0.14901346270105997,0.14916963918705195,0.023264756455199695,0.027107378069233475,-0.006916527523254185,-0.004545609605691309,0.6332285028780488,1,0.5926264347635068,1
2015-02-17,40,11,1,14,0,0.700614035,0.6812485945352754,0.05673308683520956,0.2381870836867725,0.47938997230811564,0.8831072167624352,0.3272013923833762,1.0352957966871745,0.5532020431633663,0.5562155870158294,0.14916963918705195,0.14905017039761456,0.027107378069233475,0.026766942288207907,-0.004545609605691309,-0.004926559616062943,0.6332285028780488,1,0.6135733030848346,1
2015-02-18,41,11,1,14,1,0.8211125,0.6801943216788674,0.05715364709537419,0.23906828960649337,0.477588895678388,0.8827997476793468,0.32483727314248856,1.0355513702152463,0.5562155870158294,0.5792424222219394,0.14905017039761456,0.14877402352936,0.026766942288207907,0.022440238423850737,-0.004926559616062943,-0.007227771411924834,0.6332285028780488,0,0.6148530704752982,1
2015-02-19,42,11,1,14,1,0.700540441,0.6972316122093127,0.057149782105544805,0.2390602060267346,0.49463303687532423,0.8998301875433012,0.3418865793068325,1.052576645111793,0.5792424222219394,0.5797785719866394,0.14877402352936,0.14876575274360734,0.022440238423850737,0.022333604555578337,-0.007227771411924834,-0.007271029064773314,0.6332285028780488,1,0.5873496881601128,1
2015-02-22,43,11,1,14,1,0.672140805,0.44393732486912285,0.0685311411910855,0.26178453199355667,0.22208035374094495,0.6657942959973008,0.054814288958212054,0.8330603607800336,0.5797785719866394,0.612187071392823,0.14876575274360734,0.12716711765743482,0.022333604555578337,0.0278498325713162,-0.007271029064773314,-0.0032956035832042117,0.6332285028780488,1,0.8788263136168741,1
2015-02-23,44,11,1,14,1,0.750293939,0.5055665941382951,0.0643534030023207,0.2536797252488277,0.2905782789321143,0.7205549093444759,0.12849074444562036,0.8826424438309698,0.612187071392823,0.6436105271919901,0.12716711765743482,0.10920748063264729,0.0278498325713162,0.03183079855866561,-0.0032956035832042117,-0.0007620703893149315,0.6332285028780488,0,0.8323645106547242,1
2015-02-24,45,11,1,14,1,0.750437269,0.7526418540533736,0.057805735986677924,0.24042823458711735,0.5488839028368144,0.9563998052699327,0.3952633494916814,1.1100203586150656,0.6436105271919901,0.6432264196825853,0.10920748063264729,0.10915965374219895,0.03183079855866561,0.03191884989655062,-0.0007620703893149315,-0.0006961971247472646,0.6332285028780488,0,0.4956164629581874,0
2015-02-25,46,11,1,14,1,0.750503571,0.7663753558798821,0.05822106093441198,0.24129040787899544,0.5618867306480668,0.9708639811116975,0.4077152955048573,1.125035416254907,0.6432264196825853,0.640442494208064,0.10915965374219895,0.10873683600280247,0.03191884989655062,0.03260643101847761,-0.0006961971247472646,-0.00019983232870485895,0.6332285028780488,0,0.4729462494261374,0
2015-02-26,47,11,1,14,1,0.800516667,0.7721174869840945,0.05787019769259682,0.24056225325806377,0.5682459577185026,0.9759890162496865,0.4145397737384122,1.1296952002297769,0.640442494208064,0.6452795903619928,0.10873683600280247,0.10943096151036553,0.03260643101847761,0.03163217896721935,-0.00019983232870485895,-0.0011885383312871427,0.6332285028780488,0,0.46337253590449023,0
2015-02-28,48,11,1,14,1,0.800779018,0.7773927852747822,0.05751433358160652,0.2398214618869765,0.5741490613595512,0.9806365091900131,0.4209162027380035,1.1338693678115608,0.6452795903619928,0.6491566122154686,0.10943096151036553,0.10991017103578796,0.03163217896721935,0.030961044954757183,-0.0011885383312871427,-0.0019851834532980165,0.6332285028780488,0,0.4545310744328296,0
2015-03-01,49,11,1,14,1,0.682433036,0.7713923250637271,0.05890848260739225,0.242710697348494,0.5657000339108255,0.9770846162166288,0.4106211111150558,1.1321635390123985,0.6491566122154686,0.63352917371154,0.10991017103578796,0.10768553617129437,0.030961044954757183,0.03571055036028365,-0.0019851834532980165,4.036621756492746e-05,0.6332285028780488,1,0.46488302292460904,0
2015-03-02,50,11,1,14,2,0.800309211,0.7641563703636595,0.05773613431818457,0.24028344578473268,0.5605211246595526,0.9677916160677663,0.40699308347705593,1.121319657250263,0.63352917371154,0.6395646087255833,0.10768553617129437,0.10834025706980242,0.03571055036028365,0.034552509222207144,4.036621756492746e-05,-0.0010815363423160372,0.6332285028780488,0,0.4765097873320719,0
2015-03-03,51,11,1,14,2,0.800701754,0.7685174574144673,0.0577551451545968,0.24032300171768162,0.5648486888761144,0.9721862259528202,0.41129537360582963,1.125739541223105,0.6395646087255833,0.6449472186560707,0.10834025706980242,0.10887051805412346,0.034552509222207144,0.03358781623196242,-0.0010815363423160372,-0.002113970146967836,0.6332285028780488,0,0.4692909408259631,0
2015-03-04,52,11,1,14,2,0.800701754,0.7550455140617925,0.057792492769467414,0.2404006921152005,0.55131090451997,0.9587801236036151,0.3977079493150205,1.1123830788085645,0.6449472186560707,0.652630527476078,0.10887051805412346,0.10934132805281456,0.03358781623196242,0.03206082931449893,-0.002113970146967836,-0.0032621996304113303,0.6332285028780488,0,0.4916276400797744,0
2015-03-05,53,11,1,14,2,0.800701754,0.7763214294635733,0.057809537264092103,0.24043613967973304,0.5725567788446818,0.9800860800824648,0.41893117457570883,1.1337116843514377,0.652630527476078,0.6566588694573668,0.10934132805281456,0.10969532840868021,0.03206082931449893,0.03128420066700465,-0.0032621996304113303,-0.003948988333547828,0.6332285028780488,0,0.4564133975606815,0
2015-03-07,54,11,1,14,2,0.800034503,0.7797711352718972,0.05752160368330505,0.23983661872888604,0.5765145662469408,0.9830277042968537,0.42327202322852875,1.1362702473152657,0.6566588694573668,0.6599162551338075,0.10969532840868021,0.10993029653297269,0.03128420066700465,0.03067868241068528,-0.003948988333547828,-0.004449023315335138,0.6332285028780488,0,0.45060581645328507,0
2015-03-08,55,11,1,14,2,0.800034503,0.7787821238433236,0.05787804092562775,0.2405785545837944,0.574896779541662,0.9826674681449852,0.42118017990184964,1.1363840677847974,0.6599162551338075,0.6633350622699175,0.10993029653297269,0.11018767597398045,0.03067868241068528,0.02988073909927412,-0.004449023315335138,-0.004858289420996361,0.6332285028780488,0,0.45238530926279025,0
2015-03-09,56,11,1,14,2,0.800034503,0.782815167675859,0.057566430062557114,0.23993005243728247,0.5794794155173986,0.9861509198343195,0.42617717344571365,1.1394531619060044,0.6633350622699175,0.6660757156543414,0.11018767597398045,0.11034743491218751,0.02988073909927412,0.02936492479819376,-0.004858289420996361,-0.005242819855961951,0.6332285028780488,0,0.4456064067024175,0
2015-03-10,57,11,1,14,2,0.800034503,0.7846124585895764,0.057511457346534386,0.23981546519466668,0.5813738167469282,0.9878511004322246,0.4281447896853155,1.1410801274938374,0.6660757156543414,0.668517196780469,0.11034743491218751,0.11046773536022136,0.02936492479819376,0.028933128840141053,-0.005242819855961951,-0.005587722126419283,0.6332285028780488,0,0.44262012184999766,0
2015-03-11,58,11,1,14,2,0.800034503,0.7908677458713254,0.05710996809204451,0.23897691958020656,0.5883397540764865,0.9933957376661642,0.43564651201333576,1.146088979729315,0.668517196780469,0.669964437223762,0.11046773536022136,0.11049687084133614,0.028933128840141053,0.028826276622664272,-0.005587722126419283,-0.005871670396972426,0.6332285028780488,0,0.43210745304311104,0
2015-01-01,0,12,1,15,0,0.800570492,0.9211118270383692,0.12246157655174776,0.34994510505470394,0.6245405954329835,1.217683058643755,0.400944723794849,1.4412789302818894,0.7555036652682927,0.7008192407816035,0.13242990040885458,0.12274231048414988,0.033094774784278046,0.024905400556971543,0.04380698488118558,0.04188142153617754,0.7555036652682927,0,0.3124323086607276,0
2015-01-03,1,12,1,15,0,0.800318644,0.8941890801378632,0.08971219316815097,0.2995199378474678,0.6403521337862168,1.1480260264895097,0.44897519892228926,1.3394029613534373,0.7008192407816035,0.6751427109325882,0.12274231048414988,0.11774948640897966,0.024905400556971543,0.02211963887645292,0.04188142153617754,0.03318644753476152,0.7555036652682927,0,0.3151159023848997,0
2015-01-04,2,12,1,15,0,0.800030199,0.8173033535353449,0.07210335139363869,0.26852067219050135,0.5897376430488549,1.0448690640218348,0.418167551385743,1.2164391556849468,0.6751427109325882,0.6706866529061506,0.11774948640897966,0.11734603829011603,0.02211963887645292,0.021489883684121944,0.03318644753476152,0.03374530514964135,0.7555036652682927,0,0.40104430840144445,0
2015-01-05,3,12,1,15,0,0.800246011,0.812233368952401,0.06656864464851558,0.258009001099798,0.593576082091706,1.030890655813096,0.42872237601578994,1.195744361889012,0.6706866529061506,0.667954537994342,0.11734603829011603,0.11719422346022036,0.021489883684121944,0.02129344655062706,0.03374530514964135,0.03400092104376147,0.7555036652682927,0,0.4046976555783052,0
2015-01-06,4,12,1,15,0,0.800140969,0.8090107556220971,0.06381808326018709,0.2526224124265048,0.5949184911432425,1.0231030201009519,0.433506521991673,1.1845149892525213,0.667954537994342,0.6661042443581126,0.11719422346022036,0.11715964249184602,0.02129344655062706,0.021200156081079623,0.03400092104376147,0.0341926580503408,0.7555036652682927,0,0.4076505912793653,0
2015-01-07,5,12,1,15,0,0.800246753,0.8071957011919694,0.06202656281658077,0.24905132566718205,0.5961298588092788,1.0182615435746598,0.4369996196922568,1.177391782691682,0.6661042443581126,0.6647240693839298,0.11715964249184602,0.11718366734157143,0.021200156081079623,0.02117460389773239,0.0341926580503408,0.03432891177023674,0.7555036652682927,0,0.40918021493058293,0
2015-01-08,6,12,1,15,0,0.800107143,0.814746364945007,0.061351944048192886,0.2476932458671267,0.6048314670764792,1.0246612628135348,0.446568967019845,1.182923762870169,0.6647240693839298,0.6617598179158142,0.11718366734157143,0.1170318084067048,0.02117460389773239,0.021717839009541665,0.03432891177023674,0.03459519296512825,0.7555036652682927,0,0.39689303952460514,0
2015-01-10,7,12,1,15,0,0.800346445,0.8018397425691359,0.060103921069054884,0.24516101049933467,0.5940708617498347,1.0096086233884372,0.4374263222420869,1.166253162896185,0.6617598179158142,0.6614602791758171,0.1170318084067048,0.11705950545563781,0.021717839009541665,0.021737162224661388,0.03459519296512825,0.0346204242149747,0.7555036652682927,0,0.41626736098877787,0
2015-01-11,8,12,1,15,0,0.800246753,0.8016098987766346,0.05955046535084176,0.2440296403120772,0.5947998307682287,1.0084199667850404,0.4388781752200256,1.1643416223332435,0.6614602791758171,0.6611862471774544,0.11705950545563781,0.11709166358987885,0.021737162224661388,0.02176052721332801,0.0346204242149747,0.03464249804855202,0.7555036652682927,0,0.41625235515412357,0
2015-01-12,9,12,1,15,0,0.80007657,0.800350121092898,0.05930911965035514,0.24353463747556556,0.5939595577403709,1.0067406844454252,0.43835418205747945,1.1623460601283166,0.6611862471774544,0.6611290234547703,0.11709166358987885,0.1170991564731386,0.02176052721332801,0.021768420949045797,0.03464249804855202,0.03464669105722841,0.7555036652682927,0,0.41810361993949996,0
2015-01-13,10,12,1,15,0,0.800246753,0.8024302491919215,0.05877008174777515,0.24242541481407257,0.5969797290807255,1.0078807693031175,0.44208308629409365,1.1627774120897494,0.6611290234547703,0.6606949038530774,0.1170991564731386,0.11717224833081642,0.021768420949045797,0.021802163954855795,0.03464669105722841,0.0346806382483123,0.7555036652682927,0,0.4143871916814643,0
2015-01-14,11,12,1,15,0,0.800313433,0.802652466915746,0.05854445378678041,0.2419596118916965,0.5975967051377259,1.0077082286937662,0.44299768506087295,1.162307248770619,0.6606949038530774,0.6602256692144424,0.11717224833081642,0.11726053702102741,0.021802163954855795,0.021839793027746298,0.0346806382483123,0.03471641569191068,0.7555036652682927,0,0.4138670826525487,0
2015-01-15,12,12,1,15,0,0.80003139,0.802615945468265,0.058411569175265216,0.2416848550804647,0.5977930343994617,1.0074388565370682,0.44336956896763324,1.1618623219688966,0.6602256692144424,0.6596964066062534,0.11726053702102741,0.11736757357177674,0.021839793027746298,0.02188821103375443,0.03471641569191068,0.03475515340000036,0.7555036652682927,0,0.41382957396432535,0
2015-01-17,13,12,1,15,0,0.800246753,0.8145603055688132,0.058057401761004136,0.24095103602392776,0.6103592909581378,1.0187613201794887,0.45640469595541666,1.1727159151822097,0.6596964066062534,0.6568478164521989,0.11736757357177674,0.1177365290216427,0.02188821103375443,0.022367739314670745,0.03475515340000036,0.03498033499145281,0.7555036652682927,0,0.3943729354614993,0
2015-01-18,14,12,1,15,0,0.662255892,0.8020246863148256,0.059275963555874576,0.2434665553127874,0.595691821185745,1.0083575514439063,0.44012994629857694,1.1639194263310744,0.6568478164521989,0.6234018062662485,0.1177365290216427,0.12282002107066042,0.022367739314670745,0.031018141583803678,0.03498033499145281,0.036787975282557776,0.7555036652682927,1,0.4153970987595039,0
2015-01-19,15,12,1,15,0,0.35021836,0.7360424015544619,0.062140864515588826,0.24928069422959498,0.5247821740637535,0.9473026290451703,0.36550538092183354,1.1065794221870902,0.6234018062662485,0.5172513903486534,0.12282002107066042,0.16400665374496018,0.031018141583803678,0.03865892131554917,0.036787975282557776,0.034651558330711485,0.7555036652682927,1,0.5223257082519733,1
2015-01-20,16,12,1,15,0,0.500290419,0.6628682206654717,0.06118124250256701,0.2473484232870042,0.45324555279472106,0.8724908885362224,0.295203375595156,1.0305330657357874,0.5172513903486534,0.47605274139686166,0.16400665374496018,0.17971151273532074,0.03865892131554917,0.040983628628951184,0.034651558330711485,0.03425212543528736,0.7555036652682927,1,0.6376796070009586,1
2015-01-21,17,12,1,15,0,0.60017284,0.6321736013023407,0.060623973335570805,0.2462193601964939,0.4235077910257561,0.8408394115789253,0.26618702367650926,0.9981601789281721,0.47605274139686166,0.4681284530770207,0.17971151273532074,0.18247145859919092,0.040983628628951184,0.04171388172170705,0.03425212543528736,0.034237397725709724,0.7555036652682927,1,0.6838678911056857,1
2015-01-22,18,12,1,15,0,0.600436426,0.6287609200820929,0.06001272544787259,0.24497494861285835,0.4211497228595332,0.8363721173046527,0.264624066768311,0.9928977733958748,0.4681284530770207,0.46153421220664387,0.18247145859919092,0.1847322197131212,0.04171388172170705,0.042226291977937785,0.034237397725709724,0.034292528831557555,0.7555036652682927,1,0.689666053537087,1
2015-01-24,19,12,1,15,0,0.750079323,0.6719317441975224,0.05799346611335721,0.2408183259499933,0.46784319862700413,0.8760202897680407,0.31397339813698777,1.029890090258057,0.46153421220664387,0.47793122279488764,0.1847322197131212,0.18157151824754864,0.042226291977937785,0.03927756671033218,0.034292528831557555,0.033755824896984477,0.7555036652682927,0,0.6270987584662454,1
2015-01-25,20,12,1,15,0,0.70043672,0.6825282283410075,0.05809849864915741,0.24103630151733868,0.47825495298992143,0.8868015036920935,0.3242458779786376,1.0408105787033772,0.47793122279488764,0.4817769633324561,0.18157151824754864,0.18084760732092728,0.03927756671033218,0.03853913719065468,0.033755824896984477,0.03361275704098553,0.7555036652682927,1,0.6102319753837683,1
2015-01-26,21,12,1,15,0,0.70043672,0.685373564941278,0.05813632505409876,0.2411147549489636,0.48103380193111456,0.8897133279514414,0.32697459944791074,1.0437725304346452,0.4817769633324561,0.48504540249931377,0.18084760732092728,0.1802345995883271,0.03853913719065468,0.037906399477993784,0.03361275704098553,0.0334755905280674,0.7555036652682927,1,0.6056626006390873,1
2015-01-27,22,12,1,15,0,0.700164706,0.6884668713400443,0.05809415893993107,0.24102729915910162,0.4842012253011879,0.8927325173789006,0.3301979023067425,1.046735840373346,0.48504540249931377,0.4875779533018141,0.1802345995883271,0.17974985506626537,0.037906399477993784,0.03743931745760597,0.0334755905280674,0.03335550510910492,0.7555036652682927,1,0.6007524723227651,1
2015-01-28,23,12,1,15,0,0.750283333,0.7012856166652722,0.05793707844326262,0.24070122235514846,0.49729631396698415,0.9052749193635603,0.34350133629912794,1.0590698970314165,0.4875779533018141,0.49808349325425816,0.17974985506626537,0.17806410294089303,0.03743931745760597,0.0351820564174986,0.03335550510910492,0.03305669993516258,0.7555036652682927,0,0.5801922308819647,1
2015-01-29,24,12,1,15,0,0.750646667,0.7080480420799357,0.05805174980972533,0.2409393073156087,0.5038569673067407,0.9122391168531306,0.349909866310142,1.0661862178497294,0.49808349325425816,0.5073866170876921,0.17806410294089303,0.17657766230622493,0.0351820564174986,0.03316230075060093,0.03305669993516258,0.03273754912599161,0.7555036652682927,0,0.5691137792188345,1
2015-01-31,25,12,1,15,0,0.750646667,0.7122972377252477,0.058472018234882794,0.24180988035000306,0.5073683703289142,0.9172261051215811,0.35286502055604063,1.0717294548944547,0.5073866170876921,0.5161471872155675,0.17657766230622493,0.1753180753213793,0.03316230075060093,0.031003980224585392,0.03273754912599161,0.032426235754709494,0.7555036652682927,0,0.5619515779712126,1
2015-02-01,26,12,1,15,0,0.750450658,0.7183399185200403,0.05842823577657168,0.24171933264960765,0.5134877884251791,0.9231920486149016,0.3590422937035758,1.0776375433365049,0.5161471872155675,0.5234458220009278,0.1753180753213793,0.17423486060405033,0.031003980224585392,0.02929106983093928,0.032426235754709494,0.03212393770117674,0.7555036652682927,0,0.5521039173653175,1
2015-02-02,27,12,1,15,0,0.800401961,0.771006914553526,0.057267442832184566,0.2393061696492269,0.5681998901416706,0.9738139389653814,0.4152962752083007,1.1267175538987513,0.5234458220009278,0.526925644283628,0.17423486060405033,0.1729110695837272,0.02929106983093928,0.030514674013241747,0.03212393770117674,0.031499093939839205,0.7555036652682927,0,0.4650247391177774,0
2015-02-03,28,12,1,15,0,0.800259023,0.7331227173098807,0.05959426758512481,0.24411937158923872,0.526236603901791,0.9400088307179704,0.370257614952319,1.0959878196674424,0.526925644283628,0.5439041845032925,0.1729110695837272,0.17125840742031506,0.030514674013241747,0.025422454429622956,0.031499093939839205,0.030799722417128465,0.7555036652682927,0,0.5275590657747203,1
2015-02-04,29,12,1,15,0,0.800401961,0.7204080435111608,0.05990255111179246,0.24474997673501925,0.5129875052974674,0.9278285817248543,0.35660559398904934,1.0842104930332723,0.5439041845032925,0.5645062231485405,0.17125840742031506,0.1680170663420461,0.025422454429622956,0.020480263698190712,0.030799722417128465,0.029632816049853017,0.7555036652682927,0,0.5481176043320279,1
2015-02-05,30,12,1,15,0,0.800612676,0.7335717469577254,0.0597246812818501,0.24438633611937083,0.5264593866373268,0.940684107278124,0.37030982188625305,1.0968336720291978,0.5645062231485405,0.5813012542521501,0.1680170663420461,0.16545713014508145,0.020480263698190712,0.016519021144008557,0.029632816049853017,0.028668731560359026,0.7555036652682927,0,0.5267977012729629,1
2015-02-07,31,12,1,15,0,0.800401961,0.7851603604338786,0.05902175456031361,0.2429439329563791,0.5792704069319811,0.9910503139357761,0.42404245927977297,1.1462782615879843,0.5813012542521501,0.5847723056068012,0.16545713014508145,0.1653378950865905,0.016519021144008557,0.015427483696937576,0.028668731560359026,0.028384476045488737,0.7555036652682927,0,0.4424635128341173,0
2015-02-08,32,12,1,15,0,0.800355208,0.7875120211843989,0.05890877024823582,0.242711289906827,0.5818192278505778,0.99320481451822,0.4267399264422913,1.1482841159265065,0.5847723056068012,0.5876658848723546,0.1653378950865905,0.16519771195446134,0.015427483696937576,0.014569495828682342,0.028384476045488737,0.028154086192057833,0.7555036652682927,0,0.4385864351340297,0
2015-02-09,33,12,1,15,0,0.800401961,0.7892165741975843,0.058946694405912534,0.24278940340532273,0.5834575812909751,0.9949755671041934,0.42832836960953274,1.1501047787856358,0.5876658848723546,0.5901777039565193,0.16519771195446134,0.16505539120482446,0.014569495828682342,0.013847253407450917,0.028154086192057833,0.02796466082510868,0.7555036652682927,0,0.4358399357173799,0
2015-02-10,34,12,1,15,0,0.800401961,0.7718840386681064,0.059279197753261674,0.24347319719686122,0.5655455446797805,0.9782225326564323,0.40997942599026355,1.1337886513459492,0.5901777039565193,0.596813895021105,0.16505539120482446,0.1642901396935027,0.013847253407450917,0.01223673132020611,0.02796466082510868,0.027576234683330352,0.7555036652682927,0,0.46419019759786617,0
2015-02-11,35,12,1,15,0,0.800401961,0.7761614555261304,0.05922269751719861,0.24335713985251925,0.5699213177343941,0.9824015933178666,0.4144293533699222,1.1378935576823386,0.596813895021105,0.6023556669673303,0.1642901396935027,0.16365499358978977,0.01223673132020611,0.010917184846677886,0.027576234683330352,0.027260390397633078,0.7555036652682927,0,0.45719524505043696,0
2015-02-12,36,12,1,15,0,0.800401961,0.7800816609165261,0.05898445775689699,0.24286716072144662,0.574256770294315,0.9859065515387372,0.41907787592086226,1.14108544591219,0.6023556669673303,0.6068793355099902,0.16365499358978977,0.16310016420232576,0.010917184846677886,0.009922212077377254,0.027260390397633078,0.026994926894196702,0.7555036652682927,0,0.45071284312243654,0
2015-02-14,37,12,1,15,0,0.800401961,0.8018345301968453,0.05848570336828242,0.241838175994367,0.5968816828277193,1.0067873775659713,0.44236025367847004,1.1613088067152204,0.6068793355099902,0.6065802970614235,0.16310016420232576,0.16312245230684586,0.009922212077377254,0.009995072962434433,0.026994926894196702,0.027017205179836346,0.7555036652682927,0,0.4151426797053942,0
2015-02-15,38,12,1,15,0,0.800806306,0.7836202050499452,0.0585226057030208,0.24191445947487472,0.5786027090103891,0.9886377010895013,0.4240325388698548,1.1432078712300355,0.6065802970614235,0.6102380137093885,0.16312245230684586,0.1625440678824359,0.009995072962434433,0.00940440973435178,0.027017205179836346,0.026783147869043393,0.7555036652682927,0,0.44473471858436703,0
2015-02-16,39,12,1,15,0,0.800312375,0.7642300926223717,0.0591399201757512,0.24318700659317963,0.5581341392456497,0.9703260459990938,0.4027508807720938,1.1257093044726496,0.6102380137093885,0.6181646889828372,0.1625440678824359,0.1608426809826502,0.00940440973435178,0.008476404638587632,0.026783147869043393,0.02642280757974645,0.7555036652682927,0,0.47666919927113044,0
2015-02-17,40,12,1,15,0,0.800401961,0.7699268610700646,0.058910433063260034,0.24271471538260722,0.5642311647164375,0.9756225574236916,0.4091496746156053,1.1307040475245238,0.6181646889828372,0.6246582756007479,0.1608426809826502,0.1594742817844533,0.008476404638587632,0.007758266479307634,0.02642280757974645,0.026108140043055752,0.7555036652682927,0,0.4672836245141025,0
2015-02-18,41,12,1,15,1,0.800401961,0.8139342257301425,0.05797504716403652,0.24078008049678137,0.609878092389424,1.017990359070861,0.45603272866198447,1.1718357227983005,0.6246582756007479,0.6220394424301758,0.1594742817844533,0.1596652141050716,0.007758266479307634,0.0083142118985555,0.026108140043055752,0.026323458569954283,0.7555036652682927,0,0.395300775595848,0
2015-02-19,42,12,1,15,1,0.800711494,0.7726181121717838,0.05879392958824933,0.24247459575850278,0.5671259122283784,0.9781103121151892,0.41219784549559313,1.1330383788479743,0.6220394424301758,0.6278767529232058,0.1596652141050716,0.15844047288992233,0.0083142118985555,0.007723055343047017,0.026323458569954283,0.026057067024698646,0.7555036652682927,0,0.46284042611208775,0
2015-02-22,43,12,1,15,1,0.800401961,0.8159926939645126,0.05787608592485794,0.24057449142595716,0.6121107931049983,1.0198745948240269,0.4583967896018517,1.1735885983271734,0.6278767529232058,0.6249293488834812,0.15844047288992233,0.15864757295435342,0.007723055343047017,0.00832707396133768,0.026057067024698646,0.026297310105045574,0.7555036652682927,0,0.3919220738528826,0
2015-02-23,44,12,1,15,1,0.800401961,0.813774756965174,0.057910627193776765,0.24064626985219773,0.6098320253754527,1.0177174885548954,0.45607215936544926,1.1714773545648987,0.6249293488834812,0.6224022782910409,0.15864757295435342,0.1588369041595519,0.00832707396133768,0.008832916306667809,0.026297310105045574,0.02649002031852413,0.7555036652682927,0,0.39549913610746995,0
2015-02-24,45,12,1,15,1,0.800401961,0.79392975580517,0.05817469919810017,0.2411943183371038,0.589522564470762,0.998336947139578,0.4354125253138492,1.1524469862964908,0.6224022782910409,0.6236656052602945,0.1588369041595519,0.15865331648647174,0.008832916306667809,0.008655631629574344,0.02649002031852413,0.026419233706977477,0.7555036652682927,0,0.42773866981101866,0
2015-02-25,46,12,1,15,1,0.800401961,0.7948178129084531,0.05812158838079156,0.24108419355235955,0.5905039500491978,0.9991316757677084,0.43646427463470683,1.1531713511821993,0.6236656052602945,0.624742258385951,0.15865331648647174,0.15849849239770017,0.008655631629574344,0.008507927438800928,0.026419233706977477,0.0263600109204297,0.7555036652682927,0,0.4262611660691612,0
2015-02-26,47,12,1,15,1,0.800401961,0.813610849008858,0.057772097110528976,0.24035826823832995,0.6099121928243799,1.017309505193336,0.4563363441672579,1.1708853538504582,0.624742258385951,0.6223184440940318,0.15849849239770017,0.15869649033158867,0.008507927438800928,0.008945253378011957,0.0263600109204297,0.026536824763794032,0.7555036652682927,0,0.39563949587888886,0
2015-02-28,48,12,1,15,1,0.800260821,0.8108822555035904,0.05765722504638322,0.240119189250637,0.6073862138115196,1.0143782971956612,0.45396312361242824,1.1678013873947526,0.6223184440940318,0.6203845743667934,0.15869649033158867,0.15890598292577973,0.008945253378011957,0.00922702191537407,0.026536824763794032,0.0266799498841545,0.7555036652682927,0,0.39992155790472816,0
2015-03-01,49,12,1,15,1,0.800401961,0.810516879542971,0.05770798408568316,0.24022486150622122,0.6069312828020298,1.0141024762839121,0.45344067378426084,1.1675930853016812,0.6203845743667934,0.6185456896544924,0.15890598292577973,0.1590882526388828,0.00922702191537407,0.009514078951842033,0.0266799498841545,0.026805345626889607,0.7555036652682927,0,0.4005523632592117,0
2015-03-02,50,12,1,15,2,0.800401961,0.8089823240416434,0.05775498987901963,0.24032267866146056,0.6053138292867495,1.0126508187965373,0.4517607204318033,1.1662039276514835,0.6185456896544924,0.6169875468590015,0.1590882526388828,0.15923951103198952,0.009514078951842033,0.009761915953889167,0.026805345626889607,0.02690193915970878,0.7555036652682927,0,0.4030618656164292,0
2015-03-03,51,12,1,15,2,0.800401961,0.7896151265373254,0.05808986214035596,0.2410183854820125,0.5853570346552618,0.9938732184193889,0.43135940701522907,1.1478708460594216,0.6169875468590015,0.6190135728552921,0.15923951103198952,0.15891337770816238,0.009761915953889167,0.009546138517652186,0.02690193915970878,0.0268239157212873,0.7555036652682927,0,0.4347216794012198,0
2015-03-04,52,12,1,15,2,0.800401961,0.7910545387118824,0.05802387624639345,0.24088145683384068,0.5869124910243048,0.99519658639946,0.4330023533362615,1.1491067240875033,0.6190135728552921,0.620744687502782,0.15891337770816238,0.15864251606594354,0.009546138517652186,0.00936159019333037,0.0268239157212873,0.026758364322574477,0.7555036652682927,0,0.4323341751808177,0
2015-03-05,53,12,1,15,2,0.800401961,0.7923414846854797,0.05794673980740929,0.2407212907231292,0.5883351744608043,0.9963477949101551,0.43452737419830045,1.150155595172659,0.620744687502782,0.6222159640236918,0.15864251606594354,0.1584145060030333,0.00936159019333037,0.009210501542935701,0.026758364322574477,0.026702057159485513,0.7555036652682927,0,0.43018852150601494,0
2015-03-07,54,12,1,15,2,0.850520588,0.8251010686782011,0.057460361470902895,0.23970890986966442,0.621952730267473,1.0282494070889292,0.4687917862578229,1.1814103510985792,0.6222159640236918,0.6264926559019471,0.1584145060030333,0.1582591613368338,0.009210501542935701,0.008383318969404717,0.026702057159485513,0.026375162823801233,0.7555036652682927,0,0.3770259516447917,0
2015-03-08,55,12,1,15,2,0.800401961,0.8149956408142061,0.05751000182595831,0.2398124305075913,0.611759570806027,1.018231710822385,0.45853248274425157,1.1714587988841605,0.6264926559019471,0.6239658985192372,0.1582591613368338,0.15855170628168624,0.008383318969404717,0.008679604022622517,0.026375162823801233,0.026525736322381473,0.7555036652682927,0,0.3931851375569956,0
2015-03-09,56,12,1,15,2,0.800401961,0.8132462385504012,0.05745785490189071,0.23970368145251902,0.6101023311149597,1.0163901459858429,0.4569447277792383,1.1695477493215642,0.6239658985192372,0.6217558407483266,0.15855170628168624,0.15883745881849232,0.008679604022622517,0.008895137034675035,0.026525736322381473,0.026659005809248064,0.7555036652682927,0,0.39594707379352695,0
2015-03-10,57,12,1,15,2,0.800401961,0.8114310041366299,0.05748126208477846,0.23975250172788284,0.6082457225285458,1.014616285744714,0.45505692569457024,1.1678050825786896,0.6217558407483266,0.6198624801371444,0.15883745881849232,0.15907317315951125,0.008895137034675035,0.009090753632449383,0.026659005809248064,0.026761916713558136,0.7555036652682927,0,0.3988878774948985,0
2015-03-11,58,12,1,15,2,0.800401961,0.807824880711695,0.05830879838120126,0.24147214825151422,0.6031822342767488,1.0124675271466412,0.4488946769291757,1.1667550844942143,0.6198624801371444,0.6185774373188975,0.15907317315951125,0.1590915808912402,0.009090753632449383,0.009420162246772057,0.026761916713558136,0.02677337444092926,0.7555036652682927,0,0.4053713080404594,0
2015-01-01,0,2,1,16,0,0.753097531,0.9896022922256452,0.12499207287633442,0.3535421797697333,0.6899826142696637,1.2892219701816268,0.46408840770803106,1.5151161767432595,0.822172272275,0.717052378676432,0.13242990040885458,0.11738524146255241,0.033094774784278046,0.018889375376377165,0.04380698488118558,0.027337618568289163,0.822172272275,0,0.2489749029929254,0
2015-01-03,1,2,1,16,0,0.75024303,0.8651262323689892,0.08399324008274539,0.28981587272395104,0.6195132803058481,1.1107391844321304,0.4343367147809536,1.2959157499570249,0.717052378676432,0.6836879726275659,0.11738524146255241,0.11151936660466925,0.018889375376377165,0.014116498132342944,0.027337618568289163,0.022981787038331227,0.822172272275,0,0.34559553006987237,0
2015-01-04,2,2,1,16,0,0.800237838,0.8238462446512784,0.07203915955803167,0.26840111690906143,0.5963818547906508,1.051310634511906,0.4248881524439669,1.22280433685859,0.6836879726275659,0.6781951785855739,0.11151936660466925,0.11059429178335306,0.014116498132342944,0.01369393511172429,0.022981787038331227,0.022410900102811056,0.822172272275,0,0.3916066859154479,0
2015-01-05,3,2,1,16,0,0.800076522,0.8173978032186333,0.06672562552061972,0.2583130378448206,0.5984828515110174,1.0363127549262492,0.4334348825063408,1.2013607239309259,0.6781951785855739,0.6746822064071214,0.11059429178335306,0.11016917302459053,0.01369393511172429,0.01355962631820032,0.022410900102811056,0.02207169882766602,0.822172272275,0,0.3970789435288538,0
2015-01-06,4,2,1,16,0,0.800594466,0.8128365877235624,0.0637145537380135,0.2524174196405896,0.5989180503867964,1.0267551250603284,0.43763706046592393,1.1880361149812009,0.6746822064071214,0.6723282158212059,0.11016917302459053,0.10999537875397031,0.01355962631820032,0.013569229298983639,0.02207169882766602,0.021942926254897892,0.822172272275,0,0.4017039104444825,0
2015-01-07,5,2,1,16,0,0.800594466,0.8229998955405919,0.0620677427631526,0.24913398556429953,0.6118640006064058,1.034135790474778,0.45268094631500766,1.1933188447661762,0.6723282158212059,0.6684892583433634,0.10999537875397031,0.10949232713304402,0.013569229298983639,0.013640093463767124,0.021942926254897892,0.02191925020524535,0.822172272275,0,0.38475549539182335,0
2015-01-08,6,2,1,16,0,0.800497246,0.8191095963328293,0.06072031773247404,0.24641493001130033,0.6102780446870866,1.027941147978572,0.4528323188727087,1.1853868737929498,0.6684892583433634,0.6652934899497274,0.10949232713304402,0.10927549608033685,0.013640093463767124,0.013781854980958694,0.02191925020524535,0.02195987730558657,0.822172272275,0,0.3895622036475478,0
2015-01-10,7,2,1,16,0,0.800594466,0.8152145782174117,0.059881731879484854,0.24470744140602846,0.6078300878144272,1.0225990686203963,0.4514753542656742,1.1789538021691492,0.6652934899497274,0.6626255500683872,0.10927549608033685,0.10923148417233844,0.013781854980958694,0.013982821391015877,0.02195987730558657,0.02212572605919415,0.822172272275,0,0.3949270087687686,0
2015-01-11,8,2,1,16,0,0.8,0.8135293745697039,0.059244395222206384,0.24340171573390024,0.6072514596413536,1.019807289498054,0.45173101371532404,1.1753277354240836,0.6626255500683872,0.660109886485528,0.10923148417233844,0.10930876945751375,0.013982821391015877,0.014174489043212174,0.02212572605919415,0.022309124035472267,0.822172272275,0,0.3970438350199547,0
2015-01-12,9,2,1,16,0,0.8,0.8110547209437324,0.0589496812959332,0.24279555452259252,0.605290515092584,1.0168189267948808,0.4501573731820639,1.171952068705401,0.660109886485528,0.6579033471618079,0.10930876945751375,0.10944908905356113,0.014174489043212174,0.014421058234535569,0.022309124035472267,0.02251238482818443,0.822172272275,0,0.40072709162644043,0
2015-01-13,10,2,1,16,0,0.8,0.7968769219759921,0.05914800343948993,0.24320362546534935,0.5907668844491675,1.002986959502817,0.4353730074210018,1.1583808365309824,0.6579033471618079,0.658619939769696,0.10944908905356113,0.10933182905272797,0.014421058234535569,0.01434469652223253,0.02251238482818443,0.022446164958477902,0.822172272275,0,0.4235783104411111,0
2015-01-14,11,2,1,16,0,0.311207464,0.7656306910083855,0.06124569282562733,0.24747867145600108,0.5558976405109435,0.9753637415058276,0.39777224182190635,1.1334891401948648,0.658619939769696,0.5365385653424973,0.10933182905272797,0.14879712219286514,0.01434469652223253,0.015469523877929919,0.022446164958477902,0.03441445656828051,0.822172272275,1,0.4748196478190556,0
2015-01-15,12,2,1,16,0,0.499998888,0.6687936800518768,0.06171053254636188,0.24841604728028718,0.45826622294988406,0.8793211371538695,0.2995418921384759,1.0380454679652777,0.5365385653424973,0.4892346918373881,0.14879712219286514,0.16372947109027897,0.015469523877929919,0.01686479375197722,0.03441445656828051,0.040361727100334706,0.822172272275,1,0.6281268907607417,1
2015-01-17,13,2,1,16,0,0.77011398,0.6374966085254573,0.061028226956313956,0.24703891789820073,0.4281362400640143,0.8468569769869003,0.270291819958881,1.0047013970920335,0.4892346918373881,0.5253957786999767,0.16372947109027897,0.15318475556106792,0.01686479375197722,0.013850310425543666,0.040361727100334706,0.036519520418617654,0.822172272275,0,0.6755919722323145,1
2015-01-18,14,2,1,16,0,0.650243497,0.6711613580608677,0.05995793389747936,0.24486309215044916,0.46364495687443075,0.8786777592473047,0.3071907709733882,1.0351319451483474,0.5253957786999767,0.5200604610848691,0.15318475556106792,0.1545493087128508,0.013850310425543666,0.014235466951265527,0.036519520418617654,0.03722591414933662,0.822172272275,1,0.6262624006968642,1
2015-01-19,15,2,1,16,0,0.750517565,0.6960107732294015,0.05871450349021745,0.242310758098392,0.4906574223110019,0.9013641241478012,0.3358340389239486,1.0561875075348546,0.5200604610848691,0.5330467938935414,0.1545493087128508,0.15259626453442543,0.014235466951265527,0.012767412424295752,0.03722591414933662,0.03497999486933713,0.822172272275,0,0.5881582542290884,1
2015-01-20,16,2,1,16,0,0.750031898,0.7260364215300421,0.05803561154269282,0.24090581467181904,0.5218737310790592,0.930199111981025,0.3679480300585523,1.084124813001532,0.5330467938935414,0.5382530632430281,0.15259626453442543,0.15212024337105565,0.012767412424295752,0.012338095412749793,0.03497999486933713,0.03385551822041708,0.822172272275,0,0.5396185625862846,1
2015-01-21,17,2,1,16,0,0.800415742,0.7431221710368239,0.05796001755432273,0.24074886823061648,0.5390924894454913,0.9471518526281565,0.3852670686569816,1.100977273416666,0.5382530632430281,0.5506152825736252,0.15212024337105565,0.15151815279031677,0.012338095412749793,0.01105530395986165,0.03385551822041708,0.030938547698126817,0.822172272275,0,0.5113956239955045,1
2015-01-22,18,2,1,16,0,0.800302791,0.7511836984801975,0.05805340674973987,0.24094274579189942,0.5469897096695331,0.9553776872908619,0.39304041167377013,1.109326985286625,0.5506152825736252,0.5616438366264948,0.15151815279031677,0.1507698073714161,0.01105530395986165,0.009890801915543741,0.030938547698126817,0.028401705039807563,0.822172272275,0,0.49804009259591286,0
2015-01-24,19,2,1,16,0,0.90064806,0.791553244271818,0.05806611656291439,0.24096911952139094,0.5873369042714258,0.9957695842722101,0.43337075489826454,1.1497357336453713,0.5616438366264948,0.5841359722216162,0.1507698073714161,0.15204500921353392,0.009890801915543741,0.006668579788022955,0.028401705039807563,0.02195991430713484,0.822172272275,0,0.4315449504786839,0
2015-01-25,20,2,1,16,0,0.850223776,0.796211903255222,0.057948933920315554,0.2407258480519189,0.5922017307887478,1.0002220757216962,0.4383910186412416,1.1540327878692023,0.5841359722216162,0.5963064674245584,0.15204500921353392,0.15162840293656132,0.006668579788022955,0.004970394446189516,0.02195991430713484,0.019193864450933462,0.822172272275,0,0.4238832393269025,0
2015-01-26,21,2,1,16,0,0.800034024,0.7742639999204103,0.05883880845942519,0.24256712155489085,0.5686933862801316,0.979834613560689,0.41370620060042124,1.1348217992403993,0.5963064674245584,0.603047072757582,0.15162840293656132,0.1506124239830043,0.004970394446189516,0.004300292562443577,0.019193864450933462,0.017919653536991216,0.822172272275,0,0.4601602365703822,0
2015-01-27,22,2,1,16,0,1.000230409,0.8354040466055098,0.0584932123979897,0.2418537004016885,0.6304380426225814,1.0403700505884383,0.47590669422217935,1.1949013989888404,0.603047072757582,0.639754901471049,0.1506124239830043,0.15284506061211298,0.004300292562443577,-0.0026619944246309936,0.017919653536991216,0.007892939762278735,0.822172272275,0,0.36199820468391886,0
2015-01-28,23,2,1,16,0,1.000230409,0.8382438103391923,0.05869618378027909,0.24227295305146856,0.6329224984153807,1.0435651222630038,0.47812327039526087,1.1983643502831236,0.639754901471049,0.6812799775487762,0.15284506061211298,0.1505058740102047,-0.0026619944246309936,-0.009656335974341087,0.007892939762278735,-0.0007083485325357509,0.822172272275,0,0.3578420042848009,0
2015-01-29,24,2,1,16,0,1.000230409,0.8794617734513571,0.058877843411200524,0.24264757037975987,0.6738229810975374,1.0851005658051769,0.5187843929982503,1.240139153904464,0.6812799775487762,0.7117227038901385,0.1505058740102047,0.15013814833142797,-0.009656335974341087,-0.015881663560602846,-0.0007083485325357509,-0.007196437910033582,0.822172272275,0,0.2968305011830008,0
2015-01-31,25,2,1,16,0,1.000230409,0.8977341522544845,0.05900394890952003,0.2429072845954193,0.6918752574797679,1.1035930470292012,0.5366707261351307,1.2587975783738383,0.7117227038901385,0.7384493310539922,0.15013814833142797,0.14911432495879873,-0.015881663560602846,-0.021185926867871033,-0.007196437910033582,-0.012396369219368014,0.822172272275,0,0.2715302268924265,0
2015-02-01,26,2,1,16,0,1.000671304,0.9132561134129777,0.05906244461360737,0.24302766223952238,0.7072952010770672,1.1192170257488883,0.5520137549710283,1.274498471854927,0.7384493310539922,0.7617797357362623,0.14911432495879873,0.14766325206612665,-0.021185926867871033,-0.02567206300589036,-0.012396369219368014,-0.01645671427545208,0.822172272275,0,0.2508684437947599,0
2015-02-02,27,2,1,16,0,0.900158405,0.8876949887495905,0.0611353549243514,0.247255646900837,0.678150946945363,1.097239030553818,0.5201680488059502,1.255221928693231,0.7617797357362623,0.7640068431841233,0.14766325206612665,0.14694885780020397,-0.02567206300589036,-0.024687329658948418,-0.01645671427545208,-0.017268913528086592,0.822172272275,0,0.28880019999510764,0
2015-02-03,28,2,1,16,0,0.949981609,0.9187407209301722,0.060154637011467074,0.24526442263701248,0.710884200465135,1.1265972413952094,0.5541735862310142,1.2833078556293303,0.7640068431841233,0.7735240360596074,0.14694885780020397,0.14595721875179207,-0.024687329658948418,-0.02667784129761842,-0.017268913528086592,-0.018403587636321838,0.822172272275,0,0.24572793358849693,0
2015-02-04,29,2,1,16,0,1.05028058,0.9252776936774156,0.06050880388799251,0.24598537332124548,0.7168101824333638,1.1337452049214676,0.5596389199595027,1.2909164673953286,0.7735240360596074,0.811913544048209,0.14595721875179207,0.14186333661167538,-0.02667784129761842,-0.03488224578902007,-0.018403587636321838,-0.022599759917512004,0.822172272275,0,0.23806110394213148,0
2015-02-05,30,2,1,16,0,1.000446018,0.9557298430536854,0.06021212759230987,0.2453815958712264,0.7477740206984943,1.1636856654088763,0.5909885391464478,1.320471146960923,0.811913544048209,0.8250531072420945,0.14186333661167538,0.1406965196173012,-0.03488224578902007,-0.03758897877796598,-0.022599759917512004,-0.024240427318527276,0.822172272275,0,0.20090085614530884,0
2015-02-07,31,2,1,16,0,1.000018551,0.9635936280792442,0.06021609742764887,0.24538968484361537,0.7556309504874199,1.1715563056710685,0.5988403005223684,1.32834695563612,0.8250531072420945,0.835681843267727,0.1406965196173012,0.13960438852162613,-0.03758897877796598,-0.039823937890439975,-0.024240427318527276,-0.02527478311812508,0.822172272275,0,0.1920337477940034,0
2015-02-08,32,2,1,16,0,1.000018551,0.9695725625292626,0.06008421482084117,0.24512081678397118,0.7618377450515997,1.1773073800069254,0.605218887139883,1.333926237918642,0.835681843267727,0.8444353419673875,0.13960438852162613,0.13861285095206013,-0.039823937890439975,-0.04148266562116935,-0.02527478311812508,-0.0261303006525407,0.822172272275,0,0.18518705757050202,0
2015-02-09,33,2,1,16,0,0.900477825,0.9404979841344451,0.0612826992443146,0.24755342705023212,0.7307015798185604,1.1502943884503296,0.5725284163743932,1.308467551894497,0.8444353419673875,0.8320098500408601,0.13861285095206013,0.14126079206103986,-0.04148266562116935,-0.040016136593028016,-0.0261303006525407,-0.02541205116873888,0.822172272275,0,0.22079153396693912,0
2015-02-10,34,2,1,16,0,0.899984058,0.9482929427813809,0.060109568849311984,0.2451725287411132,0.740514300490635,1.1560715850721266,0.5838624014534267,1.312723484109335,0.8320098500408601,0.8182954038322103,0.14126079206103986,0.14358041880309333,-0.040016136593028016,-0.03828636887281017,-0.02541205116873888,-0.024291142623539076,0.822172272275,0,0.2093181467689641,0
2015-02-11,35,2,1,16,0,1.000344928,0.9411945334060923,0.059878529550885004,0.2447008981407404,0.733815588284974,1.1485734785272106,0.5774650355265343,1.3049240312856503,0.8182954038322103,0.834589045836161,0.14358041880309333,0.1408461148517474,-0.03828636887281017,-0.04028369952528306,-0.024291142623539076,-0.02553144877739777,0.822172272275,0,0.2173013547022945,0
2015-02-12,36,2,1,16,0,1.000344928,0.9686860940471234,0.05950064844524301,0.24392754753254708,0.7619625475557381,1.1754096405385086,0.6061061237358754,1.3312660643583714,0.834589045836161,0.8428285722729206,0.1408461148517474,0.1399223783477345,-0.04028369952528306,-0.04164091564640381,-0.02553144877739777,-0.026252046998017288,0.822172272275,0,0.18498736666314608,0
2015-02-14,37,2,1,16,0,0.80037492,0.9418337346189876,0.062144764905642344,0.24928851739629393,0.7305668771564652,1.1531005920815098,0.5712850854369061,1.312382383801069,0.8428285722729206,0.8010082782432897,0.1399223783477345,0.1481118528747156,-0.04164091564640381,-0.034086610847753177,-0.026252046998017288,-0.026508334022243438,0.822172272275,0,0.2207908685745209,0
2015-02-15,38,2,1,16,0,0.432122899,0.6452745675437486,0.1133473076034435,0.33667091885614875,0.3599529339255937,0.9305962011619034,0.1448385446413527,1.1457105904461444,0.8010082782432897,0.7341096303555203,0.1481118528747156,0.17845924604315083,-0.034086610847753177,-0.020581256956994844,-0.026508334022243438,-0.044565986436974986,0.822172272275,1,0.622123146267004,1
2015-02-17,40,2,1,16,0,0.361071429,0.5025322356675106,0.08312045613856416,0.2883061847039778,0.2581987129461611,0.74686575838886,0.07398675588085579,0.9310777154541654,0.7341096303555203,0.7065606940986813,0.17845924604315083,0.19784766679793953,-0.020581256956994844,-0.031038712604546825,-0.044565986436974986,-0.04624659769579627,0.822172272275,1,0.804650530299335,1
2015-02-18,41,2,1,16,1,0.328131579,0.4449158628943867,0.07116348722447531,0.26676485380288634,0.21883817214061732,0.6709935536481562,0.048389952843045925,0.8414417729457275,0.7065606940986813,0.6884219186714902,0.19784766679793953,0.20923106688921597,-0.031038712604546825,-0.036969725310167526,-0.04624659769579627,-0.04696404441072198,0.822172272275,1,0.8736144344678123,1
2015-02-19,42,2,1,16,1,0.585315789,0.4105246506964111,0.06574897514551242,0.2564156296825769,0.19321771312417435,0.6278315882686478,0.029382084643089,0.7916672167497332,0.6884219186714902,0.7127494632947765,0.20923106688921597,0.19643499970341613,-0.036969725310167526,-0.03079272454303629,-0.04696404441072198,-0.04688950343135277,0.822172272275,1,0.9072362085158032,1
2015-02-22,43,2,1,16,1,0.700605263,0.45346541259738615,0.0627008470977884,0.2504013719966175,0.24125543390056597,0.6656753912942064,0.0812625886735519,0.8256682365212205,0.7127494632947765,0.7459950287826201,0.19643499970341613,0.18262885275741295,-0.03079272454303629,-0.025509824738408793,-0.04688950343135277,-0.04773330321771103,0.822172272275,1,0.881840384353769,1
2015-02-23,44,2,1,16,1,0.700623,0.8178937615376406,0.05949588271396696,0.2439177785934575,0.611178494019887,1.0246090290553942,0.455328312020296,1.1804592110549852,0.7459950287826201,0.7205287558391054,0.18262885275741295,0.17912594319358974,-0.025509824738408793,-0.019118393027013004,-0.04773330321771103,-0.04236054124420233,0.822172272275,1,0.3903730321895637,0
2015-02-24,45,2,1,16,1,0.700623,0.8002762335608581,0.05975911184352264,0.24445676886419537,0.5931041829473928,1.0074482841743233,0.43690961550663016,1.163642851615086,0.7205287558391054,0.699398655125567,0.17912594319358974,0.1761380394657949,-0.019118393027013004,-0.012994406840168872,-0.04236054124420233,-0.038654253318286376,0.822172272275,1,0.41852624857025433,0
2015-02-25,46,2,1,16,1,0.700069811,0.7852161444456836,0.0596703104529141,0.24427507128832057,0.5781980787660794,0.9922342101252877,0.42211960618495464,1.1483126827064125,0.699398655125567,0.6817774423339243,0.1761380394657949,0.17370309959632488,-0.012994406840168872,-0.008101442620231401,-0.038654253318286376,-0.035467833376434374,0.822172272275,1,0.4426847192737367,0
2015-02-26,47,2,1,16,1,0.66237931,0.47309675395402473,0.06108307969082291,0.24714991339432613,0.26364231910756,0.6825511888004895,0.1057269789228325,0.8404665289852169,0.6817774423339243,0.707817665293382,0.17370309959632488,0.165515370765927,-0.008101442620231401,-0.007396938285973593,-0.035467833376434374,-0.0356486321272713,0.822172272275,1,0.8687252969048723,1
2015-02-28,48,2,1,16,1,0.700211111,0.5068997446069925,0.05991613648323825,0.24477772873208511,0.2994556871503365,0.7143438020636486,0.1430560438265709,0.8707434453874141,0.707817665293382,0.7335234147099331,0.165515370765927,0.15846629480884827,-0.007396938285973593,-0.005670743799384431,-0.0356486321272713,-0.037558823826498576,0.822172272275,1,0.8396808273188963,1
2015-03-01,49,2,1,16,1,0.683550607,0.540046313236842,0.05920259837149971,0.24331584077387913,0.3338411755592367,0.7462514509144473,0.1783755990577553,0.9017170274159287,0.7335234147099331,0.7543243589862683,0.15846629480884827,0.15523807765740133,-0.005670743799384431,-0.008215054545902167,-0.037558823826498576,-0.038161320859744316,0.822172272275,1,0.8058997608379428,1
2015-03-03,51,2,1,16,2,0.30277037,0.5745254163598048,0.059738048904574695,0.24441368395524563,0.3673898793146857,0.7816609534049239,0.21122284078526354,0.9378279919343461,0.7543243589862683,0.7033393871520681,0.15523807765740133,0.15675245219382572,-0.008215054545902167,-0.003135565381020557,-0.038161320859744316,-0.02772434978262147,0.822172272275,1,0.763603140314403,1
2015-03-04,52,2,1,16,2,0.404144928,0.5290705937488308,0.058902592650631594,0.24269856334686365,0.3233885859111001,0.7347526015865615,0.16831741608181522,0.8898237714158463,0.7033393871520681,0.6815642313566198,0.15675245219382572,0.15762308139332573,-0.003135565381020557,-0.002758565000295668,-0.02772434978262147,-0.0223161821000897,0.822172272275,1,0.8186688226737651,1
2015-03-05,53,2,1,16,2,0.600099145,0.5096236613533038,0.05870202292684651,0.24228500351207566,0.304292136913609,0.7149551857929987,0.1494852093051704,0.8697621134014373,0.6815642313566198,0.6962998994967048,0.15762308139332573,0.1567901407047076,-0.002758565000295668,-0.001108125442406215,-0.0223161821000897,-0.027177527138288065,0.822172272275,1,0.839431048840874,1
2015-03-07,54,2,1,16,2,0.65024031,0.523661806442806,0.0585947806831122,0.24206358809848333,0.3185179269821579,0.7288056859034542,0.16385247176947848,0.8834711411161336,0.6962998994967048,0.717100452581317,0.1567901407047076,0.15610547161152308,-0.001108125442406215,0.0013767921018317862,-0.027177527138288065,-0.03447263697393214,0.822172272275,1,0.8251151524469489,1
2015-03-08,55,2,1,16,2,0.700106061,0.8102778279187571,0.06423784869228513,0.25345186661826963,0.5954826181846073,1.025073037652907,0.4335406729587546,1.1870149828787597,0.717100452581317,0.6883496329207301,0.15610547161152308,0.1499540775508958,0.0013767921018317862,0.004072875238575911,-0.03447263697393214,-0.0240784079460668,0.822172272275,1,0.40600743801895134,0
2015-03-09,56,2,1,16,2,0.700516224,0.7857082512630484,0.06264563786935926,0.2502911062530174,0.573591720501093,0.9978247820250039,0.413669329081536,1.157747173444561,0.6883496329207301,0.6681698013403066,0.1499540775508958,0.14580950191257322,0.004072875238575911,0.006326202913441717,-0.0240784079460668,-0.017402360681813465,0.822172272275,1,0.4432766374444175,0
2015-03-10,57,2,1,16,2,0.700051852,0.7891746311561718,0.06202650076278008,0.2490512010868048,0.5781088943527718,1.000240367959572,0.4189787348358288,1.159370527476515,0.6681698013403066,0.6486114102259345,0.14580950191257322,0.14180744848592694,0.006326202913441717,0.008370991066773447,-0.017402360681813465,-0.01101095127947891,0.822172272275,1,0.43750598653156675,0
2015-03-11,58,2,1,16,2,0.750140741,0.7800842658875025,0.06118349138041782,0.2473529692169023,0.5704577454352777,0.9897107863397272,0.41241266363398155,1.1477558681410234,0.6486114102259345,0.6425006660635036,0.14180744848592694,0.14059372415832794,0.008370991066773447,0.009046069935193754,-0.01101095127947891,-0.009122424729313832,0.822172272275,0,0.4515980690954333,0
2015-01-01,0,3,1,17,0,0.753683478,0.971861120167171,0.12861819744998398,0.3586337929559678,0.6679264054477412,1.2757958348866008,0.43877893523996514,1.5049433050943768,0.783346085875,0.6891060766017252,0.13242990040885458,0.11661396685141165,0.033094774784278046,0.019957339760056796,0.04380698488118558,0.02817922536074334,0.783346085875,0,0.2680805291831857,0
2015-01-03,1,3,1,17,0,0.800322936,0.8435960364559159,0.08328382096279348,0.28858936391141216,0.599022525218937,1.0881695476928948,0.4146296320559366,1.272562440855895,0.6891060766017252,0.676410850041886,0.11661396685141165,0.11456753360934108,0.019957339760056796,0.0182711637510372,0.02817922536074334,0.02674478040096947,0.783346085875,0,0.3728469271244066,0
2015-01-04,2,3,1,17,0,0.75024303,0.8195138165405329,0.0713291547782601,0.2670751856280551,0.593173125989746,1.0458545070913199,0.42252662154989545,1.2165010115311703,0.676410850041886,0.6593591774627918,0.11456753360934108,0.11295993306831686,0.0182711637510372,0.01715399974158348,0.02674478040096947,0.02520255967168887,0.783346085875,0,0.39732463983149385,0
2015-01-05,3,3,1,17,0,0.75024303,0.800054663190263,0.06650206141705307,0.257879936049808,0.5815067562873952,1.0186025700931307,0.4167355157523132,1.1833738106282128,0.6593591774627918,0.6488216257313559,0.11295993306831686,0.11236487299943826,0.01715399974158348,0.016216687072505287,0.02520255967168887,0.024623195914456716,0.783346085875,0,0.4230485363688091,0
2015-01-06,4,3,1,17,0,0.800273829,0.7935822694051964,0.06369320897175172,0.2523751354070993,0.5796995670809011,1.0074649717294917,0.41844559448333807,1.1687189443270547,0.6488216257313559,0.6501066311265806,0.11236487299943826,0.112441917326826,0.016216687072505287,0.016287415022570757,0.024623195914456716,0.024645944749618155,0.783346085875,0,0.43144816388821433,0
2015-01-07,5,3,1,17,0,0.800273829,0.794825134402904,0.06186510773208301,0.24872697427517387,0.5840341731098797,1.0056160956959284,0.42511117687514277,1.1645390919306653,0.6501066311265806,0.6511376243349413,0.112441917326826,0.11246109661431807,0.016287415022570757,0.016296563185256723,0.024645944749618155,0.02463183556473111,0.783346085875,0,0.42849062466909016,0
2015-01-08,6,3,1,17,0,0.800273829,0.795513572071022,0.06070632286788089,0.24638653142548375,0.5867060876388217,1.0043210565032223,0.42927850697480374,1.1617486371672403,0.6511376243349413,0.6520529340554388,0.11246109661431807,0.11244547208634471,0.016296563185256723,0.01626066529342221,0.02463183556473111,0.024594849526437514,0.783346085875,0,0.4267226546661242,0
2015-01-10,7,3,1,17,0,0.750098351,0.7921307696826962,0.05994364509280658,0.24483391328165013,0.584639096983475,0.9996224423819174,0.4282035547911408,1.1560579845742516,0.6520529340554388,0.6439534962020299,0.11244547208634471,0.11324238774258044,0.01626066529342221,0.016299577433933874,0.024594849526437514,0.024994439427819405,0.783346085875,0,0.43168771950864654,0
2015-01-11,8,3,1,17,0,0.690182815,0.5678335134595437,0.09935660428313885,0.31520882646769083,0.3007005588099903,0.8349664681090971,0.09929927819753737,1.03636774872155,0.6439534962020299,0.6792802229597263,0.11324238774258044,0.08923084089955592,0.016299577433933874,0.017585673494578194,0.024994439427819405,0.025794772076637686,0.783346085875,1,0.7183420067589391,1
2015-01-12,9,3,1,17,0,0.800273829,0.6280859064594098,0.07652368240186289,0.27662914235825353,0.39364843537575445,0.8625233775430651,0.21689747268852305,1.0392743402302964,0.6792802229597263,0.7172169637573124,0.08923084089955592,0.06672270745153915,0.017585673494578194,0.01721399665365823,0.025794772076637686,0.02563912603847963,0.783346085875,0,0.6702896529113367,1
2015-01-13,10,3,1,17,0,0.705576584,0.8178620126606596,0.06088107886996617,0.24674091446285548,0.6087541959410938,1.0269698293802254,0.4511001838082817,1.1846238415130375,0.7172169637573124,0.6941571095693339,0.06672270745153915,0.062451450701787356,0.01721399665365823,0.024209199819097145,0.02563912603847963,0.02914324723015853,0.783346085875,1,0.391645257778679,0
2015-01-15,12,3,1,17,0,0.660683293,0.7868626037875612,0.058204893702673996,0.2412569039482062,0.5824023724434565,0.991322835131666,0.42825234448811705,1.1454728630870055,0.6941571095693339,0.6718409362236971,0.062451450701787356,0.06148317144561662,0.024209199819097145,0.026365228115370606,0.02914324723015853,0.03290202288918423,0.783346085875,1,0.43928037061587905,0
2015-01-17,13,3,1,17,0,0.600291767,0.7693355157917726,0.058040722884133394,0.24091642302701863,0.5651638349793833,0.973507196604162,0.411231355797407,1.1274396757861382,0.6718409362236971,0.6409030957329133,0.06148317144561662,0.060636476323167425,0.026365228115370606,0.029802890791019845,0.03290202288918423,0.03862137219621735,0.783346085875,1,0.46801595565451715,0
2015-01-18,14,3,1,17,0,0.650416734,0.7504328405629048,0.05802578701321777,0.24088542299860688,0.5462874316327996,0.9545782494930101,0.39237475978138286,1.1084909213444267,0.6409030957329133,0.6220601211836654,0.060636476323167425,0.05980818920611917,0.029802890791019845,0.03237446701295027,0.03862137219621735,0.042442656985982846,0.783346085875,1,0.49928315169036247,0
2015-01-19,15,3,1,17,0,0.750062751,0.7466469938874349,0.05827772959369529,0.24140780764858308,0.5420588747814266,0.9512351129934433,0.3878124275765196,1.1054815601983503,0.6220601211836654,0.6227119623069507,0.05980818920611917,0.05987132070033268,0.03237446701295027,0.032261870369081284,0.042442656985982846,0.04229628897173527,0.783346085875,0,0.5055408849864128,1
2015-01-20,16,3,1,17,0,0.750037968,0.7478847807393388,0.058104079113785005,0.24104787722314627,0.5436016952172332,0.9521678662614445,0.38958522396010253,1.1061843375185751,0.6227119623069507,0.6231340905674906,0.05987132070033268,0.05990070265048795,0.032261870369081284,0.032187226406415144,0.04229628897173527,0.04220214964126575,0.783346085875,0,0.5035007135324931,1
2015-01-21,17,3,1,17,0,0.750068049,0.7550231576804625,0.05827287532806782,0.24139775336168276,0.5504435593744478,0.9596027559864772,0.3962035363115297,1.1138427790493952,0.6231340905674906,0.6221507623576759,0.05990070265048795,0.05981187840512435,0.032187226406415144,0.03237648871450802,0.04220214964126575,0.04243518390691962,0.783346085875,0,0.49169915484631715,0
2015-01-22,18,3,1,17,0,0.750068049,0.7551497888881935,0.05812274803470953,0.24108659862113765,0.550833887782941,0.9594656899934461,0.3967926756604292,1.1135069021159578,0.6221507623576759,0.6211158418543599,0.05981187840512435,0.059747831317725306,0.03237648871450802,0.03256224005878597,0.04243518390691962,0.04268598783088523,0.783346085875,0,0.491478944457549,0
2015-01-24,19,3,1,17,0,0.80035194,0.7572812481700868,0.058182409111883784,0.24121030059241622,0.5528605122051828,0.9617019841349908,0.3987402612571757,1.1158222350829978,0.6211158418543599,0.6301373911377227,0.059747831317725306,0.06023185143815373,0.03256224005878597,0.03088958104499729,0.04268598783088523,0.040480506124595556,0.783346085875,0,0.487959234518617,0
2015-01-25,20,3,1,17,0,0.800513307,0.758517794240974,0.05793745580113813,0.24070200622582713,0.5545278272285142,0.9625077612534337,0.4007323487099671,1.1163032397719808,0.6301373911377227,0.6392973604105918,0.06023185143815373,0.0601284690620349,0.03088958104499729,0.02949400721077581,0.040480506124595556,0.03833268308718507,0.783346085875,0,0.4858854555257345,0
2015-01-26,21,3,1,17,0,0.80035194,0.7710910811821787,0.05807157812791169,0.2409804517547257,0.5668651373486472,0.9753170250157103,0.4128917472952949,1.1292904150690626,0.6392973604105918,0.6457025629964466,0.0601284690620349,0.060214547776511265,0.02949400721077581,0.028491158545391783,0.03833268308718507,0.036719989783084994,0.783346085875,0,0.46512831588236586,0
2015-01-27,22,3,1,17,0,1.000230409,0.7897339638897088,0.058785002575244764,0.2424561869188839,0.5842573650567614,0.9952105627226563,0.42934106057034277,1.150126867209075,0.6457025629964466,0.6911168463036168,0.060214547776511265,0.06435684139493891,0.028491158545391783,0.01837204298880677,0.036719989783084994,0.02509277709807059,0.783346085875,0,0.4349124098656262,0
2015-01-28,23,3,1,17,0,1.000230409,0.8197472207247505,0.05861492587533605,0.24210519588669727,0.6145680795249989,1.0249263619245021,0.45987603920071696,1.1796184022487841,0.6911168463036168,0.7318206690272134,0.06435684139493891,0.06629841147217146,0.01837204298880677,0.0098614633785057,0.02509277709807059,0.015177063900417486,0.783346085875,0,0.3866402912284941,0
2015-01-29,24,3,1,17,0,0.950185965,0.8421251542623599,0.05870445942986707,0.24229003163536686,0.6367893685922732,1.0474609399324466,0.4819792282867751,1.2022710802379448,0.7318206690272134,0.7579704142746551,0.06629841147217146,0.06631735127761546,0.0098614633785057,0.004447083776568049,0.015177063900417486,0.009418505165620764,0.783346085875,0,0.35188854750130116,0
2015-01-31,25,3,1,17,0,1.000457471,0.8621858152294614,0.05888906976439348,0.2426707023198175,0.6565274190353443,1.0678442114235784,0.5014740508856289,1.222897579573294,0.7579704142746551,0.7919305021763351,0.06631735127761546,0.06633117565992755,0.004447083776568049,-0.0034389898247796074,0.009418505165620764,0.002713413142239533,0.783346085875,0,0.3219343562347329,0
2015-02-01,26,3,1,17,0,0.950185965,0.8790007310099962,0.05913254069355352,0.24317183367642214,0.6729176363661006,1.085083825653892,0.5175440725603617,1.2404573894596307,0.7919305021763351,0.8104591300059261,0.06633117565992755,0.0656652494004849,-0.0034389898247796074,-0.007361671270596532,0.002713413142239533,-0.0008570847978069457,0.783346085875,0,0.29788540058167357,0
2015-02-02,27,3,1,17,0,0.90014152,0.8721324362732481,0.060861441351982515,0.24670111745183182,0.6630583466966057,1.0812065258498906,0.5054297626873474,1.2388351098591488,0.8104591300059261,0.814867968034665,0.0656652494004849,0.06483628243778243,-0.007361671270596532,-0.005248669084595106,-0.0008570847978069457,-0.00318389337205859,0.783346085875,0,0.310278052760922,0
2015-02-03,28,3,1,17,0,0.950185965,0.8930562880668156,0.06015067857202405,0.24525635276588464,0.6852066066504883,1.100905969483143,0.5285011486247064,1.2576114275089247,0.814867968034665,0.8313992993433199,0.06483628243778243,0.06399839830396432,-0.005248669084595106,-0.009226847287787538,-0.00318389337205859,-0.005753824563220499,0.783346085875,0,0.27984807228248587,0
2015-02-04,29,3,1,17,0,1.000230409,0.9069415313705738,0.060292612175162325,0.24554553992113626,0.6988467698272248,1.1150362929139228,0.5419565369521564,1.2719265257889911,0.8313992993433199,0.8579985599050539,0.06399839830396432,0.06281816467072479,-0.009226847287787538,-0.01585518458693793,-0.005753824563220499,-0.009676234671325046,0.783346085875,0,0.26136122136418377,0
2015-02-05,30,3,1,17,0,0.950185965,0.9186345028861201,0.06006746274504894,0.2450866433428165,0.7109286466923417,1.1263403590798986,0.5543316237491713,1.282937382023069,0.8579985599050539,0.8669861013623559,0.06281816467072479,0.062171060342702436,-0.01585518458693793,-0.01781160804759807,-0.009676234671325046,-0.010968758104969637,0.783346085875,0,0.24570725884173183,0
2015-02-07,31,3,1,17,0,0.950185965,0.9239372445544861,0.0599899914474161,0.24492854355386204,0.7163653746586999,1.1315091144502722,0.5598693688739538,1.2880051202350185,0.8669861013623559,0.874369852193615,0.062171060342702436,0.061582877288115095,-0.01781160804759807,-0.01933543619997706,-0.010968758104969637,-0.011998948286699439,0.783346085875,0,0.23880399277455028,0
2015-02-08,32,3,1,17,0,0.900129762,0.9235842658069898,0.05987424092764611,0.24469213499343642,0.7162127472717877,1.1309557843421918,0.5598677936874227,1.2873007379265569,0.874369852193615,0.8678005731793614,0.061582877288115095,0.06226132106798369,-0.01933543619997706,-0.018267724272524634,-0.011998948286699439,-0.011010016593434938,0.783346085875,0,0.2390385682478528,0
2015-02-09,33,3,1,17,0,0.800161172,0.9022194313438998,0.0610775130769669,0.24713865152372846,0.6927745406996115,1.111664321988188,0.5348663962371165,1.2695724664506831,0.8678005731793614,0.8374814764739902,0.06226132106798369,0.06732363797859583,-0.018267724272524634,-0.0140159796378155,-0.011010016593434938,-0.007706600170333318,0.783346085875,0,0.2689712660490843,0
2015-02-10,34,3,1,17,0,0.90047076,0.9042633932599728,0.060320486681401796,0.2456022937217847,0.6961205340455507,1.112406252474395,0.5391940385814606,1.269332747938485,0.8374814764739902,0.8364445534816943,0.06732363797859583,0.06741596360319432,-0.0140159796378155,-0.013792557570843546,-0.007706600170333318,-0.007598186066757696,0.783346085875,0,0.26496842631685147,0
2015-02-11,35,3,1,17,0,0.536901754,0.7693163428883126,0.10411118529156052,0.3226626493592968,0.4958664276549373,1.0427662581216879,0.2897025599897968,1.2489301257868284,0.8364445534816943,0.7589105612112237,0.06741596360319432,0.09069180719539363,-0.013792557570843546,0.010478675225036403,-0.007598186066757696,-0.017962990810216642,0.783346085875,1,0.47613140095146256,0
2015-02-12,36,3,1,17,0,0.350301724,0.660857847257365,0.07436425961588303,0.27269811076698536,0.4297518440629943,0.8919638504517355,0.25551259656306136,1.0662030979516686,0.7589105612112237,0.6896943900886705,0.09069180719539363,0.12132542573946825,0.010478675225036403,0.0004378225557467169,-0.017962990810216642,-0.012237841996085175,0.783346085875,1,0.6281242735817221,1
2015-02-14,37,3,1,17,0,0.500801724,0.7673777920984506,0.0580963575556378,0.24103186004268773,0.5631082808051792,0.971647303391722,0.40910204365441,1.1256535405424912,0.6896943900886705,0.6370326194377497,0.12132542573946825,0.12451403702435417,0.0004378225557467169,0.0017051153203913216,-0.012237841996085175,0.0007523470542159152,0.783346085875,1,0.47126216189357895,0
2015-02-15,38,3,1,17,0,0.475718391,0.7302653627480983,0.05805980264354079,0.2409560180687355,0.5260601259575918,0.9344705995386048,0.3721023476994536,1.088428377796743,0.6370326194377497,0.5872218195253383,0.12451403702435417,0.12739916070345936,0.0017051153203913216,0.0026382412678210765,0.0007523470542159152,0.013166893204922571,0.783346085875,1,0.5326374427845004,1
2015-02-16,39,3,1,17,0,0.802243319,0.7410234699553302,0.05799852334899789,0.24082882582655651,0.5369260259568039,0.9451209139538564,0.3830495166172614,1.098997423293399,0.5872218195253383,0.5990815083287686,0.12739916070345936,0.12782744456444553,0.0026382412678210765,0.0015578229870405014,0.013166893204922571,0.010029408144604651,0.783346085875,0,0.5148665273404381,1
2015-02-17,40,3,1,17,0,0.700603448,0.7350154671033564,0.05788866277813412,0.2406006292139198,0.5311114150096755,0.9389195191970373,0.37738071088292313,1.0926502233237896,0.5990815083287686,0.5924503053135887,0.12782744456444553,0.12784280294717076,0.0015578229870405014,0.001914560906391739,0.010029408144604651,0.011747143007410027,0.783346085875,1,0.5248299494356158,1
2015-02-18,41,3,1,17,1,0.700603448,0.7162171420692783,0.05806018325652342,0.24095680786506826,0.512011235942731,0.9204230481958257,0.35805295304773155,1.0743813310908252,0.5924503053135887,0.589389715461547,0.12784280294717076,0.1278957610882666,0.001914560906391739,0.002189724261789544,0.011747143007410027,0.012407801332321933,0.783346085875,1,0.5557501837542875,1
2015-02-19,42,3,1,17,1,0.700603448,0.7270747291052889,0.06017677367899156,0.24530954665277818,0.5191799669710947,0.9349694912394831,0.36244052094738405,1.0917089372631938,0.589389715461547,0.584014196467377,0.1278957610882666,0.12755131761268992,0.002189724261789544,0.003914444892955167,0.012407801332321933,0.012939213048231568,0.783346085875,1,0.5372287360035803,1
2015-02-22,43,3,1,17,1,0.626577778,0.6983879095016038,0.05800970038830128,0.24085203006888126,0.4942708003881058,0.9025050186151018,0.3403794648009222,1.0563963542022854,0.584014196467377,0.5703095096489613,0.12755131761268992,0.1282670943578413,0.003914444892955167,0.004425306593367222,0.012939213048231568,0.01596112689489449,0.783346085875,1,0.5848393947669155,1
2015-02-23,44,3,1,17,1,0.700362069,0.6827641394208332,0.05800230634038934,0.24083667980685447,0.4786600393366058,0.8868682395050607,0.32477851173121186,1.0407497671104546,0.5703095096489613,0.5736188977213355,0.1282670943578413,0.1280461239873917,0.004425306593367222,0.0044066568276679985,0.01596112689489449,0.015202011677141705,0.783346085875,1,0.6099451827208497,1
2015-02-24,45,3,1,17,1,0.750176991,0.7109728509946547,0.05762207862212679,0.24004599272249222,0.5075388418447957,0.9144068601445137,0.35416252024247863,1.0677831817468308,0.5736188977213355,0.5807821389701142,0.1280461239873917,0.12795708169258665,0.0044066568276679985,0.003957341624297936,0.015202011677141705,0.013650001516934553,0.783346085875,0,0.5645762057574574,1
2015-02-25,46,3,1,17,1,0.750206897,0.7157358240232075,0.05779357093528054,0.24040293453966102,0.5119993140730796,0.9194723339733353,0.3583949260809741,1.0730767219654407,0.5807821389701142,0.58714383191735,0.12795708169258665,0.12786980575743595,0.003957341624297936,0.0037384275434043804,0.013650001516934553,0.012103273508422307,0.783346085875,0,0.5566685614047714,1
2015-02-26,47,3,1,17,1,0.750473684,0.7201110580171731,0.05788032694623315,0.2405833056266231,0.5162216873050752,0.924000428729271,0.3625020520075351,1.0777200640268112,0.58714383191735,0.592760999942792,0.12786980575743595,0.12780806875469353,0.0037384275434043804,0.003530731439037957,0.012103273508422307,0.010736834176786617,0.783346085875,0,0.5494355179750823,1
2015-02-28,48,3,1,17,1,0.750716981,0.7241588601734739,0.057863541760713316,0.2405484187449864,0.5202990553712985,0.9280186649756492,0.36660171089193416,1.0817160094550136,0.592760999942792,0.597646854109501,0.12780806875469353,0.127769483124214,0.003530731439037957,0.0032622799699529156,0.010736834176786617,0.009627791865955282,0.783346085875,0,0.5427744614976935,1
2015-03-01,49,3,1,17,1,0.750473684,0.7277672272147377,0.05782050235522654,0.2404589411006098,0.5239832528637121,0.9315512015657634,0.3703430797280743,1.0851913747014013,0.597646854109501,0.6017836889707497,0.127769483124214,0.1277323947815653,0.0032622799699529156,0.0030291962872772598,0.009627791865955282,0.00871565276117528,0.783346085875,0,0.536833614169376,1
2015-03-02,50,3,1,17,2,0.800149813,0.7374902446471314,0.05774809992749511,0.2403083434412861,0.5338338986945528,0.9411465905997101,0.38028994926490994,1.094690540029353,0.6017836889707497,0.6130309450289783,0.1277323947815653,0.12773530174219094,0.0030291962872772598,0.002438948145985069,0.00871565276117528,0.006164528074448325,0.783346085875,0,0.5207584018989984,1
2015-03-03,51,3,1,17,2,0.800333333,0.7458527427644712,0.05773149245724361,0.24027378645462683,0.5422256831426515,0.9494798023862909,0.38870381374625296,1.1030016717826894,0.6130309450289783,0.6227529646654529,0.12773530174219094,0.12774378678711965,0.002438948145985069,0.0018019969789105222,0.006164528074448325,0.00409768540786256,0.783346085875,0,0.5068856204956506,1
2015-03-04,52,3,1,17,2,0.800333333,0.7676497241446865,0.05771696439423111,0.24024355224278363,0.5640482873914637,0.9712511608979092,0.4105457360105273,1.1247537122788456,0.6227529646654529,0.6284950840802054,0.12774378678711965,0.1279102313113691,0.0018019969789105222,0.0013288110199171468,0.00409768540786256,0.0028443631217561767,0.783346085875,0,0.47071766385298425,0
2015-03-05,53,3,1,17,2,0.800534979,0.7718716764927634,0.05792529024786118,0.24067673391472882,0.5679031272407458,0.9758402257447811,0.41412379635320334,1.1296195566323235,0.6284950840802054,0.6335546100178503,0.1279102313113691,0.12811406966613942,0.0013288110199171468,0.0005694055693591376,0.0028443631217561767,0.0019898229414419023,0.783346085875,0,0.4637956632186627,0
2015-03-07,54,3,1,17,2,0.800578947,0.7758280817662287,0.05767845477610466,0.24016339183169583,0.5722945793018385,0.979361584230619,0.41884324605977347,1.132812917472684,0.6335546100178503,0.6378421385650968,0.12811406966613942,0.12820926298657676,0.0005694055693591376,0.00013966017663552045,0.0019898229414419023,0.0011748961993328227,0.783346085875,0,0.45717879302794195,0
2015-03-08,55,3,1,17,2,0.800511068,0.7645858883589116,0.05754702503323637,0.23988961009855422,0.5612844102452439,0.9678873664725793,0.4080080086263854,1.1211637680914377,0.6378421385650968,0.6440113963159682,0.12820926298657676,0.1280266316668228,0.00013966017663552045,-1.4775345091364955e-05,0.0011748961993328227,-8.091529262420957e-05,0.783346085875,0,0.47575824908174774,0
2015-03-09,56,3,1,17,2,0.800842424,0.769296917525031,0.05754226601773663,0.2398796907154431,0.5660038458831886,0.9725899891668734,0.4127337822101417,1.1258600528399203,0.6440113963159682,0.6494077442837383,0.1280266316668228,0.12793167444184914,-1.4775345091364955e-05,-0.0005042681951269134,-8.091529262420957e-05,-0.0009054513622500014,0.783346085875,0,0.46794200751035403,0
2015-03-10,57,3,1,17,2,0.800071839,0.7879836360852261,0.05767879973646265,0.2401641100090991,0.5844495249803551,0.9915177471900972,0.43099773286202586,1.1449695393084265,0.6494077442837383,0.6514524634273997,0.12793167444184914,0.1279846481374266,-0.0005042681951269134,-0.0008182633215349548,-0.0009054513622500014,-0.0011816721039549425,0.783346085875,0,0.43716654158542034,0
2015-03-11,58,3,1,17,2,0.800071839,0.7895996417942888,0.05762205750166556,0.24004594872995785,0.5861656699271919,0.9930336136613857,0.4327893764337094,1.1464099071548681,0.6514524634273997,0.6532072291225556,0.1279846481374266,0.12801937863406404,-0.0008182633215349548,-0.0010746063059058127,-0.0011816721039549425,-0.0014145833154949276,0.783346085875,0,0.4344850080505201,0
2015-01-01,0,4,1,18,0,0.52118,0.6588392033366183,0.1310127359715299,0.3619568150643525,0.35208829617700127,0.9655901104962352,0.12081759574235607,1.1968608109308805,0.7208145462926829,0.6624405762966443,0.13242990040885458,0.14283808693345576,0.033094774784278046,0.02471242981988762,0.04380698488118558,0.033615082203934984,0.7208145462926829,1,0.5994236023901629,1
2015-01-03,1,4,1,18,0,0.700134038,0.5704196148256566,0.08275255896114495,0.2876674450839805,0.3266274107084011,0.8142118189429122,0.14282357348823776,0.9980156561630755,0.6624405762966443,0.7010355873138665,0.14283808693345576,0.13709622791382392,0.02471242981988762,0.02722438283594878,0.033615082203934984,0.03923762443799853,0.7208145462926829,1,0.7337728378524603,1
2015-01-04,2,4,1,18,0,0.800598058,0.8914406745853145,0.099736765337405,0.31581128120668045,0.6237971520171137,1.1590841971535153,0.42201093562318764,1.3608704135474414,0.7010355873138665,0.6749425612688735,0.13709622791382392,0.12232617107119609,0.02722438283594878,0.024037038512069172,0.03923762443799853,0.036731360133908916,0.7208145462926829,0,0.32712548018609083,0
2015-01-05,3,4,1,18,0,0.800076522,0.8466025155281635,0.07659949065985877,0.2767661299000634,0.6120489503388833,1.0811560807174436,0.4352104600698337,1.2579945709864933,0.6749425612688735,0.6649852618904151,0.12232617107119609,0.11731810088789742,0.024037038512069172,0.023396610074295734,0.036731360133908916,0.035847829885746155,0.7208145462926829,0,0.36352955112783214,0
2015-01-06,4,4,1,18,0,0.800594466,0.8317911961938114,0.06869240772740683,0.2620923648781224,0.6096733430690414,1.0539090493185814,0.4422105898310361,1.2213718025565865,0.6649852618904151,0.6594619999146514,0.11731810088789742,0.1148736508152739,0.023396610074295734,0.02296864622397271,0.035847829885746155,0.035603999642193934,0.7208145462926829,0,0.3774936164336328,0
2015-01-07,5,4,1,18,0,0.800594466,0.8237554497866807,0.06466777929853135,0.25429860262795656,0.6082426488143331,1.0392682507590283,0.4457596853733412,1.2017512142000202,0.6594619999146514,0.6557204171660913,0.1148736508152739,0.1134916478638043,0.02296864622397271,0.02277055703330963,0.035603999642193934,0.03561152654996657,0.7208145462926829,0,0.3858947991887258,0
2015-01-08,6,4,1,18,0,0.850181818,0.8414968418773067,0.06364015272130578,0.25226999964582747,0.6277032399340592,1.0552904438205541,0.4665164433645141,1.2164772403900992,0.6557204171660913,0.6569860651056215,0.1134916478638043,0.11402688800714311,0.02277055703330963,0.022757341821138463,0.03561152654996657,0.03558569644127677,0.7208145462926829,0,0.35841670171221446,0
2015-01-10,7,4,1,18,0,0.801028213,0.8308648473636884,0.06132512646960904,0.2476391052915695,0.6209958325120706,1.0407338622153062,0.46276792533588507,1.1989617693914916,0.6569860651056215,0.6520402187648942,0.11402688800714311,0.11279617828882521,0.022757341821138463,0.023454357964523873,0.03558569644127677,0.03588923201751127,0.7208145462926829,0,0.3720067333048347,0
2015-01-11,8,4,1,18,0,0.473134796,0.589829304143697,0.07354818947793972,0.2711976944554281,0.35999487271018815,0.819663735577206,0.18671430955290452,0.9929442987344896,0.6520402187648942,0.6232249422819782,0.11279617828882521,0.1258616876131938,0.023454357964523873,0.02648846681193319,0.03588923201751127,0.038369476184259524,0.7208145462926829,1,0.7226074201977546,1
2015-01-12,9,4,1,18,0,0.35063299,0.5475292914852506,0.06798970287520903,0.2607483516251043,0.32655046176724967,0.7685081212032516,0.15994645983183742,0.9351121231386639,0.6232249422819782,0.5781258695401185,0.1258616876131938,0.14245944370162658,0.02648846681193319,0.030740784135399355,0.038369476184259524,0.046548453124340985,0.7208145462926829,1,0.7812726521393931,1
2015-01-13,10,4,1,18,0,0.500380799,0.729261661448346,0.05908532102533888,0.24307472313126036,0.5232608659809912,0.9352624569157009,0.36794935052705685,1.0905739723696353,0.5781258695401185,0.535624260398062,0.14245944370162658,0.137559305150342,0.030740784135399355,0.03589378512173391,0.046548453124340985,0.05358781741985244,0.7208145462926829,1,0.533995201071091,1
2015-01-14,11,4,1,18,0,0.600369686,0.695035827464253,0.058675204537927544,0.24222965247452166,0.48975121188295023,0.9003204430455557,0.33497965057428036,1.0550920043542256,0.535624260398062,0.5180338153356518,0.137559305150342,0.13588905189396364,0.03589378512173391,0.03816972350079574,0.05358781741985244,0.056708206937028376,0.7208145462926829,1,0.5897528835501564,1
2015-01-15,12,4,1,18,0,0.650130952,0.6886312526894415,0.05859764445964034,0.2420695033655424,0.48348236016242485,0.8937801452164581,0.328813125416113,1.0484493799627699,0.5180338153356518,0.5107294757919841,0.13588905189396364,0.13520630929307362,0.03816972350079574,0.03909828331116529,0.056708206937028376,0.05824959834824501,0.7208145462926829,1,0.6000656577603386,1
2015-01-17,13,4,1,18,0,0.7005417,0.72591466598886,0.05930968214232716,0.24353579232286815,0.5195231239271528,0.9323062080505672,0.3639170103597031,1.0879123216180169,0.5107294757919841,0.506018836206422,0.13520630929307362,0.13437358879572633,0.03909828331116529,0.03990412621551159,0.05824959834824501,0.05926858897788389,0.7208145462926829,1,0.5393905854638001,1
2015-01-18,14,4,1,18,0,0.7005417,0.7227068101521439,0.058841497655586036,0.24257266469160543,0.5171314988182593,0.9282821214860285,0.3621407713759486,1.0832728489283392,0.506018836206422,0.5018630636355905,0.13437358879572633,0.13378527769659068,0.03990412621551159,0.04058755330147175,0.05926858897788389,0.06022108696452803,0.7208145462926829,1,0.5447926682090628,1
2015-01-19,15,4,1,18,0,0.750068049,0.7357861999903115,0.058802450951089394,0.24249216678294866,0.5302791089674619,0.9412932910131611,0.37533981530659616,1.0962325846740268,0.5018630636355905,0.5045018152723307,0.13378527769659068,0.13417831840463107,0.04058755330147175,0.04013855990209542,0.06022108696452803,0.05959922436173498,0.7208145462926829,0,0.5233708183216754,1
2015-01-20,16,4,1,18,0,0.750068049,0.7385708175694896,0.05848814591404332,0.2418432259006717,0.5336136905093188,0.9435279446296604,0.3790890347448503,1.0980526003941289,0.5045018152723307,0.5066837156816274,0.13417831840463107,0.1344253746878707,0.04013855990209542,0.03977644620239137,0.05959922436173498,0.059067708334473605,0.7208145462926829,0,0.5188464549295916,1
2015-01-21,17,4,1,18,0,0.900556277,0.7635575945757875,0.05919485882066267,0.24329993592408256,0.557365935929106,0.9697492532224691,0.4019105217608082,1.1252046673907667,0.5066837156816274,0.5335821103361604,0.1344253746878707,0.1381410284282574,0.03977644620239137,0.03399306002093799,0.059067708334473605,0.05242084714837779,0.7208145462926829,0,0.47778092356831703,0
2015-01-22,18,4,1,18,0,0.849983766,0.7738551909766727,0.058869033384592984,0.2426294157446557,0.5682317843002475,0.9794785976530979,0.4132047960244806,1.1345055859288646,0.5335821103361604,0.5496253251496578,0.1381410284282574,0.1393690897448025,0.03399306002093799,0.030401737532965385,0.05242084714837779,0.04864349834377387,0.7208145462926829,0,0.4608393166337239,0
2015-01-24,19,4,1,18,0,0.900321106,0.7961735867509468,0.05880549723066224,0.24249844789330557,0.5906611726171078,1.0016860008847859,0.43571786566865844,1.1566293078332353,0.5496253251496578,0.5715170418897056,0.1393690897448025,0.1409255786165364,0.030401737532965385,0.025187917372516633,0.04864349834377387,0.04376598020108257,0.7208145462926829,0,0.4244948078733146,0
2015-01-25,20,4,1,18,0,0.900321106,0.8130577760016885,0.05841728680873027,0.24169668348723833,0.6082248406030286,1.0178907114003484,0.45379381746319264,1.1723217345401844,0.5715170418897056,0.5899163703292046,0.1409255786165364,0.1417407227500419,0.025187917372516633,0.02154578605193543,0.04376598020108257,0.03937774804359199,0.7208145462926829,0,0.3970862302504309,0
2015-01-26,21,4,1,18,0,0.850312684,0.7948502960673599,0.0583238129825945,0.24150323596712842,0.5901813034370409,0.9995192886976789,0.43587388273155947,1.1538267094031602,0.5899163703292046,0.6028072142817263,0.1417407227500419,0.14126041679446863,0.02154578605193543,0.019585432964025276,0.03937774804359199,0.03624213269722914,0.7208145462926829,0,0.4263349074704463,0
2015-01-27,22,4,1,18,0,0.850312684,0.8032490144292641,0.05835475710613713,0.241567293121683,0.5985257346866382,1.00797229417189,0.44417738494657266,1.1623206439119556,0.6028072142817263,0.6139147651036194,0.14126041679446863,0.1407233919223056,0.019585432964025276,0.018014419411992694,0.03624213269722914,0.03352767544537857,0.7208145462926829,0,0.4127676000732298,0
2015-01-28,23,4,1,18,0,0.800489676,0.7984087185430844,0.05846626942727924,0.24179799301747573,0.5934899254149639,1.0033275116712048,0.4389941710004466,1.1578232660857222,0.6139147651036194,0.6144182762454619,0.1407233919223056,0.14068377891120382,0.018014419411992694,0.0179591218724355,0.03352767544537857,0.03340237533507778,0.7208145462926829,0,0.42066085399097974,0
2015-01-29,24,4,1,18,0,0.9008,0.838906550727414,0.05800727393182589,0.24084699278136293,0.6347937106108006,1.0430193908440275,0.4809055935761188,1.1969075078787093,0.6144182762454619,0.62807013683084,0.14068377891120382,0.14042606046761408,0.0179591218724355,0.016262133066422345,0.03340237533507778,0.0299311971168532,0.7208145462926829,0,0.35601123616844815,0
2015-01-31,25,4,1,18,0,0.900537069,0.8474108061295778,0.0581715388991683,0.24118776689369695,0.6430091670078223,1.0518124452513333,0.48890331386659563,1.2059182983925598,0.62807013683084,0.6403284636677887,0.14042606046761408,0.14000939589722153,0.016262133066422345,0.014606410305512565,0.0299311971168532,0.02697223368765989,0.7208145462926829,0,0.3431506484922767,0
2015-02-01,26,4,1,18,0,0.85011396,0.8290889007362148,0.05854897606368291,0.2419689568181896,0.6240252193264602,1.0341525821459694,0.46942022835030206,1.1887575731221274,0.6403284636677887,0.6456135623637346,0.14000939589722153,0.13954616400102635,0.014606410305512565,0.013906093010147814,0.02697223368765989,0.02584548021176072,0.7208145462926829,0,0.3718885643352158,0
2015-02-02,27,4,1,18,0,0.800393224,0.8297913405197872,0.06212827923127562,0.24925544975240885,0.6185525072008566,1.0410301738387178,0.4592918439055867,1.2002908371339878,0.6456135623637346,0.6413143636189724,0.13954616400102635,0.1403655776912447,0.013906093010147814,0.011274646790411062,0.02584548021176072,0.028483415942501117,0.7208145462926829,0,0.37443916003663164,0
2015-02-03,28,4,1,18,0,0.800434622,0.8261451187814935,0.06391182329874705,0.25280787823710527,0.6118956758678615,1.0403945616951256,0.45036520415980175,1.2019250334031852,0.6413143636189724,0.6328636841325856,0.1403655776912447,0.14091939851035742,0.011274646790411062,0.01407129868816381,0.028483415942501117,0.029357563975060612,0.7208145462926829,0,0.3816319210797929,0
2015-02-04,29,4,1,18,0,0.350706422,0.7501872391229335,0.06550921970171329,0.25594768938537676,0.533276871264786,0.967097606981081,0.3697402311596366,1.1306342470862303,0.6328636841325856,0.49813095325976886,0.14091939851035742,0.15907250629224357,0.01407129868816381,0.05173324795539777,0.029357563975060612,0.04229434353986497,0.7208145462926829,1,0.4997081528799881,0
2015-02-05,30,4,1,18,0,0.500720126,0.6589988573768543,0.06297047167629992,0.25093917923732023,0.44633309817778477,0.8716646165759238,0.2859966234013892,1.0320010913523192,0.49813095325976886,0.4502761426795029,0.15907250629224357,0.16542254128853026,0.05173324795539777,0.061950286755191625,0.04229434353986497,0.048931873881216593,0.7208145462926829,1,0.6415639187787309,1
2015-02-07,31,4,1,18,0,0.600224189,0.6543629942399725,0.06079152052731478,0.24655936511784496,0.4454090368316793,0.8633169516482656,0.2878710248470521,1.0208549636328927,0.4502761426795029,0.435938947075368,0.16542254128853026,0.16704947305398973,0.061950286755191625,0.06503846165842901,0.048931873881216593,0.05069647929823895,0.7208145462926829,1,0.6509499203602984,1
2015-02-08,32,4,1,18,0,0.568259587,0.6825700167492649,0.0592640322966248,0.24344205120854695,0.47625791834121856,0.8888821151573112,0.3207117002426931,1.0444283332558366,0.435938947075368,0.40851406135954005,0.16704947305398973,0.16928690807906993,0.06503846165842901,0.06959606855220149,0.05069647929823895,0.055312329984076467,0.7208145462926829,1,0.60910448244783,1
2015-02-09,33,4,1,18,0,0.790003236,0.6773497903193818,0.05888448344416977,0.24266125245735004,0.471699402688065,0.8830001779506986,0.31665207248602983,1.0380475081527338,0.40851406135954005,0.4344738742967408,0.16928690807906993,0.16743914709075827,0.06959606855220149,0.06553228617890039,0.055312329984076467,0.05083021340600091,0.7208145462926829,0,0.6176785300382196,1
2015-02-10,34,4,1,18,0,0.700618234,0.6791597565314775,0.05887940309213459,0.2426507842396859,0.4735182404979071,0.884801272565048,0.3184775989170851,1.03984191414587,0.4344738742967408,0.43939575763262284,0.16743914709075827,0.16694706790752553,0.06553228617890039,0.06489014817123692,0.05083021340600091,0.05002161514275753,0.7208145462926829,1,0.6148349689772437,1
2015-02-11,35,4,1,18,0,0.700588406,0.6791676463793328,0.0589960713948052,0.24289106898938298,0.4733224939950195,0.885012798763646,0.31812832353988607,1.0402069692187794,0.43939575763262284,0.44426264473788235,0.16694706790752553,0.16648993170891518,0.06489014817123692,0.06405564845836204,0.05002161514275753,0.049391402080051716,0.7208145462926829,1,0.6147121332079074,1
2015-02-12,36,4,1,18,0,0.637711864,0.36433549418819056,0.07436357699566881,0.2726968591598899,0.13323055170492124,0.5954404366714598,-0.04100789608621336,0.7696788844625945,0.44426264473788235,0.5146203709675963,0.16648993170891518,0.1413490374673266,0.06405564845836204,0.058324353233145956,0.049391402080051716,0.04704360639252138,0.7208145462926829,1,0.9213573438264118,1
2015-02-14,37,4,1,18,0,0.750392157,0.4562380882528858,0.0677589492753808,0.2603054922113262,0.23563457271952434,0.6768416037862472,0.06931353384090749,0.8431626426648642,0.5146203709675963,0.5775042164117279,0.1413490374673266,0.12085399314806113,0.058324353233145956,0.05433054445471357,0.04704360639252138,0.04334953161523718,0.7208145462926829,0,0.8704513995168763,1
2015-02-15,38,4,1,18,0,0.598627451,0.5439695725857664,0.06423317765509824,0.2534426516099811,0.32918217238036246,0.7587569727911703,0.16724611504315468,0.9206930301283781,0.5775042164117279,0.5873868386395216,0.12085399314806113,0.11769588738146809,0.05433054445471357,0.054739992053762926,0.04334953161523718,0.04207637146322928,0.7208145462926829,1,0.7918701032919596,1
2015-02-16,39,4,1,18,0,0.750356125,0.5547359391395372,0.06220605825858516,0.24941142367298488,0.3433649211520532,0.7661069571270213,0.1840045990125238,0.9254672792665506,0.5873868386395216,0.6209812453417037,0.11769588738146809,0.1086940153495345,0.054739992053762926,0.05567026910378767,0.04207637146322928,0.036856651585735756,0.7208145462926829,0,0.783156913199127,1
2015-02-17,40,4,1,18,0,0.750356125,0.7999284624123282,0.05890030819798785,0.24269385694324414,0.5942504431542281,1.0056064816704282,0.4391822804606465,1.16067464436401,0.6209812453417037,0.6109081952411727,0.1086940153495345,0.10763901161342254,0.05567026910378767,0.057339447961217704,0.036856651585735756,0.03927737346166719,0.7208145462926829,0,0.41850243210343574,0
2015-02-18,41,4,1,18,1,0.800980392,0.7982799855478633,0.058789266047780966,0.24246497901301328,0.5927959355971644,1.0037640354985622,0.43787401344122556,1.158685957654501,0.6109081952411727,0.6114449641101002,0.10763901161342254,0.10769391256481615,0.057339447961217704,0.057253566518288924,0.03927737346166719,0.0391494211559794,0.7208145462926829,0,0.4210838593997288,0
2015-02-19,42,4,1,18,1,0.800094017,0.8111897455666643,0.058800037458734106,0.24248719029823845,0.6056868720115782,1.0166926191217505,0.45075075805353,1.1716287330797988,0.6114449641101002,0.6092897782987029,0.10769391256481615,0.10745834228117372,0.057253566518288924,0.05761315789125242,0.0391494211559794,0.03964800022792384,0.7208145462926829,0,0.4003882949557984,0
2015-02-22,43,4,1,18,1,0.80000295,0.8110986467085042,0.058448749647499895,0.24176176216990952,0.6062105584736073,1.015986734943401,0.4517379535983312,1.1704593398186771,0.6092897782987029,0.6071949920726075,0.10745834228117372,0.10725716530313902,0.05761315789125242,0.05792881947677521,0.03964800022792384,0.04012780934853164,0.7208145462926829,0,0.40024131422305187,0
2015-02-23,44,4,1,18,1,0.800137255,0.7823693986745617,0.05796415693484549,0.2407574649618273,0.5783324315315064,0.986406365817617,0.42450151789974633,1.140237279449377,0.6071949920726075,0.6105171951374142,0.10725716530313902,0.10740702817451933,0.05792881947677521,0.057491989562081965,0.04012780934853164,0.03943382081577003,0.7208145462926829,0,0.446524099735808,0
2015-02-24,45,4,1,18,1,0.800071839,0.7993963535446523,0.05804975323411113,0.24093516396348444,0.5952087901766027,1.003583916912702,0.4412643365564534,1.1575283705328512,0.6105171951374142,0.6106420768541096,0.10740702817451933,0.10741471900070992,0.057491989562081965,0.057475032947061994,0.03943382081577003,0.03940733004699848,0.7208145462926829,0,0.4187785313368598,0
2015-02-25,46,4,1,18,1,0.800808642,0.782365754307655,0.05942495285973799,0.2437723381758849,0.575773744532735,0.988957764082575,0.42001649104241257,1.1447150175728975,0.6106420768541096,0.614170208401504,0.10741471900070992,0.10766856895747451,0.057475032947061994,0.05638498754724668,0.03940733004699848,0.03909362516923547,0.7208145462926829,0,0.44718747661276315,0
2015-02-26,47,4,1,18,1,0.495617514,0.7668146338753344,0.05833321877032327,0.24152270860174468,0.562129138590321,0.9715001291603479,0.407809275931381,1.125819991819288,0.614170208401504,0.5639321733435463,0.10766856895747451,0.10662417778061878,0.05638498754724668,0.06699977314030867,0.03909362516923547,0.04539083633663654,0.7208145462926829,1,0.47224835075108373,0
2015-02-28,48,4,1,18,1,0.500258046,0.7149064815899784,0.05799471065312892,0.24082090991674482,0.5108157461611341,0.9189972170188226,0.35694429465703087,1.0728686685229258,0.5639321733435463,0.524645466915361,0.10662417778061878,0.10718508053668085,0.06699977314030867,0.07202461245724773,0.04539083633663654,0.05187619287995762,0.7208145462926829,1,0.5579305794029283,1
2015-03-01,49,4,1,18,1,0.600239766,0.6888680750769344,0.0578637224469054,0.24054879431605014,0.48500795198605795,0.8927281981678108,0.3313103675372294,1.0464257826166392,0.524645466915361,0.5086343298064572,0.10718508053668085,0.10747287820012665,0.07202461245724773,0.0731359204703195,0.05187619287995762,0.05516441700852508,0.7208145462926829,1,0.6003044593169825,1
2015-03-02,50,4,1,18,2,0.750254867,0.7262463714355452,0.05788184034984506,0.24058645088584074,0.5223543351813767,0.9301384076897136,0.3686326902344198,1.0838600526366706,0.5086343298064572,0.5128317111728348,0.10747287820012665,0.10769714366641275,0.0731359204703195,0.07285890607670363,0.05516441700852508,0.054126518828342976,0.7208145462926829,0,0.539324547383445,1
2015-03-03,51,4,1,18,2,0.750770115,0.7283627867182064,0.05761119483732665,0.24002332144466015,0.5249479910069457,0.9317775824294672,0.3715861551169726,1.0851394183194403,0.5128317111728348,0.5166712869106896,0.10769714366641275,0.10782433877790581,0.07285890607670363,0.07269299348136118,0.054126518828342976,0.053190344263005396,0.7208145462926829,0,0.5359145198016984,1
2015-03-04,52,4,1,18,2,0.799975862,0.7426384074611388,0.057603170611208704,0.24000660534912097,0.5392377782947735,0.9460390366275042,0.38588662307985055,1.0993901918424271,0.5166712869106896,0.5263543471205125,0.10782433877790581,0.10822784316989487,0.07269299348136118,0.07234396139791412,0.053190344263005396,0.0507606605104101,0.7208145462926829,0,0.5122346219494259,1
2015-03-05,53,4,1,18,2,0.750050847,0.7432570139706323,0.05739722507973109,0.23957717979751555,0.540220314068837,0.9462937138724276,0.3871435384041006,1.0993704895371639,0.5263543471205125,0.5274911938918445,0.10822784316989487,0.10824399257464042,0.07234396139791412,0.07231818071625772,0.0507606605104101,0.05049144855191589,0.7208145462926829,0,0.5112268919235521,1
2015-03-07,54,4,1,18,2,0.800746552,0.75425435314851,0.05748964990808262,0.23976999376085953,0.5510542474046164,0.9574544588924035,0.397854274113809,1.1106544321832108,0.5274911938918445,0.5352292286074848,0.10824399257464042,0.10844079818743126,0.07231818071625772,0.07223062135391463,0.05049144855191589,0.04853402864256385,0.7208145462926829,0,0.4929217486019173,0
2015-03-08,55,4,1,18,2,0.850084211,0.7615333032072448,0.057566192233239916,0.23992955681457823,0.5581979710787653,0.9648686353357242,0.40489604568300736,1.1181705607314822,0.5352292286074848,0.5500164696601575,0.10844079818743126,0.10887309806050115,0.07223062135391463,0.07174360232827766,0.04853402864256385,0.0449952457242575,0.7208145462926829,0,0.4808304112126606,0
2015-03-09,56,4,1,18,2,0.850446154,0.7740051585063841,0.05742077912866753,0.23962633229398544,0.5709268028814367,0.9770835141313314,0.417818621447245,1.1301916955655231,0.5500164696601575,0.5626407325881027,0.10887309806050115,0.10913893357553853,0.07174360232827766,0.07115069183117588,0.0449952457242575,0.042264138337721344,0.7208145462926829,0,0.4601017181812663,0
2015-03-10,57,4,1,18,2,0.850084211,0.7851805392995717,0.057302725839889435,0.23937987768375485,0.5823110488544345,0.9880500297447088,0.42936033849955707,1.1410007400995863,0.5626407325881027,0.5732584401880291,0.10913893357553853,0.10927410851441337,0.07115069183117588,0.07057875582673392,0.042264138337721344,0.040149135580100574,0.7208145462926829,0,0.441579698525512,0
2015-03-11,58,4,1,18,2,0.750050847,0.7727865497103522,0.05733584768070262,0.23944905028147975,0.5698584369207265,0.975714662499978,0.4168635290415563,1.128709570379148,0.5732584401880291,0.5694700343068136,0.10927410851441337,0.10937934770972507,0.07057875582673392,0.0707639301833565,0.040149135580100574,0.04080873544505035,0.7208145462926829,0,0.46209291177842804,0
2015-01-01,0,5,1,19,0,0.707045902,0.8052605392145422,0.12078449017318206,0.34754063096734755,0.510727049618261,1.0997940288108234,0.28866750602594893,1.3218535724031355,0.64322027525,0.5980458598402248,0.13242990040885458,0.12442705104752158,0.033094774784278046,0.027210629401724435,0.04380698488118558,0.042216290652220934,0.64322027525,1,0.43683264727142007,0
2015-01-03,1,5,1,19,0,0.800148649,0.749146507165985,0.08195538415515696,0.28627850802174615,0.5065313984537497,0.9917616158782202,0.3236150164046831,1.1746779979272868,0.5980458598402248,0.614171877757183,0.12442705104752158,0.12682731855044344,0.027210629401724435,0.028950666605766607,0.042216290652220934,0.04292430246457991,0.64322027525,0,0.5011893797947145,0
2015-01-04,2,5,1,19,0,0.603432184,0.7610335227090903,0.07711241014250078,0.2776912136573658,0.5256959681875448,0.9963710772306358,0.34826639975776497,1.1738006456604158,0.614171877757183,0.5758922973450669,0.12682731855044344,0.12901002942077097,0.028950666605766607,0.023984812823674814,0.04292430246457991,0.027170491956127727,0.64322027525,1,0.4841529706904891,0
2015-01-05,3,5,1,19,0,0.600028736,0.6960541298863054,0.06897940512847964,0.2626393061376755,0.4734727553674125,0.9186355044051984,0.30566053643922264,1.0864477233333882,0.5758922973450669,0.5550953931400391,0.12901002942077097,0.13108998694633126,0.023984812823674814,0.023199290457838414,0.027170491956127727,0.02035737468951998,0.64322027525,1,0.5813698279104575,1
2015-01-06,4,5,1,19,0,0.649983281,0.6974984082234439,0.06484376158393508,0.2546443825886114,0.4816925658931386,0.9133042505537492,0.3189886678810359,1.076008148565852,0.5550953931400391,0.5470079923802615,0.13108998694633126,0.1307807396440615,0.023199290457838414,0.022818421327702867,0.02035737468951998,0.017934063721437337,0.64322027525,1,0.5816733312308687,1
2015-01-07,5,5,1,19,0,0.700480831,0.690672807527461,0.0628342125021686,0.2506675338015847,0.4782372622112903,0.9031083528436317,0.3180743540803556,1.0632712609745663,0.5470079923802615,0.5487356345276656,0.1307807396440615,0.1308941121242856,0.022818421327702867,0.022530768050690965,0.017934063721437337,0.018305324407843226,0.64322027525,1,0.5935462369050782,1
2015-01-08,6,5,1,19,0,0.233705476,0.45307208615266203,0.09243352580719025,0.3040288239742907,0.1954139521561955,0.7107302201491286,0.0011560845142927212,0.9049880877910313,0.5487356345276656,0.4930511974818393,0.1308941121242856,0.17153276525289635,0.022530768050690965,0.020029118450596857,0.018305324407843226,0.014879112248271986,0.64322027525,1,0.8356272754903927,1
2015-01-10,7,5,1,19,0,0.388007813,0.35374614347584277,0.07453046240112086,0.2730026783771926,0.12238202553729774,0.5851102614143878,-0.05205182408534925,0.7595441110370348,0.4930511974818393,0.49952901403136934,0.17153276525289635,0.16715951919401031,0.020029118450596857,0.020511167970445485,0.014879112248271986,0.014980347880160387,0.64322027525,1,0.9266748015027345,1
2015-01-11,8,5,1,19,0,0.452979626,0.3666578379452724,0.06764905008359207,0.26009430997926897,0.14623329498146467,0.5870823809090802,-0.019952809947314687,0.7532684858378595,0.49952901403136934,0.5128590956349592,0.16715951919401031,0.1588562334921844,0.020511167970445485,0.021729698726745347,0.014980347880160387,0.014891571828238687,0.64322027525,1,0.9297401286709304,1
2015-01-12,9,5,1,19,0,0.650040783,0.3894027379253726,0.06393699810102582,0.252857663718199,0.17511110284722464,0.6036943730035206,0.013548820926993554,0.7652566549237516,0.5128590956349592,0.5500685803658223,0.1588562334921844,0.13909695082265747,0.021729698726745347,0.02223793541876284,0.014891571828238687,0.014557966498578472,0.64322027525,1,0.9230785187211039,1
2015-01-13,10,5,1,19,0,0.526810345,0.44676186973918564,0.061762438178835304,0.24852049850834299,0.23614589238387382,0.6573778470944974,0.07735482292390777,0.8161689165544634,0.5500685803658223,0.5611916975841884,0.13909695082265747,0.13415025039472658,0.02223793541876284,0.022293715696589292,0.014557966498578472,0.013689539544719374,0.64322027525,1,0.8888004476875917,1
2015-01-14,11,5,1,19,0,0.700095563,0.4600903398147467,0.06049595603923029,0.2459592568683486,0.2516449617238349,0.6685357179056585,0.09449038624163403,0.8256902933878594,0.5611916975841884,0.5985245358451836,0.13415025039472658,0.12205467938832794,0.022293715696589292,0.01726286090743921,0.013689539544719374,0.00996193027915046,0.64322027525,1,0.8807391348961557,1
2015-01-15,12,5,1,19,0,0.700060345,0.49720023841522654,0.06106933948688587,0.2471221145241475,0.28776936253571694,0.7066311142947361,0.1298717843157044,0.8645286925147486,0.5985245358451836,0.6386186219538146,0.12205467938832794,0.11412322837869522,0.01726286090743921,0.003574175943721964,0.00996193027915046,0.006276730590235218,0.64322027525,1,0.8468401826227123,1
2015-01-17,13,5,1,19,0,0.452012539,0.711285620480985,0.06109250430948317,0.24716897926212983,0.5018150277062781,0.9207562132556919,0.34388750546994157,1.0786837354920285,0.6386186219538146,0.5879518728779575,0.11412322837869522,0.09923509130247996,0.003574175943721964,0.011252668525212464,0.006276730590235218,0.012075320313064838,0.64322027525,1,0.5622322530853637,1
2015-01-18,14,5,1,19,0,0.600062696,0.6811508732325524,0.06133459406751466,0.24765822027042564,0.4712656588320923,0.8910360876330126,0.3130255382250087,1.0492762082400962,0.5879518728779575,0.5721401690247118,0.09923509130247996,0.09457135711830846,0.011252668525212464,0.01399160387754381,0.012075320313064838,0.014143121893183171,0.64322027525,1,0.6094940399700699,1
2015-01-19,15,5,1,19,0,0.650066445,0.6740326166278594,0.06059885943236995,0.2461683558712816,0.4654100314609475,0.8826552017947713,0.3081218530989116,1.0399433801568072,0.5721401690247118,0.5677118683887796,0.09457135711830846,0.09332907718244116,0.01399160387754381,0.014637387761106199,0.014143121893183171,0.014848463986021495,0.64322027525,1,0.6211868249465791,1
2015-01-20,16,5,1,19,0,0.700063796,0.6861087488325706,0.06081756785956702,0.2466121810851342,0.477110030985451,0.8951074666796901,0.3195382724729488,1.0526792251921924,0.5677118683887796,0.5702789749952994,0.09332907718244116,0.09404579508721879,0.014637387761106199,0.014260923315112006,0.014848463986021495,0.01436476602220119,0.64322027525,1,0.6022116266449455,1
2015-01-21,17,5,1,19,0,0.750344828,0.689031912414636,0.059837297547007645,0.24461663383140494,0.4817243795511518,0.8963394452781202,0.3254276670991537,1.0526361577301184,0.5702789749952994,0.5814436073333862,0.09404579508721879,0.09666642318799962,0.014260923315112006,0.012463703889637912,0.01436476602220119,0.012239666119006776,0.64322027525,0,0.5984121735346523,1
2015-01-22,18,5,1,19,0,0.700250784,0.6887594957415986,0.05879811959474609,0.24248323569835933,0.48325997362803774,0.8942590178551594,0.32832638644402967,1.0491926050391673,0.5814436073333862,0.5836209934502676,0.09666642318799962,0.09701485389363144,0.012463703889637912,0.012107286700500883,0.012239666119006776,0.011784125157808061,0.64322027525,1,0.5996941862932184,1
2015-01-24,19,5,1,19,0,0.700250784,0.7008191381860452,0.05901207372815813,0.2429240081345566,0.49494607055813783,0.9066922058139526,0.3397308537823966,1.0619074225896938,0.5836209934502676,0.5835087860807213,0.09701485389363144,0.09699802651082808,0.012107286700500883,0.012129033640823423,0.011784125157808061,0.011807476236201323,0.64322027525,1,0.580218970595838,1
2015-01-25,20,5,1,19,0,0.700250784,0.7002839360334456,0.05896980260095097,0.24283698771182072,0.49448461641221936,0.9060832556546718,0.33932500094934376,1.0612428711175474,0.5835087860807213,0.5835017694889054,0.09699802651082808,0.09699724885284156,0.012129033640823423,0.012130604892365468,0.011807476236201323,0.011808911854635815,0.64322027525,1,0.5811085362614623,1
2015-01-26,21,5,1,19,0,0.750031447,0.7053711076374306,0.059095509955152455,0.243095680659185,0.4993525510990443,0.9113896641758169,0.34402764492566273,1.0667145703491985,0.5835017694889054,0.5933296107610249,0.09699724885284156,0.09790720849582692,0.012130604892365468,0.009770490775665433,0.011808911854635815,0.009819601666393594,0.64322027525,0,0.5728307615859641,1
2015-01-27,22,5,1,19,0,0.500035345,0.6831930891364386,0.05823030838754735,0.24130956961452513,0.4786882247304682,0.887697953542409,0.3245045462813916,1.0418816319914856,0.5933296107610249,0.5510360875003322,0.09790720849582692,0.09766877571937463,0.009770490775665433,0.01768687753867878,0.009819601666393594,0.01962901841697946,0.64322027525,1,0.6090529239368555,1
2015-01-28,23,5,1,19,0,0.800534483,0.7070794851493727,0.05962605616830015,0.2441844715953497,0.5001382008338721,0.9140207694648733,0.34411761652444295,1.0700413537743025,0.5510360875003322,0.5719283513029114,0.09766877571937463,0.0997455453658916,0.01768687753867878,0.012274905591282793,0.01962901841697946,0.015510550085485157,0.64322027525,0,0.5697630186849146,1
2015-01-29,24,5,1,19,0,0.800473729,0.7182815893002767,0.059238161516748516,0.24338891001183377,0.5120145269562604,0.9245486516442931,0.3565022631895068,1.0800609154110468,0.5719283513029114,0.5908363359063424,0.0997455453658916,0.10091946929181193,0.012274905591282793,0.007378963360096737,0.015510550085485157,0.011918668554813024,0.64322027525,0,0.551843319259772,1
2015-01-31,25,5,1,19,0,0.656763743,0.7100138529706655,0.06289841729691453,0.2507955687346061,0.4974698006994719,0.9225579052418592,0.3372250852163682,1.082802620724963,0.5908363359063424,0.5752806517002207,0.10091946929181193,0.10100963003489698,0.007378963360096737,0.013218455200423057,0.011918668554813024,0.013821370463764584,0.64322027525,1,0.5633377897421195,1
2015-02-02,27,5,1,19,0,0.500801724,0.4989231434227336,0.07098865880996048,0.26643696967568237,0.27312332767857045,0.7247229591668967,0.10288460848875741,0.8949616783567098,0.5752806517002207,0.5758939679160975,0.10100963003489698,0.10085909534963702,0.013218455200423057,0.013113186519095738,0.013821370463764584,0.013688085176291019,0.64322027525,1,0.8269932405138821,1
2015-02-03,28,5,1,19,0,0.415172414,0.4967970794976599,0.06825907441047196,0.2612643764665821,0.27538092940979075,0.718213229585529,0.1084472156923002,0.8851469433030196,0.5758939679160975,0.5516483749492991,0.10085909534963702,0.10582789195208858,0.013113186519095738,0.01889964059488086,0.013688085176291019,0.017942936147657632,0.64322027525,1,0.8337634388072752,1
2015-02-04,29,5,1,19,0,0.650834808,0.47381421657267553,0.06556952795121627,0.25606547590648815,0.25680402707642547,0.6908244060689256,0.09319212779640923,0.8544363053489419,0.5516483749492991,0.5986250306806603,0.10582789195208858,0.09745649667111343,0.01889964059488086,0.006902606020827661,0.017942936147657632,0.010408056174448295,0.64322027525,1,0.8596113520717039,1
2015-02-05,30,5,1,19,0,0.562212644,0.5168195503605852,0.06246530874671925,0.2499306078629011,0.3050085345208397,0.7286305662003307,0.14531648194757013,0.8883226187736004,0.5986250306806603,0.6091674045568117,0.09745649667111343,0.09565780517905222,0.006902606020827661,0.005107368238387702,0.010408056174448295,0.008185868601886918,0.64322027525,1,0.8245850500241851,1
2015-02-07,31,5,1,19,0,0.545657673,0.5263486070922521,0.06092755968706924,0.24683508601304888,0.31716098193353504,0.7355362322509691,0.15944679930670863,0.8932504148777956,0.6091674045568117,0.6132878997954455,0.09565780517905222,0.09501771432730417,0.005107368238387702,0.004524866376073942,0.008185868601886918,0.007272463088462711,0.64322027525,1,0.8175522350916954,1
2015-02-08,32,5,1,19,0,0.700618234,0.5298636330793224,0.06014048209926125,0.24523556450739611,0.32203156928168397,0.7376956968769608,0.1653393938213943,0.8943878723372505,0.6132878997954455,0.6485041501709115,0.09501771432730417,0.09031587311097057,0.004524866376073942,0.0001802172155083116,0.007272463088462711,-0.001034531872424931,0.64322027525,1,0.8153146334504757,1
2015-02-09,33,5,1,19,0,0.700618234,0.7262759839541646,0.06054320439633174,0.2460552872757091,0.5177492220811364,0.9348027458271928,0.36053328839638493,1.0920186795119442,0.6485041501709115,0.6426295197943864,0.09031587311097057,0.08953919157326849,0.0001802172155083116,0.0013222494027505319,-0.001034531872424931,0.0002731904750523004,0.64322027525,1,0.5384054714020063,1
2015-02-10,34,5,1,19,0,0.750356125,0.7269955098427152,0.06003420563141913,0.2450187862826423,0.5193471611025868,0.9346438585828436,0.36279349512683023,1.0911975245586003,0.6426295197943864,0.6477393431863299,0.08953919157326849,0.09017197887998091,0.0013222494027505319,0.00043533110050876305,0.0002731904750523004,-0.0009033817865458117,0.64322027525,0,0.5374012064924285,1
2015-02-11,35,5,1,19,0,0.750406233,0.7405252659554562,0.05984802184939046,0.24463855348123376,0.5331991566425456,0.9478513752683668,0.37688843872758004,1.1041620931833322,0.6477393431863299,0.6498159817554197,0.09017197887998091,0.09042971242476033,0.00043533110050876305,3.103583735860482e-05,-0.0009033817865458117,-0.0013292164169691173,0.64322027525,0,0.5154469817286025,1
2015-02-12,36,5,1,19,0,0.750799435,0.7421616482265146,0.059828387989653474,0.24459842188708714,0.5348695496087972,0.9494537468442321,0.3785844735977869,1.1057388228552423,0.6498159817554197,0.6516291339042491,0.09042971242476033,0.0906229620985641,3.103583735860482e-05,-0.0003675746110607221,-0.0013292164169691173,-0.001665019365117002,0.64322027525,0,0.5127822361956047,1
2015-02-14,37,5,1,19,0,0.750392157,0.7435715734396176,0.0592739216610715,0.24346236189824394,0.5372422621425461,0.949900884736689,0.38168306661898804,1.105460080260247,0.6516291339042491,0.6530174319722241,0.0906229620985641,0.09074870127657857,-0.0003675746110607221,-0.000634550100236288,-0.001665019365117002,-0.0019393550561532815,0.64322027525,0,0.5105325240722929,1
2015-02-15,38,5,1,19,0,0.722568627,0.5612611850041445,0.061656680254001034,0.24830763229107766,0.3508256073609866,0.7716967626473024,0.19217054782573234,0.9303518221825566,0.6530174319722241,0.6873296774359112,0.09074870127657857,0.0848360394945331,-0.000634550100236288,-0.0041839434706193975,-0.0019393550561532815,-0.009338812658271353,0.64322027525,1,0.7764028147482631,1
2015-02-16,39,5,1,19,0,0.800980392,0.5923179701951763,0.061067560530066865,0.24711851515025512,0.3828901447105225,0.8017457956798301,0.22499486629448262,0.95964107409587,0.6873296774359112,0.730655016784012,0.0848360394945331,0.07866496932214125,-0.0041839434706193975,-0.01111993874261501,-0.009338812658271353,-0.017102050767925675,0.64322027525,0,0.7382900505086998,1
2015-02-17,40,5,1,19,0,0.653431373,0.6288793339750482,0.05990958024102415,0.24476433612972326,0.4214466264716263,0.8363120414784702,0.26505554029169653,0.9927031276584,0.730655016784012,0.7354161821933549,0.07866496932214125,0.07803633578262804,-0.01111993874261501,-0.011535496939819359,-0.017102050767925675,-0.018178454206284687,0.64322027525,1,0.6896456038279507,1
2015-02-18,41,5,1,19,1,0.800980392,0.6338979430849643,0.05957633013341445,0.24408262972488323,0.4270429676462474,0.8407529185236812,0.2710874547479261,0.9967084314220025,0.7354161821933549,0.7675528447945271,0.07803633578262804,0.07461544602472375,-0.011535496939819359,-0.015980746227032286,-0.018178454206284687,-0.02430613588881761,0.64322027525,0,0.6828441895679846,1
2015-02-19,42,5,1,19,1,0.799982853,0.8184552451454031,0.06213284416352903,0.24926460672050701,0.6072086514855864,1.0297018388052197,0.4479421373861936,1.1889683529046127,0.7675528447945271,0.763648686111297,0.07461544602472375,0.07402293935702453,-0.015980746227032286,-0.014809695267311853,-0.02430613588881761,-0.02388570111131206,0.64322027525,0,0.3918007105955368,0
2015-02-22,43,5,1,19,1,0.307501459,0.6586740022485456,0.059349965535107616,0.24361848356622617,0.4522123810700528,0.8651356234270383,0.2965534322996858,1.0207945721974054,0.763648686111297,0.6986305970648391,0.07402293935702453,0.08111346409104067,-0.014809695267311853,-0.006232687769374573,-0.02388570111131206,-0.011978892141032073,0.64322027525,1,0.6461225490513667,1
2015-02-23,44,5,1,19,1,0.800137255,0.7517506455262195,0.05959245786591462,0.24411566493347905,0.544867673432147,0.958633617620292,0.3888910528339207,1.1146102382185183,0.6986305970648391,0.7082299702326565,0.08111346409104067,0.08224664454364561,-0.006232687769374573,-0.007628294918112213,-0.011978892141032073,-0.013933563600406006,0.64322027525,0,0.4971390589281104,0
2015-02-24,45,5,1,19,1,0.800137255,0.7707067802652339,0.059612721900110126,0.24415716639105667,0.5637886365450708,0.9776249239853969,0.40778549877473014,1.1336280617557377,0.7082299702326565,0.7138464805454096,0.08224664454364561,0.08293293371634014,-0.007628294918112213,-0.008633857867295801,-0.013933563600406006,-0.01490150155592525,0.64322027525,0,0.46620652940397633,0
2015-02-25,46,5,1,19,1,0.598792339,0.7833056797945559,0.0689402748988833,0.2625648013327059,0.5607874465553986,1.0058239130337132,0.39302283214165334,1.1735885274474585,0.7138464805454096,0.6808379232588383,0.08293293371634014,0.07883461713347346,-0.008633857867295801,0.013703199581598173,-0.01490150155592525,-0.02074516130979026,0.64322027525,1,0.44953056322385054,0
2015-02-26,47,5,1,19,1,0.449964912,0.7366123214128157,0.05853803634529636,0.24194635013840643,0.5315677986961503,0.9416568441294811,0.3769772521576996,1.0962473906679318,0.6808379232588383,0.6281967463838237,0.07883461713347346,0.07507693845265287,0.013703199581598173,0.015339727834363968,-0.02074516130979026,-0.006343172058494216,0.64322027525,1,0.52206351463392,1
2015-02-28,48,5,1,19,1,0.550403509,0.687920283872717,0.05820603887315823,0.24125927727894367,0.48345804117994745,0.8923825265654866,0.3293064967954673,1.0465340709499666,0.6281967463838237,0.6031803073308859,0.07507693845265287,0.07394561487034988,0.015339727834363968,0.014364881279111986,-0.006343172058494216,0.0015215173853428462,0.64322027525,1,0.6015323293424674,1
2015-03-01,49,5,1,19,1,0.707446429,0.6765528987809268,0.05828057517051756,0.241413701289959,0.4719597849358687,0.8811460126259849,0.31770957201496364,1.03539622554689,0.6031803073308859,0.6087367385430993,0.07394561487034988,0.07422969226264321,0.014364881279111986,0.014497011894431068,0.0015215173853428462,-0.00016448020547607718,0.64322027525,1,0.6195265218374456,1
2015-03-02,50,5,1,19,2,0.700903571,0.6768895354904472,0.0580639689133022,0.24096466320459148,0.47267697212628335,0.881102098854611,0.3187136700969616,1.0350654008839326,0.6087367385430993,0.613005959855567,0.07422969226264321,0.07438146770133357,0.014497011894431068,0.014587085068932786,-0.00016448020547607718,-0.0014206604246910838,0.64322027525,1,0.6192103005759575,1
2015-03-03,51,5,1,19,2,0.700659649,0.6759049188341437,0.057796079250921006,0.2404081513820216,0.4721639877181198,0.8796458499501676,0.31855626644774304,1.0332535712205444,0.613005959855567,0.6173295459616626,0.07438146770133357,0.07447081239677894,0.014587085068932786,0.01467815506526453,-0.0014206604246910838,-0.0026461872366452402,0.64322027525,1,0.6210369634237178,1
2015-03-04,52,5,1,19,2,0.700424138,0.6896923258412239,0.057678448769832656,0.2401633793271419,0.48615883397418413,0.8932258177082636,0.3327075087218484,1.0466771429605992,0.6173295459616626,0.6191481941982948,0.07447081239677894,0.07453016465882524,0.01467815506526453,0.014699915895499365,-0.0026461872366452402,-0.003138847739532862,0.64322027525,1,0.599135866793669,1
2015-03-05,53,5,1,19,2,0.700424138,0.6871316585644338,0.05799041837555434,0.24081199798920805,0.4830484758096729,0.8912148413191947,0.3291827185421136,1.045080598586754,0.6191481941982948,0.6213699560941764,0.07453016465882524,0.07459685447063975,0.014699915895499365,0.014348659707674781,-0.003138847739532862,-0.0034669816178034985,0.64322027525,1,0.6029800214086766,1
2015-03-07,54,5,1,19,2,0.408960345,0.6740824692318247,0.05754600407542966,0.23988748211490665,0.4707827945402426,0.8773821439234069,0.31750775258709063,1.0306571858765587,0.6213699560941764,0.5756745010840637,0.07459685447063975,0.07530750135480117,0.014348659707674781,0.01326898736648767,-0.0034669816178034985,0.008619579895408694,0.64322027525,1,0.6241776404860082,1
2015-03-08,55,5,1,19,2,0.500033898,0.6390019017478177,0.057488626557906805,0.2397678597266673,0.435803604553721,0.8422001989419143,0.2826049947945888,0.9953988087010466,0.5756745010840637,0.5519930113535695,0.07530750135480117,0.07584335638085488,0.01326898736648767,0.011764827685862424,0.008619579895408694,0.015349569062381434,0.64322027525,1,0.678296260610643,1
2015-03-09,56,5,1,19,2,0.600040678,0.6217769816801485,0.05758008261339088,0.23995850185686457,0.41841711922758185,0.8251368441327152,0.265096699525528,0.978457263834769,0.5519930113535695,0.5483074495760082,0.07584335638085488,0.07594087765228759,0.011764827685862424,0.011383875269442073,0.015349569062381434,0.016485886460739917,0.64322027525,1,0.7034520167536694,1
2015-03-10,57,5,1,19,2,0.650044068,0.6236682899383892,0.05754706770284236,0.239889699034457,0.4203667364533851,0.8269698434233932,0.2670902780093263,0.9802463018674521,0.5483074495760082,0.5527229102696904,0.07594087765228759,0.07584644506024238,0.011383875269442073,0.011853345063020623,0.016485886460739917,0.015125269345158683,0.64322027525,1,0.7007726927873827,1
2015-03-11,58,5,1,19,2,0.700556897,0.6320381810204609,0.05757244431887862,0.2399425854634367,0.42869180738180657,0.8353845546591153,0.2753815573886884,0.9886948046522335,0.5527229102696904,0.5641398883562754,0.07584644506024238,0.07567293525667171,0.011853345063020623,0.012974903322082407,0.015125269345158683,0.011655890459022048,0.64322027525,1,0.68850783348624,1
2015-01-01,0,6,1,20,0,0.800381944,0.9402570193324695,0.13092767330969185,0.3618392921031267,0.6336057104494085,1.2469083282155307,0.402410100789211,1.4781039378757281,0.7425143365853659,0.6831621971786749,0.13242990040885458,0.12191540394805914,0.033094774784278046,0.023614767255676773,0.04380698488118558,0.03428784809077259,0.7425143365853659,0,0.2995117441332479,0
2015-01-03,1,6,1,20,0,0.800125,0.8536924193123098,0.08331141539785175,0.28863716912042314,0.6090783941504073,1.098306444474212,0.42465495606129355,1.282729882563326,0.6831621971786749,0.6676170501021591,0.12191540394805914,0.11962352064462237,0.023614767255676773,0.021577651356659032,0.03428784809077259,0.0322129269802444,0.7425143365853659,0,0.35970466433506976,0
2015-01-04,2,6,1,20,0,0.879714482,0.805818578495604,0.07316913270909373,0.27049793475938727,0.5765771789173347,1.0350599780738732,0.4037437241119426,1.2078934328792654,0.6676170501021591,0.6893669368443224,0.11962352064462237,0.12224542501674367,0.021577651356659032,0.021649890335339594,0.0322129269802444,0.027682643245771205,0.7425143365853659,0,0.4182568425126252,0
2015-01-05,3,6,1,20,0,0.800246011,0.8319695200862474,0.06729848850140327,0.2594195222056414,0.6121168457904289,1.0518221943820658,0.4463618935145532,1.2175771466579415,0.6893669368443224,0.6816658795919648,0.12224542501674367,0.12160628128314539,0.021649890335339594,0.02140488999605972,0.027682643245771205,0.029101112823127252,0.7425143365853659,0,0.3760115662129488,0
2015-01-06,4,6,1,20,0,0.80007657,0.8085170676009324,0.06439771669959533,0.2537670520370904,0.5934547447496293,1.0235793904522357,0.43131141319937616,1.1857227220024886,0.6816658795919648,0.6797253063039643,0.12160628128314539,0.12169094531953809,0.02140488999605972,0.02128689966881766,0.029101112823127252,0.02943599851356766,0.7425143365853659,0,0.4088152554876234,0
2015-01-07,5,6,1,20,0,0.800343766,0.8223590524122742,0.06260933920435623,0.2502185828517863,0.610303983731407,1.0344141210931415,0.4504279308171706,1.194290174007378,0.6797253063039643,0.675389875140394,0.12169094531953809,0.12156616320071764,0.02128689966881766,0.02110348568246199,0.02943599851356766,0.030343434823397093,0.7425143365853659,0,0.3862205295696361,0
2015-01-08,6,6,1,20,0,0.800024932,0.8125601404596696,0.061782332643681534,0.24856052108828855,0.6019102447964432,1.0232100361228962,0.4430936030866617,1.1820266778326776,0.675389875140394,0.6726581650692184,0.12156616320071764,0.12154906112128858,0.02110348568246199,0.02158253895877914,0.030343434823397093,0.030757290779034555,0.7425143365853659,0,0.4006404323145424,0
2015-01-10,7,6,1,20,0,0.800343766,0.8149926406457297,0.060241782370355566,0.24544201427293488,0.6069856149459355,1.022999666345524,0.45016152932428527,1.1798237519671742,0.6726581650692184,0.6699200201178177,0.12154906112128858,0.12168394137601028,0.02158253895877914,0.02161173912498961,0.030757290779034555,0.031230745794290322,0.7425143365853659,0,0.39558240363803154,0
2015-01-11,8,6,1,20,0,0.800343766,0.8125021667555348,0.05957335354323364,0.24407653214357508,0.6056523588907381,1.0193519746203314,0.44970074201492943,1.17530359149614,0.6699200201178177,0.6676396715389995,0.12168394137601028,0.121871477221072,0.02161173912498961,0.021703938451706248,0.031230745794290322,0.031584618360694316,0.7425143365853659,0,0.3989460376551254,0
2015-01-12,9,6,1,20,0,0.800181818,0.8113876735240455,0.05903251899788141,0.24296608610643874,0.60547894568611,1.017296401361981,0.4502368433769984,1.1725385036710927,0.6676396715389995,0.6654996976245363,0.121871477221072,0.12211071556231474,0.021703938451706248,0.02187839833915014,0.031584618360694316,0.03181663880353318,0.7425143365853659,0,0.40026569939328294,0
2015-01-13,10,6,1,20,0,0.800246753,0.8107846097495016,0.05864987190539846,0.24217735630194342,0.6055443140917691,1.0160249054072341,0.4508061671904507,1.1707630523085526,0.6654996976245363,0.6635135091851389,0.12211071556231474,0.12239906503445815,0.02187839833915014,0.021998712921925945,0.03181663880353318,0.03202747147267484,0.7425143365853659,0,0.4009100981046585,0
2015-01-14,11,6,1,20,0,0.800246753,0.7926142723084205,0.05914351971548893,0.2431944072454976,0.586512047032075,0.998716497584766,0.4311240599445685,1.1541044846722726,0.6635135091851389,0.6651651304703241,0.12239906503445815,0.12199468844119926,0.021998712921925945,0.021877564681140056,0.03202747147267484,0.031900273211976325,0.7425143365853659,0,0.43045056063776377,0
2015-01-15,12,6,1,20,0,0.80003139,0.7944878600161116,0.05888980117185048,0.24267220931093547,0.5888281866782212,1.000147533354002,0.4337738556432199,1.1552018643890034,0.6651651304703241,0.666348418311656,0.12199468844119926,0.12169483252377813,0.021877564681140056,0.021793391686611333,0.031900273211976325,0.0318113946236474,0.7425143365853659,0,0.42727154660108563,0
2015-01-17,13,6,1,20,0,0.800343766,0.8241791520869397,0.05784196463035473,0.24050356469365425,0.620357360164653,1.0280009440092264,0.46668867498230193,1.1816696291915774,0.666348418311656,0.6620932692690824,0.12169483252377813,0.12206112186226101,0.021793391686611333,0.02238870310323021,0.0318113946236474,0.03239566914203129,0.7425143365853659,0,0.37887657004849506,0
2015-01-18,14,6,1,20,0,0.800343766,0.8213784094906252,0.05774656270098397,0.24030514497401834,0.617724774172838,1.0250320448084125,0.46418286838965944,1.178573950591591,0.6620932692690824,0.6581850481443348,0.12206112186226101,0.12253361002646943,0.02238870310323021,0.022933570767215052,0.03239566914203129,0.03287452038076245,0.7425143365853659,0,0.38322089366592055,0
2015-01-19,15,6,1,20,0,0.800358775,0.8045720794817874,0.058339632964976934,0.24153598689424507,0.599875331118781,1.0092688278447939,0.44554698435378376,1.163597174609791,0.6581850481443348,0.6572610685213419,0.12253361002646943,0.12272751933136636,0.022933570767215052,0.023073058174680573,0.03287452038076245,0.03293968130369219,0.7425143365853659,0,0.4106249471926712,0
2015-01-20,16,6,1,20,0,0.800261486,0.8180184359123195,0.05784434576870372,0.24050851496091302,0.6141924487410165,1.0218444230836223,0.4605206006073724,1.1755162712172667,0.6572610685213419,0.6536176109309033,0.12272751933136636,0.12327935875395656,0.023073058174680573,0.0237441682032755,0.03293968130369219,0.033228342999468974,0.7425143365853659,0,0.38866088905429896,0
2015-01-21,17,6,1,20,0,0.850410511,0.8651809964623164,0.06884207783597625,0.2623777388346356,0.6428212948175107,1.087540698107122,0.47517620315662784,1.255185789768005,0.6536176109309033,0.6513024881246083,0.12327935875395656,0.12380362746045973,0.0237441682032755,0.024609205451035083,0.033228342999468974,0.03107316712040946,0.7425143365853659,0,0.33033467709198305,0
2015-01-22,18,6,1,20,0,0.800191989,0.8146100034613208,0.05856724290803257,0.24200670013045625,0.6095143353758217,1.01970567154682,0.45488522847781504,1.1743347784448266,0.6513024881246083,0.647907331198856,0.12380362746045973,0.12439103698051107,0.024609205451035083,0.025264229641835192,0.03107316712040946,0.03149242613937716,0.7425143365853659,0,0.39474378382785513,0
2015-01-24,19,6,1,20,0,0.800537143,0.812904894173367,0.05856568829377855,0.24200348818514691,0.6078119481450204,1.0179978402017136,0.45318489350521296,1.172624894841521,0.647907331198856,0.6449578289711266,0.12439103698051107,0.12494308198628971,0.025264229641835192,0.025804881429271058,0.03149242613937716,0.031826528128757206,0.7425143365853659,0,0.3974574067044837,0
2015-01-25,20,6,1,20,0,0.800386364,0.8122768813337677,0.058444667533305975,0.24175331959107815,0.6073959480096434,1.0171578146578921,0.45292873748263907,1.1716250251848965,0.6449578289711266,0.6421349295072115,0.12494308198628971,0.12552471240634128,0.025804881429271058,0.026249793152220164,0.031826528128757206,0.03212829493014463,0.7425143365853659,0,0.39835585740017787,0
2015-01-26,21,6,1,20,0,0.800386364,0.7955765920468966,0.05949063763512673,0.24390702662106054,0.5888704366031509,1.0022827474906424,0.4330271245286001,1.158126059565193,0.6421349295072115,0.6434046815697165,0.12552471240634128,0.1252048065022018,0.026249793152220164,0.026058512681979833,0.03212829493014463,0.032027435363751036,0.7425143365853659,0,0.425885000054934,0
2015-01-27,22,6,1,20,0,0.622828125,0.7640506840450717,0.06364588922046274,0.25228136915052357,0.5502474466819776,0.9778539214081658,0.3890533856178707,1.1390479824722728,0.6434046815697165,0.5982049934708263,0.1252048065022018,0.13596538074957995,0.026058512681979833,0.03756358301621762,0.032027435363751036,0.033632385419697916,0.7425143365853659,1,0.4777925915903031,0
2015-01-28,23,6,1,20,0,0.437995338,0.7126431171286354,0.06358444374871663,0.2521595600978012,0.49894311041590544,0.9263431238413653,0.3378268787053842,1.0874593555518866,0.5982049934708263,0.5148310891808049,0.13596538074957995,0.1625126791507591,0.03756358301621762,0.050209619632672786,0.033632385419697916,0.035954734771115875,0.7425143365853659,1,0.5588869347757682,1
2015-01-29,24,6,1,20,0,0.500117677,0.6601666801398565,0.06190707607710244,0.24881132626370214,0.44930423228289723,0.8710291279968156,0.29032733971948776,1.0300060205602253,0.5148310891808049,0.4717728337013429,0.1625126791507591,0.17684504690695585,0.050209619632672786,0.054832687636328835,0.035954734771115875,0.03670932550487332,0.7425143365853659,1,0.6409689508361999,1
2015-01-31,25,6,1,20,0,0.600710606,0.6311087218557084,0.06101322017086659,0.24700854270827677,0.42177409573886715,0.8404433479725497,0.26394908372651504,0.9982683599849018,0.4717728337013429,0.46418932638403254,0.17684504690695585,0.17929869347286403,0.054832687636328835,0.055573655261124115,0.03670932550487332,0.03687071349661188,0.7425143365853659,1,0.6848570778525949,1
2015-02-01,26,6,1,20,0,0.651007071,0.6377533819817598,0.05983861368972749,0.24461932403170336,0.430443569229218,0.8450631947343016,0.27414513788567973,1.00136162607784,0.46418932638403254,0.4672423818637907,0.17929869347286403,0.1784081578158326,0.055573655261124115,0.05525063125497061,0.03687071349661188,0.03677824863924678,0.7425143365853659,1,0.676833521006309,1
2015-02-02,27,6,1,20,0,0.700354545,0.6718510398339732,0.05891554852788682,0.24272525317297913,0.4661464129211702,0.8775556667467762,0.31105818974595206,1.0326438899219943,0.4672423818637907,0.47237806697925055,0.1784081578158326,0.1763523970597305,0.05525063125497061,0.05593134833829919,0.03677824863924678,0.036401956220621166,0.7425143365853659,1,0.6262602765537678,1
2015-02-03,28,6,1,20,0,0.700184577,0.6575249279988491,0.05904477828865884,0.24299131319588121,0.45159482072488866,0.8634550352728095,0.29633659967894854,1.0187132563187498,0.47237806697925055,0.4817971129038763,0.1763523970597305,0.17428178577748762,0.05593134833829919,0.05432327341092795,0.036401956220621166,0.03617698871181612,0.7425143365853659,1,0.6482386255415318,1
2015-02-04,29,6,1,20,0,0.700710417,0.6639172485517967,0.058867124773517854,0.24262548253124167,0.4582971751923104,0.869537321911283,0.3032727000257968,1.0245617970777965,0.4817971129038763,0.48973430974214865,0.17428178577748762,0.17261794927045332,0.05432327341092795,0.052984588135079565,0.03617698871181612,0.035886956432827084,0.7425143365853659,1,0.6386290973343638,1
2015-02-05,30,6,1,20,0,0.700079032,0.6662906345271922,0.0590263146897543,0.24295331792291766,0.46039272746045057,0.8721885415939338,0.3051587833255279,1.0274224857288563,0.48973430974214865,0.4970910644977582,0.17261794927045332,0.1713117698643099,0.052984588135079565,0.05144406105271269,0.035886956432827084,0.03565765797180307,0.7425143365853659,1,0.6347833398856452,1
2015-02-07,31,6,1,20,0,0.750520115,0.6827377124367742,0.058529651025074694,0.2419290206343065,0.47770787611605997,0.8877675487574883,0.3231284021873366,1.0423470226862117,0.4970910644977582,0.5111830927357528,0.1713117698643099,0.1692178415303677,0.05144406105271269,0.04835949033364814,0.03565765797180307,0.035093718179881564,0.7425143365853659,0,0.6095033710461994,1
2015-02-08,32,6,1,20,0,0.75065101,0.6898971155286278,0.05876617068418269,0.2424173481502153,0.48445343174804634,0.8953407993092092,0.32956194312048204,1.0502322879367734,0.5111830927357528,0.5239275629459571,0.1692178415303677,0.16762827974898406,0.04835949033364814,0.04516751158383138,0.035093718179881564,0.03466047622460572,0.7425143365853659,0,0.5979062768142506,1
2015-02-09,33,6,1,20,0,0.612517157,0.4030296779442856,0.08368405002504624,0.289281955927165,0.1578692093127183,0.6481901465758529,-0.026966212444667292,0.8330255683332386,0.5239275629459571,0.5691795048324257,0.16762827974898406,0.13613920568862817,0.04516751158383138,0.05366589909502578,0.03466047622460572,0.04022417716832369,0.7425143365853659,1,0.8848175004296093,1
2015-02-10,34,6,1,20,0,0.750797009,0.4857768835009255,0.07129359625399648,0.2670086070784919,0.2594926168925149,0.7120611501093361,0.08888865252139788,0.8826651144804532,0.5691795048324257,0.6155328809287373,0.13613920568862817,0.10824315847918733,0.05366589909502578,0.059012238886734965,0.04022417716832369,0.045010748045687665,0.7425143365853659,0,0.8388072892792293,1
2015-02-11,35,6,1,20,0,0.800947475,0.7635290027819702,0.05850084366943957,0.24186947651458537,0.5585496288699752,0.9685083766939653,0.40400820039226026,1.1230498051716802,0.6155328809287373,0.6225669321618906,0.10824315847918733,0.10901567578530208,0.059012238886734965,0.05609015202385053,0.045010748045687665,0.04450469781643823,0.7425143365853659,0,0.4776967388931811,0
2015-02-12,36,6,1,20,0,0.688017677,0.5706661753904935,0.06637592847372845,0.25763526248114493,0.3523256242715803,0.7890067265094066,0.1877107168272083,0.9536216339537786,0.6225669321618906,0.6399200746998681,0.10901567578530208,0.09923086752892617,0.05609015202385053,0.05833335492923983,0.04450469781643823,0.04534814352781628,0.7425143365853659,1,0.7568095056746438,1
2015-02-14,37,6,1,20,0,0.557252451,0.6020710297916012,0.06324781751866519,0.2514911877554862,0.3889374548016421,0.8152046047815603,0.2282482766326624,0.9758937829505401,0.6399200746998681,0.6339476087139045,0.09923086752892617,0.10220753927343451,0.05833335492923983,0.057867412682866985,0.04534814352781628,0.044978230041351354,0.7425143365853659,1,0.7218034445478216,1
2015-02-15,38,6,1,20,0,0.681598039,0.5925188932783371,0.061255169176168744,0.24749781650788102,0.38276961774578755,0.8022681688108866,0.22463198641082738,0.9604058001458468,0.6339476087139045,0.6454406456911177,0.10220753927343451,0.09749865377663204,0.057867412682866985,0.05798298080708125,0.044978230041351354,0.045429264927856865,0.7425143365853659,1,0.7377072384790355,1
2015-02-16,39,6,1,20,0,0.75065101,0.6089408999526847,0.059930917188767745,0.24480791896662116,0.40147125689728913,0.8164105430080804,0.24505232365716656,0.9728294762482029,0.6454406456911177,0.6632290768908932,0.09749865377663204,0.0913863809353058,0.05798298080708125,0.05771619905447633,0.045429264927856865,0.045022125422094154,0.7425143365853659,0,0.7177610701162044,1
2015-02-17,40,6,1,20,0,0.750621354,0.6289126946919458,0.059120320316285085,0.24314670533709704,0.42285089579539503,0.8349744935884965,0.26749338763053543,0.9903320017533561,0.6632290768908932,0.6799784169537524,0.0913863809353058,0.08755464726156503,0.05771619905447633,0.05551897450992199,0.045022125422094154,0.04461731410836487,0.7425143365853659,0,0.6907583355326155,1
2015-02-18,41,6,1,20,1,0.75065101,0.8039676542757304,0.061280529109306384,0.2475490438464798,0.5941749646342802,1.0137603439171805,0.4360046018186956,1.1719307067327651,0.6799784169537524,0.6677619867513964,0.08755464726156503,0.08491638630658957,0.05551897450992199,0.06088029499389033,0.04461731410836487,0.0461291611718743,0.7425143365853659,0,0.4137114669365392,0
2015-02-19,42,6,1,20,1,0.75065101,0.8178446201373226,0.06131871259460813,0.2476261549081763,0.6079865804675183,1.027702659807127,0.4497669478813213,1.185922292393324,0.6677619867513964,0.6532551133707343,0.08491638630658957,0.08153629567828145,0.06088029499389033,0.06713961320741617,0.0461291611718743,0.04807940990918535,0.7425143365853659,0,0.3920499860925507,0
2015-02-22,43,6,1,20,1,0.75065101,0.7998279793567459,0.05945807002106523,0.24384025512836313,0.5931784113706882,1.0064775473428036,0.43737776264503014,1.1622781960684616,0.6532551133707343,0.6436429499638898,0.08153629567828145,0.07963689582728303,0.06713961320741617,0.07087373923339402,0.04807940990918535,0.04936998218484331,0.7425143365853659,0,0.41904124455212444,0
2015-02-23,44,6,1,20,1,0.75065101,0.7928659903609185,0.058942989102247975,0.24278177259062916,0.587113464411781,0.998618516310056,0.4319891284055177,1.1537428523163193,0.6436429499638898,0.6357348226056437,0.07963689582728303,0.07819756828207948,0.07087373923339402,0.07381886438550707,0.04936998218484331,0.050393121777056925,0.7425143365853659,0,0.4299262950883592,0
2015-02-24,45,6,1,20,1,0.75065101,0.7824624659595109,0.059070089770468216,0.24304339071546097,0.5764882240658697,0.988436707853152,0.4211967283199409,1.1437282035990808,0.6357348226056437,0.6297650871746812,0.07819756828207948,0.07717750147407185,0.07381886438550707,0.07609670952176067,0.050393121777056925,0.051042143737932054,0.7425143365853659,0,0.4468726701946076,0
2015-02-25,46,6,1,20,1,0.75065101,0.7796575623086712,0.0585130438284842,0.24189469574276365,0.5746568156229099,0.9846583089944325,0.42009927343128634,1.1392158511860562,0.6297650871746812,0.6245674989217016,0.07717750147407185,0.07637017309866255,0.07609670952176067,0.07796315418023385,0.051042143737932054,0.05161199008076181,0.7425143365853659,0,0.4512098440976354,0
2015-02-26,47,6,1,20,1,0.75065101,0.7732818848505055,0.05847557890014276,0.24181724276846503,0.56834677795695,0.9782169917440611,0.4138387239994784,1.1327250457015325,0.6245674989217016,0.6205446038756006,0.07637017309866255,0.07579037652423902,0.07796315418023385,0.07940711803442174,0.05161199008076181,0.051999789541568746,0.7425143365853659,0,0.46164955610822644,0
2015-02-28,48,6,1,20,1,0.75065101,0.7724033755530221,0.058030980293332646,0.24089620232235429,0.5682488313692057,0.9765579197368385,0.41432927211672477,1.1304774789893193,0.6205446038756006,0.616824280620987,0.07579037652423902,0.07530946382918163,0.07940711803442174,0.08065753595081314,0.051999789541568746,0.05236851073802888,0.7425143365853659,0,0.46295173322646277,0
2015-03-01,49,6,1,20,1,0.75065101,0.7732515096757103,0.057582036771911455,0.2399625736899641,0.5698881964288911,0.9766148229225295,0.4165651750471513,1.1299378443042694,0.616824280620987,0.6131122325985635,0.07530946382918163,0.07488823872129369,0.08065753595081314,0.08179923635503969,0.05236851073802888,0.052763912239698854,0.7425143365853659,0,0.46140433362088634,0
2015-03-02,50,6,1,20,2,0.750797009,0.7545560993759244,0.057653161392829055,0.24011072735891884,0.5510672289618977,0.958044969789951,0.3976495454509616,1.1114626533008871,0.6131122325985635,0.6124791235940114,0.07488823872129369,0.0748365407829314,0.08179923635503969,0.08199573146217344,0.052763912239698854,0.05281173408295894,0.7425143365853659,0,0.4924305272481889,0
2015-03-03,51,6,1,20,2,0.750212553,0.7438672437367103,0.059696639019961605,0.24432895657281722,0.5368035113940847,0.950930976079336,0.38069060904960134,1.1070438784238192,0.6124791235940114,0.6136575563999735,0.0748365407829314,0.07497838102713848,0.08199573146217344,0.08151853281508023,0.05281173408295894,0.05279017525894384,0.7425143365853659,0,0.5100125622453808,1
2015-03-04,52,6,1,20,2,0.332146465,0.5533177199082768,0.06553011596505029,0.2559885074862743,0.3363727595546775,0.7702626802618762,0.17281003890513147,0.9338254009114222,0.6136575563999735,0.5692678462431459,0.07497838102713848,0.08105765785929679,0.08151853281508023,0.09704626233492411,0.05279017525894384,0.04660833003065141,0.7425143365853659,1,0.7788528328450224,1
2015-03-05,53,6,1,20,2,0.26369382,0.603234935329396,0.06041367934480703,0.245791943205645,0.39493135210372354,0.8115385185550684,0.23788368094368295,0.968586189715109,0.5692678462431459,0.5323020302461297,0.08105765785929679,0.0969353983607844,0.09704626233492411,0.09346062863919193,0.04660833003065141,0.041292084668545205,0.7425143365853659,1,0.7247833515597756,1
2015-03-07,54,6,1,20,2,0.500528095,0.5433428142152766,0.059247769510482336,0.24340864715634558,0.3370590250499055,0.7496266033806478,0.18153415032226966,0.9051514781082837,0.5323020302461297,0.5276460856800069,0.0969353983607844,0.09858454822549316,0.09346062863919193,0.09330085597910727,0.041292084668545205,0.04075956995945444,0.7425143365853659,1,0.8020630621977108,1
2015-03-08,55,6,1,20,2,0.601037091,0.6897063809488166,0.05689509042608932,0.2385269176132734,0.48755975650454364,0.8918530053930896,0.3351540412008244,1.0442587206968088,0.5276460856800069,0.5142463659726974,0.09858454822549316,0.09722653859208318,0.09330085597910727,0.09705394077509545,0.04075956995945444,0.04092249280549415,0.7425143365853659,1,0.5997789196912622,1
2015-03-09,56,6,1,20,2,0.650962281,0.6985719496669565,0.05731363605981624,0.23940266510591782,0.4956831473533051,0.9014607519806078,0.34271787707617907,1.0544260222577337,0.5142463659726974,0.5068649700072194,0.09722653859208318,0.09625176149136508,0.09705394077509545,0.09926653712257232,0.04092249280549415,0.04112183087671031,0.7425143365853659,1,0.5850454699068989,1
2015-03-10,57,6,1,20,2,0.700246491,0.68336495006675,0.05719216921806427,0.2391488432296177,0.48069125653837785,0.8860386435951222,0.32788816462252157,1.0388417355109785,0.5068649700072194,0.5094792265282354,0.09625176149136508,0.09654184515125253,0.09926653712257232,0.09850861015932602,0.04112183087671031,0.04104955805278095,0.7425143365853659,1,0.6097372233764686,1
2015-03-11,58,6,1,20,2,0.700246491,0.6976858391041877,0.057510046063755364,0.23981252274173542,0.4944496909294811,0.9009219872788943,0.3412225439351086,1.0541491342732667,0.5094792265282354,0.5098812597555361,0.09654184515125253,0.09659360038217994,0.09850861015932602,0.09838680956148667,0.04104955805278095,0.04103509156448031,0.7425143365853659,1,0.5863423509808553,1
2015-01-01,0,7,1,21,0,0.800125,0.8250875818525805,0.1276016257292772,0.35721369756670474,0.5223563685752556,1.1278187951299055,0.29411626201333463,1.3560589016918263,0.6467644821538462,0.6358962028901993,0.13242990040885458,0.13076811784891934,0.033094774784278046,0.031457804255621856,0.04380698488118558,0.04206388618211154,0.6467644821538462,0,0.41675441047303713,0
2015-01-03,1,7,1,21,0,0.800125,0.8112362164345271,0.0831752482235481,0.2884011931728926,0.5668221760027368,1.0556502568663175,0.38254951369791484,1.2399229191711394,0.6358962028901993,0.632617004879348,0.13076811784891934,0.13034993995516334,0.031457804255621856,0.030988831695336363,0.04206388618211154,0.04162524555597811,0.6467644821538462,0,0.4159248082332061,0
2015-01-04,2,7,1,21,0,0.850436438,0.8370424849038545,0.0729611995091129,0.27011330864863525,0.6081270479915167,1.0659579218161923,0.4355393483324208,1.2385456214752881,0.632617004879348,0.6355149336998065,0.13034993995516334,0.13103539959738303,0.030988831695336363,0.03133988670691107,0.04162524555597811,0.04192614319637784,0.6467644821538462,0,0.37363379797181073,0
2015-01-05,3,7,1,21,0,0.800684366,0.829738540625486,0.06668962832158289,0.2582433509726492,0.6108826470993051,1.048594434151667,0.4458792042122962,1.213597877038676,0.6355149336998065,0.6296619683609397,0.13103539959738303,0.13041373641006385,0.03133988670691107,0.030833648756507216,0.04192614319637784,0.04153357418863673,0.6467644821538462,0,0.3787471540048771,0
2015-01-06,4,7,1,21,0,0.800128721,0.8032562140057224,0.06361574620165977,0.25222162120179104,0.5895036117922148,1.0170088162192301,0.4283477264147584,1.1781647015966865,0.6296619683609397,0.6290015857635676,0.13041373641006385,0.13043673504837558,0.030833648756507216,0.03082683075660779,0.04153357418863673,0.04150830348003641,0.6467644821538462,0,0.4163857024714628,0
2015-01-07,5,7,1,21,0,0.800128721,0.8203378965731363,0.061891200074854706,0.24877942052118118,0.6095024881724176,1.031173304973855,0.4505459816415778,1.1901298115046948,0.6290015857635676,0.6251990741197218,0.13043673504837558,0.13026422246794245,0.03082683075660779,0.030910527514193206,0.04150830348003641,0.04152727587705501,0.6467644821538462,0,0.3886911521900839,0
2015-01-08,6,7,1,21,0,0.850136766,0.8279748745734806,0.06079465808529228,0.2465657277183759,0.6190155249929626,1.0369342241539985,0.4614734476529668,1.1944763014939945,0.6251990741197218,0.6291523659661281,0.13026422246794245,0.13059165440567327,0.030910527514193206,0.03066354855256647,0.04152727587705501,0.041351194298779086,0.6467644821538462,0,0.3759087448538866,0
2015-01-10,7,7,1,21,0,0.850136766,0.8312034844527614,0.059972575262587896,0.24489298736915252,0.6236617476873952,1.0387452212181274,0.4671884603690526,1.1952185085364702,0.6291523659661281,0.6326967754545161,0.13059165440567327,0.1307035779182459,0.03066354855256647,0.030301103910461008,0.041351194298779086,0.04111093505581755,0.6467644821538462,0,0.3701003320044841,0
2015-01-11,8,7,1,21,0,0.850136766,0.81629045485868,0.059605924236401764,0.24414324532208906,0.6093841089562585,1.0231968007611014,0.45338986599114584,1.179191043726214,0.6326967754545161,0.639932105453577,0.1307035779182459,0.12985961003036026,0.030301103910461008,0.029674425329295203,0.04111093505581755,0.0405857563528161,0.6467644821538462,0,0.39299448740297743,0
2015-01-12,9,7,1,21,0,0.850136766,0.8402211981407613,0.05898467310740821,0.24286760407145333,0.6343959317885982,1.0460464644929244,0.4792167541386265,1.2012256421428962,0.639932105453577,0.6419016138139111,0.12985961003036026,0.12979942386270718,0.029674425329295203,0.02944172030342507,0.0405857563528161,0.040365033674219564,0.6467644821538462,0,0.3551388894318913,0
2015-01-13,10,7,1,21,0,0.850136766,0.8424860119679678,0.05869552208581372,0.2422715874505587,0.6371658573626553,1.0478061665732803,0.48236750188717553,1.20260452204876,0.6419016138139111,0.6434777431928128,0.12979942386270718,0.12969641901394124,0.02944172030342507,0.02926906594533284,0.040365033674219564,0.04016195752081093,0.6467644821538462,0,0.35132519045791805,0
2015-01-14,11,7,1,21,0,0.900144811,0.8536381096622389,0.05846157098046853,0.24178827717751025,0.6487275505073417,1.058548668817136,0.4942380039856464,1.2130382153388313,0.6434777431928128,0.6529895900231026,0.12969641901394124,0.12935026108208378,0.02926906594533284,0.028041208510458705,0.04016195752081093,0.038705012937934186,0.6467644821538462,0,0.3340956521861506,0
2015-01-15,12,7,1,21,0,0.850136766,0.8514359881946687,0.05851959325553787,0.2419082331288827,0.6464237688544365,1.0564482075349009,0.49185757701003807,1.2110143993792994,0.6529895900231026,0.6526950206709805,0.12935026108208378,0.12938660672677765,0.028041208510458705,0.028071436512068147,0.038705012937934186,0.03874860856203146,0.6467644821538462,0,0.3374926091657243,0
2015-01-17,13,7,1,21,0,0.800128721,0.840371420687279,0.05893756191159763,0.24277059523673297,0.6346283673141633,1.0461144740603947,0.47951117302856106,1.201231668345997,0.6526950206709805,0.6426578861676774,0.12938660672677765,0.1313018139484725,0.028071436512068147,0.028929278727599705,0.03874860856203146,0.04015107915919442,0.6467644821538462,0,0.3548532588727573,0
2015-01-18,14,7,1,21,0,0.800128721,0.8274977241316881,0.06024169898477881,0.2454418444046956,0.6194908423917098,1.0355046058716664,0.46266686530661716,1.1923285829567591,0.6426578861676774,0.6348365608114566,0.1313018139484725,0.13251038098151793,0.028929278727599705,0.030643812506375004,0.04015107915919442,0.041025692674672466,0.6467644821538462,0,0.3760969683683839,0
2015-01-19,15,7,1,21,0,0.576460393,0.7948386599613686,0.06126513898448768,0.2475179568930054,0.5850723158693935,1.0046050040533436,0.4269218159247514,1.1627555039979858,0.6348365608114566,0.5695402143137828,0.13251038098151793,0.1512650838030159,0.030643812506375004,0.03719295640954009,0.041025692674672466,0.047514899775072277,0.6467644821538462,1,0.42812367970647214,0
2015-01-20,16,7,1,21,0,0.400332792,0.7573206604125384,0.06068846366541621,0.24635028651376928,0.548543892792636,0.9660974280324408,0.3911394706540846,1.1235018501709924,0.5695402143137828,0.46891152290182314,0.1512650838030159,0.17986006423444997,0.03719295640954009,0.04274170697884148,0.047514899775072277,0.060624468653849496,0.6467644821538462,1,0.4881465890678954,0
2015-01-21,17,7,1,21,0,0.500241342,0.6735663660845438,0.06159723800431012,0.2481879086585608,0.4632322517413005,0.883900480427787,0.30465368908964774,1.0424790430794397,0.46891152290182314,0.4200232108052929,0.17986006423444997,0.19564372289813334,0.04274170697884148,0.044189316265574353,0.060624468653849496,0.06660733712453165,0.6467644821538462,1,0.6209461992084682,1
2015-01-22,18,7,1,21,0,0.60041361,0.6432747873697714,0.060890909244118725,0.24676083409673977,0.4341500891728858,0.852399485566657,0.2764833494784168,1.0100662252611259,0.4200232108052929,0.40852787598177076,0.19564372289813334,0.1991500465734241,0.044189316265574353,0.044637209554751936,0.06660733712453165,0.06799761998255267,0.6467644821538462,1,0.6673126698835254,1
2015-01-24,19,7,1,21,0,0.650416734,0.64195561374149,0.060335723279752146,0.2456333106069943,0.4337864683589966,0.8501247591239834,0.2768401547937707,1.0070710726892094,0.40852787598177076,0.4108493346889511,0.1991500465734241,0.1986239756612316,0.044637209554751936,0.04435112042330002,0.06799761998255267,0.06770428021288687,0.6467644821538462,1,0.66998092024731,1
2015-01-25,20,7,1,21,0,0.7005417,0.6683734743360638,0.062205521229946915,0.24941034707875878,0.45700336873989755,0.87974357993223,0.2976437344854705,1.039103214186657,0.4108493346889511,0.4203042465793715,0.1986239756612316,0.1980338604023229,0.04435112042330002,0.041220510910177977,0.06770428021288687,0.06665878086803399,0.6467644821538462,1,0.6282711939955438,1
2015-01-28,23,7,1,21,0,0.285333333,0.3168481553245962,0.09195621477695888,0.303242831369447,0.059856133788296184,0.5738401768608963,-0.1338995273673816,0.7675958380165739,0.4203042465793715,0.4118434829446361,0.1980338604023229,0.20349634580351728,0.041220510910177977,0.04096530921807071,0.06665878086803399,0.06628479001252732,0.6467644821538462,1,0.9234115181216623,1
2015-01-29,24,7,1,21,0,0.48792,0.30076132643078557,0.07439804179193318,0.2727600443465523,0.06960283580994547,0.5319198170516257,-0.10467598387575866,0.7061986367373299,0.4118434829446361,0.4518570462025461,0.20349634580351728,0.1816620663093456,0.04096530921807071,0.04007923583981786,0.06628479001252732,0.06690469760624108,0.6467644821538462,1,0.950222062414668,1
2015-01-31,25,7,1,21,0,0.388830357,0.36688702146852786,0.06759717163517867,0.2599945607799876,0.14654701388599914,0.5872270290510566,-0.019575356734637728,0.7533493996716935,0.4518570462025461,0.4556867283810682,0.1816620663093456,0.17971673209681233,0.04007923583981786,0.040113589616483016,0.06690469760624108,0.06683200479619902,0.6467644821538462,1,0.9296975642971661,1
2015-02-01,26,7,1,21,0,0.411553571,0.3753171597252541,0.06404934786288266,0.2530797262976287,0.16083733120841054,0.5897969882420977,-0.0008668366113190884,0.7515011560618272,0.4556867283810682,0.46137294931697653,0.17971673209681233,0.1771930318125778,0.040113589616483016,0.04027481953292388,0.06683200479619902,0.06640806268538185,0.6467644821538462,1,0.9306291768697568,1
2015-02-02,27,7,1,21,0,0.295307738,0.3909503184639342,0.06215976016577595,0.2493185916970011,0.17965797365419203,0.6022426632736764,0.020356966093681372,0.761543670834187,0.46137294931697653,0.44900872142384035,0.1771930318125778,0.18284597108243766,0.04027481953292388,0.037892583647661245,0.06640806268538185,0.06856054389897961,0.6467644821538462,1,0.9250838365242683,1
2015-02-03,28,7,1,21,0,0.541517857,0.3667473226739761,0.060548041920552645,0.2460651172363784,0.15821223011279079,0.5752824152351614,0.0009900156183000886,0.732504629729652,0.44900872142384035,0.4774203599809269,0.18284597108243766,0.17549812160782258,0.037892583647661245,0.03623300471647704,0.06856054389897961,0.06452346462288859,0.6467644821538462,1,0.9403271060229197,1
2015-02-04,29,7,1,21,0,0.700612069,0.39863283586607245,0.059632850272772216,0.24419838302653074,0.19167976190065486,0.6055859098314901,0.03565028894401867,0.7616153827881262,0.4774203599809269,0.5288793692046411,0.17549812160782258,0.16574299166394174,0.03623300471647704,0.029443446752901337,0.06452346462288859,0.05821318029539886,0.6467644821538462,1,0.9249048333383774,1
2015-02-05,30,7,1,21,0,0.522844828,0.44817581188989053,0.059006032993320814,0.24291157443259226,0.24231328156698245,0.6540383422127987,0.08710600924992412,0.809245614529857,0.5288793692046411,0.5421647314074661,0.16574299166394174,0.16394709078454475,0.029443446752901337,0.027661854085462304,0.05821318029539886,0.05613982303436914,0.6467644821538462,1,0.8929789061908644,1
2015-02-07,31,7,1,21,0,0.662270115,0.4523871287804683,0.06021393431335474,0.24538527729542933,0.24442818649448192,0.6603460710664546,0.08764035271278092,0.8171339048481556,0.5421647314074661,0.5913599920145703,0.16394709078454475,0.1622925558437797,0.027661854085462304,0.0131430563882736,0.05613982303436914,0.05092253051499767,0.6467644821538462,1,0.8874043380614247,1
2015-02-08,32,7,1,21,0,0.355534483,0.48230273733981854,0.06498906449977693,0.2549295284971455,0.26625523975541854,0.6983502349242185,0.10336914903068228,0.8612363256489548,0.5913599920145703,0.5546046134218771,0.1622925558437797,0.16096182056451605,0.0131430563882736,0.028620738367552676,0.05092253051499767,0.05289335827073084,0.6467644821538462,1,0.8531601119034895,1
2015-02-09,33,7,1,21,0,0.350301724,0.4674984490242542,0.05864036295419033,0.24215772330072466,0.2622747919285917,0.6727221061199167,0.10754918944626068,0.8274477086022477,0.5546046134218771,0.5291685310339513,0.16096182056451605,0.16104455042354124,0.028620738367552676,0.03348726067641686,0.05289335827073084,0.057661613948597784,0.6467644821538462,1,0.878314321113718,1
2015-02-10,34,7,1,21,0,0.500801724,0.7079146364321699,0.06613000023447839,0.25715753971929034,0.48997894546361376,0.925850327400726,0.32566927685754915,1.0901599960067907,0.5291685310339513,0.4562999356046225,0.16104455042354124,0.1463006615029477,0.03348726067641686,0.04855547195396516,0.057661613948597784,0.07764043324456725,0.6467644821538462,1,0.5649990048718315,1
2015-02-11,35,7,1,21,0,0.600070513,0.6544015907980681,0.0646807511206605,0.2543241064481708,0.4388671758660957,0.8699360057300406,0.27636791687237705,1.0324352647237593,0.4562999356046225,0.4389450392704367,0.1463006615029477,0.14300942133078265,0.04855547195396516,0.05233380636148449,0.07764043324456725,0.08201043807564408,0.6467644821538462,1,0.6465014237068476,1
2015-02-12,36,7,1,21,0,0.535677966,0.4179408584091467,0.05842602317752356,0.24171475581255597,0.2130926070889323,0.6227891097293611,0.05865003671704888,0.7772316801012444,0.4389450392704367,0.4618126313447091,0.14300942133078265,0.14207784812623064,0.05233380636148449,0.0486094135610638,0.08201043807564408,0.07800298787731101,0.6467644821538462,1,0.9152425914481392,1
2015-02-14,37,7,1,21,0,0.602,0.43714053514249807,0.05818699969409671,0.24121981613063365,0.23271173495595543,0.6415693353290407,0.07858540409703912,0.7956956661879571,0.4618126313447091,0.49429699202453803,0.14207784812623064,0.14144193761341423,0.0486094135610638,0.0433942108673535,0.07800298787731101,0.0721849182475524,0.6467644821538462,1,0.9026825261244276,1
2015-02-15,38,7,1,21,0,0.700632768,0.45791124127988714,0.05834533613190216,0.2415477926454766,0.2532044877871269,0.6626179947726474,0.09886859778978035,0.816953884769994,0.49429699202453803,0.5453146737685066,0.14144193761341423,0.1418545572289284,0.0433942108673535,0.03501719400111188,0.0721849182475524,0.06247202963145492,0.6467644821538462,1,0.88671427999727,1
2015-02-16,39,7,1,21,0,0.700459889,0.7348771789676115,0.06663186346333702,0.2581314848354168,0.5161160896767656,0.9536382682584574,0.35118412316162184,1.118570234773601,0.5453146737685066,0.5341948060938981,0.1418545572289284,0.1395983232750653,0.03501719400111188,0.037239455879701906,0.06247202963145492,0.06508695548068431,0.6467644821538462,1,0.5233589608322062,1
2015-02-17,40,7,1,21,0,0.700888203,0.7226842268363587,0.06502206261753515,0.25499424036149354,0.5065818872866562,0.9387865663860612,0.34365444920341937,1.1017140044692981,0.5341948060938981,0.5278608823934259,0.1395983232750653,0.1384018909291799,0.037239455879701906,0.0386430740489905,0.06508695548068431,0.0663894896256008,0.6467644821538462,1,0.5426543387309878,1
2015-02-18,41,7,1,21,1,0.75053268,0.7447636175934067,0.06442215350803175,0.25381519558141463,0.5296604940850066,0.9598667411018068,0.36748640143079336,1.12204083375602,0.5278608823934259,0.5293967528652385,0.1384018909291799,0.1386951463282193,0.0386430740489905,0.03832103697183678,0.0663894896256008,0.06607002372703127,0.6467644821538462,0,0.5082298703725927,1
2015-02-19,42,7,1,21,1,0.611140537,0.47824402289218765,0.059027057632309074,0.24295484690021946,0.27234482004883726,0.684143225735538,0.11710989898065405,0.8393781468037212,0.5293967528652385,0.5544089217361687,0.1386951463282193,0.1374041311919551,0.03832103697183678,0.03278615244195168,0.06607002372703127,0.06328765041862856,0.6467644821538462,1,0.8683328927805796,1
2015-02-22,43,7,1,21,1,0.393548851,0.5006224720301531,0.05840520033237512,0.2416716787966168,0.29581072758912186,0.7054342164711843,0.14139568108537476,0.8598492629749315,0.5544089217361687,0.5344632754782432,0.1374041311919551,0.138142680839053,0.03278615244195168,0.03549412881577057,0.06328765041862856,0.06691891151024976,0.6467644821538462,1,0.8489371463315581,1
2015-02-23,44,7,1,21,1,0.750770115,0.7507918226944619,0.06354238039605603,0.25207614007687446,0.5371625127224191,0.9644211326665046,0.376099581864008,1.1254840635249157,0.5344632754782432,0.5344578262286785,0.138142680839053,0.13814163903313442,0.03549412881577057,0.035494873072819046,0.06691891151024976,0.06692025044421063,0.6467644821538462,0,0.49874684279196635,0
2015-02-24,45,7,1,21,1,0.750727326,0.7525173267558798,0.06188071714779057,0.24875835091065904,0.5416997744138736,0.963334879097886,0.3827567302171591,1.1222779232946005,0.5344578262286785,0.5340499452309868,0.13814163903313442,0.13806957021769412,0.035494873072819046,0.035548149177001956,0.06692025044421063,0.06701660122629205,0.6467644821538462,0,0.4959629458362229,0
2015-02-25,46,7,1,21,1,0.800115819,0.7599302165146158,0.06103656265271744,0.24705578854323054,0.5505555505307838,0.9693048824984478,0.3927003510018892,1.1271600820273424,0.5340499452309868,0.5426185419569045,0.13806957021769412,0.13949716390032607,0.035548149177001956,0.03456473554175269,0.06701660122629205,0.06495979668816271,0.6467644821538462,0,0.48396913993950275,0
2015-02-26,47,7,1,21,1,0.800808642,0.7659461312086262,0.060336467994920165,0.24563482651065618,0.5577757011291632,0.9741165612880892,0.4008284189840209,1.1310638434332314,0.5426185419569045,0.5496774320636154,0.13949716390032607,0.14056689183469914,0.03456473554175269,0.03366324826985871,0.06495979668816271,0.06340066393974118,0.6467644821538462,0,0.4741196289847269,0
2015-02-28,48,7,1,21,1,0.799982853,0.752342538522891,0.059359483334660984,0.24363801701430132,0.5458643631515563,0.9588207138942257,0.39019293357124124,1.1144921434745407,0.5496774320636154,0.5588867825979715,0.14056689183469914,0.14169325922322545,0.03366324826985871,0.03246945818499775,0.06340066393974118,0.0614948960879723,0.6467644821538462,0,0.49616429622513303,0
2015-03-01,49,7,1,21,1,0.579511494,0.5027502419899754,0.058968281660365746,0.24283385608346655,0.29695357635894504,0.7085469076210058,0.14179596183610654,0.8637045221438443,0.5588867825979715,0.5718795771016273,0.14169325922322545,0.14006169124213877,0.03246945818499775,0.03233271426516218,0.0614948960879723,0.05845692993481497,0.6467644821538462,1,0.8457049456720647,1
2015-03-02,50,7,1,21,2,0.800115819,0.5116515298269371,0.05863217960337901,0.24214082597401665,0.3064421928658335,0.7168608667880406,0.15172738685540355,0.8715756727984706,0.5718795771016273,0.6202495496587056,0.14006169124213877,0.1350997863934429,0.03233271426516218,0.027100009487353964,0.05845692993481497,0.05090228677683858,0.6467644821538462,0,0.837525378921126,1
2015-03-03,51,7,1,21,2,0.800115819,0.7957316168541481,0.0679261634584149,0.26062648264981614,0.5748560685696451,1.016607165138651,0.408329934275076,1.1831332994332202,0.6202495496587056,0.6210807861570548,0.1350997863934429,0.13522707883899635,0.027100009487353964,0.0266242785032897,0.05090228677683858,0.051022664540909285,0.6467644821538462,0,0.43035594262164534,0
2015-03-04,52,7,1,21,2,0.800055762,0.8230213897432859,0.05931573327990216,0.24354821551368872,0.616619319284556,1.0294234602020156,0.4610052679744721,1.1850375115120997,0.6210807861570548,0.6168677017301251,0.13522707883899635,0.1346609790805253,0.0266242785032897,0.026473014108735142,0.051022664540909285,0.05237716677146953,0.6467644821538462,0,0.38215603337364007,0
2015-03-05,53,7,1,21,2,0.366053523,0.5544609618245728,0.058649853298704493,0.24217731788651162,0.34922069872312345,0.7597012249260222,0.1944825763671747,0.914439347281971,0.6168677017301251,0.5861585377183532,0.1346609790805253,0.13835339705017988,0.026473014108735142,0.02540731144720618,0.05237716677146953,0.06019713238459208,0.6467644821538462,1,0.7902879972670447,1
2015-03-09,56,7,1,21,2,0.500610909,0.5243049701053902,0.058896578337195915,0.24268617252986605,0.31863346322853736,0.7299764769822431,0.16357021045677628,0.8850397297540042,0.5861585377183532,0.5822035478958263,0.13835339705017988,0.13872365322602165,0.02540731144720618,0.024911319739084066,0.06019713238459208,0.061556916015659324,0.6467644821538462,1,0.8238111396102037,1
2015-03-10,57,7,1,21,2,0.630402924,0.7481397310471024,0.05889646673461048,0.24268594259785728,0.5424684190328667,0.9538110430613381,0.38740531317514204,1.1088741489190628,0.5822035478958263,0.5606256628470844,0.13872365322602165,0.13633294470123894,0.024911319739084066,0.023724847041228674,0.061556916015659324,0.0685368667991279,0.6467644821538462,1,0.5030579961189848,1
2015-03-11,58,7,1,21,2,0.650596491,0.7323467707382197,0.058594207206036454,0.24206240353684927,0.5272038951690325,0.9374896463074069,0.37253919682675146,1.092154344649688,0.5606256628470844,0.546061248624847,0.13633294470123894,0.1348295413066881,0.023724847041228674,0.02325172210018423,0.0685368667991279,0.07289888215734582,0.6467644821538462,1,0.5290684619043043,1
2015-01-01,0,8,1,22,0,0.940725424,0.898226138380325,0.13937266996653136,0.3733264924520243,0.5818396650215734,1.2146126117390765,0.34330435968455786,1.453147917076092,0.654507094375,0.6714478003533118,0.13242990040885458,0.13644687235426112,0.033094774784278046,0.03575211187575847,0.04380698488118558,0.04670612256862931,0.654507094375,0,0.34566840145367145,0
2015-01-03,1,8,1,22,0,0.800318644,0.8815948403232765,0.08263435075975198,0.28746191184181596,0.6379768213735919,1.125212859272961,0.4543043087062473,1.3088853719403057,0.6714478003533118,0.6472724627179711,0.13644687235426112,0.13495808388428487,0.03575211187575847,0.03221513262651976,0.04670612256862931,0.04325492529144338,0.654507094375,0,0.3235545952240504,0
2015-01-04,2,8,1,22,0,0.850345133,0.8385913661078261,0.07105860952090706,0.2665682080085828,0.6126803285935627,1.0645024036220896,0.4423577552534463,1.234824976962206,0.6472724627179711,0.6502844184905402,0.13495808388428487,0.13499969778872592,0.03221513262651976,0.03246216864602744,0.04325492529144338,0.04350378158575322,0.654507094375,0,0.36981614510491534,0
2015-01-05,3,8,1,22,0,0.800684366,0.8310100219669383,0.06638288614962666,0.2576487650846141,0.61265802767113,1.0493620162627466,0.4480344927982029,1.2139855511356736,0.6502844184905402,0.6431429739168752,0.13499969778872592,0.135406411477513,0.03246216864602744,0.03206320891762964,0.04350378158575322,0.043116656702729746,0.654507094375,0,0.3766008906924,0
2015-01-06,4,8,1,22,0,0.800128721,0.823840961184674,0.06370173930468913,0.2523920349470029,0.6099439368501823,1.0377379855191655,0.44867916636660676,1.1990027560027412,0.6431429739168752,0.6379686885334455,0.135406411477513,0.13578680858432957,0.03206320891762964,0.03189602606627812,0.043116656702729746,0.04300101948242102,0.654507094375,0,0.3849275082577279,0
2015-01-07,5,8,1,22,0,0.850136766,0.8495291888549459,0.061941433203333916,0.24888035921569607,0.638608237000364,1.060450140709528,0.47958723613868176,1.21947114157121,0.6379686885334455,0.6380802843568055,0.13578680858432957,0.13579504928372363,0.03189602606627812,0.03189559380599503,0.04300101948242102,0.04299779325201311,0.654507094375,0,0.34461222545284953,0
2015-01-08,6,8,1,22,0,0.850136766,0.8487100831618996,0.06074546904967318,0.24646595921074613,0.6398352853260861,1.0575848809977129,0.48235695463121625,1.2150632116925828,0.6380802843568055,0.6383501593699304,0.13579504928372363,0.13580288336506044,0.03189559380599503,0.03188002114110164,0.04299779325201311,0.04298360536886974,0.654507094375,0,0.34439344483658285,0
2015-01-10,7,8,1,22,0,0.850136766,0.8500841845877355,0.059895428791130106,0.24473542610568275,0.6426759777311624,1.0574923914443086,0.4863033634827758,1.2138650056926952,0.6383501593699304,0.6383601430724356,0.13580288336506044,0.13580274744344129,0.03188002114110164,0.03187952189212527,0.04298360536886974,0.042982811262045145,0.654507094375,0,0.3412887289875117,0
2015-01-11,8,8,1,22,0,0.850136766,0.8504923576679913,0.05934736287914304,0.24361314184407834,0.6440352634884289,1.0569494518475537,0.48837972778771893,1.2126049875482636,0.6383601430724356,0.6382904198669324,0.13580274744344129,0.1358061111879693,0.03187952189212527,0.03188389406087601,0.042982811262045145,0.042989747479413976,0.654507094375,0,0.3399835775371066,0
2015-01-12,9,8,1,22,0,0.850136766,0.8506185781419359,0.05900386055056481,0.2429071027174068,0.6447598375050694,1.0564773187788024,0.48955542237058103,1.2116817339132906,0.6382904198669324,0.6381917790792091,0.1358061111879693,0.13581361449220952,0.03188389406087601,0.03189165111694084,0.042989747479413976,0.0430010456970459,0.654507094375,0,0.33935408917797005,0
2015-01-13,10,8,1,22,0,0.850252525,0.8508095369967307,0.05879850356201724,0.24248402743689582,0.6453093439011516,1.0563097300923097,0.4903752508393198,1.2112438231541416,0.6381917790792091,0.6380723855665152,0.13581361449220952,0.1358253741280549,0.03189165111694084,0.03190366732618002,0.0430010456970459,0.04301510228094841,0.654507094375,0,0.3388012997910055,0
2015-01-14,11,8,1,22,0,0.850136766,0.850348084050722,0.058749840238779195,0.24238366330835748,0.6449329474762364,1.0557632206252077,0.49006298162886647,1.2106331864725777,0.6380723855665152,0.6380246229075767,0.1358253741280549,0.13583083140672633,0.03190366732618002,0.03190894248674397,0.04301510228094841,0.043021502003294916,0.654507094375,0,0.3394351688645511,0
2015-01-15,12,8,1,22,0,0.850415628,0.8499989328992328,0.05878150991811794,0.24244898415567334,0.6445284382589872,1.0554694275394785,0.4896167359461524,1.2103811298523133,0.6380246229075767,0.6381235501284033,0.13583083140672633,0.135818343169638,0.03190894248674397,0.031896424010642896,0.043021502003294916,0.04300783527994066,0.654507094375,0,0.34000352710547127,0
2015-01-17,13,8,1,22,0,0.800128721,0.8387730999235006,0.05916772032502659,0.24324415784356793,0.6326287120452792,1.044917487801722,0.4772089370339544,1.2003372628130466,0.6381235501284033,0.6282267842637228,0.135818343169638,0.1376707519146689,0.031896424010642896,0.032918376247235,0.04300783527994066,0.04430509545904724,0.654507094375,0,0.3575726087904597,0
2015-01-18,14,8,1,22,0,0.800128721,0.8142992975863927,0.06014481837299526,0.2452444053857198,0.6064597413274081,1.0221388538453775,0.4497619170271539,1.1788366781456316,0.6282267842637228,0.6242700533595706,0.1376707519146689,0.13863575944845444,0.032918376247235,0.033295799555833165,0.04430509545904724,0.04475912268746262,0.654507094375,0,0.39658957656106536,0
2015-01-19,15,8,1,22,0,0.800162602,0.8311628233974735,0.05906586024569488,0.24303468938753348,0.6251959556991069,1.03712969109584,0.46991001962803647,1.1924156271669104,0.6242700533595706,0.6162297137671298,0.13863575944845444,0.14005085430657419,0.033295799555833165,0.034204631058307074,0.04475912268746262,0.045930527185021996,0.654507094375,0,0.3692064882604279,0
2015-01-20,16,8,1,22,0,0.800128721,0.8267864658825262,0.059107700315957884,0.24312075254070328,0.6207466614436175,1.032826270321435,0.4654057357028217,1.1881671960622309,0.6162297137671298,0.6092207501028182,0.14005085430657419,0.14128388622322274,0.034204631058307074,0.03500923294584845,0.045930527185021996,0.046974243438023304,0.654507094375,0,0.37606321499153117,0
2015-01-21,17,8,1,22,0,0.800436542,0.7942062063918873,0.06176094304704178,0.24851749042480245,0.5835927783250996,1.004819634458675,0.4248036308667604,1.1636087819170142,0.6092207501028182,0.6111657357211612,0.14128388622322274,0.14092991184205042,0.03500923294584845,0.03456477033612531,0.046974243438023304,0.04679394512226427,0.654507094375,0,0.4294087430168854,0
2015-01-22,18,8,1,22,0,0.555500132,0.7848094057057018,0.061159348870838987,0.24730416266379138,0.5752242477967945,0.9943945636146091,0.41721035072597984,1.1524084606854237,0.6111657357211612,0.54380878484374,0.14092991184205042,0.15775987997204194,0.03456477033612531,0.042904238647211254,0.04679394512226427,0.053807433087604745,0.654507094375,1,0.44403157395322007,0
2015-01-24,19,8,1,22,0,0.34998951,0.7225758348704903,0.062049216471320584,0.24909680140724527,0.5114714527395823,0.9336802170013982,0.3523121571002917,1.092839512640689,0.54380878484374,0.4356407613130739,0.15775987997204194,0.18843663754157935,0.042904238647211254,0.047279879701257126,0.053807433087604745,0.07025809480063684,0.654507094375,1,0.5438327489035953,1
2015-01-25,20,8,1,22,0,0.500061916,0.6512218999577983,0.06130319276232771,0.24759481570163724,0.4413904196167189,0.8610533802988778,0.28319081107744054,1.019252988838156,0.4356407613130739,0.3941813174679075,0.18843663754157935,0.19941570192602057,0.047279879701257126,0.04914973490065724,0.07025809480063684,0.07669830776907705,0.654507094375,1,0.655035197518484,1
2015-01-26,21,8,1,22,0,0.600143365,0.6229975872038085,0.060775202473113556,0.2465262713649674,0.41407167606593764,0.8319234983416793,0.2565548091878245,0.9894403652197925,0.3941813174679075,0.38812246529894107,0.19941570192602057,0.20086794971214597,0.04914973490065724,0.04955195059788245,0.07669830776907705,0.07762844301322315,0.654507094375,1,0.6967821385954965,1
2015-01-27,22,8,1,22,0,0.650307143,0.6125725362223498,0.06083941517175977,0.2466564719843365,0.4035362827551126,0.821608789689587,0.24593622476915095,0.9792088476755485,0.38812246529894107,0.3983739732042266,0.20086794971214597,0.1989384957509701,0.04955195059788245,0.04799907550736618,0.07762844301322315,0.07628625974391962,0.654507094375,1,0.711291417982604,1
2015-01-28,23,8,1,22,0,0.467693269,0.2884752712537941,0.0876084130155686,0.29598718387046524,0.03763226075890069,0.5393182817486875,-0.1514874366316024,0.7284379791391906,0.3983739732042266,0.44566610834032866,0.1989384957509701,0.17121198861290254,0.04799907550736618,0.044205746389287676,0.07628625974391962,0.08163301142396508,0.654507094375,1,0.9405340721999415,1
2015-01-31,25,8,1,22,0,0.286984568,0.3846512924664348,0.07324915945644431,0.27064581921109426,0.155284563877002,0.6140180210558677,-0.017643381042421025,0.7869459659752907,0.44566610834032866,0.4294114180251509,0.17121198861290254,0.1828751521700913,0.044205746389287676,0.04168457290027979,0.08163301142396508,0.08040285942936898,0.654507094375,1,0.9114782901464189,1
2015-02-01,26,8,1,22,0,0.466821212,0.35587077807317796,0.0669106830603428,0.2586709938519253,0.1366524660603193,0.5750890900860366,-0.028624217346303715,0.7403657734926596,0.4294114180251509,0.44566342001832915,0.1828751521700913,0.17296591152145988,0.04168457290027979,0.04330724752996491,0.08040285942936898,0.08107179667930357,0.654507094375,1,0.9362044109594974,1
2015-02-02,27,8,1,22,0,0.260978788,0.38620600742142136,0.06358232577195527,0.2521553603871139,0.17250955987655214,0.5999024549662906,0.011396011552534058,0.7610160032903086,0.44566342001832915,0.4286908748079354,0.17296591152145988,0.18174231548468445,0.04330724752996491,0.041720395557591834,0.08107179667930357,0.081495758837857,0.654507094375,1,0.9254527834394083,1
2015-02-03,28,8,1,22,0,0.586465465,0.3596705616884495,0.061491604361086236,0.2479750075331912,0.14951687664125585,0.5698242467356431,-0.00892565378130683,0.7282667771582059,0.4286908748079354,0.46058071527810585,0.18174231548468445,0.16949451152432185,0.041720395557591834,0.04175049774532588,0.081495758837857,0.07966348547633868,0.654507094375,1,0.9422640951974814,1
2015-02-04,29,8,1,22,0,0.700135088,0.403403323547289,0.060182446061917395,0.24532110806434368,0.19549876335614944,0.6113078837384286,0.03875193021983453,0.7680547168747436,0.46058071527810585,0.5045915150706622,0.16949451152432185,0.15717678805506352,0.04175049774532588,0.03786817223561138,0.07966348547633868,0.0769661481040859,0.654507094375,1,0.9211469358651885,1
2015-02-05,30,8,1,22,0,0.496549708,0.4528693871497398,0.05939830447918674,0.24371767371117495,0.2463237043769407,0.6594150699225388,0.09060137850371563,0.8151373957957639,0.5045915150706622,0.5117031703668087,0.15717678805506352,0.15586411966471722,0.03786817223561138,0.036866603898183165,0.0769661481040859,0.07629278480970411,0.654507094375,1,0.8886080885835408,1
2015-02-07,31,8,1,22,0,0.365318713,0.45354266264628273,0.059725790829524984,0.24438860617779418,0.2464283784983674,0.6606569467941981,0.09027736330353975,0.8168079619890257,0.5117031703668087,0.4937269665639759,0.15586411966471722,0.15709663469360172,0.036866603898183165,0.041784289516909656,0.07629278480970411,0.0777467791898297,0.654507094375,1,0.8874460075504702,1
2015-02-08,32,8,1,22,0,0.353259649,0.4216896110448371,0.06378776207107828,0.25256239243220335,0.2076482122685564,0.6357310098211177,0.04627459262594619,0.7971046294637281,0.4937269665639759,0.4754213294569242,0.15709663469360172,0.1564569622175636,0.041784289516909656,0.04965573856253941,0.0777467791898297,0.07837106809062239,0.654507094375,1,0.9031854549149059,1
2015-02-09,33,8,1,22,0,0.350301724,0.43389908825817425,0.058166633402449944,0.24117759722339457,0.2295060677214569,0.6382921087948916,0.07540671244593172,0.7923914640704168,0.4754213294569242,0.45981700732172404,0.1564569622175636,0.1570792531682274,0.04965573856253941,0.05220962392190389,0.07837106809062239,0.08098256022713846,0.654507094375,1,0.905013027655402,1
2015-02-10,34,8,1,22,0,0.393548851,0.6942057272940529,0.06653820673001896,0.25795000819930003,0.47559843569519744,0.9128130188929084,0.31078242287121377,1.0776290317168922,0.45981700732172404,0.354647735860926,0.1570792531682274,0.13380042379384416,0.05220962392190389,0.07739550952834563,0.08098256022713846,0.10896234227491114,0.654507094375,1,0.5856225709654284,1
2015-02-11,35,8,1,22,0,0.714410494,0.6196458686834959,0.06435577659880885,0.25368440353874505,0.404653588723465,0.8346381486435268,0.24256306506439307,0.9967286723025988,0.354647735860926,0.3841507655720377,0.13380042379384416,0.1399210780157554,0.07739550952834563,0.07064796757832004,0.10896234227491114,0.1013483656679096,0.654507094375,1,0.6963193621706322,1
2015-02-12,36,8,1,22,0,0.463403955,0.4048941785731422,0.058053838214016225,0.2409436411570478,0.20069943095905127,0.6090889261872331,0.04674956087370086,0.7630387962725835,0.3841507655720377,0.3940320710941421,0.1399210780157554,0.13910624182655826,0.07064796757832004,0.06969484288080124,0.1013483656679096,0.0995297504247939,0.654507094375,1,0.9239723406782947,1
2015-02-14,37,8,1,22,0,0.700206125,0.4074186703922372,0.05820046008981733,0.24124771520123736,0.2029662263209536,0.6118711144635208,0.048822069474705465,0.766015271309769,0.3940320710941421,0.4493364491624277,0.13910624182655826,0.13751911622761373,0.06969484288080124,0.05915558031899273,0.0995297504247939,0.09187939828087376,0.654507094375,1,0.922201936087402,1
2015-02-15,38,8,1,22,0,0.700573099,0.6937767871732693,0.06831853751895342,0.26137815042377477,0.4722642160121465,0.9152893583343921,0.3052578069296951,1.0822957674168434,0.4493364491624277,0.45155856269857375,0.13751911622761373,0.13799659132372552,0.05915558031899273,0.05852793997622936,0.09187939828087376,0.09144212204196625,0.654507094375,1,0.5851564754073181,1
2015-02-16,39,8,1,22,0,0.621971751,0.598601082578223,0.08611795862280724,0.293458614838289,0.34990098198902614,0.8473011831674198,0.16239690255854072,1.0348052625979052,0.45155856269857375,0.45816199832114574,0.13799659132372552,0.13929512346810052,0.05852793997622936,0.054801485440622695,0.09144212204196625,0.09165246832037517,0.654507094375,1,0.6970421786109362,1
2015-02-17,40,8,1,22,0,0.600982906,0.6455393939453161,0.06205290920803972,0.2491042135493491,0.4344287301774291,0.8566500577132031,0.27526469858284003,1.0158140893077923,0.45816199832114574,0.4477250519010994,0.13929512346810052,0.13758139122074123,0.054801485440622695,0.05706576623060713,0.09165246832037517,0.09386485836687831,0.654507094375,1,0.6625179926551156,1
2015-02-18,41,8,1,22,1,0.251399254,0.4443696533145246,0.05839365649791058,0.24164779431625397,0.23957815047611944,0.6491611561529298,0.08517836485508856,0.8035609417739606,0.4477250519010994,0.4158429904736473,0.13758139122074123,0.1406939498292734,0.05706576623060713,0.05524917008810584,0.09386485836687831,0.1034734303948842,0.654507094375,1,0.8970241933349837,1
2015-02-19,42,8,1,22,1,0.7,0.4190166274279272,0.05817390784557537,0.24119267784403275,0.21461082637743373,0.6234224284784207,0.06050183540628734,0.777531419449567,0.4158429904736473,0.46273399022192263,0.1406939498292734,0.13729388516239074,0.05524917008810584,0.05837862742289887,0.1034734303948842,0.08860474451382484,0.654507094375,1,0.9150115228996478,1
2015-02-22,43,8,1,22,1,0.700614035,0.7137392094323365,0.06235156119114285,0.24970294590000905,0.5021211323928466,0.9253572864718264,0.34257454342028587,1.0849038754443872,0.46273399022192263,0.4595906061018287,0.13729388516239074,0.13669801688716388,0.05837862742289887,0.05839177822402824,0.08860474451382484,0.08976313626614141,0.654507094375,1,0.557729718672051,1
2015-02-23,44,8,1,22,1,0.700614035,0.7103508295629644,0.06124452787056689,0.2474763177974145,0.5006197737424465,0.9200818853834822,0.34249587891311656,1.0782057802128122,0.4595906061018287,0.45742175820619657,0.13669801688716388,0.13631771522319042,0.05839177822402824,0.05842090649062749,0.08976313626614141,0.09052076261387755,0.654507094375,1,0.563643748731996,1
2015-02-24,45,8,1,22,1,0.700518519,0.7101213794494641,0.06025945303251072,0.24547800926459934,0.5020838487394401,0.918158910159488,0.3452367642776301,1.075005994621298,0.45742175820619657,0.4554220138319748,0.13631771522319042,0.13599393873928078,0.05842090649062749,0.05846951163895646,0.09052076261387755,0.09117351503613796,0.654507094375,1,0.5645254017864312,1
2015-02-25,46,8,1,22,1,0.700362069,0.6853707855034498,0.05927729446895885,0.24346928855393415,0.47903560400908374,0.8917059669978158,0.32347198272961647,1.0472695882772831,0.4554220138319748,0.45839959722699686,0.13599393873928078,0.1363915346776862,0.05846951163895646,0.05830539789714768,0.09117351503613796,0.09031839025585225,0.654507094375,1,0.6046690502859023,1
2015-02-26,47,8,1,22,1,0.750206897,0.7305581135943777,0.059886244507663035,0.24471666168788556,0.5231658091934073,0.9379504179953482,0.36680518438648596,1.0943110428022695,0.45839959722699686,0.46222346909732104,0.1363915346776862,0.1369927490035601,0.05830539789714768,0.05811563965272671,0.09031839025585225,0.08918695421140756,0.654507094375,0,0.5316612648093971,1
2015-02-28,48,8,1,22,1,0.750425926,0.7313448421542015,0.05939736453146928,0.24371574534992457,0.5248007936276391,0.9378888906807639,0.36907969987227596,1.0936099844361271,0.46222346909732104,0.46580405641835704,0.1369927490035601,0.1375033753585692,0.05811563965272671,0.05786830854387501,0.08918695421140756,0.08821575947527725,0.654507094375,0,0.530507138665588,1
2015-03-01,49,8,1,22,1,0.75075,0.7285536525317866,0.05918917560831838,0.24328825620715516,0.5223718922033953,0.9347354128601779,0.36692394073838774,1.0901833643251855,0.46580405641835704,0.46988875424590804,0.1375033753585692,0.13802804736854388,0.05786830854387501,0.057490149771549516,0.08821575947527725,0.08720419070033289,0.654507094375,0,0.5351220682177689,1
2015-03-02,50,8,1,22,2,0.750473684,0.7151858814652965,0.05861724531524588,0.24210998598828154,0.5100026807536219,0.9203690821769711,0.3553075798151937,1.0750641831153993,0.46988875424590804,0.47620531730356636,0.13802804736854388,0.13866890806070598,0.057490149771549516,0.0568473206653557,0.08720419070033289,0.08577421379211116,0.654507094375,0,0.5571686826480513,1
2015-03-03,51,8,1,22,2,0.750473684,0.734714236675984,0.058580607293329,0.2420343101573184,0.5295951696643307,0.9398333036876373,0.374948421462208,1.09448005188976,0.47620531730356636,0.4789576942963946,0.13866890806070598,0.1389557892318961,0.0568473206653557,0.05657081292531472,0.08577421379211116,0.08515684316282238,0.654507094375,0,0.5251786032355944,1
2015-03-04,52,8,1,22,2,0.433263158,0.40937889757810647,0.06466797944802426,0.2542989961600797,0.19386576309543177,0.6248920320607811,0.03138254820883657,0.7873752469473764,0.4789576942963946,0.48289058084912506,0.1389557892318961,0.1383497196300656,0.05657081292531472,0.054727472866185393,0.08515684316282238,0.08578183174615274,0.654507094375,1,0.9097880889015166,1
2015-03-08,55,8,1,22,2,0.600528571,0.46617104341209087,0.05963367193871186,0.24420006539456918,0.25921654367459085,0.6731255431495908,0.10318599577636373,0.829156091047818,0.48289058084912506,0.5047250396865701,0.1383497196300656,0.13479686584216008,0.054727472866185393,0.05720922747866654,0.08578183174615274,0.07945665483798836,0.654507094375,1,0.8774392130219368,1
2015-03-09,56,8,1,22,2,0.650421429,0.711428525906177,0.0581830557446773,0.24121164098085587,0.5070066539898206,0.9158503978225334,0.35288554660656923,1.0699715052057848,0.5047250396865701,0.49409637625780056,0.13479686584216008,0.13397095930814867,0.05720922747866654,0.05661378185154384,0.07945665483798836,0.08293629503289644,0.654507094375,1,0.5635229050673,1
2015-03-10,57,8,1,22,2,0.700505263,0.7132427120520652,0.05797454483888462,0.24077903737427936,0.5091874627360714,0.9172979613680591,0.35534276550712457,1.0711426585970059,0.49409637625780056,0.49193619534707655,0.13397095930814867,0.13379878659554378,0.05661378185154384,0.0565392292723681,0.08293629503289644,0.08359202644036691,0.654507094375,1,0.5606667315031021,1
2015-03-11,58,8,1,22,2,0.700505263,0.7113296045832022,0.05782145838125889,0.2404609290118852,0.5075439455185263,0.915115263647878,0.35390250221580255,1.0687567069506017,0.49193619534707655,0.4901291504161388,0.13379878659554378,0.13366899141543045,0.0565392292723681,0.05648870370905822,0.08359202644036691,0.08411990772612234,0.654507094375,1,0.5638815437705081,1
2015-01-01,0,9,1,23,0,0.721126957,0.9332865073607265,0.12883804051281425,0.35894016285839936,0.6290921504917751,1.2374808642296777,0.3997489265946679,1.466824088126785,0.7453368016499999,0.6538526278780872,0.13242990040885458,0.1172582471209508,0.033094774784278046,0.019896825923282874,0.04380698488118558,0.028636223771771704,0.7453368016499999,1,0.3048042122495106,0
2015-01-03,1,9,1,23,0,0.699965217,0.7992020920269585,0.08316032507595417,0.28837531981075315,0.5548099787339239,1.0435942053199931,0.3705538480990017,1.227850335954915,0.6538526278780872,0.624642806279528,0.1172582471209508,0.11378045357132029,0.019896825923282874,0.015660153468301387,0.028636223771771704,0.024597931894297494,0.7453368016499999,1,0.4322619739811107,0
2015-01-04,2,9,1,23,0,0.850569492,0.7837436171651633,0.07290542283906407,0.27001004210781504,0.5549156965082391,1.0125715378220874,0.38239397854705015,1.1850932557832765,0.624642806279528,0.638936559790728,0.11378045357132029,0.11680863014322639,0.015660153468301387,0.017701189786548614,0.024597931894297494,0.02630065598022935,0.7453368016499999,0,0.45027297272569133,0
2015-01-05,3,9,1,23,0,0.850569492,0.8173633845194397,0.06748508706840027,0.25977891959972477,0.5972061283727552,1.0375206406661241,0.43122154072712066,1.2035052283117587,0.638936559790728,0.6449257166924366,0.11680863014322639,0.11828156978078404,0.017701189786548614,0.018219036176683787,0.02630065598022935,0.026738272016284946,0.7453368016499999,0,0.3976978645588696,0
2015-01-06,4,9,1,23,0,0.850502311,0.826293428558646,0.06404868271952435,0.2530784121957548,0.6118147137159347,1.0407721434013573,0.4501113855357647,1.2024754715815273,0.6449257166924366,0.6490720209644985,0.11828156978078404,0.11898275432585227,0.018219036176683787,0.01846355955548249,0.026738272016284946,0.026858436988208296,0.7453368016499999,0,0.38153125549911737,0
2015-01-07,5,9,1,23,0,0.850502311,0.8316810993733561,0.06198906242184753,0.24897602780558517,0.620679070369474,1.0426831283772382,0.4615969424869087,1.2017652562598036,0.6490720209644985,0.6523037141032322,0.11898275432585227,0.11930352529500993,0.01846355955548249,0.01852958302806598,0.026858436988208296,0.026826417063289084,0.7453368016499999,0,0.3714300758316107,0
2015-01-08,6,9,1,23,0,0.900215716,0.844277047631564,0.06083332330356181,0.24664412278333697,0.6352512598565079,1.05330283540662,0.47765909233771275,1.2108950029254153,0.6523037141032322,0.6617425260640857,0.11930352529500993,0.12038714526590319,0.01852958302806598,0.01808605467968352,0.026826417063289084,0.026357862617744334,0.7453368016499999,0,0.35114198082242376,0
2015-01-10,7,9,1,23,0,0.851174114,0.844315884769118,0.059923973774563745,0.24479373720453665,0.6368582604634834,1.0517735090747526,0.48044838859729877,1.2081833809409372,0.6617425260640857,0.6630739970365571,0.12038714526590319,0.12036467804601078,0.01808605467968352,0.017980695962085895,0.026357862617744334,0.02627597728396249,0.7453368016499999,0,0.35001233526286146,0
2015-01-11,8,9,1,23,0,0.900215716,0.8548223338207909,0.059390756656379565,0.2437021884521753,0.6482897744844021,1.0613548931571797,0.4925773428486832,1.2170673247928985,0.6630739970365571,0.6717910342139012,0.12036467804601078,0.12043222990384364,0.017980695962085895,0.01699535577322516,0.02627597728396249,0.025458352480516176,0.7453368016499999,0,0.3335524620642248,0
2015-01-12,9,9,1,23,0,0.850502311,0.8524874899394482,0.05916380390642122,0.2432361073245936,0.6463499247093873,1.058625055169509,0.49093529354142884,1.2140396863374676,0.6717910342139012,0.6713566771419752,0.12043222990384364,0.1204716615584308,0.01699535577322516,0.01704273500030461,0.025458352480516176,0.025500113818441188,0.7453368016499999,0,0.3367498280176078,0
2015-01-13,10,9,1,23,0,0.850502311,0.8524576822566031,0.05896483433023565,0.24282675785472171,0.6466670322274791,1.0582483322857272,0.4915139530863915,1.2134014114268148,0.6713566771419752,0.6709103406933913,0.1204716615584308,0.12052284404206294,0.01704273500030461,0.017090286658899837,0.025500113818441188,0.025549696658871936,0.7453368016499999,0,0.3365353681551772,0
2015-01-14,11,9,1,23,0,0.850502311,0.8524767881361289,0.058865966705568054,0.24262309598545653,0.6468587373247867,1.0580948389474711,0.4918357870311099,1.213117789241148,0.6709103406933913,0.6704408228073225,0.12052284404206294,0.12058574630877646,0.017090286658899837,0.01713859368468939,0.025549696658871936,0.02560743694805461,0.7453368016499999,0,0.33637737891678904,0
2015-01-15,12,9,1,23,0,0.800117103,0.8423489471758023,0.05925559393933513,0.24342471924464684,0.636051537248337,1.0486463571032676,0.48051639333121726,1.2041815010203873,0.6704408228073225,0.6594541772810568,0.12058574630877646,0.12271286511634506,0.01713859368468939,0.018026748724131975,0.02560743694805461,0.02691928562476398,0.7453368016499999,0,0.3522051724820433,0
2015-01-17,13,9,1,23,0,0.800117103,0.8347374921741171,0.05949607473590576,0.2439181722133588,0.6280218910716463,1.041453093276588,0.47217145757036644,1.1973035267778678,0.6594541772810568,0.6499257793377774,0.12271286511634506,0.12446457909653662,0.018026748724131975,0.019199462442213655,0.02691928562476398,0.028045692721676584,0.7453368016499999,0,0.3641449252535719,0
2015-01-18,14,9,1,23,0,0.800015009,0.8162185628445418,0.06016565120409298,0.2452868753196815,0.6083430141957814,1.024094111493302,0.4516180539197258,1.1808190717693576,0.6499257793377774,0.6452300939238607,0.12446457909653662,0.12558984991640093,0.019199462442213655,0.019575651776777375,0.028045692721676584,0.028580251676159026,0.7453368016499999,0,0.3935940737811992,0
2015-01-19,15,9,1,23,0,0.800117103,0.8269127290018679,0.0594636145424932,0.24385162403087088,0.6202535261063057,1.0335719318974301,0.4644456132708514,1.1893798447328843,0.6452300939238607,0.6377378973840231,0.12558984991640093,0.12690681626375647,0.019575651776777375,0.020534572483310337,0.028580251676159026,0.029569475614701895,0.7453368016499999,0,0.3762259841482063,0
2015-01-20,16,9,1,23,0,0.800117103,0.8160984291654102,0.06193682636897602,0.24887110392525688,0.6051853209778628,1.0270115373529576,0.44617023374292697,1.1860266245878934,0.6377378973840231,0.6327148390038756,0.12690681626375647,0.1275520520472301,0.020534572483310337,0.021901824270193472,0.029569475614701895,0.03005378950584634,0.7453368016499999,0,0.39527632923551276,0
2015-01-21,17,9,1,23,0,0.520237649,0.7682104727437207,0.06344557929600765,0.25188405923362367,0.554743947309675,0.9816769981777663,0.3938037456535053,1.142617199833936,0.6327148390038756,0.5501469279907053,0.1275520520472301,0.151302219936383,0.021901824270193472,0.03070731812364596,0.03005378950584634,0.03695779995195899,0.7453368016499999,1,0.47118275881231075,0
2015-01-22,18,9,1,23,0,0.500547544,0.7203514774133873,0.06203436364387652,0.24906698625846926,0.5092723630038027,0.9314305918229719,0.35013211762148755,1.0905708372052871,0.5501469279907053,0.4833910136365225,0.151302219936383,0.16973878998088662,0.03070731812364596,0.035881036063492196,0.03695779995195899,0.043823676843069266,0.7453368016499999,1,0.5473775127752188,1
2015-01-24,19,9,1,23,0,0.600125217,0.6555055891334352,0.0627301807460782,0.2504599384054827,0.44324597661760456,0.8677652016492657,0.283215710643594,1.0277954676232763,0.4833910136365225,0.4668524732085022,0.16973878998088662,0.17460776873559467,0.035881036063492196,0.03708670050922542,0.043823676843069266,0.045317196095455876,0.7453368016499999,1,0.6470185464835873,1
2015-01-25,20,9,1,23,0,0.650407524,0.6562744794401162,0.0611737241555139,0.2473332249325066,0.4466646918601501,0.8658842670200823,0.28863222558173324,1.023916733298499,0.4668524732085022,0.46524199819221007,0.17460776873559467,0.17502488912348302,0.03708670050922542,0.03719127076770644,0.045317196095455876,0.045503784326410106,0.7453368016499999,1,0.64763539390463,1
2015-01-26,21,9,1,23,0,0.70061442,0.6922938662960859,0.05935230369851322,0.24362328234081657,0.485828178255477,0.8987595543366949,0.3301661633293849,1.054421569262787,0.46524199819221007,0.46734956591078153,0.17502488912348302,0.17469585888507658,0.03719127076770644,0.03697728959786311,0.045503784326410106,0.04515551958594467,0.7453368016499999,1,0.5936197238612568,1
2015-01-27,22,9,1,23,0,0.700386207,0.7139930284286418,0.05878777012790815,0.2424618941770194,0.5085115928125821,0.9194744640447015,0.35359164169890955,1.074394415158374,0.46734956591078153,0.46405546792486424,0.17469585888507658,0.1750439503162183,0.03697728959786311,0.0373266401724633,0.04515551958594467,0.04580369529807054,0.7453368016499999,1,0.5590281532146009,1
2015-01-28,23,9,1,23,0,0.750593103,0.73220028615324,0.058555190708081836,0.24198179829913208,0.5271257218542443,0.9372748504522356,0.37251252587083516,1.0918880464356446,0.46405546792486424,0.468384802490986,0.1750439503162183,0.17482231061244638,0.0373266401724633,0.03677264425844083,0.04580369529807054,0.0448443349655699,0.7453368016499999,0,0.5293189816519773,1
2015-01-29,24,9,1,23,0,0.850170115,0.7185937074544111,0.05896031793307163,0.2428174580483694,0.5128109388186364,0.9243764760901858,0.35766380174754026,1.079523613161282,0.468384802490986,0.5007535434032914,0.17482231061244638,0.17191267323918635,0.03677264425844083,0.03235210669255021,0.0448443349655699,0.03886784258581959,0.7453368016499999,0,0.551456149403536,1
2015-01-31,25,9,1,23,0,0.850610526,0.7729725881882781,0.05898933603584916,0.2428772036150144,0.5671391864216867,0.9788059899548694,0.41195387518596444,1.1339913011905918,0.5007535434032914,0.5190791992825999,0.17191267323918635,0.17227741805541197,0.03235210669255021,0.02885304605807241,0.03886784258581959,0.034535353294967513,0.7453368016499999,0,0.46232215403806515,0
2015-02-01,26,9,1,23,0,0.750593103,0.737141777583046,0.059267254479436315,0.24344866908536655,0.5308240706614052,0.9434594845046868,0.3752736240998594,1.0990099310662327,0.5190791992825999,0.5224178617870598,0.17227741805541197,0.17178214473707107,0.02885304605807241,0.028529507770791194,0.034535353294967513,0.03401552508654134,0.7453368016499999,0,0.5210611321002587,1
2015-02-02,27,9,1,23,0,0.799963218,0.7722978883029785,0.059898354095818174,0.2447414024962229,0.5648846165791521,0.9797111600268049,0.40850818374255615,1.1360875928634009,0.5224178617870598,0.5274941240617181,0.17178214473707107,0.17050966588631183,0.028529507770791194,0.030158796503298918,0.03401552508654134,0.03228434164118176,0.7453368016499999,0,0.4637034064998319,0
2015-02-03,28,9,1,23,0,0.750593103,0.7181462960596294,0.06041862154160958,0.2458019966184359,0.509834192774753,0.9264583993445059,0.35278009803123184,1.083512494088027,0.5274941240617181,0.5361056940007151,0.17050966588631183,0.169078674787105,0.030158796503298918,0.02884130678903471,0.03228434164118176,0.0314691419798301,0.7453368016499999,0,0.5515549515414745,1
2015-02-04,29,9,1,23,0,0.799963218,0.7556763960293184,0.059436206181135876,0.24379541870415833,0.5490648259845238,0.9622879660741129,0.39329282529310433,1.1180599667655324,0.5361056940007151,0.547153646708809,0.169078674787105,0.16827369131919567,0.02884130678903471,0.02677737118847816,0.0314691419798301,0.02990307297016196,0.7453368016499999,0,0.49071209050781506,0
2015-02-05,30,9,1,23,0,0.799963218,0.7625846300579029,0.059357719763068764,0.24363439774192142,0.5561095219449802,0.9690597381708256,0.4004404048826881,1.1247288552331176,0.547153646708809,0.5563121825670323,0.16827369131919567,0.16761894173254993,0.02677737118847816,0.025095534342966647,0.02990307297016196,0.028625342425695425,0.7453368016499999,0,0.4794022954314701,0
2015-02-07,31,9,1,23,0,0.799963218,0.7666225466887383,0.059675075583991016,0.2442848247108097,0.5595962151855002,0.9736488781919764,0.40351151069836666,1.12973358267911,0.5563121825670323,0.5644943802720754,0.16761894173254993,0.16715965744356975,0.025095534342966647,0.023314018065467144,0.028625342425695425,0.02761897563406657,0.7453368016499999,0,0.4728746035110872,0
2015-02-08,32,9,1,23,0,0.799963218,0.7726523282167488,0.05932626695634565,0.24356983999737253,0.5662319314557895,0.979072724977708,0.41060406327783644,1.134700593155661,0.5644943802720754,0.5709721604688365,0.16715965744356975,0.16674877872508145,0.023314018065467144,0.022073185914314796,0.02761897563406657,0.026779757574384725,0.7453368016499999,0,0.4629512373875814,0
2015-02-09,33,9,1,23,0,0.799963218,0.7780100133049868,0.058962914766927985,0.2428228052859286,0.5722227129960847,0.9837973136138888,0.41707215933128394,1.1389478672786897,0.5709721604688365,0.5760001719582379,0.16674877872508145,0.16637203380121152,0.022073185914314796,0.02129501572233701,0.026779757574384725,0.02607335661731658,0.7453368016499999,0,0.4540831970263413,0
2015-02-10,34,9,1,23,0,0.8008,0.7600523779067287,0.05913358125941354,0.2431739732360631,0.5539674700303328,0.9661372857831247,0.3985925391624578,1.1215122166509996,0.5760001719582379,0.5852239628762644,0.16637203380121152,0.164962634426741,0.02129501572233701,0.02045621680544052,0.02607335661731658,0.025016118422204536,0.7453368016499999,0,0.4835131340985213,0
2015-02-11,35,9,1,23,0,0.800144144,0.7841243123124733,0.05969504136600101,0.24432568707772218,0.5770633507992522,0.9911852738256943,0.4209525374841481,1.1472960871407984,0.5852239628762644,0.5889049335885913,0.164962634426741,0.16487616434176336,0.02045621680544052,0.01952743021083685,0.025016118422204536,0.024637572194151212,0.7453368016499999,0,0.44446142666689903,0
2015-02-12,36,9,1,23,0,0.497885057,0.4417079765191064,0.09229448606345937,0.30380007581213564,0.18424370185428335,0.6991722511839296,-0.009868008164712616,0.8932839612029255,0.5889049335885913,0.6019983206430688,0.16487616434176336,0.15819548111508872,0.01952743021083685,0.015437227327110488,0.024637572194151212,0.029483986164291643,0.7453368016499999,1,0.844896044055004,1
2015-02-15,38,9,1,23,0,0.283054487,0.48627259631555575,0.07903514920611636,0.2811319071292271,0.24801912530943201,0.7245260673216795,0.06839114105737565,0.9041540515737359,0.6019983206430688,0.574675792664549,0.15819548111508872,0.18591060754514283,0.015437227327110488,-0.003833230248634323,0.029483986164291643,0.02836105608370335,0.7453368016499999,1,0.825901260599955,1
2015-02-16,39,9,1,23,0,0.329964879,0.4113712731554581,0.06982023559266021,0.26423518992113865,0.1874374201697303,0.6353051261411858,0.018605518381450692,0.8041370279294655,0.574675792664549,0.5655464612399798,0.18591060754514283,0.19398587942370762,-0.003833230248634323,-0.009741493285947693,0.02836105608370335,0.028601457495329663,0.7453368016499999,1,0.8999984760619859,1
2015-02-17,40,9,1,23,0,0.650134,0.38637758771712216,0.06501222860838873,0.25497495682593757,0.17029159056457552,0.6024635848696688,0.0073764736107919116,0.7653787018234524,0.5655464612399798,0.5955894063434499,0.19398587942370762,0.17493438374311865,-0.009741493285947693,0.004844503067898633,0.028601457495329663,0.02435185209206963,0.7453368016499999,1,0.9230817470061233,1
2015-02-18,41,9,1,23,1,0.70009573,0.7470785727051008,0.06007560207159203,0.24510324777854745,0.5393586445958027,0.9547985008143989,0.38275101232212116,1.1114061330880805,0.5955894063434499,0.5848516903294515,0.17493438374311865,0.17317576440319876,0.004844503067898633,0.005861193451104639,0.02435185209206963,0.028396160237403545,0.7453368016499999,1,0.5047549483012488,1
2015-02-19,42,9,1,23,1,0.638614379,0.7392159264172815,0.059652061912212326,0.2442377159904103,0.532229518579288,0.946202334255275,0.37617491399996095,1.1022569388346022,0.5848516903294515,0.5627883058054566,0.17317576440319876,0.16974138028310282,0.005861193451104639,0.008067864166801815,0.028396160237403545,0.036272210216653444,0.7453368016499999,1,0.5176091779264106,1
2015-02-22,43,9,1,23,1,0.627011183,0.7276932849357662,0.05829597347607238,0.24144559112991146,0.5230731451115651,0.9323134247599674,0.36880255631896597,1.0865840135525664,0.5627883058054566,0.5426133093809231,0.16974138028310282,0.16704584660583016,0.008067864166801815,0.010664024944050117,0.036272210216653444,0.04204508736689258,0.7453368016499999,1,0.5368051788348923,1
2015-02-23,44,9,1,23,1,0.60128,0.7302911654806935,0.05993950355366168,0.24482545528123026,0.5228066607617218,0.9377756701996652,0.3663765227712149,1.0942058081901722,0.5426133093809231,0.5148837552721147,0.16704584660583016,0.1622265950660747,0.010664024944050117,0.013909794737740509,0.04204508736689258,0.05174105607304929,0.7453368016499999,1,0.5320808278082267,1
2015-02-24,45,9,1,23,1,0.700256795,0.6868052508090172,0.0591167303945878,0.24313932301170002,0.48074970828040386,0.8928607933376306,0.3253969170195901,1.0482135845984444,0.5148837552721147,0.5176809192320034,0.1622265950660747,0.1626164300498046,0.013909794737740509,0.01340163232771979,0.05174105607304929,0.05102762440129466,0.7453368016499999,1,0.602534048102209,1
2015-02-25,46,9,1,23,1,0.970816667,0.7384372031970925,0.060073469359378774,0.24509889709947447,0.5307209621982365,0.9461534441959485,0.37411610977163806,1.1027582966225469,0.5176809192320034,0.5661623806339061,0.1626164300498046,0.1721526656230006,0.01340163232771979,0.0033271668884516277,0.05102762440129466,0.0376773848591484,0.7453368016499999,0,0.51881354054139,1
2015-02-26,47,9,1,23,1,0.750371895,0.7588982377411067,0.05919989775486732,0.2433102910993847,0.5526978032977402,0.9650986721844731,0.3972357727361447,1.1205607027460687,0.5661623806339061,0.5644719326378725,0.1721526656230006,0.17188315134837595,0.0033271668884516277,0.003664023345850519,0.0376773848591484,0.03809059581966385,0.7453368016499999,0,0.4854133087309274,0
2015-02-28,48,9,1,23,1,0.750395513,0.7573676886904044,0.0591396075563808,0.2431863638372448,0.5512722800360301,0.9634630973447786,0.3958894322485259,1.118845945132283,0.5644719326378725,0.5631159400183737,0.17188315134837595,0.17167684120273657,0.003664023345850519,0.0039656683257916605,0.03809059581966385,0.038380444004235605,0.7453368016499999,0,0.4879153053921226,0
2015-03-01,49,9,1,23,1,0.750395513,0.7329151357884911,0.05836244278956338,0.24158320055327395,0.5281783748269241,0.9376518967500581,0.3738198611040489,1.0920104104729333,0.5631159400183737,0.5663511277502092,0.17167684120273657,0.17201833849606585,0.0039656683257916605,0.003355384309975202,0.038380444004235605,0.0377454368605018,0.7453368016499999,0,0.5281898636705182,1
2015-03-02,50,9,1,23,2,0.750395513,0.7589558755825118,0.05847646388465676,0.2418190726238457,0.5540192179244048,0.9638925332406187,0.39950999478895943,1.118401756376064,0.5663511277502092,0.5647944100264352,0.17201833849606585,0.17181316477581493,0.003355384309975202,0.003653630564367908,0.0377454368605018,0.03807242388378321,0.7453368016499999,0,0.4852283743246207,0
2015-03-03,51,9,1,23,2,0.750395513,0.7344183522662684,0.057824916655826675,0.24046811983260208,0.530626599129907,0.9382101054026298,0.37698056128420265,1.091856143248334,0.5647944100264352,0.5675711460409243,0.17181316477581493,0.1720360580372317,0.003653630564367908,0.003260467854090131,0.03807242388378321,0.03750974755001189,0.7453368016499999,0,0.5258322428564169,1
2015-03-04,52,9,1,23,2,0.750395513,0.7366710598282452,0.05766082397737194,0.24012668318488042,0.5331686671820504,0.9401734524744401,0.3797407887669361,1.0936013308895542,0.5675711460409243,0.5699036917629257,0.1720360580372317,0.17220361847010088,0.003260467854090131,0.0029714755875266934,0.03750974755001189,0.03703108713918372,0.7453368016499999,0,0.522133102144818,1
2015-03-05,53,9,1,23,2,0.750395513,0.7620288410772439,0.057804469175645905,0.2404256000837804,0.5582731225477207,0.9657845596067671,0.4046542525068014,1.1194034296476865,0.5699036917629257,0.5679389984649601,0.17220361847010088,0.17199751107242114,0.0029714755875266934,0.00324666422596418,0.03703108713918372,0.037452919853351745,0.7453368016499999,0,0.4800486636275555,0
2015-03-07,54,9,1,23,2,0.749987124,0.7596284703691477,0.05778197351018772,0.24037881252345789,0.5559124033283529,0.9633445374099425,0.40232342799143445,1.116933512746861,0.5679389984649601,0.5663261299629642,0.17199751107242114,0.17183886221382275,0.00324666422596418,0.003458511925192735,0.037452919853351745,0.037801151136013456,0.7453368016499999,1,0.48402447798074505,0
2015-03-08,55,9,1,23,2,0.750371895,0.7591764563310854,0.05757520499646807,0.23994833818234307,0.5558252073822567,0.9625277052799142,0.40251128171492684,1.115841630947244,0.5663261299629642,0.5648812513385101,0.17183886221382275,0.1717138582822336,0.003458511925192735,0.0036598058792853276,0.037801151136013456,0.03807707878214872,0.7453368016499999,0,0.48474678232292656,0
2015-03-09,56,9,1,23,2,0.750395513,0.7579777756544344,0.05752201233283484,0.23983747066051803,0.5547204846350573,0.9612350666738114,0.4014773972787104,1.1144781540301583,0.5648812513385101,0.5636465599138293,0.1717138582822336,0.17161552699792001,0.0036598058792853276,0.003840655992495511,0.03807707878214872,0.038293613719650677,0.7453368016499999,0,0.4867323267189724,0
2015-03-10,57,9,1,23,2,0.750395513,0.7570356976165203,0.05741169033724202,0.239607367034576,0.553973414656284,0.9600979805767567,0.4008773509904143,1.1131940442426265,0.5636465599138293,0.5625804367685685,0.17161552699792001,0.17154060821145578,0.003840655992495511,0.0039865883018056275,0.038293613719650677,0.03847667132694406,0.7453368016499999,0,0.4882873636558991,0
2015-03-11,58,9,1,23,2,0.750347333,0.7544894175853805,0.05958970019142264,0.24411001657331197,0.5476112323596113,0.9613676028111496,0.3916382207560435,1.1173406144147173,0.5625804367685685,0.5618582495400949,0.17154060821145578,0.17146251152614292,0.0039865883018056275,0.004267285326078929,0.03847667132694406,0.03846912693196535,0.7453368016499999,0,0.4926634819925773,0
