team_dept_idx,team,dept_bin,date,t,split_code,actual_y,y_pred,pred_sd_raw,innovation,innovation_std,state_level_prior,static_offset,baseline_group_mean,baseline_last_value,baseline_static_ridge,q,r,y_pred_dlm,y_lo80,y_hi80,y_lo95,y_hi95,p_low_raw,low_actual,p_low,alarm
0,1,0,2015-01-01,0,0,0.8865,0.8315656634899318,0.1964464518262736,0.05493433651006818,0.27964025819437593,0.8403004424762881,-0.00873477898635631,0.8636745005555555,0.8636745005555555,0.8315656634899318,0.009276416992831894,0.009314791442300538,0.8315656634899318,0.5822595498340358,1.0808717771458278,0.40663903757283304,1.2564922894070305,0.3389957061867134,0,0.2866249375628957,0
0,1,0,2015-01-03,1,0,0.902916667,0.8882759394329782,0.16018015193188215,5.455074493987411e-05,0.0003405587039464929,0.8819752333965218,0.020886882858538285,0.8636745005555555,0.8865,0.8611873253348263,0.009276416992831894,0.009314791442300538,0.9028621162550601,0.6849946340609483,1.0915572448050082,0.541795711021952,1.2347561678440044,0.19399928789361726,0,0.1704098098859483,0
0,1,0,2015-01-04,2,0,0.915229167,0.887353481251161,0.15660251666045324,0.01327734762190469,0.08478374361436818,0.8820099799818149,0.019941839396280525,0.8636745005555555,0.902916667,0.8602422818725686,0.009276416992831894,0.009314791442300538,0.9019518193780953,0.6886124785280532,1.0860944839742688,0.5486119137857379,1.226095048716584,0.19022064680250012,0,0.16737888396052272,0
0,1,0,2015-01-05,3,0,0.961059028,0.8938412980405467,0.15610276568167833,0.049737362114415484,0.31861935243247985,0.8902443506049676,0.02107731528061689,0.8636745005555555,0.915229167,0.861377757756905,0.009276416992831894,0.009314791442300538,0.9113216658855845,0.695734518909445,1.0919480771716483,0.5561807248880033,1.23150187119309,0.17840709087659867,0,0.15788787493732648,0
0,1,0,2015-01-06,4,0,0.936496212,0.9158931069061592,0.15603007529024399,-0.00763103403066856,-0.04890745592779767,0.9209694114034576,0.023157834627211014,0.8636745005555555,0.961059028,0.8634582771034991,0.009276416992831894,0.009314791442300538,0.9441272460306686,0.7178785776417268,1.1139076361705915,0.5783897678623596,1.2533964459499587,0.14384282585714714,0,0.1299315389012885,0
0,1,0,2015-01-07,5,0,0.951420455,0.9137757905017342,0.15601944117411673,0.011059488378893478,0.07088532233974071,0.9162580885316378,0.024102878089468788,0.8636745005555555,0.936496212,0.8644033205657569,0.009276416992831894,0.009314791442300538,0.9403609666211066,0.7157747567733077,1.1117768242301607,0.5762954537521657,1.2512561272513025,0.14692481426579312,0,0.13243895972616881,0
0,1,0,2015-01-08,6,0,0.947689394,0.9170781499057443,0.15601788416711782,0.001636464358081402,0.010488953665904808,0.9230855274367862,0.022967402205132423,0.8636745005555555,0.951420455,0.8632678446814205,0.009276416992831894,0.009314791442300538,0.9460529296419186,0.7190790921425756,1.115077207668913,0.5796011810649593,1.2545551187465294,0.14210921878294885,0,0.12851959257452328,0
0,1,0,2015-01-10,7,0,0.985,0.9156542856572365,0.15601765616802643,0.04001735109223503,0.2564924514001,0.9240957660492267,0.020886882858538285,0.8636745005555555,0.947689394,0.8611873253348263,0.009276416992831894,0.009314791442300538,0.944982648907765,0.7176555172429813,1.1136530540714917,0.5781778099935169,1.2531307613209561,0.14417090177503195,0,0.13019861631256546,0
0,1,0,2015-01-11,8,0,0.873068182,0.9307667565970512,0.15601762278055845,-0.09567329175638795,-0.6132210583092534,0.9487996343601074,0.019941839396280525,0.8636745005555555,0.985,0.8602422818725686,0.009276416992831894,0.009314791442300538,0.968741473756388,0.7327680305541384,1.128765482639964,0.5932903531526259,1.2682431600414765,0.12330344128167092,0,0.11312255323748702,0
0,1,0,2015-01-12,9,0,0.955151515,0.8935120139697671,0.15601761789139004,0.04433643999253789,0.28417585521272487,0.8897377597268452,0.02107731528061689,0.8636745005555555,0.873068182,0.861377757756905,0.009276416992831894,0.009314791442300538,0.9108150750074621,0.6955132941315965,1.0915107338079377,0.5560356211009353,1.2309884068385988,0.17882690157542536,0,0.15822558938760573,0
0,1,0,2015-01-13,10,0,0.951420455,0.7736385042957816,0.15601761717543344,0.15089933419444734,0.9671941984908611,0.9171079182184911,-0.11658679741293845,0.8636745005555555,0.955151515,0.7237136450633497,0.009276416992831894,0.009314791442300538,0.8005211208055527,0.5756397853662166,0.9716372232253466,0.43616211297561114,1.1111148956159522,0.439786016063762,0,0.36952688679045254,0
0,1,0,2015-01-14,11,0,0.891723485,0.9748786014321638,0.15601761707059073,-0.14264180612945987,-0.9142673039604308,1.010262413039991,0.024102878089468788,0.8636745005555555,0.951420455,0.8644033205657569,0.009276416992831894,0.009314791442300538,1.0343652911294599,0.7768798826356524,1.172877320228675,0.6374022103387751,1.3123549925255524,0.07474055314637465,0,0.0723560580420262,0
0,1,0,2015-01-15,12,0,0.884261364,0.9165061500324463,0.15601761705523784,-0.06091156583684487,-0.39041466589814156,0.9222055276317125,0.022967402205132423,0.8636745005555555,0.891723485,0.8632678446814205,0.009276416992831894,0.009314791442300538,0.9451729298368449,0.718507431255419,1.1145048688094734,0.5790297589722668,1.2539825410926257,0.14293476322139986,0,0.12919210251560428,0
0,1,0,2015-01-17,13,0,0.884261364,0.8899840318545988,0.15601761705298958,-0.021228586749860945,-0.13606531846112546,0.8846030678913227,0.020886882858538285,0.8636745005555555,0.884261364,0.8611873253348263,0.009276416992831894,0.009314791442300538,0.9054899507498609,0.6919853130804248,1.087982750628773,0.5525076407992825,1.2274604229099153,0.18479750966850328,0,0.16302497983394268,0
0,1,0,2015-01-21,17,0,0.505128205,0.7895752227512743,0.228409167524612,-0.295366180852804,-1.2931450346491766,0.8714980513378013,-0.07100366548499734,0.8636745005555555,0.884261364,0.7692967769912907,0.009276416992831894,0.009314791442300538,0.800494385852804,0.4997058901695006,1.079444555333048,0.29551113565542436,1.2836393098471244,0.4312217244687885,1,0.3623580326591574,0
0,1,0,2015-01-22,18,0,0.649662222,0.7772923224929236,0.1619965945301768,-0.05362868565268464,-0.3310482285644261,0.6288678286470342,0.07442307900565044,0.8636745005555555,0.505128205,0.9147235214819386,0.009276416992831894,0.009314791442300538,0.7032909076526846,0.5717058075299343,0.9828788374559129,0.42688300899387543,1.1277016359919716,0.43310493537981076,1,0.36393207751510326,0
0,1,0,2015-01-24,19,0,0.578314394,0.637866028904312,0.1568431028885389,0.026557483428977013,0.1693251596013768,0.5942743900954621,-0.04251747952443918,0.8636745005555555,0.649662222,0.7977829629518489,0.009276416992831894,0.009314791442300538,0.5517569105710229,0.4388197031938682,0.8369123546147558,0.298604057567034,0.97712800024159,0.7626780498052067,1,0.6716762511132306,1
0,1,0,2015-01-25,20,0,0.970075758,0.6476468903872301,0.1561375002580006,0.40276249866788727,2.579537254038044,0.6107757823188097,-0.043462522986696936,0.8636745005555555,0.578314394,0.7968379194895912,0.009276416992831894,0.009314791442300538,0.5673132593321127,0.4494960303264304,0.8457977504480299,0.3099111840562451,0.985382596718215,0.7439373172443301,0,0.6516508532444903,1
0,1,0,2015-01-26,21,0,0.910378788,0.7967000739857701,0.15603515122659836,0.1264764279210817,0.8105636898278729,0.8037355455995685,-0.0198331855206502,0.8636745005555555,0.970075758,0.8204672569556379,0.009276416992831894,0.009314791442300538,0.7839023600789183,0.5986791029558901,0.9947210450156502,0.45918575535700795,1.1342143926145323,0.3823586253612372,0,0.3219337346900666,0
0,1,0,2015-01-27,22,0,0.77815,0.8812402409089752,0.156020184255773,-0.11762347044026611,-0.753899061210177,0.8818239554228334,0.01394951501743266,0.8636745005555555,0.910378788,0.8542499574937208,0.009276416992831894,0.009314791442300538,0.8957734704402661,0.6832382641510456,1.0792422176669048,0.543758296824797,1.2187221849931533,0.20012501932882448,0,0.17531920746388005,0
0,1,0,2015-01-28,23,0,0.9456,0.8349862954084242,0.1560179929771702,0.12149531527102819,0.7787263055537854,0.8092101262492813,0.014894558479690434,0.8636745005555555,0.77815,0.8551950009559786,0.009276416992831894,0.009314791442300538,0.8241046847289718,0.636987099556677,1.0329854912601713,0.4975090912043226,1.1724634996125258,0.2929726694768212,0,0.24956521597123082,0
0,1,0,2015-01-29,24,0,0.853666667,0.8826026220018569,0.15601767210177328,-0.04430531488735712,-0.28397625916669184,0.8842128992920031,0.013759082595354069,0.8636745005555555,0.9456,0.8540595250716422,0.009276416992831894,0.009314791442300538,0.8979719818873572,0.6846038333664144,1.0806014106372994,0.5451261118723925,1.2200791321313214,0.1976846363260118,0,0.17336397057935027,0
0,1,0,2015-01-31,25,0,0.971866667,0.9036166660618626,0.1560176251138511,0.06245347560077352,0.4002975660935693,0.8568619434401847,0.05255124795904172,0.8636745005555555,0.853666667,0.8928516904353299,0.009276416992831894,0.009314791442300538,0.9094131913992265,0.7056179370578166,1.1016153950659087,0.5661402575703715,1.241093074553354,0.16240759820432005,0,0.144988070904966,0
0,1,0,2015-02-01,26,0,0.950438596,0.9515609747133654,0.15601761823307106,-0.02041291864410899,-0.1308372661708924,0.895416270849841,0.07543524379426798,0.8636745005555555,0.971866667,0.9157356862705561,0.009276416992831894,0.009314791442300538,0.970851514644109,0.7535622544415745,1.1495596949851563,0.614084581105455,1.2890373683212757,0.09819387569090804,0,0.09227000168638037,0
0,1,0,2015-02-02,27,0,0.504596491,0.9445054877437773,0.1560176172254683,-0.4547890182147152,-2.914985027347767,0.8828147895361109,0.07657071967860435,0.8636745005555555,0.950438596,0.9168711621548924,0.009276416992831894,0.009314791442300538,0.9593855092147152,0.7465067687507141,1.1425042067368405,0.6070290963153782,1.2819818791721764,0.10625572920574439,1,0.09900904924712511,0
0,1,0,2015-02-03,28,0,0.99485,0.7883780588226423,0.15601761707791767,0.25901183033412456,1.6601447656053478,0.690186473456954,0.04565169620892139,0.8636745005555555,0.504596491,0.8859521386852095,0.009276416992831894,0.009314791442300538,0.7358381696658755,0.5903793400168327,0.986376777628452,0.4509016677134049,1.1258544499318797,0.4028467600769162,0,0.33879075319204804,0
0,1,0,2015-02-04,29,0,0.929183333,0.8932551415247598,0.15601761705631076,0.03250467488746722,0.20833977278178434,0.8500819184413536,0.046596739671179166,0.8636745005555555,0.99485,0.8868971821474673,0.009276416992831894,0.009314791442300538,0.8966786581125328,0.695256422746371,1.0912538603031487,0.5557787504622596,1.23073153258726,0.17925747763833572,0,0.15857192776104612,0
0,1,0,2015-02-05,30,0,0.845458333,0.9235414341083839,0.1560176170531467,-0.08852974210967401,-0.5674342666028334,0.8701479881942598,0.06384008691541421,0.8636745005555555,0.929183333,0.9041405293917023,0.009276416992831894,0.009314791442300538,0.933988075109674,0.7255427153340104,1.1215401528827573,0.5860650430527277,1.26101782516404,0.1330004063517054,0,0.1210813363750382,0
0,1,0,2015-02-07,31,0,0.870083333,0.8675583218611704,0.15601761705268336,0.01120655386094993,0.07182877211338096,0.8154960346988014,0.04338074444024866,0.8636745005555555,0.845458333,0.8836811869165367,0.009276416992831894,0.009314791442300538,0.85887677913905,0.669559603087385,1.065557040634956,0.5300819308065166,1.2050347129158243,0.22557658946325448,0,0.19567740199175304,0
0,1,0,2015-02-08,32,0,0.893066667,0.8711100613986844,0.15601761705261552,0.02821680363125101,0.18085652225886226,0.8224141623907582,0.0424357009779909,0.8636745005555555,0.870083333,0.882736143454279,0.009276416992831894,0.009314791442300538,0.864849863368749,0.6731113426249851,1.0691087801723838,0.5336336703441772,1.2085864524531917,0.21879807208056956,0,0.19026001409790355,0
0,1,0,2015-02-09,33,0,0.962016667,0.8835679156386886,0.15601761705260558,0.0786122841228104,0.5038679964987809,0.8398332060148623,0.04357117686232727,0.8636745005555555,0.893066667,0.8838716193386154,0.009276416992831894,0.009314791442300538,0.8834043828771896,0.685569196865002,1.0815666344123753,0.5460915245842028,1.2210443066931744,0.19596904762961853,0,0.1719889875778368,0
0,1,0,2015-02-10,34,0,0.853666667,0.9355715122353893,0.15601761705260414,-0.09872668007779373,-0.632791872756948,0.888362827740301,0.06403051933749279,0.8636745005555555,0.962016667,0.9043309618137809,0.009276416992831894,0.009314791442300538,0.9523933470777938,0.7375727934617045,1.133570231009074,0.5980951211809067,1.2730479032898718,0.11713590868088047,0,0.10803595847258998,0
0,1,0,2015-02-11,35,0,0.618361111,0.8969011251106893,0.15601761705260392,-0.2740304632524243,-1.756407182914673,0.8274160114526737,0.06497556279975057,0.8636745005555555,0.853666667,0.9052760052760387,0.009276416992831894,0.009314791442300538,0.8923915742524243,0.6989024063370047,1.0948998438843738,0.5594247340562072,1.2343775161651713,0.17320704552509242,1,0.1537017149872806,0
0,1,0,2015-02-12,36,0,0.664875,0.785807178151116,0.1560176170526039,-0.057214219790800325,-0.36671640595247407,0.6582491328753861,0.06384008691541421,0.8636745005555555,0.618361111,0.9041405293917023,0.009276416992831894,0.009314791442300538,0.7220892197908003,0.5878084593774315,0.9838058969248005,0.44833078709663393,1.123283569205598,0.4092373334220058,1,0.3440750574770813,0
0,1,0,2015-02-14,37,0,0.796208333,0.7607686706403964,0.1560176170526039,0.11151961434675606,0.7147886017843447,0.6229291510844239,0.06175956756882007,0.8636745005555555,0.664875,0.9020600100451082,0.009276416992831894,0.009314791442300538,0.684688718653244,0.562769951866712,0.9587673894140809,0.42329227958591437,1.0982450616948785,0.4724859960492552,0,0.3971632362757293,1
0,1,0,2015-02-15,38,0,1.1204375,0.7636997128889529,0.1560176170526039,0.4087222473329939,2.6197185616236305,0.6917734132707256,0.019941839396280525,0.8636745005555555,0.796208333,0.8602422818725686,0.009276416992831894,0.009314791442300538,0.7117152526670061,0.5657009941152684,0.9616984316626374,0.4262233218344708,1.101176103943435,0.46501433912934487,0,0.3908097795731358,0
0,1,0,2015-02-22,43,1,0.727349537,0.9297808027399677,0.24788538642304134,-0.21786671597841534,-0.8789010079303501,0.8844017288718531,0.06081452410656231,0.8636745005555555,1.1204375,0.9011149665828504,0.009276416992831894,0.009314791442300538,0.9452162529784154,0.6151946050932402,1.2443670003866951,0.3935883702085319,1.4659732352714034,0.23414695372724997,1,0.20252421528720851,0
0,1,0,2015-02-26,47,1,0.768847222,0.5815744346143085,0.23307342027070171,0.23653142280317296,1.014836537467271,0.6995614841406269,-0.16724568494379982,0.8636745005555555,0.727349537,0.6730547575324883,0.009276416992831894,0.009314791442300538,0.532315799196827,0.28578579570541,0.877363073523207,0.07742126134054572,1.0857276078880713,0.7650460144776985,0,0.6742387064059159,1
0,1,0,2015-02-28,48,1,0.768847222,0.7068766431151037,0.16219985964287176,0.042638514692245,0.2628763969717704,0.895534911598149,-0.16932620429039397,0.8636745005555555,0.768847222,0.6709742381858941,0.009276416992831894,0.009314791442300538,0.726208707307755,0.5010321686175099,0.9127211176126975,0.3560276537771633,1.0577256324530442,0.604828625923915,0,0.514468270077541,1
0,1,0,2015-03-01,49,1,0.448722222,0.7872383171427397,0.156869500989842,-0.36748788900834606,-2.3426343979518522,0.9230769963780204,-0.10686688536967433,0.8636745005555555,0.768847222,0.7334335571066137,0.009276416992831894,0.009314791442300538,0.8162101110083461,0.588158490149974,0.9863181441355054,0.4479192449720638,1.1265573893134158,0.4061794320008051,1,0.3415448766293375,0
0,1,0,2015-03-02,50,2,0.537919444,0.6933386323987591,0.15614130128141213,-0.11614779820754706,-0.7438633933133098,0.7280964705013963,-0.07402922829384923,0.8636745005555555,0.448722222,0.7662712141824388,0.009276416992831894,0.009314791442300538,0.6540672422075471,0.49518294853805955,0.8914943162594587,0.3555947042035548,1.0310825605939635,0.6416546791476574,1,0.5491077768547784,1
0,1,0,2015-03-03,51,2,0.555430556,0.6804696890152517,0.15603570647340806,-0.06064762686626024,-0.38867787532077436,0.6563247106220267,-0.040246527755766454,0.8636745005555555,0.537919444,0.8000539147205217,0.009276416992831894,0.009314791442300538,0.6160781828662603,0.48244801333317283,0.8784913646973307,0.34295416935103584,1.0179852086794676,0.672058747204688,1,0.5785342227596328,1
0,1,0,2015-03-04,52,2,0.806879167,0.6570755452620294,0.15602026553541584,0.2273008440799129,1.4568674351366024,0.6188798072135957,-0.03930148429350867,0.8636745005555555,0.555430556,0.8009989581827794,0.009276416992831894,0.009314791442300538,0.579578322920087,0.45907346535379245,0.8550776251702663,0.3195934253646254,0.9945576651594333,0.724276158965685,0,0.6311001664860482,1
0,1,0,2015-03-05,53,2,0.812625,0.7471495611525083,0.1560180048789156,0.09385985792607199,0.6015963221611245,0.7592021022517731,-0.04043696017784504,0.8636745005555555,0.806879167,0.7998634822984431,0.009276416992831894,0.009314791442300538,0.718765142073928,0.5491503501965032,0.9451487721085134,0.4096723312041468,1.0846267911008698,0.5072882441726758,0,0.4270895369849157,1
0,1,0,2015-03-07,54,2,0.664875,0.7827317095124924,0.1560176738446193,-0.10975218842976198,-0.7034599717149103,0.8171446679542012,-0.04251747952443918,0.8636745005555555,0.812625,0.7977829629518489,0.009276416992831894,0.009314791442300538,0.774627188429762,0.5847329186652401,0.9807305003597446,0.44525519561313703,1.1202082234118478,0.4169138837785209,1,0.3504403384250107,0
0,1,0,2015-03-08,55,2,0.890604167,0.7694492607670089,0.15601762536906846,0.15297305080210621,0.9804857011522888,0.749391457993102,-0.011760341795208207,0.8636745005555555,0.664875,0.8285401006810799,0.009276416992831894,0.009314791442300538,0.7376311161978938,0.5714505314390719,0.967447990094946,0.4319728517234657,1.106925669810552,0.4503961000117284,0,0.3784467552344467,0
0,1,0,2015-03-09,56,2,0.794566667,0.8319672694320838,0.15601761827044439,-0.038634590898750876,-0.24762966725835298,0.8438261238096227,-0.010624865910871842,0.8636745005555555,0.890604167,0.8296755765654162,0.009276416992831894,0.009314791442300538,0.8332012578987509,0.6339685491128632,1.0299659897513043,0.49449087574333245,1.1694436631208351,0.29966234880631915,0,0.25493216354953413,0
0,1,0,2015-03-10,57,2,0.880754167,0.8185451306561685,0.15601761723094115,0.06932263302005404,0.44432567456430866,0.8199758805442237,-0.008544346564277718,0.8636745005555555,0.794566667,0.8317560959120104,0.009276416992831894,0.009314791442300538,0.8114315339799459,0.6205464116561599,1.0165438496561772,0.48106873921593124,1.1560215220964059,0.33020678311763685,0,0.2795198553443283,0
0,1,0,2015-03-11,58,2,0.812625,0.8473068287272807,0.1560176170787191,-0.04254643068659503,-0.27270273372479537,0.862770733788615,-0.0075993031020199445,0.8636745005555555,0.880754167,0.8327011393742682,0.009276416992831894,0.009314791442300538,0.8551714306865951,0.6493081099204538,1.0453055475341075,0.5098304376163096,1.1847832198382517,0.2664151724315641,0,0.2283043441179244,0
1,10,0,2015-01-01,0,0,0.705916667,0.6923220644257162,0.21187768659757028,0.013594602574283798,0.06416250239745488,0.76446120579505,-0.07213914136933369,0.7898772135,0.7898772135,0.6923220644257162,0.010748368758573474,0.014143785319364739,0.6923220644257162,0.4234324910840945,0.9612116377673379,0.23401666040322067,1.1506274684482118,0.6072746413600701,1,0.5167375927814922,1
1,10,0,2015-01-03,1,0,0.7018125,0.723165307066927,0.18595638861086497,-0.024611820843011722,-0.1323526501394624,0.7737726737267204,-0.04734835288370877,0.7898772135,0.705916667,0.7171128529113412,0.010748368758573474,0.014143785319364739,0.7264243208430117,0.48717191485713274,0.9591586992767214,0.3209293794360088,1.1254012346978453,0.5573707290019363,1,0.4712400125903061,1
1,10,0,2015-01-04,2,0,0.759228395,0.7993421788599845,0.1823481914225006,-0.03828200589209807,-0.209939048988968,0.7592275544582314,0.03828284643386663,0.7898772135,0.7018125,0.8027440522289165,0.010748368758573474,0.014143785319364739,0.797510400892098,0.5679278747934098,1.0307564829265592,0.40491101961577713,1.193773338104192,0.3933519669327742,0,0.33096319294533466,0
1,10,0,2015-01-05,3,0,0.763375,0.7646468576078538,0.18171311052487854,0.008259270618661496,0.045452254902271956,0.7372294108621493,0.017886318519189197,0.7898772135,0.759228395,0.7823475243142392,0.010748368758573474,0.014143785319364739,0.7551157293813385,0.5340385215237564,0.9952551936919511,0.3715894202125379,1.1577042950031697,0.4678783242364628,0,0.39324231841118856,1
1,10,0,2015-01-06,4,0,0.809640152,0.7412851402235726,0.18159715758575481,0.07623362970338099,0.41979528048164255,0.7419508688608967,-0.008544346564277718,0.7898772135,0.763375,0.7559168592307722,0.010748368758573474,0.014143785319364739,0.733406522296619,0.5108239576072583,0.9717463228398869,0.3484785166797107,1.1340917637674346,0.519137920600576,0,0.4374132194382429,1
1,10,0,2015-01-07,5,0,0.805909091,0.7705296656832832,0.181575847432767,0.028019860629657445,0.15431491041247927,0.7854885334723625,-0.0075993031020199445,0.7898772135,0.809640152,0.75686190269303,0.010748368758573474,0.014143785319364739,0.7778892303703425,0.540095527339713,1.0009638040268534,0.3777691374051932,1.1632901939613731,0.4549899644947486,0,0.3823225221229216,0
1,10,0,2015-01-08,6,0,0.779791667,0.7797939013245213,0.18157192627966118,-0.012961643679197832,-0.0713857254520394,0.8014880896655542,-0.00873477898635631,0.7898772135,0.805909091,0.7557264268086936,0.010748368758573474,0.014143785319364739,0.7927533106791979,0.549364739234952,1.0102230634140907,0.3870418547590989,1.1725459478899438,0.4348306587000442,0,0.36537562992335015,0
1,10,0,2015-01-10,7,0,0.846950758,0.8046049403457431,0.18157120461223544,0.03197674366617331,0.17611131530719884,0.7940871314752884,0.020886882858538285,0.7898772135,0.779791667,0.7853480886535882,0.010748368758573474,0.014143785319364739,0.8149740143338267,0.5741766941093216,1.0350331865821647,0.41185445479453814,1.197355425896948,0.38180802802612585,0,0.3214824054238471,0
1,10,0,2015-01-11,8,0,0.828295455,0.8155277693513143,0.1815710717877676,-0.0039917812066901925,-0.02198467612371674,0.8123453968104096,0.019941839396280525,0.7898772135,0.846950758,0.7844030451913304,0.010748368758573474,0.014143785319364739,0.8322872362066902,0.5850996916796674,1.0459558470229613,0.42277757110818964,1.208277967594439,0.35908963486276246,0,0.3029302639215364,0
1,10,0,2015-01-12,9,0,0.24625,0.8151817342132073,0.18157104734095067,-0.5848934643641908,-3.221292562496976,0.8100661490835739,0.02107731528061689,0.7898772135,0.828295455,0.7855385210756668,0.010748368758573474,0.014143785319364739,0.8311434643641907,0.5847536875665081,1.0456097808599063,0.42243158885015925,1.2079318795762553,0.3598022246276266,1,0.30351019009204916,0
1,10,0,2015-01-13,10,0,0.912766667,0.7748517790166534,0.18157104284142064,0.1945252012950196,1.0713448480048262,0.6027174534759843,0.11552401222899608,0.7898772135,0.24625,0.8799852180240461,0.010748368758573474,0.014143785319364739,0.7182414657049804,0.5444237380802144,1.0052798199530923,0.3821016433863854,1.1676019146469212,0.44556644874631274,0,0.37438107404834753,0
1,10,0,2015-01-14,11,0,0.332359307,0.7556267763529192,0.18157104201326477,-0.4055319960666732,-2.2334618536641258,0.7137884249772044,0.024102878089468788,0.7898772135,0.912766667,0.7885640838845187,0.010748368758573474,0.014143785319364739,0.7378913030666732,0.5251987364674756,0.9860548162383628,0.362876642514007,1.1483769101918315,0.4876389994415335,1,0.4101238890141948,1
1,10,0,2015-01-15,12,0,0.953110048,0.7069102438104717,0.18157104186083947,0.3365073156090904,1.8533093832605638,0.5064397445963009,0.11016298779460862,0.7898772135,0.332359307,0.8746241935896586,0.010748368758573474,0.014143785319364739,0.6166027323909096,0.476482204118468,0.9373382835024755,0.3141601103012655,1.099660377319678,0.5937942662693112,0,0.5042835287714925,1
1,10,0,2015-01-17,13,0,0.974621212,0.7425255464729094,0.18157104183278497,0.25515395747053304,1.405256889507266,0.6985803716709287,0.020886882858538285,0.7898772135,0.953110048,0.7853480886535882,0.010748368758573474,0.014143785319364739,0.7194672545294669,0.512097506816509,0.9729535861293097,0.34977541302438686,1.1352756799214319,0.5164180011339697,0,0.4350371954822526,1
1,10,0,2015-01-18,14,0,0.235795455,0.7728740429236354,0.18157104182762143,-0.5650114741395567,-3.1117928743062624,0.8442694521262536,-0.043462522986696936,0.7898772135,0.974621212,0.720998682808353,0.010748368758573474,0.014143785319364739,0.8008069291395566,0.5424460032737879,1.0033020825734829,0.38012390948628194,1.1656241763609887,0.44987448170158134,1,0.37800720645102454,0
1,10,0,2015-01-19,15,0,0.538399621,0.6392328769052577,0.18157104182667108,-0.05619410417356363,-0.3094882510351342,0.6369207722759243,-0.04232704710236058,0.7898772135,0.235795455,0.7221341586926894,0.010748368758573474,0.014143785319364739,0.5945937251735637,0.40880483725661626,0.8696609165538991,0.2464827434699599,1.0319830103405554,0.729085125935513,1,0.6360853866959021,1
1,10,0,2015-01-22,18,0,0.940701058,0.7083810096844771,0.23337690705617417,0.2881892965963012,1.2348663808751807,0.6048347821356834,0.04767697926801535,0.7898772135,0.538399621,0.8121381850630653,0.010748368758573474,0.014143785319364739,0.6525117614036988,0.4122072219967197,1.0045547973722346,0.2035713744865495,1.2131906448824048,0.5707695815663738,0,0.4832968951796181,1
1,10,0,2015-01-24,19,0,0.937242424,0.811060312516602,0.18805048489033838,0.1073787419211254,0.5710101836947844,0.8181851188301147,0.011678563248759932,0.7898772135,0.940701058,0.7761397690438099,0.010748368758573474,0.014143785319364739,0.8298636820788746,0.5724093461933364,1.0497112788398677,0.40429471658111643,1.2178259084520877,0.37270342317431326,0,0.31403132050951954,0
1,10,0,2015-01-25,20,0,0.955151515,0.9166974826300234,0.18269917532517593,-0.002900370036557076,-0.01587511290839092,0.882616641242289,0.07543524379426798,0.7898772135,0.937242424,0.839896449589318,0.010748368758573474,0.014143785319364739,0.958051885036557,0.6848377521792188,1.148557213080828,0.5215071220659218,1.311887843194125,0.18077512712406102,0,0.15979237731094034,0
1,10,0,2015-01-26,21,0,0.997792208,0.9268354143453338,0.1817766435393923,0.03018737669501126,0.1660685119233673,0.8809452542512072,0.08665957705378163,0.7898772135,0.955151515,0.8511207828488316,0.010748368758573474,0.014143785319364739,0.9676048313049888,0.696146449831504,1.1575243788591636,0.533640550851248,1.3200302778394195,0.16532212376882205,0,0.14734254562544385,0
1,10,0,2015-01-27,22,0,0.979527778,0.9154291390010336,0.18160881551137487,0.017286185377471286,0.09518362491818898,0.8982110732850359,0.06403051933749279,0.7898772135,0.997792208,0.8284917251325428,0.010748368758573474,0.014143785319364739,0.9622415926225287,0.6849531615533411,1.1459051164487262,0.5225972985955136,1.3082609794065536,0.18117161159178752,0,0.1601111459149255,0
1,10,0,2015-01-28,23,0,0.840533333,0.9044129634474181,0.18157799191764937,-0.11414771705267368,-0.6286429090175357,0.9080843103814945,0.046596739671179166,0.7898772135,0.979527778,0.8110579454662291,0.010748368758573474,0.014143785319364739,0.9546810500526737,0.6739761035826046,1.1348498233122315,0.5116477965071535,1.2971781303876826,0.19755283862312745,0,0.1732583529698578,0
1,10,0,2015-01-29,24,0,0.85695,0.8609102391888444,0.18157232093973674,-0.03141519205412602,-0.1730175166101039,0.8429039282672832,0.0454612637868428,0.7898772135,0.840533333,0.8099224695818927,0.010748368758573474,0.014143785319364739,0.888365192054126,0.6304805762443666,1.091339902133322,0.46815733894766076,1.253663139430028,0.27065530239475044,0,0.23169490880574986,0
1,10,0,2015-01-31,25,0,0.971866667,0.8471701543383172,0.1815712772495744,0.10351978737544199,0.5701330570757145,0.8249661351843094,0.04338074444024866,0.7898772135,0.85695,0.8078419502352986,0.010748368758573474,0.014143785319364739,0.868346879624558,0.6167418159193567,1.0775984927572777,0.45441951166775946,1.239920797008875,0.2962687175186736,0,0.2522088552193009,0
1,10,0,2015-02-01,26,0,0.8865,0.8846455449844708,0.18157108515690476,-0.04001019632908709,-0.22035554997378715,0.8840744953510962,0.0424357009779909,0.7898772135,0.971866667,0.8068969067730408,0.010748368758573474,0.014143785319364739,0.926510196329087,0.6542174503463294,1.1150736396226122,0.49189531782302104,1.2773957721459206,0.22917749874000692,0,0.19855441733872045,0
1,10,0,2015-02-02,27,0,0.85695,0.8709316214751497,0.1815710498015906,-0.04785044237702718,-0.26353563758823406,0.8612292655146999,0.04357117686232727,0.7898772135,0.8865,0.8080323826573772,0.010748368758573474,0.014143785319364739,0.9048004423770272,0.6405035717057035,1.1013596712445959,0.47818147078957524,1.263681772160724,0.2526962175037232,0,0.2173407096969019,0
1,10,0,2015-02-05,30,0,0.771583333,0.8325686207381091,0.233376908198158,-0.08529144844314673,-0.36546652837960564,0.8339073792380144,0.022967402205132423,0.7898772135,0.85695,0.7874286080001823,0.010748368758573474,0.014143785319364739,0.8568747814431468,0.5363948316010837,1.1287424098751346,0.3277589830699952,1.337378258406223,0.3617445944989237,0,0.30509156949605265,0
1,10,0,2015-02-17,40,0,0.927541667,0.7917165033919379,0.3634533033700456,0.13361883739362057,0.3676368770201496,0.7707649949791684,0.023157834627211014,0.7898772135,0.771583333,0.7876190404222609,0.010748368758573474,0.014143785319364739,0.7939228296063794,0.33046546161331164,1.2529675451705642,0.005543047757135877,1.57788995902674,0.45431047804908586,0,0.3817487171087933,0
1,10,0,2015-02-18,41,1,0.64025,0.8702145082527359,0.1937048325889015,-0.2739301213740838,-1.4141625570872767,0.890077243284615,0.024102878089468788,0.7898772135,0.927541667,0.7885640838845187,0.010748368758573474,0.014143785319364739,0.9141801213740838,0.6243877266531803,1.1160412898522916,0.4512181854857098,1.289210831019762,0.2674292298651638,1,0.2291151167981425,0
1,10,0,2015-02-19,42,1,0.733277778,0.7806361426063289,0.18358765559081977,-0.031588803927179,-0.17206387774559384,0.7194053181403363,0.0454612637868428,0.7898772135,0.64025,0.8099224695818927,0.010748368758573474,0.014143785319364739,0.764866581927179,0.5476488602958272,1.0136234249168306,0.3835239406551004,1.1777483445575574,0.43373430382648526,1,0.3644584118451845,0
1,10,0,2015-02-22,43,1,0.385791667,0.7432003835740546,0.18193574793530037,-0.33522266801090617,-1.842533266909796,0.7010724956146257,0.019941839396280525,0.7898772135,0.733277778,0.7844030451913304,0.010748368758573474,0.014143785319364739,0.7210143350109062,0.5123095029744891,0.9740912641736201,0.34966136678275583,1.1367394003653533,0.5149064883733726,1,0.4337184497350034,1
1,10,0,2015-02-23,44,1,0.955791667,0.7119130114527399,0.18163795336700336,0.3332587948221051,1.834742071491791,0.5090893792954929,0.11344349288240195,0.7898772135,0.385791667,0.8779046986774519,0.010748368758573474,0.014143785319364739,0.6225328721778949,0.48140005575739014,0.9424259671480897,0.31901814394459943,1.1048078789608804,0.583043736634884,0,0.4944411195500655,1
1,10,0,2015-02-24,45,1,0.902222222,0.7738549283566465,0.18158334993351447,0.15111055232280202,0.8321828646631431,0.6994804667109112,0.051631202966286746,0.7898772135,0.955791667,0.8160924087613367,0.010748368758573474,0.014143785319364739,0.751111669677198,0.5434112687451345,1.0042985879681585,0.38107817167484176,1.1666316850384513,0.44774060473391436,0,0.37621018348166435,0
1,10,0,2015-02-25,46,1,0.845833333,0.790016206823275,0.18157330693682752,0.0483586588559759,0.2663313218875322,0.7857711124257614,0.011703561718262739,0.7898772135,0.902222222,0.7761647675133126,0.010748368758573474,0.014143785319364739,0.7974746741440241,0.5595852925703593,1.0204471210761907,0.3972611738053828,1.1827712398411672,0.4127852910405068,0,0.347014540270693,0
1,10,0,2015-02-26,47,1,0.410833333,0.7843350503066729,0.18157145872052205,-0.3906245897540459,-2.1513545824143105,0.8133836985018299,-0.011925775747784004,0.7898772135,0.845833333,0.752535430047266,0.010748368758573474,0.014143785319364739,0.8014579227540459,0.5539064815867003,1.0147636190266456,0.3915840151024921,1.1770860855108538,0.42500746362431063,1,0.3571730376411365,0
1,10,0,2015-02-28,48,1,0.410833333,0.6474771145878235,0.1815711185571452,-0.1811941990655206,-0.9979241219935208,0.6060338271598987,-0.014006295094378143,0.7898772135,0.410833333,0.7504549107006718,0.010748368758573474,0.014143785319364739,0.5920275320655206,0.41704897756213044,0.8779052516135166,0.25472681517945184,1.0402274139961953,0.7138417398258786,1,0.6203715908457772,1
1,10,0,2015-03-01,49,1,0.664583333,0.5792835689845575,0.18157105594902787,0.17696007845982686,0.9746051072672319,0.5025745930968091,-0.014951338556635902,0.7898772135,0.410833333,0.7495098672384141,0.010748368758573474,0.014143785319364739,0.4876232545401732,0.3488555114135263,0.8097116265555886,0.18653340500167098,0.972033732967444,0.8264472036649511,1,0.743555750021026,1
1,10,0,2015-03-02,50,2,0.632361111,0.6460960594219558,0.18157104442577035,0.042560819724626,0.23440312225568355,0.6036161539476735,-0.01381586267229954,0.7898772135,0.664583333,0.7506453431227504,0.010748368758573474,0.014143785319364739,0.589800291275374,0.4156680164748515,0.8765241023690601,0.253345920364635,1.0388461984792765,0.7164235238085287,1,0.6230150980568677,1
1,10,0,2015-03-03,51,2,0.463194444,0.6639726121688048,0.18157104230487045,-0.15298795646851415,-0.8425790507477326,0.6279177437942196,-0.011735343325705416,0.7898772135,0.632361111,0.7527258624693445,0.010748368758573474,0.014143785319364739,0.6161824004685141,0.4335445719132905,0.8944006524243191,0.2712224776991302,1.0567227466384792,0.6821768237762008,1,0.5885093379768475,1
1,10,0,2015-03-08,55,2,0.441041667,0.6039766290656833,0.2553686541798766,-0.08457091074190515,-0.3311718543276462,0.5405639162985411,-0.014951338556635902,0.7898772135,0.463194444,0.7495098672384141,0.010748368758573474,0.014143785319364739,0.5256125777419052,0.27989357166628936,0.9280596864650772,0.051597395046184547,1.156355863085182,0.7162760032815418,1,0.6228638569358783,1
1,10,0,2015-03-09,56,2,0.477291667,0.5620634447055561,0.18965325652894938,0.016772321442163896,0.08843677007783785,0.47433520823013564,-0.01381586267229954,0.7898772135,0.441041667,0.7506453431227504,0.010748368758573474,0.014143785319364739,0.4605193455578361,0.32137843417031686,0.8027484552407954,0.15183094805397673,0.9722959413571355,0.8391445653744446,1,0.7586764506858251,1
1,10,0,2015-03-10,57,2,0.39875,0.5707589917713713,0.1829595560162401,-0.07402683062630877,-0.4046076206029813,0.4845121739520142,-0.011735343325705416,0.7898772135,0.477291667,0.7527258624693445,0.010748368758573474,0.014143785319364739,0.47277683062630876,0.3385688175912107,0.802949165951532,0.17500541060705405,0.9665125729356887,0.8363768567566303,1,0.7553544468683765,1
1,10,0,2015-03-11,58,2,0.628333333,0.5756197405946992,0.18182352580475955,0.16565770207443475,0.9110905827022433,0.4417637495975242,0.020911881328041095,0.7898772135,0.39875,0.7853730871230911,0.010748368758573474,0.014143785319364739,0.4626756309255653,0.3448712787711983,0.8063682024182002,0.18232346766993823,0.9689160135194602,0.831236555687586,1,0.7492236029479896,1
2,11,0,2015-01-01,0,0,0.436326389,0.6679453367481141,0.21808503439579885,-0.2316189477481141,-1.0620579646366415,0.672340485574947,-0.004395148826832843,0.660867662047619,0.660867662047619,0.6679453367481141,0.01018106076160178,0.017380021465814986,0.6679453367481141,0.3911781471843607,0.9447125263118674,0.19621303022229508,1.139677643273933,0.6466347646224813,1,0.553873844586214,1
2,11,0,2015-01-03,1,0,0.987880435,0.6704832241555476,0.19644338777664788,0.3688400465169981,1.8775895218034098,0.5253609550819592,0.09367943340104264,0.660867662047619,0.436326389,0.7660199189759896,0.01018106076160178,0.017380021465814986,0.6190403884830019,0.42118099902142003,0.9197854492896752,0.24556322597978497,1.0954032223313104,0.6571811727459548,0,0.5640354365081651,1
2,11,0,2015-01-04,2,0,0.345833333,0.6919826883696004,0.19264878624805126,-0.36565965734220957,-1.8980636445401347,0.7280842054966874,-0.01659121515447779,0.660867662047619,0.987880435,0.6557492704204692,0.01018106076160178,0.017380021465814986,0.7114929903422096,0.4474961132570051,0.9364692634821957,0.27527066345706763,1.1086947132821332,0.6183521780337142,1,0.5270694005464739,1
2,11,0,2015-01-05,3,0,0.939513889,0.6257696333515392,0.19183888982398625,0.36228227131001034,1.8884714754261103,0.5336604408276624,0.04357117686232727,0.660867662047619,0.345833333,0.7159116624372742,0.01018106076160178,0.017380021465814986,0.5772316176899897,0.38231088097674537,0.8692283857263331,0.2108094677962048,1.0407297989068738,0.7413705661670401,0,0.6489421522242804,1
2,11,0,2015-01-06,4,0,0.888686869,0.7881670789110216,0.19165931587767399,0.08214043620951794,0.42857523430764954,0.7248529252305485,0.0816935075599336,0.660867662047619,0.939513889,0.7540339931348805,0.01018106076160178,0.017380021465814986,0.8065464327904821,0.54493622010342,1.031397937718623,0.3735953436398674,1.2027388141821758,0.4210765289274281,0,0.35390023569670687,0
2,11,0,2015-01-08,6,0,0.515606061,0.7053613322802064,0.21656169192686056,-0.22328137944053916,-1.0310289758723719,0.7681293660330406,-0.029241925592501536,0.660867662047619,0.888686869,0.6430985599824455,0.01018106076160178,0.017380021465814986,0.7388874404405391,0.4305273850181966,0.9801952795422162,0.23692411594015778,1.173798548620255,0.5816531643216424,1,0.49317364627339844,1
2,11,0,2015-01-10,7,0,0.817424242,0.6593103462047691,0.19621503585991903,0.1737756682633943,0.8856388986797905,0.627592564237337,0.0160560094992687,0.660867662047619,0.515606061,0.6883964950742156,0.01018106076160178,0.017380021465814986,0.6436485737366057,0.41029791774742697,0.9083227746621113,0.23488428827885688,1.0837364041306814,0.6780293385029283,0,0.584408932810566,1
2,11,0,2015-01-11,8,0,0.668087121,0.7203291287466206,0.19260146699662145,-0.0699453723575928,-0.36316116096259926,0.7229215273205819,0.01511096603701094,0.660867662047619,0.817424242,0.6874514516119579,0.01018106076160178,0.017380021465814986,0.7380324933575928,0.4759026055136363,0.9647556519796049,0.30371945849442433,1.136938798998817,0.5612161034920419,1,0.4746889644922259,1
2,11,0,2015-01-12,9,0,0.640577652,0.6973012831787755,0.19182846485354893,-0.061415976546265405,-0.3201609135179876,0.6857471866249182,0.016246441921347304,0.660867662047619,0.668087121,0.6885869274962942,0.01018106076160178,0.017380021465814986,0.7019936285462655,0.45385576091753443,0.9407468054400165,0.282363667521757,1.1122388988357939,0.6082335186593459,1,0.5176283766581349,1
2,11,0,2015-01-13,10,0,0.601278409,0.6783160872788536,0.19165698846391757,-0.0703869462059119,-0.3672547855940215,0.6533383939379704,0.01832696126794143,0.660867662047619,0.640577652,0.6906674468428884,0.01018106076160178,0.017380021465814986,0.6716653552059119,0.4350881821437317,0.9215439924139756,0.263749386357088,1.0928827882006193,0.6458059919447964,1,0.5530792706908297,1
2,11,0,2015-01-14,11,0,0.934607438,0.6416964941782144,0.191618647130889,0.3125407952470626,1.6310562668442976,0.6162551957884413,0.005811446964496092,0.660867662047619,0.601278409,0.6781519325394431,0.01018106076160178,0.017380021465814986,0.6220666427529374,0.39851724723284787,0.8848757411235809,0.22721272808741938,1.0561802602690094,0.714032278878898,0,0.6205664400134783,1
2,11,0,2015-01-17,13,0,0.313852814,0.745471930812902,0.21655363190350155,-0.4696000363921887,-2.168516095825385,0.7808573986586231,0.002595451733565589,0.660867662047619,0.934607438,0.6749359373085125,0.01018106076160178,0.017380021465814986,0.7834528503921887,0.4706482123592058,1.0202956492665982,0.2770521488347312,1.2138917127910727,0.5083411513646201,1,0.42800396311642497,1
2,11,0,2015-01-18,14,0,0.838383838,0.5265684247984174,0.19621381410154584,0.36924188825123605,1.8818343139700837,0.5082648425759374,-0.0391228928271734,0.660867662047619,0.313852814,0.6332175927477736,0.01018106076160178,0.017380021465814986,0.469141949748764,0.27755754684926215,0.7755793027475726,0.10214500961641004,0.9509918399804247,0.8725889373138969,0,0.8000841382860776,1
2,11,0,2015-01-19,15,0,0.409545455,0.6501939793173729,0.19260121334722083,-0.25411620888878766,-1.3193904881101024,0.7108195843504178,-0.047157920461630164,0.660867662047619,0.838383838,0.6251825651133168,0.01018106076160178,0.017380021465814986,0.6636616638887877,0.40576777798557695,0.8946201806491688,0.23358485772555188,1.0668031009091938,0.6978407628720139,1,0.6041446689189858,1
2,11,0,2015-01-20,16,0,0.362666667,0.6278542882742215,0.19182840894946243,-0.23138551378623912,-1.2062108790528419,0.575763035609283,0.01828914517695613,0.660867662047619,0.409545455,0.6906296307519031,0.01018106076160178,0.017380021465814986,0.5940521807862391,0.384408836959696,0.871299739588747,0.21291679354142756,1.0427917830070155,0.7378544052793203,1,0.6452443637284816,1
2,11,0,2015-01-21,17,0,0.470769231,0.497940516059676,0.19165697598202147,0.0493659962357757,0.2575747424941449,0.45366253901651366,-0.03225930425228933,0.660867662047619,0.362666667,0.6400811813226577,0.01018106076160178,0.017380021465814986,0.4214032347642243,0.2547126267650693,0.7411684053542826,0.0833738421370745,0.9125071899822774,0.9057718407079366,1,0.8438944674222628,1
2,11,0,2015-01-24,19,0,0.896022727,0.5539529420764819,0.21656122833682886,0.40950414136318636,1.8909393177538845,0.47967089574732324,0.0068476898894903465,0.660867662047619,0.470769231,0.6791881754644373,0.01018106076160178,0.017380021465814986,0.4865185856368136,0.27911958314695695,0.8287863010060069,0.0855167285122338,1.02238915564073,0.8173396423374069,0,0.7328916053902872,1
2,11,0,2015-01-28,23,0,0.259375,0.5770422188004589,0.26276128901905393,-0.34044454995310514,-1.2956419540490915,0.7374185745825076,-0.13759902462940243,0.660867662047619,0.896022727,0.5347414609455445,0.01018106076160178,0.017380021465814986,0.5998195499531052,0.24357732200259952,0.9105071155983183,0.008672228268713056,1.1454122093322048,0.7448053357738132,1,0.6525686819807215,1
2,11,0,2015-01-29,24,0,0.864583333,0.4737262634827744,0.20141029215549602,0.45724080703490855,2.270195838263827,0.48267266409585285,-0.07533013813076139,0.660867662047619,0.259375,0.5970103474441856,0.01018106076160178,0.017380021465814986,0.40734252596509146,0.21812064311763418,0.7293318838479146,0.038062523695311545,0.9093900032702373,0.9149209872561177,0,0.8565583624620419,1
2,11,0,2015-01-31,25,0,0.971866667,0.5771125533483498,0.19363589309128004,0.38055478438289136,1.9653111740161606,0.7129099977714008,-0.12159811515429221,0.660867662047619,0.864583333,0.5507423704206548,0.01018106076160178,0.017380021465814986,0.5913118826171087,0.33137326143399654,0.8228518452627029,0.15826535125947472,0.9959597554372248,0.8140307483684635,0,0.7290530244221648,1
2,11,0,2015-02-15,38,0,0.715333333,0.7755501813530506,0.3988203327822515,-0.1458707518878235,-0.36575555431238815,0.9170659242457264,-0.05586183935790291,0.660867662047619,0.971866667,0.6164786462170441,0.01018106076160178,0.017380021465814986,0.8612040848878235,0.2694155767900567,1.2816847859160445,-0.08712449045097848,1.6382248531570798,0.47445947810533523,1,0.398845396474803,1
2,11,0,2015-02-22,43,1,0.805555556,0.7094734343709811,0.289424004896057,0.05590429430766808,0.19315707530114995,0.7871342779216634,-0.037483016229331506,0.660867662047619,0.715333333,0.6348574693456155,0.01018106076160178,0.017380021465814986,0.7496512616923319,0.34217143838903774,1.0767754303529244,0.08343023167340524,1.335516637068557,0.55567983923737,0,0.469726262179906,1
2,11,0,2015-02-24,45,1,0.5046875,0.7640194473271427,0.2269716200773889,-0.3150165731383201,-1.3879117267212135,0.8314394164640255,-0.011735343325705416,0.660867662047619,0.805555556,0.6606051422492416,0.01018106076160178,0.017380021465814986,0.81970407313832,0.4759744763662145,1.052064418288071,0.2730648701291067,1.2549740245251786,0.4753740316200226,1,0.3996255241182102,1
2,11,0,2015-03-05,53,2,0.927291667,0.7140467246310804,0.33218221098763995,0.23061905499394975,0.6942546812132898,0.6227001637891464,0.07397244821690384,0.660867662047619,0.5046875,0.7463129337918508,0.01018106076160178,0.017380021465814986,0.6966726120060502,0.2924811769866341,1.1356122722755266,-0.004485296652193327,1.4325787459143542,0.5430948023109929,0,0.4585126794005811,1
2,11,0,2015-03-07,54,2,0.657083333,0.8157641790911632,0.20543525284585826,-0.20931002944449528,-1.018861303232821,0.816995295155896,0.04939806728859932,0.660867662047619,0.927291667,0.7217385528635463,0.01018106076160178,0.017380021465814986,0.8663933624444953,0.5550505646747008,1.0764777935076255,0.3713941839872791,1.2601341741950471,0.3744382287234451,1,0.31544934021456866,0
2,11,0,2015-03-08,55,2,0.755208333,0.7347954413112898,0.1943805024447167,0.012873389891017162,0.06622778380089049,0.6938819192826413,0.04845302382634156,0.660867662047619,0.657083333,0.7207935094012885,0.01018106076160178,0.017380021465814986,0.7423349431089828,0.48811118112506735,0.9814797014975123,0.3143376001029973,1.1552532825195823,0.5311737103846166,0,0.44797422757737243,1
2,11,0,2015-03-09,56,2,0.960625,0.7404495915902363,0.1922148062158839,0.21020277424574219,1.0935826348863849,0.7008337260435799,0.04958849971067793,0.660867662047619,0.755208333,0.7219289852856249,0.01018106076160178,0.017380021465814986,0.7504222257542578,0.49651377152675524,0.9843854116537173,0.32467629409716003,1.1562228890833124,0.5198137422831633,0,0.4380041913999728,1
2,11,0,2015-03-10,57,2,0.758229167,0.8148889347729402,0.19174296899926596,-0.10559484554102083,-0.5507103915837721,0.8121549934837488,0.05166901905727205,0.660867662047619,0.960625,0.724009504632219,0.01018106076160178,0.017380021465814986,0.8638240125410208,0.5715519135254199,1.0582259560204605,0.40013625228499977,1.2296416172608806,0.36752476848814,0,0.3098029933885674,0
2,11,0,2015-03-11,58,2,0.874027778,0.8021376627515415,0.19163788580068403,0.04244205590019079,0.22147006956825496,0.756477797998569,0.0751079241012402,0.660867662047619,0.758229167,0.7474484096761872,0.01018106076160178,0.017380021465814986,0.8315857220998092,0.5589340004097455,1.0453413250933374,0.3876122821496819,1.2166630433534011,0.39278661949211346,0,0.330497980497249,0
3,12,0,2015-01-19,15,0,0.793844697,0.8235700261270563,0.19551975013538275,-0.029725329127056277,-0.1520323604468281,0.7739815264163784,0.04958849971067793,0.7819218259999999,0.7819218259999999,0.8235700261270563,0.0037474327534199386,0.014480539939582558,0.8235700261270563,0.5754399703481368,1.0717000819059759,0.4006479170596188,1.2464921351944938,0.35335464965554675,0,0.2982673409311142,0
3,12,0,2015-01-22,18,0,0.327407407,0.666762362403928,0.18632828951619135,-0.33289201552831865,-1.7865886945706726,0.7555159839146371,-0.09521656138631847,0.7819218259999999,0.793844697,0.6787649650300599,0.0037474327534199386,0.014480539939582558,0.6602994225283186,0.43029699847609004,0.9032277263317661,0.2637219885974402,1.0698027362104159,0.6724634422255924,1,0.578931383602664,1
3,12,0,2015-01-24,19,0,0.858585859,0.6019557067071526,0.16330603359957213,0.3310095145632347,2.0269276478471885,0.5614690627867005,-0.03389271834993522,0.7819218259999999,0.327407407,0.7400888080664432,0.0037474327534199386,0.014480539939582558,0.5275763444367653,0.39470740980600527,0.8092040036082999,0.2487139901770014,0.9551974232373037,0.8176763116528778,0,0.733283222170082,1
3,12,0,2015-01-25,20,0,0.618181818,0.6980359630597581,0.1576259278300818,-0.05771917499737411,-0.3661781776129778,0.7107387548095672,-0.034837761812192974,0.7819218259999999,0.858585859,0.7391437646041854,0.0037474327534199386,0.014480539939582558,0.6759009929973742,0.4979961704679601,0.8980757556515562,0.3570806897666487,1.0389912363528675,0.6291741329486198,1,0.5372515728077392,1
3,12,0,2015-01-26,21,0,0.769292929,0.6835196515429613,0.15578530598402893,0.11633613304310964,0.7467721830904668,0.686659081884747,-0.033702285927856616,0.7819218259999999,0.618181818,0.7402792404885218,0.0037474327534199386,0.014480539939582558,0.6529567959568904,0.48581575392347554,0.8812235491624472,0.3465457646447776,1.020493538441145,0.6652168757872505,0,0.5718421496521101,1
3,12,0,2015-01-27,22,0,0.823555556,0.7145170463581523,0.15514012121242993,0.12317858090382872,0.7939827553387239,0.7335813228107183,-0.03320434771454711,0.7819218259999999,0.769292929,0.7407771787018314,0.0037474327534199386,0.014480539939582558,0.7003769750961713,0.5176319393378449,0.9114021533784596,0.378938736654364,1.0500953560619406,0.5904549847218624,0,0.5012179772458909,1
3,12,0,2015-01-28,23,0,0.755555556,0.7806419969551897,0.15490785838014937,-0.028120678437058122,-0.1815316455285889,0.7826507763645741,0.001025458072484017,0.7819218259999999,0.823555556,0.7750069844888624,0.0037474327534199386,0.014480539939582558,0.7836762344370581,0.5840516498734013,0.977232344036978,0.4455660870694149,1.1157179068409644,0.4215976855407939,0,0.3543338287782244,0
3,12,0,2015-01-29,24,0,0.634666667,0.7722581180464965,0.15482344760689376,-0.13672270228448047,-0.8830878293811658,0.7714993870963328,-0.00011001781185234795,0.7819218259999999,0.755555556,0.773871508604526,0.0037474327534199386,0.014480539939582558,0.7713893692844804,0.575774894924624,0.968741341168369,0.43736479422800423,1.1071514418649886,0.4428432118414046,1,0.37209260925031756,0
3,12,0,2015-01-31,25,0,0.971866667,0.734994365204635,0.15479266477483017,0.2566858685932941,1.658256022445788,0.7173713355651524,-0.0021905371584464844,0.7819218259999999,0.634666667,0.7717909892579319,0.0037474327534199386,0.014480539939582558,0.7151807984067059,0.5385502079358626,0.9314385224734074,0.40016762668123645,1.0698211037280336,0.5386130654018629,0,0.4545414098759542,1
3,12,0,2015-02-01,26,0,0.702666667,0.8000629186728339,0.15478142486540028,-0.11312846783745822,-0.7308917587225732,0.8189307154581625,-0.0031355806207042456,0.7819218259999999,0.971866667,0.7708459457956741,0.0037474327534199386,0.014480539939582558,0.8157951348374582,0.6036330257397711,0.9964928116058966,0.46526049281451654,1.1348653445311512,0.37318000603126833,1,0.31442079722991495,0
3,12,0,2015-02-02,27,0,0.740444444,0.7721108551732745,0.1547773188987444,-0.031736106131185826,-0.20504364823600313,0.7741806548675537,-0.0020001047363678807,0.7819218259999999,0.702666667,0.7719814216800105,0.0037474327534199386,0.014480539939582558,0.7721805501311858,0.5756861730372521,0.9685355373092969,0.43731731079151726,1.1069043995550318,0.4432019889202631,1,0.3723939433313096,0
3,12,0,2015-02-03,28,0,0.778222222,0.7977342443080706,0.154775818728747,-0.015188241894981469,-0.09813058667516847,0.7616278680932665,0.031782595801714976,0.7819218259999999,0.740444444,0.8057641222180933,0.0037474327534199386,0.014480539939582558,0.7934104638949815,0.6013114660066474,0.9941570226094938,0.4629439448929156,1.1325245437232256,0.378885594713491,0,0.31908826989867245,0
3,12,0,2015-02-04,29,0,0.687555556,0.7947745263126281,0.15477527058810753,-0.10079262603770034,-0.6512191880183018,0.7556205427737276,0.03272763926397275,0.7819218259999999,0.778222222,0.8067091656803511,0.0037474327534199386,0.014480539939582558,0.7883481820377003,0.5983524436451108,0.9911966089801455,0.45998541256181213,1.1295636400634441,0.386180749817101,1,0.32506911493701757,0
3,12,0,2015-02-05,30,0,0.906666667,0.7677264462109141,0.1547750703009054,0.1593195057964477,1.0293615469642965,0.7157549978239159,0.031592163379636384,0.7819218259999999,0.687555556,0.8055736897960148,0.0037474327534199386,0.014480539939582558,0.7473471612035523,0.5713046177237269,0.9641482746981014,0.4329377656945202,1.1025151267273081,0.4544086861398126,0,0.38183163924433045,0
3,12,0,2015-02-07,31,0,0.899111111,0.8066049447063837,0.154774997116604,0.09083059553986716,0.586855740474913,0.7787688714270905,0.029511644033042246,0.7819218259999999,0.906666667,0.8034931704494207,0.0037474327534199386,0.014480539939582558,0.8082805154601328,0.610183209095874,1.0030266803168932,0.47181642249245825,1.141393466920309,0.3572854848552932,0,0.3014625367394765,0
3,12,0,2015-02-08,32,0,0.891555556,0.8290112579262228,0.15477497037521548,0.04829491987582191,0.3120331392003645,0.8146940355533936,0.028566600570784487,0.7819218259999999,0.899111111,0.8025481269871629,0.0037474327534199386,0.014480539939582558,0.8432606361241781,0.632589556252654,1.0254329595997915,0.49422279355568366,1.163799722296762,0.3048536945834476,0,0.25910102070489066,0
3,12,0,2015-02-09,33,0,0.272,0.8425627187291446,0.1547749606039582,-0.5914976272678767,-3.8216622699159633,0.8337955508127559,0.02970207645512085,0.7819218259999999,0.891555556,0.8036836028714993,0.0037474327534199386,0.014480539939582558,0.8634976272678767,0.6461410294560757,1.0389844080022135,0.5077742754944792,1.17735116196381,0.27490424792359347,1,0.23509378112500623,0
3,12,0,2015-02-10,34,0,1.004888889,0.7650620642901158,0.1547749570335562,0.26174331744033363,1.691121887267499,0.7113629757579515,0.031782595801714976,0.7819218259999999,0.272,0.8057641222180933,0.0037474327534199386,0.014480539939582558,0.7431455715596664,0.5686403795481699,0.9614837490320617,0.43027362877846526,1.0998504998017664,0.461237764653429,0,0.38760741427038353,0
3,12,0,2015-02-11,35,0,1.02,0.8332978338569316,0.15477495572893676,0.17238519097106364,1.1137796173753611,0.8148871697649637,0.03272763926397275,0.7819218259999999,1.004888889,0.8067091656803511,0.0037474327534199386,0.014480539939582558,0.8476148090289364,0.6368761507706511,1.029719516943212,0.4985094011672589,1.1680862665466043,0.2952240556202832,0,0.2513708285467703,0
3,12,0,2015-02-12,36,0,0.838666667,0.876480296954506,0.15477495525223078,-0.07599411073215512,-0.49099746537358346,0.8830686143525187,0.031592163379636384,0.7819218259999999,1.02,0.8055736897960148,0.0037474327534199386,0.014480539939582558,0.9146607777321552,0.6800586144732033,1.0729019794358088,0.5416918652959798,1.2112687286130321,0.2069103873007106,0,0.1807520659454768,0
3,12,0,2015-02-14,37,0,0.800888889,0.8548627030382614,0.15477495507804315,-0.08163433158609867,-0.5274388969774579,0.8530115765530564,0.029511644033042246,0.7819218259999999,0.838666667,0.8034931704494207,0.0037474327534199386,0.014480539939582558,0.8825232205860987,0.6584410207780165,1.0512843852985063,0.5200742717565146,1.1896511343200082,0.24903891230416375,0,0.2144190990134257,0
3,12,0,2015-02-15,38,0,0.876444444,0.8329305593548304,0.15477495501439523,0.02715411337027185,0.17544255378879814,0.8207237300589436,0.028566600570784487,0.7819218259999999,0.800888889,0.8025481269871629,0.0037474327534199386,0.014480539939582558,0.8492903306297281,0.6365088771753598,1.029352241534301,0.49814212821075815,1.1677189904989027,0.29604361614038677,0,0.2520282678286969,0
3,12,0,2015-02-16,39,0,0.891555556,0.8410469963976666,0.15477495499113839,0.03038980924208945,0.19634836426752256,0.8314636703027897,0.02970207645512085,0.7819218259999999,0.876444444,0.8036836028714993,0.0037474327534199386,0.014480539939582558,0.8611657467579106,0.6446253142477107,1.0374686785476224,0.5062585653039005,1.1758354274914327,0.2781808865339388,0,0.23771583871711763,0
3,12,0,2015-02-17,40,0,0.9025,0.8296354441762674,0.15477495498264038,0.04853890480948797,0.3136095553375035,0.8434833864570772,0.010477708733434753,0.7819218259999999,0.891555556,0.7844592351498132,0.0037474327534199386,0.014480539939582558,0.853961095190512,0.6332137620370962,1.0260571263154386,0.494847013100883,1.1644238752516518,0.30344280818599,0,0.257967660105937,0
3,12,0,2015-02-18,41,1,0.9918,0.8536800022432688,0.15477495497953522,0.10707504328366713,0.6918111738286397,0.8626813963394189,0.022043560376913976,0.7819218259999999,0.9025,0.7960250867932924,0.0037474327534199386,0.014480539939582558,0.8847249567163329,0.6572583201080383,1.0501016843784994,0.5188915711746009,1.1884684333119366,0.25146847265735944,0,0.21635989812793563,0
3,12,0,2015-02-19,42,1,0.609583333,0.8694512867453412,0.15477495497840058,-0.3057354451394372,-1.9753547670687657,0.905031501828081,0.010287276311356161,0.7819218259999999,0.9918,0.7842688027277346,0.0037474327534199386,0.014480539939582558,0.9153187781394372,0.6730296046115507,1.0658729688791317,0.5346628556791277,1.2042397178115547,0.22012414549253745,1,0.1913200027979508,0
3,12,0,2015-02-22,43,1,0.78375,0.7984460182038767,0.154774954977986,-0.018240155952061965,-0.11784953162904364,0.7841076342683362,0.017882521683725713,0.7819218259999999,0.609583333,0.7918640481001041,0.0037474327534199386,0.014480539939582558,0.8019901559520619,0.6020243360706123,0.9948677003371411,0.46365758713856003,1.1332344492691935,0.3771367543730284,0,0.31765669392014406,0
3,12,0,2015-02-23,44,1,0.9025,0.7842713845698995,0.1547749549778345,0.11720948609419557,0.7572897443968326,0.7768933245189638,0.008397189386840628,0.7819218259999999,0.78375,0.782378715803219,0.0037474327534199386,0.014480539939582558,0.7852905139058044,0.5878497024368274,0.9806930667029716,0.4494829535049105,1.1190598156348885,0.41237990859366686,0,0.34667847116748973,0
3,12,0,2015-02-25,46,1,0.899555556,0.8790684009649592,0.16644133934150343,0.003242564734666442,0.019481727000606294,0.823251784417448,0.07306120684788567,0.7819218259999999,0.9025,0.847042733264264,0.0037474327534199386,0.014480539939582558,0.8963129912653336,0.6678411526377247,1.0902956492921936,0.5190448114218225,1.239091990508096,0.21903430135945484,0,0.19044885015957128,0
3,12,0,2015-02-26,47,1,0.590617284,0.8274453966933842,0.15855397409692584,-0.2546143761883626,-1.60585300771278,0.8247994221163165,0.02043223807204607,0.7819218259999999,0.899555556,0.7944137644884245,0.0037474327534199386,0.014480539939582558,0.8452316601883626,0.6262278398511819,1.0286629535355867,0.4844826981441865,1.170408095242582,0.3126162186719853,1,0.26534177301078754,0
3,12,0,2015-02-28,48,1,0.590617284,0.7551949131569755,0.15610114611733245,-0.1445800657805152,-0.9261947742000721,0.7168456310550633,0.01835171872545193,0.7819218259999999,0.590617284,0.7923332451418303,0.0037474327534199386,0.014480539939582558,0.7351973497805152,0.557090189381362,0.953299636932589,0.4175378432288811,1.0928519830850698,0.4867259909852545,1,0.40934002957555216,1
3,12,0,2015-03-02,50,2,0.607654321,0.7172545953672674,0.1668856420335205,-0.06907076856907579,-0.4138808331707907,0.6581829384215453,0.018542151147530536,0.7819218259999999,0.590617284,0.792523677563909,0.0037474327534199386,0.014480539939582558,0.6767250895690758,0.5054634917176086,0.9290456990169262,0.35626994981090393,1.078239240923631,0.5777789115282127,1,0.48964903592785924,1
3,12,0,2015-03-03,51,2,0.636049383,0.6977819959949094,0.15868084958304302,-0.00959758173266656,-0.06048355398830798,0.6250242942385419,0.02062267049412466,0.7819218259999999,0.607654321,0.7946041969105031,0.0037474327534199386,0.014480539939582558,0.6456469647326666,0.4964034241072939,0.899160567882525,0.3545448574050484,1.0410191345847704,0.6289507463485073,1,0.5370404827876861,1
3,12,0,2015-03-04,52,2,0.885925926,0.696076268184209,0.15614384625799702,0.2434120274557804,1.5588960646812162,0.6209461845878371,0.021567713956382434,0.7819218259999999,0.636049383,0.7955492403727609,0.0037474327534199386,0.014480539939582558,0.6425138985442196,0.4979173545465609,0.894235181821857,0.35832683503687546,1.0338257013315424,0.6350830561754597,0,0.5428494396894359,1
3,12,0,2015-03-05,53,2,0.868888889,0.759188356282687,0.15526780268829107,0.12866806021271016,0.8286847497353884,0.7197885907152438,0.02043223807204607,0.7819218259999999,0.885925926,0.7944137644884245,0.0037474327534199386,0.014480539939582558,0.7402208287872899,0.5621412113521153,0.9562355012132587,0.42333386312928484,1.095042849436089,0.47640537585796955,0,0.4005057181719191,1
3,12,0,2015-03-07,54,2,0.868888889,0.7905071170856467,0.15495408061115182,0.07936507163691375,0.512184456994558,0.7711720986376344,0.01835171872545193,0.7819218259999999,0.868888889,0.7923332451418303,0.0037474327534199386,0.014480539939582558,0.7895238173630863,0.5938581103300968,0.9871561238411966,0.45533122546704025,1.125683008704253,0.3968867527066541,0,0.33387406830270505,0
3,12,0,2015-03-08,55,2,0.945555556,0.8100378315505871,0.15484027998109512,0.12547561605732815,0.8103551354508518,0.8026732646794776,0.01740667526319417,0.7819218259999999,0.868888889,0.7913882016795726,0.0037474327534199386,0.014480539939582558,0.8200799399426718,0.6135332468120667,1.0065424162891075,0.4751080981970329,1.144967564904141,0.3491040789510118,0,0.29481623327538997,0
3,12,0,2015-03-09,56,2,0.902962963,0.8434730084664928,0.15479880769501456,0.032055699432115836,0.2070797566817966,0.8523651124203536,0.018542151147530536,0.7819218259999999,0.945555556,0.792523677563909,0.0037474327534199386,0.014480539939582558,0.8709072635678842,0.6470210553452453,1.0399249615877402,0.508632982401767,1.1783130345312185,0.27297652239781744,0,0.23355156275433997,0
3,12,0,2015-03-10,57,2,0.92,0.8537985027324808,0.15478366846531208,0.034327640286454186,0.22177818000319077,0.8650496892194212,0.02062267049412466,0.7819218259999999,0.902962963,0.7946041969105031,0.0037474327534199386,0.014480539939582558,0.8856723597135459,0.6573657624933485,1.050231242971613,0.5189912238196464,1.1886057816453153,0.25123650837187594,0,0.21617459272688028,0
3,12,0,2015-03-11,58,2,0.922839506,0.8635702441827517,0.15477813857148615,0.022642567458022178,0.14629047530226263,0.8786292245855953,0.021567713956382434,0.7819218259999999,0.92,0.7955492403727609,0.0037474327534199386,0.014480539939582558,0.9001969385419778,0.6671445218170697,1.0599959665484338,0.5287749267948176,1.1983655615706859,0.23154704446541496,0,0.20044738091501704,0
4,2,0,2015-01-01,0,0,0.755166667,0.7837648654859152,0.20798742217374933,-0.02859819848591516,-0.13749965352243604,0.7924996444722715,-0.00873477898635631,0.8421513724117647,0.8421513724117647,0.7837648654859152,0.011677685859370188,0.011581081923111242,0.7837648654859152,0.5198123459601307,1.0477173850116996,0.3338743598755399,1.2336553710962905,0.43551870380356966,0,0.36595147977901354,0
4,2,0,2015-01-03,1,0,0.782447917,0.7949433594878321,0.1781555613865348,-0.005165745458143189,-0.0289957013855736,0.7715576529588746,0.0160560094992687,0.8421513724117647,0.755166667,0.8085556539715402,0.011677685859370188,0.011581081923111242,0.7876136624581432,0.5688498351581598,1.0210368838175043,0.4095811354080896,1.1803055835675746,0.40041606594663315,0,0.3367842324464516,0
4,2,0,2015-01-04,2,0,0.792104167,0.7966966258834001,0.17496897311119972,0.003885541570143314,0.022207031915732273,0.7682767860335762,0.019941839396280525,0.8421513724117647,0.782447917,0.8124414838685521,0.011677685859370188,0.011581081923111242,0.7882186254298567,0.5746471345782986,1.0187461171885015,0.41822720231716637,1.1751660494496337,0.3947787837797892,0,0.33213771519737156,0
4,2,0,2015-01-05,3,0,0.804416667,0.7994022889890487,0.17452455461795116,0.01264689303763411,0.07246483490715228,0.7706924586817491,0.02107731528061689,0.8421513724117647,0.792104167,0.8135769597528884,0.011677685859370188,0.011581081923111242,0.7917697739623659,0.5779167999673105,1.020887778010787,0.4218941719217396,1.1769104060563578,0.38856241623919713,0,0.32702496130637526,0
4,2,0,2015-01-06,4,0,0.805909091,0.806577689810944,0.17446053877212334,0.004220518498268988,0.024191823136472942,0.77853073787452,0.023157834627211014,0.8421513724117647,0.804416667,0.8156574790994825,0.011677685859370188,0.011581081923111242,0.801688572501731,0.5851734419701351,1.027981937651753,0.4292080432383675,1.1839473363835205,0.37285516242010963,0,0.3141553195338968,0
4,2,0,2015-01-07,5,0,0.813371212,0.8092222304297341,0.17445127539250316,0.008122985025961427,0.04656305898415061,0.7811453488845698,0.024102878089468788,0.8421513724117647,0.805909091,0.8166025225617403,0.011677685859370188,0.011581081923111242,0.8052482269740385,0.5878297385516873,1.0306147223077808,0.4318726211579588,1.1865718397015093,0.36712513524591095,0,0.30947698263686324,0
4,2,0,2015-01-08,6,0,0.835757576,0.8113574639272743,0.1744499340545496,0.026612964322795474,0.1525535934824357,0.7861772094720721,0.022967402205132423,0.8421513724117647,0.813371212,0.8154670466774039,0.011677685859370188,0.011581081923111242,0.8091446116772045,0.5899666743133772,1.0327482535411712,0.4340107560579195,1.188704171796629,0.36252427374431,0,0.3057266032873924,0
4,2,0,2015-01-10,7,0,0.817102273,0.8199925189080124,0.17444973981016382,-0.006447318295736748,-0.036958027582917115,0.8026627084371986,0.020886882858538285,0.8421513724117647,0.835757576,0.8133865273308097,0.011677685859370188,0.011581081923111242,0.8235495912957368,0.5986019758056327,1.041383062010392,0.44264623120206953,1.1973388066139552,0.3441295125644039,0,0.29078238496827447,0
4,2,0,2015-01-11,8,0,0.820833333,0.8164514991743115,0.17444971168048662,0.0022225948148951735,0.012740604690513718,0.7986688987888243,0.019941839396280525,0.8421513724117647,0.817102273,0.8124414838685521,0.011677685859370188,0.011581081923111242,0.8186107381851049,0.5950609917707211,1.0378420065779017,0.4391052723147148,1.193797726033908,0.35163106114859244,0,0.2968674392525265,0
4,2,0,2015-01-12,9,0,0.880530303,0.8184818901214284,0.17444970760685372,0.05940729652628085,0.34054110689691336,0.8000456911931023,0.02107731528061689,0.8421513724117647,0.820833333,0.8135769597528884,0.011677685859370188,0.011581081923111242,0.8211230064737192,0.597091387887601,1.0398723923552557,0.4411356720733682,1.1958281081694886,0.3473224283702585,0,0.2933708826979286,0
4,2,0,2015-01-13,10,0,0.805909091,0.8444824162181637,0.1744497070169255,-0.054094445205145836,-0.3100861912017856,0.8368457015779348,0.023157834627211014,0.8421513724117647,0.880530303,0.8156574790994825,0.011677685859370188,0.011581081923111242,0.8600035362051458,0.623091914733002,1.0658729177033255,0.46713619944615714,1.2218286329901702,0.29404614754369307,0,0.2504260705758518,0
4,2,0,2015-01-14,11,0,0.247316017,0.8236466420917328,0.1744497069314943,-0.5801236125309597,-3.3254490519652857,0.8033367514414909,0.024102878089468788,0.8421513724117647,0.805909091,0.8166025225617403,0.011677685859370188,0.011581081923111242,0.8274396295309596,0.60225614071499,1.0450371434684755,0.44630042550451954,1.200992858678946,0.3364521225796727,1,0.284567104971754,0
4,2,0,2015-01-17,13,0,0.980909091,0.7024421639659539,0.20520815311175605,0.350318278928351,1.70713625953043,0.5872100676314004,0.04338074444024866,0.8421513724117647,0.247316017,0.8358803889125201,0.011677685859370188,0.011581081923111242,0.630590812071649,0.4420167571073016,0.9628675708246063,0.25856340055834937,1.1463209273735586,0.5916355051614183,0,0.5023008589137646,1
4,2,0,2015-01-21,17,0,0.912202112,0.860827047103698,0.2582400243234274,0.0343352666388389,0.1329587337547506,0.8411847823507377,0.03668206301042337,0.8421513724117647,0.980909091,0.8291817074826948,0.011677685859370188,0.011581081923111242,0.8778668453611611,0.5330999934666459,1.1885541007407499,0.30223685017030977,1.4194172440370862,0.3339023268174932,0,0.282505541154971,0
4,2,0,2015-01-22,18,0,0.649662222,0.9170102359574905,0.18118683367087818,-0.29431821298495064,-1.6243907298450453,0.8695573559793002,0.07442307900565044,0.8421513724117647,0.912202112,0.866922723477922,0.011677685859370188,0.011581081923111242,0.9439804349849507,0.6870697869029533,1.1469506850120277,0.5250911700918697,1.3089293018231114,0.17832766531026661,1,0.15782397752241809,0
4,2,0,2015-01-24,19,0,0.578314394,0.7079529889709981,0.17536918703149945,-0.08993709495728586,-0.5128443398732957,0.6790667872902363,-0.010815298332950446,0.8421513724117647,0.649662222,0.781684346139321,0.011677685859370188,0.011581081923111242,0.6682514889572858,0.4853955944883471,0.9305103834536491,0.32861787631128864,1.0872881016307077,0.5947429346268444,1,0.5051558233026889,1
4,2,0,2015-01-25,20,0,0.970075758,0.6705626212104396,0.17458176719706778,0.35883904219466534,2.055421066906764,0.6229970576005429,-0.011760341795208207,0.8421513724117647,0.578314394,0.7807393026770633,0.011677685859370188,0.011581081923111242,0.6112367158053347,0.44900452489231507,0.8921207175285641,0.2929307495627956,1.0481944928580837,0.6754508916054593,0,0.5818678581259316,1
4,2,0,2015-01-26,21,0,0.910378788,0.8349112638097119,0.17446880865123834,0.05902149606211793,0.3382925378948474,0.8394882962670436,0.011868995670838536,0.8421513724117647,0.970075758,0.80436864014311,0.011677685859370188,0.011581081923111242,0.8513572919378821,0.6134965208370062,1.0563260067824176,0.4575237289434227,1.2122987986760012,0.313240967796714,0,0.265844440581434,0
4,2,0,2015-01-27,22,0,0.788,0.8607596460877338,0.17445247268230263,-0.10200375425590347,-0.5847079877260534,0.8760542392384708,0.01394951501743266,0.8421513724117647,0.910378788,0.8064491594897042,0.011677685859370188,0.011581081923111242,0.8900037542559035,0.639365634754059,1.0821536574214086,0.4834074469991917,1.238111845176276,0.26274724629187574,0,0.22537221632991983,0
4,2,0,2015-01-28,23,0,0.902222222,0.8932075298183836,0.17445010743479247,0.0018862901237273189,0.010812777082595912,0.8128665074948117,0.08746942438146095,0.8421513724117647,0.788,0.8799690688537325,0.011677685859370188,0.011581081923111242,0.9003359318762727,0.6718165201712198,1.1145985394655473,0.5158604469161334,1.2705546127206337,0.2058492699546164,0,0.1799027788225613,0
4,2,0,2015-01-29,24,0,0.773333333,0.8519588752472422,0.174449764918298,-0.08616290908700341,-0.4939124402223015,0.8140349783001606,0.0454612637868428,0.8421513724117647,0.902222222,0.8379609082591143,0.011677685859370188,0.011581081923111242,0.8594962420870034,0.6305683002806508,1.0733494502138337,0.47461253323074987,1.2293052172637347,0.27945550092652904,0,0.2387360662262268,0
4,2,0,2015-01-31,25,0,0.971866667,0.815185341415736,0.17444971531654943,0.16782481269791705,0.9620239986828806,0.7606611098618343,0.04338074444024866,0.8421513724117647,0.773333333,0.8358803889125201,0.011677685859370188,0.011581081923111242,0.804041854302083,0.5937948293976938,1.0365758534337781,0.4378391066910957,1.192531576140376,0.35432766151077577,0,0.2990579233598018,0
4,2,0,2015-02-01,26,0,0.912766667,0.8818139985809523,0.17444970813341462,0.005710316733291698,0.03273331204959423,0.8646206492887174,0.0424357009779909,0.8421513724117647,0.971866667,0.8349353454502624,0.011677685859370188,0.011581081923111242,0.9070563502667083,0.6604234956788775,1.1032045014830272,0.5044677793939063,1.2591602177679984,0.22494487327776203,0,0.1951726286201769,0
4,2,0,2015-02-03,28,0,1.001416667,0.9572015360768669,0.20520815325972433,0.01773473433627204,0.08642314671496432,0.8681579204347318,0.11552401222899608,0.8421513724117647,0.912766667,0.9080236567012676,0.011677685859370188,0.011581081923111242,0.9836819326637279,0.6967761290304311,1.2176269431233027,0.5133227723491971,1.4010802998045366,0.15631617725401536,0,0.1400596146395531,0
4,2,0,2015-02-04,29,0,0.966759259,0.9558830662482765,0.17791810641148076,-0.020104285699184654,-0.11299741271238799,0.8810152971891524,0.10584824751003236,0.8421513724117647,1.001416667,0.8983478919823038,0.011677685859370188,0.011581081923111242,0.9868635446991847,0.7300908910977246,1.1816752413988283,0.5710344729336555,1.3407316595628975,0.12359965249700061,0,0.11336634481032529,0
4,2,0,2015-02-05,30,0,0.999924242,0.9666892155231137,0.17493671571325514,0.0067167102422579505,0.03839508598793831,0.8682662622854952,0.12494126947224682,0.8421513724117647,0.966759259,0.9174409139445183,0.011677685859370188,0.011581081923111242,0.993207531757742,0.7446806614120591,1.1886977696341683,0.5882895668351842,1.3450888642110432,0.10773349180436892,0,0.10023945266085271,0
4,2,0,2015-02-07,31,0,1.050666667,0.9802085504900119,0.17451992533416114,0.042478586676915286,0.24340250315589826,0.8724411582810511,0.13574692204203376,0.8421513724117647,0.999924242,0.9282465665143053,0.011677685859370188,0.011581081923111242,1.0081880803230847,0.7587289363962246,1.2016881645837991,0.6027104468687234,1.3577066541113003,0.0935684957098501,0,0.08838160837873214,0
4,2,0,2015-02-08,32,0,0.875555556,0.9632610497188611,0.17445986925242143,-0.12489929179641635,-0.7159198979778141,0.8987676389795722,0.1016872088168441,0.8421513724117647,1.050666667,0.8941868532891156,0.011677685859370188,0.011581081923111242,1.0004548477964164,0.7418576515516061,1.184664447886116,0.5858928513615373,1.3406292480761848,0.11077678537281188,0,0.10276887998841315,0
4,2,0,2015-02-09,33,0,1.057962963,0.9141029442164006,0.17445117845351713,0.1337473799143195,0.7666751299702843,0.8213928983845,0.10282268470118046,0.8421513724117647,0.875555556,0.895322329173452,0.011677685859370188,0.011581081923111242,0.9242155830856805,0.6927105753616084,1.1354953130711927,0.5367535446300428,1.2914523438027583,0.17343412754879833,0,0.15388464201094493,0
4,2,0,2015-02-10,34,0,0.966759259,0.9700366357938994,0.17444992001659398,-0.04238787763366658,-0.24298020675294418,0.904243932585892,0.10490320404777459,0.8421513724117647,1.057962963,0.897402848520046,0.011677685859370188,0.011581081923111242,1.0091471366336666,0.7486458639952804,1.1914274075925184,0.5926899582895682,1.3473833132982307,0.1035973437775109,0,0.09679194500336037,0
4,2,0,2015-02-11,35,0,0.912037037,0.9539144182421386,0.17444973777724782,-0.0717978184589726,-0.41156736246087183,0.8779866079489403,0.10584824751003236,0.8421513724117647,0.966759259,0.8983478919823038,0.011677685859370188,0.011581081923111242,0.9838348554589726,0.7325238777196905,1.1753049587645867,0.5765681349335271,1.3312607015507503,0.12122182345889893,0,0.11140803585163166,0
4,2,0,2015-02-12,36,0,0.601944444,0.9238699569715086,0.17444971138608753,-0.33627957344187687,-1.9276590988312485,0.8335112458161809,0.104712771625696,0.8421513724117647,0.912037037,0.8972124160979675,0.011677685859370188,0.011581081923111242,0.9382240174418769,0.7024794499415341,1.1452604640014832,0.5465237307487166,1.3012161831943008,0.15946073935597932,1,0.1426051418947954,0
4,2,0,2015-02-15,38,0,1.108125,0.7036979822588635,0.2052081536601605,0.4629812109155842,2.2561540692106923,0.6252019496881354,0.019941839396280525,0.8421513724117647,0.601944444,0.8124414838685521,0.011677685859370188,0.011581081923111242,0.6451437890844158,0.4432725747042424,0.9641233898134846,0.2598192176650239,1.1475767468527032,0.5892571066320406,0,0.5001201390061151,1
4,2,0,2015-02-17,40,0,0.5814,0.9391314320896023,0.20816469071590257,-0.4033179014701215,-1.9374942987836425,0.9227466998451835,0.061971201624937994,0.8421513724117647,1.108125,0.8544708460972095,0.011677685859370188,0.011581081923111242,0.9847179014701215,0.674953944737182,1.2033089194420226,0.48885748293622505,1.3894053812429794,0.18178953929067682,1,0.16060789316962154,0
4,2,0,2015-02-18,41,1,0.919125,0.7254901280858158,0.17817037449948966,0.25148281800984473,1.4114738138498164,0.6272197984846699,0.04042238350548538,0.8421513724117647,0.5814,0.8329220279777569,0.011677685859370188,0.011581081923111242,0.6676421819901552,0.4993778047420224,0.9516024514296092,0.34009586226620614,1.1108843939054256,0.5547075899018428,0,0.4688566417358486,1
4,2,0,2015-02-19,42,1,0.710125,0.8506775378191977,0.17497098094958302,-0.13861252774292598,-0.7922029526877172,0.7869567585400666,0.061780769202859395,0.8421513724117647,0.919125,0.8542804136751309,0.011677685859370188,0.011581081923111242,0.848737527742926,0.6286254984080881,1.0727295772303074,0.4722037711661754,1.2291513044722202,0.2825118794629258,1,0.24118305026897546,0
4,2,0,2015-02-22,43,1,0.8300625,0.8206360792116622,0.174524842675671,0.041528637769173815,0.2379525867635288,0.7007790245270259,0.08775483770380038,0.8421513724117647,0.710125,0.8802544821760718,0.011677685859370188,0.011581081923111242,0.7885338622308262,0.599150224621852,1.0421219338014724,0.44312733905651497,1.1981448193668094,0.34283664678060255,0,0.28973487963408456,0
4,2,0,2015-02-23,44,1,0.36871875,0.7461354878159574,0.1744605804312187,-0.3543230417775989,-2.0309633322427882,0.7265176557912472,-0.0034758640136483,0.8421513724117647,0.8300625,0.7890237804586232,0.011677685859370188,0.011581081923111242,0.7230417917775989,0.5247311871064554,0.9675397885254594,0.3687657511320112,1.1235052244999035,0.5088363298357714,1,0.42843420667078014,1
4,2,0,2015-02-24,45,1,0.325,0.5698122684651635,0.17445128142423688,-0.1460637253073196,-0.8372751642455213,0.5103609497355746,-0.03929722442825494,0.8421513724117647,0.36871875,0.7532024200440166,0.011677685859370188,0.011581081923111242,0.4710637253073196,0.3484197689323687,0.7912047679979584,0.1924626461463506,0.9471618907839765,0.8491706302646596,1,0.7708377871013873,1
4,2,0,2015-02-25,46,1,0.440375,0.5119449399383362,0.17444993492801786,0.05884680352132282,0.33732774704447094,0.4198803774446744,-0.03835218096599716,0.8421513724117647,0.325,0.7541474635062744,0.011677685859370188,0.011581081923111242,0.3815281964786772,0.2905541492159388,0.7333357306607337,0.13459823017961203,0.8892916496970604,0.9138112094810718,1,0.8550069693175246,1
4,2,0,2015-02-26,47,1,0.5565625,0.5345038294501063,0.1744497399366557,0.13971690956549543,0.8009006468924971,0.45633324728483804,-0.03948765685033352,0.8421513724117647,0.440375,0.753011987621938,0.011677685859370188,0.011581081923111242,0.41684559043450453,0.31311328618719847,0.7558943727130142,0.15715754147055316,0.9118501174296595,0.8916388642911985,1,0.8248566414676117,1
4,2,0,2015-02-28,48,1,0.5565625,0.5886795341082078,0.1744497116988047,0.055249391981788354,0.3167066969831336,0.5428812842151393,-0.04156817619692767,0.8421513724117647,0.5565625,0.7509314682753438,0.011677685859370188,0.011581081923111242,0.5013131080182116,0.3672890266813704,0.8100700415350452,0.21133330720898796,0.9660257610074277,0.8224491769821062,1,0.7388563189294383,1
4,2,0,2015-03-01,49,1,0.585,0.6099803416526218,0.17444970760950645,0.05040754927993585,0.2889517556129681,0.5771056703792495,-0.04251321965918542,0.8421513724117647,0.5565625,0.7499864248130861,0.011677685859370188,0.011581081923111242,0.5345924507200641,0.3885898394154279,0.8313708438898157,0.23263412359882363,0.98732655970642,0.7889074938385408,1,0.7004912202656813,1
4,2,0,2015-03-02,50,2,0.92885,0.6539059893290358,0.17444970701730966,0.33940311918255495,1.9455642831711828,0.6083307630105836,-0.018883882193138683,0.8421513724117647,0.585,0.7736157622791329,0.011677685859370188,0.011581081923111242,0.589446880817445,0.4325154878433865,0.875296490814685,0.27655977255619824,1.0312522061018732,0.7091285828980424,0,0.6155641337049066,1
4,2,0,2015-03-03,51,2,0.567377778,0.6433048223016731,0.17444970693154993,-0.08505339828645575,-0.48755254326582936,0.8185749415716507,-0.16614376528519495,0.8421513724117647,0.92885,0.6263558791870766,0.011677685859370188,0.011581081923111242,0.6524311762864557,0.4219143209248597,0.8646953236784864,0.26595860571433955,1.0206510388890067,0.729602075516562,1,0.6366228441230078,1
4,2,0,2015-03-04,52,2,0.5403125,0.6100414196881454,0.17444970691913056,-0.06041497866005163,-0.3463174557699781,0.7658883843920036,-0.16516090573195194,0.8421513724117647,0.567377778,0.6273387387403195,0.011677685859370188,0.011581081923111242,0.6007274786600516,0.3886509183270932,0.8314319210491976,0.23269520312767578,0.987387636248615,0.7888062682554374,1,0.7003781253443816,1
4,2,0,2015-03-05,53,2,0.950625,0.6479845621307669,0.17444970691733203,0.3250528564659527,1.8633041133166723,0.7284641627673583,-0.10289201923331091,0.8421513724117647,0.5403125,0.6896076252389606,0.011677685859370188,0.011581081923111242,0.6255721435340473,0.42659406077199724,0.8693750634895366,0.27063834557418764,1.0253307786873462,0.7206535959567072,0,0.627361941303253,1
4,2,0,2015-03-07,54,2,0.528125,0.8084868891077523,0.17444970691707157,-0.3284236748129279,-1.8826266929129962,0.9298190322013442,-0.07327035738841632,0.8421513724117647,0.950625,0.7192292870838551,0.011677685859370188,0.011581081923111242,0.8565486748129278,0.5870963877493132,1.0298773904661915,0.43114067255173644,1.1858331056637683,0.3687125791230546,1,0.3107722194880243,0
4,2,0,2015-03-08,55,2,0.884,0.7294999826457752,0.17444970691703385,0.177643257834467,1.0183064275307265,0.726376100243008,-0.020019358077475045,0.8421513724117647,0.528125,0.7724802863947965,0.011677685859370188,0.011581081923111242,0.706356742165533,0.5081094812873839,0.9508904840041665,0.3521537660898409,1.1068461992017096,0.5467730217488126,0,0.4617805180910267,1
4,2,0,2015-03-09,56,2,0.6825,0.8021624956844307,0.17444970691702838,-0.1350338136718987,-0.7740558356806146,0.8364176958650373,-0.018883882193138683,0.8421513724117647,0.884,0.7736157622791329,0.011677685859370188,0.011581081923111242,0.8175338136718987,0.5807719943260463,1.023552997042815,0.42481627912850817,1.1795087122403531,0.3824655761486667,1,0.3220214129751194,0
4,2,0,2015-03-10,57,2,0.741,0.7273785641832751,0.17444970691702757,0.027526588972508703,0.15779097287679023,0.7527706354557462,-0.03929722442825494,0.8421513724117647,0.6825,0.7532024200440166,0.011677685859370188,0.011581081923111242,0.7134734110274913,0.5059880628248917,0.9487690655416584,0.35003234762735436,1.1047247807391958,0.5515874704970902,1,0.46606967204598987,1
4,2,0,2015-03-11,58,2,0.819270833,0.7711092117384575,0.17444970691702746,0.056098777470399375,0.32157564757091467,0.7698220553041091,-0.006649999774508428,0.8421513724117647,0.741,0.7858496446977631,0.011677685859370188,0.011581081923111242,0.7631720555296007,0.5497187103800742,0.9924997130968407,0.393762995182537,1.148455428294378,0.45184370780594896,0,0.37966716730659655,0
5,3,0,2015-01-03,1,0,0.945277778,0.8465332252710134,0.20063273434751397,0.09874455272898675,0.4921657128888663,0.8573485236039637,-0.010815298332950446,0.85509635225,0.85509635225,0.8465332252710133,0.010044499235391455,0.01020899485636865,0.8465332252710133,0.5919143873773745,1.1011520631646523,0.4125513942822571,1.2805150562597696,0.3152070986384835,0,0.2674267724990558,0
5,3,0,2015-01-04,2,0,0.991388889,0.8886630855462886,0.16695301165262919,0.07693038501697147,0.46079063956651883,0.9310497191375063,-0.01659121515447779,0.85509635225,0.945277778,0.8407573084494859,0.010044499235391455,0.01020899485636865,0.9144585039830285,0.6767864845116562,1.100539686580921,0.5275327150624904,1.2497934560300867,0.20311350240037568,0,0.17771261969308508,0
5,3,0,2015-01-05,3,0,0.875390625,0.9214883619060221,0.16347262653885306,-0.08895689406028362,-0.544169968659193,0.979803258330425,-0.015455739270141428,0.85509635225,0.991388889,0.8418927843338223,0.010044499235391455,0.01020899485636865,0.9643475190602836,0.7140286453642117,1.1289480784478325,0.5678862938656647,1.2750904299463794,0.14708120896909987,0,0.13256610771546232,0
5,3,0,2015-01-06,4,0,0.899166667,0.9103302609808992,0.16297971540858786,-0.03478218398331501,-0.21341419020223812,0.9248302093251519,0.009118641658163075,0.85509635225,0.875390625,0.8664671652621269,0.010044499235391455,0.01020899485636865,0.933948850983315,0.703496087721351,1.1171644342404474,0.5577943922101819,1.2628661297516164,0.1626207846656888,0,0.14516036814472963,0
5,3,0,2015-01-07,5,0,0.83,0.9382288953308839,0.16290721670405456,-0.1243525886596164,-0.7633338238509199,0.9034162188289138,0.050936369830702634,0.85509635225,0.899166667,0.9082848934346663,0.010044499235391455,0.01020899485636865,0.9543525886596164,0.7314867286721384,1.1449710619896296,0.5858498460375067,1.290607944624261,0.1239559225972553,0,0.1136595076769897,0
5,3,0,2015-01-08,6,0,0.712626263,0.8648639406740318,0.16289649510958432,-0.14158065405386921,-0.8691448760676193,0.8268998846892133,0.02730703236465589,0.85509635225,0.83,0.8846555559686197,0.010044499235391455,0.01020899485636865,0.8542069170538692,0.6581353805682411,1.0715925007798226,0.5125080828963084,1.2172197984517552,0.24036326526908874,1,0.2074894612554964,0
5,3,0,2015-01-10,7,0,0.930340376,0.8061619889125782,0.16289490825318964,0.16532387431558582,1.0149112460815584,0.7397899886663524,0.025226513018061753,0.85509635225,0.712626263,0.8825750366220255,0.010044499235391455,0.01020899485636865,0.7650165016844142,0.5994354426532937,1.0128885351718626,0.4538095636098491,1.1585144142153072,0.365132002433572,0,0.3078516372097222,0
5,3,0,2015-01-11,8,0,0.93532197,0.8304603596810706,0.16289467336156824,0.11040612119422999,0.6777761292977804,0.8415070639602478,-0.01659121515447779,0.85509635225,0.930340376,0.8407573084494859,0.010044499235391455,0.01020899485636865,0.82491584880577,0.6237341115178664,1.0371866078442749,0.4781084424644037,1.1828122768977374,0.31067391997579663,0,0.2637794017368176,0
5,3,0,2015-01-12,9,0,0.905454545,0.9299452645231154,0.16289463859153785,-0.04272110890101233,-0.26226221605817557,0.9094353503979546,0.03874030350305768,0.85509635225,0.93532197,0.8960888271070214,0.010044499235391455,0.01020899485636865,0.9481756539010123,0.723219060485835,1.136671468560396,0.5775934225163164,1.2822971065299145,0.13465071271467582,0,0.12243153197139892,0
5,3,0,2015-01-13,10,0,0.901262626,0.9043200432990615,0.16289463344466137,-0.01208822769803608,-0.07420887626812271,0.8831508390296057,0.030200014668430357,0.85509635225,0.905454545,0.8875485382723941,0.010044499235391455,0.01020899485636865,0.913350853698036,0.6975938457935751,1.1110462408045478,0.5519682124252956,1.2566718741728273,0.17172739652509866,0,0.1525094949424908,0
5,3,0,2015-01-14,11,0,0.820833333,0.8750971782166048,0.16289463268278837,-0.06069157241175982,-0.3725817813159449,0.8757134584472638,0.005811446964496092,0.85509635225,0.901262626,0.8631599705684598,0.010044499235391455,0.01020899485636865,0.8815249054117599,0.6683709816779957,1.081823374755214,0.5227453489908205,1.2274490074423892,0.22125435113762015,0,0.19222334653338188,0
5,3,0,2015-01-22,18,0,0.460578704,0.8969433089434531,0.29462120889791293,-0.4297229876672104,-1.4585609409270688,0.8383724742432703,0.05192921742394002,0.85509635225,0.820833333,0.9092777410279038,0.010044499235391455,0.01020899485636865,0.8903016916672104,0.5230456492601088,1.2708409686267974,0.2596582113672439,1.5342284065196623,0.3089765848145981,1,0.26241454592734687,0
5,3,0,2015-01-24,19,0,0.895454545,0.5877304805189097,0.1710607477584244,0.4470793885783767,2.6135708772286654,0.4591904547545737,-0.010815298332950446,0.85509635225,0.460578704,0.8465332252710133,0.010044499235391455,0.01020899485636865,0.4483751564216233,0.370640836871701,0.8048201241661185,0.21771480603818827,0.9577461549996312,0.8285898791240373,0,0.7460862351344225,1
5,3,0,2015-01-25,20,0,0.961784512,0.7434527829062316,0.1640144022539961,0.2797208957184676,1.7054654461703065,0.6819509046762517,0.00011271160528072109,0.85509635225,0.895454545,0.8574612352092444,0.010044499235391455,0.01020899485636865,0.6820636162815324,0.5353055100519514,0.9516000557605119,0.3886788182777742,1.0982267475346892,0.5159209688792249,0,0.43460342085300163,1
5,3,0,2015-01-26,21,0,1.059621212,0.8680263479405192,0.1630586117562148,0.1922362640087102,1.1789396581894014,0.8555159523204512,0.011868995670838536,0.85509635225,0.961784512,0.8692175192748023,0.010044499235391455,0.01020899485636865,0.8673849479912897,0.6610920489641374,1.074960646916901,0.5153198211686896,1.220732874712349,0.2345857455260666,0,0.20287471340041413,0
5,3,0,2015-01-27,22,0,0.861875,0.9654610368609826,0.1629188673789782,-0.14439290038229835,-0.8862871606295595,0.9739395622362942,0.03232833814600407,0.85509635225,1.059621212,0.8896768617499679,0.010044499235391455,0.01020899485636865,1.0062679003822983,0.758704084572567,1.1722179891493982,0.6130567863896816,1.3178652873322836,0.09300000216441834,0,0.08790250916301995,0
5,3,0,2015-01-29,24,0,0.4925,0.898344068596809,0.1912598468631956,-0.4155515300978852,-2.172706592174159,0.8850841278927528,0.022967402205132423,0.85509635225,0.861875,0.8803159258090961,0.010044499235391455,0.01020899485636865,0.9080515300978852,0.655620167622244,1.1410679695713741,0.48463641113873157,1.3120517260548865,0.21898807405052018,1,0.19041189741440132,0
5,3,0,2015-01-31,25,0,0.971866667,0.7170166504486307,0.16617255775199724,0.3416601159434538,2.056056189815417,0.609319668198008,0.020886882858538285,0.85509635225,0.4925,0.878235406462502,0.010044499235391455,0.01020899485636865,0.6302065510565462,0.506130507256557,0.9279027936407045,0.35757445320286413,1.0764588476943973,0.5786685776969499,0,0.490457546954542,1
5,3,0,2015-02-16,39,0,0.864583333,0.6583205097650731,0.39656851097835055,0.2197574063333224,0.55414739256824,0.8187925718942626,-0.17396664522758493,0.85509635225,0.971866667,0.6833818783763788,0.010044499235391455,0.01020899485636865,0.6448259266666776,0.1550436455041163,1.1615973740260297,-0.1994833230270896,1.5161243425572357,0.5914132823654166,0,0.502096943424385,1
5,3,0,2015-02-17,40,0,0.7866,0.8376149433719395,0.17262609826846445,-0.10944249237530823,-0.6339857847282488,1.0242843778993025,-0.12824188552399426,0.85509635225,0.864583333,0.7291066380799694,0.010044499235391455,0.01020899485636865,0.8960424923753082,0.6185387458901394,1.0566911408537396,0.4642133125431891,1.21101657420069,0.3058873926044886,0,0.2599315640263363,0
5,3,0,2015-02-18,41,1,0.2565,0.7284265992631396,0.16421031178258716,-0.5051720029623958,-3.076371985891109,0.9523353913161245,-0.19066338835372865,0.85509635225,0.7866,0.6666851352502351,0.010044499235391455,0.01020899485636865,0.7616720029623959,0.5200307016933344,0.9368224968329447,0.37322886940911915,1.0836243291171601,0.5522613206158546,1,0.4666710840669586,1
5,3,0,2015-02-19,42,1,0.81640625,0.6355117176404911,0.16308693979618155,0.21907717736334176,1.3433152748904,0.7482552521644414,-0.15092617952778326,0.85509635225,0.2565,0.7064223440761805,0.010044499235391455,0.01020899485636865,0.5973290726366582,0.428541468136696,0.8424819671442861,0.28274391545070393,0.9882795198302783,0.7586628094159042,0,0.6673480769912954,1
5,3,0,2015-02-22,43,1,0.8721,0.7427220086610506,0.16292304627109983,0.12031494820940469,0.7384771581621649,0.8832429325455201,-0.13145788075492476,0.85509635225,0.81640625,0.725890642849039,0.010044499235391455,0.01020899485636865,0.7517850517905953,0.5359597530274001,0.9494842642947012,0.39030871897059954,1.0951352983515017,0.5178153622076727,0,0.4362573992347933,1
5,3,0,2015-02-23,44,1,0.87115,1.0005759773826381,0.16289883737376232,-0.16440333419820086,-1.0092357738624405,0.9572838287912855,0.07826950540691527,0.85509635225,0.8721,0.935618029010879,0.010044499235391455,0.01020899485636865,1.0355533341982008,0.7938444447580061,1.2073075100072703,0.6482150531330855,1.3529369016321908,0.06199612001739248,0,0.06128447347375323,0
5,3,0,2015-02-24,45,1,0.811388889,0.90617883266437,0.16289525494955423,-0.09436348603324851,-0.5792893480075353,0.856130073229331,0.049622301803917516,0.85509635225,0.87115,0.9069708254078812,0.010044499235391455,0.01020899485636865,0.9057523750332485,0.699451846419927,1.1129058189088132,0.5538256574345486,1.2585320078941915,0.16883770083288646,0,0.1501796864938614,0
5,3,0,2015-02-25,46,1,0.900833333,0.9208795515865825,0.16289472468130162,0.0007006022769111553,0.004300951294045043,0.7980718925654103,0.10206083815767857,0.85509635225,0.811388889,0.9594093617616423,0.010044499235391455,0.01020899485636865,0.9001327307230889,0.7141532382945701,1.127605864878595,0.5685275233619491,1.273231579811216,0.14708484174094627,0,0.1325690610359855,0
5,3,0,2015-02-26,47,1,0.921703704,0.8910246279071734,0.16289464618819816,0.05127502890993241,0.3147741814098205,0.7985029441265183,0.0719257309635493,0.85509635225,0.900833333,0.929274254567513,0.010044499235391455,0.01020899485636865,0.8704286750900676,0.6842984142291291,1.0977508415852177,0.5386727694682973,1.2433764863460495,0.19331601435448098,0,0.1698618961931215,0
5,3,0,2015-02-28,48,1,0.921703704,0.9094499071183081,0.16289463456916664,0.02180816586002088,0.13387896978743594,0.8300503265230239,0.06984521161695517,0.85509635225,0.921703704,0.927193735220919,0.010044499235391455,0.01020899485636865,0.8998955381399791,0.7027237081857354,1.1161761060508808,0.5570980738121631,1.261801740424453,0.16382630074589483,0,0.1461344370947295,0
5,3,0,2015-03-01,49,1,0.936355556,0.9687198302483535,0.1628946328492447,-0.027506083416609206,-0.1688581320052789,0.8434679783704084,0.12039366104620072,0.85509635225,0.921703704,0.9777421846501645,0.010044499235391455,0.01020899485636865,0.9638616394166092,0.761993633498498,1.175446026998209,0.6163680006625132,1.3210716598341938,0.08968336751135769,0,0.08510197824503653,0
5,3,0,2015-03-02,50,2,0.86037037,0.9547400954733266,0.16289463259465103,-0.08358836499207678,-0.5131437645344588,0.8265446365146787,0.11741409847739812,0.85509635225,0.936355556,0.9747626220813619,0.010044499235391455,0.01020899485636865,0.9439587349920768,0.7480138990465707,1.1614662919000824,0.6023882664381892,1.307091924508464,0.10439733453714245,0,0.09745964971796085,0
5,3,0,2015-03-03,51,2,0.902962963,0.8760136859009975,0.16289463255696449,0.05573058537747633,0.34212659129813416,0.7751162142368958,0.0721161633856279,0.85509635225,0.86037037,0.9294646869895916,0.010044499235391455,0.01020899485636865,0.8472323776225237,0.6692874895220688,1.0827398822799261,0.5236618569473785,1.2283655148546164,0.2195865945697224,0,0.1908903271877813,0
5,3,0,2015-03-04,52,2,0.939166667,0.8583736973749176,0.16289463255138587,0.09757323413020158,0.5989960049753122,0.8094049107321944,0.032188522137603884,0.85509635225,0.902962963,0.8895370457415677,0.010044499235391455,0.01020899485636865,0.8415934328697984,0.6516475010030687,1.0650998937467666,0.5060218684333656,1.2107255263164696,0.2529295148452636,0,0.2175270892658818,0
5,3,0,2015-03-05,53,2,0.810111111,0.9371321786750013,0.1628946325505601,-0.13125225757903347,-0.8057494315430848,0.8694376376154842,0.0719257309635493,0.85509635225,0.939166667,0.929274254567513,0.010044499235391455,0.01020899485636865,0.9413633685790335,0.7304059823042003,1.1438583750458025,0.5847803497352355,1.2894840076147671,0.12532071747258816,0,0.11478196079953623,0
5,3,0,2015-03-08,55,2,0.951944444,0.8591226410739813,0.1912567921647062,0.11685452013530995,0.6109823280664322,0.788683617291703,0.04640630657298703,0.85509635225,0.810111111,0.9037548301769508,0.010044499235391455,0.01020899485636865,0.83508992386469,0.6164026167538517,1.101842665394111,0.44542159113011565,1.272823691017847,0.2841504485394182,0,0.24249527656552303,0
5,3,0,2015-03-09,56,2,0.795416667,0.9150149090108699,0.16617228390097474,-0.1250499512914145,-0.7525319406811196,0.8729248358340911,0.04754178245732339,0.85509635225,0.951944444,0.9048903060612872,0.010044499235391455,0.01020899485636865,0.9204666182914145,0.7041291133574434,1.1259007046642964,0.5555733041229185,1.2744565138988213,0.160346427035431,0,0.14332159268878242,0
5,3,0,2015-03-10,57,2,0.894444444,0.8658642203447016,0.16336487198636568,0.05071454945854914,0.31043729806724757,0.7941075927375334,0.049622301803917516,0.85509635225,0.795416667,0.9069708254078812,0.010044499235391455,0.01020899485636865,0.8437298945414509,0.6585412528683979,1.0731871878210053,0.5124952325050298,1.2192332081843733,0.23908907156264825,0,0.20647173191586154,0
5,3,0,2015-03-11,58,2,0.786631944,0.8462911386490769,0.16296392535773868,-0.04848501629711821,-0.29751993387913195,0.8254222997412247,0.009694660555893506,0.85509635225,0.894444444,0.8670431841598573,0.010044499235391455,0.01020899485636865,0.8351169602971182,0.6394770042152496,1.0531052730829042,0.4937894247992962,1.1987928524988576,0.2773024399801942,0,0.23701279374024234,0
6,4,0,2015-01-01,0,0,0.593055556,0.8879159967309276,0.2076308935689491,-0.29486044073092754,-1.4201183439641254,0.8149054062967203,0.07301059043420727,0.8420907480294118,0.8420907480294118,0.8879159967309276,0.011677685859370188,0.01143290210487007,0.8879159967309276,0.6244159402557281,1.151416053206127,0.4387966859966739,1.3370353074651813,0.25326951070402787,1,0.21779871236574572,0
6,4,0,2015-01-03,1,0,0.988024691,0.7824962348919369,0.17751476355280504,0.28136072607274465,1.5849990189072285,0.5982417778262016,0.10842218710105375,0.8420907480294118,0.593055556,0.923327593397774,0.011677685859370188,0.01143290210487007,0.7066639649272554,0.5572159337896688,1.0077765359942048,0.3985200987707723,1.1664723710131013,0.4273746255271073,0,0.3591465003082711,0
6,4,0,2015-01-04,2,0,0.861679012,0.9029129565217109,0.1743428799208467,-0.028149077797747335,-0.16145814392034408,0.7775200727996817,0.11230801699806559,0.8420907480294118,0.988024691,0.9272134232947858,0.011677685859370188,0.01143290210487007,0.8898280897977473,0.6816580270863823,1.1241678859570394,0.5257978138010363,1.2800280992423856,0.19022112091452026,0,0.1673792643893894,0
6,4,0,2015-01-05,3,0,0.893663194,0.8701398431917058,0.17390552836373396,0.04275460933444364,0.24584962730465806,0.7599589533648649,0.09094963130069156,0.8420907480294118,0.861679012,0.9058550375974118,0.011677685859370188,0.01143290210487007,0.8509085846655564,0.6494399475378047,1.0908397388456068,0.4939707207212104,1.2463089656622013,0.24483494866359168,0,0.2110611138268663,0
6,4,0,2015-01-06,4,0,0.966781346,0.9013781875121916,0.1738432507497753,0.07532723232058725,0.43330547487869386,0.7865509096316381,0.10490320404777459,0.8420907480294118,0.893663194,0.9198086103444949,0.011677685859370188,0.01143290210487007,0.8914541136794127,0.6807573270852414,1.1219990479391417,0.5253437756263039,1.2774125993980792,0.19193877476931015,0,0.1687572906857582,0
6,4,0,2015-01-07,5,0,0.827186544,0.9327631513435073,0.17383434252019953,-0.11204325986329822,-0.6445404184174873,0.8333815563532658,0.10584824751003236,0.8420907480294118,0.966781346,0.9207536538067527,0.011677685859370188,0.01143290210487007,0.9392298038632982,0.712153596165771,1.1533727065212436,0.5567480085454618,1.3087782941415527,0.14654574589199781,0,0.13213074361982763,0
6,4,0,2015-01-08,6,0,0.919905405,0.8969743498033018,0.17383306746125127,0.040842782435340674,0.2349540454634435,0.7637290427577418,0.11533357980691748,0.8420907480294118,0.827186544,0.9302389861036378,0.011677685859370188,0.01143290210487007,0.8790626225646593,0.6763664127764057,1.117582286830198,0.5209619650418189,1.2729867345647847,0.19891828825909996,0,0.17435246538793456,0
6,4,0,2015-01-10,7,0,0.911589744,0.9113973228684098,0.1738328849418197,0.009217652456239178,0.05302594189427532,0.7891190310834375,0.11325306046032335,0.8420907480294118,0.919905405,0.9281584667570436,0.011677685859370188,0.01143290210487007,0.9023720915437609,0.6907896174731352,1.1320050282636844,0.5353853329084899,1.2874093128283297,0.17658384379901587,0,0.15642076174174135,0
6,4,0,2015-01-11,8,0,0.925643939,0.9141768851717578,0.17383285881457128,0.018486728202180558,0.1063477200354881,0.7948491937997538,0.11230801699806559,0.8420907480294118,0.911589744,0.9272134232947858,0.011677685859370188,0.01143290210487007,0.9071572107978194,0.6935692129340316,1.134784557409484,0.5381649517267986,1.290188818616717,0.1724692216318089,0,0.1531072783619987,0
6,4,0,2015-01-12,9,0,0.942213805,0.6187078178740556,0.17383285507450705,0.32650335976583156,1.8782603531759743,0.8063414844684711,-0.19063103923430266,0.8420907480294118,0.925643939,0.6242743670624176,0.011677685859370188,0.01143290210487007,0.6157104452341684,0.39810015038276736,0.8393154853653438,0.2426958925191019,0.9947197432290094,0.7749589899706997,0,0.6850479330422805,1
6,4,0,2015-01-13,10,0,0.952020202,0.7118468625131961,0.17383285453912406,0.17213082981747596,0.9902088432813199,1.0093125767805144,-0.22942320459799034,0.8420907480294118,0.942213805,0.5854822016987299,0.011677685859370188,0.01143290210487007,0.7798893721825241,0.49123919570135127,0.9324545293250408,0.33583493831631106,1.087858786710081,0.5868625989913482,0,0.497928505232383,1
6,4,0,2015-01-14,11,0,0.908080808,0.7414726512444574,0.173832854462485,0.06111380017429191,0.35156645366760014,1.1163178536717224,-0.2693508458460143,0.8420907480294118,0.952020202,0.5455545604507059,0.011677685859370188,0.01143290210487007,0.8469670078257081,0.5208649845298736,0.9620803179590411,0.3654607272133477,1.117484575275567,0.5195622172542953,0,0.4377842175152793,1
6,4,0,2015-01-15,12,0,0.988636364,0.8573977927866419,0.17383285445151428,0.01244720857263415,0.07160446517379108,1.1543092995559314,-0.17812014412856564,0.8420907480294118,0.908080808,0.6367852621681547,0.011677685859370188,0.01143290210487007,0.9761891554273658,0.6367901260859807,1.078005459487303,0.4813858687792626,1.233409716794021,0.26834628111256786,0,0.229848385201438,0
6,4,0,2015-01-19,15,0,0.977272727,1.1163704524456985,0.23145892293224676,-0.2605973243166865,-1.1258901623462976,1.1620471173566855,0.07582293396000106,0.8420907480294118,0.988636364,0.8907283402567213,0.011677685859370188,0.01143290210487007,1.2378700513166865,0.8226307385910125,1.4101101663003845,0.6157095433498019,1.6170313615415952,0.05672502337232285,0,0.05663845175416367,0
6,4,0,2015-01-21,17,0,0.978525641,0.9839406769138044,0.20923984985258345,-0.05517022247579095,-0.2636697670862421,0.9570630821881105,0.07663278128768036,0.8420907480294118,0.977272727,0.8915381875844006,0.011677685859370188,0.01143290210487007,1.033695863475791,0.7183987274220294,1.2494826264055794,0.5313410876685523,1.4365402661590565,0.13177275558029405,0,0.12007616151433856,0
6,4,0,2015-01-22,18,0,0.670216049,0.9273094506259978,0.17764554961229978,-0.29258144713754286,-1.6469956482224488,0.9162998220439917,0.04649767409355111,0.8420907480294118,0.978525641,0.8614030803902714,0.011677685859370188,0.01143290210487007,0.9627974961375428,0.7018631716508291,1.1527557296011666,0.543050415636152,1.3115684856158436,0.1591134869037938,1,0.14232418159410648,0
6,4,0,2015-01-24,19,0,0.651515152,0.7814553425814557,0.17436038907698118,-0.10012376764579578,-0.5742345963772226,0.7297156264805492,0.02192329316524659,0.8420907480294118,0.670216049,0.8368286994619668,0.011677685859370188,0.01143290210487007,0.7516389196457958,0.5601781926395785,1.002732492523333,0.4043023264017814,1.15860835876113,0.42841763747764716,1,0.36001667428601214,0
6,4,0,2015-01-25,20,0,0.952020202,0.739904211409101,0.1739080114032395,0.26379722998584176,1.516877962419895,0.6672447223111695,0.02097824970298883,0.8420907480294118,0.651515152,0.835883655999709,0.011677685859370188,0.01143290210487007,0.6882229720141583,0.5192011645813129,0.9606072582368891,0.3637297179604622,1.1160787048577399,0.5231465806818745,0,0.44092210366499796,1
6,4,0,2015-01-26,21,0,0.963699495,0.8476891005699501,0.17384360571749055,0.11026502667610127,0.6342771494011149,0.8313207427365735,0.022113725587325196,0.8420907480294118,0.952020202,0.8370191318840454,0.011677685859370188,0.01143290210487007,0.8534344683238987,0.6270677896608419,1.0683104114790583,0.47165392086549324,1.2237242802744068,0.2870795769522721,0,0.24484169614850806,0
6,4,0,2015-01-27,22,0,0.940625,0.9260302810738161,0.17383439332343228,-0.015143676501648051,-0.0871155368746395,0.8998722503762401,0.05589642612540805,0.8420907480294118,0.963699495,0.8708018324221283,0.011677685859370188,0.01143290210487007,0.9557686765016481,0.705420661422752,1.1466399007248804,0.5500150283850289,1.3020455337626033,0.1556179684779384,0,0.13949401625096222,0
6,4,0,2015-01-28,23,0,0.722638889,0.9208561069994561,0.17383307473343743,-0.2246606501383399,-1.2923930068132519,0.8904580695506741,0.056841469587665824,0.8420907480294118,0.940625,0.871746875884386,0.011677685859370188,0.01143290210487007,0.9472995391383399,0.7002481607435795,1.1414640532553326,0.5448437065077552,1.296868507491157,0.1628345897640095,1,0.14533315308068293,0
6,4,0,2015-01-29,24,0,0.989,0.8105623531480006,0.1738328859828151,0.2008754596261796,1.1555664999201467,0.7507973697990623,0.03732717057475805,0.8420907480294118,0.722638889,0.8522325768714784,0.011677685859370188,0.01143290210487007,0.7881245403738204,0.5899546464316203,1.031170059864381,0.43455036093633903,1.1865743453596622,0.36377211364314566,0,0.3067432558374491,0
6,4,0,2015-01-31,25,0,0.971866667,0.8977843051985179,0.1738328589635877,0.052814124783724936,0.30382129764538807,0.8756717977760264,0.04338074444024866,0.8420907480294118,0.989,0.8582861507369689,0.011677685859370188,0.01143290210487007,0.9190525422162751,0.6771766327716782,1.1183919776253577,0.5217723714312263,1.2737962389658095,0.197620368123608,0,0.1733124687913631,0
6,4,0,2015-02-01,26,0,0.845069444,0.9284247569750629,0.17383285509583846,-0.11611473132022099,-0.6679676937722964,0.9085037444257433,0.05268043089447756,0.8420907480294118,0.971866667,0.8675858371911979,0.011677685859370188,0.01143290210487007,0.9611841753202209,0.7078170894567034,1.1490324244934225,0.5524128315739679,1.3044366823761577,0.15234786026058794,0,0.13684299613326573,0
6,4,0,2015-02-02,27,0,0.809236111,0.8826413986535118,0.1738328545421776,-0.08090071834934565,-0.46539371721423617,0.8363209225705318,0.05381590677881393,0.8420907480294118,0.845069444,0.8687213130755342,0.011677685859370188,0.01143290210487007,0.8901368293493457,0.6620337318377918,1.1032490654692317,0.5066294744500217,1.2586533228570018,0.22271980939321906,0,0.19339454747023224,0
6,4,0,2015-02-03,28,0,0.5375,0.8520321177181222,0.17383285446292213,-0.30442534826211887,-1.7512532323229588,0.7860289221367108,0.05589642612540805,0.8420907480294118,0.809236111,0.8708018324221283,0.011677685859370188,0.01143290210487007,0.8419253482621188,0.6314244510029836,1.0726397844332607,0.47602019368606696,1.2280440417501772,0.27861685927736124,1,0.23806478428717975,0
6,4,0,2015-02-07,31,0,0.447916667,0.6858784013166872,0.2314589229334732,-0.16161876797934838,-0.6982611252615284,0.5967826453328948,0.012752789646453537,0.8420907480294118,0.5375,0.8276581959431738,0.011677685859370188,0.01143290210487007,0.6095354349793484,0.3921386874604447,0.9796181151729297,0.18521749221813766,1.1865393104152369,0.6091223492170212,1,0.5184546811285248,1
6,4,0,2015-02-10,34,0,0.796755556,0.6087814307026345,0.2354973473857566,0.3088119595586959,1.3113182079832357,0.469654451264348,0.01828914517695613,0.8420907480294118,0.447916667,0.8331945514736764,0.011677685859370188,0.01143290210487007,0.48794359644130414,0.30991663621433213,0.9076462251909367,0.09938514328303771,1.1181777181222312,0.7256338997914304,0,0.6325050272622481,1
6,4,0,2015-02-11,35,0,1.033155556,0.7690741119091615,0.17940621866556541,0.29911670418217773,1.6672593982919117,0.7148046631786085,0.0192341886392139,0.8420907480294118,0.796755556,0.8341395949359341,0.011677685859370188,0.01143290210487007,0.7340388518178224,0.5413934043911346,0.9967548194271885,0.38100663368602977,1.1571415901322932,0.45766502186430386,0,0.3845833436999224,0
6,4,0,2015-02-12,36,0,1.096633333,0.8933030706954759,0.17459222022681886,0.1708615960347436,0.9786323572308739,0.9076730242103789,0.018098712754877535,0.8420907480294118,1.033155556,0.8330041190515978,0.011677685859370188,0.01143290210487007,0.9257717369652564,0.671731708654306,1.1148744327366458,0.5156485884553704,1.2709575529355814,0.20588372725892468,0,0.17993035919223133,0
6,4,0,2015-02-14,37,0,0.902916667,1.0213296519974173,0.1739408145292827,-0.1882537295003346,-1.0822861213441215,1.0144503905907696,0.07672000590956503,0.8420907480294118,1.096633333,0.8916254122062853,0.011677685859370188,0.01143290210487007,1.0911703965003345,0.8005849754033822,1.2420743285914524,0.6450842032246202,1.3975751007702144,0.05939218159263925,0,0.05899475088626131,0
6,4,0,2015-02-15,38,0,0.287041667,0.9442588971081234,0.1738482936569517,-0.6860672069195597,-3.946355713294203,0.8973339114722525,0.07577496244730725,0.8420907480294118,0.902916667,0.8906803687440275,0.011677685859370188,0.01143290210487007,0.9731088739195597,0.7236316368323696,1.1648861573838771,0.5682135770815624,1.3203042171346844,0.13191066730748124,1,0.12018911417346657,0
6,4,0,2015-02-16,39,0,0.722333333,0.7758847331028045,0.17383506423408818,-0.0067421415250839,-0.03878470408021283,0.6811646675032332,0.04791080702185073,0.8420907480294118,0.287041667,0.862816213318571,0.011677685859370188,0.01143290210487007,0.7290754745250839,0.5552742620129554,0.9964952041926536,0.3998680291900393,1.1519014370155696,0.440814699925089,1,0.3703898032393737,0
6,4,0,2015-02-17,40,0,0.656666667,0.6921520403575069,0.17383317076975396,0.012790848224392581,0.07358117077283458,0.6769733446341503,-0.033097525858542906,0.8420907480294118,0.722333333,0.7818078804381774,0.011677685859370188,0.01143290210487007,0.6438758187756074,0.47154397222393485,0.9127601084910789,0.31613943213292206,1.0681646485820917,0.6303492943724127,1,0.5383626868009203,1
6,4,0,2015-02-18,41,1,0.734645833,0.698265532361428,0.17383289973016258,0.08187351146726818,0.4709897355124308,0.6849248039290169,-0.03215248239628513,0.8420907480294118,0.656666667,0.7827529239004352,0.011677685859370188,0.01143290210487007,0.6527723215327318,0.4776578081985744,0.9188732565242815,0.32225351041334743,1.0742775543095084,0.6169997074318896,1,0.5258031237463325,1
6,4,0,2015-02-19,42,1,0.684027778,0.7302129467126792,0.1738328609314927,-0.01850582185699179,-0.10645755789686341,0.7358215581376133,-0.0332879582806215,0.8420907480294118,0.734645833,0.7816174480160988,0.011677685859370188,0.01143290210487007,0.7025335998569918,0.5096052717884121,0.9508206216369464,0.3542010086886795,1.106224884736679,0.5453129435496628,1,0.4604824096102712,1
6,4,0,2015-03-01,49,1,0.673083333,0.6491563153464848,0.31667645438985503,0.05563282065843278,0.17567716161790847,0.7243173977112416,-0.10686688536967433,0.8420907480294118,0.684027778,0.7080385209270459,0.011677685859370188,0.01143290210487007,0.6174505123415672,0.24726880149063862,1.051043829202331,-0.0358357322078906,1.3341483629008601,0.6249258780635601,1,0.5332437906564758,1
6,4,0,2015-03-02,50,2,0.806879167,0.7140327231765629,0.1823186193136869,0.10730061180683381,0.5885334817187189,0.7736077834870154,-0.07402922829384923,0.8420907480294118,0.673083333,0.740876178002871,0.011677685859370188,0.01143290210487007,0.6995785551931661,0.4826559484593473,0.9454094978937784,0.31966553035324347,1.1083999159998823,0.5781946255796674,0,0.4900267647338468,1
6,4,0,2015-03-03,51,2,0.555430556,0.793571940222055,0.1749604278629378,-0.2483253405118787,-1.4193228922966181,0.8440024242676452,-0.040246527755766454,0.8420907480294118,0.806879167,0.7746588785409538,0.011677685859370188,0.01143290210487007,0.8037558965118787,0.5715332935141179,1.015610586929992,0.4151210005911523,1.1720228798529577,0.4016653727746702,1,0.3378152956996032,0
6,4,0,2015-03-04,52,2,0.806058333,0.6933907832706889,0.17399263397172549,0.15693616289297707,0.9019701541990556,0.6884236544005315,-0.03930148429350867,0.8420907480294118,0.555430556,0.7756039220032116,0.011677685859370188,0.01143290210487007,0.6491221701070229,0.4725803436980552,0.9142012228433227,0.3170332456277219,1.069748320913656,0.6275434546784264,0,0.535711548773556,1
6,4,0,2015-03-05,53,2,0.812625,0.7557398335131604,0.17385569358491235,0.06696980404376307,0.38520339865116093,0.786092156134082,-0.04043696017784504,0.8420907480294118,0.806058333,0.7744684461188752,0.011677685859370188,0.01143290210487007,0.745655195956237,0.5351031821424592,0.9763764848838616,0.3796785069545847,1.1318011600717361,0.4868313409499862,0,0.4094304576779339,1
6,4,0,2015-03-07,54,2,0.664875,0.7807243342564762,0.1738361231530641,-0.1203381690556582,-0.692250648903965,0.8277306485800974,-0.04251747952443918,0.8420907480294118,0.812625,0.7723879267722811,0.011677685859370188,0.01143290210487007,0.7852131690556582,0.5601125193145386,1.0013361491984138,0.4047053398321575,1.156743328680795,0.42985509478826067,1,0.36121656903166677,0
6,4,0,2015-03-08,55,2,0.890604167,0.7628549476739493,0.17383332234446325,0.14944389761781518,0.8596964931825979,0.7529206111773931,-0.011760341795208207,0.8420907480294118,0.664875,0.803145064501512,0.011677685859370188,0.01143290210487007,0.7411602693821848,0.5422466871800605,0.9834632081678382,0.3868420115832759,1.1388678837646227,0.4705251459227793,0,0.3954935228479338,1
6,4,0,2015-03-09,56,2,0.7953875,0.82437687338152,0.17383292142763715,-0.03981047576380459,-0.22901574360514224,0.8458228416746765,-0.010624865910871842,0.8420907480294118,0.890604167,0.8042805403858484,0.011677685859370188,0.01143290210487007,0.8351979757638046,0.6037691216828519,1.0449846250801882,0.4483648045003716,1.2003889422626683,0.3343750182795713,0,0.28288762569722353,0
6,4,0,2015-03-10,57,2,0.881575,0.810371044696613,0.17383286403744133,0.06904473263037203,0.39719032999134557,0.8210746139339057,-0.008544346564277718,0.8420907480294118,0.7953875,0.8063610597324425,0.011677685859370188,0.01143290210487007,0.812530267369628,0.5897633658306509,1.0309787235625751,0.4343590999542416,1.1863829894389846,0.3641853715322524,0,0.3070800342574576,0
6,4,0,2015-03-11,58,2,0.813309028,0.8392152059458537,0.17383285582215074,-0.04308800250416711,-0.24787030219563705,0.8639963336061871,-0.0075993031020199445,0.8420907480294118,0.881575,0.8073061031947003,0.011677685859370188,0.01143290210487007,0.8563970305041672,0.6186075375057464,1.059822874385961,0.46320327897369745,1.21522713291801,0.3038972949358124,0,0.2583327177223199,0
7,5,0,2015-01-05,3,0,0.759270833,0.7975947337829489,0.20106807535211052,-0.038323900782948894,-0.19060161945567966,0.8748149588382258,-0.07722022505527693,0.7994042937083332,0.7994042937083332,0.7975947337829489,0.010570218673145254,0.009858152252656738,0.7975947337829489,0.5424234136583406,1.0527660539075572,0.3626712315016504,1.2325182360642473,0.40644106254942497,0,0.341761238157848,0
7,5,0,2015-01-07,5,0,0.330113636,0.8118463112154571,0.19609412546017885,-0.4715900575393085,-2.4049168042776223,0.8458360511920867,-0.04413235765277826,0.7994042937083332,0.759270833,0.8306826011854476,0.010570218673145254,0.009858152252656738,0.8017036935393085,0.5629873276362463,1.060705294794668,0.38768179045512996,1.2360108319757843,0.3762324211867472,1,0.3169167449159049,0
7,5,0,2015-01-08,6,0,0.821354167,0.6211427907183558,0.16661090488134878,0.31242909490312776,1.8752019570725142,0.5541929056339868,-0.045267833537114624,0.7994042937083332,0.330113636,0.8295471253011112,0.010570218673145254,0.009858152252656738,0.5089250720968722,0.40970035028479507,0.8325852311519164,0.26075241973402496,0.9815331617026866,0.7803577505962841,0,0.6909920608321277,1
7,5,0,2015-01-10,7,0,0.337973485,0.6232128262267242,0.16366302874747082,-0.2435381577857345,-1.4880462597420803,0.7556687204353981,-0.17415707764966357,0.7994042937083332,0.821354167,0.7006578811885622,0.010570218673145254,0.009858152252656738,0.5815116427857345,0.4155114741948315,0.830914178258617,0.26919890565697285,0.9772267467964757,0.7807368756129872,1,0.6914110385628999,1
7,5,0,2015-01-11,8,0,0.609138258,0.5222285498318955,0.1632738019703974,0.18247817088047863,1.1176206389409804,0.6017622082314427,-0.1751021211119213,0.7994042937083332,0.337973485,0.6997128377263044,0.010570218673145254,0.009858152252656738,0.42666008711952136,0.31502115742218406,0.7294359422416069,0.16905655244050044,0.8754005472232905,0.9184962324167043,1,0.8615863085089966,1
7,5,0,2015-01-12,9,0,0.809564394,0.6932195465220661,0.1632207566015175,0.17166386091187902,1.0517281287390077,0.7167606347412399,-0.07886010165311882,0.7994042937083332,0.609138258,0.795954857185107,0.010570218673145254,0.009858152252656738,0.637900533088121,0.48607947288874365,0.9003596201553885,0.340162289760543,1.0462768032835892,0.6360330448427143,0,0.5437519959693791,1
7,5,0,2015-01-13,10,0,0.821354167,0.7655923267512121,0.16321349662935505,0.07323117474597418,0.448683327410578,0.8249025745605505,-0.0767795823065247,0.7994042937083332,0.809564394,0.7980353765317011,0.010570218673145254,0.009858152252656738,0.7481229922540258,0.5584614665978392,0.972723186904585,0.41255077378808586,1.1186338797143385,0.4619456139699205,0,0.3882071846639262,0
7,5,0,2015-01-14,11,0,0.864583333,0.8598887707031153,0.16321250242864685,0.00601820607225767,0.0368734378966385,0.871033119480017,-0.012467992552274758,0.7994042937083332,0.821354167,0.8623469662859511,0.010570218673145254,0.009858152252656738,0.8585651269277423,0.652759172269221,1.0670183691370096,0.5068493682616629,1.2129281731445678,0.2503825272634006,0,0.2154923986415297,0
7,5,0,2015-01-15,12,0,0.860653409,0.7978509141049364,0.16321236626924673,0.06279928028220227,0.38477035605625687,0.874824143446401,-0.07697001472860329,0.7994042937083332,0.864583333,0.7978449441096225,0.010570218673145254,0.009858152252656738,0.7978541287177977,0.5907214884681099,1.0049803397417627,0.4448118061852427,1.15089002202463,0.38469155336236216,0,0.32384699949852835,0
7,5,0,2015-01-17,13,0,0.98719697,0.8848501970038437,0.1632123476215195,0.08849795902371305,0.5422258812729963,0.9143829987594921,-0.015683987783205254,0.7994042937083332,0.860653409,0.8591309710550206,0.010570218673145254,0.009858152252656738,0.8986990109762869,0.6777207950324607,1.0919795989752266,0.5318111294204133,1.237889264587274,0.20433810409408465,0,0.17869308987604976,0
7,5,0,2015-01-18,14,0,0.852793561,0.8250720382502594,0.16321234506761395,-0.005638774710785888,-0.03454870223480897,0.9701300944397299,-0.11169775872894391,0.7994042937083332,0.98719697,0.7631172001092819,0.010570218673145254,0.009858152252656738,0.8584323357107859,0.617942639519985,1.032201436980534,0.4720329761910952,1.1781111003094238,0.3227705132943737,0,0.2735196677103432,0
7,5,0,2015-01-19,15,0,0.958901515,0.8556008912343704,0.1632123447178429,0.07118352850833376,0.4361405911507118,0.9665780881447851,-0.07886010165311882,0.7994042937083332,0.852793561,0.795954857185107,0.010570218673145254,0.009858152252656738,0.8877179864916662,0.6484714929479832,1.0627302895207578,0.502561829931784,1.2086399525369569,0.2588110066783158,0,0.2222263758993458,0
7,5,0,2015-01-20,16,0,1.033570076,0.9185297857415948,0.1632123446699399,0.06722909055618709,0.41191179927071536,1.0114183865588489,-0.04507740111503604,0.7994042937083332,0.958901515,0.8297375577231898,0.010570218673145254,0.009858152252656738,0.9663409854438129,0.7114003875160003,1.1256591839671894,0.5654907245426257,1.271568846940564,0.15090027039663279,0,0.13566837406972157,0
7,5,0,2015-01-21,17,0,0.758173077,0.9470018730875295,0.16321234466337933,-0.2514622501886504,-1.5407060704095878,1.0537676848414288,-0.04413235765277826,0.7994042937083332,1.033570076,0.8306826011854476,0.010570218673145254,0.009858152252656738,1.0096353271886505,0.7398724748702608,1.1541312713047982,0.5939628119027514,1.3000409342723076,0.1137106767846972,0,0.10520191656469335,0
7,5,0,2015-01-22,18,0,0.742901235,0.9062713782198216,0.1632123446624808,-0.17056275448036218,-1.0450358692725226,0.8953652767254847,0.018098712754877535,0.7994042937083332,0.758173077,0.8929136715931033,0.010570218673145254,0.009858152252656738,0.9134639894803622,0.6991419800036933,1.11340077643595,0.553232317036987,1.2593104394026562,0.16916433817976073,1,0.1504431354982815,0
7,5,0,2015-01-24,19,0,0.966666667,0.834353703730906,0.16321234466235776,0.16272497400826502,0.997013886081344,0.7879234995834516,0.016018193408283404,0.7994042937083332,0.742901235,0.8908331522465092,0.010570218673145254,0.009858152252656738,0.803941692991735,0.6272243055149338,1.0414831019468782,0.4813146425483376,1.1873927649134743,0.3026359900794449,0,0.25731966907137127,0
7,5,0,2015-01-25,20,0,0.973796791,0.9126536263949988,0.1632123446623409,0.05567857874410487,0.3411419574866996,0.8904280612979296,0.027690150957965513,0.7994042937083332,0.966666667,0.9025051097961914,0.010570218673145254,0.009858152252656738,0.9181182122558952,0.7055242281790479,1.1197830246109497,0.5596145652124669,1.2656926875775307,0.15948500038818286,0,0.14262477009533367,0
7,5,0,2015-01-26,21,0,0.959191919,0.9239697721522178,0.1632123446623386,0.01748189204890438,0.10711133453215038,0.9255014011207336,0.016208625830361992,0.7994042937083332,0.973796791,0.8910235846685878,0.010570218673145254,0.009858152252656738,0.9417100269510956,0.7168403739362699,1.1310991703681657,0.5709307109696908,1.2770088333347447,0.14323202297519771,0,0.12943419527618522,0
7,5,0,2015-01-27,22,0,0.926388889,0.7839056899698076,0.16321234466233828,0.12088864471357419,0.7406832183170615,0.9365136854571349,-0.13101344117070907,0.7994042937083332,0.959191919,0.7438015176675168,0.010570218673145254,0.009858152252656738,0.8055002442864259,0.5767762917538601,0.991035088185755,0.4308666287872813,1.1369447511523338,0.4177160934194142,0,0.3511066568930129,0
7,5,0,2015-01-31,25,0,0.971866667,0.7821550419403022,0.21858340924340164,0.14146428946995515,0.6471867648126434,1.0126644890946335,-0.18226211156458863,0.7994042937083332,0.926388889,0.6925528472736372,0.010570218673145254,0.009858152252656738,0.8304023775300449,0.5047553752040439,1.0595547086765604,0.3093447177640495,1.2549653661165547,0.44152397674379773,0,0.3709850174125516,0
7,5,0,2015-02-11,35,0,0.87,0.8535195940214111,0.3512612482552837,-0.07106354587777963,-0.2023096661836528,1.1249405355707074,-0.1838769896929277,0.7994042937083332,0.971866667,0.6909379691452981,0.010570218673145254,0.009858152252656738,0.9410635458777796,0.40774123627389064,1.2992979517689316,0.09371835735390632,1.6133208306889157,0.38410837337733017,0,0.3233685820753686,0
7,5,0,2015-02-12,36,0,0.58,0.8098833988162385,0.17175237437452348,-0.2945423479613877,-1.7149244604858167,1.0595548135386517,-0.18501246557726408,0.7994042937083332,0.87,0.6898024932609617,0.010570218673145254,0.009858152252656738,0.8745423479613876,0.5919160261891593,1.0278507714433176,0.43837169036981655,1.1813951072626605,0.3636718166091419,1,0.30666152663201446,0
7,5,0,2015-02-15,38,0,0.760833333,0.711088505677465,0.19380988611775346,0.0537243843812224,0.2772014650923481,0.8634447958134048,-0.15633584719462726,0.7994042937083332,0.58,0.7184791116435986,0.010570218673145254,0.009858152252656738,0.7071089486187776,0.46512840282542334,0.9570486085295066,0.2918649452019399,1.13031206615299,0.5795613609917225,0,0.4912694077563503,1
7,5,0,2015-02-16,39,0,0.629416667,0.9002184093685792,0.16643097201910884,-0.28069076525561687,-1.686529627570698,0.9030693099440479,0.00703812231156895,0.7994042937083332,0.760833333,0.8818530811497948,0.010570218673145254,0.009858152252656738,0.9101074322556169,0.6890043179949633,1.111432500742195,0.5402172450272416,1.2602195737099169,0.1833725999938351,1,0.16188018149469413,0
7,5,0,2015-02-19,42,1,0.631354167,0.7423768150116139,0.21890283307052938,-0.057634086563773,-0.2632861610576031,0.7222762118443945,-0.0332879582806215,0.7994042937083332,0.629416667,0.8415270005576043,0.010570218673145254,0.009858152252656738,0.688988253563773,0.46457177412779543,1.0201818558954323,0.26887555603945584,1.215878073983772,0.513890163819311,1,0.43283240100609127,1
7,5,0,2015-02-25,46,1,0.902962963,0.7674773339773099,0.24488585968701654,0.20489619607815845,0.8367008055917642,0.6764990529654591,0.021567713956382434,0.7994042937083332,0.631354167,0.8963826727946083,0.010570218673145254,0.009858152252656738,0.6980667669218416,0.4566977734391346,1.0782568945154851,0.2377730755179328,1.297181592436687,0.47155191858187706,0,0.39636763774449923,1
7,5,0,2015-02-26,47,1,0.921604938,0.9475031934523946,0.1693102735736451,-0.016412544964266695,-0.09693767907786004,0.847712928872146,0.09030455409212071,0.7994042937083332,0.902962963,0.9651195129303465,0.010570218673145254,0.009858152252656738,0.9380174829642667,0.7326350402521002,1.162371346652689,0.5812739100323325,1.3137324768724568,0.12170288161923426,0,0.11180445844407304,0
7,5,0,2015-02-28,48,1,0.921604938,0.9384232704307738,0.16400100671468287,-0.0035637122714775593,-0.02172981948627577,0.8369446155259509,0.08822403474552659,0.7994042937083332,0.921604938,0.9630389935837524,0.010570218673145254,0.009858152252656738,0.9251686502714775,0.7302929975773358,1.1465535432842118,0.5836782812369439,1.2931682596246037,0.12529544825949118,0,0.11476118699744232,0
7,5,0,2015-03-03,51,2,0.354444444,0.7940770985174631,0.21866346402095718,-0.42558790026977494,-1.9463146354847176,0.8346870895591167,-0.054654745289341736,0.7994042937083332,0.921604938,0.820160213548884,0.010570218673145254,0.009858152252656738,0.780032344269775,0.5165758359249987,1.0715783611099274,0.32109361057979363,1.2670605864551325,0.4201244763335219,1,0.35310838704603226,0
7,5,0,2015-03-04,52,2,0.592083333,0.5754255658135453,0.16808921901191887,0.14894683167746825,0.8861176972147555,0.49684620314961575,-0.053709701827083955,0.7994042937083332,0.354444444,0.8211052570111419,0.010570218673145254,0.009858152252656738,0.4431365013225318,0.36210702760764635,0.7887441040194443,0.21183750390780126,0.9390136277192893,0.8505004053694425,1,0.7724662000776588,1
7,5,0,2015-03-07,54,2,0.80575,0.4502317610029782,0.19343504091496155,0.4538651759866129,2.346344146540349,0.5938237102965368,-0.24193888628314975,0.7994042937083332,0.592083333,0.632876072555076,0.010570218673145254,0.009858152252656738,0.35188482401338705,0.2047473664157682,0.6957161555901882,0.031819015412541674,0.8686445065934147,0.9393944450593725,0,0.8919901825679264,1
7,5,0,2015-03-08,55,2,0.857916667,0.7071122310452247,0.1664008154599462,0.1494213867457328,0.8979606640311179,0.878766528006919,-0.17027124775265173,0.7994042937083332,0.80575,0.7045437110855741,0.010570218673145254,0.009858152252656738,0.7084952802542672,0.49593641073477224,0.9182880513556771,0.3471762973294093,1.0670481647610401,0.601695338554641,0,0.5115675536315363,1
7,5,0,2015-03-09,56,2,0.864342593,0.875069789931493,0.16363600209356352,-0.04578834239905183,-0.2798182662325803,0.974989660174108,-0.06485872477505618,0.7994042937083332,0.857916667,0.8099562340631696,0.010570218673145254,0.009858152252656738,0.9101309353990519,0.6674027368649829,1.082736842998003,0.5211143297958594,1.2290252500671266,0.22233915718652497,0,0.193090339058609,0
7,5,0,2015-03-10,57,2,0.909391667,0.8583452504626043,0.1632701314509147,0.02611107197048146,0.159925589196524,0.9460588004579805,-0.06277820542846205,0.7994042937083332,0.864342593,0.8120367534097638,0.010570218673145254,0.009858152252656738,0.8832805950295185,0.651142516232966,1.0655479846922427,0.5051811926468273,1.2115093082783814,0.253474764290601,0,0.21796269137503382,0
7,5,0,2015-03-11,58,2,0.75885,0.9333903160656211,0.16322025447982366,-0.2052348620405714,-1.2574105015008499,0.9625136616237984,0.0015712004167731074,0.7994042937083332,0.909391667,0.8763861592549989,0.010570218673145254,0.009858152252656738,0.9640848620405714,0.7262508796645158,1.1405297524667262,0.5803341454264239,1.2864464867048182,0.13059652914348452,0,0.11911245886080576,0
8,6,0,2015-01-07,5,0,0.666515152,0.7485686905946828,0.21247720539362722,-0.08205353859468278,-0.38617572385081733,0.6734607664934426,0.0751079241012402,0.6780966266521739,0.6780966266521739,0.7485686905946828,0.010443800693178424,0.014702762118707215,0.7485686905946828,0.47891828039538753,1.018219100793978,0.28896648789339185,1.2081708932959736,0.5026873730693662,1,0.4231002561774367,1
8,6,0,2015-01-11,8,0,0.597348485,0.6859483940035493,0.23653481039720003,-0.06923392637173054,-0.29270079213909267,0.618129387545389,0.04845302382634156,0.6780966266521739,0.666515152,0.7219137903197841,0.010443800693178424,0.014702762118707215,0.6665824113717306,0.3857669767458348,0.9861298112612639,0.1743080056960612,1.1975887823110374,0.6067242846896049,1,0.5162266180625524,1
8,6,0,2015-01-12,9,0,0.817424242,0.6539079061452941,0.1896986725361879,0.20074629896330465,1.0582377634983673,0.5670894433260174,0.04958849971067793,0.6780966266521739,0.597348485,0.7230492662041205,0.010443800693178424,0.014702762118707215,0.6166779430366953,0.41316525909813445,0.8946505531924538,0.2435771716760342,1.064238640614554,0.6937651285409412,0,0.6000533098463648,1
8,6,0,2015-01-17,13,0,0.465757576,0.6835113432530109,0.25529113954028726,-0.22207813243495966,-0.8699014499087765,0.6858160955847247,0.002019612850234949,0.6780966266521739,0.817424242,0.6754803793436776,0.010443800693178424,0.014702762118707215,0.6878357084349597,0.3595266580734652,1.0074960284325565,0.13129977850905095,1.235722907996971,0.6027387594137823,1,0.5125327525557289,1
8,6,0,2015-01-18,14,0,0.804848485,0.6406524936253435,0.19113469271857475,0.22006415352335318,1.1513564094163373,0.5138374460685948,0.07094688540805194,0.6780966266521739,0.465757576,0.7444076519014945,0.010443800693178424,0.014702762118707215,0.5847843314766468,0.39808742317743484,0.8832175640732521,0.22721555283279438,1.0540894344178926,0.7163717311801143,0,0.6229619964893303,1
8,6,0,2015-01-22,18,0,0.626822917,0.7066577082790598,0.25546720343195234,-0.06999082866774953,-0.2739718747748874,0.6453351590325561,0.05147858663519346,0.6780966266521739,0.804848485,0.724939353128636,0.010443800693178424,0.014702762118707215,0.6968137456677496,0.3824495840698035,1.0308658324883162,0.15406530573051969,1.2592501108276,0.5673608115589153,1,0.4802189924385152,1
8,6,0,2015-01-27,22,0,0.6225,0.6716031403434286,0.260515725264202,-0.020281100616428516,-0.07784981346465913,0.5911120815591565,0.05166901905727205,0.6780966266521739,0.626822917,0.7251297855507146,0.010443800693178424,0.014702762118707215,0.6427811006164286,0.3409880418874795,1.0022182387993777,0.10809045225089808,1.2351158284359591,0.6182658620224362,1,0.5269885446502626,1
8,6,0,2015-01-28,23,0,0.977555556,0.4402682374414769,0.19147891347776538,0.5716699762493405,2.985550554190517,0.575224601662536,-0.1693390219118764,0.6780966266521739,0.6225,0.5041217445815662,0.010443800693178424,0.014702762118707215,0.4058855797506596,0.19726632357432758,0.6832701513086262,0.026086724454247256,0.8544497504287065,0.9471230356933982,0,0.9037399202753077,1
8,6,0,2015-01-29,24,0,0.899,0.6424683430379465,0.1842643362104233,0.21062877170545924,1.1430794262050183,0.8046118672265692,-0.11624063893202842,0.6780966266521739,0.977555556,0.5572201275614141,0.010443800693178424,0.014702762118707215,0.6883712282945408,0.4086222994014382,0.8763143866744549,0.24389243629674356,1.0410442497791494,0.7202461219999895,0,0.6269423661684186,1
8,6,0,2015-01-31,25,0,0.971866667,0.7529043504778372,0.1829825448546284,0.13126224343210857,0.7173484418220911,0.9240324038935976,-0.08342798032570618,0.6780966266521739,0.899,0.5900327861677364,0.010443800693178424,0.014702762118707215,0.8406044235678914,0.5206850016401412,0.9851236993155332,0.35710104294056033,1.148707658015114,0.49366814165221984,0,0.41530993772238345,1
8,6,0,2015-02-01,26,0,0.314166667,0.8283253418062931,0.18273779508002055,-0.6276267442443912,-3.4345754471293395,0.9976552506022941,-0.05586183935790291,0.6780966266521739,0.971866667,0.6175989271355397,0.010443800693178424,0.014702762118707215,0.9417934112443912,0.5964165998263866,1.0602340837861997,0.433051444166478,1.2235992394461084,0.3340993602657673,1,0.28266480133983385,0
8,6,0,2015-02-02,27,0,0.280333333,0.6964974013871732,0.1826904373265895,-0.45803645212341,-2.507172563742862,0.7930961485969765,-0.05472636347356655,0.6780966266521739,0.314166667,0.618734403019876,0.010443800693178424,0.014702762118707215,0.73836978512341,0.46464876014896805,0.9283460426253783,0.30132594169006155,1.0916688610842848,0.6151851607938553,1,0.524106359838949,1
8,6,0,2015-02-03,28,0,0.495416667,0.6066136840355568,0.18268125045242734,-0.08152146519515213,-0.4462497656067962,0.5886734755208575,-0.011735343325705416,0.6780966266521739,0.280333333,0.6617254231677372,0.010443800693178424,0.014702762118707215,0.5769381321951521,0.37477670166862537,0.8384506664024882,0.21146209615289718,1.0017652719182164,0.7837435819845082,1,0.6947411284009704,1
8,6,0,2015-02-04,29,0,0.531666667,0.577914905978389,0.18267946742063787,-0.0006106293967550469,-0.003342627419364056,0.5430675962602026,-0.01079029986344764,0.6780966266521739,0.495416667,0.662670466629995,0.010443800693178424,0.014702762118707215,0.532277296396755,0.34608018642008465,0.8097496255366934,0.18276717491103533,0.9730626370457427,0.8269051313850766,1,0.7440958556764047,1
8,6,0,2015-02-05,30,0,0.9425,0.5765573890582008,0.18267912132824513,0.41169978108119953,2.253677257082056,0.5427259946665844,-0.011925775747784004,0.6780966266521739,0.531666667,0.6615349907456586,0.010443800693178424,0.014702762118707215,0.5308002189188005,0.34472310871856693,0.8083916693978346,0.18141040661150848,0.971704371504893,0.8288012093231927,0,0.7463362701633653,1
8,6,0,2015-02-07,31,0,0.845833333,0.7390325967777205,0.1826790541493117,0.08102138165995854,0.4435176328082811,0.7471160652429308,0.01769588609711059,0.6780966266521739,0.9425,0.6911566525905531,0.010443800693178424,0.014702762118707215,0.7648119513400414,0.5071984016934764,0.9708667918619646,0.34388575964348994,1.134179433911951,0.5239367008146909,0,0.4416147185346886,1
8,6,0,2015-02-08,32,0,0.610208333,0.7675489705043903,0.18267904110936775,-0.19898383209151838,-1.0892537583027335,0.7924413224566655,0.016750842634852832,0.6780966266521739,0.845833333,0.6902116091282954,0.010443800693178424,0.014702762118707215,0.8091921650915184,0.5357147919688684,0.9993831490399122,0.3724021615764182,1.1626957794323625,0.4617346734056069,1,0.38802843003722304,0
8,6,0,2015-02-09,33,0,0.888125,0.6963289161340536,0.18267903857821327,0.1891135594159501,1.0352230933982167,0.6811251220648608,0.017886318519189197,0.6780966266521739,0.610208333,0.6913470850126318,0.010443800693178424,0.014702762118707215,0.69901144058405,0.46449474081076725,0.9281630914573399,0.3011821126811355,1.0914757195869718,0.6155445955021904,0,0.5244422693802197,1
8,6,0,2015-02-10,34,0,0.628333333,0.7671758846309741,0.18267903808689648,-0.17855316408499222,-0.9774146281636229,0.7869196592192089,0.01996683786578332,0.6780966266521739,0.888125,0.6934276043592259,0.010443800693178424,0.014702762118707215,0.8068864970849923,0.5353417099312077,0.9990100593307405,0.3720290822408066,1.1623226870211416,0.4625457618225817,1,0.38871586162773236,0
8,6,0,2015-02-14,37,0,0.483333333,0.7316806906678317,0.2329361120733902,-0.25309758829864165,-1.086553673648074,0.6870328540100423,0.04939806728859932,0.6780966266521739,0.628333333,0.7228588337820419,0.010443800693178424,0.014702762118707215,0.7364309212986416,0.4360663067415333,1.02729507459413,0.22782452407681586,1.2355368572588477,0.5313425865487443,1,0.44812296620378533,1
8,6,0,2015-02-15,38,0,0.604166667,0.6108008378206885,0.1893813087431493,0.05319588052497837,0.28089298187882905,0.5025177626486801,0.04845302382634156,0.6780966266521739,0.483333333,0.7219137903197841,0.010443800693178424,0.014702762118707215,0.5509707864750216,0.37046095057459416,0.8511407250667828,0.20115658215779264,1.0204450934835845,0.7688365241889512,1,0.6783561338656564,1
8,6,0,2015-02-16,39,0,0.773333333,0.6323388646894053,0.18390762209991118,0.18983853066467204,1.0322493896503038,0.53390630262465,0.04958849971067793,0.6780966266521739,0.604166667,0.7230492662041205,0.010443800693178424,0.014702762118707215,0.5834948023353279,0.3989455195249296,0.8657322098538809,0.23453455408540802,1.0301431752934025,0.7388434487941298,0,0.6462830081135875,1
8,6,0,2015-02-17,40,0,0.749166667,0.7041733885236843,0.18291497898741685,0.05627749226010126,0.30767022237130576,0.6412201556826267,0.05166901905727205,0.6780966266521739,0.773333333,0.7251297855507146,0.010443800693178424,0.014702762118707215,0.6928891747398987,0.4720397861253549,0.9363069909220136,0.30851623041142606,1.0998305466359426,0.5989131945332986,1,0.5089977251015174,1
8,6,0,2015-02-18,41,1,0.936861111,0.766496579213068,0.18272474167080313,0.17060734267703215,0.9336849575871795,0.6727670210931562,0.09348674722981161,0.6780966266521739,0.749166667,0.7669475137232542,0.010443800693178424,0.014702762118707215,0.7662537683229679,0.534604403043802,0.9983887553823341,0.37125091695792856,1.1617422414682075,0.4640319443370204,0,0.38997617757454506,0
8,6,0,2015-02-19,42,1,0.785864198,0.8682953485670872,0.18268790587047504,-0.11560610303825747,-0.6328065477975412,0.7682463449825003,0.13322395605575704,0.6780966266521739,0.936861111,0.8066847225491995,0.010443800693178424,0.014702762118707215,0.9014703010382574,0.6364499199472823,1.1001407771868923,0.4731293645764359,1.2634613325577386,0.25864546833805546,0,0.22209409334873648,0
8,6,0,2015-02-22,43,1,0.8319375,0.7414839143229623,0.18268075916409177,0.07991582659840324,0.437461651484705,0.7035686495752552,0.04845302382634156,0.6780966266521739,0.785864198,0.7219137903197841,0.010443800693178424,0.014702762118707215,0.7520216734015968,0.5096475554398581,0.9733202732060666,0.34633338912936046,1.1366344395165642,0.5185908823876625,0,0.43693503703137665,1
8,6,0,2015-02-23,44,1,0.3715625,0.7716792269007859,0.182679372061017,-0.4263020903528365,-2.3336082533196287,0.7482760906421586,0.04958849971067793,0.6780966266521739,0.8319375,0.7230492662041205,0.010443800693178424,0.014702762118707215,0.7978645903528365,0.5398446283613967,1.0035138254401752,0.3765317021025787,1.1668267516989932,0.45276695870847583,1,0.3804459541709842,0
8,6,0,2015-02-24,45,1,0.726933333,0.6725700959138694,0.18267910281832203,0.09971465117547207,0.5458459650671716,0.5438852976667524,0.08333338415777548,0.6780966266521739,0.3715625,0.756794150651218,0.010443800693178424,0.014702762118707215,0.6272186818245279,0.44073583906479474,0.9044043527629441,0.27742315350536106,1.0677170383223777,0.6641651221818509,1,0.5708171396794883,1
8,6,0,2015-02-25,46,1,0.410833333,0.646407369603677,0.18267905055639583,-0.20974657910178096,-1.1481698556180582,0.5996680307737399,0.020911881328041095,0.6780966266521739,0.726933333,0.6943726478214837,0.010443800693178424,0.014702762118707215,0.620579912101781,0.41457317907912783,0.8782415601282261,0.25126054024116035,1.0415541989661936,0.7146682149485806,1,0.6212170434783273,1
8,6,0,2015-02-26,47,1,0.271875,0.5690027515147645,0.18267904041195493,-0.23023229436425074,-1.2603103992940825,0.482330888920546,0.01977640544370473,0.6780966266521739,0.410833333,0.6932371719371473,0.010443800693178424,0.014702762118707215,0.5021072943642507,0.33716857386431476,0.8008369291652143,0.17385594409534233,0.9641495589341867,0.8391068450870567,1,0.7586310759361485,1
8,6,0,2015-02-28,48,1,0.271875,0.4832039749348856,0.18267903844284003,-0.0993544561972185,-0.5438744206457291,0.3535335701001079,0.01769588609711059,0.6780966266521739,0.271875,0.6911566525905531,0.010443800693178424,0.014702762118707215,0.3712294561972185,0.25136979978339863,0.7150381500863725,0.08805717177478872,0.8783507780949824,0.9279186018815012,1,0.875068556649731,1
8,6,0,2015-03-03,51,2,0.309333333,0.44934714626798306,0.23293611212757484,-0.008585874295775398,-0.0368593526240065,0.2979523694299921,0.01996683786578332,0.6780966266521739,0.271875,0.6934276043592259,0.010443800693178424,0.014702762118707215,0.3179192072957754,0.15373276227292004,0.7449615302630461,-0.0545090204402377,0.9532033129762039,0.9015977860670016,1,0.8382083387070326,1
8,6,0,2015-03-07,54,2,0.7975,0.2844967187693669,0.23822863280781006,0.6466219885418791,2.7142916488276985,0.2916930313184538,-0.14081501986033296,0.6780966266521739,0.309333333,0.5326457466331096,0.010443800693178424,0.014702762118707215,0.15087801145812085,-0.017834293344791696,0.5868277308835255,-0.23080751907651764,0.7998009566152514,0.9746505164612714,0,0.9486777920987494,1
8,6,0,2015-03-08,55,2,0.271875,0.5764211298484394,0.1898429191368994,-0.2944855490839988,-1.5512063890654757,0.6447162500236121,-0.07835570093961329,0.6780966266521739,0.7975,0.5951050655538292,0.010443800693178424,0.014702762118707215,0.5663605490839988,0.33549542243497055,0.8173468372619083,0.16577838047246818,0.9870638792244106,0.8197279791237504,1,0.7356739900358538,1
8,6,0,2015-03-11,58,2,0.394722222,0.5016598625417337,0.2339634383798163,-0.03585480904563537,-0.15324962435980558,0.470366962218876,-0.03978993117324059,0.6780966266521739,0.271875,0.633670835320202,0.010443800693178424,0.014702762118707215,0.4305770310456354,0.20474172012791592,0.7985780049555514,-0.004418478575964668,1.007738203659432,0.8557569339927494,1,0.778939875748886,1
9,7,0,2015-01-01,0,0,0.540729167,0.7715332154352352,0.20920822253430602,-0.23080404843523528,-1.1032264680580992,0.7200546288000418,0.05147858663519346,0.7247257132333333,0.7247257132333333,0.7715332154352352,0.011266228993557297,0.012501851382406406,0.7715332154352352,0.5060314035164822,1.0370350273539883,0.31900203816442957,1.2240643927060408,0.45901037707091896,1,0.38572147319572403,0
9,7,0,2015-01-03,1,0,0.6253125,0.6337711283594194,0.1808284296016601,0.04924850110935952,0.2723493270269898,0.5551771160321023,0.020886882858538285,0.7247257132333333,0.540729167,0.74094151165858,0.011266228993557297,0.012501851382406406,0.5760639988906405,0.404285522468424,0.8632567342504148,0.24262731412309485,1.024914942595744,0.739809343790525,1,0.6472984649437562,1
9,7,0,2015-01-04,2,0,0.667604167,0.6811097570178446,0.17745441959564917,0.033554815309830066,0.18908976956611545,0.5855963278638284,0.04845302382634156,0.7247257132333333,0.6253125,0.7685076526263833,0.011266228993557297,0.012501851382406406,0.63404935169017,0.45590603717882305,0.9063134768568661,0.29726414885414815,1.064955365181541,0.6510710650834718,1,0.5581368183560464,1
9,7,0,2015-01-05,3,0,0.676666667,0.6668856552693769,0.17693665635930855,0.04975978262900549,0.2812293600030362,0.6058295690903777,0.02107731528061689,0.7247257132333333,0.667604167,0.7411319440806586,0.011266228993557297,0.012501851382406406,0.6269068843709945,0.4423390180044918,0.891432292534262,0.28416000311912226,1.0496113074196316,0.6807298488021798,1,0.587076950348389,1
9,7,0,2015-01-06,4,0,0.61625,0.7169051435616907,0.17685443086537067,-0.07113748740250891,-0.4022375184745124,0.6357184683452368,0.05166901905727205,0.7247257132333333,0.676666667,0.7717236478573138,0.011266228993557297,0.012501851382406406,0.6873874874025089,0.4924628569641071,0.9413474301592742,0.334357350575491,1.0994529365478902,0.5742208388767753,1,0.48642063848654726,1
9,7,0,2015-01-07,5,0,0.804640152,0.6900930480743148,0.17684130268002557,0.15901091182697746,0.8991729274619166,0.5930151776534928,0.052614062519529825,0.7247257132333333,0.61625,0.7726686913195716,0.011266228993557297,0.012501851382406406,0.6456292401730226,0.465667422184203,0.9145186739644267,0.3075736522184845,1.0726124439301452,0.6326051411125476,0,0.5404986184055637,1
9,7,0,2015-01-08,6,0,0.681060606,0.7509959119148144,0.1768392048381102,-0.058876757865357066,-0.3329395080647223,0.6884587772301636,0.05147858663519346,0.7247257132333333,0.804640152,0.7715332154352352,0.011266228993557297,0.012501851382406406,0.739937363865357,0.5265729483523248,0.975418875477304,0.36848105382934604,1.1335107700002829,0.49775327382561935,1,0.4188335903543296,1
9,7,0,2015-01-10,7,0,0.670075758,0.7259449023955344,0.17683886956409758,-0.03244187086847716,-0.18345441219142253,0.6531195615798778,0.04939806728859932,0.7247257132333333,0.681060606,0.7694526960886411,0.011266228993557297,0.012501851382406406,0.7025176288684771,0.5015223643223338,0.9503674404687351,0.34343076952985807,1.1084590352612107,0.5541005608410873,1,0.4683139754030691,1
9,7,0,2015-01-11,8,0,0.590435606,0.7123428475602254,0.1768388159799327,-0.09166465421690961,-0.5183514360744845,0.6336472363905681,0.04845302382634156,0.7247257132333333,0.670075758,0.7685076526263833,0.011266228993557297,0.012501851382406406,0.6821002602169096,0.4879203774895759,0.9367653176308748,0.3298288306006302,1.0948568645198207,0.5843155336764678,1,0.4956014492692661,1
9,7,0,2015-01-12,9,0,0.648106061,0.6777158944734137,0.1768388074159743,0.01988944639282797,0.11247218121100779,0.5786281148964941,0.04958849971067793,0.7247257132333333,0.590435606,0.7696431285107197,0.011266228993557297,0.012501851382406406,0.628216614607172,0.4532934352711061,0.9021383536757214,0.2952018960382251,1.0602298929086023,0.6586410111787592,1,0.5654494849848902,1
9,7,0,2015-01-13,10,0,0.670075758,0.6875561645558739,0.17683880604725977,0.027840545991055454,0.15743459602195647,0.5905661929516725,0.05166901905727205,0.7247257132333333,0.648106061,0.7717236478573138,0.011266228993557297,0.012501851382406406,0.6422352120089445,0.46313370709057344,0.9119786220211743,0.305042169081305,1.0700701600304428,0.6379976151957452,1,0.5456207650155597,1
9,7,0,2015-01-14,11,0,0.837594697,0.6993630334680094,0.17683880582850817,0.17770394083667784,1.0048922237634237,0.6072766936437923,0.052614062519529825,0.7247257132333333,0.670075758,0.7726686913195716,0.011266228993557297,0.012501851382406406,0.6598907561633222,0.4749405762803221,0.9237854906556968,0.3168490384666147,1.0818770284694041,0.6126931793996353,0,0.5217801040477733,1
9,7,0,2015-01-15,12,0,0.689299242,0.7675577059422195,0.17683880579354672,-0.07611780498444176,-0.4304360948541278,0.7139384603492483,0.05147858663519346,0.7247257132333333,0.837594697,0.7715332154352352,0.011266228993557297,0.012501851382406406,0.7654170469844418,0.543135248798901,0.991980163085538,0.3850437110164487,1.1500717008679904,0.4604553987808173,1,0.38694474708466486,0
9,7,0,2015-01-17,13,0,0.661837121,0.735780272244364,0.17683880578795907,-0.055811846097445605,-0.31560858969137995,0.6682508998088463,0.04939806728859932,0.7247257132333333,0.689299242,0.7694526960886411,0.011266228993557297,0.012501851382406406,0.7176489670974456,0.5113578151081367,0.9602027293805914,0.35326627733067967,1.1182942671580485,0.5320446815477096,1,0.4487415077208182,1
9,7,0,2015-01-18,14,0,0.692045455,0.7130605649749899,0.17683880578706604,0.008841014144991055,0.04999476277642724,0.6347514170286674,0.04845302382634156,0.7247257132333333,0.661837121,0.7685076526263833,0.011266228993557297,0.012501851382406406,0.683204440855009,0.4886381078398959,0.9374830221100839,0.33054657006323723,1.0955745598867426,0.582732010662559,1,0.49415687805247693,1
9,7,0,2015-01-22,18,0,0.957638889,0.5867093498887951,0.2550894945167619,0.39892836415158517,1.5638761012377624,0.6400579858275269,-0.08134746097911205,0.7247257132333333,0.692045455,0.6387071678209297,0.011266228993557297,0.012501851382406406,0.5587105248484149,0.26298056822232285,0.9104381315552673,0.03493395662405019,1.13848474315354,0.7389562267563463,0,0.6464015156672477,1
9,7,0,2015-01-24,19,0,0.870580808,0.8441939902419501,0.18403256293848239,-0.058413517790633196,-0.31740859801077387,0.9623413017962793,-0.03334697600564605,0.7247257132333333,0.957638889,0.6867076527943957,0.011266228993557297,0.012501851382406406,0.9289943257906332,0.6106420852530972,1.077745895230803,0.446119424367472,1.2422685561164282,0.30438384842020305,0,0.2587235640153331,0
9,7,0,2015-01-25,20,0,0.749188312,0.8348348339705293,0.17791869891161888,-0.15754898794438388,-0.8855111290053124,0.9254902458681978,-0.018752945923813942,0.7247257132333333,0.870580808,0.7013016828762278,0.011266228993557297,0.012501851382406406,0.9067372999443839,0.6090419068903529,1.0606277610507058,0.44998495903904934,1.219684708902009,0.31674587192511383,1,0.2686656004245998,0
9,7,0,2015-01-26,21,0,0.646306818,0.7175962697330521,0.17700974640642647,-0.10982761208597647,-0.620460818207178,0.8301636583798256,-0.07402922829384923,0.7247257132333333,0.749188312,0.6460254005061925,0.011266228993557297,0.012501851382406406,0.7561344300859765,0.4929568754067669,0.9422356640593373,0.33471251899246296,1.1004800204736414,0.5726252523557398,1,0.48497552735135857,1
9,7,0,2015-01-27,22,0,0.803541667,0.5768356796033706,0.17686608430599762,0.21126981533584188,1.194518531717602,0.7641579775451489,-0.17188612588099084,0.7247257132333333,0.646306818,0.548168502919051,0.011266228993557297,0.012501851382406406,0.5922718516641581,0.3523786038662204,0.8012927553405207,0.19426267945684855,0.9594086797498926,0.836227363637194,0,0.755175436067473,1
9,7,0,2015-01-28,23,0,0.406354167,0.7284585691927319,0.17684316445025458,-0.38193274907613456,-2.1597258240850525,0.8909927627526206,-0.10270584667648607,0.7247257132333333,0.803541667,0.6173487821235557,0.011266228993557297,0.012501851382406406,0.7882869160761345,0.504030580568674,0.9528865578167898,0.3459351462051601,1.1109819921803037,0.5484756223143175,1,0.4632958050314266,1
9,7,0,2015-01-31,25,0,0.971866667,0.6731476245101092,0.20624848749282007,0.3131947120614621,1.5185309520020847,0.6786955728812667,-0.020023617942728802,0.7247257132333333,0.406354167,0.700031010857313,0.011266228993557297,0.012501851382406406,0.6586719549385379,0.41140195088647075,0.9348932981337477,0.2270185492528306,1.1192766997673878,0.6452844729661065,0,0.5525795632796668,1
9,7,0,2015-02-01,26,0,0.892194444,0.8752004365673132,0.18054277930262772,-0.045932202516069665,-0.25441173938658396,0.8998438000822031,0.03828284643386663,0.7247257132333333,0.971866667,0.7583374752339084,0.011266228993557297,0.012501851382406406,0.9381266465160697,0.6460773435405327,1.1043235295940936,0.4846745027591237,1.2657263703755026,0.2440083040904475,0,0.21040084327029093,0
9,7,0,2015-02-04,29,0,0.779791667,0.7792112084093693,0.2323949050691503,-0.05243542197243489,-0.22563068651110255,0.8715285732659436,-0.03930148429350867,0.7247257132333333,0.892194444,0.6807531445065331,0.011266228993557297,0.012501851382406406,0.8322270889724349,0.48428365905634035,1.0741387577623982,0.27652570824727807,1.2818967085714605,0.44998611651906617,0,0.3781012679961044,0
9,7,0,2015-02-05,30,0,0.8471,0.7743762473156593,0.18269086513367822,0.033811981931858526,0.18507757301996292,0.8312311166642761,-0.017943098596134664,0.7247257132333333,0.779791667,0.7021115302039072,0.011266228993557297,0.012501851382406406,0.8132880180681414,0.5425270631563595,1.0062254314749592,0.37920386224361186,1.169548632387707,0.44692708213471405,0,0.3755255541060726,0
9,7,0,2015-02-07,31,0,0.715766667,0.7860411505738014,0.17772740508291676,-0.11658763572883368,-0.6559913237603453,0.8523779206715625,-0.020023617942728802,0.7247257132333333,0.8471,0.700031010857313,0.011266228993557297,0.012501851382406406,0.8323543027288337,0.5604909905202459,1.0115913106273569,0.40160505680473735,1.1704772443428655,0.41965000479162845,1,0.3527138723880051,0
9,7,0,2015-02-08,32,0,0.928680556,0.7528558862412182,0.17697970464654197,0.15416668640970266,0.8710981110382079,0.781934581225982,-0.007420711635684741,0.7247257132333333,0.715766667,0.7126339171643571,0.011266228993557297,0.012501851382406406,0.7745138695902973,0.5282546172887158,0.9774571551937207,0.3700371178077446,1.1356746546746919,0.49356262726590805,0,0.41521903109785263,1
9,7,0,2015-02-14,37,0,0.929277778,0.8365057804407618,0.27630568959816926,0.03869271235715688,0.14003588711266715,0.8745668722345598,0.016018193408283404,0.7247257132333333,0.928680556,0.7360728222083252,0.011266228993557297,0.012501851382406406,0.8905850656428431,0.4858519660585621,1.1871595948229616,0.23883835854974256,1.434173202331781,0.3771099484390862,0,0.3176347574279029,0
9,7,0,2015-02-16,39,0,0.258,0.8577279935596094,0.2132813155798585,-0.6651320837522585,-3.1185670528331606,0.9069234579218965,0.016208625830361992,0.7247257132333333,0.929277778,0.7362632546304038,0.011266228993557297,0.012501851382406406,0.9231320837522585,0.5870571038168214,1.1283988833023972,0.3963864475150088,1.31906953960421,0.3067449575363567,1,0.2606207053515206,0
9,7,0,2015-02-17,40,0,0.91375,0.5981495493835985,0.18120157772679735,0.3584615765884671,1.9782475466572902,0.5975942688798541,-0.042305845468321265,0.7247257132333333,0.258,0.6777487833317205,0.011266228993557297,0.012501851382406406,0.5552884234115328,0.3681903889537905,0.8281087098134066,0.2061985911530313,0.9901005076141658,0.7989901164209043,0,0.711833899881483,1
9,7,0,2015-02-18,41,1,0.671875,0.7208838577805352,0.1775098224984412,-0.08383864608652525,-0.4723042641049426,0.8195683096742992,-0.06385466358777386,0.7247257132333333,0.91375,0.6561999652122679,0.011266228993557297,0.012501851382406406,0.7557136460865252,0.4956098272677808,0.9461578882932896,0.3369184094856958,1.1048493060753746,0.5651444759189684,1,0.47822167691152073,1
9,7,0,2015-02-22,43,1,0.283958333,0.683849266107545,0.20633930094466035,-0.41701957750133406,-2.0210380455499246,0.7689936127822962,-0.06801570228096213,0.7247257132333333,0.671875,0.6520389265190797,0.011266228993557297,0.012501851382406406,0.7009779105013341,0.4219883430175227,0.9457101891975674,0.23752375536711245,1.1301747768479777,0.6257402082052037,1,0.5340109467095484,1
9,7,0,2015-02-23,44,1,0.356458333,0.4955090954596309,0.18055173395793578,-0.05415405872066964,-0.29993651976383806,0.47749261811729543,-0.06688022639662577,0.7247257132333333,0.283958333,0.6531744024034161,0.011266228993557297,0.012501851382406406,0.41061239172066966,0.2663746382657034,0.7246435526535584,0.10496379214167972,0.8860543987775821,0.9206589608167326,1,0.8646505925324541,1
9,7,0,2015-02-25,46,1,0.676666667,0.518681091237315,0.20674051011542213,0.25456727718498673,1.2313371822622627,0.4441069104506085,-0.022007520635595225,0.7247257132333333,0.356458333,0.6980471081644466,0.011266228993557297,0.012501851382406406,0.42209938981501327,0.2563110019180437,0.7810511805565863,0.0714877386110459,0.965874443863584,0.868405453302173,1,0.794767371464317,1
9,7,0,2015-03-01,49,1,0.350416667,0.6632916618547413,0.23483104777158417,-0.2793306778042766,-1.1894963653868138,0.6242137229415714,0.005533621862705243,0.7247257132333333,0.676666667,0.725588250662747,0.011266228993557297,0.012501851382406406,0.6297473448042766,0.36527245437396944,0.9613108693355132,0.15533662442600993,1.1712466992834727,0.6440245024795995,1,0.5513732146580946,1
9,7,0,2015-03-02,50,2,0.342361111,0.524024085675981,0.18285427305208934,-0.07251701420692602,-0.3965836455255724,0.4082090274598844,0.006669097747041608,0.7247257132333333,0.350416667,0.7267237265470834,0.011266228993557297,0.012501851382406406,0.414878125206926,0.2919675239198809,0.7560806474320811,0.1284982385038393,0.9195499328481227,0.8917382228280171,1,0.8249884154973253,1
9,7,0,2015-03-03,51,2,0.999533333,0.5190869305176066,0.17775093962389704,0.605483190075045,3.406357183574872,0.36280666424960895,0.03124347867534611,0.7247257132333333,0.342361111,0.7512981074753879,0.011266228993557297,0.012501851382406406,0.39405014292495505,0.2935069032666854,0.7446669577685278,0.1345999299849014,0.9035739310503117,0.9030421276838992,0,0.8401696676139719,1
9,7,0,2015-03-04,52,2,0.684888889,0.7295469200401709,0.1769834061395348,0.005186571146201913,0.029305409243354646,0.5776414796961196,0.10206083815767857,0.7247257132333333,0.999533333,0.8221154669577203,0.011266228993557297,0.012501851382406406,0.6797023178537981,0.5049409535997567,0.954152886480585,0.346720145033335,1.1123736950470067,0.5460013320198694,1,0.4610942802181246,1
9,7,0,2015-03-07,54,2,0.825444444,0.7508504980641322,0.20626768008404414,0.12334778029822002,0.5979985824631456,0.5807579591933215,0.12133870450845849,0.7247257132333333,0.684888889,0.8413933333085003,0.011266228993557297,0.012501851382406406,0.70209666370178,0.489080467521422,1.0126205286068424,0.30467990796677563,1.1970210881614887,0.4983550565187002,0,0.4193533376078313,1
9,7,0,2015-03-10,57,2,0.560625,0.5200229120365971,0.23479530844353025,0.058869808962221715,0.2507282166431374,0.6678611402319881,-0.16610594919420973,0.7247257132333333,0.825444444,0.553948679605832,0.011266228993557297,0.012501851382406406,0.5017551910377783,0.22204906059508667,0.8179967634781076,0.012145181130540528,1.0279006429426536,0.8363283348714048,1,0.7552963395405773,1
9,7,0,2015-03-11,58,2,0.625625,0.6456622377700343,0.18285191352297597,-0.017701376069445662,-0.09680716886357016,0.7133807382269315,-0.07005436215748581,0.7247257132333333,0.560625,0.650000266642556,0.011266228993557297,0.012501851382406406,0.6433263760694456,0.41360867044334654,0.877715805096722,0.25014149441491534,1.0411829811251532,0.7158691522659906,1,0.6224468668373035,1
10,8,0,2015-01-01,0,0,0.676666667,0.7447663118786597,0.19820506052908055,-0.06809964487865972,-0.3435817667665865,0.724989906434955,0.01977640544370473,0.7119982514166667,0.7119982514166667,0.7447663118786597,0.006989819497195402,0.012295426522141082,0.7447663118786597,0.4932283844278984,0.996304239329421,0.3160356994021445,1.173496924355175,0.5105330149450757,1,0.4299093344687634,1
10,8,0,2015-01-03,1,0,0.628333333,0.743977113386171,0.16653069322877545,-0.09926870174296454,-0.596098531857979,0.6782039674543653,0.04939806728859932,0.7119982514166667,0.676666667,0.7743879737235543,0.006989819497195402,0.012295426522141082,0.7276020347429646,0.5326364678956448,0.9553177588766972,0.38376024549426235,1.1041939812780797,0.5144253311736479,1,0.4332989027224188,1
10,8,0,2015-01-04,2,0,0.682708333,0.7071149672191442,0.1616458812800605,0.011308422803553153,0.06995800149068247,0.6229468863701053,0.04845302382634156,0.7119982514166667,0.628333333,0.7734429302612965,0.006989819497195402,0.012295426522141082,0.6713999101964468,0.5019735351608411,0.9122563992774474,0.3574642696006626,1.0567656648376258,0.6046117242921468,1,0.514267243375459,1
10,8,0,2015-01-05,3,0,0.664583333,0.7121420840285115,0.16060805053299593,-0.013939192965446212,-0.08679012614366109,0.6289340262547684,0.04958849971067793,0.7119982514166667,0.682708333,0.7745784061456329,0.006989819497195402,0.012295426522141082,0.6785225259654463,0.508317741425263,0.9159664266317601,0.36473628273431247,1.0595478853227105,0.5931735426673368,1,0.503713111580604,1
10,8,0,2015-01-06,4,0,0.681060606,0.7094808968383436,0.16037434616361126,0.007752493821439832,0.04833998707954741,0.6216390931212881,0.05166901905727205,0.7119982514166667,0.664583333,0.776658925492227,0.006989819497195402,0.012295426522141082,0.6733081121785601,0.5059531435984255,0.9130086500782617,0.36258061350194676,1.0563811801747405,0.5997319196410162,1,0.5097534064275819,1
10,8,0,2015-01-07,5,0,0.681060606,0.7130561068430491,0.16032104482598736,0.0027610402938778034,0.017221945483667723,0.6256855031865923,0.052614062519529825,0.7119982514166667,0.681060606,0.7776039689544848,0.006989819497195402,0.012295426522141082,0.6782995657061222,0.5095959972241388,0.9165162164619594,0.3662711178137921,1.0598410958723061,0.5911238755441396,1,0.501831429054677,1
10,8,0,2015-01-08,6,0,0.735984848,0.7128567906800447,0.16030885315762683,0.05738051245308806,0.35793726499102047,0.6271257489117185,0.05147858663519346,0.7119982514166667,0.681060606,0.7764684930701484,0.006989819497195402,0.012295426522141082,0.6786043355469119,0.5094121532543439,0.9163014281057456,0.36609817303318015,1.0596154083269091,0.5916136316317592,1,0.5022807858928824,1
10,8,0,2015-01-10,7,0,0.628882576,0.7302290230748067,0.16030606270567854,-0.07756855057163514,-0.48387783507633625,0.6570530592830358,0.04939806728859932,0.7119982514166667,0.735984848,0.7743879737235543,0.006989819497195402,0.012295426522141082,0.7064511265716351,0.5267879269537419,0.9336701191958716,0.38347644135946524,1.0769816047901482,0.5490781697240231,1,0.46383246661140703,1
10,8,0,2015-01-11,8,0,0.653598485,0.702988056076439,0.16030542392542607,-0.011452331130746618,-0.071440696455001,0.616597792304405,0.04845302382634156,0.7119982514166667,0.628882576,0.7734429302612965,0.006989819497195402,0.012295426522141082,0.6650508161307466,0.499547770618131,0.9064283415347469,0.3562368560848948,1.0497392560679832,0.6153401354610766,1,0.5242511796034329,1
10,8,0,2015-01-12,9,0,0.725,0.700241192794437,0.1603052776930914,0.06478653747159158,0.40414475682844997,0.6106249628177305,0.04958849971067793,0.7119982514166667,0.653598485,0.7745784061456329,0.006989819497195402,0.012295426522141082,0.6602134625284084,0.496801092916549,0.903681292672325,0.3534903091130729,1.0469920764758012,0.6218717191616177,1,0.5303710775336178,1
10,8,0,2015-01-13,10,0,0.681060606,0.7242843054351364,0.160305244216689,-0.015021980942856894,-0.09370860583045723,0.6444135678855848,0.05166901905727205,0.7119982514166667,0.725,0.776658925492227,0.006989819497195402,0.012295426522141082,0.6960825869428569,0.5208442480414558,0.9277243628288171,0.3775334941654377,1.0710351167048353,0.5637237206686324,1,0.4769429225751901,1
10,8,0,2015-01-14,11,0,0.667329545,0.7201369092582073,0.16030523655305193,-0.021863562883288723,-0.13638707850977236,0.6365790453637589,0.052614062519529825,0.7119982514166667,0.681060606,0.7776039689544848,0.006989819497195402,0.012295426522141082,0.6891931078832887,0.5166968615902894,0.9235769569261252,0.3733861145654607,1.066887703950954,0.5738909053419221,1,0.4861216868689601,1
10,8,0,2015-01-15,12,0,0.606912879,0.711589703526921,0.16030523479864123,-0.06974209169595236,-0.4350581051426993,0.6251763840607589,0.05147858663519346,0.7119982514166667,0.667329545,0.7764684930701484,0.006989819497195402,0.012295426522141082,0.6766549706959524,0.5081496580854892,0.9150297489683528,0.3648389126290804,1.0583404944247614,0.5946826281067281,1,0.5051003534267833,1
10,8,0,2015-01-17,13,0,0.675568182,0.6858666728938037,0.16030523439700986,0.03736682493760046,0.23309797136791097,0.5888032897738003,0.04939806728859932,0.7119982514166667,0.606912879,0.7743879737235543,0.006989819497195402,0.012295426522141082,0.6382013570623996,0.4824266279620739,0.8893067178255334,0.3391158828647183,1.032617462922889,0.655447547682437,1,0.5623585762947299,1
10,8,0,2015-01-18,14,0,0.639867424,0.6975889520595944,0.16030523430506574,-0.016877078258677902,-0.1052808932399569,0.6082914784323363,0.04845302382634156,0.7119982514166667,0.675568182,0.7734429302612965,0.006989819497195402,0.012295426522141082,0.6567445022586779,0.494148907244549,0.9010289968746397,0.3508381622293902,1.0443397418897986,0.6281453829755107,1,0.5362797737345659,1
10,8,0,2015-01-19,15,0,0.683806818,0.6930031124333538,0.16030523428401727,0.03472886371941197,0.21664210700619965,0.5994894545699101,0.04958849971067793,0.7119982514166667,0.639867424,0.7745784061456329,0.006989819497195402,0.012295426522141082,0.649077954280588,0.4895630676450206,0.8964431572216869,0.3462523226486788,1.0397539022180289,0.6389120476030975,1,0.5464916627086978,1
10,8,0,2015-01-20,16,0,0.639867424,0.7068566877301125,0.1603052342791987,-0.029403443396666118,-0.18342160522004566,0.617601848339394,0.05166901905727205,0.7119982514166667,0.683806818,0.776658925492227,0.006989819497195402,0.012295426522141082,0.6692708673966661,0.5034166429478945,0.9102967325123305,0.36010589795586034,1.0536074775043645,0.6060860524263799,1,0.5156343283334027,1
10,8,0,2015-01-21,17,0,0.594871795,0.6978339883081174,0.16030523427809562,-0.060009126806227275,-0.37434290325245495,0.6022668592866974,0.052614062519529825,0.7119982514166667,0.639867424,0.7776039689544848,0.006989819497195402,0.012295426522141082,0.6548809218062273,0.49439394352729926,0.9012740330889355,0.3510831985362513,1.0445847780799835,0.6275671678294623,1,0.5357339288594444,1
10,8,0,2015-01-22,18,0,0.397743056,0.6763554682899342,0.1603052342778431,-0.22470539894674207,-1.4017346342994625,0.5709698683115486,0.05147858663519346,0.7119982514166667,0.594871795,0.7764684930701484,0.006989819497195402,0.012295426522141082,0.6224484549467421,0.47291542350943655,0.8797955130704318,0.32960467851861436,1.023106258061254,0.6770272135534362,1,0.583420599451836,1
10,8,0,2015-01-24,19,0,0.910521886,0.6099730587784172,0.16030523427778529,0.39547311786922745,2.4670006544136354,0.45377764744168425,0.06127112068908825,0.7119982514166667,0.397743056,0.7862610271240432,0.006989819497195402,0.012295426522141082,0.5150487681307725,0.4065330139979929,0.8134131035588416,0.26322226900722245,0.956723848549612,0.8088052391044045,0,0.7230286935099494,1
10,8,0,2015-01-25,20,0,0.329545455,0.6359693283836881,0.16030523427777205,-0.27002318099886236,-1.6844314673529273,0.6209879281925955,-0.021419292193733203,0.7119982514166667,0.910521886,0.7035706142412218,0.006989819497195402,0.012295426522141082,0.5995686359988623,0.4325292836032807,0.8394093731640956,0.289218538612522,0.9827201181548543,0.7615615652717913,1,0.6704706345218698,1
10,8,0,2015-01-27,22,0,0.845458333,0.493902277597618,0.18079708967249947,0.43724624303550286,2.4184362913559174,0.48016079891175223,-0.07194870894725511,0.7119982514166667,0.329545455,0.6530411974876998,0.006989819497195402,0.012295426522141082,0.4082120899644971,0.2644564445600829,0.7233481106351531,0.10282625369413428,0.8849783015011017,0.9216843214442707,0,0.8661095431154819,1
10,8,0,2015-01-28,23,0,0.553333333,0.6366438601965524,0.16418206800249147,-0.07657356167663332,-0.4663941842629934,0.7057414335209002,-0.07583453884426691,0.7119982514166667,0.845458333,0.649155367590688,0.006989819497195402,0.012295426522141082,0.6299068946766333,0.4282838062217073,0.8450039141713974,0.28150722350083357,0.9917804968922712,0.7550379283594372,1,0.6634586278904088,1
10,8,0,2015-01-29,24,0,0.877552083,0.6084386272985589,0.1611592820960558,0.290426444228714,1.8021080787367314,0.6640956534998893,-0.07697001472860329,0.7119982514166667,0.553333333,0.6480198917063517,0.006989819497195402,0.012295426522141082,0.587125638771286,0.4039147281625588,0.812962526434559,0.2598404757938446,0.9570367788032732,0.8101350745379717,0,0.7245574995675964,1
10,8,0,2015-01-31,25,0,0.971866667,0.7105980823750236,0.1604990799781417,0.22905359565636285,1.4271333872291203,0.817032732059565,-0.07421966071592784,0.7119982514166667,0.877552083,0.6507702457190272,0.006989819497195402,0.012295426522141082,0.7428130713436372,0.5069120320406406,0.9142841327094067,0.3634279915747941,1.057768173175253,0.5969638831039609,0,0.5072003974424346,1
10,8,0,2015-02-01,26,0,1.0115625,0.7826431131020183,0.16034952424716414,0.15480081078785624,0.9653961339432784,0.9367572667495988,-0.07999557753745518,0.7119982514166667,0.971866667,0.6449943288974997,0.006989819497195402,0.012295426522141082,0.8567616892121437,0.579146860840944,0.9861393653630925,0.4357965212072668,1.1294897049967698,0.4193429162010378,0,0.352458574884767,0
10,8,0,2015-02-02,27,0,0.561979167,0.8362825267194969,0.16031536891207507,-0.3766932869166988,-2.3497016503969506,1.0175325555698176,-0.07886010165311882,0.7119982514166667,1.0115625,0.6461298047818361,0.006989819497195402,0.012295426522141082,0.9386724539166987,0.632829620285097,1.0397354331538966,0.4895098150662135,1.1830552383727801,0.2952177780573657,1,0.25136579309479223,0
10,8,0,2015-02-03,28,0,0.976979167,0.7613590663840472,0.16030755412903538,0.17176426004296064,1.0714670370723982,0.8502923080720753,-0.04507740111503604,0.7119982514166667,0.561979167,0.679912505319919,0.006989819497195402,0.012295426522141082,0.8052149069570393,0.557916077528563,0.9648020552395313,0.4146032586216636,1.1081148741464308,0.471755400833788,0,0.39654092103686084,1
10,8,0,2015-02-04,29,0,0.915766667,0.9353936365520747,0.16030576534117869,-0.09483714956013767,-0.5916016143168389,0.9398761350294204,0.07072768153071722,0.7119982514166667,0.976979167,0.7957175879656722,0.006989819497195402,0.012295426522141082,1.0106038165601376,0.7319529178101232,1.1388343552940263,0.5886416980557501,1.2821455750483994,0.12373832564224385,0,0.11348046200890488,0
10,8,0,2015-02-08,32,0,0.840888889,0.8475891946350769,0.19919198304432123,-0.06459899546420556,-0.3243051978142712,0.89041473451818,0.01507314994602563,0.7119982514166667,0.915766667,0.7400630563809806,0.006989819497195402,0.012295426522141082,0.9054878844642056,0.5947987843093805,1.1003796049607732,0.41672380369580936,1.2784545855743443,0.31209337509431023,0,0.26492114432630887,0
10,8,0,2015-02-09,33,0,0.707111111,0.5978319039737621,0.1666448623263111,0.06698378546146389,0.4019552989896647,0.845833968048595,-0.2057066425100589,0.7119982514166667,0.840888889,0.5192832639248961,0.006989819497195402,0.012295426522141082,0.6401273255385361,0.3863463688517785,0.8093174390957456,0.23736808079735316,0.958295727150171,0.8194123969142865,1,0.7353057713053116,1
10,8,0,2015-02-10,34,0,0.703770833,0.5608081894340609,0.1616689758987784,0.08760289993655923,0.5418658678917331,0.8831606025188977,-0.26699266945545697,0.7119982514166667,0.707111111,0.457997236979498,0.006989819497195402,0.012295426522141082,0.6161679330634408,0.3556374484746022,0.7659789303935195,0.2111075366327932,0.9105088422353285,0.8790481835401749,1,0.8083776361219364,1
10,8,0,2015-02-11,35,0,0.994375,0.6327809267766611,0.16061319614139763,0.2899970169639262,1.8055615847942164,0.9295529243189912,-0.22517494128291737,0.7119982514166667,0.703770833,0.4998149651520376,0.006989819497195402,0.012295426522141082,0.7043779830360738,0.4289500539886161,0.8366117995647061,0.28536399519226796,0.9801978583610542,0.7672505580361708,0,0.6766310330150269,1
10,8,0,2015-02-12,36,0,0.755486111,0.7302997275054782,0.1603755169148954,-0.0995322063258196,-0.6206197070506541,1.0813287344930733,-0.22631041716725375,0.7119982514166667,0.994375,0.4986794892677012,0.006989819497195402,0.012295426522141082,0.8550183173258196,0.526770488489411,0.9338289665215455,0.3833969117568727,1.0772025432540837,0.548882468619932,0,0.46365814131041544,1
10,8,0,2015-02-14,37,0,0.725625,0.8754933315178031,0.16032131246627712,-0.25640390426902593,-1.5993126573421694,1.0293772571527346,-0.04734835288370877,0.7119982514166667,0.755486111,0.6776415535512462,0.006989819497195402,0.012295426522141082,0.9820289042690259,0.6720328822421575,1.0789537807934486,0.5287077635649553,1.2222788994706508,0.21688362567818642,1,0.18872952272766,0
10,8,0,2015-02-15,38,0,0.605208333,0.7876115841399236,0.16030891440795328,-0.24212675255196558,-1.5103760975874536,0.8956284818979321,-0.04829339634596652,0.7119982514166667,0.725625,0.6766965100889885,0.006989819497195402,0.012295426522141082,0.8473350855519656,0.5841668689827051,0.9910562992971421,0.44085283400456504,1.1343703342752822,0.40725206854432056,1,0.3424320582615699,0
10,8,0,2015-02-18,41,1,0.58,0.6899660916513399,0.1991925631890588,-0.12549039485357938,-0.6299953815769377,0.7693450584413533,-0.06385466358777386,0.7119982514166667,0.605208333,0.6611352428471811,0.006989819497195402,0.012295426522141082,0.7054903948535793,0.4371749450760013,0.9427572382266786,0.2590994458207593,1.1208327374819205,0.6184400276107902,1,0.5271516987293284,1
10,8,0,2015-02-19,42,1,0.672135417,0.6325386072479751,0.16664492891708713,0.05438358806003174,0.3263440922771185,0.6827419684120785,-0.06499013947211023,0.7119982514166667,0.58,0.6599997669628448,0.006989819497195402,0.012295426522141082,0.6177518289399683,0.42105298761702004,0.8440242268789301,0.27207464003132764,0.9930025744646225,0.7595514074243161,1,0.6683041171407254,1
10,8,0,2015-02-23,44,1,0.930416667,0.65034690601498,0.18200736692786906,0.2842497162283619,1.561748411760785,0.7130471771682638,-0.06688022639662577,0.7119982514166667,0.672135417,0.6581096800383293,0.006989819497195402,0.012295426522141082,0.6461669507716381,0.41936513523880276,0.8813286767911572,0.2566529726213152,1.044040839408645,0.7079900263116898,0,0.6144063185029744,1
10,8,0,2015-02-24,45,1,0.791458333,0.7787576112125526,0.16436865503211553,-0.04568059747936615,-0.27791550323533853,0.8917936757687079,-0.054654745289341736,0.7119982514166667,0.930416667,0.6703351611456132,0.006989819497195402,0.012295426522141082,0.8371389304793662,0.5701607635120804,0.9873544589130248,0.4232173744711167,1.1342978479539885,0.43055631765693225,0,0.361802173908774,0
10,8,0,2015-02-25,46,1,0.658541667,0.7635232336832609,0.161198759003332,-0.15465089003154764,-0.9593801527240727,0.8669022588586317,-0.053709701827083955,0.7119982514166667,0.791458333,0.671280204607871,0.006989819497195402,0.012295426522141082,0.8131925570315477,0.558949235223803,0.9680972321427188,0.41483969102561624,1.1122067763409056,0.46657127984416147,1,0.3921317421776347,1
10,8,0,2015-02-26,47,1,0.376597222,0.7411316950933803,0.16050796012674978,-0.38568781895864934,-2.4029201956967103,0.7854280374785809,-0.02314299651993159,0.7119982514166667,0.658541667,0.7018469099150234,0.006989819497195402,0.012295426522141082,0.7622850409586494,0.5374343751467564,0.9448290150400042,0.3939423959462929,1.0883209942404677,0.5220309481330864,1,0.4399447104503534,1
10,8,0,2015-02-28,48,1,0.376597222,0.6299750131025372,0.16035154905274762,-0.21579781862090308,-1.3457794445747226,0.6176185564874288,-0.025223515866525728,0.7119982514166667,0.376597222,0.6997663905684293,0.006989819497195402,0.012295426522141082,0.5923950406209031,0.4264761912027333,0.8334738350023412,0.2831240414198246,0.9768259847852498,0.7729241701955718,1,0.6828181658891809,1
10,8,0,2015-03-01,49,1,0.813611111,0.5558359249689226,0.16031583202135982,0.33476733641267287,2.088173901427713,0.5050123339161107,-0.026168559328783488,0.7119982514166667,0.376597222,0.6988213471061715,0.006989819497195402,0.012295426522141082,0.4788437745873272,0.35238243081214404,0.7592894191257012,0.2090622115797261,0.9026096383581192,0.8870781172972624,0,0.8188377843986955,1
10,8,0,2015-03-02,50,2,0.773333333,0.6656784517863557,0.16030766012496694,0.1261124657081878,0.7866902031373767,0.6722539507362593,-0.025033083444447123,0.7119982514166667,0.813611111,0.6999568229905079,0.006989819497195402,0.012295426522141082,0.6472208672918122,0.4622353284136353,0.869121575159076,0.3189224147477844,1.012434488824927,0.7005552875351034,0,0.6068789251334121,1
10,8,0,2015-03-03,51,2,0.702777778,0.7105121792509903,0.16030578960531428,-0.012297774973853204,-0.07671447802435154,0.7380281170717061,-0.022952564097852998,0.7119982514166667,0.773333333,0.702037342337102,0.006989819497195402,0.012295426522141082,0.7150755529738532,0.507071429715928,0.9139529287860526,0.36376018826974066,1.0572641702322398,0.5972858707707691,1,0.5074970981570194,1
10,8,0,2015-03-04,52,2,0.930416667,0.7389904419069142,0.16030536140634127,0.189107677061358,1.1796715680769325,0.7316143293827485,0.009694660555893506,0.7119982514166667,0.702777778,0.7346845669908485,0.006989819497195402,0.012295426522141082,0.741308989938642,0.5355502357902788,0.9424306480235496,0.39223937714827195,1.0857415066655565,0.5273772992199098,0,0.4446346149982638,1
10,8,0,2015-03-05,53,2,0.980984848,0.903936271990799,0.16030526338085138,0.040210637907646674,0.25083791423688134,0.8302411581536817,0.11053305193867154,0.7119982514166667,0.930416667,0.8355229583736266,0.006989819497195402,0.012295426522141082,0.9407742100923533,0.7004961902762776,1.1073763537053203,0.5571854192677537,1.2506871247138442,0.16845977160404446,0,0.14987483606262572,0
10,8,0,2015-03-07,54,2,0.590740741,0.8768798090548542,0.16030524094023801,-0.33031697859490106,-2.060550089675756,0.8512125079779459,0.06984521161695517,0.7119982514166667,0.980984848,0.7948351180519102,0.006989819497195402,0.012295426522141082,0.921057719594901,0.6734397558192495,1.0803198622904588,0.5301290048723349,1.2236306132373733,0.21432939324778816,1,0.18668717601414997,0
10,8,0,2015-03-08,55,2,0.4509375,0.5924303201023988,0.16030523580298506,-0.1271471254844948,-0.7931564109406787,0.6840022075266576,-0.10591758204216281,0.7119982514166667,0.590740741,0.6190723243927921,0.006989819497195402,0.012295426522141082,0.5780846254844948,0.38899027338637515,0.7958703668184225,0.2456795270320964,0.9391811131727013,0.8371803659905922,1,0.7563173478789321,1
10,8,0,2015-03-09,56,2,0.2640625,0.582165206516028,0.16030523462693094,-0.280547827695403,-1.7500852567185696,0.6176902526617407,-0.07307992496633772,0.7119982514166667,0.4509375,0.6519099814686172,0.006989819497195402,0.012295426522141082,0.544610327695403,0.3787251612925102,0.7856052517395458,0.2354144159896081,0.9289159970424479,0.8524433242343341,1,0.7748521378439134,1
10,8,0,2015-03-10,57,2,0.560625,0.48914024496338593,0.1603052343577008,0.16025027741836628,0.9996571731450022,0.47137412820137736,-0.07099940561974359,0.7119982514166667,0.2640625,0.6539905008152114,0.006989819497195402,0.012295426522141082,0.40037472258163376,0.2857002000815425,0.6925802898452293,0.1423894550193286,0.8358910349074433,0.9481600216119509,1,0.9053404483511045,1
10,8,0,2015-03-11,58,2,0.625625,0.5761121805811824,0.16030523429606686,0.10902657435838903,0.6801186176929722,0.5549506066076081,-0.03835218096599716,0.7119982514166667,0.560625,0.6866377254689578,0.006989819497195402,0.012295426522141082,0.516598425641611,0.37267213577755737,0.7795522253848075,0.22936139077044337,0.9228629703919214,0.8609792647387552,1,0.7854308811958121,1
11,9,0,2015-01-03,1,0,0.956270833,0.7777430698296259,0.2029537764898267,0.1785277631703741,0.8796474067055511,0.7616870603303573,0.0160560094992687,0.7763868062258065,0.7763868062258065,0.7777430698296259,0.011372728284871587,0.009817507106610952,0.7777430698296259,0.520178645539531,1.035307494119721,0.33874067167370825,1.2167454679855436,0.44563535017894407,0,0.37443901234406773,0
11,9,0,2015-01-04,2,0,0.931645833,0.8700136083550654,0.16931563392691135,0.014040458460396699,0.08292476090221862,0.8976635351433229,0.019941839396280525,0.7763868062258065,0.956270833,0.7816288997266378,0.011372728284871587,0.009817507106610952,0.9176053745396033,0.6551386524417253,1.0848885642684054,0.5037727301375101,1.2362544865726206,0.2392193740915799,0,0.20657580799072778,0
11,9,0,2015-01-05,3,0,0.820833333,0.905661194445947,0.16626984183332189,-0.13565089535628394,-0.8158478642944036,0.9068957286456061,0.04958849971067793,0.7763868062258065,0.931645833,0.8112755600410352,0.011372728284871587,0.009817507106610952,0.956484228356284,0.6946515900459452,1.1166707988459486,0.5460085653188793,1.2653138235730146,0.1745860891352845,0,0.15481243632375816,0
11,9,0,2015-01-06,4,0,0.858143939,0.8223694091669324,0.16589561898602362,0.015569022181871506,0.09384830218562412,0.8194170821909175,0.023157834627211014,0.7763868062258065,0.820833333,0.7848448949575683,0.011372728284871587,0.009817507106610952,0.8425749168181285,0.6118347232133258,1.0329040951205388,0.46352624872899206,1.1812125696048725,0.3313332629336417,0,0.28042967915602496,0
11,9,0,2015-01-07,5,0,0.880530303,0.8298243263403982,0.1658481524390135,0.026995152394678534,0.1627702931728789,0.8294322725158527,0.024102878089468788,0.7763868062258065,0.858143939,0.785789938419826,0.011372728284871587,0.009817507106610952,0.8535351506053215,0.6193498791961656,1.0402987734846307,0.471083839172845,1.1885648135079512,0.3151481980785763,0,0.26737936070953155,0
11,9,0,2015-01-08,6,0,0.891723485,0.8399727474314067,0.16584210781855258,0.021963968778483944,0.13243903534146265,0.8467921140163837,0.022967402205132423,0.7763868062258065,0.880530303,0.7846544625354896,0.011372728284871587,0.009817507106610952,0.869759516221516,0.6295059713895108,1.0504395234733026,0.48124533517639856,1.1987001596864149,0.293729985884267,0,0.2501725168315518,0
11,9,0,2015-01-10,7,0,0.858143939,0.847072733144622,0.1658413376788463,-0.02365891181308999,-0.14265991907823217,0.8609159679545517,0.020886882858538285,0.7763868062258065,0.891723485,0.7825739431888955,0.011372728284871587,0.009817507106610952,0.88180285081309,0.6366069344710387,1.0575385318182051,0.4883469867525695,1.2057984795366745,0.2791612553007131,0,0.23850053334464796,0
11,9,0,2015-01-11,8,0,0.858143939,0.836238782900268,0.1658412395497276,-0.0075001656091459035,-0.045224973170180476,0.8457022652128653,0.019941839396280525,0.7763868062258065,0.858143939,0.7816288997266378,0.011372728284871587,0.009817507106610952,0.8656441046091459,0.625773108760312,1.046704457040224,0.4775132487679684,1.1949643170325674,0.3015289752275215,0,0.2564307206833205,0
11,9,0,2015-01-12,9,0,0.858143939,0.8342393559445027,0.1658412270462783,-0.0038127140471720944,-0.02299014614808747,0.8408793377665552,0.02107731528061689,0.7763868062258065,0.858143939,0.7827643756109741,0.011372728284871587,0.009817507106610952,0.8619566530471721,0.6237736976724146,1.0447050142165908,0.47551384885798825,1.1929648630310172,0.30574356007053666,0,0.2598159901239855,0
11,9,0,2015-01-13,10,0,0.858143939,0.8347262455344506,0.1658412254531079,-0.003441495306618192,-0.020751747927666424,0.8384275996794072,0.023157834627211014,0.7763868062258065,0.858143939,0.7848448949575683,0.011372728284871587,0.009817507106610952,0.8615854343066182,0.6242605892842221,1.0451919017846791,0.47600074189406877,1.1934517491748324,0.3047148402538282,0,0.2589894671576902,0
11,9,0,2015-01-14,11,0,0.858143939,0.8342328204408096,0.16584122525010853,-0.002173510221339159,-0.013105970593627995,0.8362145711318704,0.024102878089468788,0.7763868062258065,0.858143939,0.785789938419826,0.011372728284871587,0.009817507106610952,0.8603174492213391,0.6237671644482033,1.0446984764334157,0.47550731723952877,1.1929583236420904,0.3057573770491615,0,0.25982709236721374,0
11,9,0,2015-01-15,12,0,0.858143939,0.8321888655883165,0.16584122522424266,0.00035962561400748605,0.00216849347031305,0.8348169111808601,0.022967402205132423,0.7763868062258065,0.858143939,0.7846544625354896,0.011372728284871587,0.009817507106610952,0.8577843133859925,0.6217232096285361,1.042654521548097,0.4734633624429852,1.1909143687336479,0.3100926786253049,0,0.2633119670920064,0
11,9,0,2015-01-17,13,0,0.82680303,0.8527525233376971,0.16584122522094688,-0.05162588025843873,-0.31129702635553147,0.8350481658181901,0.04338074444024866,0.7763868062258065,0.858143939,0.8050678047706059,0.011372728284871587,0.009817507106610952,0.8784289102584387,0.6422868673820994,1.0632181792932949,0.49402702019949485,1.2114780264758993,0.26776594367872775,0,0.2293843448324792,0
11,9,0,2015-01-18,14,0,0.582045455,0.8302290092716471,0.16584122522052694,-0.2622407647134235,-1.5812760932313996,0.8018505187354327,0.0424357009779909,0.7763868062258065,0.82680303,0.8041227613083481,0.011372728284871587,0.009817507106610952,0.8442862197134235,0.6197633533165823,1.040694665226712,0.47150350613435316,1.1889545124089411,0.3142745546209009,1,0.2666761896008965,0
11,9,0,2015-01-19,15,0,0.964106061,0.7217536735990465,0.16584122522047343,0.28731638318214314,1.7324786572227602,0.6332185009555296,0.04357117686232727,0.7763868062258065,0.582045455,0.8052582371926845,0.011372728284871587,0.009817507106610952,0.6767896778178568,0.5112880176440495,0.9322193295540435,0.36302817046186836,1.0804791767362247,0.5676213485097032,0,0.48045398374995446,1
11,9,0,2015-01-20,16,0,0.72830303,0.8439260557367014,0.1658412252204666,-0.13532387915069843,-0.8159845597546755,0.817975212941777,0.04565169620892139,0.7763868062258065,0.964106061,0.8073387565392787,0.011372728284871587,0.009817507106610952,0.8636269091506984,0.6334603997817132,1.0543917116916897,0.48520055259953804,1.2026515588738649,0.2855740906652755,1,0.2436355961904451,0
11,9,0,2015-01-21,17,0,0.827147436,0.7658148635983034,0.16584122522046574,0.072088381920978,0.4346831243265675,0.7309561759895532,0.024102878089468788,0.7763868062258065,0.72830303,0.785789938419826,0.011372728284871587,0.009817507106610952,0.755059054079022,0.5553492076433162,0.9762805195532906,0.40708936046114186,1.124540366735465,0.46201385814858514,0,0.3882650199111322,0
11,9,0,2015-01-24,19,0,0.261174242,0.6659214851371877,0.19717007954427768,-0.41021600213716686,-2.0805185202810974,0.7773120860445835,-0.10592184190741656,0.7763868062258065,0.827147436,0.6557652184229407,0.011372728284871587,0.009817507106610952,0.6713902441371669,0.4156970305673576,0.916145939707018,0.2394296047613142,1.0924133655130612,0.6651013932908068,1,0.5717295556260324,1
11,9,0,2015-01-31,25,0,0.971866667,0.42969198890586335,0.2922193240221814,0.6398705232756565,2.189692709121064,0.4825560740974434,-0.1505599303730999,0.7763868062258065,0.261174242,0.6111271299572574,0.011372728284871587,0.009817507106610952,0.3319961437243435,0.058842511453608914,0.8005414663581178,-0.20239767334129,1.0617816511530167,0.8634872918617837,0,0.7885698699472501,1
11,9,0,2015-02-02,27,0,0.994270833,0.9058368999336217,0.20310528066328343,0.005093707020304872,0.025079146163360645,0.999801991890567,-0.010624865910871842,0.7763868062258065,0.971866667,0.7510621944194854,0.011372728284871587,0.009817507106610952,0.9891771259796951,0.6480802048423185,1.163593595024925,0.4665067882626936,1.3451670116045498,0.22146004519502616,0,0.19238774490731952,0
11,9,0,2015-02-03,28,0,0.919954545,0.9425419165689067,0.16932593871987484,-0.10728610702202301,-0.6336070411486824,1.003683447339261,0.023557204682761956,0.7763868062258065,0.994270833,0.7852442650131193,0.011372728284871587,0.009817507106610952,1.027240652022023,0.7276538830567509,1.1574299500810625,0.5762787484048342,1.3088050847329793,0.12774652428406685,0,0.11677476004719049,0
11,9,0,2015-02-04,29,0,0.755166667,0.8655281614616418,0.166271072373503,-0.1703678659718827,-1.0246392444572492,0.9331338360739027,-0.0075993031020199445,0.7763868062258065,0.919954545,0.7540877572283373,0.011372728284871587,0.009817507106610952,0.9255345329718827,0.654516995408643,1.0765393275146407,0.5058728705950397,1.2251834523282439,0.24358463131748315,0,0.21006244272802113,0
11,9,0,2015-02-07,31,0,0.771583333,0.8226002469937759,0.19721596357186852,-0.07256953911948061,-0.3679699036788934,0.8232659892609424,0.020886882858538285,0.7763868062258065,0.755166667,0.7825739431888955,0.011372728284871587,0.009817507106610952,0.8441528721194806,0.5723175619571126,1.0728829320304392,0.3960091164413458,1.249191377546206,0.3563897876418509,0,0.30073414807977766,0
11,9,0,2015-02-08,32,0,0.607416667,0.7863915222381219,0.1689072094740454,-0.1815393442827674,-1.0747874223252922,0.7690141718864869,0.019941839396280525,0.7763868062258065,0.771583333,0.7816288997266378,0.011372728284871587,0.009817507106610952,0.7889560112827674,0.5720348893187552,1.0007481551574886,0.4210340930372578,1.151748951438986,0.41470717473180896,1,0.3486085586887478,0
11,9,0,2015-02-09,33,0,0.697708333,0.7101323083222998,0.16622088119259684,0.026685599371601754,0.16054300266090923,0.6499454183477814,0.02107731528061689,0.7763868062258065,0.607416667,0.7827643756109741,0.011372728284871587,0.009817507106610952,0.6710227336283983,0.4991848388549873,0.9210797777896123,0.35058558428882186,1.0696790323557777,0.5947758264216088,1,0.5051860781969238,1
11,9,0,2015-02-10,34,0,0.6895,0.7233950668630202,0.16588942779595908,-0.0008066978890329812,-0.004862864980312095,0.667148863261822,0.023157834627211014,0.7763868062258065,0.697708333,0.7848448949575683,0.011372728284871587,0.009817507106610952,0.690306697889033,0.5128682380201914,0.933921895705849,0.36456529837734014,1.0822248353487003,0.56370814710071,1,0.4769289124450428,1
11,9,0,2015-02-11,35,0,0.54175,0.7240028197784544,0.16584736432955458,-0.14898283281771585,-0.8983129362349872,0.666629954728247,0.024102878089468788,0.7763868062258065,0.6895,0.785789938419826,0.011372728284871587,0.009817507106610952,0.6907328328177158,0.5135293728075745,0.9344762667493343,0.3652640373436165,1.0827416022132923,0.5622804996890722,1,0.4756452205012455,1
11,9,0,2015-02-12,36,0,0.656666667,0.6605932717177514,0.16584200741120528,0.0628755749533384,0.3791293649590143,0.5708236898415292,0.022967402205132423,0.7763868062258065,0.54175,0.7846544625354896,0.011372728284871587,0.009817507106610952,0.5937910920466616,0.4501266231007355,0.8710599203347673,0.3018660766504548,1.019320466785048,0.705093780803754,1,0.6114671884617854,1
11,9,0,2015-02-14,37,0,0.238041667,0.6847934829545352,0.16584132488529443,-0.39410079890526434,-2.3763727115533326,0.6112555830467261,0.020886882858538285,0.7763868062258065,0.656666667,0.7825739431888955,0.011372728284871587,0.009817507106610952,0.6321424659052644,0.47432770051698303,0.8952592653920874,0.3260677642357789,1.0435192016732917,0.6529090119527547,1,0.5599078043606138,1
11,9,0,2015-02-16,39,0,0.960433333,0.5688417082406461,0.19717009022561094,0.5188928326566054,2.631701553023913,0.39796932348106734,0.04357117686232727,0.7763868062258065,0.238041667,0.8052582371926845,0.011372728284871587,0.009817507106610952,0.4415405003433946,0.3186172401153576,0.8190661763659346,0.14234980476034453,0.9953336117209476,0.8208977981804931,0,0.7370404470301622,1
11,9,0,2015-02-17,40,0,0.586041667,0.7400197911635182,0.16890379562413793,-0.129841529812876,-0.7687306808771349,0.692725362185665,0.023157834627211014,0.7763868062258065,0.960433333,0.7848448949575683,0.011372728284871587,0.009817507106610952,0.715883196812876,0.5256674906901954,0.9543720916368411,0.37466974634506,1.1053698359819766,0.523559042087268,1,0.4412836236150153,1
11,9,0,2015-02-18,41,1,0.549791667,0.6856113693259012,0.16622047039259788,-0.08187739589071086,-0.49258310782855913,0.6075661848012421,0.024102878089468788,0.7763868062258065,0.586041667,0.785789938419826,0.011372728284871587,0.009817507106610952,0.6316690628907109,0.4746644211963389,0.8965583174554634,0.3260655338799027,1.0451572047718996,0.650758415387318,1,0.5578358433419887,1
11,9,0,2015-02-22,43,1,0.753525,0.6696346712505994,0.19721058109681652,0.15630699262664982,0.7925892807440899,0.5547823063953593,0.0424357009779909,0.7763868062258065,0.549791667,0.8041227613083481,0.011372728284871587,0.009817507106610952,0.5972180073733502,0.41935881700128086,0.9199105254999179,0.2430551833465433,1.0962141591546555,0.6581833579798292,0,0.5650059883106817,1
11,9,0,2015-02-23,44,1,0.3715625,0.752740251946548,0.16890680904240696,-0.3496587398956704,-2.070128148640133,0.6716327401849925,0.04958849971067793,0.7763868062258065,0.753525,0.8112755600410352,0.011372728284871587,0.009817507106610952,0.7212212398956704,0.5383841272066605,0.9670963766864356,0.38738368890571606,1.11809681498738,0.4935280619337359,1,0.4151892522524787,1
11,9,0,2015-02-24,45,1,0.726933333,0.610765055139567,0.166220833008658,0.2252353899450129,1.3550370664625475,0.4500667400887003,0.051631202966286746,0.7763868062258065,0.3715625,0.813318263296644,0.011372728284871587,0.009817507106610952,0.501697943054987,0.399817646821491,0.821712463457643,0.2512184353311253,0.9703116749480087,0.7988864570268899,1,0.711716488812616,1
11,9,0,2015-02-25,46,1,0.410833333,0.6427253634674333,0.16588942170017615,-0.17364589362156124,-1.0467568808299539,0.5952695264850089,-0.01079029986344764,0.7763868062258065,0.726933333,0.7508967604669097,0.011372728284871587,0.009817507106610952,0.5844792266215613,0.43219854236063604,0.8532521845742305,0.2838956081673335,1.001555118767533,0.7410751294120059,1,0.6486308862926775,1
11,9,0,2015-02-26,47,1,0.4078125,0.6006885367431688,0.16584736355354468,-0.09553569034191867,-0.5760458791440147,0.483571784898214,0.01977640544370473,0.7763868062258065,0.410833333,0.781463465774062,0.011372728284871587,0.009817507106610952,0.5033481903419187,0.3902150907571069,0.8111619827292307,0.2419497559868915,0.9594273174994461,0.8160182167665024,1,0.7313563987490009,1
11,9,0,2015-02-28,48,1,0.4078125,0.558674581225786,0.16584200731233872,-0.032019115347957205,-0.193069993947034,0.42213572925084664,0.01769588609711059,0.7763868062258065,0.4078125,0.7793829464274679,0.011372728284871587,0.009817507106610952,0.4398316153479572,0.34820793273423944,0.7691412297173325,0.19994738637234416,0.9174017760792277,0.8756803644753798,1,0.8040404209027113,1
11,9,0,2015-03-01,49,1,0.447083333,0.5443461890777257,0.16584132487269718,0.028786528323227423,0.17357874067470508,0.4015459620419198,0.016750842634852832,0.7763868062258065,0.4078125,0.7784379029652101,0.011372728284871587,0.009817507106610952,0.4182968046767726,0.3338804066561604,0.7548119714992909,0.18562047038621804,0.9030719077692333,0.8925240874115112,1,0.826031657856646,1
11,9,0,2015-03-02,50,2,0.8004,0.580007663651897,0.16584123791799066,0.33996287769083516,2.049929691546011,0.4200569422082653,0.040380180100899575,0.7763868062258065,0.447083333,0.8020672404312569,0.011372728284871587,0.009817507106610952,0.46043712230916484,0.3695419915827446,0.7904733357210495,0.221282133049152,0.9387331942546421,0.8473256149613417,0,0.7685845116238182,1
11,9,0,2015-03-04,52,2,0.83375,0.6991752801825547,0.19717008090510482,0.17949515291982265,0.9103569471385019,0.6333429657521362,0.020911881328041095,0.7763868062258065,0.8004,0.7825989416583984,0.011372728284871587,0.009817507106610952,0.6542548470801773,0.44895082388572705,0.9493997364793824,0.2726833968631224,1.125667163501987,0.6017081586985333,0,0.5115794080230794,1
11,9,0,2015-03-05,53,2,0.453125,0.7852480898425631,0.16890379493026578,-0.33416096434098685,-1.978410043888888,0.7675095588972821,0.01977640544370473,0.7763868062258065,0.83375,0.781463465774062,0.011372728284871587,0.009817507106610952,0.7872859643409869,0.570895790249819,0.9996003894353073,0.41989804652499607,1.15059813316013,0.4173461476412892,1,0.350799351352658,0
11,9,0,2015-03-08,55,2,0.929074074,0.6516375603297,0.1974891719427922,0.3521068038435301,1.782917009472939,0.5483433741211281,0.02862389603534176,0.7763868062258065,0.453125,0.790310956365699,0.011372728284871587,0.009817507106610952,0.5769672701564699,0.40100815222148195,0.9022669684379181,0.22445546205986072,1.0788196585995393,0.6907808771508173,0,0.597067993912588,1
11,9,0,2015-03-09,56,2,0.841,0.8755253486769834,0.16892749070275595,-0.05207134596529983,-0.3082467261466894,0.8118184811541185,0.08125286481118134,0.7763868062258065,0.929074074,0.8429399251415386,0.011372728284871587,0.009817507106610952,0.8930713459652998,0.6611429772713118,1.089907720082655,0.5101240498413903,1.2409266475125764,0.22871893724758918,0,0.19818806618228307,0
11,9,0,2015-03-10,57,2,0.821666667,0.855403775363103,0.16622332116642077,-0.03932813268039481,-0.23659816447187915,0.7776614155226194,0.08333338415777548,0.7763868062258065,0.841,0.8450204444881327,0.011372728284871587,0.009817507106610952,0.8609947996803948,0.644453209375666,1.0663543413505399,0.49585177350539006,1.214955777220816,0.2630047046631912,0,0.22557800351435034,0
11,9,0,2015-03-11,58,2,0.505888889,0.8398686305150265,0.16588973647148675,-0.3306968182805997,-1.9934736489104021,0.7523072796605664,0.08427842762003325,0.7763868062258065,0.821666667,0.8459654879503905,0.011372728284871587,0.009817507106610952,0.8365857072805997,0.6293414099384937,1.0503958510915592,0.48103819434383077,1.1986990666862223,0.29399980205216425,1,0.25038890190863883,0
12,1,1,2015-01-01,0,0,0.750427826,0.831239240811764,0.16693410424948424,-0.08081141481176402,-0.4840917029811402,0.8238543081535801,0.007384932658183954,0.8566479766,0.8566479766,0.831239240811764,0.002866170532752402,0.005000824628825272,0.831239240811764,0.6193866347699329,1.0430918468535952,0.4701497682874279,1.1923287133361002,0.31325158071583137,0,0.26585298016754055,0
12,1,1,2015-01-03,1,0,0.800725314,0.8159911581727314,0.10940934712706539,0.007942494346639961,0.07259429431943999,0.7575447695268049,0.035238050126555086,0.8566479766,0.750427826,0.8590923582801352,0.002866170532752402,0.005000824628825272,0.7927828196533601,0.6771420271433795,0.9548402892020833,0.5793315275899884,1.0526507887554744,0.2732016856045164,0,0.23373168310388204,0
12,1,1,2015-01-04,2,0,0.800318644,0.8290054931376831,0.10382026212867229,-0.0070970480630407895,-0.06835898809660952,0.7621691622260305,0.04524652983701023,0.8566479766,0.800725314,0.8691008379905903,0.002866170532752402,0.005000824628825272,0.8074156920630408,0.6972493538467317,0.9607616324286345,0.6044354218636079,1.0535755644117584,0.22333349958257387,0,0.1938849794116151,0
12,1,1,2015-01-05,3,0,0.800318644,0.8276681573948244,0.10270177243922236,-0.004428198367076974,-0.043117058857942564,0.7583648366457303,0.0463820057213466,0.8566479766,0.800318644,0.8702363138749267,0.002866170532752402,0.005000824628825272,0.8047468423670769,0.6973314701481763,0.9580048446414724,0.6055174530548046,1.049818861734844,0.2247498292469446,0,0.19501677507027948,0
12,1,1,2015-01-06,4,0,0.850502311,0.8282350131740172,0.10245410007104158,0.046003662466946205,0.44901729101175364,0.7560361234651131,0.04846252506794072,0.8566479766,0.800318644,0.8723168332215208,0.002866170532752402,0.005000824628825272,0.8044986485330538,0.698212641787987,0.9582573845600473,0.6066200404940277,1.0498499858540067,0.2225497340946156,0,0.19325862813251177,0
12,1,1,2015-01-07,5,0,0.850502311,0.8448365761959964,0.10239807407086128,0.020971665835886277,0.20480527613608743,0.7801230766339152,0.049407568530198495,0.8566479766,0.850502311,0.8732618766837785,0.002866170532752402,0.005000824628825272,0.8295306451641137,0.7148853062436586,0.9747878461483341,0.6233427914478781,1.0663303609441148,0.17718249427066335,0,0.15690255279962925,0
12,1,1,2015-01-08,6,0,0.850502311,0.850831321327431,0.10238533973194242,0.011137570926728846,0.10878091488379484,0.7910926474274089,0.04827209264586213,0.8566479766,0.850502311,0.8721264007994423,0.002866170532752402,0.005000824628825272,0.8393647400732711,0.720896212260242,0.98076643039462,0.629365081793898,1.072297560860964,0.16235578902888398,0,0.1449461968906548,0
12,1,1,2015-01-10,7,0,0.800117103,0.8525366399645842,0.10238244216366549,-0.042991483855518986,-0.4199107087794809,0.796917013556251,0.04619157329926799,0.8566479766,0.850502311,0.8700458814528481,0.002866170532752402,0.005000824628825272,0.843108586855519,0.72260520814114,0.9824680717880283,0.6310766680622546,1.0739966118669138,0.15829109719141998,0,0.1416586519434383,0
12,1,1,2015-01-11,8,0,0.850502311,0.8369788600786753,0.10238178268925055,0.030819900566201985,0.30102914558292687,0.7744358805967877,0.04524652983701023,0.8566479766,0.800117103,0.8691008379905903,0.002866170532752402,0.005000824628825272,0.819682410433798,0.70704826518052,0.9669094549768306,0.6155203146629807,1.0584374054943697,0.1977865286835464,0,0.17344562167602162,0
12,1,1,2015-01-12,9,0,0.850522167,0.8485898476205531,0.10238163258721773,0.013588108901032792,0.13272018190818785,0.7905520523776206,0.0463820057213466,0.8566479766,0.850502311,0.8702363138749267,0.002866170532752402,0.005000824628825272,0.8369340580989673,0.7186594432137714,0.9785202520273348,0.627131626885451,1.0700480683556552,0.16778274298846824,0,0.14932863539270638,0
12,1,1,2015-01-13,10,0,0.850502311,0.8552888767541247,0.10238159842227174,0.004382333882165468,0.04280392130713355,0.7976574520498938,0.04846252506794072,0.8566479766,0.850522167,0.8723168332215208,0.002866170532752402,0.005000824628825272,0.8461199771178345,0.7253585157053667,0.9852192378028827,0.633830729920053,1.0767470235881964,0.15188167879152104,0,0.1364647954277831,0
12,1,1,2015-01-14,11,0,0.800117103,0.8577234460766505,0.10238159064591519,-0.04923949582665854,-0.4809409144359987,0.7999490302964601,0.049407568530198495,0.8566479766,0.850502311,0.8732618766837785,0.002866170532752402,0.005000824628825272,0.8493565988266586,0.7277930948967052,0.9876537972565959,0.6362653160633507,1.0791815760899504,0.14635941868552954,0,0.13197922451776808,0
12,1,1,2015-01-15,12,0,0.850502311,0.8398517985113554,0.10238158887592086,0.02802914448992222,0.27377133718730945,0.7742010738642157,0.04827209264586213,0.8566479766,0.800117103,0.8721264007994423,0.002866170532752402,0.005000824628825272,0.8224731665100777,0.7099214495776731,0.9697821474450377,0.61839367232667,1.0613099246960407,0.19007586488756856,0,0.16726270890884767,0
12,1,1,2015-01-17,13,0,0.800117103,0.7895225768369609,0.10238158847304832,0.02284328011221981,0.22311902416158783,0.7888578682987782,-0.011584045410998008,0.8566479766,0.850502311,0.8122702627425821,0.002866170532752402,0.005000824628825272,0.7772738228877802,0.6595922284145558,0.9194529252593661,0.5680644515237154,1.0109807021502064,0.3497364577756561,0,0.2953294147284685,0
12,1,1,2015-01-18,14,0,0.403242161,0.7929466365565495,0.10238158838134956,-0.3816364856862118,-3.7275890296280356,0.8008029085240436,-0.01592426183783177,0.8566479766,0.800117103,0.8079300463157483,0.002866170532752402,0.005000824628825272,0.7848786466862118,0.6630162882505174,0.9228769848625816,0.5714885114416545,1.0144047616714447,0.3374340834922952,1,0.28536138521932364,0
12,1,1,2015-01-19,15,0,0.549969429,0.6032972469095541,0.1023815883604778,-0.007784188443035744,-0.0760311357509732,0.693729652534956,-0.1359760350919203,0.8566479766,0.403242161,0.6878782730616597,0.002866170532752402,0.005000824628825272,0.5577536174430358,0.4733668986300099,0.7332275951890983,0.38183912183980606,0.8247553719793022,0.924057035809895,1,0.8695011150035749,1
12,1,1,2015-01-21,17,0,0.700029771,0.6996717110092314,0.1155342380725037,0.0473263471772124,0.4096304953992312,0.6896592019065975,-0.03695577808380995,0.8566479766,0.549969429,0.7868985300697702,0.002866170532752402,0.005000824628825272,0.6527034238227876,0.5530496080377658,0.846293813980697,0.44976353753167,0.9495798844867929,0.6684414604918014,1,0.5749908852265625,1
12,1,1,2015-01-22,18,0,0.750162367,0.7494756581221556,0.10485363447353963,0.037296481245795765,0.3557004145164632,0.719254958530862,-0.006389072776657654,0.8566479766,0.700029771,0.8174652353769224,0.002866170532752402,0.005000824628825272,0.7128658857542043,0.6164080874418187,0.8825432288024924,0.5226703343416678,0.9762809819026433,0.5019949835184391,0,0.4225008099121511,1
12,1,1,2015-01-24,19,0,0.800643806,0.7606108899400458,0.10292308261410076,0.06952651472395244,0.6755191640016727,0.7395868833992993,-0.008469592123251792,0.8566479766,0.750162367,0.8153847160303282,0.002866170532752402,0.005000824628825272,0.7311172912760475,0.6299933425450035,0.891228437335088,0.5379814771020208,0.9832403027780707,0.45894365271599286,0,0.3856650089105289,0
12,1,1,2015-01-25,20,0,0.800909609,0.7861421531651254,0.1025037952363461,0.03141451329941458,0.3064717089448365,0.7762912868263229,-0.006796191125737528,0.8566479766,0.800643806,0.8170581170278426,0.002866170532752402,0.005000824628825272,0.7694950957005854,0.6560567146765114,0.9162275916537393,0.5644196865664577,1.007864619763793,0.36219667424886587,0,0.30545976165074445,0
12,1,1,2015-01-26,21,0,0.800023511,0.7971131447360875,0.10240935066027944,0.013795457084824547,0.13470895963971055,0.7927540486652601,-0.006525994750084661,0.8566479766,0.800909609,0.8173283134034954,0.002866170532752402,0.005000824628825272,0.7862280539151755,0.6671475638982286,0.9270787255739464,0.5755949679816552,1.0186313214905198,0.3227411367813361,0,0.27349598396642916,0
12,1,1,2015-01-27,22,0,0.800263218,0.8355871468425451,0.10238790463350098,-0.026964923481527237,-0.26336043869682246,0.799971435693529,0.0272567057879982,0.8566479766,0.800023511,0.8511110139415783,0.002866170532752402,0.005000824628825272,0.8272281414815272,0.7056487827120371,0.9655255109730531,0.6141153592578513,1.057058934427239,0.20160256625548073,0,0.17650267083592494,0
12,1,1,2015-01-28,23,0,0.850362069,0.8273659638533647,0.102383025874268,0.03629077090458144,0.35446081608438207,0.7858695488451626,0.028201749250255974,0.8566479766,0.800263218,0.852056057403836,0.002866170532752402,0.005000824628825272,0.8140712980954186,0.6974337912549131,0.9572981364518163,0.6059047293465212,1.0488271983602082,0.2249288600670481,0,0.1951598330293286,0
12,1,1,2015-01-29,24,0,0.850362069,0.838565791126811,0.10238191554418645,0.01844885731540613,0.1801964459967922,0.8048469383186743,0.02706627336591961,0.8566479766,0.850362069,0.8509205815194997,0.002866170532752402,0.005000824628825272,0.8319132116845939,0.7086350276252147,0.9684965546284072,0.6171069583371317,1.0600246239164903,0.19350482853931006,0,0.17001331197968356,0
12,1,1,2015-01-31,25,0,0.850362069,0.8427559499438153,0.10238166282639158,0.010882179487233246,0.10629031788325356,0.8144941354934413,0.02498575401932547,0.8566479766,0.850362069,0.8488400621729055,0.002866170532752402,0.005000824628825272,0.8394798895127668,0.7128255071611259,0.9726863927265047,0.6212976637993866,1.064214236088244,0.1824726736467508,0,0.1611569769315709,0
12,1,1,2015-02-01,26,0,1.000402055,0.878077151164008,0.10238160530506789,0.12360931135350606,1.207339062375372,0.8201845723892539,0.056608171257239936,0.8566479766,0.850362069,0.88046247941082,0.002866170532752402,0.005000824628825272,0.8767927436464938,0.7481467813804363,1.0080075209475796,0.6566189894419945,1.0995353128860215,0.10547122473109266,0,0.0983552699298099,0
12,1,1,2015-02-02,27,0,1.000602279,0.9212266071255711,0.10238159221252384,0.05803716704266704,0.5668711121643177,0.8848214648157566,0.0577436471415763,0.8566479766,1.000402055,0.8815979552951564,0.002866170532752402,0.005000824628825272,0.942565111957333,0.7912962539574753,1.051156960293667,0.6997684737235935,1.1426847405275486,0.047219240517254006,0,0.04813920036530856,0
12,1,1,2015-02-03,28,0,1.000018551,0.9430145709657765,0.10238158923250028,0.025043545331214556,0.24460985142888042,0.9151698358764627,0.059805169792322664,0.8566479766,1.000602279,0.8836594779459027,0.002866170532752402,0.005000824628825272,0.9749750056687854,0.8130842215795666,1.0729449203519863,0.7215564440097862,1.1644726979217666,0.029698257572502586,0,0.03193042443717354,0
12,1,1,2015-02-04,29,0,0.900147246,0.9524717459307649,0.10238158855421019,-0.08886839005832115,-0.8680114394910573,0.9282654228037407,0.06075021325458044,0.8566479766,1.000018551,0.8846045214081605,0.002866170532752402,0.005000824628825272,0.9890156360583211,0.8225413974053589,1.0824020944561707,0.7310136204419608,1.173929871419569,0.023985868001185493,0,0.026431522494924666,0
12,1,1,2015-02-05,30,0,1.000018551,0.9211305063071925,0.10238158839982302,0.05860879657868601,0.5724544568482913,0.8817950170510699,0.05961473737024407,0.8566479766,0.900147246,0.8834690455238241,0.002866170532752402,0.005000824628825272,0.9414097544213139,0.7912001579777161,1.0510608546366689,0.6996723811523381,1.1425886314620468,0.047311786528118085,0,0.04822278768046356,0
12,1,1,2015-02-07,31,0,0.900135693,0.9380903260640892,0.10238158836468259,-0.06896042963871485,-0.673562803041092,0.912442298366796,0.05665382427191882,0.8566479766,1.000018551,0.8805081324254989,0.002866170532752402,0.005000824628825272,0.9690961226387148,0.8081599777792088,1.0680206743489695,0.7166322009852458,1.1595484511429324,0.0330938837847917,0,0.035140746607948185,0
12,1,1,2015-02-08,32,0,0.900135693,0.912817949196525,0.10238158835668419,-0.03106695435087381,-0.30344278546100073,0.8763820171660051,0.05482063018486871,0.8566479766,0.900135693,0.8786749383384488,0.002866170532752402,0.005000824628825272,0.9312026473508738,0.7828876009217952,1.0427482974712547,0.6913598241349828,1.1342760742580673,0.05588303901401068,0,0.055892185944257,0
12,1,1,2015-02-09,33,0,0.900509044,0.9042821284229847,0.10238158835486365,-0.016471926348204047,-0.16088758352830873,0.8601367136542066,0.056844256693997425,0.8566479766,0.900135693,0.8806985648475775,0.002866170532752402,0.005000824628825272,0.916980970348204,0.7743517801505653,1.0342124766954042,0.6828240033653804,1.125740253480589,0.06591399806782748,0,0.06471089010339658,0
12,1,1,2015-02-10,34,0,0.90047076,0.9007639516132776,0.10238158835444927,-0.009977350992796175,-0.09745259038426103,0.8515233349522047,0.05892477604059155,0.8566479766,0.900509044,0.8827790841941716,0.002866170532752402,0.005000824628825272,0.9104481109927962,0.7708336033413841,1.0306942998851711,0.6793058265565697,1.1222220766699855,0.07043364650265421,0,0.0686377349982638,0
12,1,1,2015-02-11,35,0,1.000065789,0.8983177610770228,0.10238158835435496,0.09388991761958065,0.9170586150179306,0.84630605187757,0.05986981950284932,0.8566479766,0.90047076,0.8837241276564294,0.002866170532752402,0.005000824628825272,0.9061758713804193,0.7683874128052489,1.0282481093487965,0.6768596360205188,1.1197758861335267,0.07371402767901637,0,0.0714718119186938,0
12,1,1,2015-02-12,36,0,1.100483918,0.9290948320178327,0.10238158835433349,0.14634729661907664,1.4294298317836385,0.8954022777624103,0.05873434361851296,0.8566479766,1.000065789,0.882588651772093,0.002866170532752402,0.005000824628825272,0.9541366213809233,0.7991644837460862,1.0590251802895794,0.7076367069613752,1.1505529570742903,0.04012066839649216,0,0.04167091185831791,0
12,1,1,2015-02-14,37,0,1.000230409,0.9767567671806892,0.1023815883543286,-0.028352546125791633,-0.2769301256361385,0.9719291308538728,0.05665382427191882,0.8566479766,1.100483918,0.8805081324254989,0.002866170532752402,0.005000824628825272,1.0285829551257917,0.8468264189089487,1.1066871154524296,0.7552986421242422,1.198214892237136,0.013386218435020398,0,0.015777635087768506,0
12,1,1,2015-02-15,38,0,1.000230409,0.966174885399784,0.1023815883543275,-0.01258159755792243,-0.12288925929122517,0.9571032257482615,0.05570878080966106,0.8566479766,1.000230409,0.8795630889632411,0.002866170532752402,0.005000824628825272,1.0128120065579225,0.836244537128045,1.096105233671523,0.7447167603433394,1.1876330104562285,0.017366288568039304,0,0.019863424222660273,0
12,1,1,2015-02-16,39,0,1.000230409,0.9630339615238291,0.10238158835432724,-0.0071379968879645705,-0.06971953651725972,0.9505241491939671,0.056844256693997425,0.8566479766,1.000230409,0.8806985648475775,0.002866170532752402,0.005000824628825272,1.0073684058879646,0.8331036132520905,1.0929643097955677,0.7415758364673851,1.1844920865802733,0.018726844867274172,0,0.02123402789864227,0
12,1,1,2015-02-17,40,0,1.000230409,0.9626883240934223,0.10238158835432717,-0.005485967346865017,-0.05358353425694974,0.9467916003062734,0.05892477604059155,0.8566479766,1.000230409,0.8827790841941716,0.002866170532752402,0.005000824628825272,1.005716376346865,0.8327579758216838,1.092618672365161,0.7412301990369784,1.184146449149866,0.0188819622036135,0,0.02138954520081537,0
12,1,1,2015-02-18,41,1,0.800279693,0.9617687244259745,0.10238158835432716,-0.20351304507111423,-1.9877894877620614,0.9439229185682649,0.05986981950284932,0.8566479766,1.000230409,0.8837241276564294,0.002866170532752402,0.005000824628825272,1.0037927380711142,0.831838376154236,1.091699072697713,0.7403105993695307,1.1832268494824183,0.019299998029850243,0,0.021807928582477484,0
12,1,1,2015-02-19,42,1,0.800470513,0.8914605434736518,0.10238158835432716,-0.09576720292833707,-0.9353947762257926,0.8375033723098242,0.05873434361851296,0.8566479766,0.800279693,0.882588651772093,0.002866170532752402,0.005000824628825272,0.8962377159283371,0.7615301952019132,1.0213908917453902,0.670002418417208,1.1129186685300956,0.08353206294926752,0,0.07988189592289563,0
12,1,1,2015-02-24,45,1,0.268214286,0.6389367900443355,0.12733550447326034,-0.3579724177550944,-2.8112537758882983,0.7874254901843202,-0.16123878642922573,0.8566479766,0.800470513,0.6626155217243543,0.002866170532752402,0.005000824628825272,0.6261867037550944,0.4773379448856788,0.8005356352029921,0.36350169935038645,0.9143718807382845,0.8084528938240012,1,0.7226241196481605,1
12,1,1,2015-02-25,46,1,0.581130952,0.5571025277622371,0.10642116906742932,0.09842238810784332,0.9248384411703097,0.6113001256676359,-0.12859156177547926,0.8566479766,0.268214286,0.6952627463781008,0.002866170532752402,0.005000824628825272,0.48270856389215666,0.4220456314718384,0.6921594240526359,0.32690652331636916,0.7872985322081051,0.9650521151722016,1,0.9323517629445554,1
12,1,1,2015-02-26,47,1,0.378895152,0.35047511612320265,0.10324571067118662,0.08357680492337916,0.8094942092999067,0.6662635394490607,-0.37094519237243984,0.8566479766,0.581130952,0.45290911578114024,0.002866170532752402,0.005000824628825272,0.29531834707662086,0.21944812815888223,0.48150210408752303,0.12714783752863595,0.5738023947177693,0.9999455044051033,1,0.9997723070216749,1
12,1,1,2015-02-28,48,1,0.550349708,0.47594089659759065,0.10257562701491074,0.11403677248213884,1.1117336135372788,0.7106315622114958,-0.2743186266936346,0.8566479766,0.378895152,0.5495356814599455,0.002866170532752402,0.005000824628825272,0.4363129355178612,0.345764297890075,0.6061174953051063,0.25406305312641986,0.6978187400687614,0.9962274507511026,1,0.990300112228336,1
12,1,1,2015-03-01,49,1,0.700019883,0.7023536256569931,0.10242561923852012,0.016351299776161343,0.1596407217034619,0.7704684726302813,-0.08679988940644272,0.8566479766,0.550349708,0.7370544187471374,0.002866170532752402,0.005000824628825272,0.6836685832238386,0.5723673987042353,0.832339852609751,0.48080025889532974,0.9239069924186565,0.6790988066810275,1,0.5854647157807861,1
12,1,1,2015-03-02,50,2,0.800579532,0.7407533373543165,0.10239160337547329,0.07551628459033899,0.7375241924224817,0.7790254797402786,-0.05396223233061762,0.8566479766,0.700019883,0.7698920758229625,0.002866170532752402,0.005000824628825272,0.725063247409661,0.6108102792271598,0.8706963954814732,0.5192735491468992,0.9622331255617338,0.5359783095345558,0,0.45221203271202814,1
12,1,1,2015-03-03,51,2,0.800566092,0.8019612571689141,0.1023838675368902,0.00047151090820418684,0.0046053242522245555,0.818520947933242,-0.018426366841446315,0.8566479766,0.800579532,0.8054279413121338,0.002866170532752402,0.005000824628825272,0.8000945810917958,0.6720280164339021,0.9318944979039261,0.5804982020903326,1.0234243122474955,0.3058970701353335,0,0.2599393403281852,0
12,1,1,2015-03-04,52,2,0.750651724,0.8025099141304312,0.10238210710575996,-0.050077813215581246,-0.48912661236646787,0.8187675169682946,-0.01803797975271342,0.8566479766,0.800566092,0.8058163284008667,0.002866170532752402,0.005000824628825272,0.8007295372155813,0.6725789075220189,0.9324409207388434,0.5810506669804398,1.0239691612804225,0.3040170205483352,0,0.25842888973630407,0
12,1,1,2015-03-05,53,2,0.750651724,0.7843531714788432,0.1023817064275876,-0.022755773073934837,-0.22226405349113332,0.7925809527109846,-0.019173455637049783,0.8566479766,0.750651724,0.8046808525165303,0.002866170532752402,0.005000824628825272,0.7734074970739349,0.6544226733627811,0.9142836695949053,0.5628947910221531,1.0058115519355333,0.36860883758656027,0,0.3106875544201094,0
12,1,1,2015-03-07,54,2,0.850045,0.7745381027751148,0.10238161522920788,0.09061732897594288,0.885093761932476,0.7806816460077011,-0.02125397498364392,0.8566479766,0.750651724,0.8026003331699362,0.002866170532752402,0.005000824628825272,0.7594276710240572,0.6446077203970231,0.9044684851532065,0.5530799195865322,0.9959962859636974,0.4052919069719477,0,0.3408110801101889,0
12,1,1,2015-03-08,55,2,0.85007069,0.8360954713766038,0.10238159447137898,0.01250091067400716,0.12210115244397585,0.8280666165804058,0.009503162745587051,0.8566479766,0.850045,0.8333574708991671,0.002866170532752402,0.005000824628825272,0.8375697793259929,0.7061651153418418,0.9660258274113658,0.6146373330885736,1.057553609664634,0.20019434930057645,0,0.17537474408372825,0
12,1,1,2015-03-09,56,2,0.850426891,0.8432031174065002,0.10238158974664349,0.0034615558680498593,0.03381033520397493,0.8346035016548656,0.012361833477084546,0.8566479766,0.85007069,0.8362161416306646,0.002866170532752402,0.005000824628825272,0.8469653351319502,0.7132727673678019,0.9731334674451986,0.6217449893383844,1.064661245474616,0.1813188830449166,0,0.16022954278222992,0
12,1,1,2015-03-10,57,2,0.900061017,0.8464601961672349,0.10238158867123553,0.04920507111508576,0.4806046844329746,0.8364135930612355,0.01444235282367867,0.8566479766,0.850426891,0.8382966609772587,0.002866170532752402,0.005000824628825272,0.8508559458849142,0.7165298474933145,0.9763905448411553,0.6250020704252973,1.0679183219091724,0.17305446834263338,0,0.15357879929422033,0
12,1,1,2015-03-11,58,2,0.750050847,0.8641297099951553,0.10238158842645942,-0.1274800967558839,-1.2451466979089967,0.8621435474699475,0.015387396285936444,0.8566479766,0.900061017,0.8392417044395165,0.002866170532752402,0.005000824628825272,0.8775309437558839,0.7341993616318752,0.9940600583584354,0.6426715847826846,1.085587835207626,0.132479130958448,0,0.12065460856651004,0
13,10,1,2015-01-01,0,0,0.712205247,0.7905247243452543,0.16717969153752393,-0.07831947734525435,-0.4684748286407463,0.7546364176277383,0.03588830671751607,0.7631772245641025,0.7631772245641025,0.7905247243452543,0.005619318053089765,0.0023297312094918907,0.7905247243452543,0.5783604485747248,1.002689000115784,0.42890403032669067,1.152145418363818,0.4042342664977749,1,0.33993696171380416,0
13,10,1,2015-01-03,1,0,0.787299691,0.7417800223405766,0.10042202219736875,0.07064653624454542,0.7034964512634212,0.6828453673845326,0.03380778737092193,0.7631772245641025,0.712205247,0.7884442049986602,0.005619318053089765,0.0023297312094918907,0.7166531547554545,0.6143365187967589,0.8692235258843943,0.5245605680648809,0.9589994766162723,0.5326187253026952,0,0.44924743777262366,1
13,10,1,2015-01-04,2,0,0.699965217,0.715941217570939,0.09869431624284714,-0.009863175878439101,-0.09993661493301985,0.7371712042205958,-0.027342811342156676,0.7631772245641025,0.787299691,0.7272936062855816,0.005619318053089765,0.0023297312094918907,0.7098283928784391,0.590690309785699,0.8411921253561789,0.5024589051728731,0.9294235299690049,0.6349880187298529,1,0.5427591869601102,1
13,10,1,2015-01-05,3,0,0.7504,0.7456392476437932,0.09859796971954436,0.01350001889309771,0.13691984664083504,0.7296670846651929,0.00723289644170933,0.7631772245641025,0.699965217,0.7618693140694476,0.005619318053089765,0.0023297312094918907,0.7368999811069022,0.6205106112310599,0.8707678840565265,0.5323653391272191,0.9589131561603673,0.5176385122183338,0,0.43610291423574343,1
13,10,1,2015-01-06,4,0,0.750545455,0.7543918841855712,0.09859244447176388,0.0013001588616051718,0.013187205861170502,0.7399318803500914,0.009313415788303454,0.7631772245641025,0.7504,0.7639498334160417,0.005619318053089765,0.0023297312094918907,0.7492452961383949,0.6292702597500884,0.879513508621054,0.541129927144195,0.9676538412269474,0.4822346528366591,0,0.40548958260427687,1
13,10,1,2015-01-07,5,0,0.8,0.755979482737001,0.0985921271111347,0.04882111410831369,0.4951826838392655,0.7409204266411251,0.010258459250561227,0.7631772245641025,0.750545455,0.7648948768782995,0.005619318053089765,0.0023297312094918907,0.7511788858916864,0.630858261057304,0.881100704416698,0.5427182121675875,0.9692407533064145,0.4758195004164513,0,0.4000056489611559,1
13,10,1,2015-01-08,6,0,0.8,0.7789719750526558,0.09859210888084036,0.012836638915740384,0.13019945573184669,0.7780403777180348,0.009122983366224862,0.7631772245641025,0.8,0.7637594009939631,0.005619318053089765,0.0023297312094918907,0.7871633610842597,0.653850776508647,0.9040931735966646,0.5657107439165708,0.9922332061887408,0.38443361292960004,0,0.32363538365498173,0
13,10,1,2015-01-10,7,0,0.8,0.8149376539300367,0.09859210783362363,-0.02654504913297917,-0.2692411159093437,0.7878004039218598,0.038744645211119456,0.7631772245641025,0.8,0.7933810628388577,0.005619318053089765,0.0023297312094918907,0.8265450491329792,0.6898164567150289,0.9400588511450445,0.6016764250591505,1.0281988828009228,0.25506039714373097,0,0.21922951312376313,0
13,10,1,2015-01-11,8,0,0.8,0.8008737369210901,0.09859210777346754,-0.005417123291200143,-0.05494479642982097,0.7676175215423385,0.0377996017488617,0.7631772245641025,0.8,0.7924360193765999,0.005619318053089765,0.0023297312094918907,0.8054171232912002,0.6757525397824251,0.9259949340597551,0.5876125081803255,1.0141349656618548,0.3029264632294876,0,0.2575529505572683,0
13,10,1,2015-01-12,9,0,0.688557555,0.7447675462067529,0.09859210777001194,-0.0593118053058469,-0.6015877603936098,0.7634987436251499,-0.015629383319302997,0.7631772245641025,0.8,0.7390070343084353,0.005619318053089765,0.0023297312094918907,0.7478693603058469,0.6196463490724733,0.8698887433410325,0.531506317473463,0.9580287749400428,0.5211626223357669,1,0.43918443533769974,1
13,10,1,2015-01-13,10,0,0.35020649,0.5042983865218557,0.09859210776981343,-0.14141000970171586,-1.43429340238745,0.7184024552844817,-0.22678595558276582,0.7631772245641025,0.688557555,0.5278504620449724,0.005619318053089765,0.0023297312094918907,0.49161649970171584,0.37917718938782796,0.6294195836558834,0.2910371577889952,0.7175596152547161,0.993650526289671,1,0.9846604766829248,1
13,10,1,2015-01-14,11,0,0.499980334,0.5304634939569621,0.09859210776980204,0.019829908187125433,0.20113078658816516,0.6108847943589165,-0.1307343685460419,0.7631772245641025,0.35020649,0.6239020490816963,0.005619318053089765,0.0023297312094918907,0.4801504258128746,0.4053422968229489,0.6555846910909753,0.31720226522412626,0.7437247226897981,0.9870168298408406,1,0.9712947058372902,1
13,10,1,2015-01-15,12,0,0.600291767,0.6020355031297722,0.09859210776980137,0.043292316107160445,0.4391052903366452,0.6259619826650737,-0.06896253177223424,0.7631772245641025,0.499980334,0.685673885855504,0.005619318053089765,0.0023297312094918907,0.5569994508928395,0.4769143059957598,0.7271567002637845,0.38877427439693774,0.8152967318626065,0.933293019873615,1,0.8829203814272317,1
13,10,1,2015-01-17,13,0,0.650198653,0.6484906680533868,0.09859210776980133,0.035223346386631604,0.35726334676679344,0.6588782420848284,-0.04390293547145993,0.7631772245641025,0.600291767,0.7107334821562783,0.005619318053089765,0.0023297312094918907,0.6149753066133684,0.5233694709193746,0.7736118651873991,0.4352294393205525,0.8617518967862212,0.8483984672803631,1,0.7698939045659274,1
13,10,1,2015-01-18,14,0,0.700094156,0.7003216154026661,0.09859210776980133,0.023914476934649986,0.24255974920920564,0.6856594566639781,-0.009479777598628007,0.7631772245641025,0.650198653,0.7451566400291102,0.005619318053089765,0.0023297312094918907,0.67617967906535,0.5752004182686539,0.8254428125366784,0.4870603866698318,0.9135828441355005,0.6928264105898695,1,0.5991133108386735,1
13,10,1,2015-01-19,15,0,0.750057359,0.7132759053016681,0.09859210776980133,0.05455941325852043,0.55338519981649,0.7038422474557713,-0.008344301714291645,0.7631772245641025,0.700094156,0.7462921159134466,0.005619318053089765,0.0023297312094918907,0.6954979457414796,0.5881547081676557,0.8383971024356804,0.5000146765688338,0.9265371340345023,0.6452341616694073,0,0.5525313680451609,1
13,10,1,2015-01-20,16,0,0.750057359,0.7423203243736806,0.09859210776980133,0.010995971257436454,0.11152993384734705,0.7453251701102611,-0.006263782367697521,0.7631772245641025,0.750057359,0.7483726352600407,0.005619318053089765,0.0023297312094918907,0.7390613877425636,0.6171991272396682,0.8674415215076929,0.5290590956408463,0.9555815531065148,0.5310435798457953,0,0.4478596250168792,1
13,10,1,2015-01-21,17,0,0.800020563,0.7486997053528066,0.09859210776980133,0.05165361253845824,0.5239122451774957,0.7536856893669815,-0.005318738905439744,0.7631772245641025,0.750057359,0.7493176787222985,0.005619318053089765,0.0023297312094918907,0.7483669504615418,0.6235785082187943,0.8738209024868189,0.5354384766199722,0.961960934085641,0.505261348859797,0,0.42533078239435085,1
13,10,1,2015-01-22,18,0,0.800020563,0.8047942297063835,0.09859210776980133,-0.018186660532424126,-0.18446365478753546,0.7929592571307115,0.025247966401712625,0.7631772245641025,0.800020563,0.7798843840294509,0.005619318053089765,0.0023297312094918907,0.8182072235324241,0.6796730325723712,0.9299154268403957,0.5915330009735491,1.0180554584392179,0.2891851093230732,0,0.24652891460379586,0
13,10,1,2015-01-24,19,0,0.80062987,0.7937256501580985,0.09859210776980133,-0.001669049260151878,-0.016928832316364235,0.7791314722050333,0.023167447055118487,0.7631772245641025,0.800020563,0.7778038646828568,0.005619318053089765,0.0023297312094918907,0.8022989192601518,0.6686044530240862,0.9188468472921107,0.5804644214252641,1.0069868788909329,0.32870187491199987,0,0.2783047581608023,0
13,10,1,2015-01-25,20,0,0.800020563,0.7919557430435453,0.09859210776980133,-6.429179436262533e-05,-0.0006520987918499278,0.7778624512015019,0.022222403592860727,0.7631772245641025,0.80062987,0.776858821220599,0.005619318053089765,0.0023297312094918907,0.8000848547943626,0.6668345459095331,0.9170769401775576,0.578694514310711,1.0052169717763797,0.33521836492606644,0,0.2835694258020998,0
13,10,1,2015-01-26,21,0,0.800020563,0.7930594451716622,0.09859210776980133,-0.001150884976822697,-0.011673195784695577,0.7778135684996256,0.023357879477197092,0.7631772245641025,0.800020563,0.7779942971049354,0.005619318053089765,0.0023297312094918907,0.8011714479768227,0.6679382480376499,0.9181806423056744,0.5797982164388278,1.0063206739044965,0.33114875181076686,0,0.2802806386311438,0
13,10,1,2015-01-27,22,0,0.900129762,0.8262733649026,0.09859210776980133,0.0660506608807021,0.6699386226220164,0.776938521104018,0.05714058001527995,0.7631772245641025,0.800020563,0.8117769976430182,0.005619318053089765,0.0023297312094918907,0.834079101119298,0.7011521677685877,0.9513945620366122,0.6130121361697656,1.0395345936354343,0.2195761552422013,0,0.19088198265082768,0
13,10,1,2015-01-28,23,0,0.850532143,0.8598614169754157,0.09859210776980133,-0.03471201482856778,-0.35207701319881957,0.82715853435103,0.05808562347753772,0.7631772245641025,0.900129762,0.812722041105276,0.005619318053089765,0.0023297312094918907,0.8852441578285678,0.7347402198414035,0.984982614109428,0.6466001882425814,1.0731226457082501,0.1325747504674264,0,0.12073289383953224,0
13,10,1,2015-01-29,24,0,0.900129762,0.841570857647095,0.09859210776980133,0.04241351612343669,0.43019179813526526,0.800766098283362,0.056950147593201356,0.7631772245641025,0.850532143,0.8115865652209396,0.005619318053089765,0.0023297312094918907,0.8577162458765634,0.7164496605130828,0.9666920547811073,0.6283096289142607,1.0548320863799294,0.1765002944211323,0,0.1563535157194006,0
13,10,1,2015-01-31,25,0,0.920236905,0.8604515936999284,0.09859210776980133,0.03235309324014224,0.3281509440459692,0.8330141835132505,0.05486962824660722,0.7631772245641025,0.900129762,0.8095060458743455,0.005619318053089765,0.0023297312094918907,0.8878838117598578,0.7353303965659161,0.9855727908339407,0.647190364967094,1.0737128224327628,0.13129544391211206,0,0.11968516716185246,0
13,10,1,2015-02-01,26,0,0.850532143,0.8754958270614656,0.09859210776980133,-0.06100551271882282,-0.6187666954160478,0.8576130709344734,0.05392458478434946,0.7631772245641025,0.920236905,0.8085610024120877,0.005619318053089765,0.0023297312094918907,0.9115376557188228,0.7503746299274532,1.000617024195478,0.6622345983286313,1.0887570557942998,0.10153048477117793,0,0.09506477938857506,0
13,10,1,2015-02-02,27,0,0.900129762,0.8464816655247803,0.09859210776980133,0.03384068796764339,0.3432393193850427,0.8112290133636708,0.05506006066868582,0.7631772245641025,0.850532143,0.8096964782964241,0.005619318053089765,0.0023297312094918907,0.8662890740323567,0.721360468390768,0.9716028626587927,0.6332204367919461,1.0597428942576146,0.16389026136542445,0,0.14618610714188834,0
13,10,1,2015-02-03,28,0,0.999995238,0.8652866483965793,0.09859210776980133,0.10589570073611854,1.0740788804654635,0.8369589572486015,0.05714058001527995,0.7631772245641025,0.900129762,0.8117769976430182,0.005619318053089765,0.0023297312094918907,0.8940995372638815,0.740165451262567,0.9904078455305916,0.6520254196637449,1.0785478771294137,0.12113547489198168,0,0.11133686621256185,0
13,10,1,2015-02-04,29,0,0.999995238,0.9185665848766922,0.09859210776980133,0.02443543724639141,0.24784374529698372,0.9174741772760708,0.05808562347753772,0.7631772245641025,0.999995238,0.812722041105276,0.005619318053089765,0.0023297312094918907,0.9755598007536086,0.7934453877426799,1.0436877820107044,0.7053053561438578,1.1318278136095266,0.04365724906724549,0,0.04490799024209741,0
13,10,1,2015-02-05,30,0,0.999995238,0.9295073876820933,0.09859210776980133,0.006992022838823941,0.07091868707330336,0.9360530675679747,0.056950147593201356,0.7631772245641025,0.999995238,0.8115865652209396,0.005619318053089765,0.0023297312094918907,0.9930032151611761,0.8043861905480809,1.0546285848161057,0.716246158949259,1.1427686164149276,0.034325667585104365,0,0.03629591442287178,0
13,10,1,2015-02-07,31,0,0.900129762,0.9308824077455466,0.09859210776980133,-0.09610914829157802,-0.9748158393771165,0.9413692820449708,0.05486962824660722,0.7631772245641025,0.999995238,0.8095060458743455,0.005619318053089765,0.0023297312094918907,0.9962389102915781,0.8057612106115344,1.056003604879559,0.7176211790127123,1.144143636478381,0.033278483902134275,0,0.03531416975827245,0
13,10,1,2015-02-08,32,0,0.9008,0.8824390998692234,0.09859210776980133,-0.021419613884604116,-0.21725485304174544,0.8682950291002547,0.05392458478434946,0.7631772245641025,0.900129762,0.8085610024120877,0.005619318053089765,0.0023297312094918907,0.9222196138846042,0.757317902735211,1.0075602970032358,0.6691778711363892,1.0957003286020577,0.08958689831882038,0,0.08502037881442193,0
13,10,1,2015-02-09,33,0,0.9008,0.8729887522183067,0.09859210776980133,-0.006269207407012645,-0.06358731493650951,0.8520091467383268,0.05506006066868582,0.7631772245641025,0.9008,0.8096964782964241,0.005619318053089765,0.0023297312094918907,0.9070692074070127,0.7478675550842944,0.9981099493523191,0.6597275234854725,1.086249980951141,0.10611622052841663,0,0.0988928176977021,0
13,10,1,2015-02-10,34,0,0.90063244,0.8719709559895561,0.09859210776980133,-0.003750647406922769,-0.03804206535151882,0.8472425073916428,0.05714058001527995,0.7631772245641025,0.9008,0.8117769976430182,0.005619318053089765,0.0023297312094918907,0.9043830874069227,0.7468497588555438,0.9970921531235684,0.6587097272567217,1.0852321847223905,0.10801997344506498,0,0.10047781471952694,0
13,10,1,2015-02-11,35,0,0.850364583,0.8710623856655647,0.09859210776980133,-0.05211183435187394,-0.5285598972439836,0.8443907938743361,0.05808562347753772,0.7631772245641025,0.90063244,0.812722041105276,0.005619318053089765,0.0023297312094918907,0.9024764173518739,0.7459411885315523,0.9961835827995771,0.6578011569327304,1.084323614398399,0.10974009081628788,0,0.10190789484360088,0
13,10,1,2015-02-12,36,0,0.441392,0.8327485970679441,0.09859210776980133,-0.4089029408037662,-4.1474206207102995,0.8047688283015159,0.04552611250225036,0.7631772245641025,0.850364583,0.8001625301299886,0.005619318053089765,0.0023297312094918907,0.8502949408037662,0.7076273999339318,0.9578697942019565,0.6194873683351099,1.0460098258007784,0.2006498058916854,1,0.17573957239682564,0
13,10,1,2015-02-16,39,0,0.35542803,0.5508949152323918,0.14477237243573668,-0.16053975141989452,-1.1089115189512893,0.6548446067348889,-0.13887682531499435,0.7631772245641025,0.441392,0.6157595923127439,0.005619318053089765,0.0023297312094918907,0.5159677814198945,0.3671673029433401,0.7346225275214434,0.2377427296203351,0.8640471008444484,0.9154803874567042,1,0.8573420196108045,1
13,10,1,2015-02-17,40,0,0.302117347,0.5027756891074281,0.10009903076744825,-0.11578805203856707,-1.1567349968409566,0.5121498745738495,-0.09424447553528248,0.7631772245641025,0.35542803,0.6603919420924558,0.005619318053089765,0.0023297312094918907,0.41790539903856705,0.37574208728180913,0.629809290933047,0.2862548865876706,0.7192964916271856,0.993240517500229,1,0.9837934685281463,1
13,10,1,2015-02-18,41,1,0.303574468,0.4662881854141854,0.09867668992545571,-0.046740363387353434,-0.4736717802620149,0.4232839775510755,-0.0729691461637221,0.7631772245641025,0.302117347,0.6816672714640162,0.005619318053089765,0.0023297312094918907,0.3503148313873534,0.34105964682241297,0.5915167240059578,0.2528439999026417,0.679732370925729,0.9979809211508397,1,0.9944138078389664,1
13,10,1,2015-02-19,42,1,0.249416667,0.4441628751328436,0.09859696012405601,-0.06632787093588852,-0.6727171999261834,0.3877268827792953,-0.07198234484340675,0.7631772245641025,0.303574468,0.6826540727843315,0.005619318053089765,0.0023297312094918907,0.3157445379358885,0.3190355199767847,0.5692902302889025,0.2308911504378678,0.6574345998278194,0.999038559614211,1,0.9971020052227586,1
13,10,1,2015-02-22,43,1,0.456875,0.40533082917980756,0.09859238648641383,0.19761382976471964,2.0043518247927907,0.337294534929089,-0.07803336469380866,0.7631772245641025,0.249416667,0.6766030529339296,0.005619318053089765,0.0023297312094918907,0.25926117023528034,0.28020927833232867,0.5304523800272865,0.19206899756456616,0.6185926607950489,0.999763767557813,1,0.9991642359236507,1
13,10,1,2015-02-23,44,1,0.417916667,0.5039174982553833,0.09859212378026865,0.007595108278476537,0.07703564937300351,0.4872194475309958,-0.07689788880947229,0.7631772245641025,0.456875,0.677738528818266,0.005619318053089765,0.0023297312094918907,0.4103215587215235,0.37879628080281935,0.6290387157079473,0.29065623489085274,0.7171787616199139,0.9937192523124827,1,0.9848064992138165,1
13,10,1,2015-02-24,45,1,0.471108491,0.5156253741447798,0.09859210868950291,0.047057891645037875,0.47729876427775525,0.4929942039425448,-0.06894360458758263,0.7631772245641025,0.417916667,0.6856928130401556,0.005619318053089765,0.0023297312094918907,0.42405059935496214,0.3905041758435933,0.6407465724459663,0.30236414342257034,0.7288866048669893,0.9912780380551378,1,0.9797309262110862,1
13,10,1,2015-02-25,46,1,0.700058333,0.472914589593657,0.09859210782263249,0.306195755010112,3.105682206946616,0.5287735273312554,-0.13491094934136735,0.7631772245641025,0.471108491,0.6197254682863709,0.005619318053089765,0.0023297312094918907,0.393862577989888,0.34779339239259777,0.5980357867947163,0.25965336074654544,0.6861758184407686,0.9975261695644443,1,0.9933157927875277,1
13,10,1,2015-02-26,47,1,0.700251773,0.6317595669960058,0.09859210777283617,0.09507074001359839,0.9642834721887549,0.6786977490288691,-0.07351671604246761,0.7631772245641025,0.700058333,0.6811197015852707,0.005619318053089765,0.0023297312094918907,0.6051810329864016,0.506638369858142,0.7568807641338695,0.41849833825660687,0.8450207957354047,0.8847922098428723,1,0.8158425940736499,1
13,10,1,2015-02-28,48,1,0.700236601,0.6747066892116178,0.09859210776997568,0.026808792232660528,0.27191620951250856,0.7509824735012286,-0.07755466473388913,0.7631772245641025,0.700251773,0.6770817528938491,0.005619318053089765,0.0023297312094918907,0.6734278087673394,0.5495854920773843,0.7998278863458513,0.46144546047840634,0.8879679179448292,0.7774724999446206,1,0.6878102301576516,1
13,10,1,2015-03-01,49,1,0.700236601,0.7514980027412778,0.09859210776981135,-0.05711671585445932,-0.5793234077905404,0.7713658865225427,-0.014012569668083386,0.7631772245641025,0.700236601,0.7406238479596549,0.005619318053089765,0.0023297312094918907,0.7573533168544593,0.6263768056072527,0.8766191998753028,0.5382367740084217,0.9647592314741338,0.4939387274490535,1,0.4155430868550032,1
13,10,1,2015-03-02,50,2,0.70013604,0.7224483007225773,0.09859210776980191,-0.012968017919799957,-0.13153200812055235,0.7279385810483743,-0.014834523128574396,0.7631772245641025,0.700236601,0.7398018944991639,0.005619318053089765,0.0023297312094918907,0.7131040579197999,0.5973271035885642,0.8475694978565903,0.5091870719897417,0.9357095294554129,0.6100507722740839,1,0.5193184041945256,1
13,10,1,2015-03-03,51,2,0.699984417,0.7181198740423864,0.09859210776980137,-0.005340243302109249,-0.05416501810244245,0.7180786640840896,-0.012754003781980272,0.7631772245641025,0.70013604,0.741882413845758,0.005619318053089765,0.0023297312094918907,0.7053246603021093,0.592998676908374,0.8432410711763988,0.504858645309552,0.9313811027752208,0.6267863171500407,1,0.5349972033643042,1
13,10,1,2015-03-04,52,2,0.700058333,0.7203032788922972,0.09859210776980133,-0.006028618721368728,-0.06114707209064546,0.7140183399965141,-0.007931388275145338,0.7631772245641025,0.699984417,0.7467050293525929,0.005619318053089765,0.0023297312094918907,0.7060869517213687,0.5951820817582849,0.8454244760263094,0.5070420501594628,0.9335645076251315,0.6183720145243381,1,0.5270879830234153,1
13,10,1,2015-03-05,53,2,0.700422,0.710314624297778,0.09859210776980133,0.005928002630397389,0.060126543234458873,0.7094346264043798,-0.014940629034777251,0.7631772245641025,0.700058333,0.739695788592961,0.005619318053089765,0.0023297312094918907,0.6944939973696026,0.5851934271637658,0.8354358214317903,0.4970533955649437,0.9235758530306124,0.6563496141294168,1,0.563230783450383,1
13,10,1,2015-03-07,54,2,0.700422,0.7111637931379073,0.09859210776980133,0.0035013093820323027,0.03551307971026815,0.713941838999339,-0.01702114838137139,0.7631772245641025,0.700422,0.7376152692463669,0.005619318053089765,0.0023297312094918907,0.6969206906179677,0.5860425960038951,0.8362849902719196,0.497902564405073,0.9244250218707417,0.6531754689682625,1,0.5601647913239894,1
13,10,1,2015-03-08,55,2,0.700422,0.7119491376957232,0.09859210776980133,0.0017842174287923118,0.01809695998140346,0.7166039744148368,-0.01796619184362915,0.7631772245641025,0.700422,0.7366702257841091,0.005619318053089765,0.0023297312094918907,0.6986377825712077,0.586827940561711,0.8370703348297355,0.4986879089628889,0.9252103664285576,0.6502302894336147,1,0.5573276251885156,1
13,10,1,2015-03-09,56,2,0.700422,0.7139663946873882,0.09859210776980133,-0.0007078447745112459,-0.007179527758590613,0.717960560733804,-0.016830715959292787,0.7631772245641025,0.700422,0.7378057016684455,0.005619318053089765,0.0023297312094918907,0.7011298447745112,0.5888451975533759,0.8390875918214005,0.5007051659545538,0.9272276234202226,0.6426240455352434,1,0.5500338893953669,1
13,10,1,2015-03-10,57,2,0.750608,0.7473992700645837,0.09859210776980133,0.016233647242617333,0.16465463219957333,0.7174223681785926,0.016951984578790075,0.7631772245641025,0.700422,0.7715884022065284,0.005619318053089765,0.0023297312094918907,0.7343743527573827,0.6222780729305715,0.872520467198596,0.5341380413317494,0.9606604987974181,0.5105223515446193,0,0.4299000589817174,1
13,10,1,2015-03-11,58,2,0.750608,0.7563671717337961,0.09859210776980133,0.002945745000429434,0.029878101473470198,0.7297652269585228,0.017897028041047848,0.7631772245641025,0.750608,0.7725334456687861,0.005619318053089765,0.0023297312094918907,0.7476622549995706,0.6312459745997838,0.8814883688678083,0.5431059430009617,0.9696284004666305,0.47425382737306887,0,0.3986700239765833,1
14,11,1,2015-01-01,0,0,0.800570492,0.7277717734692806,0.16471951703790816,0.0727987185307194,0.4419556336725154,0.6688199361501844,0.05895183731909619,0.6332285028780489,0.6332285028780489,0.7277717734692806,0.001085880575545969,0.006046638717655751,0.7277717734692806,0.5187296540813817,0.9368138928571794,0.3714725990789437,1.0840709478596176,0.553672683094132,0,0.4679315968439785,1
14,11,1,2015-01-03,1,0,0.800237288,0.7574880480137749,0.10877329465620146,0.022947953790082853,0.21097047637119198,0.7253950395677335,0.05189429464218362,0.6332285028780489,0.800570492,0.7207142307923681,0.001085880575545969,0.006046638717655751,0.7772893342099172,0.619446117970331,0.8955299780572188,0.5222042408568959,0.9927718551706539,0.4725581436561821,0,0.3972247036350941,1
14,11,1,2015-01-04,2,0,0.750348457,0.7457496521868398,0.10044391551260443,-0.019129564794219678,-0.19045020991658934,0.7366152778855555,0.03286274390866417,0.6332285028780489,0.800237288,0.7016826800588486,0.001085880575545969,0.006046638717655751,0.7694780217942196,0.618278364291176,0.8732209400825035,0.5284828412269853,0.9630164631466942,0.5168764582323317,0,0.43543741778513356,1
14,11,1,2015-01-05,3,0,0.800250962,0.7754549788244164,0.09775080507747616,0.003750231729249598,0.03836522600788001,0.7289506545682818,0.06755007570246863,0.6332285028780489,0.750348457,0.736370011852653,0.001085880575545969,0.006046638717655751,0.7965007302707504,0.6514014614712398,0.899508496177593,0.5640135432774669,0.9868964143713659,0.39727498144341317,0,0.33419400288772216,0
14,11,1,2015-01-06,4,0,0.750057851,0.7467283979078211,0.09670979553898705,-0.018198265007854708,-0.1881739580404589,0.7303277021502806,0.03792841385757403,0.6332285028780489,0.800250962,0.7067483500077585,0.001085880575545969,0.006046638717655751,0.7682561160078547,0.6239960041479021,0.86946079166774,0.5375387346205655,0.9559180611950767,0.5134932712040202,0,0.43248652726034553,1
14,11,1,2015-01-07,5,0,0.412119835,0.7286986322465436,0.09628065758040427,-0.33585497825571037,-3.4882912798475316,0.723894739033518,0.02408007422219234,0.6332285028780489,0.750057851,0.6929000103723768,0.001085880575545969,0.006046638717655751,0.7479748132557104,0.6065108485606774,0.8508864159324099,0.5204372226543703,0.936960041838717,0.5875481678028319,1,0.49855559605199395,1
14,11,1,2015-01-08,6,0,0.349951389,0.4836773419865271,0.09609911338449598,-0.1295672253523119,-1.3482666050612644,0.6569378571952837,-0.17741924284297186,0.6332285028780489,0.412119835,0.4914006933072126,0.001085880575545969,0.006046638717655751,0.4795186143523119,0.36171995227071185,0.6056347317023424,0.2758086244582978,0.6915460595147565,0.9972086361779897,1,0.9925636853031118,1
14,11,1,2015-01-10,7,0,0.673245283,0.545742579665628,0.09602147454251451,0.14731802753297307,1.53421959238656,0.6122047241541813,-0.0862774686871543,0.6332285028780489,0.349951389,0.5825424674630302,0.001085880575545969,0.006046638717655751,0.5259272554670269,0.42388371979233824,0.6676014395389178,0.33804180007089957,0.7534433592603564,0.9832984988257566,1,0.964251467240425,1
14,11,1,2015-01-11,8,0,0.600229846,0.6411605126066305,0.0959881178817651,-0.03886228841895101,-0.4048656154173192,0.6629102841853856,-0.02381814976643464,0.6332285028780489,0.673245283,0.6450017863837498,0.001085880575545969,0.006046638717655751,0.639092134418951,0.5193439849789918,0.7629770402342693,0.4335318856681214,0.8487891395451397,0.871578605807869,1,0.7987962462008499,1
14,11,1,2015-01-12,9,0,0.64998056,0.6653152493483897,0.0959737581325501,-0.008590892519289905,-0.08951293235203896,0.6495519452098995,0.009019507309390454,0.6332285028780489,0.600229846,0.6778394434595749,0.001085880575545969,0.006046638717655751,0.65857145251929,0.5435169453803619,0.7871135533164175,0.4577176834940906,0.8729128152026888,0.8112127095224482,1,0.7257985238329496,1
14,11,1,2015-01-13,10,0,0.582301029,0.6252376046028307,0.09596757111384299,-0.0351598218557837,-0.3663719050894268,0.6466006397300502,-0.029139788874266465,0.6332285028780489,0.64998056,0.6396801472759179,0.001085880575545969,0.006046638717655751,0.6174608508557837,0.5034471524517976,0.7470280567538639,0.4176534216778707,0.8328217875277908,0.9032076453318201,1,0.840394848458821,1
14,11,1,2015-01-14,11,0,0.35003125,0.45773203105568466,0.09596490440565232,-0.09569750109187203,-0.9972135301396232,0.6345248505392912,-0.18879609944741915,0.6332285028780489,0.582301029,0.48002383670276527,0.001085880575545969,0.006046638717655751,0.44572875109187204,0.3359449631686537,0.5795190989427157,0.2501536163963422,0.6653104457150272,0.9988388068785616,1,0.9965750520482874,1
14,11,1,2015-01-15,12,0,0.500025069,0.5285752929116303,0.09596375482804655,-0.005044467413332643,-0.05256638219681602,0.601660631869334,-0.09659109545600139,0.6332285028780489,0.35003125,0.572228840694183,0.001085880575545969,0.006046638717655751,0.5050695364133326,0.40678968392967285,0.6503609018935878,0.32099936486443437,0.7361512209588262,0.9894831363296381,1,0.976121435908997,1
14,11,1,2015-01-17,13,0,0.600273268,0.5905894992446751,0.09596325922870146,0.033795823323062746,0.35217460926915684,0.5999283516709337,-0.03345090699399646,0.6332285028780489,0.500025069,0.635369029156188,0.001085880575545969,0.006046638717655751,0.5664774446769373,0.4688045192175575,0.7123744792717926,0.38301464321153467,0.7981643552778155,0.9516595226696076,1,0.9107866772345762,1
14,11,1,2015-01-18,14,0,0.650299575,0.630674293674885,0.09596304556245255,0.03967547245210867,0.4134453238698844,0.6115336757873452,-0.0009095732394538911,0.6332285028780489,0.600273268,0.6679103629107306,0.001085880575545969,0.006046638717655751,0.6106241025478913,0.5088895848071681,0.752459002542602,0.4230998998159268,0.8382486875338433,0.8931498500382862,1,0.826863627579566,1
14,11,1,2015-01-19,15,0,0.700170388,0.6723677142273313,0.09596295344399992,0.04308437687378941,0.4489688502441903,0.6251579272898394,0.03192808383637113,0.6332285028780489,0.650299575,0.7007480199865556,0.001085880575545969,0.006046638717655751,0.6570860111262106,0.5505831222652302,0.7941523061894324,0.464793519626659,0.8799419088280036,0.7907372013534837,1,0.7025381134118228,1
14,11,1,2015-01-20,16,0,0.700170388,0.6840648462286774,0.09596291372852896,0.026209068827576898,0.27311664276597686,0.6399527159894578,0.03400860318296525,0.6332285028780489,0.700170388,0.7028285393331497,0.001085880575545969,0.006046638717655751,0.6739613191724231,0.5622803046686559,0.8058493877886989,0.47649073753518695,0.8916389549221677,0.75398697709542,1,0.662334114153266,1
14,11,1,2015-01-21,17,0,0.700170388,0.6908598539316178,0.09596289660576683,0.016264080379653545,0.16948300806789282,0.6489526609751234,0.03495364664522303,0.6332285028780489,0.700170388,0.7037735827954075,0.001085880575545969,0.006046638717655751,0.6839063076203464,0.5690753341017382,0.8126443737614973,0.48328578227579067,0.8984339255874448,0.7311455861269235,1,0.6382294076241296,1
14,11,1,2015-01-22,18,0,0.700170388,0.6933545804146741,0.09596288922352325,0.011814629544924182,0.12311665103584729,0.6545375876941891,0.03381817076088667,0.6332285028780489,0.700170388,0.7026381069110711,0.001085880575545969,0.006046638717655751,0.6883557584550758,0.5715700699534466,0.8151390908759016,0.4857805247271265,0.9009286361022217,0.7225000825517167,1,0.6292655625773962,1
14,11,1,2015-01-24,19,0,0.750041201,0.6270179932714934,0.09596288604076898,0.12660207007501045,1.319281602485618,0.6585946151601736,-0.03515548423518401,0.6332285028780489,0.700170388,0.6336644519150004,0.001085880575545969,0.006046638717655751,0.6234391309249896,0.5052334868494333,0.7488024996935536,0.4194439444684531,0.8345920420745337,0.9000011336569922,0,0.8360477190114988,1
14,11,1,2015-01-25,20,0,0.59114168,0.6543309840953505,0.09596288466856737,-0.07482630636444709,-0.7797421536761748,0.7020685140618889,-0.03610052769744177,0.6332285028780489,0.750041201,0.6327194084527427,0.001085880575545969,0.006046638717655751,0.6659679863644471,0.532546479414723,0.776115488775978,0.4467569382604728,0.8619050299302282,0.8406026204555526,1,0.7604325232701868,1
14,11,1,2015-01-26,21,0,0.350066986,0.4247270162825594,0.09596288407696107,-0.07730391826536182,-0.8055605978178502,0.6763739018153342,-0.24900299754997235,0.6332285028780489,0.59114168,0.4198169386002121,0.001085880575545969,0.006046638717655751,0.42737090426536184,0.3029425123527271,0.5465115202123917,0.21715297172736506,0.6323010608377537,0.9996499892713656,1,0.9988158548145044,1
14,11,1,2015-01-27,22,0,0.37046657,0.44898322413555114,0.09596288382189797,-0.0718696524683653,-0.7489317703472894,0.6498285028153676,-0.20749228034700234,0.6332285028780489,0.350066986,0.4613276558031821,0.001085880575545969,0.006046638717655751,0.4423362224683653,0.3271987205294142,0.5707677277416882,0.24140918013207516,0.6565572681390272,0.9991459992168655,1,0.9973906100948134,1
14,11,1,2015-01-28,23,0,0.500567308,0.5152165848062696,0.09596288371193093,0.0006354888767990952,0.006622236141910414,0.6251491770557023,-0.12521735793250136,0.6332285028780489,0.37046657,0.5436025782176831,0.001085880575545969,0.006046638717655751,0.49993181912320095,0.39343208133968954,0.6370010882728497,0.3076425410406596,0.7227906285718797,0.9927895907420443,1,0.9828477394039258,1
14,11,1,2015-01-29,24,0,0.60059761,0.5718654925624971,0.09596288366452012,0.04394050591906973,0.4578906368912675,0.6253673976314222,-0.06871029355049191,0.6332285028780489,0.500567308,0.6001096425996926,0.001085880575545969,0.006046638717655751,0.5566571040809303,0.4500809891560851,0.6936499959689091,0.36429144889943976,0.7794395362255544,0.9682935611031215,1,0.9377713612532989,1
14,11,1,2015-01-31,25,0,0.650148148,0.6170566534797906,0.09596288364407957,0.04301882617943997,0.448286092975219,0.6404561314095257,-0.033326809588965736,0.6332285028780489,0.60059761,0.6354931265612187,0.001085880575545969,0.006046638717655751,0.60712932182056,0.49527215009931924,0.7388411568602619,0.4094826098609475,0.8246306970986337,0.9170291202915288,1,0.8595174722574735,1
14,11,1,2015-02-01,26,0,0.700508929,0.6574157459661572,0.09596288363526691,0.04785023136230793,0.4986326957845053,0.6552283694974269,-0.002569671859734838,0.6332285028780489,0.650148148,0.6662502642904495,0.001085880575545969,0.006046638717655751,0.652658697637692,0.5356312425968698,0.7792002493354445,0.44984170236637644,0.8649897895659379,0.8326755806469994,1,0.7509348954782403,1
14,11,1,2015-02-02,27,0,0.700398148,0.6671717541113964,0.09596288363146745,0.032232489076995385,0.3358849573630981,0.6716596641833509,-0.00349400526034626,0.6332285028780489,0.700508929,0.6653259308898382,0.001085880575545969,0.006046638717655751,0.6681656589230046,0.5453872507469308,0.788956257475862,0.45959771051983417,0.8747457977029587,0.8059664356580913,1,0.7197748776596558,1
14,11,1,2015-02-03,28,0,0.700513566,0.6570647449502776,0.09596288362982935,0.03858100530886277,0.4020409125853962,0.6827279811240696,-0.02079542043293231,0.6332285028780489,0.700398148,0.6480245157172522,0.001085880575545969,0.006046638717655751,0.6619325606911373,0.5352802415878909,0.7788492483126642,0.44949070136225866,0.8646387885382965,0.8335901617174943,1,0.7520245414042188,1
14,11,1,2015-02-04,29,0,0.700278846,0.7506628186330302,0.09596288362912311,-0.05988870542242264,-0.6240819695860768,0.6959763155484484,0.06419123587397423,0.6332285028780489,0.700513566,0.7330111720241587,0.001085880575545969,0.006046638717655751,0.7601675514224226,0.6288783152715398,0.8724473219945206,0.543088775046539,0.9582368622195214,0.4972445151243174,1,0.41839432211666416,1
14,11,1,2015-02-05,30,0,0.7504,0.6960696935215549,0.09596288362881863,0.052023389219177485,0.5421199035702418,0.6754111283195204,0.02296548246130204,0.6332285028780489,0.700278846,0.6917854186114865,0.001085880575545969,0.006046638717655751,0.6983766107808225,0.5742851901604509,0.8178541968826589,0.48849564993572225,0.9036437371073875,0.7129390293510378,0,0.6194489889897427,1
14,11,1,2015-02-07,31,0,0.750027778,0.7094053721412624,0.09596288362868736,0.03206297811012515,0.3341185351847865,0.6932754440033627,0.024689355886512162,0.6332285028780489,0.7504,0.6935092920366965,0.001085880575545969,0.006046638717655751,0.7179647998898748,0.587620868780325,0.8311898755021998,0.5018313285557137,0.9169794157268112,0.6638612195920922,0,0.5705211471584011,1
14,11,1,2015-02-08,32,0,0.750027778,0.7156168992399826,0.09596288362863076,0.021997913017032245,0.22923355557094904,0.7042855525587134,0.023744312424254392,0.6332285028780489,0.750027778,0.6925642485744388,0.001085880575545969,0.006046638717655751,0.7280298649829677,0.5938323958791171,0.8374014026008482,0.5080428556545563,0.9231909428254089,0.6399390296991636,0,0.5474705561741418,1
14,11,1,2015-02-09,33,0,0.750648148,0.7915347034383102,0.09596288362860636,-0.055943373954942754,-0.5829688712925061,0.7118394176262773,0.09475210432866547,0.6332285028780489,0.750027778,0.7635720404788499,0.001085880575545969,0.006046638717655751,0.8065915219549428,0.6697502000774757,0.9133192067991448,0.5839606598529368,0.9991087470236837,0.33257258895517516,0,0.2814309242125902,0
14,11,1,2015-02-10,34,0,0.750648148,0.8128306442701885,0.09596288362859584,-0.07051567494501843,-0.734822384224452,0.6926290180782702,0.12853480486674834,0.6332285028780489,0.750648148,0.7973547410169328,0.001085880575545969,0.006046638717655751,0.8211638229450184,0.6910461409093672,0.9346151476310097,0.6052566006848377,1.0204046878555393,0.25631789937020266,0,0.22023423972577597,0
14,11,1,2015-02-11,35,0,0.507903226,0.43457535164800565,0.0959628836285913,0.0734697297699165,0.7656056903653408,0.6684146349561212,-0.23398113872603765,0.6332285028780489,0.750648148,0.4348387974241468,0.001085880575545969,0.006046638717655751,0.43443349623008354,0.31279084828719017,0.5563598550088211,0.22700130806266472,0.6421493952333466,0.999493595584058,1,0.9983573805440925,1
14,11,1,2015-02-12,36,0,0.50012336,0.488069482200026,0.09596288362858935,0.003365661534249831,0.03507253436939373,0.6936434111951106,-0.19688571272936045,0.6332285028780489,0.507903226,0.471934223420824,0.001085880575545969,0.006046638717655751,0.4967576984657502,0.36628497883921296,0.609853985560839,0.2804954386146893,0.6956435257853627,0.9968284601977133,1,0.9916766610402923,1
14,11,1,2015-02-14,37,0,0.600447507,0.5501445528413873,0.09596288362858851,0.04121023072097729,0.42943927029616963,0.694799145972,-0.13556186969297718,0.6332285028780489,0.50012336,0.5332580664572073,0.001085880575545969,0.006046638717655751,0.5592372762790228,0.4283600494805753,0.6719290562021992,0.34257050925605237,0.7577185964267222,0.9813576455741876,1,0.9606679210927991,1
14,11,1,2015-02-15,38,0,0.650223718,0.5863660356036413,0.09596288362858814,0.049812044438615755,0.5190761527280359,0.7089503303151642,-0.10853865675378,0.6332285028780489,0.600447507,0.5602812793964045,0.001085880575545969,0.006046638717655751,0.6004116735613843,0.46458153224282983,0.7081505389644528,0.3787919920183072,0.7939400791889755,0.9559195457712009,1,0.9175153748983363,1
14,11,1,2015-02-16,39,0,0.565972222,0.6322061679390163,0.09596288362858799,-0.08626632053618,-0.898955067566151,0.7260552921420805,-0.07381674960590054,0.6332285028780489,0.650223718,0.5950031865442839,0.001085880575545969,0.006046638717655751,0.65223854253618,0.510421664578205,0.7539906712998276,0.4246321243536825,0.83978021152435,0.8901814499522502,1,0.8229269605562655,1
14,11,1,2015-02-17,40,0,0.700614035,0.618697758377685,0.09596288362858792,0.07225195151443475,0.7529155938464366,0.6964322936012706,-0.0680702101157054,0.6332285028780489,0.565972222,0.6007497260344791,0.001085880575545969,0.006046638717655751,0.6283620834855652,0.49691325501687383,0.7404822617384963,0.41112371479235144,0.8262718019630186,0.9143847550594201,1,0.8558082039773427,1
14,11,1,2015-02-18,41,1,0.8211125,0.6357696939646664,0.09596288362858789,0.16699476978337158,1.7402016641111322,0.721242896870076,-0.06712516665344762,0.6332285028780489,0.700614035,0.6016947694967368,0.001085880575545969,0.006046638717655751,0.6541177302166284,0.5139851906038553,0.7575541973254776,0.4281956503793329,0.8433437375499999,0.8830473885714818,0,0.813565835604145,1
14,11,1,2015-02-19,42,1,0.700540441,0.6754454046246311,0.09596288362858788,-0.013323521336232047,-0.13884036027719884,0.7785872438976159,-0.06472328156138385,0.6332285028780489,0.8211125,0.6040966545888006,0.001085880575545969,0.006046638717655751,0.7138639623362321,0.55366090126382,0.7972299079854422,0.4678713610392976,0.8830194482099646,0.7813942841919095,1,0.6921380408834221,1
14,11,1,2015-02-22,43,1,0.672140805,0.7011481657368807,0.09596288362858786,-0.065824610687504,-0.6859382315174041,0.774012078866251,-0.03604666317874702,0.6332285028780489,0.700540441,0.6327732729714374,0.001085880575545969,0.006046638717655751,0.737965415687504,0.5793636623760695,0.8229326690976918,0.49357412215154717,0.9087222093222141,0.694648453646027,1,0.600938637462578,1
14,11,1,2015-02-23,44,1,0.750293939,0.6875913547907745,0.09596288362858786,0.03379656562884037,0.3521837230282249,0.7514085606655703,-0.03491118729441065,0.6332285028780489,0.672140805,0.6339087488557738,0.001085880575545969,0.006046638717655751,0.7164973733711596,0.5658068514299633,0.8093758581515856,0.480017311205441,0.895165398376108,0.742264170417023,0,0.6498842734548679,1
14,11,1,2015-02-24,45,1,0.750437269,0.6938456586105224,0.09596288362858786,0.023623699951068056,0.24617538633478941,0.7630139659742114,-0.03620039692527953,0.6332285028780489,0.750293939,0.6326195392249049,0.001085880575545969,0.006046638717655751,0.7268135690489319,0.5720611552497112,0.8156301619713335,0.4862716150251889,0.9014197021958559,0.720782384581075,0,0.627494592736745,1
14,11,1,2015-02-25,46,1,0.750503571,0.8251230141495574,0.09596288362858786,-0.11042660404736171,-1.1507220278493697,0.7711261101439112,0.08980406490345044,0.6332285028780489,0.750437269,0.7586240010536349,0.001085880575545969,0.006046638717655751,0.8609301750473617,0.7033385107887462,0.9469075175103685,0.6175489705642239,1.0326970577348908,0.21686228073263264,0,0.18871245732018327,0
14,11,1,2015-02-26,47,1,0.800516667,0.7059826909725291,0.09596288362858786,0.07199860519304802,0.7502755489477522,0.7332067099628213,-0.00468864815586939,0.6332285028780489,0.750503571,0.6641312879943151,0.001085880575545969,0.006046638717655751,0.728518061806952,0.5841981876117179,0.8277671943333402,0.4984086473871956,0.9135567345578626,0.6767719534402835,0,0.5831690015553658,1
14,11,1,2015-02-28,48,1,0.800779018,0.7217256809032506,0.09596288362858786,0.047864703932819386,0.49878351007118166,0.7579303166185556,-0.005016002551375,0.6332285028780489,0.800516667,0.6638039335988094,0.001085880575545969,0.006046638717655751,0.7529143140671806,0.5999411775424395,0.8435101842640618,0.5141516373179171,0.9292997244885841,0.6158648126822078,0,0.5247416088815666,1
14,11,1,2015-03-01,49,1,0.682433036,0.8547704627285106,0.09596288362858786,-0.2092787524389742,-2.180830176476991,0.7743665810372233,0.11734520740175092,0.6332285028780489,0.800779018,0.7861651435519353,0.001085880575545969,0.006046638717655751,0.8917117884389743,0.7329859593676995,0.9765549660893218,0.6471964191431772,1.0623445063138441,0.13746466396040902,1,0.12473108993067522,0
14,11,1,2015-03-02,50,2,0.800309211,0.8130674258857147,0.09596288362858786,-0.02663264912772234,-0.2775307298059177,0.708461176841635,0.11848068328608728,0.6332285028780489,0.682433036,0.7873006194362717,0.001085880575545969,0.006046638717655751,0.8269418601277223,0.6912829225249035,0.9348519292465258,0.6054933823003812,1.0206414694710482,0.2555240900648461,0,0.21959999069719477,0
14,11,1,2015-03-03,51,2,0.800701754,0.809035811382891,0.09596288362858786,-0.019007606013101586,-0.19807247650735577,0.6993157893793572,0.12039357063374428,0.6332285028780489,0.800309211,0.7892135067839288,0.001085880575545969,0.006046638717655751,0.8197093600131016,0.6872513080220799,0.9308203147437022,0.6014617677975576,1.0166098549682245,0.2692132320949626,0,0.23054164373663968,0
14,11,1,2015-03-04,52,2,0.800701754,0.8057382896922713,0.09596288362858786,-0.013425626163240167,-0.13990436359960115,0.692788766067238,0.12133861409600206,0.6332285028780489,0.800701754,0.7901585502461865,0.001085880575545969,0.006046638717655751,0.8141273801632402,0.6839537863314602,0.9275227930530825,0.5981642461069379,1.0133123332776048,0.2806769269402199,0,0.23971385595227154,0
14,11,1,2015-03-05,53,2,0.800701754,0.8016061663776136,0.09596288362858786,-0.007679923463024707,-0.08003014470416368,0.688178539251359,0.1202031382116657,0.6332285028780489,0.800701754,0.7890230743618502,0.001085880575545969,0.006046638717655751,0.8083816774630247,0.6798216630168025,0.9233906697384248,0.5940321227922801,1.0091802099629472,0.2953671801763018,0,0.25148563503850546,0
14,11,1,2015-03-07,54,2,0.800034503,0.8013488218211879,0.09596288362858786,-0.007166806575551021,-0.07468310980825915,0.6855413297340793,0.1216599798414717,0.6332285028780489,0.800701754,0.7904799159916561,0.001085880575545969,0.006046638717655751,0.807201309575551,0.6795643184603768,0.9231333251819991,0.5937747782358545,1.0089228654065214,0.29629365942683794,0,0.252228865228367,0
14,11,1,2015-03-08,55,2,0.800034503,0.7988041216839186,0.09596288362858786,-0.003760752844044868,-0.039189660646301375,0.6830803194648309,0.12071493637921393,0.6332285028780489,0.800034503,0.7895348725293984,0.001085880575545969,0.006046638717655751,0.8037952558440449,0.6770196183231074,0.9205886250447297,0.5912300780985851,1.006378165269252,0.30552581545656327,0,0.2596410311620023,0
14,11,1,2015-03-09,56,2,0.800034503,0.7991001841800707,0.09596288362858786,-0.0036048235157900566,-0.03756476858013216,0.6817889142522398,0.1218504122635503,0.6332285028780489,0.800034503,0.7906703484137347,0.001085880575545969,0.006046638717655751,0.8036393265157901,0.6773156808192595,0.9208846875408818,0.5915261405947372,1.0066742277654042,0.3044451669292278,0,0.25877282324300216,0
14,11,1,2015-03-10,57,2,0.800034503,0.800376094118209,0.09596288362858786,-0.004447482233990496,-0.04634585858428255,0.680551053623846,0.12393093161014443,0.6332285028780489,0.800034503,0.7927508677603289,0.001085880575545969,0.006046638717655751,0.8044819852339905,0.6785915907573978,0.9221605974790201,0.5928020505328755,1.0079501377035425,0.2998076043925428,0,0.2550487605922422,0
14,11,1,2015-03-11,58,2,0.800034503,0.8003284437540603,0.09596288362858786,-0.003865304424853888,-0.040279160845291574,0.6790238323524517,0.1248759750724022,0.6332285028780489,0.800034503,0.7936959112225866,0.001085880575545969,0.006046638717655751,0.8038998074248539,0.6785439403932492,0.9221129471148715,0.5927544001687268,1.0079024873393938,0.2999802235047654,0,0.25518732598785115,0
15,12,1,2015-01-01,0,0,0.800570492,0.7942162016387053,0.1474761129593406,0.0063542903612946455,0.04308691240761501,0.7352643643196092,0.05895183731909619,0.7555036652682927,0.7555036652682927,0.7942162016387053,0.0013182154462842834,0.00043098844731190024,0.7942162016387053,0.6070573283825695,0.9813750748948411,0.4752156470315886,1.113216756245822,0.3821574533068055,0,0.3217688224505003,0
15,12,1,2015-01-03,1,0,0.800318644,0.7855043793703766,0.04660098443724409,0.012634334455738805,0.2711173295652803,0.7414927362449931,0.04619157329926799,0.7555036652682927,0.800570492,0.7814559376188772,0.0013182154462842834,0.00043098844731190024,0.7876843095442612,0.726364037487987,0.8446447212527664,0.6847033778901099,0.8863053808506434,0.22306567714744702,0,0.19367095073795806,0
15,12,1,2015-01-04,2,0,0.800030199,0.8018441409728967,0.045767432626596855,-0.007538290730379482,-0.16470862134396305,0.7516196464838456,0.0559488432465339,0.7555036652682927,0.800318644,0.7912132075661431,0.0013182154462842834,0.00043098844731190024,0.8075684897303795,0.7437616423883187,0.8599266395574747,0.7028461670104731,0.9008421149353203,0.12865466319252777,0,0.11752006782078174,0
15,12,1,2015-01-05,3,0,0.800246011,0.8022883193575475,0.04573307203878283,-0.005671122374527604,-0.12400484204774928,0.7456324043681237,0.06028472900640393,0.7555036652682927,0.800030199,0.7955490933260131,0.0013182154462842834,0.00043098844731190024,0.8059171333745276,0.744249427081616,0.860327211633479,0.7033646696117671,0.9012119691033279,0.12644932216757254,0,0.1157094651288786,0
15,12,1,2015-01-06,4,0,0.800140969,0.7998547088143704,0.0457316146076954,-0.0017666785488967829,-0.038631449251291,0.7411299035611129,0.06077774398778393,0.7555036652682927,0.800246011,0.7960421083073931,0.0013182154462842834,0.00043098844731190024,0.8019076475488968,0.7418176661339747,0.857891751494766,0.7009342115881124,0.8987752060406283,0.13782166322535067,0,0.1250225946363886,0
15,12,1,2015-01-07,5,0,0.800246753,0.7998880595539897,0.04573155271595709,-0.0012033338224798351,-0.02631298853887278,0.7397272993724382,0.061722787450041706,0.7555036652682927,0.800140969,0.7969871517696508,0.0013182154462842834,0.00043098844731190024,0.8014500868224799,0.7418510954191142,0.8579250236888651,0.7009676962036419,0.8988084229043375,0.13766080746054038,0,0.12489125567114161,0
15,12,1,2015-01-08,6,0,0.800107143,0.798131604873735,0.045731550087509745,0.0007478840555770194,0.016353787574353015,0.7387719473787177,0.06058731156570534,0.7555036652682927,0.800246753,0.7958516758853145,0.0013182154462842834,0.00043098844731190024,0.799359258944423,0.7400946440745675,0.8561685656729026,0.699211247208892,0.897051962538578,0.14628937483598914,0,0.13192226249692146,0
15,12,1,2015-01-10,7,0,0.800346445,0.7964370300736876,0.04573154997588338,0.002473944561329988,0.054097107196992615,0.7393657082195588,0.0585067922191112,0.7555036652682927,0.800107143,0.7937711565387204,0.0013182154462842834,0.00043098844731190024,0.79787250043867,0.7384000694161827,0.8544739907311925,0.6975166726502999,0.8953573874970753,0.15495127093181682,0,0.1389538058839031,0
15,12,1,2015-01-11,8,0,0.800246753,0.7967686623254988,0.04573154997114277,0.0013551795404048717,0.02963336124098152,0.7413298247027417,0.05756174875685344,0.7555036652682927,0.800346445,0.7928261130764627,0.0013182154462842834,0.00043098844731190024,0.7988915734595952,0.7387317016740101,0.8548056229769875,0.6978483049123654,0.8956890197386322,0.1532299948781899,0,0.13755845801540387,0
15,12,1,2015-01-12,9,0,0.80007657,0.7986034767618739,0.045731549970941435,-0.0010263848086065064,-0.02244369170208943,0.7424057301674167,0.0586972246411898,0.7555036652682927,0.800246753,0.7939615889607989,0.0013182154462842834,0.00043098844731190024,0.8011029548086065,0.7405665161106407,0.8566404374131071,0.6996831193491759,0.8975238341745719,0.143936401914384,0,0.13000772059229157,0
15,12,1,2015-01-13,10,0,0.800246753,0.8001543316289781,0.045731549970932886,-0.0021218527252162556,-0.04639800589669302,0.7415908617374324,0.06077774398778393,0.7555036652682927,0.80007657,0.7960421083073931,0.0013182154462842834,0.00043098844731190024,0.8023686057252163,0.7421173709777558,0.8581912922802004,0.7012339742162986,0.8990746890416575,0.13638369278737494,0,0.12384811280497371,0
15,12,1,2015-01-14,11,0,0.800313433,0.8000043958886682,0.045731549970932525,-0.0013156327989082284,-0.028768602851739315,0.7399062783488666,0.061722787450041706,0.7555036652682927,0.800246753,0.7969871517696508,0.0013182154462842834,0.00043098844731190024,0.8016290657989082,0.7419674352374463,0.8580413565398901,0.7010840384759895,0.8989247533013469,0.13710181753283235,0,0.12443475731963222,0
15,12,1,2015-01-15,12,0,0.80003139,0.7981899894942637,0.045731549970932504,0.0005823085624561131,0.012733191042644193,0.7388617698718386,0.06058731156570534,0.7555036652682927,0.800313433,0.7958516758853145,0.0013182154462842834,0.00043098844731190024,0.7994490814375439,0.7401530288430419,0.8562269501454854,0.699269632081585,0.8971103469069424,0.14599684918490824,0,0.1316843519168021,0
15,12,1,2015-01-17,13,0,0.800246753,0.7964099696864873,0.04573154997093251,0.0024158839262536924,0.05282751028096042,0.7393240768546351,0.0585067922191112,0.7555036652682927,0.80003139,0.7937711565387204,0.0013182154462842834,0.00043098844731190024,0.7978308690737463,0.7383730090352654,0.8544469303377091,0.6974896122738086,0.8953303270991659,0.15509228418808896,0,0.13906807717033864,0
15,12,1,2015-01-18,14,0,0.662255892,0.7186453371592527,0.04573154997093251,-0.05848165187094423,-1.2788031874737642,0.7412420977815849,-0.020504553910640683,0.7555036652682927,0.800246753,0.7147598104089685,0.0013182154462842834,0.00043098844731190024,0.7207375438709442,0.6606083765080308,0.7766822978104746,0.619724979746574,0.8175656945719314,0.7535249792481069,1,0.6618402219561081,1
15,12,1,2015-01-19,15,0,0.35021836,0.4646151463772531,0.04573154997093251,-0.10023855952330912,-2.191890709740253,0.6948122875940549,-0.24435536807074576,0.7555036652682927,0.662255892,0.4909089962488634,0.0013182154462842834,0.00043098844731190024,0.45045691952330913,0.40657818572603127,0.5226521070284749,0.3656947889645744,0.5635355037899318,0.9999999997818249,1,0.9999934314883036,1
15,12,1,2015-01-20,16,0,0.500290419,0.5146028014183364,0.04573154997093251,0.025260910217133836,0.5523738039316393,0.6221978139325517,-0.1471683051496855,0.7555036652682927,0.35021836,0.5880960591699237,0.0013182154462842834,0.00043098844731190024,0.4750295087828662,0.45656584076711454,0.5726397620695582,0.4156824440056577,0.613523158831015,0.9999998679178723,1,0.9999934314883036,1
15,12,1,2015-01-21,17,0,0.60017284,0.5919880655005635,0.04573154997093251,0.040738758853449464,0.8908239252626137,0.6422529804510009,-0.08281889930445033,0.7555036652682927,0.500290419,0.6524454650151589,0.0013182154462842834,0.00043098844731190024,0.5594340811465506,0.5339511048493417,0.6500250261517853,0.4930677080878848,0.6909084229132422,0.9997250639323165,1,0.9990439396619294,1
15,12,1,2015-01-22,18,0,0.600436426,0.6118757705150832,0.04573154997093251,0.009794465508776384,0.21417304934999704,0.6745963356800103,-0.0839543751887867,0.7555036652682927,0.60017284,0.6513099891308225,0.0013182154462842834,0.00043098844731190024,0.5906419604912236,0.5538388098638614,0.6699127311663051,0.5129554131024046,0.7107961279277619,0.9987374899300598,1,0.996311928268688,1
15,12,1,2015-01-24,19,0,0.750079323,0.7099562152995398,0.04573154997093251,0.05863530665538985,1.2821631169872685,0.6823723673055249,0.009071649039085288,0.7555036652682927,0.600436426,0.7443360133586945,0.0013182154462842834,0.00043098844731190024,0.6914440163446102,0.6519192546483179,0.7679931759507617,0.6110358578868611,0.8088765727122185,0.809383607341066,0,0.7236932379596115,1
15,12,1,2015-01-25,20,0,0.70043672,0.7075676606094656,0.04573154997093251,-0.004911871634975085,-0.1074066292985286,0.7289241672496363,-0.02357557561466122,0.7555036652682927,0.750079323,0.711688788704948,0.0013182154462842834,0.00043098844731190024,0.7053485916349751,0.6495306999582438,0.7656046212606875,0.608647303196787,0.8064880180221443,0.8232591275330763,1,0.7398060525344777,1
15,12,1,2015-01-26,21,0,0.70043672,0.7061683718411645,0.04573154997093251,-0.0021477095921769163,-0.04696341133292059,0.7250245293225018,-0.022440099730324858,0.7555036652682927,0.70043672,0.7128242645892843,0.0013182154462842834,0.00043098844731190024,0.7025844295921769,0.6481314111899428,0.7642053324923863,0.6072480144284859,0.8050887292538432,0.8310832885349662,1,0.7490415655213439,1
15,12,1,2015-01-27,22,0,0.700164706,0.7071405685842899,0.04573154997093251,-0.002795131241126736,-0.06112041343237552,0.7233194176248575,-0.020359580383730723,0.7555036652682927,0.70043672,0.7149047839358784,0.0013182154462842834,0.00043098844731190024,0.7029598372411268,0.6491036079330681,0.7651775292355116,0.6082202111716112,0.8060609259969685,0.8256711586177223,1,0.7426413077797734,1
15,12,1,2015-01-28,23,0,0.750283333,0.7412674421084926,0.04573154997093251,0.013973311898659468,0.3055508048063331,0.7211003042991748,0.015209716802165733,0.7555036652682927,0.700164706,0.7504740811217749,0.0013182154462842834,0.00043098844731190024,0.7363100211013406,0.6832304814572707,0.7993044027597145,0.6423470846958139,0.8401877995211713,0.5757186311819404,0,0.4877786593560426,1
15,12,1,2015-01-29,24,0,0.750646667,0.747342874756211,0.04573154997093251,0.00437841634906555,0.09574170024520318,0.7321940097331051,0.014074240917829368,0.7555036652682927,0.750283333,0.7493386052374386,0.0013182154462842834,0.00043098844731190024,0.7462682506509345,0.6893059141049891,0.8053798354074329,0.6484225173435323,0.8462632321688897,0.5231665769418921,0,0.44093962818325405,1
15,12,1,2015-01-31,25,0,0.750646667,0.7475218311901146,0.04573154997093251,0.002982819110278312,0.06522453562527894,0.7356701263184865,0.011993721571235235,0.7555036652682927,0.750646667,0.7472580858908444,0.0013182154462842834,0.00043098844731190024,0.7476638478897217,0.6894848705388927,0.8055587918413365,0.6486014737774359,0.8464421886027933,0.5216078980488309,0,0.43957425317518467,1
15,12,1,2015-02-01,26,0,0.750450658,0.7481160674582368,0.04573154997093251,0.0013637309104131967,0.02982035184199966,0.7380382489806093,0.01104867810897746,0.7555036652682927,0.750646667,0.7463130424285866,0.0013182154462842834,0.00043098844731190024,0.7490869270895868,0.6900791068070149,0.8061530281094587,0.6491957100455581,0.8470364248709155,0.5164299661527747,0,0.4350476392800836,1
15,12,1,2015-02-02,27,0,0.800401961,0.7816574760089193,0.04573154997093251,0.01739468225788432,0.38036502740319483,0.7391209435573132,0.04388633518480256,0.7555036652682927,0.750450658,0.7791506995044117,0.0013182154462842834,0.00043098844731190024,0.7830072787421157,0.7236205153576976,0.8396944366601411,0.6827371185962406,0.880577833421598,0.24439147255027815,0,0.21070689289840974,0
15,12,1,2015-02-03,28,0,0.800259023,0.7927144973913546,0.04573154997093251,0.0013612217792269288,0.029765485317950882,0.7529309466893763,0.04596685453139669,0.7555036652682927,0.800401961,0.7812312188510059,0.0013182154462842834,0.00043098844731190024,0.798897801220773,0.7346775367401328,0.8507514580425763,0.6937941399786759,0.8916348548040333,0.17514501120599507,0,0.15526249093994599,0
15,12,1,2015-02-04,29,0,0.800401961,0.7914399249625961,0.04573154997093251,0.0024004863242981234,0.05249081489308584,0.7540116492141974,0.04398982546150452,0.7555036652682927,0.800259023,0.7792541897811137,0.0013182154462842834,0.00043098844731190024,0.7980014746757019,0.7334029643113742,0.849476885613818,0.6925195675499174,0.8903602823752748,0.1824266061294475,0,0.16111995188895487,0
15,12,1,2015-02-05,30,0,0.800612676,0.7915432167693053,0.04573154997093251,0.0018408807608719657,0.040254064470634614,0.7559174456619598,0.04285434957716815,0.7555036652682927,0.800401961,0.7781187138967773,0.0013182154462842834,0.00043098844731190024,0.798771795239128,0.7335062561180834,0.8495801774205272,0.6926228593566266,0.890463574181984,0.18182955492969094,0,0.16064005897117625,0
15,12,1,2015-02-07,31,0,0.800401961,0.7904126814265993,0.04573154997093251,0.0022491712553305288,0.04918204733406428,0.7573789595140955,0.040773830230574015,0.7555036652682927,0.800612676,0.7760381945501832,0.0013182154462842834,0.00043098844731190024,0.7981527897446695,0.7323757207753774,0.8484496420778211,0.6914923240139206,0.889333038839278,0.1884307979885697,0,0.16594245381125491,0
15,12,1,2015-02-08,32,0,0.800355208,0.7906283197205879,0.04573154997093251,0.0013617974772092145,0.029778073957143117,0.7591646237544746,0.03982878676831625,0.7555036652682927,0.800401961,0.7750931510879254,0.0013182154462842834,0.00043098844731190024,0.7989934105227908,0.732591359069366,0.8486652803718098,0.6917079623079092,0.8895486771332666,0.18716039800565287,0,0.16492259261222156,0
15,12,1,2015-02-09,33,0,0.800401961,0.792466549334216,0.04573154997093251,-0.0008080849906527687,-0.017670185925611457,0.7602457833380002,0.040964262652652614,0.7555036652682927,0.800355208,0.7762286269722618,0.0013182154462842834,0.00043098844731190024,0.8012100459906528,0.7344295886829941,0.8505035099854379,0.6935461919215373,0.8913869067468947,0.17654689573197552,0,0.15639102369100108,0
15,12,1,2015-02-10,34,0,0.800401961,0.7941300575244011,0.04573154997093251,-0.0022470487120023197,-0.04913563422693019,0.7596042277127556,0.043044781999246745,0.7555036652682927,0.800401961,0.778309146318856,0.0013182154462842834,0.00043098844731190024,0.8026490097120024,0.7360930968731794,0.8521670181756229,0.6952097001117225,0.8930504149370798,0.1672772699057205,0,0.14892076595095963,0
15,12,1,2015-02-11,35,0,0.800401961,0.7939155145659998,0.04573154997093251,-0.0014081130655537732,-0.030790844973520158,0.7578202486040493,0.04398982546150452,0.7555036652682927,0.800401961,0.7792541897811137,0.0013182154462842834,0.00043098844731190024,0.8018100740655538,0.7358785539147781,0.8519524752172216,0.6949951571533212,0.8928358719786785,0.16845483636164266,0,0.14987085490188345,0
15,12,1,2015-02-12,36,0,0.800401961,0.7920533838562263,0.04573154997093251,0.0008452933194551537,0.018483810848143826,0.7567023181033767,0.04285434957716815,0.7555036652682927,0.800401961,0.7781187138967773,0.0013182154462842834,0.00043098844731190024,0.7995566676805449,0.7340164232050044,0.8500903445074481,0.6931330264435476,0.8909737412689049,0.1788986266315914,0,0.15828328472622546,0
15,12,1,2015-02-14,37,0,0.800401961,0.7904090769733311,0.04573154997093251,0.002254716568050874,0.049303305256086824,0.7573734142013752,0.040773830230574015,0.7555036652682927,0.800401961,0.7760381945501832,0.0013182154462842834,0.00043098844731190024,0.7981472444319492,0.7323721163221093,0.8484460376245528,0.6914887195606524,0.8893294343860098,0.18845207816561244,0,0.16595953504253974,0
15,12,1,2015-02-15,38,0,0.800806306,0.7906275769183798,0.04573154997093251,0.0018140382498370577,0.03966710620982847,0.7591634809818467,0.03982878676831625,0.7555036652682927,0.800401961,0.7750931510879254,0.0013182154462842834,0.00043098844731190024,0.798992267750163,0.732590616267158,0.8486645375696016,0.6917072195057011,0.8895479343310585,0.18716476499918705,0,0.16492609883259285,0
15,12,1,2015-02-16,39,0,0.800312375,0.7926991847654242,0.04573154997093251,-0.0012555716540502138,-0.027455261298781022,0.7606036840013976,0.040964262652652614,0.7555036652682927,0.800806306,0.7762286269722618,0.0013182154462842834,0.00043098844731190024,0.8015679466540502,0.7346622241142025,0.850736145416646,0.6937788273527455,0.8916195421781029,0.17523138283642026,0,0.15533203305444285,0
15,12,1,2015-02-17,40,0,0.800401961,0.7941317680737722,0.04573154997093251,-0.0022496803264192566,-0.049193179060171344,0.7596068593271725,0.043044781999246745,0.7555036652682927,0.800312375,0.778309146318856,0.0013182154462842834,0.00043098844731190024,0.8026516413264193,0.7360948074225504,0.8521687287249939,0.6952114106610935,0.8930521254864509,0.16726790254767188,0,0.14891320677542352,0
15,12,1,2015-02-18,41,1,0.800401961,0.793915867074343,0.04573154997093251,-0.001408655386081814,-0.030802703756535068,0.7578207909245773,0.04398982546150452,0.7555036652682927,0.800401961,0.7792541897811137,0.0013182154462842834,0.00043098844731190024,0.8018106163860819,0.7358789064231213,0.8519528277255648,0.6949955096616643,0.8928362244870217,0.16845289718023376,0,0.14986929060164597,0
15,12,1,2015-02-19,42,1,0.800711494,0.7920534565008012,0.04573154997093251,0.0011547145585705243,0.025249845222925397,0.7567024298642613,0.04285434957716815,0.7555036652682927,0.800401961,0.7781187138967773,0.0013182154462842834,0.00043098844731190024,0.7995567794414294,0.7340164958495794,0.8500904171520229,0.6931330990881225,0.8909738139134799,0.17889821141455886,0,0.15828295073028723,0
15,12,1,2015-02-22,43,1,0.800401961,0.7896237825637409,0.04573154997093251,0.002953992256973903,0.06459418626422007,0.7576191819747099,0.03982878676831625,0.7555036652682927,0.800711494,0.7750931510879254,0.0013182154462842834,0.00043098844731190024,0.7974479687430261,0.731586821912519,0.8476607432149628,0.6907034251510622,0.8885441399764196,0.19312362863991195,0,0.16970761105119903,0
15,12,1,2015-02-23,44,1,0.800401961,0.7922836621201573,0.04573154997093251,-0.0005267200459472265,-0.011517651299420548,0.7599644183932946,0.040964262652652614,0.7555036652682927,0.800401961,0.7762286269722618,0.0013182154462842834,0.00043098844731190024,0.8009286810459473,0.7342467014689356,0.8503206227713791,0.6933633047074786,0.891204019532836,0.1775854646356917,0,0.15722682010171324,0
15,12,1,2015-02-24,45,1,0.800401961,0.7940923683060012,0.04573154997093251,-0.0021890652990792514,-0.04786772590193523,0.7595462442998325,0.043044781999246745,0.7555036652682927,0.800401961,0.778309146318856,0.0013182154462842834,0.00043098844731190024,0.8025910262990793,0.7360554076547794,0.8521293289572229,0.6951720108933225,0.8930127257186798,0.16748375044745828,0,0.14908738401610847,0
15,12,1,2015-02-25,46,1,0.800401961,0.7939077476086926,0.04573154997093251,-0.0013961639004659299,-0.030529555664598015,0.7578082994389614,0.04398982546150452,0.7555036652682927,0.800401961,0.7792541897811137,0.0013182154462842834,0.00043098844731190024,0.801798124900466,0.7358707869574708,0.8519447082599145,0.694987390196014,0.8928281050213713,0.16849756676354066,0,0.14990532446186872,0
15,12,1,2015-02-26,47,1,0.800401961,0.7920517832492524,0.04573154997093251,0.000847755791722582,0.018537657093656897,0.7566998556311093,0.04285434957716815,0.7555036652682927,0.800401961,0.7781187138967773,0.0013182154462842834,0.00043098844731190024,0.7995542052082775,0.7340148225980305,0.8500887439004743,0.6931314258365737,0.8909721406619311,0.17890777542844444,0,0.15829064390747577,0
15,12,1,2015-02-28,48,1,0.800260821,0.7904087471218096,0.04573154997093251,0.0021140840319299192,0.04622812988568406,0.757372906737496,0.040773830230574015,0.7555036652682927,0.800401961,0.7760381945501832,0.0013182154462842834,0.00043098844731190024,0.79814673696807,0.7323717864705879,0.8484457077730314,0.691488389709131,0.8893291045344883,0.18845402563588276,0,0.16596109823972433,0
15,12,1,2015-03-01,49,1,0.800401961,0.7905546738385534,0.04573154997093251,0.001521851834185517,0.03327794127145971,0.7590513223974983,0.03982878676831625,0.7555036652682927,0.800260821,0.7750931510879254,0.0013182154462842834,0.00043098844731190024,0.7988801091658145,0.7325177131873315,0.8485916344897753,0.6916343164258747,0.8894750312512321,0.18759367458794435,0,0.16527045122527362,0
15,12,1,2015-03-02,50,2,0.800401961,0.7924754992846285,0.04573154997093251,-0.0008218541451335826,-0.01797127247285435,0.760259552492481,0.040964262652652614,0.7555036652682927,0.800401961,0.7762286269722618,0.0013182154462842834,0.00043098844731190024,0.8012238151451336,0.7344385386334067,0.8505124599358502,0.6935551418719498,0.8913958566973071,0.17649617007978285,0,0.15635019614134615,0
15,12,1,2015-03-03,51,2,0.800401961,0.7941319019214385,0.04573154997093251,-0.00224988624590583,-0.04919768184843687,0.7596070652466591,0.043044781999246745,0.7555036652682927,0.800401961,0.778309146318856,0.0013182154462842834,0.00043098844731190024,0.8026518472459059,0.7360949412702167,0.8521688625726602,0.6952115445087598,0.8930522593341171,0.16726716958162213,0,0.14891261529300304,0
15,12,1,2015-03-04,52,2,0.800401961,0.7939158946575393,0.04573154997093251,-0.0014086978217684454,-0.030803631686742078,0.757820833360264,0.04398982546150452,0.7555036652682927,0.800401961,0.7792541897811137,0.0013182154462842834,0.00043098844731190024,0.8018106588217685,0.7358789340063174,0.8519528553087612,0.6949955372448606,0.892836252070218,0.1684527454430934,0,0.14986916819818336,0
15,12,1,2015-03-05,53,2,0.800401961,0.7920534621851194,0.04573154997093251,0.0008451728134657444,0.018481175774775746,0.7567024386093661,0.04285434957716815,0.7555036652682927,0.800401961,0.7781187138967773,0.0013182154462842834,0.00043098844731190024,0.7995567881865343,0.7340165015338975,0.8500904228363413,0.6931331047724407,0.8909738195977981,0.17889817892453608,0,0.15828292459567472,0
15,12,1,2015-03-07,54,2,0.850520588,0.7904090931152727,0.04573154997093251,0.052373318734294294,1.145233843322244,0.7573734390351317,0.040773830230574015,0.7555036652682927,0.800401961,0.7760381945501832,0.0013182154462842834,0.00043098844731190024,0.7981472692657057,0.7323721324640509,0.8484460537664946,0.6914887357025941,0.8893294505279514,0.18845198286259157,0,0.16595945854460978,0
15,12,1,2015-03-08,55,2,0.800401961,0.8164912292974752,0.04573154997093251,-0.03838054117954037,-0.8392573880381373,0.7989537154112242,0.03982878676831625,0.7555036652682927,0.850520588,0.7750931510879254,0.0013182154462842834,0.00043098844731190024,0.8387825021795404,0.7584542686462534,0.874528189948697,0.7175708718847965,0.9154115867101539,0.07298056281649058,0,0.07083925535025538,0
15,12,1,2015-03-09,56,2,0.800401961,0.7978204792946635,0.04573154997093251,-0.00904490031441818,-0.19778250070612566,0.7684825986617656,0.040964262652652614,0.7555036652682927,0.800401961,0.7762286269722618,0.0013182154462842834,0.00043098844731190024,0.8094468613144182,0.7397835186434416,0.8558574399458854,0.6989001218819848,0.8967408367073422,0.1478548436158051,0,0.133194942524105,0
15,12,1,2015-03-10,57,2,0.800401961,0.7952333901800825,0.04573154997093251,-0.003944483566896695,-0.08625300409463167,0.76130166256765,0.043044781999246745,0.7555036652682927,0.800401961,0.778309146318856,0.0013182154462842834,0.00043098844731190024,0.8043464445668967,0.7371964295288607,0.8532703508313044,0.6963130327674039,0.8941537475927612,0.16130542874706755,0,0.14409710097282222,0
15,12,1,2015-03-11,58,2,0.800401961,0.7941428882817723,0.04573154997093251,-0.0017579187821268327,-0.03843995629372251,0.7581700543206223,0.04398982546150452,0.7555036652682927,0.800401961,0.7792541897811137,0.0013182154462842834,0.00043098844731190024,0.8021598797821269,0.7361059276305504,0.8521798489329941,0.6952225308690936,0.893063245694451,0.1672070139991449,0,0.14886407102296928,0
16,2,1,2015-01-01,0,0,0.753097531,0.8340611265396132,0.18133316245905787,-0.08096359553961319,-0.4464908373166076,0.798982709302716,0.035078417236897155,0.822172272275,0.822172272275,0.8340611265396132,0.005363646582431925,0.00751806922497115,0.8340611265396132,0.6039349746578785,1.064187278421348,0.4418255418585203,1.226296711220706,0.3214769135834476,0,0.2724768919289086,0
16,2,1,2015-01-03,1,0,0.75024303,0.7913867457604356,0.13667792477207974,-0.019285482681351995,-0.1411016644678497,0.736530614791049,0.03299789789030302,0.822172272275,0.753097531,0.831980607193019,0.005363646582431925,0.00751806922497115,0.769528512681352,0.6179316289553032,0.9648418625655679,0.4957433840665733,1.0870301074542978,0.38101927332196145,0,0.32083600371535537,0
16,2,1,2015-01-04,2,0,0.800237838,0.7833910737723749,0.13181105621370973,0.04273842615324541,0.3242400704532111,0.7250065323723723,0.03249287947438234,0.822172272275,0.75024303,0.8314755887770984,0.005363646582431925,0.00751806922497115,0.7574994118467546,0.6161123988152954,0.9506697487294544,0.4982750696157161,1.0685070779290338,0.4000084281514514,0,0.33644791061988855,0
16,2,1,2015-01-05,3,0,0.800076522,0.8038543663792155,0.13094502105737169,0.01362812400083091,0.10407515987079755,0.749251371074012,0.03719702692515715,0.822172272275,0.800237838,0.8361797362278731,0.005363646582431925,0.00751806922497115,0.7864483979991691,0.6376747586595882,0.9700339740988427,0.5206116533585745,1.0870970793998564,0.340435581506148,0,0.2877904212804758,0
16,2,1,2015-01-06,4,0,0.800594466,0.8109091792711431,0.13078006285128702,0.0044127893537236895,0.03374206478812885,0.756904130374525,0.03927754627175128,0.822172272275,0.800076522,0.8382602555744673,0.005363646582431925,0.00751806922497115,0.7961816766462763,0.6449389165862177,0.9768794419560686,0.5280232817250361,1.0937950768172502,0.3207017040621736,0,0.2718521306257836,0
16,2,1,2015-01-07,5,0,0.800594466,0.8134617253910675,0.13074824637025662,0.0009946648796710367,0.007607481609002359,0.7593772113863199,0.04022258973400905,0.822172272275,0.800594466,0.839205299036725,0.005363646582431925,0.00751806922497115,0.7995998011203289,0.6475318403416869,0.9793916104404482,0.530644648990912,1.096278801791223,0.3137057365707382,0,0.2662184289696462,0
16,2,1,2015-01-08,6,0,0.800497246,0.8144265010573147,0.13074209498383185,-0.00026236200948359656,-0.002006714130716977,0.7599344434517701,0.040825164557713595,0.822172272275,0.800594466,0.8398078738604295,0.005363646582431925,0.00751806922497115,0.8007596080094836,0.648504422604739,0.9803485795098905,0.5316227305115224,1.097230271603107,0.311085612359532,0,0.264110515950038,0
16,2,1,2015-01-10,7,0,0.800594466,0.8105124006154618,0.13074090512560307,0.0038003978716404374,0.029068162469805352,0.759787473625281,0.03700659450307855,0.822172272275,0.800497246,0.8359893038057945,0.005363646582431925,0.00751806922497115,0.7967940681283595,0.6445918321872619,0.9764329690436617,0.5277112038114591,1.0933135974194645,0.3217387608300024,0,0.27268794466336005,0
16,2,1,2015-01-11,8,0,0.8,0.8126891763899348,0.13074067495155087,0.00028404996633457635,0.0021726212323734595,0.7619163482848038,0.0377996017488617,0.822172272275,0.800594466,0.8367823110515776,0.005363646582431925,0.00751806922497115,0.7997159500336655,0.646768900070846,0.9786094527090236,0.5298884774675812,1.0954898753122884,0.31579414225349356,0,0.26789934153118367,0
16,2,1,2015-01-12,9,0,0.8,0.8139280778445923,0.13074063042438633,-0.0010105421800344905,-0.007729365972569149,0.7620754645468365,0.03893507763319806,0.822172272275,0.8,0.837917786935914,0.005363646582431925,0.00751806922497115,0.8010105421800345,0.6480078580340036,0.979848297655181,0.531127475237431,1.0967286804517538,0.3124319235262667,0,0.2651935023753841,0
16,2,1,2015-01-13,10,0,0.8,0.8156406483871257,0.13074062181057858,-0.0025249864434582214,-0.019312945039503537,0.7615093894636661,0.041015596979792186,0.822172272275,0.8,0.8399983062825082,0.005363646582431925,0.00751806922497115,0.8025249864434583,0.6497204395081415,0.9815608572661099,0.5328400644121983,1.098441232362053,0.30780993622779185,0,0.2614766724170701,0
16,2,1,2015-01-14,11,0,0.311207464,0.7574935180128131,0.13074062014423102,-0.4326753448291887,-3.309417871445523,0.7600949687780747,-0.01621215994888607,0.822172272275,0.8,0.78277054935383,0.005363646582431925,0.00751806922497115,0.7438828088291887,0.591573311248556,0.9234137247770701,0.47469293764230536,1.0402940983833209,0.4771467722156376,1,0.4011387487451011,1
16,2,1,2015-01-15,12,0,0.499998888,0.5407787461280525,0.1307406198218748,0.024096696086096714,0.18430917735380806,0.6136211258337179,-0.1377189339198146,0.822172272275,0.311207464,0.6612637753829014,0.005363646582431925,0.00751806922497115,0.47590219191390326,0.3748585397728911,0.706698952483214,0.25797816645482263,0.8235793258012825,0.9452314664253391,1,0.9008354942742703,1
16,2,1,2015-01-17,13,0,0.77011398,0.6145094287477422,0.13074061975951473,0.21575672263438594,1.6502654112490094,0.6271193624966356,-0.07276210513102152,0.822172272275,0.499998888,0.7262206041716944,0.005363646582431925,0.00751806922497115,0.554357257365614,0.4485892224717206,0.7804296350237637,0.33170884920940114,0.8973100082860832,0.8499761507588126,0,0.7718237680827257,1
16,2,1,2015-01-18,14,0,0.650243497,0.723825798798524,0.13074061974745113,-0.05573125551261571,-0.426273453654041,0.7479797199144063,-0.042004967401790556,0.822172272275,0.77011398,0.7569777419009254,0.005363646582431925,0.00751806922497115,0.7059747525126157,0.5579055925378121,0.889746005059236,0.4410252192862774,1.0066263783107707,0.5793377044450099,1,0.4910659748829802,1
16,2,1,2015-01-19,15,0,0.750517565,0.7363711349895345,0.13074061974511741,0.04292411061896639,0.32831503095708264,0.7167607647069991,-0.009167310325965537,0.822172272275,0.650243497,0.7898153989767505,0.005363646582431925,0.00751806922497115,0.7075934543810336,0.5704509287317843,0.9022913412472848,0.4535705554823359,1.0191717144967332,0.5415119588370122,0,0.45710881970866113,1
16,2,1,2015-01-20,16,0,0.750031898,0.7549689132295074,0.13074061974466594,0.015424991695908497,0.11798163207450925,0.7408055466586706,-0.006198640354579066,0.822172272275,0.750517565,0.7927840689481369,0.005363646582431925,0.00751806922497115,0.7346069063040915,0.5890487069723301,0.9208891194866847,0.4721683337232853,1.0377694927357295,0.48484149410887883,0,0.4077233173562626,1
16,2,1,2015-01-21,17,0,0.800415742,0.7615303541378562,0.13074061974457862,0.056223180778125936,0.43003605832652725,0.7494461581141953,-0.005253596892321289,0.822172272275,0.750031898,0.7937291124103947,0.005363646582431925,0.00751806922497115,0.744192561221874,0.5956101478807897,0.9274505603949227,0.478729774631823,1.0443309336438893,0.4648618025428927,0,0.3906803193960926,0
16,2,1,2015-01-22,18,0,0.800302791,0.7808663141646854,0.13074061974456172,0.025751188876053654,0.19696394989075153,0.780940674900604,-0.006389072776657654,0.822172272275,0.800415742,0.7925936365260583,0.005363646582431925,0.00751806922497115,0.7745516021239464,0.6149461079076404,0.9467865204217305,0.49806573465868875,1.0636668936706821,0.4066821252378712,0,0.3419606100442086,0
16,2,1,2015-01-24,19,0,0.90064806,0.819864247601056,0.13074061974455847,0.08204976281350396,0.6275766703096031,0.795365708118259,0.023232589068236942,0.822172272275,0.800302791,0.822215298370953,0.005363646582431925,0.00751806922497115,0.818598297186496,0.6539440413440152,0.9857844538580969,0.5370636680950664,1.1026648271070456,0.29654177307902807,0,0.25242792220528015,0
16,2,1,2015-01-25,20,0,0.850223776,0.8514128075226286,0.13074061974455783,-0.01600970514410016,-0.12245394870683697,0.8413274910783489,0.024905990065751206,0.822172272275,0.90064806,0.8238886993684672,0.005363646582431925,0.00751806922497115,0.8662334811441001,0.6854926012655885,1.0173330137796688,0.5686122280166404,1.1342133870286168,0.2189691483705416,0,0.19039676874779726,0
16,2,1,2015-01-26,21,0,0.800034024,0.8441005413464862,0.13074061974455772,-0.05574833841373117,-0.4264041162008625,0.8323593409234157,0.023423021490315547,0.822172272275,0.850223776,0.8224057307930315,0.005363646582431925,0.00751806922497115,0.8557823624137312,0.6781803350894462,1.0100207476035261,0.5612999618404981,1.1269011208524742,0.23583951395054725,0,0.20387618139134747,0
16,2,1,2015-01-27,22,0,1.000230409,0.8276015737619196,0.1307406197445577,0.17187699775571852,1.3146411428332945,0.8011308163951787,0.02722259484910282,0.822172272275,0.800034024,0.8262053041518188,0.005363646582431925,0.00751806922497115,0.8283534112442815,0.6616813675048796,0.9935217800189595,0.5448009942559315,1.1104021532679076,0.2764053404234621,0,0.23629488729949966,0
16,2,1,2015-01-28,23,0,1.000230409,0.9228309735160792,0.1307406197445577,0.042949503716720905,0.32850925596525443,0.8974110857804298,0.05986981950284932,0.822172272275,1.000230409,0.8588525288055653,0.005363646582431925,0.00751806922497115,0.9572809052832791,0.7569107672590393,1.088751179773119,0.6400303940100913,1.2056315530220671,0.0930944239726042,0,0.08798210185816521,0
16,2,1,2015-01-29,24,0,1.000230409,0.9373338517871712,0.1307406197445577,0.02002597320809074,0.15317330793763778,0.9214700921733964,0.05873434361851296,0.822172272275,1.000230409,0.8577170529212289,0.005363646582431925,0.00751806922497115,0.9802044357919093,0.7714136455301313,1.1032540580442112,0.6545332722811832,1.2201344312931592,0.07594799890740644,0,0.0733946059874038,0
16,2,1,2015-01-31,25,0,1.000230409,0.9425449943745732,0.1307406197445577,0.010888551117767653,0.08328361253787699,0.9326880336103136,0.05665382427191882,0.822172272275,1.000230409,0.8556365335746348,0.005363646582431925,0.00751806922497115,0.9893418578822324,0.7766247881175332,1.1084652006316131,0.6597444148685851,1.2253455738805612,0.07041258569184126,0,0.06861949724029189,0
16,2,1,2015-02-01,26,0,1.000671304,0.9464449776372756,0.1307406197445577,0.005294660484864933,0.04049744062105329,0.9387874689537429,0.056589174561392175,0.822172272275,1.000230409,0.8555718838641082,0.005363646582431925,0.00751806922497115,0.995376643515135,0.7805247713802357,1.1123651838943156,0.6636443981312876,1.2292455571432637,0.06647691182063474,0,0.0652014356473335,0
16,2,1,2015-02-02,27,0,0.900158405,0.9512463443355872,0.1307406197445577,-0.10105767296279589,-0.7729630864550233,0.9417533768090265,0.05946270115376945,0.822172272275,1.000671304,0.8584454104564854,0.005363646582431925,0.00751806922497115,1.0012160779627959,0.7853261380785472,1.1171665505926271,0.6684457648295992,1.2340469238415752,0.06186804889471013,0,0.06117209525692124,0
16,2,1,2015-02-03,28,0,0.949981609,0.9156654505012854,0.1307406197445577,0.00415972761808181,0.03181664295464658,0.885143940390238,0.06067794099168008,0.822172272275,0.900158405,0.8596606502943961,0.005363646582431925,0.00751806922497115,0.9458218813819181,0.7497452442442455,1.0815856567583253,0.6328648709952975,1.1984660300072734,0.1025542833920497,0,0.0959206929880618,0
16,2,1,2015-02-04,29,0,1.05028058,0.9172523221903103,0.1307406197445577,0.10205627339191292,0.7806011138031277,0.8874740933535066,0.06075021325458044,0.822172272275,0.949981609,0.8597329225572964,0.005363646582431925,0.00751806922497115,0.948224306608087,0.7513321159332703,1.0831725284473501,0.6344517426843224,1.2000529016962982,0.10040130678070996,0,0.09411988943885931,0
16,2,1,2015-02-05,30,0,1.000446018,0.951508036244718,0.1307406197445577,-0.0020430903707155945,-0.01562705129214933,0.9446429153769951,0.05784619299372061,0.822172272275,1.05028058,0.8568289022964366,0.005363646582431925,0.00751806922497115,1.0024891083707157,0.7855878299876781,1.1174282425017579,0.6687074567387301,1.234308615750706,0.06162420263737082,0,0.06095806098580615,0
16,2,1,2015-02-07,31,0,1.000018551,0.9513249223464388,0.1307406197445577,-0.0018868764806703187,-0.01443221306704004,0.943498438257663,0.05840698922300735,0.822172272275,1.000446018,0.8573896985257233,0.005363646582431925,0.00751806922497115,1.0019054274806702,0.7854047160893989,1.1172451286034788,0.6685243428404508,1.2341255018524269,0.06179475039523286,0,0.06110776730569879,0
16,2,1,2015-02-08,32,0,1.000018551,0.9488200766344328,0.1307406197445577,0.0009879090277000735,0.007556251680849149,0.9424414674109076,0.056589174561392175,0.822172272275,1.000018551,0.8555718838641082,0.005363646582431925,0.00751806922497115,0.9990306419722998,0.7828998703773928,1.1147402828914728,0.6660194971284448,1.2316206561404208,0.06416486543396914,0,0.06318385291163903,0
16,2,1,2015-02-09,33,0,0.900477825,0.9494348665613448,0.1307406197445577,-0.09936129571153107,-0.7599879509953689,0.9429948640175336,0.056844256693997425,0.822172272275,1.000018551,0.8558269659967134,0.005363646582431925,0.00751806922497115,0.999839120711531,0.7835146603043048,1.1153550728183848,0.6666342870553568,1.2322354460673328,0.06357670016850614,0,0.06266940809432142,0
16,2,1,2015-02-10,34,0,0.899984058,0.9153369205657603,0.1307406197445577,-0.04627640460861959,-0.35395583024644434,0.8873356865680281,0.05892477604059155,0.822172272275,0.900477825,0.8579074853433075,0.005363646582431925,0.00751806922497115,0.9462604626086196,0.7494167143087204,1.0812571268228002,0.6325363410597724,1.1981375000717482,0.1030041768001953,0,0.09629657582819905,0
16,2,1,2015-02-11,35,0,1.000344928,0.9003126449383004,0.1307406197445577,0.07818166331808207,0.5979906127937451,0.8614130514273376,0.06075021325458044,0.822172272275,0.899984058,0.8597329225572964,0.005363646582431925,0.00751806922497115,0.922163264681918,0.7343924386812605,1.0662328511953403,0.6175120654323125,1.1831132244442883,0.12513348385981415,0,0.11462802865845408,0
16,2,1,2015-02-12,36,0,1.000344928,0.9276439133379645,0.1307406197445577,0.03552214799626385,0.27169940042863017,0.9052080426334922,0.05961473737024407,0.822172272275,1.000344928,0.85859744667296,0.005363646582431925,0.00751806922497115,0.9648227800037362,0.7617237070809245,1.0935641195950043,0.6448433338319766,1.2104444928439524,0.08711279439881636,0,0.082924800178678,0
16,2,1,2015-02-14,37,0,0.80037492,0.9376169781126094,0.1307406197445577,-0.18138537440228786,-1.3873681703259506,0.9251064701303691,0.05665382427191882,0.822172272275,1.000344928,0.8556365335746348,0.005363646582431925,0.00751806922497115,0.9817602944022878,0.7716967718555694,1.1035371843696493,0.6548163986066213,1.2204175576185974,0.07563898399649892,0,0.07312897301040505,0
16,2,1,2015-02-15,38,0,0.432122899,0.8715080559879731,0.1307406197445577,-0.44796617274697714,-3.426373330814997,0.8234998971855849,0.056589174561392175,0.822172272275,0.80037492,0.8555718838641082,0.005363646582431925,0.00751806922497115,0.8800890717469771,0.7055878497309331,1.037428262245013,0.5887074764819851,1.1543086354939611,0.1763454231907503,1,0.1562288613592895,0
16,2,1,2015-02-17,40,0,0.361071429,0.496410245149148,0.149855784785316,-0.09265398728045049,-0.6182876918177498,0.6770260553921517,-0.22330063911170114,0.822172272275,0.432122899,0.5756820701910148,0.005363646582431925,0.00751806922497115,0.4537254162804505,0.30623137978221043,0.6865891105160855,0.17226230350398009,0.8205581867943159,0.9546984906588003,1,0.9155751455533205,1
16,2,1,2015-02-18,41,1,0.328131579,0.522480901770771,0.1337269121435863,-0.1300921387680376,-0.9728194323993218,0.6153907550091919,-0.15716703724115436,0.822172272275,0.361071429,0.6418156720615616,0.005363646582431925,0.00751806922497115,0.4582237177680376,0.3527708538275073,0.6921909497140347,0.23322077493611304,0.811741028605429,0.9555633339463836,1,0.9169483758211151,1
16,2,1,2015-02-19,42,1,0.585315789,0.504037184202146,0.13129792538754384,0.17192601650292905,1.3094343722146853,0.539990104431073,-0.126600331934002,0.822172272275,0.328131579,0.672382377368714,0.005363646582431925,0.00751806922497115,0.413389772497071,0.3374097129236221,0.67066465548067,0.22003111585033214,0.78804325255396,0.9694877827897358,1,0.9397909022474207,1
16,2,1,2015-02-22,43,1,0.700605263,0.5957301994227493,0.1308477016531031,0.1615905692926516,1.234951529535096,0.6369384072587136,-0.09792371355136523,0.822172272275,0.585315789,0.7010589957513508,0.005363646582431925,0.00751806922497115,0.5390146937073484,0.42967409773866483,0.7617863011068338,0.31269799468926573,0.8787624041562329,0.8808014603576182,1,0.8106470482688283,1
16,2,1,2015-02-23,44,1,0.700623,0.6575312031469525,0.13076130776441952,0.06808526101295231,0.520683542991289,0.727572811702988,-0.09503507271594033,0.822172272275,0.700605263,0.7039476365867756,0.005363646582431925,0.00751806922497115,0.6325377389870477,0.49158474215340275,0.8234776641405022,0.3746858740901578,0.9403765322037472,0.760265595467676,1,0.6690732539898492,1
16,2,1,2015-02-24,45,1,0.700623,0.6861316168177966,0.13074462084717267,0.02613277839290662,0.199876509056944,0.7657215801292785,-0.09123135852218509,0.822172272275,0.700623,0.7077513507805309,0.005363646582431925,0.00751806922497115,0.6744902216070934,0.5202063328444935,0.8520569007910996,0.40332238266308207,0.968940850972511,0.6874011511075319,1,0.5936975872814445,1
16,2,1,2015-02-25,46,1,0.700069811,0.6948691349355606,0.1307413937231555,0.011718249235244671,0.08962922071993533,0.7803610716718438,-0.09200950990708844,0.822172272275,0.700623,0.7069731993956275,0.005363646582431925,0.00751806922497115,0.6883515617647553,0.5289479464383505,0.8607903234327706,0.4120668812628415,0.9776713886082796,0.6633702347163277,1,0.5700431143080319,1
16,2,1,2015-02-26,47,1,0.66237931,0.6980004332709427,0.13074076946990523,-0.031401043910755044,-0.24017790348085066,0.7869253397021799,-0.0931449857914248,0.822172272275,0.700069811,0.7058377235112911,0.005363646582431925,0.00751806922497115,0.6937803539107551,0.5320800370005727,0.8639208295413128,0.4151995298991575,0.980801336642728,0.6545855036127024,1,0.5615257185286058,1
16,2,1,2015-02-28,48,1,0.700211111,0.6844864516921526,0.13074064870898985,0.026101218331525122,0.19964118726091634,0.7693353978064938,-0.09522550513801895,0.822172272275,0.66237931,0.703757204164697,0.005363646582431925,0.00751806922497115,0.6741098926684749,0.5185662086769531,0.8504066947073521,0.4016858095341884,0.9672870938501168,0.6918480366186709,1,0.5981345272088108,1
16,2,1,2015-03-01,49,1,0.683550607,0.7555748416203576,0.13074062534774766,-0.06676506555441708,-0.510668090938325,0.7839565119714577,-0.03364083941704059,0.822172272275,0.700211111,0.7653418698856754,0.005363646582431925,0.00751806922497115,0.7503156725544171,0.5896546282524256,0.9214950549882895,0.47277424999430034,1.0383754332464148,0.4829940674910383,1,0.4061399860933768,1
16,2,1,2015-03-03,51,2,0.30277037,0.5199372942853189,0.149855785730993,-0.198817838274233,-1.3267278090358956,0.7465567492710423,-0.24496854099680931,0.822172272275,0.683550607,0.5540141683059067,0.005363646582431925,0.00751806922497115,0.501588208274233,0.32975842771824226,0.7101161608523955,0.19578935059458924,0.8440852379760485,0.9376360078180831,1,0.8893584793488893,1
16,2,1,2015-03-04,52,2,0.404144928,0.5005348086353102,0.1337269122623589,-0.03175062225966746,-0.23742881460820617,0.6142991139437368,-0.17840356368406934,0.822172272275,0.30277037,0.6205791456186467,0.005363646582431925,0.00751806922497115,0.4358955502596675,0.33082476054131466,0.6702448567293058,0.2112746815437393,0.7897949357268811,0.9689430863741544,1,0.9388681857003451,1
16,2,1,2015-03-05,53,2,0.600099145,0.5508420851530821,0.13129792540892418,0.1203371851353362,0.9165200802720148,0.5958966370500921,-0.11613467718542833,0.822172272275,0.404144928,0.6828480321172876,0.005363646582431925,0.00751806922497115,0.47976195986466375,0.3842146138474247,0.7174695564587394,0.26683601675502105,0.8348481535511432,0.9353464282187066,1,0.8859536456826264,1
16,2,1,2015-03-07,54,2,0.65024031,0.6174924681179217,0.13084770165718337,0.08007780918301644,0.611992478039986,0.6637542313000357,-0.09359173048305211,0.822172272275,0.600099145,0.7053909788196638,0.005363646582431925,0.00751806922497115,0.5701625008169836,0.45143636642865903,0.7835485698071843,0.33446026337561224,0.9005246728602312,0.8443947271017,1,0.7650194496339285,1
16,2,1,2015-03-08,55,2,0.700106061,0.6774442115398568,0.13076130776520678,0.05427164446500976,0.41504360420178105,0.7086690092888114,-0.06283459275382122,0.822172272275,0.65024031,0.7361481165488948,0.005363646582431925,0.00751806922497115,0.6458344165349902,0.511497750545308,0.8433906725344056,0.39459888248135927,0.9602895405983543,0.7105088927628683,1,0.6169696209617321,1
16,2,1,2015-03-09,56,2,0.700516224,0.6983454581345816,0.13074462084732488,0.0231374535646911,0.17696677243578168,0.7390778873047937,-0.061699116869484864,0.822172272275,0.700106061,0.7372835924332312,0.005363646582431925,0.00751806922497115,0.6773787704353089,0.5324201741610853,0.8642707421080779,0.4155362239795379,0.9811546922896253,0.6536079545881675,1,0.5605820346276437,1
16,2,1,2015-03-10,57,2,0.700051852,0.70885096612743,0.13074139372318494,0.007631041223859714,0.05836744589105958,0.752039408299031,-0.059618597522890726,0.822172272275,0.700516224,0.7393641117798253,0.005363646582431925,0.00751806922497115,0.6924208107761403,0.5429297776301826,0.8747721546246775,0.42604871245464726,0.9916532198002128,0.6235189765814348,1,0.5319195884014568,1
16,2,1,2015-03-11,58,2,0.750140741,0.7442767568715491,0.13074076946991092,0.02079798850800152,0.1590780641136431,0.7563141253611427,-0.026971372869144222,0.822172272275,0.700051852,0.7720113364335718,0.005363646582431925,0.00751806922497115,0.7293427524919985,0.5783563606011719,0.9101971531419264,0.4614758534997516,1.0270776602433467,0.5174583234884347,0,0.43594552944732357,1
17,3,1,2015-01-01,0,0,0.753683478,0.7886700403750007,0.16771120705779288,-0.03498656237500064,-0.20861195258671267,0.7812851077168167,0.007384932658183954,0.7833460858750001,0.7833460858750001,0.7886700403750007,0.0031397924217577908,0.0049872565510240855,0.7886700403750007,0.5758312292923076,1.0015088514576937,0.425899643246247,1.1514404375037544,0.40882242897720444,0,0.34373157821541617,0
17,3,1,2015-01-03,1,0,0.800322936,0.7941812003605939,0.11058935883812085,0.016215797340373705,0.14663072026767207,0.752502074285481,0.03160506437414529,0.7833460858750001,0.753683478,0.812890172090962,0.0031397924217577908,0.0049872565510240855,0.7841071386596263,0.6538345409665565,0.9345278597546314,0.5549691266552595,1.0333932740659282,0.34475990880769236,0,0.29129327339412114,0
17,3,1,2015-01-04,2,0,0.75024303,0.800871057953337,0.10526423608294116,-0.043915079542515945,-0.41718898247562264,0.7621052551144707,0.03205285442804526,0.7833460858750001,0.800322936,0.813337962144862,0.0031397924217577908,0.0049872565510240855,0.794158109542516,0.6672824012948667,0.9344597146118073,0.573177575823044,1.02856454008363,0.31445198345885833,0,0.26681898727078607,0
17,3,1,2015-01-05,3,0,0.75024303,0.7863094814384929,0.10425731540224913,-0.02090124404349758,-0.2004774817273559,0.737955943731116,0.03318833031238162,0.7833460858750001,0.75024303,0.8144734380291984,0.0031397924217577908,0.0049872565510240855,0.7711442740434976,0.6539986869115569,0.9186202759654288,0.5607940351211907,1.0118249277557951,0.36381948083199667,0,0.3067818548808171,0
17,3,1,2015-01-06,4,0,0.800273829,0.8127399043925556,0.10404815862741355,0.006658050701527585,0.06399008679595594,0.7266447474480079,0.06697103085046448,0.7833460858750001,0.75024303,0.8482561385672812,0.0031397924217577908,0.0049872565510240855,0.7936157782984724,0.6806945463863321,0.9447852623987791,0.5876768779677602,1.037802930817351,0.2732579738454438,0,0.23377671173870218,0
17,3,1,2015-01-07,5,0,0.800273829,0.8160190103849245,0.10400389549374048,0.0021221418083294807,0.02040444541288555,0.7302356128789482,0.06791607431272226,0.7833460858750001,0.800273829,0.849201182029539,0.0031397924217577908,0.0049872565510240855,0.7981516871916705,0.6840298258027139,0.9480081949671352,0.591051728036285,1.040986292733564,0.2627877808611636,0,0.22540461549267793,0
17,3,1,2015-01-08,6,0,0.800273829,0.815626936722722,0.10399449155899317,0.0021139219663059983,0.02032724940153998,0.7313793086053081,0.06678059842838588,0.7833460858750001,0.800273829,0.8480657061452026,0.0031397924217577908,0.0049872565510240855,0.798159907033694,0.6836496864788673,0.9476041869665768,0.5906799957048898,1.0405738777405542,0.264000103523385,0,0.2263736617524116,0
17,3,1,2015-01-10,7,0,0.750098351,0.7844009897786764,0.10399249198742733,-0.017234290411103026,-0.16572629505971112,0.7325183980951784,0.03481424331592468,0.7833460858750001,0.800273829,0.8160993510327413,0.0031397924217577908,0.0049872565510240855,0.767332641411103,0.6524262771495836,0.9163757024077693,0.5594583739659618,1.0093436055913911,0.3703967873477847,0,0.3121471149288172,0
17,3,1,2015-01-11,8,0,0.690182815,0.807305613461788,0.10399206674088415,-0.09680420545240798,-0.9308806766348237,0.723231984832874,0.063755035619534,0.7833460858750001,0.750098351,0.8450401433363507,0.0031397924217577908,0.0049872565510240855,0.786987020452408,0.6753314405042545,0.9392797864193214,0.5823639174853803,1.0322473094381956,0.29079711222271565,1,0.24782098066891067,0
17,3,1,2015-01-12,9,0,0.800273829,0.7745364490458326,0.10399197630081246,0.06431231774062751,0.6184353834626091,0.6710709997555021,0.06489051150387035,0.7833460858750001,0.690182815,0.8461756192206871,0.0031397924217577908,0.0049872565510240855,0.7359615112593725,0.6425623908639166,0.9065105072277486,0.5495949486972622,0.999477949394403,0.40673744238778553,0,0.3420063629519426,0
17,3,1,2015-01-13,10,0,0.705576584,0.7289157085883469,0.10399195706615469,0.00310714489564079,0.02987870392384455,0.7057243377625664,-0.003254898658207127,0.7833460858750001,0.800273829,0.7780302090586095,0.0031397924217577908,0.0049872565510240855,0.7024694391043592,0.5969416748167358,0.860889742359958,0.5039742498456092,0.9538571673310845,0.5803344871163105,1,0.4919728769054945,1
17,3,1,2015-01-15,12,0,0.660683293,0.6008919554809589,0.11812755269362504,0.08565163033169665,0.7250774978284892,0.7073985568235149,-0.13236689415521163,0.7833460858750001,0.705576584,0.6489182135616051,0.0031397924217577908,0.0049872565510240855,0.5750316626683033,0.45097873076273587,0.7508051801991819,0.3453742715151698,0.856409639446748,0.8965729254215955,1,0.8314348211019084,1
17,3,1,2015-01-17,13,0,0.600291767,0.6979914104461516,0.10645111810011565,-0.09110314167208577,-0.8558213694515135,0.7624379597909141,-0.07104305111882837,0.7833460858750001,0.660683293,0.7102420565979883,0.0031397924217577908,0.0049872565510240855,0.6913949086720858,0.5628965064601321,0.8330863144321712,0.4677306242682108,0.9282521966240924,0.6874261460779572,1,0.5937224726303537,1
17,3,1,2015-01-18,14,0,0.650416734,0.6955935195728571,0.10449576044610615,-0.020727576089739075,-0.19835805779344853,0.7114302234793365,-0.04028591338959741,0.7833460858750001,0.600291767,0.7409991943272193,0.0031397924217577908,0.0049872565510240855,0.6711443100897391,0.5629801193910373,0.8282069197546769,0.4695623009063428,0.9216247382393714,0.698697237195758,1,0.6050065643858507,1
17,3,1,2015-01-19,15,0,0.750062751,0.721111809399956,0.10409827333658273,0.05734134883247621,0.5508386161898522,0.7001696584812962,-0.00744825631377239,0.7833460858750001,0.650416734,0.7738368514030443,0.0031397924217577908,0.0049872565510240855,0.6927214021675238,0.58900285185674,0.8532207669431721,0.49594038155544495,0.9462832372444671,0.6093052887619648,0,0.5186248224985138,1
17,3,1,2015-01-20,16,0,0.750037968,0.7441987308320998,0.10401452712622776,0.023396739767616914,0.22493723150059214,0.731120814574769,-0.004479586342385919,0.7833460858750001,0.750062751,0.7768055213744308,0.0031397924217577908,0.0049872565510240855,0.7266412282323831,0.6121960538658191,0.8762014077983804,0.5192084515615062,0.9691890101026933,0.5222389342043836,0,0.4401268747518389,1
17,3,1,2015-01-21,17,0,0.750068049,0.7533412613739272,0.10399675147819615,0.0098702587214059,0.09490929842626179,0.7437323331587222,-0.003534542880128142,0.7833460858750001,0.750037968,0.7777505648366886,0.0031397924217577908,0.0049872565510240855,0.7401977902785941,0.6213611431135294,0.885321379634325,0.5283894320018752,0.9782930907459793,0.48718478102531654,0,0.4097338736163711,1
17,3,1,2015-01-22,18,0,0.750068049,0.7556630048719706,0.1039929725701774,0.005686935555927253,0.05468576784926066,0.7490511322085373,-0.004670018764464507,0.7833460858750001,0.750068049,0.7766150889523522,0.0031397924217577908,0.0049872565510240855,0.7443811134440728,0.6236876823452868,0.8876383273986543,0.5307193495270854,0.9806066602168557,0.4782860713216618,0,0.402111998567637,1
17,3,1,2015-01-24,19,0,0.80035194,0.7872764849276529,0.10399216894825286,0.02328482900212836,0.22390944662107234,0.7521154679174415,0.02495164308043009,0.7833460858750001,0.750068049,0.8062367507972468,0.0031397924217577908,0.0049872565510240855,0.7770671109978716,0.6553021822608698,0.919250787594436,0.5623345678699687,1.012218401985337,0.36000151982871964,0,0.30367240414247076,0
17,3,1,2015-01-25,20,0,0.800513307,0.7953671119042316,0.10399199803805648,0.010964266194031458,0.10543374875842872,0.7646620474360651,0.024886993369903444,0.7833460858750001,0.80035194,0.8061721010867201,0.0031397924217577908,0.0049872565510240855,0.7895490408059685,0.6633930261360306,0.9273411976724326,0.5704255645365695,1.0203086592718937,0.33132557479317437,0,0.2804234688620453,0
17,3,1,2015-01-26,21,0,0.80035194,0.799462306967232,0.1039919616892038,0.004639951014664412,0.044618362220453435,0.7705699134828269,0.025142075502508694,0.7833460858750001,0.800513307,0.8064271832193254,0.0031397924217577908,0.0049872565510240855,0.7957119889853356,0.6674882673286052,0.9314363466058587,0.5745208382245344,1.0244037757099296,0.31716690871248054,0,0.26900463360784044,0
17,3,1,2015-01-27,22,0,1.000230409,0.8031679168499102,0.10399195395857481,0.1999377613817871,1.922627220385072,0.7730700527691101,0.02722259484910282,0.7833460858750001,0.80035194,0.8085077025659195,0.0031397924217577908,0.0049872565510240855,0.800292647618213,0.6711938870220642,0.9351419466777562,0.5782264648290727,1.0281093688707477,0.3045811708351356,0,0.2588820816430365,0
17,3,1,2015-01-28,23,0,1.000230409,0.9058410795911366,0.10399195231443308,0.05955832428576391,0.5727205130804895,0.8808022652113868,0.05986981950284932,0.7833460858750001,1.000230409,0.841154927219666,0.0031397924217577908,0.0049872565510240855,0.9406720847142361,0.7738670518498367,1.0378151073324364,0.6808996311266862,1.130782528055587,0.06699028914008358,0,0.0656484414950665,0
17,3,1,2015-01-29,24,0,0.950185965,0.9255652321598467,0.10399195196475876,-0.021442379911509768,-0.2061926861299445,0.9128940012929968,0.05873434361851296,0.7833460858750001,1.000230409,0.8400194513353296,0.0031397924217577908,0.0049872565510240855,0.9716283449115097,0.7935912048623112,1.057539259457382,0.7006237844517648,1.1505066798679284,0.04568086859896739,0,0.046747092097281444,0
17,3,1,2015-01-31,25,0,1.000457471,0.9177279271253231,0.1039919518903904,0.0407102506978696,0.3914750128046353,0.9013402310791231,0.05840698922300735,0.7833460858750001,0.950185965,0.839692096939824,0.0031397924217577908,0.0049872565510240855,0.9597472203021304,0.785753899922167,1.0497019543284793,0.6927864795781049,1.1426693746725414,0.05338384065845434,0,0.053669956138354936,0
17,3,1,2015-02-01,26,0,0.950185965,0.9292880227869214,0.10399195187457382,-0.028798899311775594,-0.2769339241416524,0.9232760835021145,0.05570878080966106,0.7833460858750001,1.000457471,0.8369938885264777,0.0031397924217577908,0.0049872565510240855,0.9789848643117756,0.7973139956038378,1.061262049970005,0.7043465752739155,1.1542294702999272,0.042348802688744996,0,0.043713865916633295,0
17,3,1,2015-02-02,27,0,0.90014152,0.9203370104707419,0.10399195187120996,-0.06446114604147224,-0.619866680849542,0.9077584093474749,0.056844256693997425,0.7833460858750001,0.950185965,0.8381293644108141,0.0031397924217577908,0.0049872565510240855,0.9646026660414723,0.7883629832919272,1.0523110376495566,0.6953955629650123,1.1452784579764717,0.050712659005623946,0,0.05128241090794437,0
17,3,1,2015-02-03,28,0,0.950185965,0.8998407437442247,0.10399195187049455,0.01823629664748949,0.1753625768097891,0.8730248923119189,0.05892477604059155,0.7833460858750001,0.90014152,0.8402098837574082,0.0031397924217577908,0.0049872565510240855,0.9319496683525105,0.767866716566318,1.0318147709221315,0.6748992962400426,1.1247821912484068,0.07480817941606369,0,0.07241426850680939,0
17,3,1,2015-02-04,29,0,1.000230409,0.907172843494722,0.10399195187034238,0.0575094567417862,0.5530183413951999,0.8828511327553645,0.05986981950284932,0.7833460858750001,0.950185965,0.841154927219666,0.0031397924217577908,0.0049872565510240855,0.9427209522582138,0.7751988163170085,1.0391468706724356,0.682231395990869,1.132114290998575,0.06534401013508487,0,0.06421374060672921,0
17,3,1,2015-02-05,30,0,0.950185965,0.9261794032668148,0.10399195187031002,-0.022387258537614585,-0.21527876085578318,0.9138388799191016,0.05873434361851296,0.7833460858750001,1.000230409,0.8400194513353296,0.0031397924217577908,0.0049872565510240855,0.9725732235376146,0.7942053760891423,1.0581534304444873,0.7012379557630318,1.151120850770598,0.04511707812127105,0,0.046235626276089785,0
17,3,1,2015-02-07,31,0,0.950185965,0.9162580002593175,0.10399195187030315,-0.008243841251169393,-0.07927383901257051,0.9017759819792506,0.05665382427191882,0.7833460858750001,0.950185965,0.8379389319887355,0.0031397924217577908,0.0049872565510240855,0.9584298062511694,0.7842839730816537,1.0482320274369812,0.6913165527555494,1.1411994477630856,0.05493715461753639,0,0.05505240195411239,0
17,3,1,2015-02-08,32,0,0.900129762,0.9106414487741331,0.10399195187030168,-0.05112878630573059,-0.49166099285739145,0.8973339635213812,0.05392458478434946,0.7833460858750001,0.950185965,0.8352096925011662,0.0031397924217577908,0.0049872565510240855,0.9512585483057306,0.7786674215964712,1.042615475951795,0.6857000012703681,1.135582896277898,0.061203511122568506,0,0.060588593866734174,0
17,3,1,2015-02-09,33,0,0.800161172,0.8956538425562344,0.10399195187030137,-0.1264673895576145,-1.2161267029139375,0.8697843048636171,0.056844256693997425,0.7833460858750001,0.900129762,0.8381293644108141,0.0031397924217577908,0.0049872565510240855,0.9266285615576145,0.7636798153785729,1.0276278697338959,0.67071239505247,1.1205952900599987,0.0806629551173278,0,0.07743473352001977,0
17,3,1,2015-02-10,34,0,0.90047076,0.853440591553362,0.1039919518703013,0.03990594117189372,0.38374066890930547,0.8016400427875148,0.05892477604059155,0.7833460858750001,0.800161172,0.8402098837574082,0.0031397924217577908,0.0049872565510240855,0.8605648188281063,0.7214665643757006,0.9854146187310235,0.628499144049598,1.0783820390571262,0.15994157201753179,0,0.14299412469991082,0
17,3,1,2015-02-11,35,0,0.536901754,0.8058325296037607,0.10399195187030129,-0.2835808664477083,-2.726950127846338,0.823142510128095,-0.002659889680386787,0.7833460858750001,0.90047076,0.7786252180364299,0.0031397924217577908,0.0049872565510240855,0.8204826204477083,0.6738585024260992,0.9378065567814222,0.5808910820999966,1.0307739771075248,0.2956708343837849,1,0.25172921766733425,0
17,3,1,2015-02-12,36,0,0.350301724,0.4212963245753859,0.10399195187030129,-0.04642099594502447,-0.446390274537021,0.7110748087729268,-0.3143520888279024,0.7833460858750001,0.536901754,0.4669330188889143,0.0031397924217577908,0.0049872565510240855,0.39672271994502445,0.2893222973977244,0.5532703517530474,0.19635487707162178,0.64623777207915,0.9992134711202441,1,0.9975739919078676,1
17,3,1,2015-02-14,37,0,0.500801724,0.4980639209114913,0.10399195187030129,0.03606594581443673,0.34681477908423297,0.6860618427855937,-0.2213260646000304,0.7833460858750001,0.350301724,0.5599590431167862,0.0031397924217577908,0.0049872565510240855,0.4647357781855633,0.36608989373382983,0.6300379480891528,0.2731224734077272,0.7230053684152554,0.9922961136160152,1,0.9818215367108473,1
17,3,1,2015-02-15,38,0,0.475718391,0.5731549287358013,0.10399195187030129,-0.07091007365026814,-0.6818803991553802,0.7054952103295788,-0.15886674567931075,0.7833460858750001,0.500801724,0.6224183620375059,0.0031397924217577908,0.0049872565510240855,0.5466284646502682,0.4411809015581398,0.7051289559134628,0.3482134812320372,0.7980963762395654,0.955487647316481,1,0.9168280070990515,1
17,3,1,2015-02-16,39,0,0.802243319,0.5811571359085679,0.10399195187030129,0.26098558174015074,2.509670960553292,0.6672868258633349,-0.12602908860348563,0.7833460858750001,0.475718391,0.6552560191133311,0.0031397924217577908,0.0049872565510240855,0.5412577372598493,0.4491831087309064,0.7131311630862294,0.3562156884048038,0.806098583412332,0.947770969342679,0,0.9047392712369564,1
17,3,1,2015-02-17,40,0,0.700603448,0.68778384232751,0.10399195187030129,0.013495308846899756,0.12977262763306047,0.7793545272185031,-0.09224638806540286,0.7833460858750001,0.802243319,0.6890387196514138,0.0031397924217577908,0.0049872565510240855,0.6871081391531002,0.5558098151498485,0.8197578695051715,0.4628423948237459,0.9127252898312741,0.725172967909885,1,0.6320278670245686,1
17,3,1,2015-02-18,41,1,0.700603448,0.6934554648150063,0.10399195187030129,0.00527860534581337,0.05075974871975519,0.7866261872573317,-0.09130134460314508,0.7833460858750001,0.700603448,0.6899837631136716,0.0031397924217577908,0.0049872565510240855,0.6953248426541866,0.5614814376373448,0.8254294919926678,0.4685140173112422,0.9183969123187704,0.7066896374905757,1,0.6130855941786624,1
17,3,1,2015-02-19,42,1,0.700603448,0.6941687606477963,0.10399195187030129,0.003569817049955293,0.0343278204298691,0.7894704514375261,-0.09243682048748145,0.7833460858750001,0.700603448,0.6888482872293352,0.0031397924217577908,0.0049872565510240855,0.6970336309500447,0.5621947334701348,0.8261427878254578,0.4692273131440322,0.9191102081515604,0.7043248802036237,1,0.6106883658369876,1
17,3,1,2015-02-22,43,1,0.626577778,0.6298637766323436,0.10399195187030129,-0.006824100922010801,-0.06562143319053974,0.7913939714015803,-0.15799209247956947,0.7833460858750001,0.700603448,0.6232930152372472,0.0031397924217577908,0.0049872565510240855,0.6334018789220108,0.4978897494546821,0.7618378038100051,0.4049223291285795,0.8548052241361077,0.8760050247116526,1,0.8044572848546483,1
17,3,1,2015-02-23,44,1,0.700362069,0.6307982522793575,0.10399195187030129,0.06731267198700197,0.6472873215319037,0.7877169498129325,-0.15466755279993447,0.7833460858750001,0.626577778,0.6266175549168822,0.0031397924217577908,0.0049872565510240855,0.633049397012998,0.498824225101696,0.762772279457019,0.4058568047755934,0.8557396997831216,0.8741560725115434,1,0.8020867419190832,1
17,3,1,2015-02-24,45,1,0.750176991,0.6915738806067985,0.10399195187030129,0.04365746526748682,0.41981580768804483,0.8239869509331446,-0.11746742520063135,0.7833460858750001,0.700362069,0.6638176825161853,0.0031397924217577908,0.0049872565510240855,0.7065195257325132,0.559599853429137,0.82354790778446,0.46663243310303437,0.9165153281105626,0.7128851268029841,0,0.6193939262612533,1
17,3,1,2015-02-25,46,1,0.750206897,0.7043920295898888,0.10399195187030129,0.022635858586368074,0.21766933093629692,0.8475108472132258,-0.11993980879959386,0.7833460858750001,0.750176991,0.6613452989172228,0.0031397924217577908,0.0049872565510240855,0.7275710384136319,0.5724180024122273,0.8363660567675503,0.4794505820861247,0.9293334770936529,0.6695141975513604,0,0.5760404570929744,1
17,3,1,2015-02-26,47,1,0.750473684,0.7094313417658671,0.10399195187030129,0.013594435635018831,0.13072584359195225,0.8597076979999999,-0.12282844963501874,0.7833460858750001,0.750206897,0.658456658081798,0.0031397924217577908,0.0049872565510240855,0.7368792483649812,0.5774573145882056,0.8414053689435286,0.484489894262103,0.9343727892696312,0.6517736680772399,0,0.5588134863563631,1
17,3,1,2015-02-28,48,1,0.750716981,0.7121121194789691,0.10399195187030129,0.00859317958208028,0.08263312138614043,0.8670327703995325,-0.12490896898161287,0.7833460858750001,0.750473684,0.6563761387352038,0.0031397924217577908,0.0049872565510240855,0.7421238014179197,0.5801380923013076,0.8440861466566306,0.487170671975205,0.9370535669827332,0.6421959686143961,0,0.5496248190001155,1
17,3,1,2015-03-01,49,1,0.750473684,0.8392361581732863,0.10399195187030129,-0.12039474430690766,-1.1577313642219538,0.8716630223843062,-0.0007945940773984115,0.7833460858750001,0.750716981,0.7804905136394182,0.0031397924217577908,0.0049872565510240855,0.8708684283069077,0.7072621309956248,0.9712101853509478,0.6142947106695222,1.0641776056770504,0.19541686023289712,0,0.17154634637051328,0
17,3,1,2015-03-02,50,2,0.800149813,0.8299069200971918,0.10399195187030129,-0.03868412599516424,-0.37199153683941877,0.8067908759967375,0.032043062998426686,0.7833460858750001,0.750473684,0.8133281707152433,0.0031397924217577908,0.0049872565510240855,0.8388339389951642,0.6979328929195303,0.9618809472748533,0.6049654725934277,1.054848367600956,0.22112620577512604,0,0.19212092682724094,0
17,3,1,2015-03-03,51,2,0.800333333,0.8184387625952056,0.10399195187030129,-0.019737007113173277,-0.18979360189132005,0.7859467577681525,0.03412358234502081,0.7833460858750001,0.800149813,0.8154086900618375,0.0031397924217577908,0.0049872565510240855,0.8200703401131733,0.6864647354175442,0.9504127897728671,0.5934973150914415,1.0433802100989698,0.25523181254428573,0,0.21936646832649617,0
17,3,1,2015-03-04,52,2,0.800333333,0.8124711429313031,0.10399195187030129,-0.010047184227491956,-0.096615017285403,0.7753118914202134,0.03506862580727858,0.7833460858750001,0.800333333,0.8163537335240952,0.0031397924217577908,0.0049872565510240855,0.8103805172274919,0.6804971157536416,0.9444451701089646,0.587529695427539,1.0374125904350673,0.27400973231798775,0,0.23437811544475212,0
17,3,1,2015-03-05,53,2,0.800534979,0.8078167546033082,0.10399195187030129,-0.0032963508913730344,-0.03169813463530564,0.7698981799684309,0.03393314992294222,0.7833460858750001,0.800333333,0.8152182576397589,0.0031397924217577908,0.0049872565510240855,0.8038313298913731,0.6758427274256467,0.9397907817809696,0.582875307099544,1.0327582021070723,0.28911453417128286,0,0.24647235315447386,0
17,3,1,2015-03-07,54,2,0.800578947,0.7420520165205846,0.10399195187030129,0.06313401418136977,0.607104809996359,0.7681220114255183,-0.03067707860688803,0.7833460858750001,0.800534979,0.7506080291099286,0.0031397924217577908,0.0049872565510240855,0.7374449328186302,0.6100779893429231,0.8740260436982461,0.5171105690168205,0.9669934640243487,0.5304610341989093,0,0.44734670570977597,1
17,3,1,2015-03-08,55,2,0.800511068,0.7610298824378647,0.10399195187030129,0.03218182216994714,0.3094645459687524,0.8021404316944973,-0.03381118586444441,0.7833460858750001,0.800578947,0.7474739218523723,0.0031397924217577908,0.0049872565510240855,0.7683292458300529,0.6290558552602032,0.8930039096155262,0.5360884349341006,0.9859713299416288,0.457765481522473,0,0.3846683038774137,0
17,3,1,2015-03-09,56,2,0.800842424,0.7751898418765222,0.10399195187030129,0.01228404717570275,0.11812497943132569,0.8194809218533168,-0.03092254502901952,0.7833460858750001,0.800511068,0.7503625626877972,0.0031397924217577908,0.0049872565510240855,0.7885583768242973,0.6432158146988607,0.9071638690541837,0.5502483943727581,1.0001312893802863,0.4043014544103494,0,0.33999248059230713,0
17,3,1,2015-03-10,57,2,0.800071839,0.7815727095713022,0.10399195187030129,0.0028139453703610595,0.027059261026955345,0.8260999193120644,-0.028842025682425394,0.7833460858750001,0.800842424,0.7524430820343913,0.0031397924217577908,0.0049872565510240855,0.797257893629639,0.6495986823936407,0.9135467367489637,0.5566312620675381,1.0065141570750664,0.38071356724390837,0,0.3205855173563146,0
17,3,1,2015-03-11,58,2,0.800071839,0.7835033055182496,0.10399195187030129,0.0003526673162731475,0.0033912943254781297,0.8276161539038945,-0.02789698222016762,0.7833460858750001,0.800071839,0.753388125496649,0.0031397924217577908,0.0049872565510240855,0.7997191716837269,0.6515292783405882,0.9154773326959111,0.5585618580144855,1.0084447530220138,0.37366115977127884,0,0.31481407021238317,0
18,4,1,2015-01-01,0,0,0.52118,0.7131159166826581,0.1670010444113262,-0.19193591668265808,-1.1493096786264216,0.7490294676279031,-0.035913550945245114,0.7208145462926829,0.7208145462926829,0.7131159166826581,0.003039749505732846,0.004849599328740902,0.7131159166826581,0.5011783582711549,0.9250534750941612,0.35188164817526685,1.0743501851900492,0.5873998205355058,1,0.49841987588312175,1
18,4,1,2015-01-03,1,0,0.700134038,0.6396731056332963,0.10906725066186714,0.11595718700207236,1.063171449710102,0.5904687400982782,-0.006291889100350594,0.7208145462926829,0.52118,0.7427375785275525,0.003039749505732846,0.004849599328740902,0.5841768509979276,0.501258122125781,0.7780880891408115,0.40375345225728554,0.875592759009307,0.8441231864438892,1,0.7646900371028272,1
18,4,1,2015-01-04,2,0,0.800598058,0.7231024800930985,0.1037394519112908,0.10895242937338667,1.0502506748016518,0.659152749152231,0.03249287947438234,0.7208145462926829,0.700134038,0.7815223471022854,0.003039749505732846,0.004849599328740902,0.6916456286266133,0.591448895371353,0.854756064814844,0.49870720664658547,0.9474977535396116,0.6022902271870414,0,0.5121177510431575,1
18,4,1,2015-01-05,3,0,0.800076522,0.7667126622942542,0.10273063801660154,0.04387130784510296,0.4270518385957385,0.7190081872297399,0.03719702692515715,0.7208145462926829,0.800598058,0.7862264945530603,0.003039749505732846,0.004849599328740902,0.756205214154897,0.6363393423426225,0.8970859822458859,0.544499519807417,0.9889258047810914,0.4353835031632729,0,0.3658383116404351,0
18,4,1,2015-01-06,4,0,0.800594466,0.7842056541885928,0.10252049910467809,0.01859723627120946,0.18140017297634142,0.7427196834570392,0.03927754627175128,0.7208145462926829,0.800076522,0.7883070138996544,0.003039749505732846,0.004849599328740902,0.7819972297287905,0.6540990171674619,0.9143122912097237,0.5624470560215303,1.0059642523556553,0.3693229840508694,0,0.311270436271156,0
18,4,1,2015-01-07,5,0,0.800594466,0.7916613161869892,0.10247588869967769,0.007635856599507607,0.07451368996550721,0.7527360196664833,0.04022258973400905,0.7208145462926829,0.800594466,0.7892520573619122,0.003039749505732846,0.004849599328740902,0.7929586094004923,0.6616112933047031,0.9217113390692753,0.5699992132668573,1.0133234191071212,0.34217018224007995,0,0.28919503482868764,0
18,4,1,2015-01-08,6,0,0.850181818,0.7949350976339282,0.10246638051208685,0.052511085124673174,0.5124713575539931,0.7568455683176133,0.040825164557713595,0.7208145462926829,0.800594466,0.7898546321856167,0.003039749505732846,0.004849599328740902,0.7976707328753269,0.6648971413951175,0.924973053872739,0.573293561550377,1.0165766337174795,0.3304992398770473,0,0.2797560408216482,0
18,4,1,2015-01-10,7,0,0.801028213,0.8103560161470804,0.10246435223292345,-0.02195320927917177,-0.2142521647847577,0.7851020565767358,0.03787936570243596,0.7208145462926829,0.850181818,0.7869088333303391,0.003039749505732846,0.004849599328740902,0.8229814222791718,0.6803206339552476,0.9403913983389133,0.5887188673650727,1.031993164929088,0.27791586500450577,0,0.2375037277554593,0
18,4,1,2015-01-11,8,0,0.473134796,0.7471682341483448,0.10246391948372356,-0.28252438711983335,-2.7573060697205953,0.7732893218321563,-0.017630138712322857,0.7208145462926829,0.801028213,0.7313993289155802,0.003039749505732846,0.004849599328740902,0.7556591831198334,0.6171334011495373,0.8772030671471522,0.5255320214313852,0.9688044468653043,0.511024049623005,1,0.43033652005192063,1
18,4,1,2015-01-12,9,0,0.35063299,0.45491715260617016,0.10246382714973905,-0.0741812451026756,-0.7239749594192717,0.6630211319036328,-0.2382068968009572,0.7208145462926829,0.473134796,0.5108225708269459,0.003039749505732846,0.004849599328740902,0.4248142351026756,0.3248824367865056,0.5849518684258348,0.23328113961370617,0.6765531655986341,0.9980108253908311,1,0.9944869881705175,1
18,4,1,2015-01-13,10,0,0.500380799,0.5354994932135706,0.1024638074486399,0.008954685543523966,0.0873936443169215,0.6231055254647757,-0.1316794120082997,0.7208145462926829,0.35063299,0.6173500556196034,0.003039749505732846,0.004849599328740902,0.491426113456476,0.4054648023961619,0.6655341840309793,0.3138635228358828,0.7571354635912584,0.981844475358834,1,0.9615614028713056,1
18,4,1,2015-01-14,11,0,0.600369686,0.6038689805448667,0.10246380324505232,0.03888766090231399,0.37952583908397686,0.6279238806359582,-0.06644185553827216,0.7208145462926829,0.500380799,0.6825876120896309,0.003039749505732846,0.004849599328740902,0.561482025097686,0.47383429506214375,0.7339036660275897,0.382233019259816,0.8255049418299174,0.9230906673572813,1,0.8681171415722501,1
18,4,1,2015-01-15,12,0,0.650130952,0.6457555270559453,0.10246380234814019,0.039438718185197175,0.3849039102725922,0.6488486297960676,-0.03815639598126477,0.7208145462926829,0.600369686,0.7108730716466384,0.003039749505732846,0.004849599328740902,0.6106922338148029,0.5157208427114749,0.7757902114004157,0.42411956771097464,0.867391486400916,0.8455133049798602,1,0.76637799652714,1
18,4,1,2015-01-17,13,0,0.7005417,0.690067055140309,0.10246380215676758,0.03811049611062978,0.37194106902573726,0.6700698926252212,-0.007638688735850992,0.7208145462926829,0.650130952,0.7413907788920522,0.003039749505732846,0.004849599328740902,0.6624312038893703,0.5600323710387056,0.8201017392419123,0.4684310962092899,0.911703014071328,0.7206986468665048,1,0.6274083413640793,1
18,4,1,2015-01-18,14,0,0.7005417,0.7024512824540248,0.10246380211593475,0.018548969148312833,0.18102948324448495,0.6905764630497959,-0.008583732198108752,0.7208145462926829,0.7005417,0.7404457354297944,0.003039749505732846,0.004849599328740902,0.6819927308516872,0.5724165984042415,0.832485966503808,0.4808153236113298,0.9240872412967198,0.6786954024301118,1,0.5850663480340901,1
18,4,1,2015-01-19,15,0,0.750068049,0.7109624716415861,0.10246380210722232,0.05607082598005697,0.5472257014372955,0.7005573287089231,-0.006560105688980043,0.7208145462926829,0.7005417,0.7424693619389231,0.003039749505732846,0.004849599328740902,0.693997223019943,0.5809277876028596,0.8409971556803126,0.4893265128177367,0.9325984304654356,0.6483941021576223,0,0.5555624756171911,1
18,4,1,2015-01-20,16,0,0.750068049,0.732653945915942,0.10246380210536336,0.023819606744598598,0.23246850356094473,0.7307280285977873,-0.004479586342385919,0.7208145462926829,0.750068049,0.7445498812855172,0.003039749505732846,0.004849599328740902,0.7262484422554014,0.6026192618795747,0.8626886299523093,0.5110179870961137,0.9542899047357704,0.5672155644086676,0,0.48008800515520267,1
18,4,1,2015-01-21,17,0,0.900556277,0.7718479599737145,0.10246380210496672,0.1306279054556443,1.2748688099805772,0.7435449292583067,0.02638344228604899,0.7208145462926829,0.750068049,0.7754129099139521,0.003039749505732846,0.004849599328740902,0.7699283715443557,0.6418132759378505,0.9018826440095784,0.550212001154744,0.9934839187926849,0.4155752940980818,0,0.3493289853007428,0
18,4,1,2015-01-22,18,0,0.849983766,0.8164000216158075,0.10246380210488208,0.010902351068550864,0.1064019765476905,0.8138334485297365,0.025247966401712625,0.7208145462926829,0.900556277,0.7742774340296158,0.003039749505732846,0.004849599328740902,0.8390814149314492,0.6863653375800509,0.9464347056515641,0.5947640627970202,1.0380359804345949,0.2584814986143649,0,0.22196306543998034,0
18,4,1,2015-01-24,19,0,0.900321106,0.8199168312681616,0.10246380210486403,0.05566965596885387,0.5433104650155394,0.8196998069507161,0.02495164308043009,0.7208145462926829,0.849983766,0.7739811107083332,0.003039749505732846,0.004849599328740902,0.8446514500311462,0.6898821472324279,0.9499515153038953,0.5982808724494133,1.04155279008691,0.24750680857717977,0,0.2131952750161112,0
18,4,1,2015-01-25,20,0,0.900321106,0.8384424322082952,0.10246380210486017,0.02665986188897107,0.2601880990292328,0.8496546444928567,0.02400659961817233,0.7208145462926829,0.900321106,0.7730360672460754,0.003039749505732846,0.004849599328740902,0.873661244111029,0.7084077481725664,0.968477116244024,0.6168064733895553,1.060078391027035,0.1940253502179629,0,0.1704307078306196,0
18,4,1,2015-01-26,21,0,0.850312684,0.8797163126225407,0.10246380210485935,-0.06964325727469656,-0.6796864438372595,0.8639998352054915,0.05595610606920508,0.7208145462926829,0.900321106,0.8049855736971082,0.003039749505732846,0.004849599328740902,0.9199559412746966,0.749681628586813,1.0097509966582683,0.6580803538038025,1.101352271441279,0.10276153925239467,0,0.09609387160763738,0
18,4,1,2015-01-27,22,0,0.850312684,0.8574388747692839,0.10246380210485918,-0.03424999631382786,-0.3342643510220045,0.8265260548980287,0.0580366254157992,0.7208145462926829,0.850312684,0.8070660930437024,0.003039749505732846,0.004849599328740902,0.8845626803138279,0.7274041907335564,0.9874735588050114,0.6358029159505462,1.0790748335880218,0.14719161671140452,0,0.1326558634071317,0
18,4,1,2015-01-28,23,0,0.800489676,0.8464048699079306,0.10246380210485914,-0.06658874266283787,-0.6498757736385037,0.8080967497847809,0.058981668878056975,0.7208145462926829,0.850312684,0.8080111365059601,0.003039749505732846,0.004849599328740902,0.8670784186628379,0.7163701858722031,0.9764395539436581,0.624768911089193,1.0680408287266683,0.17338636074702463,0,0.15384616417753683,0
18,4,1,2015-01-29,24,0,0.9008,0.8237483076843155,0.10246380210485913,0.06891871394620919,0.6726152312372651,0.7722665486835468,0.05961473737024407,0.7208145462926829,0.800489676,0.8086442049981472,0.003039749505732846,0.004849599328740902,0.8318812860537909,0.6937136236485881,0.9537829917200429,0.6021123488655779,1.0453842665030533,0.23583950923241048,0,0.20387617762270213,0
18,4,1,2015-01-31,25,0,0.900537069,0.8457723341367367,0.10246380210485913,0.033652385678933694,0.32843194364869077,0.8093504652974164,0.057534218023649934,0.7208145462926829,0.9008,0.806563685651553,0.003039749505732846,0.004849599328740902,0.8668846833210663,0.7157376501010093,0.9758070181724641,0.624136375317999,1.0674082929554745,0.17497292670445025,0,0.1551239323710383,0
18,4,1,2015-02-01,26,0,0.85011396,0.8583353734303771,0.10246380210485913,-0.03567147217893751,-0.3481373074798858,0.8274582069095043,0.05832722526943308,0.7208145462926829,0.900537069,0.8073566928973362,0.003039749505732846,0.004849599328740902,0.8857854321789375,0.7283006893946498,0.9883700574661045,0.6366994146116395,1.079971332249115,0.14518646619389053,0,0.13102510899903938,0
18,4,1,2015-02-02,27,0,0.800393224,0.843488040069702,0.10246380210485913,-0.06382691334725243,-0.6229215785095835,0.8082640312780474,0.05595610606920508,0.7208145462926829,0.85011396,0.8049855736971082,0.003039749505732846,0.004849599328740902,0.8642201373472524,0.7134533560339746,0.9735227241054294,0.6218520812509644,1.0651239988884398,0.18077892264688217,0,0.15979542900550645,0
18,4,1,2015-02-03,28,0,0.800434622,0.8232448875441043,0.10246380210485913,-0.03152192412124377,-0.3076396100252551,0.7739199207054446,0.0580366254157992,0.7208145462926829,0.800393224,0.8070660930437024,0.003039749505732846,0.004849599328740902,0.8319565461212438,0.6932102035083769,0.9532795715798317,0.6016089287253666,1.044880846362842,0.2373549732154927,0,0.2050866511949216,0
18,4,1,2015-02-04,29,0,0.350706422,0.4990550194579094,0.10246380210485913,-0.15112377349582662,-1.4748991389287895,0.7569585420219525,-0.25512834652612576,0.7208145462926829,0.800434622,0.49390112110177736,0.003039749505732846,0.004849599328740902,0.5018301954958266,0.369020335422182,0.6290897034936369,0.27741906063917177,0.7206909782766471,0.992839487240078,1,0.9829520011934672,1
18,4,1,2015-02-05,30,0,0.500720126,0.4729941550746194,0.10246380210485913,0.05341173652188408,0.5212742004949584,0.6756415659236078,-0.22833317644549184,0.7208145462926829,0.350706422,0.5206962911824113,0.003039749505732846,0.004849599328740902,0.44730838947811596,0.34295947103889196,0.6030288391103469,0.25135819625588174,0.694630113893357,0.9965688193950998,1,0.9910783780337705,1
18,4,1,2015-02-07,31,0,0.600224189,0.56033339403678,0.10246380210485913,0.05551759842174864,0.5418264526718732,0.7043814577463928,-0.1596748671681415,0.7208145462926829,0.500720126,0.5893546004597616,0.003039749505732846,0.004849599328740902,0.5447065905782513,0.4302987100010525,0.6903680780725074,0.3386974352180423,0.7819693528555176,0.9679195113371074,1,0.9371414073648245,1
18,4,1,2015-02-08,32,0,0.568259587,0.6096198429187679,0.10246380210485913,-0.0361890088019966,-0.3531882289997554,0.7342544758656995,-0.1298058800637029,0.7208145462926829,0.600224189,0.6192235875642003,0.003039749505732846,0.004849599328740902,0.6044485958019966,0.4795851588830405,0.7396545269544954,0.38798388410003026,0.8312558017375056,0.9146637817195968,1,0.8561984194580409,1
18,4,1,2015-02-09,33,0,0.790003236,0.6306884263309354,0.10246380210485913,0.17130148524884747,1.6718244075458124,0.7147818231142381,-0.09608007236308552,0.7208145462926829,0.568259587,0.6529493952648175,0.003039749505732846,0.004849599328740902,0.6187017507511525,0.500653742295208,0.7607231103666627,0.4090524675121977,0.852324385149673,0.8778744074885387,0,0.806862733923002,1
18,4,1,2015-02-10,34,0,0.700618234,0.6944353658272416,0.10246380210485913,-0.014091439815948514,-0.1375260289631616,0.8069560618813514,-0.09224638806540286,0.7208145462926829,0.790003236,0.6567830795625003,0.003039749505732846,0.004849599328740902,0.7147096738159485,0.5644006817915141,0.8244700498629691,0.472799407008504,0.9160713246459793,0.7061890785830411,1,0.612577677666119,1
18,4,1,2015-02-11,35,0,0.700588406,0.6930257523948572,0.10246380210485913,-0.010057832043972148,-0.09815985584527881,0.79937371233966,-0.08872747429568789,0.7208145462926829,0.700618234,0.6603019933322152,0.003039749505732846,0.004849599328740902,0.7106462380439722,0.5629910683591297,0.8230604364305847,0.47138979357611954,0.9146617112135949,0.7109091624002715,1,0.6173775681649009,1
18,4,1,2015-02-12,36,0,0.637711864,0.6875218413698576,0.10246380210485913,-0.06553628472954409,-0.6396042639768115,0.7939617743698645,-0.09071362564032032,0.7208145462926829,0.700588406,0.6583158419875828,0.003039749505732846,0.004849599328740902,0.7032481487295441,0.5574871573341302,0.817556525405585,0.46588588255111996,0.9091578001885953,0.7289890513985108,1,0.635985534409629,1
18,4,1,2015-02-14,37,0,0.750392157,0.694221973106202,0.10246380210485913,0.05278623890025391,0.515169628843498,0.7586978818951717,-0.061091963795425724,0.7208145462926829,0.637711864,0.6879375038324774,0.003039749505732846,0.004849599328740902,0.697605918099746,0.5641872890704747,0.8242566571419294,0.4725860142874644,0.9158579319249397,0.7069059089684128,0,0.6133051253194336,1
18,4,1,2015-02-15,38,0,0.598627451,0.7125897649484014,0.10246380210485913,-0.12728742193495524,-1.2422672135930715,0.7871012047323427,-0.061186331797387424,0.7208145462926829,0.750392157,0.6878431358305157,0.003039749505732846,0.004849599328740902,0.7259148729349553,0.582555080912674,0.8426244489841288,0.4909538061296638,0.9342257237671391,0.6424841725518904,1,0.5499002102714838,1
18,4,1,2015-02-16,39,0,0.750356125,0.6666321780449271,0.10246380210485913,0.09437071184255541,0.9210151283082251,0.7186101393779529,-0.06262472622050826,0.7208145462926829,0.598627451,0.6864047414073948,0.003039749505732846,0.004849599328740902,0.6559854131574446,0.5365974940091998,0.7966668620806545,0.4449962192261895,0.8882681368636648,0.7920720823426053,0,0.7040346188385378,1
18,4,1,2015-02-17,40,0,0.750356125,0.7017191627685448,0.10246380210485913,0.04151101499284815,0.4051285833641691,0.769389316881066,-0.060544206873914125,0.7208145462926829,0.750356125,0.688485260753989,0.003039749505732846,0.004849599328740902,0.7088451100071519,0.5716844787328175,0.8317538468042722,0.4800832039498072,0.9233551215872825,0.6812506701810854,0,0.587592293376553,1
18,4,1,2015-02-18,41,1,0.800980392,0.7488850007968777,0.10246380210485913,0.037151729070507455,0.3625839399604479,0.7917256451496603,-0.02789698222016762,0.7208145462926829,0.750356125,0.7211324854077354,0.003039749505732846,0.004849599328740902,0.7638286629294926,0.6188503167611503,0.8789196848326051,0.52724904197814,0.9705209596156154,0.5043411579194651,0,0.4245329982450285,1
18,4,1,2015-02-19,42,1,0.800094017,0.7616087432749243,0.10246380210485913,0.016544875286622518,0.16147044074834221,0.811716320309198,-0.02816717859582049,0.7208145462926829,0.800980392,0.7208622890320826,0.003039749505732846,0.004849599328740902,0.7835491417133775,0.631574059239197,0.8916434273106517,0.5399727844561867,0.983244702093662,0.45489792734579737,0,0.3822447887157082,0
18,4,1,2015-02-22,43,1,0.80000295,0.7652277200935154,0.10246380210485913,0.009718956850896188,0.09485258843850072,0.8206188192152986,-0.030334826066194753,0.7208145462926829,0.800094017,0.7186946415617084,0.003039749505732846,0.004849599328740902,0.7902839931491038,0.635193036057788,0.8952624041292427,0.5435917612747777,0.986863678912253,0.44092847878590974,0,0.37048527182843793,0
18,4,1,2015-02-23,44,1,0.800137255,0.7697624329501773,0.10246380210485913,0.0034881906245205485,0.03404315038935227,0.8258484145573378,-0.02919935018185839,0.7208145462926829,0.80000295,0.7198301174460447,0.003039749505732846,0.004849599328740902,0.7966490643754794,0.63972774891445,0.8997971169859047,0.5481264741314397,0.991398391768915,0.423529475133443,0,0.355941866620338,0
18,4,1,2015-02-24,45,1,0.800071839,0.7730629583858298,0.10246380210485913,-0.0005346771667787964,-0.005218205412986919,0.827725347002043,-0.027118830835264264,0.7208145462926829,0.800137255,0.7219106367926389,0.003039749505732846,0.004849599328740902,0.8006065161667788,0.6430282743501023,0.9030976424215573,0.5514269995670922,0.9946989172045675,0.4109569792572496,0,0.34549926760536054,0
18,4,1,2015-02-25,46,1,0.800808642,0.7738209967588114,0.10246380210485913,-0.000455217491688642,-0.004442715206125015,0.8274376468646951,-0.02617378737300649,0.7208145462926829,0.800071839,0.7228556802548967,0.003039749505732846,0.004849599328740902,0.8012638594916887,0.6437863127230841,0.9038556807945388,0.5521850379400738,0.9954569555775491,0.40808180612017686,0,0.3431185913843577,0
18,4,1,2015-02-26,47,1,0.495617514,0.7099965978834264,0.10246380210485913,-0.24173621610440443,-2.3592352727358006,0.8271927025449834,-0.08983897244057898,0.7208145462926829,0.800808642,0.6591904951873242,0.003039749505732846,0.004849599328740902,0.7373537301044044,0.579961913847699,0.8400312819191538,0.48836063906468874,0.931632556702164,0.6518851396235772,1,0.558920881525321,1
18,4,1,2015-02-28,48,1,0.500258046,0.45559600820560164,0.10246380210485913,0.05589865192965121,0.5455453612042016,0.7169248558128949,-0.2725654617425461,0.7208145462926829,0.495617514,0.47646400588535703,0.003039749505732846,0.004849599328740902,0.4443593940703488,0.3255613241698742,0.585630692241329,0.233960049386864,0.6772319670243393,0.9979686295831279,1,0.9943837660169165,1
18,4,1,2015-03-01,49,1,0.600239766,0.6609123170309718,0.10246380210485913,-0.05996325654378565,-0.5852140493715099,0.7470029119502283,-0.08679988940644272,0.7208145462926829,0.500258046,0.6622295782214604,0.003039749505732846,0.004849599328740902,0.6602030225437856,0.5308776329952443,0.7909470010666992,0.4392763582122341,0.8825482758497094,0.8077008921623214,1,0.7217613307655095,1
18,4,1,2015-03-02,50,2,0.750254867,0.672777628848789,0.10246380210485913,0.08947933393117058,0.8732775096477433,0.714737765399447,-0.05396223233061762,0.7208145462926829,0.600239766,0.6950672352972855,0.003039749505732846,0.004849599328740902,0.6607755330688294,0.5427429448130616,0.8028123128845164,0.45114167003005134,0.8944135876675267,0.7744718374154059,0,0.6845135847624931,1
18,4,1,2015-03-03,51,2,0.750770115,0.7396091842791961,0.10246380210485913,0.006311501147790555,0.061597374078813785,0.7628849806936557,-0.018426366841446315,0.7208145462926829,0.750254867,0.7306031007864568,0.003039749505732846,0.004849599328740902,0.7444586138522095,0.6095745002434687,0.8696438683149235,0.5179732254604584,0.9612451430979337,0.540387351786731,0,0.45611224560204494,1
18,4,1,2015-03-04,52,2,0.799975862,0.742205039554236,0.10246380210485913,0.051732756157046755,0.504888117504215,0.7662810855956667,-0.01803797975271342,0.7208145462926829,0.750770115,0.7309914878751897,0.003039749505732846,0.004849599328740902,0.7482431058429533,0.6121703555185085,0.8722397235899635,0.5205690807354983,0.9638409983729737,0.5303203888583888,0,0.4472228981705715,1
18,4,1,2015-03-05,53,2,0.750050847,0.7608864593233482,0.10246380210485913,-0.02661644058468171,-0.25976432689315054,0.7941175483745704,-0.017450260789888653,0.7208145462926829,0.799975862,0.7315792068380145,0.003039749505732846,0.004849599328740902,0.7766672875846817,0.6308517752876208,0.8909211433590756,0.5392505005046105,0.9825224181420859,0.457693238133873,0,0.3846072061878533,0
18,4,1,2015-03-07,54,2,0.800746552,0.7477735579096896,0.10246380210485913,0.04220480510123259,0.4118996585549417,0.7797957218824113,-0.02125397498364392,0.7208145462926829,0.750050847,0.7277754926442592,0.003039749505732846,0.004849599328740902,0.7585417468987674,0.6177388738739622,0.877808241945417,0.5261375990909519,0.9694095167284272,0.5086679585905696,0,0.42828790086029606,1
18,4,1,2015-03-08,55,2,0.850084211,0.7915387994238561,0.10246380210485913,0.039828847113822174,0.38871139168798596,0.8025053660916793,0.007749997794498522,0.7208145462926829,0.800746552,0.7567794654224016,0.003039749505732846,0.004849599328740902,0.8102553638861778,0.6615041153881287,0.9215734834595835,0.5699028406051184,1.0131747582425938,0.34259184855075137,0,0.2895365790822639,0
18,4,1,2015-03-09,56,2,0.850446154,0.8083577099118231,0.10246380210485913,0.01587096519756337,0.15489338548379636,0.8239365501725132,0.010638638629923416,0.7208145462926829,0.850084211,0.7596681062578265,0.003039749505732846,0.004849599328740902,0.8345751888024366,0.6783230258760957,0.9383923939475505,0.5867217510930854,1.0299936687305609,0.2844932906484374,0,0.24276987032213765,0
18,4,1,2015-03-10,57,2,0.850084211,0.8177123461349394,0.10246380210485913,0.003165427958637279,0.030893133903013396,0.832476430217684,0.01444235282367867,0.7208145462926829,0.850446154,0.7634718204515818,0.003039749505732846,0.004849599328740902,0.8469187830413627,0.687677662099212,0.9477470301706667,0.5960763873162017,1.039348304953677,0.254356940663341,0,0.21866748520684176,0
18,4,1,2015-03-11,58,2,0.750050847,0.8197645083873419,0.10246380210485913,-0.09951623918076613,-0.9712331295194714,0.8341796898948297,0.015387396285936444,0.7208145462926829,0.850084211,0.7644168639138396,0.003039749505732846,0.004849599328740902,0.8495670861807662,0.6897298243516146,0.9497991924230693,0.5981285495686043,1.0414004672060795,0.24797693957985334,0,0.21357080496913558,0
19,5,1,2015-01-01,0,0,0.707045902,0.7274654069465252,0.17407072060527767,-0.020419504946525224,-0.1173057989047362,0.668513569627429,0.05895183731909619,0.64322027525,0.64322027525,0.7274654069465252,0.0030676819226833955,0.007232933849357247,0.7274654069465252,0.5065558692483799,0.9483749446446704,0.3509389627673693,1.103991851125681,0.5515017938737695,1,0.46599322474811805,1
19,5,1,2015-01-03,1,0,0.800148649,0.7169159493938457,0.12572591655243887,0.08867353708068215,0.7052924290569591,0.6529683197002067,0.0585067922191112,0.64322027525,0.707045902,0.7270203618465403,0.0030676819226833955,0.007232933849357247,0.7114751119193179,0.5573597988494057,0.8764720999382858,0.4449625034837712,0.9888693953039203,0.6037802962617846,0,0.5134969776676461,1
19,5,1,2015-01-04,2,0,0.603432184,0.6179543883767546,0.11926407767132424,-0.025915842576739956,-0.21729797507142537,0.7010668216273869,-0.07171879505064689,0.64322027525,0.800148649,0.5967947745767821,0.0030676819226833955,0.007232933849357247,0.6293480265767399,0.4665988234043355,0.7693099533491738,0.3599783259594611,0.8759304507940482,0.8658897872530025,1,0.7915902786068983,1
19,5,1,2015-01-05,3,0,0.600028736,0.6154404397692976,0.11770967229620816,-0.022347214054102893,-0.18985027838551527,0.688329313298301,-0.06595336324419822,0.64322027525,0.603432184,0.6025602063832308,0.0030676819226833955,0.007232933849357247,0.6223759500541028,0.46605753838796604,0.7648233411506292,0.3608266586516409,0.8700542208869544,0.8735113974013518,1,0.8012621964130527,1
19,5,1,2015-01-06,4,0,0.649983281,0.6422802046599885,0.11729359309135227,0.004506069865340412,0.03841701619483112,0.677647873840775,-0.03217066270611536,0.64322027525,0.600028736,0.6363429069213137,0.0030676819226833955,0.007232933849357247,0.6454772111346596,0.4934253407594631,0.7911350685605139,0.38856643029221205,0.8959939790277649,0.820789363751985,1,0.7369136845308414,1
19,5,1,2015-01-07,5,0,0.700480831,0.6763165290775456,0.11717914365464974,0.02021931865188531,0.17255048997008945,0.6797849504004837,0.0004765619476310677,0.64322027525,0.649983281,0.66899013157506,0.0030676819226833955,0.007232933849357247,0.6802615123481147,0.5276069105810942,0.825026147573997,0.42285031638636855,0.9297827417687226,0.7352634235241827,1,0.6425289192205956,1
19,5,1,2015-01-08,6,0,0.233705476,0.6185027687388763,0.1171474286895335,-0.3920912734983226,-3.346990009805942,0.6893535146544185,-0.06355676515609587,0.64322027525,0.700480831,0.6049568044713332,0.0030676819226833955,0.007232933849357247,0.6257967494983226,0.46983339904623056,0.7671721384315221,0.3651051576080362,0.8719003798697165,0.8691736724291719,1,0.7957405503788605,1
19,5,1,2015-01-10,7,0,0.388007813,0.4821253293839708,0.11713862221321893,-0.06262780047782923,-0.5346468935227221,0.5785429527527387,-0.12790733927490952,0.64322027525,0.233705476,0.5406062303525195,0.0030676819226833955,0.007232933849357247,0.4506356134778292,0.3334671358075876,0.630783522960354,0.22874676724196086,0.7355038915259807,0.9888967660377949,1,0.97496094926283,1
19,5,1,2015-01-11,8,0,0.452979626,0.5271190479973493,0.11713617548194001,-0.03228443114285623,-0.27561452309695583,0.5489278814717345,-0.06366382432887827,0.64322027525,0.388007813,0.6048497452985507,0.0030676819226833955,0.007232933849357247,0.48526405714285625,0.3784639595168365,0.6757741364778622,0.27374577829639496,0.7804923176983036,0.9714634652986479,1,0.9431607430699922,1
19,5,1,2015-01-12,9,0,0.650040783,0.5535103184521476,0.11713549559178407,0.14372847270503286,1.2270274862363244,0.5336621177497707,-0.027349807454803518,0.64322027525,0.452979626,0.6411637621726255,0.0030676819226833955,0.007232933849357247,0.5063123102949671,0.4048560928061167,0.7021645440981785,0.3001385193984219,0.8068821175058734,0.9532733614312778,1,0.913322536386079,1
19,5,1,2015-01-13,10,0,0.526810345,0.6297447617308554,0.11713530665773543,-0.07952291342863671,-0.6788978976338825,0.6016235601925186,0.00470969823611813,0.64322027525,0.650040783,0.6732232678635471,0.0030676819226833955,0.007232933849357247,0.6063332584286367,0.4810907758571032,0.7783987476046075,0.37637337135393223,0.8831161521077785,0.8477038823719307,1,0.7690459077085795,1
19,5,1,2015-01-14,11,0,0.700095563,0.6062485303541144,0.11713525415438857,0.1304192223998728,1.113407089448711,0.5640215989017513,0.005654741698375907,0.64322027525,0.526810345,0.6741683113258049,0.0030676819226833955,0.007232933849357247,0.5696763406001272,0.45759461111126976,0.7549024495969591,0.35287725354539184,0.8596198071628369,0.8901312346241557,1,0.822860579917851,1
19,5,1,2015-01-15,12,0,0.700060345,0.6451972105419266,0.11713523956405526,0.06985154786551917,0.5963324796661293,0.6256895313204414,0.004519265814039542,0.64322027525,0.700095563,0.6730328354414685,0.0030676819226833955,0.007232933849357247,0.6302087971344809,0.496543309815371,0.7938511112684822,0.3918259652930568,0.8985684557907964,0.8145305758391848,1,0.7296316658031259,1
19,5,1,2015-01-17,13,0,0.452012539,0.6009780389117091,0.11713523550949419,-0.14553719045303531,-1.2424714887881798,0.658718399745504,-0.061168670292468655,0.64322027525,0.700060345,0.6073448993349604,0.0030676819226833955,0.007232933849357247,0.5975497294530353,0.4523241433307128,0.7496319344927054,0.3476068024331222,0.8543492753902959,0.8983527787025087,1,0.8338253191881692,1
19,5,1,2015-01-18,14,0,0.600062696,0.557267169608632,0.1171352343827571,0.07030955723502597,0.60024259656389,0.5899020529312635,-0.06014891416628952,0.64322027525,0.452012539,0.6083646554611395,0.0030676819226833955,0.007232933849357247,0.529753138764974,0.4086132754575543,0.7059210637597096,0.3038959355672517,0.8106384036500123,0.9500550195101432,1,0.90828084770713,1
19,5,1,2015-01-19,15,0,0.650066445,0.6117143574960191,0.1171352340696439,0.05423021714141307,0.46297100588171414,0.6231474849490514,-0.027311257090464426,0.64322027525,0.600062696,0.6412023125369646,0.0030676819226833955,0.007232933849357247,0.5958362278585869,0.4630604637423069,0.7603682512497313,0.35834312413192326,0.8650855908601149,0.8811120174682263,1,0.8110498585381533,1
19,5,1,2015-01-20,16,0,0.700063796,0.6604114641407144,0.1171352339826317,0.04655561554257104,0.3974518508194904,0.6487899019608991,0.0047182784965298236,0.64322027525,0.650066445,0.6732318481239589,0.0030676819226833955,0.007232933849357247,0.653508180457429,0.5117575704974275,0.8090653577840012,0.4070402309648317,0.913782697316597,0.7778135963394157,1,0.6881857729976015,1
19,5,1,2015-01-21,17,0,0.750344828,0.6774184669828589,0.11713523395845156,0.07212490923876613,0.6157405146290073,0.6708034318513577,0.007416486909876129,0.64322027525,0.700063796,0.6759300565373052,0.0030676819226833955,0.007232933849357247,0.6782199187612339,0.5287645733702586,0.8260723605954592,0.42404723385927945,0.9307897001064384,0.7322521841282367,0,0.6393828965295821,1
19,5,1,2015-01-22,18,0,0.700250784,0.6984504672878237,0.11713523395173206,-0.01093746839889942,-0.09337470912813838,0.7049072413733596,0.006281011025539764,0.64322027525,0.750344828,0.6747945806529688,0.0030676819226833955,0.007232933849357247,0.7111882523988994,0.5497965736837509,0.8471043608918964,0.445079234178779,0.9518217003968683,0.6700624537679071,1,0.5765772750748536,1
19,5,1,2015-01-24,19,0,0.700250784,0.6930083344178047,0.11713523394986475,-0.0036852359393440004,-0.03146137857138122,0.6997355282603983,0.004200491678945626,0.64322027525,0.700250784,0.6727140613063747,0.0030676819226833955,0.007232933849357247,0.703936019939344,0.5443544408161018,0.8416622280195076,0.43963710131279915,0.9463795675228104,0.6867099081302838,1,0.5930096149736239,1
19,5,1,2015-01-25,20,0,0.700250784,0.6909306395486166,0.11713523394934583,-0.000997651851039505,-0.008517094450598282,0.6979929876343516,0.0032554482166878666,0.64322027525,0.700250784,0.6717690178441169,0.0030676819226833955,0.007232933849357247,0.7012484358510395,0.5422767459475721,0.839584533149661,0.4375594064447334,0.9443018726524997,0.6929688988033991,1,0.5992559374404998,1
19,5,1,2015-01-26,21,0,0.750031447,0.7234616699141593,0.11713523394920164,0.016417087473569847,0.14015498940898935,0.6975212542339172,0.036093105292512966,0.64322027525,0.700250784,0.704606674919942,0.0030676819226833955,0.007232933849357247,0.7336143595264302,0.5748077763132978,0.8721155635150207,0.47009043681058804,0.9768329030177305,0.5896176198124634,0,0.5004504421576448,1
19,5,1,2015-01-27,22,0,0.500035345,0.5703153038257975,0.11713523394916156,-0.08314959921790799,-0.7098598467306272,0.7052839707477447,-0.12209902652983667,0.64322027525,0.750031447,0.5464145430975924,0.0030676819226833955,0.007232933849357247,0.583184944217908,0.421661410224987,0.7189691974266081,0.31694407072231295,0.8236865369292821,0.9374843831717361,1,0.8891322434675855,1
19,5,1,2015-01-28,23,0,0.800534483,0.6091088125483747,0.11713523394915042,0.19231689774094607,1.6418364590831207,0.6659672059436553,-0.05774962068460148,0.64322027525,0.500035345,0.6107639489428276,0.0030676819226833955,0.007232933849357247,0.6082175852590539,0.4604549189475783,0.7577627061491711,0.35573757944491424,0.8624800456518351,0.885474670948517,0,0.8167353318778682,1
19,5,1,2015-01-29,24,0,0.800473729,0.7005070054646912,0.11713523394914732,0.06903040856816633,0.5893223263474674,0.7569030409621217,-0.025459720530287985,0.64322027525,0.800534483,0.643053849097141,0.0030676819226833955,0.007232933849357247,0.7314433204318337,0.5518531118638987,0.8491608990654838,0.44713577236123747,0.953878238568145,0.6636804104034464,0,0.570345082882421,1
19,5,1,2015-01-31,25,0,0.656763743,0.6680643017434788,0.11713523394914646,-0.05366108173129969,-0.45811221715403166,0.7895436353069172,-0.07911881057561759,0.64322027525,0.800473729,0.5893947590518114,0.0030676819226833955,0.007232933849357247,0.7104248247312996,0.5194104081426874,0.8167181953442701,0.41469306864002686,0.9214355348469306,0.7578791324389065,1,0.6665057697481754,1
19,5,1,2015-02-02,27,0,0.500801724,0.572084541168358,0.12956984585544823,-0.10476268345678208,-0.8085421632256805,0.7641703304514977,-0.15860592299471565,0.64322027525,0.656763743,0.5099076466327134,0.0030676819226833955,0.007232933849357247,0.6055644074567821,0.4076501397479553,0.7365189425887608,0.29181642276709435,0.8523526595696218,0.9151430920005701,1,0.8568693730397458,1
19,5,1,2015-02-03,28,0,0.415172414,0.5988114135427393,0.1200723944504037,-0.19624916848606083,-1.634423710665004,0.7045426237512049,-0.09312104126514413,0.64322027525,0.500801724,0.5753925283622849,0.0030676819226833955,0.007232933849357247,0.6114215824860608,0.4464300305271754,0.7511927965583032,0.3390869086444883,0.8585359184409902,0.8960110655937255,1,0.8306821533873651,1
19,5,1,2015-02-04,29,0,0.650834808,0.5687574428538049,0.11791912474825562,0.10369529804591593,0.8793764223343244,0.6067480470567983,-0.05960853710271414,0.64322027525,0.415172414,0.6089050325247148,0.0030676819226833955,0.007232933849357247,0.5471395099540841,0.4191087297139498,0.7184061559936601,0.3136906022743397,0.8238242834332701,0.9378542407906421,1,0.8896842903295012,1
19,5,1,2015-02-05,30,0,0.562212644,0.6308002869732433,0.1173507067521192,-0.06438431993866,-0.5486487616530465,0.6565040752429054,-0.02990711130424534,0.64322027525,0.650834808,0.6386064583231836,0.0030676819226833955,0.007232933849357247,0.62659696393866,0.48187294131155556,0.7797276326349311,0.3769629719920435,0.8846376019544431,0.8451272611596543,1,0.7659088478754393,1
19,5,1,2015-02-07,31,0,0.545657673,0.6105736027027826,0.11719493246541489,-0.050013720637645864,-0.4267566829513323,0.6259358294413242,-0.03026443580367835,0.64322027525,0.562212644,0.6382491338237507,0.0030676819226833955,0.007232933849357247,0.5956713936376459,0.4618439469543752,0.7593032584511901,0.3570732377730525,0.8640739676325127,0.8829171430703626,1,0.8133962073016187,1
19,5,1,2015-02-08,32,0,0.700618234,0.593381551534705,0.11715180994720528,0.13042532588207756,1.1133018426335368,0.6022603027223362,-0.03206739460441374,0.64322027525,0.545657673,0.6364461750230153,0.0030676819226833955,0.007232933849357247,0.5701929081179224,0.4447066216789057,0.7420564813905042,0.3399744634546889,0.8467886396147211,0.909369842850503,1,0.8488409911731278,1
19,5,1,2015-02-09,33,0,0.700618234,0.6337504102123257,0.11713983924738303,0.0684648798110894,0.5844713485264489,0.6639505524176715,-0.03179719822876088,0.64322027525,0.700618234,0.6367163713986681,0.0030676819226833955,0.007232933849357247,0.6321533541889106,0.48509067212315127,0.7824101483015001,0.38036921554518655,0.8871316048794649,0.8394988082357298,1,0.7591027148335838,1
19,5,1,2015-02-10,34,0,0.750356125,0.6885775272803891,0.11713651365031157,0.05204404484226732,0.4443024913447122,0.6963265778484108,0.001985502309321983,0.64322027525,0.700618234,0.670499071936751,0.0030676819226833955,0.007232933849357247,0.6983120801577327,0.5399220096374165,0.8372330449233617,0.4352035260989536,0.9419515284618247,0.6999882007447414,0,0.6063070996114773,1
19,5,1,2015-02-11,35,0,0.750406233,0.7080924851328863,0.1171355895637425,0.023965940483656745,0.20459999025842637,0.7209358764373063,0.005504416079036947,0.64322027525,0.750356125,0.674017985706466,0.0030676819226833955,0.007232933849357247,0.7264402925163432,0.5594381402289939,0.8567468300367787,0.4547204828116194,0.9614644874541531,0.6397420068915487,0,0.5472826928843016,1
19,5,1,2015-02-12,36,0,0.750799435,0.7134722773549211,0.1171353327717304,0.015013072956493345,0.12816861147908584,0.7322680973091021,0.0035182647344045217,0.64322027525,0.750406233,0.6720318343618336,0.0030676819226833955,0.007232933849357247,0.7357863620435067,0.5648182583404401,0.8621262963694022,0.46010083049170536,0.9668437242181369,0.6224197185682945,0,0.5308859974725878,1
19,5,1,2015-02-14,37,0,0.750392157,0.7160060107926998,0.11713526141128731,0.009587463865590728,0.08184951098480127,0.7393669477465988,0.0014377453878103852,0.64322027525,0.750799435,0.6699513150152394,0.0030676819226833955,0.007232933849357247,0.7408046931344092,0.5673520823402756,0.864659939245124,0.4626347182868268,0.9693773032985727,0.614172745577525,0,0.5231607215154365,1
19,5,1,2015-02-15,38,0,0.722568627,0.7505605172989029,0.11713524158070077,-0.054377253657284186,-0.4642262475705979,0.7439003220799468,0.03304555857733742,0.64322027525,0.750392157,0.7015591282047664,0.0030676819226833955,0.007232933849357247,0.7769458806572842,0.6019066140130644,0.8992144205847414,0.49718926768789595,1.00393176690991,0.4980909827561893,1,0.4191252410571733,1
19,5,1,2015-02-16,39,0,0.800980392,0.7341325528362189,0.11713523606990729,0.04946165689825144,0.42226112788753256,0.7181883761003709,0.03333035900137772,0.64322027525,0.722568627,0.7018439286288067,0.0030676819226833955,0.007232933849357247,0.7515187351017486,0.585478656544014,0.8827864491284239,0.48076131514542153,0.9875037905270163,0.553876945664069,0,0.4681141251959997,1
19,5,1,2015-02-17,40,0,0.653431373,0.751415034406633,0.1171352345384924,-0.12355551563883493,-1.0548108442830046,0.7415760102908631,0.035410878347971846,0.64322027525,0.800980392,0.7039244479754009,0.0030676819226833955,0.007232933849357247,0.7769868886388349,0.6027611400579149,0.9000689287553512,0.49804380002838705,1.004786268784879,0.49518075560180325,1,0.4166137217057852,1
19,5,1,2015-02-18,41,1,0.800980392,0.714385486148366,0.11713523411292177,0.08147090869971485,0.6955286282279038,0.6831535614900556,0.03635592181022962,0.64322027525,0.653431373,0.7048694914376586,0.0030676819226833955,0.007232933849357247,0.7195094833002852,0.5657315923397307,0.8630393799570012,0.46101425269065727,0.9677567196060746,0.6194536239838677,0,0.5281016625757496,1
19,5,1,2015-02-19,42,1,0.799982853,0.7391406400631709,0.11713523399465836,0.04223516344860845,0.36056754238894906,0.7216765681652023,0.036071121386189314,0.64322027525,0.800980392,0.7045846910136183,0.0030676819226833955,0.007232933849357247,0.7577476895513916,0.5904867464046213,0.8877945337217206,0.4857694068612738,0.9925118732650681,0.5369321841208023,0,0.45305490121127573,1
19,5,1,2015-02-22,43,1,0.307501459,0.7499395443568793,0.1171352339617937,-0.4680348558021445,-3.995679523334581,0.741647199471044,0.033889115331100506,0.64322027525,0.799982853,0.7024026849585295,0.0030676819226833955,0.007232933849357247,0.7755363148021445,0.6012856507400375,0.898593437973721,0.49656831122607054,1.003310777487688,0.5002059014204626,1,0.420952971890672,1
19,5,1,2015-02-23,44,1,0.800137255,0.6773781321528708,0.11713523395266082,0.1359330132572486,1.1604792910746629,0.6308738827413737,0.03333035900137772,0.64322027525,0.307501459,0.7018439286288067,0.0030676819226833955,0.007232933849357247,0.6642042417427514,0.5287242385476194,0.8260320257581222,0.4240068990418171,0.9307493652639245,0.7323655499869276,0,0.6395011459635996,1
19,5,1,2015-02-24,45,1,0.800137255,0.7229316792252454,0.11713523395012283,0.0678831916785625,0.5795283740797216,0.6951489527594065,0.037105110562030995,0.64322027525,0.800137255,0.7056186801894601,0.0030676819226833955,0.007232933849357247,0.7322540633214375,0.5742777856232149,0.8715855728272759,0.4695604461196815,0.9763029123308092,0.5913760312782842,0,0.5020627644686312,1
19,5,1,2015-02-25,46,1,0.598792339,0.6805165723276172,0.11713523394941755,-0.1022809664439529,-0.8731870249059377,0.7272470928169593,-0.02617378737300649,0.64322027525,0.800137255,0.6423397822544226,0.0030676819226833955,0.007232933849357247,0.7010733054439529,0.5318626787264817,0.8291704659287527,0.4271453392235789,0.9338878054316555,0.7234729357421678,1,0.6302700390146487,1
19,5,1,2015-02-26,47,1,0.449964912,0.36762123268619296,0.11713523394922155,0.07871396519467039,0.671992213963504,0.6788841813963908,-0.30763323459106123,0.64322027525,0.598792339,0.3608803350363678,0.0030676819226833955,0.007232933849357247,0.3712509468053296,0.21896733908530627,0.5162751262870796,0.11424999958257864,0.6209924657898073,0.9994515605876145,1,0.9982371521519583,1
19,5,1,2015-02-28,48,1,0.550403509,0.4848398689717854,0.1171352339491671,0.04890713480107467,0.41752710224063566,0.7161035845621146,-0.21460721036318925,0.64322027525,0.449964912,0.4539063592642398,0.0030676819226833955,0.007232933849357247,0.5014963741989253,0.33618597537096784,0.6334937625726029,0.23146863586828886,0.738211102075282,0.9882040032445686,1,0.9736006399367451,1
19,5,1,2015-03-01,49,1,0.707446429,0.6230762311756065,0.11713523394915196,0.05961979176061982,0.5089825644306186,0.7392290155239253,-0.09140237828454507,0.64322027525,0.550403509,0.5771111913428839,0.0030676819226833955,0.007232933849357247,0.6478266372393802,0.4744223375748081,0.7717301247764049,0.36970499807214274,0.8764474642790703,0.8607213862077434,1,0.7851089329701313,1
19,5,1,2015-03-02,50,2,0.700903571,0.6742379364613991,0.11713523394914775,-0.007951566715155178,-0.06788364565530483,0.7674198589238752,-0.05856472120871998,0.64322027525,0.707446429,0.609948848418709,0.0030676819226833955,0.007232933849357247,0.7088551377151552,0.525584042860606,0.8228918300621921,0.42086670335794435,0.9276091695648538,0.7411165248477256,1,0.648674493339773,1
19,5,1,2015-03-03,51,2,0.700659649,0.7073609316368401,0.11713523394914659,-0.04000253698939071,-0.34150729580441636,0.7636600106347163,-0.0229978246453256,0.64322027525,0.700903571,0.6455157449821034,0.0030676819226833955,0.007232933849357247,0.7406621859893907,0.5587070380360486,0.8560148252376316,0.45398969853338794,0.9607321647402922,0.6420768705268254,1,0.5495110354573003,1
19,5,1,2015-03-04,52,2,0.700424138,0.6977644239052923,0.11713523394914627,-0.024021308487515047,-0.205073295861976,0.7447450627194944,-0.020299616231979293,0.64322027525,0.700659649,0.6482139533954497,0.0030676819226833955,0.007232933849357247,0.7244454464875151,0.5491105303045011,0.8464183175060834,0.44439319080184075,0.9511356570087437,0.6721806001283236,1,0.5786537914325967,1
19,5,1,2015-03-05,53,2,0.700424138,0.6892460370480527,0.11713523394914617,-0.011527508029481548,-0.09841196061029915,0.7333867381457972,-0.021435092116315658,0.64322027525,0.700424138,0.6470784775111134,0.0030676819226833955,0.007232933849357247,0.7119516460294816,0.5405921434472616,0.8378999306488437,0.4358748039446014,0.9426172701515039,0.6980028636886217,1,0.6043077390582368,1
19,5,1,2015-03-07,54,2,0.408960345,0.6210928472525895,0.11713523394914614,-0.23293036286021596,-1.9885593344299963,0.7279360285063619,-0.08604532064614592,0.64322027525,0.700424138,0.5824682489812831,0.0030676819226833955,0.007232933849357247,0.641890707860216,0.47243895365179855,0.7697467408533805,0.3677216141491383,0.8744640803560407,0.8644425150754234,1,0.7897691783615701,1
19,5,1,2015-03-08,55,2,0.500033898,0.42573313365448867,0.11713523394914613,0.09205178349743914,0.7858590485028879,0.6177963720504923,-0.20981425754793145,0.64322027525,0.408960345,0.45869931207949755,0.0030676819226833955,0.007232933849357247,0.40798211450256083,0.27707924005369766,0.5743870272552797,0.1723619005510375,0.6791043667579398,0.9971826252358704,1,0.9925025496838445,1
19,5,1,2015-03-09,56,2,0.600040678,0.5185649412294598,0.11713523394914613,0.08399261860296026,0.7170568220269691,0.6613224786776575,-0.14527441928061768,0.64322027525,0.500033898,0.5232391503468113,0.0030676819226833955,0.007232933849357247,0.5160480593970398,0.3699110476286689,0.6672188348302508,0.2651937081260087,0.771936174332911,0.9759109270852115,1,0.9508894132124304,1
19,5,1,2015-03-10,57,2,0.650044068,0.5781626395578987,0.11713523394914613,0.06049792684894506,0.5164793274345619,0.7010378598935898,-0.11149171874253483,0.64322027525,0.600040678,0.5570218508848942,0.0030676819226833955,0.007232933849357247,0.589546141151055,0.42950874595710775,0.7268165331586897,0.32479140645444754,0.8315338726613499,0.9288119400901756,1,0.8763651978832148,1
19,5,1,2015-03-11,58,2,0.700556897,0.6276806109977264,0.11713523394914613,0.05148066199121759,0.4394976665481178,0.729643923944732,-0.08056768893594952,0.64322027525,0.650044068,0.5879458806914795,0.0030676819226833955,0.007232933849357247,0.6490762350087824,0.4790267173969355,0.7763345045985174,0.37430937789427526,0.8810518441011777,0.8518169486454996,1,0.7740820662470014,1
20,6,1,2015-01-01,0,0,0.800381944,0.7731991557656337,0.1551597784848352,0.027182788234366262,0.1751922340945016,0.7292583742253459,0.04394078154028777,0.7425143365853659,0.7425143365853659,0.7731991557656337,0.0004510150295965195,0.0036235418298666056,0.7731991557656337,0.5762891021090146,0.9701092094222528,0.4375783260857387,1.1088199854455287,0.4405725145401546,0,0.37018660876792736,0
20,6,1,2015-01-03,1,0,0.800125,0.7861280569073237,0.08457367986415903,0.005914947445138763,0.06993839519149767,0.7523497903611676,0.04186026219369363,0.7425143365853659,0.800381944,0.7711186364190395,0.0004510150295965195,0.0036235418298666056,0.7942100525548612,0.6787973555966298,0.8934587582180176,0.6031896118910135,0.9690665019236339,0.3346246633644512,0,0.2830894356872265,0
20,6,1,2015-01-04,2,0,0.879714482,0.8021136313451522,0.07656645727064233,0.06849739703077795,0.8946136398691875,0.7552682417226881,0.0559488432465339,0.7425143365853659,0.800125,0.7852072174718798,0.0004510150295965195,0.0036235418298666056,0.8112170849692221,0.7049447299927121,0.8992825326975924,0.6364953366700616,0.9677319260202428,0.24805197842900373,0,0.21363074464044435,0
20,6,1,2015-01-05,3,0,0.800246011,0.8234531313067992,0.07388099036876074,-0.04146636619336419,-0.561258938008193,0.7814276481869603,0.06028472900640393,0.7425143365853659,0.879714482,0.7895431032317498,0.0004510150295965195,0.0036235418298666056,0.8417123771933642,0.7296923002474877,0.9172139623661107,0.6636436785783055,0.9832625840352929,0.16006061063124977,0,0.14309041416440882,0
20,6,1,2015-01-06,4,0,0.80007657,0.8148857625274303,0.07275040936565388,-0.028189770235130585,-0.3874860702631211,0.7674885962473467,0.06077774398778393,0.7425143365853659,0.800246011,0.7900361182131298,0.0004510150295965195,0.0036235418298666056,0.8282663402351306,0.7225597283475605,0.9072117967073,0.6575218310415449,0.9722496940133156,0.18622447420992222,0,0.164171074435567,0
20,6,1,2015-01-07,5,0,0.800343766,0.8084168835535523,0.072230715659631,-0.018342223159199866,-0.253939380105729,0.7585986759557674,0.06008731320343255,0.7425143365853659,0.80007657,0.7893456874287784,0.0004510150295965195,0.0036235418298666056,0.8186859891591999,0.7167503818668151,0.9000833852402896,0.6521770838142965,0.9646566832928082,0.20932831686860087,0,0.1826869033929459,0
20,6,1,2015-01-08,6,0,0.800024932,0.8036394285155852,0.07198228433733145,-0.011922536423123908,-0.16563153743845058,0.7529956311040278,0.05895183731909619,0.7425143365853659,0.800343766,0.788210211544442,0.0004510150295965195,0.0036235418298666056,0.8119474684231239,0.7122882058623815,0.894990651168789,0.6479370021041523,0.9593418549270182,0.22808284195485323,0,0.1976798693693024,0
20,6,1,2015-01-10,7,0,0.800343766,0.7992288206865281,0.07186131043017839,-0.005938431565048252,-0.08263739597148215,0.7494108795925462,0.056871317972502056,0.7425143365853659,0.800024932,0.786129692197848,0.0004510150295965195,0.0036235418298666056,0.8062821975650483,0.7080311235073949,0.8904265178656613,0.6437880688114009,0.9546695725616553,0.24665517533897674,0,0.21251501860748975,0
20,6,1,2015-01-11,8,0,0.800343766,0.7971322922589613,0.07180187275775837,-0.0032218727715458417,-0.04487170943877241,0.7476393642613016,0.05592627451024428,0.7425143365853659,0.800343766,0.7851846487355901,0.0004510150295965195,0.0036235418298666056,0.8035656387715459,0.7060100261959315,0.8882545583219912,0.6418201079876722,0.9524444765302504,0.25577648373654827,0,0.21980164930530421,0
20,6,1,2015-01-12,9,0,0.800181818,0.8008975066487443,0.07177254121026012,-0.006813950671116453,-0.09493812753758782,0.7466819800035521,0.06031378866756428,0.7425143365853659,0.800343766,0.7895721628929102,0.0004510150295965195,0.0036235418298666056,0.8069957686711164,0.7098124646437023,0.8919825486537862,0.645648768448359,0.9561462448491296,0.2391156597251921,0,0.20649296859112504,0
20,6,1,2015-01-13,10,0,0.800246753,0.8000479027757408,0.07175803526722556,-0.005192110694069663,-0.07235580900082257,0.7446611197062858,0.06077774398778393,0.7425143365853659,0.800181818,0.7900361182131298,0.0004510150295965195,0.0036235418298666056,0.8054388636940697,0.7089812699618511,0.8911145355896305,0.644830541886435,0.9552652636650466,0.2427594718590677,0,0.2094033654306715,0
20,6,1,2015-01-14,11,0,0.800246753,0.7999929971052075,0.07175085368019542,-0.004598770875110514,-0.06409360501281201,0.7431227364250689,0.061722787450041706,0.7425143365853659,0.800246753,0.7909811616753876,0.0004510150295965195,0.0036235418298666056,0.8048455238751105,0.7089354782943234,0.8910505159160917,0.6447911704620899,0.9551948237483252,0.24297705835404887,0,0.2095771573437482,0
20,6,1,2015-01-15,12,0,0.80003139,0.7979722645718177,0.07174729634931502,-0.0023167246845381406,-0.03229006251690289,0.7417608031188329,0.06058731156570534,0.7425143365853659,0.800246753,0.7898456857910512,0.0004510150295965195,0.0036235418298666056,0.8023481146845381,0.7069192602957013,0.8890252688479341,0.6427781326699092,0.9531663964737261,0.25186634419211906,0,0.2166777422926503,0
20,6,1,2015-01-17,13,0,0.800343766,0.7938104099802046,0.07174553379830058,0.002397584906218664,0.033417897662578334,0.7410748631212792,0.056871317972502056,0.7425143365853659,0.80003139,0.786129692197848,0.0004510150295965195,0.0036235418298666056,0.7979461810937813,0.7027596425209889,0.8848611774394203,0.6386200905923355,0.9490007293680737,0.27072027271855387,0,0.23174687080799034,0
20,6,1,2015-01-18,14,0,0.800343766,0.7933267354215918,0.07174466039383223,0.0026328300551764494,0.036697226535381156,0.7417846614345793,0.05592627451024428,0.7425143365853659,0.800343766,0.7851846487355901,0.0004510150295965195,0.0036235418298666056,0.7977109359448236,0.7022770763818545,0.8843763944613291,0.6381383052651665,0.9485151655780172,0.27295443881163217,0,0.2335338970921217,0
20,6,1,2015-01-19,15,0,0.800358775,0.7966079520254139,0.07174422756417514,-0.0009061664484726339,-0.01263051369062506,0.7425640582912278,0.05870088315724475,0.7425143365853659,0.800343766,0.7879592573825906,0.0004510150295965195,0.0036235418298666056,0.8012649414484726,0.7055588422808086,0.8876570617700192,0.6414204581080709,0.9517954459427569,0.2579622502309073,0,0.22154814244727905,0
20,6,1,2015-01-20,16,0,0.800261486,0.7985141122409054,0.07174401306163891,-0.002815729977985848,-0.03924689821249213,0.742295813474147,0.060781402503838886,0.7425143365853659,0.800358775,0.7900397767291848,0.0004510150295965195,0.0036235418298666056,0.8030772159779859,0.7074652747170156,0.8895629497647952,0.6433270823066892,0.9537011421751216,0.24945325000642044,0,0.21475007405178315,0
20,6,1,2015-01-21,17,0,0.850410511,0.9036141359762386,0.07174390675639182,-0.057475001976265316,-0.8011133568655954,0.7414623085111363,0.16642320446512907,0.7425143365853659,0.800261486,0.8956815786904749,0.0004510150295965195,0.0036235418298666056,0.9078855129762653,0.8125654333621309,0.9946628385903463,0.74842733598728,1.0588009359651973,0.01613115722061097,0,0.01860839044706604,0
20,6,1,2015-01-22,18,0,0.800191989,0.7883069863406043,0.07174385407219479,0.013568343175520803,0.18912202795611144,0.7244488298935597,0.062174815930919475,0.7425143365853659,0.850410511,0.7914331901562653,0.0004510150295965195,0.0036235418298666056,0.7866236458244792,0.6972583505869172,0.8793556220942913,0.6331203003110369,0.9434936723701716,0.2966911717111539,0,0.2525477856320271,0
20,6,1,2015-01-24,19,0,0.800537143,0.7888371418346889,0.07174382796214432,0.011977593690301491,0.16694946492988186,0.7284652527253732,0.06009429658432534,0.7425143365853659,0.800191989,0.7893526708096712,0.0004510150295965195,0.0036235418298666056,0.7885595493096985,0.6977885392167249,0.8798857444526529,0.633650512282882,0.9440237713864957,0.29413980677036894,0,0.2505011852128399,0
20,6,1,2015-01-25,20,0,0.800386364,0.7901966942959002,0.07174381502209622,0.009226325962606974,0.12860099452148424,0.7320107849153255,0.05914925312206756,0.7425143365853659,0.800537143,0.7884076273474134,0.0004510150295965195,0.0036235418298666056,0.791160038037393,0.6991481080998826,0.8812452804919179,0.6350100927342706,0.9453832958575299,0.2876439026400471,0,0.24529385882065546,0
20,6,1,2015-01-26,21,0,0.800386364,0.7931073961154651,0.0717438086090483,0.0053597332548420695,0.07470656156615167,0.734741901738754,0.06028472900640393,0.7425143365853659,0.800386364,0.7895431032317498,0.0004510150295965195,0.0036235418298666056,0.7950266307451579,0.7020588180581134,0.8841559741728168,0.6379208084256808,0.9482939838052494,0.27396935156618674,0,0.23434580990904888,0
20,6,1,2015-01-27,22,0,0.622828125,0.706669862323661,0.07174380543076006,-0.08631626536309978,-1.2031180231497978,0.7363284543380277,-0.027184063974927973,0.7425143365853659,0.800386364,0.7020743102504179,0.0004510150295965195,0.0036235418298666056,0.7091443903630997,0.615621288299809,0.797718436347513,0.5514832815087237,0.8618564431385983,0.7270637185561885,1,0.6339867088790468,1
20,6,1,2015-01-28,23,0,0.437995338,0.4504461106086122,0.0717438038556091,-0.005982534108871007,-0.08338746745170354,0.7107776927975139,-0.2667998206886429,0.7425143365853659,0.622828125,0.462458553536703,0.0004510150295965195,0.0036235418298666056,0.443977872108871,0.35939753858375156,0.5414946826334729,0.29525953320083026,0.6056326880163942,0.9999851221280754,1,0.9999279960551533,1
20,6,1,2015-01-29,24,0,0.500117677,0.5463680071202919,0.07174380307496853,-0.03916227332748323,-0.5458628013706034,0.7090067833887496,-0.1697268330612664,0.7425143365853659,0.437995338,0.5595315411640795,0.0004510150295965195,0.0036235418298666056,0.5392799503274832,0.455319436086126,0.6374165781544577,0.39118143140108697,0.7015545828394968,0.9977324275287958,1,0.9938105167755632,1
20,6,1,2015-01-31,25,0,0.600710606,0.6001566916863132,0.07174380268808511,0.011699364128997969,0.16307142485689494,0.6974142318958851,-0.10840299002488313,0.7425143365853659,0.500117677,0.6208553842004627,0.0004510150295965195,0.0036235418298666056,0.5890112418710021,0.5091081211431331,0.6912052622294934,0.4449701168039627,0.7553432665686638,0.9816276263632802,1,0.9611629861391673,1
20,6,1,2015-02-01,26,0,0.651007071,0.6331648877163767,0.07174380249634672,0.027775524783101857,0.38714876848792923,0.7008773985125503,-0.07764585229565217,0.7425143365853659,0.600710606,0.6516125219296938,0.0004510150295965195,0.0036235418298666056,0.6232315462168981,0.5421163174165278,0.7242134580162256,0.4779783132487689,0.7883514621839844,0.9482910325234339,1,0.9055430807436843,1
20,6,1,2015-02-02,27,0,0.700354545,0.6713467946282422,0.07174380240132167,0.03606341888259912,0.5026694665675366,0.7090993213372281,-0.04480819521982715,0.7425143365853659,0.651007071,0.6844501790055187,0.0004510150295965195,0.0036235418298666056,0.6642911261174009,0.5802982244489876,0.7623953648074968,0.5161602203661799,0.8265333688903045,0.8635276929042228,1,0.7886205521390307,1
20,6,1,2015-02-03,28,0,0.700184577,0.6818821107312046,0.07174380235422752,0.021621797606785065,0.30137512784769477,0.7197745704025184,-0.04121179100930336,0.7425143365853659,0.700354545,0.6880465832160425,0.0004510150295965195,0.0036235418298666056,0.678562779393215,0.5908335406117162,0.772930680850693,0.52669553657101,0.8370686848913993,0.8288067128151388,1,0.7463427827097415,1
20,6,1,2015-02-04,29,0,0.700710417,0.6854714890959837,0.07174380233088777,0.016318140906224743,0.22745018212115745,0.7261749085047505,-0.04178263241097524,0.7425143365853659,0.700184577,0.6874757418143707,0.0004510150295965195,0.0036235418298666056,0.6843922760937753,0.5944229190061152,0.7765200591858521,0.5302849149862745,0.8406580632056928,0.815788103236673,1,0.7310893638192804,1
20,6,1,2015-02-05,30,0,0.700079032,0.6874757638225519,0.07174380231932065,0.011991846235323123,0.16714818350370192,0.7310052940599885,-0.042918108295311605,0.7425143365853659,0.700710417,0.6863402659300343,0.0004510150295965195,0.0036235418298666056,0.6880871857646769,0.5964271937473631,0.7785243338977408,0.5322891897378632,0.8426623379072407,0.8082575426194335,1,0.7223998993603139,1
20,6,1,2015-02-07,31,0,0.750520115,0.7194047599851686,0.07174380231358803,0.029261522286240793,0.40786132519629176,0.7345550391641763,-0.013296446450417006,0.7425143365853659,0.700079032,0.7159619277749288,0.0004510150295965195,0.0036235418298666056,0.7212585927137593,0.628356189917255,0.8104533300530823,0.5642181859128799,0.8745913340574574,0.6651104978183208,0,0.5717384319990734,1
20,6,1,2015-02-08,32,0,0.75065101,0.7240898849898227,0.07174380231074695,0.021675663107095566,0.30212593156424655,0.7432168368055793,-0.01424148991267478,0.7425143365853659,0.750520115,0.7150168843126711,0.0004510150295965195,0.0036235418298666056,0.7289753468929044,0.6330413149255146,0.8151384550541309,0.5689033109236794,0.8792764590559661,0.641005511985115,0,0.548488004281288,1
20,6,1,2015-02-09,33,0,0.612517157,0.7324052561606004,0.07174380230933891,-0.1270192601082062,-1.7704562069422414,0.749633119789934,-0.010096702681727783,0.7425143365853659,0.75065101,0.7191616715436181,0.0004510150295965195,0.0036235418298666056,0.7395364171082062,0.6413566860980792,0.8234538262231216,0.5772186820975028,0.8875918302236979,0.5968662819592161,1,0.507110475506374,1
20,6,1,2015-02-10,34,0,0.750797009,0.7100461778077092,0.0717438023086411,0.04677945362133107,0.6520347697782499,0.7120337387138026,-0.008016183335133648,0.7425143365853659,0.612517157,0.7212421908902122,0.0004510150295965195,0.0036235418298666056,0.704017555378669,0.6189976077460735,0.8010947478693449,0.554859603746121,0.8652327518692974,0.7112006878589835,0,0.6176747921981309,1
20,6,1,2015-02-11,35,0,0.800947475,0.7516941715265584,0.07174380230829526,0.05043535794434961,0.7029925418173454,0.7258810757370375,0.024631041318612858,0.7425143365853659,0.750797009,0.7538894155439587,0.0004510150295965195,0.0036235418298666056,0.7505121170556504,0.6606456014653617,0.8427427415877551,0.5965075974657182,0.9068807455873985,0.49058017806585397,0,0.4126516563044273,1
20,6,1,2015-02-12,36,0,0.688017677,0.7572535807840345,0.07174380230812387,-0.07327918588381588,-1.0214009228155747,0.74081060879615,0.02048625408766586,0.7425143365853659,0.800947475,0.7497446283130118,0.0004510150295965195,0.0036235418298666056,0.7612968628838159,0.6662050107230553,0.8483021508450137,0.6020670067235652,0.9124401548445038,0.45973397686292156,1,0.38633392425543883,0
20,6,1,2015-02-14,37,0,0.557252451,0.7440828273995452,0.07174380230803892,-0.18328159559997736,-2.5546679950560773,0.7191190005122949,0.021415046087682358,0.7425143365853659,0.688017677,0.7506734203130283,0.0004510150295965195,0.0036235418298666056,0.7405340465999773,0.6530342573386738,0.8351313974604166,0.5888962533392597,0.8992694014598308,0.5328660692081469,1,0.4494654886804887,1
20,6,1,2015-02-15,38,0,0.681598039,0.6838273539779335,0.07174380230799683,0.016185445927407893,0.22560061505973183,0.6766447716386563,-0.011232178566064148,0.7425143365853659,0.557252451,0.7180261956592817,0.0004510150295965195,0.0036235418298666056,0.6654125930725922,0.5927787839171155,0.7748759240387515,0.528640779917739,0.839013928038128,0.8218260706988472,1,0.7381264684876463,1
20,6,1,2015-02-16,39,0,0.75065101,0.685067737467025,0.07174380230797596,0.0823211463106579,1.1474321636491522,0.6814358777176805,-0.013106014028338416,0.7425143365853659,0.681598039,0.7161523601970075,0.0004510150295965195,0.0036235418298666056,0.6683298636893421,0.5940191674062334,0.7761163075278166,0.5298811634068755,0.8402543115271744,0.8172825229050278,0,0.7328251829732467,1
20,6,1,2015-02-17,40,0,0.750621354,0.7029875531226768,0.07174380230796562,0.05584282279628261,0.7783644161564386,0.7058040258854616,-0.011025494681744281,0.7425143365853659,0.75065101,0.7182328795436016,0.0004510150295965195,0.0036235418298666056,0.6947785312037174,0.6119389830618984,0.7940361231834552,0.5478009790625498,0.8581741271828038,0.7438570065542855,0,0.6515659803160326,1
20,6,1,2015-02-18,41,1,0.75065101,0.7146772358015219,0.0717438023079605,0.03839722115465971,0.535199138036196,0.7223342400648268,-0.010080451219486508,0.7425143365853659,0.750621354,0.7191779230058594,0.0004510150295965195,0.0036235418298666056,0.7122537888453403,0.6236286657407499,0.8057258058622938,0.5594906617414059,0.8698638098616378,0.6887625680111022,0,0.5950539141777841,1
20,6,1,2015-02-19,42,1,0.75065101,0.7209297153887643,0.07174380230795796,0.02816661169810586,0.3925999290810039,0.7337003254057171,-0.011215927103822873,0.7425143365853659,0.75065101,0.718042447121523,0.0004510150295965195,0.0036235418298666056,0.7224843983018941,0.6298811453279956,0.811978285449533,0.5657431413286538,0.8761162894488748,0.6573331898594175,0,0.5641825994593257,1
20,6,1,2015-02-22,43,1,0.75065101,0.7233236508340344,0.0717438023079567,0.022854484885231452,0.31855692268901104,0.7420380150274434,-0.01424148991267478,0.7425143365853659,0.75065101,0.7150168843126711,0.0004510150295965195,0.0036235418298666056,0.7277965251147686,0.6322750807732673,0.8143722208948014,0.5681370767739267,0.8785102248941421,0.6449895146873162,0,0.5522970405458091,1
20,6,1,2015-02-23,44,1,0.75065101,0.7288565261025037,0.07174380230795607,0.014953779179152193,0.20843304505891633,0.7488032448491863,-0.013106014028338416,0.7425143365853659,0.75065101,0.7161523601970075,0.0004510150295965195,0.0036235418298666056,0.7356972308208478,0.6378079560417375,0.81990509616327,0.5736699520423973,0.8840431001626101,0.6158915318140298,0,0.5247665894056327,1
20,6,1,2015-02-24,45,1,0.75065101,0.7338142811287938,0.07174380230795577,0.008446743402256596,0.11773481653508522,0.7532297612794877,-0.011025494681744281,0.7425143365853659,0.75065101,0.7182328795436016,0.0004510150295965195,0.0036235418298666056,0.7422042665977434,0.6427657110680278,0.8248628511895597,0.578627707068688,0.8890008551888995,0.5892454483915959,0,0.5001094591593399,1
20,6,1,2015-02-25,46,1,0.75065101,0.6738548414595744,0.07174380230795561,0.06753106135129805,0.9412807682177946,0.7557301090514246,-0.07261016040272263,0.7425143365853659,0.75065101,0.6566482138226233,0.0004510150295965195,0.0036235418298666056,0.683119948648702,0.5828062713988087,0.7649034115203401,0.518668267399469,0.8290414155196798,0.8557341655869123,0,0.7789117073799645,1
20,6,1,2015-02-26,47,1,0.75065101,0.7482426315630694,0.07174380230795555,-0.013853259339286605,-0.19309346443365802,0.7757201964431095,-0.011215927103822873,0.7425143365853659,0.75065101,0.718042447121523,0.0004510150295965195,0.0036235418298666056,0.7645042693392866,0.6571940615023038,0.839291201623835,0.5930560575029641,0.9034292056231746,0.5097711362616606,0,0.4292467641151501,1
20,6,1,2015-02-28,48,1,0.75065101,0.7434966260157264,0.0717438023079555,-0.00767199199154045,-0.10693595467116357,0.7716194484419575,-0.013296446450417006,0.7425143365853659,0.75065101,0.7159619277749288,0.0004510150295965195,0.0036235418298666056,0.7583230019915405,0.6524480559549608,0.834545196076492,0.5883100519556212,0.8986832000758316,0.5361135324466968,0,0.45233148835727294,1
20,6,1,2015-03-01,49,1,0.75065101,0.7410754253340832,0.07174380230795548,-0.004455937422535805,-0.06210902237114492,0.7693484373352106,-0.01424148991267478,0.7425143365853659,0.75065101,0.7150168843126711,0.0004510150295965195,0.0036235418298666056,0.7551069474225358,0.6500268552733177,0.8321239953948487,0.585888851273978,0.8962619993941884,0.5494987581443909,0,0.4642071912159867,1
20,6,1,2015-03-02,50,2,0.750797009,0.7413535405482495,0.07174380230795546,-0.004126397891226041,-0.05751574015430288,0.7680294209195645,-0.013106014028338416,0.7425143365853659,0.75065101,0.7161523601970075,0.0004510150295965195,0.0036235418298666056,0.7549234068912261,0.650304970487484,0.832402110609015,0.5861669664881445,0.8965401146083546,0.5479638093674182,0,0.46284012270210434,1
20,6,1,2015-03-03,51,2,0.750212553,0.7359085936820239,0.07174380230795546,0.0011616068994481088,0.016191041763607524,0.7668079525639974,-0.017757006463445503,0.7425143365853659,0.750797009,0.7115013677619004,0.0004510150295965195,0.0036235418298666056,0.7490509461005519,0.6448600236212584,0.8269571637427894,0.5807220196219188,0.8910951677421289,0.5778564892770899,0,0.48971951662674434,1
20,6,1,2015-03-04,52,2,0.332146465,0.7438086520803916,0.07174380230795546,-0.42492488735129363,-5.9228096878296475,0.7671518035707802,-0.010080451219486508,0.7425143365853659,0.750212553,0.7191779230058594,0.0004510150295965195,0.0036235418298666056,0.7570713523512936,0.6527600820196261,0.8348572221411571,0.5886220780202865,0.8989952261404967,0.5343852428672169,1,0.4508054857977443,1
20,6,1,2015-03-05,53,2,0.26369382,0.39887031680804474,0.07174380230795546,-0.13357321697327273,-1.8618084444412168,0.7246775746974259,-0.32741053772415313,0.7425143365853659,0.332146465,0.40184783650119277,0.0004510150295965195,0.0036235418298666056,0.39726703697327276,0.3078217467472792,0.4899188868688103,0.24368374274793966,0.5540568908681498,0.9999995065086767,1,0.9999934314883036,1
20,6,1,2015-03-07,54,2,0.500528095,0.4626311770011009,0.07174380230795546,0.05333900148149051,0.7434649372573874,0.685138135703656,-0.2379490421851466,0.7425143365853659,0.26369382,0.49130933204019933,0.0004510150295965195,0.0036235418298666056,0.44718909351850944,0.37158260694033535,0.5536797470618664,0.30744460294099585,0.617817751061206,0.9999690549999632,1,0.9998621495084852,1
20,6,1,2015-03-08,55,2,0.601037091,0.5327349339309734,0.07174380230795546,0.07821807306835082,1.0902415337927727,0.7009271856558481,-0.17810816772419896,0.7425143365853659,0.500528095,0.5511502065011469,0.0004510150295965195,0.0036235418298666056,0.5228190179316492,0.4416863638702078,0.6237835039917389,0.3775483598708683,0.6879215079910784,0.9987705186755135,1,0.9963974234161234,1
20,6,1,2015-03-09,56,2,0.650962281,0.5806224207477024,0.07174380230795546,0.07215202177575031,1.0056899614275054,0.7240807698726236,-0.14527051064837387,0.7425143365853659,0.601037091,0.583987863576972,0.0004510150295965195,0.0036235418298666056,0.5788102592242497,0.4895738506869369,0.6716709908084679,0.4254358466875974,0.7358089948078075,0.990883867290504,1,0.9789303571140083,1
20,6,1,2015-03-10,57,2,0.700246491,0.62828779060491,0.07174380230795546,0.06629557843901412,0.9240600066671236,0.745438722671277,-0.11148781011029109,0.7425143365853659,0.650962281,0.6177705641150548,0.0004510150295965195,0.0036235418298666056,0.6339509125609859,0.5372392205441445,0.7193363606656755,0.47310121654480497,0.7834743646650151,0.9551028667602426,1,0.9162166360537454,1
20,6,1,2015-03-11,58,2,0.700246491,0.6419886733373329,0.07174380230795546,0.045726166868810036,0.6373535468964069,0.7650630907792233,-0.11054276664803331,0.7425143365853659,0.700246491,0.6187156075773126,0.0004510150295965195,0.0036235418298666056,0.65452032413119,0.5509401032765674,0.7330372433980984,0.48680209927722784,0.797175247397438,0.9339040597806337,1,0.8838210233666416,1
21,7,1,2015-01-01,0,0,0.800125,0.7342265770108962,0.18315045613799874,0.06589842298910376,0.35980485322652506,0.6902857954706084,0.04394078154028777,0.6467644821538462,0.6467644821538462,0.7342265770108962,0.009631141934097549,0.003912947649459451,0.7342265770108962,0.5017941354494231,0.9666590185723694,0.3380600662982366,1.1303930877235557,0.534315584969477,0,0.45074401570749334,1
21,7,1,2015-01-03,1,0,0.800125,0.7699834116331313,0.13038630463700868,0.009767628537499018,0.0749129946177383,0.7484971092688073,0.04186026219369363,0.6467644821538462,0.800125,0.7321460576643021,0.009631141934097549,0.003912947649459451,0.790357371462501,0.6045128593232685,0.9354539639429942,0.4879492390627871,1.0520175842034756,0.4390953921651419,0,0.36894777802740897,0
21,7,1,2015-01-04,2,0,0.850436438,0.7748220613829355,0.12867172174706004,0.05260860642763332,0.4088591161549088,0.7560165674404116,0.04181126413195513,0.6467644821538462,0.800125,0.7320970596025635,0.009631141934097549,0.003912947649459451,0.7978278315723667,0.6115274506228443,0.9381166721430267,0.4964966446364194,1.0531474781294516,0.42351472803318546,0,0.35592958608029907,0
21,7,1,2015-01-05,3,0,0.800684366,0.8020713338888819,0.12857779725315832,-0.03845401318225661,-0.2990719549079228,0.7961916391659651,0.04294674001629149,0.6467644821538462,0.850436438,0.7332325354868999,0.009631141934097549,0.003912947649459451,0.8391383791822566,0.6388959207540673,0.9652467470236964,0.5239490820145922,1.0801935857631715,0.34274639892428405,0,0.2896617722455525,0
21,7,1,2015-01-06,4,0,0.800128721,0.7850727301884974,0.12857254124267561,-0.011737680533499106,-0.09129228076269175,0.7668391421706134,0.04502725936288562,0.6467644821538462,0.800684366,0.7353130548334941,0.009631141934097549,0.003912947649459451,0.8118664015334991,0.6219039873474683,0.9482414730295265,0.5069618474113813,1.0631836129656136,0.39250903750075117,0,0.33026959897114155,0
21,7,1,2015-01-07,5,0,0.800128721,0.78019422091427,0.12857224676982956,-0.003723412093472156,-0.02895968754546088,0.7578798302683287,0.04597230282514339,0.6467644821538462,0.800128721,0.7362580982957518,0.009631141934097549,0.003912947649459451,0.8038521330934721,0.6170258517826164,0.9433625900459237,0.5020839751013328,1.0583044667272072,0.4071655108692846,0,0.3423604523711703,0
21,7,1,2015-01-08,6,0,0.850136766,0.7772114076601231,0.12857223027062786,0.050262166282880605,0.3909255223860181,0.7550377727763123,0.044836826940807026,0.6467644821538462,0.800128721,0.7351226224114155,0.009631141934097549,0.003912947649459451,0.7998745997171194,0.6140430594672638,0.9403797558529824,0.49910119753604687,1.0553216177841993,0.4161927947788261,0,0.3498415850641945,0
21,7,1,2015-01-10,7,0,0.850136766,0.8000680073701805,0.12857222934618043,0.01397788708077996,0.1087162224055751,0.7934025713250071,0.04275630759421289,0.6467644821538462,0.850136766,0.7330421030648213,0.009631141934097549,0.003912947649459451,0.83615887891922,0.6368996603505181,0.9632363543898428,0.521957799245745,1.0781782154946158,0.3484844373006858,0,0.29431347426510357,0
21,7,1,2015-01-11,8,0,0.850136766,0.8060579660878453,0.1285722292943838,0.004253696420079778,0.0330840994468592,0.8040718054479651,0.04181126413195513,0.6467644821538462,0.850136766,0.7320970596025635,0.009631141934097549,0.003912947649459451,0.8458830695799202,0.6428896191339171,0.9692263130417735,0.5279477580754494,1.0841681741002414,0.33141702705717035,0,0.2804973425179379,0
21,7,1,2015-01-12,9,0,0.850136766,0.809303874955946,0.12857222929148163,-0.000128599439278676,-0.001000211631915728,0.8073186254229872,0.04294674001629149,0.6467644821538462,0.850136766,0.7332325354868999,0.009631141934097549,0.003912947649459451,0.8502653654392787,0.6461355280057008,0.9724722219061912,0.5311936669498276,1.0874140829620644,0.3223098100332936,0,0.2731482597730557,0
21,7,1,2015-01-13,10,0,0.850136766,0.8113205908545409,0.12857222929131903,-0.002110959635104659,-0.016418472688387826,0.807220466272219,0.04502725936288562,0.6467644821538462,0.850136766,0.7353130548334941,0.009631141934097549,0.003912947649459451,0.8522477256351046,0.6481522439045021,0.9744889378045797,0.5332103828487742,1.0894307988603076,0.3167042187295201,0,0.2686320614242751,0
21,7,1,2015-01-14,11,0,0.900144811,0.8112183007975979,0.12857222929130993,0.04856332423986964,0.3777123917625965,0.8056091839349869,0.04597230282514339,0.6467644821538462,0.850136766,0.7362580982957518,0.009631141934097549,0.003912947649459451,0.8515814867601303,0.6480499538475707,0.9743866477476252,0.533108092791851,1.0893285088033449,0.31698754369334636,0,0.26886019923289783,0
21,7,1,2015-01-15,12,0,0.850136766,0.834177078746642,0.1285722292913094,-0.03737732769637947,-0.2907107382550916,0.8426772667555724,0.044836826940807026,0.6467644821538462,0.900144811,0.7351226224114155,0.009631141934097549,0.003912947649459451,0.8875140936963795,0.6710087317966155,0.9973454256966686,0.5560668707408962,1.1122872867523879,0.2563283584473721,0,0.22024259662166978,0
21,7,1,2015-01-17,13,0,0.800128721,0.813552136520721,0.12857222929130938,-0.05677497199697468,-0.44158036544842183,0.8141473854027618,0.04275630759421289,0.6467644821538462,0.850136766,0.7330421030648213,0.009631141934097549,0.003912947649459451,0.8569036929969747,0.6503837895706944,0.9767204834707476,0.5354419285149752,1.0916623445264668,0.31055022830222234,0,0.26367992454303113,0
21,7,1,2015-01-18,14,0,0.800128721,0.7254285711748696,0.12857222929130938,0.0465161871858194,0.36179031383539667,0.7708114030114969,-0.017198869197316224,0.6467644821538462,0.800128721,0.6730869262732921,0.009631141934097549,0.003912947649459451,0.7536125338141806,0.562260224224843,0.8885969181248962,0.4473183631691238,1.0035387791806154,0.5757802632086699,0,0.4878345708292672,1
21,7,1,2015-01-19,15,0,0.576460393,0.7505307829941869,0.12857222929130938,-0.2146812831851378,-1.6697329148639783,0.8063169188733252,-0.015175242688187512,0.6467644821538462,0.800128721,0.6751105527824209,0.009631141934097549,0.003912947649459451,0.7911416761851378,0.5873624360441603,0.9136991299442134,0.4724205749884411,1.0286409909999326,0.49835305666086804,1,0.41935161008262734,1
21,7,1,2015-01-20,16,0,0.400332792,0.4292957451318103,0.12857222929130938,-0.012221136260317567,-0.0950526900535249,0.6424520329806291,-0.22989810472031158,0.6467644821538462,0.576460393,0.46038769075029684,0.009631141934097549,0.003912947649459451,0.41255392826031756,0.26612739818178377,0.5924640920818368,0.15118553712606453,0.707405953137556,0.9936906134343184,1,0.9847456252431636,1
21,7,1,2015-01-21,17,0,0.500241342,0.5210029800239743,0.12857222929130938,-0.0007549101449990658,-0.00587148678342231,0.6331237158163936,-0.13212746367139452,0.6467644821538462,0.400332792,0.5581583317992139,0.009631141934097549,0.003912947649459451,0.5009962521449991,0.3578346330739477,0.6841713269740008,0.2428927720182285,0.79911318802972,0.9625500507370021,1,0.9282265016234134,1
21,7,1,2015-01-22,18,0,0.60041361,0.5846815207112692,0.12857222929130938,0.03594049354129092,0.27953543109110773,0.632547497606151,-0.0680743811474419,0.6467644821538462,0.500241342,0.6222114143231665,0.009631141934097549,0.003912947649459451,0.5644731164587091,0.42151317376124264,0.7478498676612958,0.30657131270552346,0.862791728717015,0.9007439814681393,1,0.8370519768149999,1
21,7,1,2015-01-24,19,0,0.650416734,0.6312465825477088,0.12857222929130938,0.02977695152682347,0.23159706953013215,0.6599806524005162,-0.03934086992733965,0.6467644821538462,0.60041361,0.6509449255432688,0.009631141934097549,0.003912947649459451,0.6206397824731765,0.46807823559768225,0.7944149294977354,0.35313637454196306,0.9093567905534545,0.8221610105512722,1,0.7385187012605439,1
21,7,1,2015-01-25,20,0,0.7005417,0.6767772853016036,0.12857222929130938,0.02641621822118656,0.20545819549674807,0.6827092139769222,-0.008583732198108752,0.6467644821538462,0.650416734,0.6817020632724997,0.009631141934097549,0.003912947649459451,0.6741254817788135,0.5136089383515771,0.8399456322516302,0.3986670772958579,0.9548874933073495,0.7154937547898421,1,0.6220622728318839,1
21,7,1,2015-01-28,23,0,0.285333333,0.6238067200065968,0.18919064990937617,-0.3428787506578979,-1.8123451175950798,0.7028725487600402,-0.07466046510214235,0.6467644821538462,0.7005417,0.6156253303684661,0.009631141934097549,0.003912947649459451,0.6282120836578979,0.3837087939282418,0.8639046460849518,0.21457487197022368,1.03303856804297,0.7476191943006844,1,0.6555503419830228,1
21,7,1,2015-01-29,24,0,0.48792,0.45586680044113403,0.1304962405431984,0.1345360185312806,1.0309570449789696,0.3974777412637094,-0.04409375979498998,0.6467644821538462,0.285333333,0.6461920356756184,0.009631141934097549,0.003912947649459451,0.3533839814687194,0.29025673075506714,0.6214768701272009,0.1735948292582415,0.7381387716240266,0.9879006320148842,1,0.9730084357451182,1
21,7,1,2015-01-31,25,0,0.388830357,0.5546595174105869,0.12867761574052133,-0.09961426204529211,-0.7741382327612012,0.501100371569766,-0.0126557525244738,0.6467644821538462,0.48792,0.6776300429461346,0.009631141934097549,0.003912947649459451,0.4884446190452921,0.3913574267057571,0.7179616081154168,0.276321351567656,0.8329976832535179,0.9355005014805248,1,0.8861820090669508,1
21,7,1,2015-02-01,26,0,0.411553571,0.5014638477550754,0.1285781266898827,0.0029303649821967315,0.02279054033245073,0.42502681907840234,-0.01640361306059904,0.6467644821538462,0.388830357,0.6738821824100094,0.009631141934097549,0.003912947649459451,0.4086232060178033,0.33828801653895324,0.6646396789711975,0.22334088328743296,0.7795868122227178,0.973379330140024,1,0.9464647334843621,1
21,7,1,2015-02-02,27,0,0.295307738,0.5040532390639921,0.12857255969844752,-0.11668773686303247,-0.9075633022840209,0.42726361203929514,-0.01526813717626268,0.6467644821538462,0.411553571,0.6750176582943458,0.009631141934097549,0.003912947649459451,0.41199547486303245,0.340884472801126,0.6672220053268583,0.22594231636582468,0.7821641617621595,0.9721197273103858,1,0.9442883660433248,1
21,7,1,2015-02-03,28,0,0.541517857,0.44824010149244464,0.12857224780389562,0.2165090272798219,1.683948371269448,0.3381964475498466,-0.013187617829668555,0.6467644821538462,0.295307738,0.6770981776409398,0.009631141934097549,0.003912947649459451,0.3250088297201781,0.2850717310484792,0.6114084719364101,0.17012985344275444,0.7263503495421348,0.9905375371305407,1,0.9782307630590611,1
21,7,1,2015-02-04,29,0,0.700612069,0.5601415100460965,0.12857223032856638,0.20586082851040427,1.6011297928357224,0.5034564538806063,-0.008705213391010647,0.6467644821538462,0.541517857,0.6815805820795978,0.009631141934097549,0.003912947649459451,0.4947512404895957,0.3969731617797086,0.7233098583124844,0.28203129979669544,0.8382517202954975,0.9301176643824981,1,0.8782664070293663,1
21,7,1,2015-02-05,30,0,0.522844828,0.26169453872676407,0.12857222934942672,0.2715442578263266,2.111997740105588,0.660588742461778,-0.4092881722881046,0.6467644821538462,0.700612069,0.2809976231825038,0.009631141934097549,0.003912947649459451,0.2513005701736734,0.09852619170298202,0.4248628857505461,-0.016415669404693356,0.5398047468582214,0.9999270386844569,1,0.9997050665887686,1
21,7,1,2015-02-07,31,0,0.662270115,0.786641398506955,0.1285722292945657,-0.1826741820921869,-1.420790345585988,0.856865505714128,-0.01192120862194115,0.6467644821538462,0.522844828,0.6783645868486673,0.009631141934097549,0.003912947649459451,0.8449442970921869,0.623473051552796,0.9498097454611141,0.5085311904941656,1.0647516065197444,0.3878270967060495,1,0.326420935514157,0
21,7,1,2015-02-08,32,0,0.355534483,0.6950642127625181,0.12857222929149184,-0.3490307055804227,-2.7146663591646965,0.7174314406646216,-0.01286625208419891,0.6467644821538462,0.662270115,0.6774195433864095,0.009631141934097549,0.003912947649459451,0.7045651885804227,0.5318958658122599,0.8582325597127762,0.4169540047563776,0.9731744207686586,0.6654107293097067,1,0.5720311811239485,1
21,7,1,2015-02-09,33,0,0.350301724,0.2641083930734146,0.12857222929131962,0.1453892221968493,1.130798019122976,0.5211546775555685,-0.31624217575241786,0.6467644821538462,0.355534483,0.37404361971819056,0.009631141934097549,0.003912947649459451,0.20491250180315068,0.10094004612337507,0.42727674002345417,-0.014001814932353307,0.5422186010791825,0.9999213124511146,1,0.9996846309437714,1
21,7,1,2015-02-10,34,0,0.500801724,0.43342900284448405,0.12857222929130996,0.08772747181423651,0.6823205314070564,0.6321293650171211,-0.21905511283135765,0.6467644821538462,0.350301724,0.4712306826392508,0.009631141934097549,0.003912947649459451,0.4130742521857635,0.27026065589445675,0.5965973497945114,0.155318794838737,0.7115392108502311,0.9930956859702743,1,0.9834888468434119,1
21,7,1,2015-02-11,35,0,0.600070513,0.5413035999145329,0.12857222929130943,0.05568502231544181,0.43310303183181814,0.6990911976706806,-0.15470570698612246,0.6467644821538462,0.500801724,0.5355800884844859,0.009631141934097549,0.003912947649459451,0.5443854906845582,0.3781352529645063,0.7044719468645595,0.26319339190878704,0.8194138079202788,0.947724973625055,1,0.9046682526014744,1
21,7,1,2015-02-12,36,0,0.535677966,0.6012211199524995,0.12857222929130938,-0.08350145542910725,-0.6494517197793613,0.7415952282609162,-0.12241580683180897,0.6467644821538462,0.600070513,0.5678699886387994,0.009631141934097549,0.003912947649459451,0.6191794214291072,0.4380527730024729,0.7643894669025261,0.32311091194675373,0.8793313279582453,0.8763968816015806,1,0.8049607812914745,1
21,7,1,2015-02-14,37,0,0.602,0.5911085225715306,0.12857222929130938,0.015240825188743035,0.11853901322821049,0.6778590875841123,-0.09109991277285531,0.6467644821538462,0.535677966,0.5991858826977531,0.009631141934097549,0.003912947649459451,0.586759174811257,0.427940175621504,0.7542768695215571,0.3129983145657848,0.8692187305772763,0.8917363134797746,1,0.8249858829641015,1
21,7,1,2015-02-15,38,0,0.700632768,0.5960308443862331,0.12857222929130938,0.10487964195579935,0.8157254683526632,0.6894923144933728,-0.09373918844917221,0.6467644821538462,0.602,0.5965466070214362,0.009631141934097549,0.003912947649459451,0.5957531260442006,0.43286249743620653,0.7591991913362597,0.31792063638048734,0.8741410523919788,0.8844500607859971,1,0.8153954946781387,1
21,7,1,2015-02-16,39,0,0.700459889,0.6492014054874599,0.12857222929130938,0.023517309814708565,0.18291127053124975,0.7695462917501272,-0.09260371256483585,0.6467644821538462,0.700632768,0.5976820829057725,0.009631141934097549,0.003912947649459451,0.6769425791852914,0.4860330585374333,0.8123697524374864,0.3710911974817141,0.9273116134932056,0.7834753051892431,1,0.6944434660587677,1
21,7,1,2015-02-17,40,0,0.700888203,0.6629498252717394,0.12857222929130938,0.003914488410136752,0.03044583135653342,0.787496907808105,-0.09052319321824173,0.6467644821538462,0.700459889,0.5997626022523667,0.009631141934097549,0.003912947649459451,0.6969737145898632,0.4997814783217128,0.826118172221766,0.38483961726599364,0.9410600332774852,0.7508137403228661,1,0.6589472382909046,1
21,7,1,2015-02-18,41,1,0.75053268,0.6975391879248495,0.12857222929130938,0.017923836141984784,0.13940674623735652,0.7904848124225103,-0.05787596856449522,0.6467644821538462,0.700888203,0.6324098269061132,0.009631141934097549,0.003912947649459451,0.7326088438580152,0.5343708409748229,0.8607075348748761,0.4194289799191037,0.9756493959305952,0.6583727056157357,0,0.5651894568697544,1
21,7,1,2015-02-19,42,1,0.611140537,0.7052964611352786,0.12857222929130938,-0.13401398342716409,-1.042324490800616,0.8041659648759957,-0.059011444448831586,0.6467644821538462,0.75053268,0.6312743510217769,0.009631141934097549,0.003912947649459451,0.7451545204271641,0.542128114185252,0.8684648080853051,0.4271862531295328,0.9834066691410244,0.6359642570219298,1,0.5436866185170115,1
21,7,1,2015-02-22,43,1,0.393548851,0.6340578784012364,0.12857222929130938,-0.24456487318956782,-1.9021593896101074,0.7018739262944125,-0.06376020210484462,0.6467644821538462,0.611140537,0.6265255933657639,0.009631141934097549,0.003912947649459451,0.6381137241895678,0.4708895314512098,0.797226225351263,0.35594767039549063,0.9121680864069821,0.8164095248378972,1,0.731810700072932,1
21,7,1,2015-02-23,44,1,0.750770115,0.5138547057150484,0.12857222929130938,0.2981957588807486,2.3192859027521324,0.5151990823397596,-0.06262472622050826,0.6467644821538462,0.393548851,0.6276610692501001,0.009631141934097549,0.003912947649459451,0.4525743561192514,0.35068635876502185,0.677023052665075,0.23574449770930267,0.7919649137207943,0.9668709956956699,0,0.9353819975199609,1
21,7,1,2015-02-24,45,1,0.750727326,0.6452383159293948,0.12857222929130938,0.09807249257839157,0.7627813029218481,0.7114758454483614,-0.058821012026752995,0.6467644821538462,0.750770115,0.6314647834438554,0.009631141934097549,0.003912947649459451,0.6526548334216085,0.48206996897936827,0.8084066628794214,0.3671281079236491,0.9233485239351407,0.7924088963506859,0,0.7044126391021668,1
21,7,1,2015-02-25,46,1,0.800115819,0.6640136110565155,0.12857222929130938,0.1024853475592501,0.797103294577295,0.7863339679969925,-0.08870349655624261,0.6467644821538462,0.750727326,0.6015822989143658,0.009631141934097549,0.003912947649459451,0.6976304714407499,0.5008452641064889,0.827181958006542,0.3859034030507697,0.9421238190622612,0.748181723090587,0,0.6561475844187767,1
21,7,1,2015-02-26,47,1,0.800808642,0.7762550220753364,0.12857222929130938,-0.036442490001066585,-0.28343982368461473,0.8645603952584094,-0.027309263257342856,0.6467644821538462,0.800115819,0.6629765322132656,0.009631141934097549,0.003912947649459451,0.8372511320010666,0.6130866751253098,0.9394233690253629,0.4981448140695906,1.0543652300810822,0.4190968648648141,0,0.35225404391020493,0
21,7,1,2015-02-28,48,1,0.799982853,0.7560938911118531,0.12857222929130938,-0.00737143409002794,-0.057333019195975,0.836744069693965,-0.029389782603936994,0.6467644821538462,0.800808642,0.6608960128666714,0.009631141934097549,0.003912947649459451,0.807354287090028,0.5929255441618265,0.9192622380618797,0.47798368310610734,1.034204099117599,0.48109855516874744,0,0.4045170551425307,1
21,7,1,2015-03-01,49,1,0.579511494,0.8122980916718858,0.12857222929130938,-0.2820776942503306,-2.1939239585806662,0.8311174999804504,0.030471688269880226,0.6467644821538462,0.799982853,0.7207574837404886,0.009631141934097549,0.003912947649459451,0.8615891882503306,0.6491297447218592,0.9754664386219124,0.53418788366614,1.0904082996776316,0.31400215941088483,1,0.26645697112075745,0
21,7,1,2015-03-02,50,2,0.800115819,0.6875768663827921,0.12857222929130938,0.13194472312677374,1.0262303442512708,0.6348407368718485,0.03333035900137772,0.6467644821538462,0.579511494,0.7236161544719861,0.009631141934097549,0.003912947649459451,0.6681710958732262,0.5244085194327656,0.8507452133328187,0.4094666583770464,0.965687074388538,0.6863427738643029,0,0.5926444051907332,1
21,7,1,2015-03-03,51,2,0.800115819,0.7551205660357627,0.12857222929130938,0.029151618693446846,0.22673340000504527,0.7355533219585813,0.035410878347971846,0.6467644821538462,0.800115819,0.7256966738185803,0.009631141934097549,0.003912947649459451,0.7709642003065531,0.5919522190857361,0.9182889129857893,0.47701035803001696,1.0332307740415085,0.484115773675575,0,0.40710115519704315,1
21,7,1,2015-03-04,52,2,0.800055762,0.7705289212965398,0.12857222929130938,0.005895269310389972,0.04585180907949345,0.7578045708793804,0.03635592181022962,0.6467644821538462,0.800115819,0.726641717280838,0.009631141934097549,0.003912947649459451,0.79416049268961,0.6073605743465132,0.9336972682465664,0.49241871329079406,1.0486391293022856,0.4365711498894965,0,0.36683264952144423,0
21,7,1,2015-03-05,53,2,0.366053523,0.7723183299295622,0.12857222929130938,-0.4314713161396719,-3.35586711467899,0.7623043932137786,0.035220445925893254,0.6467644821538462,0.800055762,0.7255062413965017,0.009631141934097549,0.003912947649459451,0.7975248391396719,0.6091499829795356,0.9354866768795888,0.4942081219238164,1.050428537935308,0.4310954453838672,1,0.36225253096159604,0
21,7,1,2015-03-09,56,2,0.500610909,0.38186152451580624,0.18919064990937617,0.16223974236209493,0.8575463028421809,0.5660276301051768,-0.22765646346727167,0.6467644821538462,0.366053523,0.4626293320033368,0.009631141934097549,0.003912947649459451,0.3383711666379051,0.1417635984374513,0.6219594505941612,-0.02737032352056684,0.7910933725521794,0.9741642070140331,1,0.9478291293849899,1
21,7,1,2015-03-10,57,2,0.630402924,0.5448742138646214,0.1304962405431984,0.07844284776880484,0.6011119358096586,0.710531116517962,-0.15857104028676688,0.6467644821538462,0.500610909,0.5317147551838415,0.009631141934097549,0.003912947649459451,0.5519600762311951,0.37926414417855453,0.7104842835506884,0.2626022426817289,0.8271461850475139,0.9420120129108013,1,0.895935501351104,1
21,7,1,2015-03-11,58,2,0.650596491,0.6167934141357918,0.12867761574052133,0.005570766088252466,0.04329242546338383,0.7709495405447679,-0.12592381563302038,0.6467644821538462,0.630402924,0.5643619798375881,0.009631141934097549,0.003912947649459451,0.6450257249117476,0.453491323430962,0.7800955048406216,0.3384552482928609,0.8951315799787227,0.8497113662099787,1,0.7714995145112501,1
22,8,1,2015-01-01,0,0,0.940725424,0.7363401608826621,0.1777319324240766,0.20438526311733796,1.1499636577948484,0.6880680682367999,0.04827209264586213,0.654507094375,0.654507094375,0.7363401608826621,0.004266680468376084,0.007321959334820439,0.7363401608826621,0.5107842552744312,0.961896066490893,0.351894274176207,1.1207860475891172,0.5306311145449332,0,0.447496438762554,1
22,8,1,2015-01-03,1,0,0.800318644,0.8363165435495408,0.13119998313383657,-0.0909516160183339,-0.6932288697442478,0.8450786867190658,0.04619157329926799,0.654507094375,0.940725424,0.7342596415360679,0.004266680468376084,0.007321959334820439,0.8912702600183339,0.6698133687518515,1.00281971834723,0.5525223307492811,1.1201107563498005,0.2553010125252465,0,0.21942175709710504,0
22,8,1,2015-01-04,2,0,0.850345133,0.7979645304659276,0.12568256933758754,0.015719342020210303,0.12507177489336355,0.7928145268478346,0.04181126413195513,0.654507094375,0.800318644,0.729879332368755,0.004266680468376084,0.007321959334820439,0.8346257909797897,0.6384633909719388,0.9574656699599164,0.5261048474392163,1.069824213492639,0.3513670539610272,0,0.2966530717732861,0
22,8,1,2015-01-05,3,0,0.800684366,0.80458143430031,0.12456587130707218,-0.04350986694112002,-0.34929203709306667,0.8012474929248286,0.04294674001629149,0.654507094375,0.850345133,0.7310148082530914,0.004266680468376084,0.007321959334820439,0.8441942329411201,0.6464974730934667,0.9626653955071534,0.5351372427312646,1.0740256258693555,0.33063034437481476,0,0.27986192488057654,0
22,8,1,2015-01-06,4,0,0.800128721,0.7917258998398726,0.12432028011795955,-0.023167486969204232,-0.18635323977087317,0.7782689486063186,0.04502725936288562,0.654507094375,0.800684366,0.7330953275996855,0.004266680468376084,0.007321959334820439,0.8232962079692042,0.6339536133124984,0.9494981863672468,0.5228129382033326,1.0606388614764126,0.368574087022165,0,0.310659194564754,0
22,8,1,2015-01-07,5,0,0.850136766,0.7847461183576623,0.12426531209902893,0.03808755294464283,0.30650188939525036,0.7660769102302137,0.04597230282514339,0.654507094375,0.800128721,0.7340403710619433,0.004266680468376084,0.007321959334820439,0.8120492130553572,0.6270435906019409,0.9424486461133836,0.5159520561698034,1.0535401805455211,0.3898874580246069,0,0.32811380918164157,0
22,8,1,2015-01-08,6,0,0.850136766,0.7966287462947903,0.12425296120070221,0.01919517679595706,0.1544846626629014,0.7861047622632359,0.044836826940807026,0.654507094375,0.850136766,0.7329048951776069,0.004266680468376084,0.007321959334820439,0.8309415892040429,0.6389418928077226,0.954315599781858,0.5278613999142379,1.0653960926753427,0.35372882745882367,0,0.2985713385598046,0
22,8,1,2015-01-10,7,0,0.850136766,0.8011078504210872,0.12425018362256629,0.01118396772271879,0.09001167963415034,0.7961964906830683,0.04275630759421289,0.654507094375,0.850136766,0.7308243758310128,0.004266680468376084,0.007321959334820439,0.8389527982772812,0.6434245219007676,0.9587911789414069,0.532346512125153,1.0698691887170213,0.3404152212218048,0,0.28777393800660883,0
22,8,1,2015-01-11,8,0,0.850136766,0.8039845825615619,0.12424955885383974,0.006249356411542117,0.05029680965622994,0.8020761454565027,0.04181126413195513,0.654507094375,0.850136766,0.729879332368755,0.004266680468376084,0.007321959334820439,0.8438874095884579,0.6463020469222625,0.9616671182008614,0.5352245956815708,1.0727445694415532,0.33196810459573434,0,0.28094252774685646,0
22,8,1,2015-01-12,9,0,0.850136766,0.8072555636414892,0.12424941831658828,0.001828487918604238,0.014716269447195635,0.8053615380651042,0.04294674001629149,0.654507094375,0.850136766,0.7310148082530914,0.004266680468376084,0.007321959334820439,0.8483082780813958,0.649573206355098,0.9649379209278804,0.5384958807528378,1.0760152465301407,0.32246691704084085,0,0.27327491153427413,0
22,8,1,2015-01-13,10,0,0.850252525,0.8108490559504221,0.1242493867034259,-0.0019856881874690258,-0.01598147274729586,0.8063228031997911,0.045915409987677964,0.654507094375,0.850136766,0.7339834782244778,0.004266680468376084,0.007321959334820439,0.8522382131874691,0.653166738783639,0.9685313731172053,0.542089441443125,1.0796086704577192,0.3121613350639074,0,0.2649758158652972,0
22,8,1,2015-01-14,11,0,0.850136766,0.8102274090213823,0.12424937959218488,-0.0011144326918495207,-0.008969321983798597,0.8052788958667061,0.04597230282514339,0.654507094375,0.850252525,0.7340403710619433,0.004266680468376084,0.007321959334820439,0.8512511986918495,0.6525451008793275,0.9679097171634372,0.5414678098961684,1.0789870081465964,0.3139339207999602,0,0.2664020558219184,0
22,8,1,2015-01-15,12,0,0.850415628,0.80871111462526,0.12424937799254186,0.0008857798260037963,0.007129048372837454,0.8046930212331892,0.044836826940807026,0.654507094375,0.850136766,0.7329048951776069,0.004266680468376084,0.007321959334820439,0.8495298481739962,0.6510288085132789,0.9663934207372411,0.5399515189601793,1.0774707102903407,0.31827554169054084,0,0.2698974820003043,0
22,8,1,2015-01-17,13,0,0.800128721,0.8069332796397222,0.12424937763270903,-0.047786276075181155,-0.3845997218307295,0.8051586894809682,0.04275630759421289,0.654507094375,0.850415628,0.7308243758310128,0.004266680468376084,0.007321959334820439,0.8479149970751811,0.6492509739843975,0.9646155852950469,0.5381736847529837,1.0756928745264607,0.32339797727914465,0,0.2740255737004249,0
22,8,1,2015-01-18,14,0,0.800128721,0.7896589431174104,0.12424937755176615,-0.021719243289763157,-0.17480363859943077,0.780036700157808,0.04181126413195513,0.654507094375,0.800128721,0.729879332368755,0.004266680468376084,0.007321959334820439,0.8218479642897631,0.6319766375648086,0.9473412486700121,0.5208993484057567,1.058418537829064,0.3747918779489513,0,0.3157385089508501,0
22,8,1,2015-01-19,15,0,0.800162602,0.7833726251849132,0.12424937753355841,-0.011402693840509626,-0.09177264358873655,0.7686185558242181,0.04294674001629149,0.654507094375,0.800128721,0.7310148082530914,0.004266680468376084,0.007321959334820439,0.8115652958405096,0.6256903196554185,0.9410549307144079,0.5146130305126441,1.0521322198571825,0.39412110254437,0,0.33159625158954814,0
22,8,1,2015-01-20,16,0,0.800128721,0.7815566716438793,0.12424937752946265,-0.0075225205138297335,-0.06054372797196473,0.7626239821509441,0.04502725936288562,0.654507094375,0.800162602,0.7330953275996855,0.004266680468376084,0.007321959334820439,0.8076512415138297,0.6238743661195825,0.9392389771681762,0.5127970769804695,1.0503162663072891,0.39975608060101914,0,0.33623973691431247,0
22,8,1,2015-01-21,17,0,0.800436542,0.7799311561104295,0.12424937752854134,-0.004205036828845099,-0.03384352430964219,0.7586692760037017,0.04597230282514339,0.654507094375,0.800128721,0.7340403710619433,0.004266680468376084,0.007321959334820439,0.8046415788288451,0.6222488505873018,0.9376134616335572,0.5111715614490127,1.0486907507718464,0.4048179296276575,0,0.34041930347605054,0
22,8,1,2015-01-22,18,0,0.555500132,0.7346496407537059,0.12424937752833409,-0.20308620280791023,-1.6345047906706658,0.7564586226773838,0.0021277121305263713,0.654507094375,0.800436542,0.6901957803673262,0.004266680468376084,0.007321959334820439,0.7585863348079103,0.5769673352308412,0.8923319462765705,0.4658900460927372,1.0034092354146744,0.5491621329084723,1,0.46390726562238926,1
22,8,1,2015-01-24,19,0,0.34998951,0.4624508185544239,0.12424937752828748,-0.0990300501236604,-0.7970265291760881,0.6496930441489043,-0.2006734840252439,0.654507094375,0.555500132,0.487394584211556,0.004266680468376084,0.007321959334820439,0.4490195601236604,0.30476851303161845,0.6201331240772293,0.19369122389355609,0.7312104132152917,0.9896741097672946,1,0.9765012734152514,1
22,8,1,2015-01-25,20,0,0.500061916,0.5227722532632346,0.12424937752827699,0.008942494846281401,0.07197215007573174,0.5976314050667542,-0.10651198391303553,0.654507094375,0.34998951,0.5815560843237644,0.004266680468376084,0.007321959334820439,0.49111942115371865,0.36508994774044246,0.6804545587860268,0.25401265860238953,0.7915318479240797,0.9662855050570295,1,0.9344035974398582,1
22,8,1,2015-01-26,21,0,0.600143365,0.5903678772247876,0.12424937752827463,0.0397828968185997,0.3201858843079239,0.602332613827122,-0.041972145645721756,0.654507094375,0.500061916,0.6460959225910782,0.004266680468376084,0.007321959334820439,0.5603604681814003,0.4326855717019984,0.7480501827475767,0.3216082825639476,0.8591274718856275,0.9005640173332904,1,0.8368085272065982,1
22,8,1,2015-01-27,22,0,0.650307143,0.6377449950997968,0.1242493775282741,0.03524948606986089,0.28369949830806634,0.623247102037778,-0.008189445107638901,0.654507094375,0.600143365,0.679878623129161,0.004266680468376084,0.007321959334820439,0.6150576569301391,0.48006268957700826,0.7954273006225853,0.3689854004389579,0.9065045897606356,0.8168605096878301,1,0.7323346112138458,1
22,8,1,2015-01-28,23,0,0.467693269,0.5962983595025699,0.12424937752827397,-0.11240367359376141,-0.9046618649512592,0.6417783056402042,-0.0616813630464428,0.654507094375,0.650307143,0.6263867051903571,0.004266680468376084,0.007321959334820439,0.5800969425937614,0.4386160539797816,0.7539806650253582,0.32753876484173133,0.8650579541634085,0.8919641681481736,1,0.8252881795215627,1
22,8,1,2015-01-31,25,0,0.286984568,0.4764391903705343,0.14037303261146575,-0.1525708790608688,-1.0868959387887922,0.5826859444948984,-0.1431304974340296,0.654507094375,0.467693269,0.5449375708027703,0.004266680468376084,0.007321959334820439,0.4395554470608688,0.29829468891929267,0.6545836918217759,0.1728030668222677,0.7800753139188008,0.9743411276591317,1,0.9481375809334875,1
22,8,1,2015-02-01,26,0,0.466821212,0.4756249285770272,0.12723937193032986,0.06163718584866673,0.48441912997194203,0.48680834702053133,-0.08162432086919809,0.654507094375,0.286984568,0.6064437473676018,0.004266680468376084,0.007321959334820439,0.40518402615133325,0.31414808323282917,0.6371017739212252,0.20039777891091826,0.7508520782431362,0.9844725788351658,1,0.9664485314848317,1
22,8,1,2015-02-02,27,0,0.260978788,0.5304074972507091,0.12489675552433861,-0.21080429768539954,-1.6878284531924461,0.5205697494787725,-0.04878666379337299,0.654507094375,0.466821212,0.6392814044434268,0.004266680468376084,0.007321959334820439,0.47178308568539956,0.37190361775310576,0.6889113767483125,0.2602475813063688,0.8005674131950494,0.9606425949581074,1,0.9251134233017316,1
22,8,1,2015-02-03,28,0,0.586465465,0.49239548870687666,0.12439378824602014,0.19184429624512422,1.5422337316852484,0.40871286837394005,-0.014091699619064285,0.654507094375,0.260978788,0.6739763686177356,0.004266680468376084,0.007321959334820439,0.39462116875487574,0.3345299145402576,0.6502610628734957,0.22332352414336143,0.7614674532703919,0.9808149577693549,1,0.9596759915060765,1
22,8,1,2015-02-04,29,0,0.700135088,0.5447350428468276,0.12428180132495262,0.2178010301875592,1.7524772562483797,0.5097795395671233,-0.027445481754682494,0.654507094375,0.586465465,0.6606225864821174,0.004266680468376084,0.007321959334820439,0.4823340578124408,0.38701158895681365,0.7024584967368416,0.27590531337625335,0.8135647723174019,0.9506928706923508,1,0.9092752060558604,1
22,8,1,2015-02-05,30,0,0.496549708,0.6350476055497545,0.12425666805475716,-0.11619126222481069,-0.9350907604701566,0.6243348244512462,-0.011593854226435541,0.654507094375,0.700135088,0.6764742140103643,0.004266680468376084,0.007321959334820439,0.6127409702248107,0.4773560477711625,0.7927391633283465,0.36627224099950906,0.9038229700999999,0.8225483921131741,1,0.7389725941277517,1
22,8,1,2015-02-07,31,0,0.365318713,0.5932585719372099,0.12425101734586676,-0.18425171593060058,-1.4828990527917778,0.5632448025036303,-0.01367437357302968,0.654507094375,0.496549708,0.6743936946637702,0.004266680468376084,0.007321959334820439,0.5495704289306006,0.43557418535595827,0.7509429585184615,0.3244954302428141,0.8620217136316057,0.8964338373562195,1,0.8312484116057621,1
22,8,1,2015-02-08,32,0,0.353259649,0.5293504320709443,0.12424974639037673,-0.0984994343083308,-0.7927536044931492,0.4663785003436183,-0.014619417035287439,0.654507094375,0.365318713,0.6734486512015124,0.004266680468376084,0.007321959334820439,0.4517590833083308,0.37166765843291927,0.6870332057089694,0.2605900395370605,0.7981108246048282,0.9621216131000077,1,0.9275249267559793,1
22,8,1,2015-02-09,33,0,0.350301724,0.19406874710205513,0.12424946050182883,0.25194836287304395,2.027762228145333,0.4145955368793739,-0.31624217575241786,0.654507094375,0.353259649,0.371825892484382,0.004266680468376084,0.007321959334820439,0.09835336112695603,0.03638633627925092,0.35175115792485934,-0.07469102703605263,0.4628285212401629,0.9999961671708792,1,0.9999783739133995,1
22,8,1,2015-02-10,34,0,0.393548851,0.37617175080558907,0.12424939619280007,0.0673685180558703,0.5422039874651249,0.5452354457754873,-0.21905511283135765,0.654507094375,0.350301724,0.46901295540544224,0.004266680468376084,0.007321959334820439,0.3261803329441297,0.21848942159603815,0.53385408001514,0.1074121157721501,0.644931385839028,0.9986881281603358,1,0.9961846409820877,1
22,8,1,2015-02-11,35,0,0.714410494,0.4635420040825744,0.12424938172677823,0.2884640668540965,2.3216539418153634,0.580652134132026,-0.15470570698612246,0.654507094375,0.393548851,0.5333623612506775,0.004266680468376084,0.007321959334820439,0.42594642714590353,0.3058596932315515,0.6212243149335973,0.1947824003400943,0.7323016078250545,0.989430942170226,1,0.9760177876746226,1
22,8,1,2015-02-12,36,0,0.463403955,0.5807476940415158,0.12424937847270946,-0.12547204892272157,-1.0098404552605522,0.7112918107545305,-0.12241580683180897,0.654507094375,0.714410494,0.5656522614049909,0.004266680468376084,0.007321959334820439,0.5888760039227215,0.423065387320164,0.7384300007628677,0.31198809733780103,0.8495072907452306,0.9134323614580899,1,0.854478357557061,1
22,8,1,2015-02-14,37,0,0.700206125,0.5691878913319226,0.12424937774072067,0.14597683743147383,1.1748697666405483,0.6453292003413815,-0.09109991277285531,0.654507094375,0.463403955,0.5969681554639445,0.004266680468376084,0.007321959334820439,0.5542292875685262,0.41150558553952254,0.7268701971243227,0.30042829621154776,0.8379474864522974,0.9271979656628209,1,0.8740249882108536,1
22,8,1,2015-02-15,38,0,0.700573099,0.6164311082437939,0.12424937757606293,0.0722407908182705,0.5814177280207796,0.7220714966309016,-0.09373918844917221,0.654507094375,0.700206125,0.5943288797876277,0.004266680468376084,0.007321959334820439,0.6283323081817295,0.45874880266035756,0.7741134138272302,0.34767151347958464,0.8851907030080031,0.8588140967347583,1,0.782732399462377,1
22,8,1,2015-02-16,39,0,0.621971751,0.5797226454229141,0.12424937753902388,0.01705556768944716,0.13726883810013774,0.7600496050586248,-0.15513342174807196,0.654507094375,0.700573099,0.5329346464887279,0.004266680468376084,0.007321959334820439,0.6049161833105529,0.42204033988648326,0.7374049509593449,0.31096305073882274,0.8484822401070053,0.9147265061958791,1,0.856286176808739,1
22,8,1,2015-02-17,40,0,0.600982906,0.5246928166852185,0.12424937753069208,0.04795831931530825,0.3859843829274846,0.7690159825210096,-0.21599139583631774,0.654507094375,0.621971751,0.4720766724004821,0.004266680468376084,0.007321959334820439,0.5530245866846918,0.3670105111593614,0.6823751222110757,0.25593322201914936,0.7934524113512876,0.9651108080722698,1,0.9324491229682684,1
22,8,1,2015-02-18,41,1,0.251399254,0.5719749592000852,0.12424937752881789,-0.3577318274830556,-2.8791438202584536,0.7942284176167154,-0.18509733613365975,0.654507094375,0.600982906,0.5029707321031401,0.004266680468376084,0.007321959334820439,0.6091310814830556,0.4142926536766066,0.7296572647235638,0.30321536453807013,0.8407345538621003,0.9240431120886285,1,0.8694811482976131,1
22,8,1,2015-02-19,42,1,0.7,0.5176258827482932,0.1242493775283963,0.19094187745432167,1.536763251877727,0.6635887533721858,-0.15453063082650748,0.654507094375,0.251399254,0.5335374374102924,0.004266680468376084,0.007321959334820439,0.5090581225456783,0.35994357722534964,0.6753081882712368,0.24886628808719008,0.7863854774093963,0.9692736126179231,1,0.9394277776258991,1
22,8,1,2015-02-22,43,1,0.700614035,0.5798480463946277,0.12424937752830147,0.09420035763980994,0.7581555699814514,0.7639698709955494,-0.1575561936353594,0.654507094375,0.7,0.5305118746014406,0.004266680468376084,0.007321959334820439,0.60641367736019,0.4221657408718045,0.737530351917451,0.3110884517337297,0.8486076410555258,0.9145689677555751,1,0.8560657923780074,1
22,8,1,2015-02-23,44,1,0.700614035,0.6131732087385253,0.12424937752828014,0.043542287202302465,0.3504426989374003,0.8134924655487205,-0.156420717751023,0.654507094375,0.700614035,0.5316473504857768,0.004266680468376084,0.007321959334820439,0.6570717477976975,0.45549090321572916,0.7708555142613215,0.3444136140776734,0.8819328033993772,0.8646011018097328,1,0.7899684914221186,1
22,8,1,2015-02-24,45,1,0.700518519,0.6318859509070192,0.12424937752827533,0.01672222864183337,0.13458601543519125,0.8363833238115069,-0.15258703345334035,0.654507094375,0.700614035,0.5354810347834595,0.004266680468376084,0.007321959334820439,0.6837962903581666,0.4742036453842291,0.7895682564298092,0.3631263562461776,0.9006455455678607,0.8291015601793447,1,0.7466917712905342,1
22,8,1,2015-02-25,46,1,0.700362069,0.7010749419096933,0.12424937752827425,-0.05570010993778407,-0.44829286911404387,0.8451744597456305,-0.08911228080784646,0.654507094375,0.700518519,0.5989557874289534,0.004266680468376084,0.007321959334820439,0.756062178937784,0.5433926363869046,0.858757247432482,0.4323153472488541,0.9698345365705325,0.6531227322796098,1,0.5601139241425273,1
22,8,1,2015-02-26,47,1,0.750206897,0.6500783683149536,0.12424937752827402,0.0553901368900781,0.4457981037166452,0.8158920447938521,-0.12107528468393022,0.654507094375,0.700362069,0.5669927835528696,0.004266680468376084,0.007321959334820439,0.6948167601099219,0.4923960627921652,0.807760673837742,0.3813187736541149,0.9188379629757923,0.7893599165176781,0,0.7009968791686862,1
22,8,1,2015-02-28,48,1,0.750425926,0.666925496210004,0.12424937752827396,0.028570227941834503,0.2299426243429921,0.8450115020886899,-0.12315580403052435,0.654507094375,0.750206897,0.5649122642062755,0.004266680468376084,0.007321959334820439,0.7218556980581655,0.5092431906872157,0.8246078017327922,0.3981659015491654,0.9356850908708425,0.748128181388218,0,0.6560907218217328,1
22,8,1,2015-03-01,49,1,0.75075,0.7990495850159043,0.12424937752827395,-0.1084867216309443,-0.8731369427284035,0.8600313157083428,-0.0007945940773984115,0.654507094375,0.750425926,0.6872734741594014,0.004266680468376084,0.007321959334820439,0.8592367216309443,0.641367279493116,0.9567318905386926,0.5302899903550657,1.0678091796767428,0.34650733352999064,0,0.2927098753373269,0
22,8,1,2015-03-02,50,2,0.750473684,0.7631135078634974,0.12424937752827395,-0.05286535499721412,-0.42547782571533754,0.8029981571902762,0.00034088180693795343,0.654507094375,0.75075,0.6884089500437378,0.004266680468376084,0.007321959334820439,0.8033390389972141,0.6054312023407091,0.9207958133862857,0.49435391320265887,1.031873102524336,0.4579729361109639,0,0.38484376427825456,0
22,8,1,2015-03-03,51,2,0.750473684,0.7471291361144565,0.12424937752827395,-0.027153734196677437,-0.21854221515514946,0.7752060170431454,0.002421401153532078,0.654507094375,0.750473684,0.690489469390332,0.004266680468376084,0.007321959334820439,0.7776274181966775,0.5894468305916682,0.9048114416372448,0.478369541453618,1.015888730775295,0.5092170046094925,0,0.42876504571142326,1
22,8,1,2015-03-04,52,2,0.433263158,0.7704975192447014,0.12424937752827395,-0.362736344045037,-2.91942182134871,0.7609308762377585,0.03506862580727858,0.654507094375,0.750473684,0.7231366940440784,0.004266680468376084,0.007321959334820439,0.795999502045037,0.6128152137219132,0.9281798247674897,0.5017379245838629,1.03925711390554,0.43448348256233976,1,0.36508513204398624,0
22,8,1,2015-03-08,55,2,0.600528571,0.4869418801365123,0.15482657637794525,0.13380859054817618,0.8642482038841812,0.6302912119948328,-0.16357123154300898,0.654507094375,0.433263158,0.5244968366937909,0.004266680468376084,0.007321959334820439,0.46671998045182383,0.2904546863562536,0.683429073916771,0.1520417885799733,0.8218419716930513,0.9553451338192722,1,0.9166014595509082,1
22,8,1,2015-03-09,56,2,0.650421429,0.5801886637533402,0.1291283331550248,0.05792667371696214,0.4485977035529326,0.7232283297502218,-0.1307335744671839,0.654507094375,0.600528571,0.557334493769616,0.004266680468376084,0.007321959334820439,0.5924947552830379,0.41631457693495233,0.7440627505717281,0.30087556642955765,0.8595017610771227,0.9057549101578486,1,0.8438712914436126,1
22,8,1,2015-03-10,57,2,0.700505263,0.6368739653548586,0.1252811754267079,0.0399537572487616,0.3189126946860055,0.755718183655028,-0.0951666779037895,0.654507094375,0.650421429,0.5929013903330104,0.004266680468376084,0.007321959334820439,0.6605515057512384,0.47788222653996704,0.7958657041697502,0.36588252381903746,0.9078654068906797,0.8167309801785392,1,0.7321841003949267,1
22,8,1,2015-03-11,58,2,0.700505263,0.6516738606887648,0.12447840554477611,0.01769355706089104,0.14214157856100185,0.7770333403806408,-0.09422163444153173,0.654507094375,0.700505263,0.5938464337952681,0.004266680468376084,0.007321959334820439,0.682811705939109,0.493700900465005,0.8096468209125245,0.38241886332969466,0.9209288580478349,0.7852084316302818,1,0.6963682786693098,1
23,9,1,2015-01-01,0,0,0.721126957,0.7174112081506687,0.1683963820802506,0.003715748849331235,0.022065490976881357,0.7417284566839735,-0.02431724853330478,0.7453368016499999,0.7453368016499999,0.7174112081506687,0.004453586403408392,0.003903755094309349,0.7174112081506687,0.5037028556716562,0.9311195606296813,0.3531587322785784,1.0816636840227591,0.5767258111795363,1,0.4886926615796268,1
23,9,1,2015-01-03,1,0,0.699965217,0.7174134369561208,0.10827600923510827,-0.018569699730299538,-0.17150336313169504,0.7449326846101985,-0.026397767879898917,0.7453368016499999,0.721126957,0.7153306888040746,0.004453586403408392,0.003903755094309349,0.7185349167302996,0.5800026015166158,0.8548242723956259,0.4832052909483155,0.9516215829639261,0.6182768513396908,1,0.526998838503381,1
23,9,1,2015-01-04,2,0,0.850569492,0.781006599338973,0.1046958662888519,0.07277663960518665,0.69512428890362,0.732546322557803,0.04524652983701023,0.7453368016499999,0.699965217,0.7869749865209837,0.004453586403408392,0.003903755094309349,0.7777928523948133,0.6481392489864527,0.9138739496914933,0.5545425385427396,1.0074706601352064,0.38355441566340687,0,0.3229142264637047,0
23,9,1,2015-01-05,3,0,0.850569492,0.8125996475929612,0.1042631501582573,0.024783360075232075,0.23770008903063355,0.7794041262034213,0.0463820057213466,0.7453368016499999,0.850569492,0.7881104624053201,0.004453586403408392,0.003903755094309349,0.8257861319247679,0.6802814482983086,0.9449178468876138,0.5870715803137605,1.038127714872162,0.2741196769938196,0,0.23446607436675224,0
23,9,1,2015-01-06,4,0,0.850502311,0.8250044700804773,0.10420767950514515,0.0067521164349118035,0.0647948065533733,0.7952876694971475,0.04846252506794072,0.7453368016499999,0.850569492,0.7901909817519142,0.004453586403408392,0.003903755094309349,0.8437501945650882,0.6927566674400822,0.9572522727208723,0.5995963894808284,1.0504125506801263,0.23583653419224326,0,0.2038738012881284,0
23,9,1,2015-01-07,5,0,0.850502311,0.8287606457492306,0.10420051645860641,0.001482254193430177,0.014225017723582986,0.7996124882763713,0.049407568530198495,0.7453368016499999,0.850502311,0.7911360252141719,0.004453586403408392,0.003903755094309349,0.8490200568065698,0.6965219335824884,0.9609993579159728,0.6033680592914645,1.0541532322069966,0.22486759536027456,0,0.19511087846460662,0
23,9,1,2015-01-08,6,0,0.900215716,0.8282422343074027,0.1041995906087491,0.051381805166215044,0.4931094725616012,0.8005618181879229,0.04827209264586213,0.7453368016499999,0.850502311,0.7900005493298357,0.004453586403408392,0.003903755094309349,0.848833910833785,0.6960046971174931,0.9604797714973123,0.6028516505239142,1.0536328180908914,0.2263599964127132,0,0.1963033611421812,0
23,9,1,2015-01-10,7,0,0.851174114,0.8475518171469076,0.10419947092474717,-0.028487127004266366,-0.27339032292054305,0.8334696677049983,0.04619157329926799,0.7453368016499999,0.900215716,0.7879200299832415,0.004453586403408392,0.003903755094309349,0.8796612410042663,0.7153144318454803,0.979789202448335,0.6221614922478054,1.07294214204601,0.17458443856840333,0,0.1548111071568275,0
23,9,1,2015-01-11,8,0,0.900215716,0.8347476774575109,0.10419945545303208,0.03974428188435908,0.38142504403272837,0.8152249042786307,0.04524652983701023,0.7453368016499999,0.851174114,0.7869749865209837,0.004453586403408392,0.003903755094309349,0.860471434115641,0.7025103117909159,0.9669850431241058,0.6093573860247483,1.0601379688902735,0.20801682153146145,0,0.18163750701718318,0
23,9,1,2015-01-12,9,0,0.850502311,0.852428562947327,0.10419945345297821,-0.03655907531610014,-0.35085668978674683,0.8406793805947534,0.0463820057213466,0.7453368016499999,0.900215716,0.7881104624053201,0.004453586403408392,0.003903755094309349,0.8870613863161001,0.720191199818959,0.9846659260756951,0.6270382758408128,1.0778188500538413,0.1628025380207066,0,0.14530725149447543,0
23,9,1,2015-01-13,10,0,0.850502311,0.8392896636961327,0.1041994531944279,-0.015225104512250454,-0.14611501351971223,0.8172648904443097,0.04846252506794072,0.7453368016499999,0.850502311,0.7901909817519142,0.004453586403408392,0.003903755094309349,0.8657274155122504,0.7070523008958853,0.97152702649638,0.6138993771488799,1.0646799502433855,0.19574702046003406,0,0.17181101239277513,0
23,9,1,2015-01-14,11,0,0.850502311,0.8338965479976903,0.10419945316100467,-0.006419133881123362,-0.06160429528554995,0.8075138763509249,0.049407568530198495,0.7453368016499999,0.850502311,0.7911360252141719,0.004453586403408392,0.003903755094309349,0.8569214448811233,0.7016591852398597,0.9661339107555209,0.6085062615227341,1.0592868344726465,0.2103655708011633,0,0.18351675550552032,0
23,9,1,2015-01-15,12,0,0.800117103,0.8300888085393987,0.10419945315668398,-0.05155769126762477,-0.4947980983172516,0.8034027016217627,0.04827209264586213,0.7453368016499999,0.850502311,0.7900005493298357,0.004453586403408392,0.003903755094309349,0.8516747942676248,0.6978514457870514,0.962326171291746,0.6046985220737885,1.055479095005009,0.22106224314006945,0,0.19206980459671388,0
23,9,1,2015-01-17,13,0,0.800117103,0.806544997901989,0.10419945315612546,-0.016456723781314353,-0.15793483826308286,0.7703822534820464,0.04619157329926799,0.7453368016499999,0.800117103,0.7879200299832415,0.004453586403408392,0.003903755094309349,0.8165738267813144,0.6743076351503505,0.9387823606536274,0.5811547114375869,1.0319352843663911,0.2936815545433311,0,0.2501336771531866,0
23,9,1,2015-01-18,14,0,0.800015009,0.7987490763743179,0.10419945315605324,-0.005073961910728619,-0.04869470766923942,0.7598424410737183,0.04524652983701023,0.7453368016499999,0.800117103,0.7869749865209837,0.004453586403408392,0.003903755094309349,0.8050889709107286,0.6665117136227711,0.9309864391258648,0.573358789910072,1.0241393628385638,0.31994811953570934,0,0.27124489567281074,0
23,9,1,2015-01-19,15,0,0.800117103,0.7977722791950208,0.10419945315604391,-0.0028576929279364727,-0.02742522001201805,0.75659279020659,0.0463820057213466,0.7453368016499999,0.800015009,0.7881104624053201,0.004453586403408392,0.003903755094309349,0.8029747959279365,0.6655349164434858,0.9300096419465558,0.5723819927307952,1.0231625656592465,0.3233075574317873,0,0.2739526665529896,0
23,9,1,2015-01-20,16,0,0.800117103,0.7986631507078281,0.1041994531560427,-0.003107984837935507,-0.029827266303223104,0.7547625627699949,0.04846252506794072,0.7453368016499999,0.800117103,0.7901909817519142,0.004453586403408392,0.003903755094309349,0.8032250878379356,0.6664257879562947,0.9309005134593615,0.573272864243605,1.0240534371720513,0.3202430519680837,0,0.27148253939379746,0
23,9,1,2015-01-21,17,0,0.520237649,0.7282069660229837,0.10419945315604255,-0.21183456918965227,-2.0329719856823254,0.7527720343030266,-0.02069981611337432,0.7453368016499999,0.800117103,0.7210286405705991,0.004453586403408392,0.003903755094309349,0.7320722181896523,0.5959696032714504,0.860444328774517,0.502816679558761,0.9535972524872065,0.582833373310022,1,0.4942492966543726,1
23,9,1,2015-01-22,18,0,0.500547544,0.5085145097047183,0.10419945315604252,0.03488241942432707,0.3347658588197134,0.6193016420295581,-0.15363651745388512,0.7453368016499999,0.520237649,0.5880919392300883,0.004453586403408392,0.003903755094309349,0.46566512457567294,0.3762771469531851,0.6407518724562515,0.28312422324049563,0.7339047961689411,0.9897625951696564,1,0.9766775890036095,1
23,9,1,2015-01-24,19,0,0.600125217,0.584359785152442,0.10419945315604252,0.050795584139727845,0.4874841719529908,0.6416423072777739,-0.09231267441750185,0.7453368016499999,0.500547544,0.6494157822664717,0.004453586403408392,0.003903755094309349,0.5493296328602721,0.4521224224009088,0.7165971479039752,0.3589694986882193,0.8097500716166648,0.9440426575077858,1,0.8990198811805807,1
23,9,1,2015-01-25,20,0,0.650407524,0.6362629515704165,0.10419945315604252,0.037788401581660636,0.36265450956898126,0.6741746591066102,-0.061555536688270886,0.7453368016499999,0.600125217,0.6801729199957026,0.004453586403408392,0.003903755094309349,0.6126191224183394,0.5040255888188832,0.7685003143219498,0.41087266510619375,0.8616532380346391,0.8624805934973572,1,0.7873081935405847,1
23,9,1,2015-01-26,21,0,0.70061442,0.6848317915331137,0.10419945315604252,0.030955820679878454,0.29708237176178814,0.6983764789325674,-0.028717879612445867,0.7453368016499999,0.650407524,0.7130105770715276,0.004453586403408392,0.003903755094309349,0.6696585993201215,0.5525944287815805,0.8170691542846469,0.459441505068891,0.9102220779973365,0.7341516081730144,1,0.6413661100850286,1
23,9,1,2015-01-27,22,0,0.700386207,0.6997991136060957,0.10419945315604252,0.008821237984995234,0.08465723876482446,0.7182023292808565,-0.026637360265851742,0.7453368016499999,0.70061442,0.7150910964181217,0.004453586403408392,0.003903755094309349,0.6915649690150047,0.5675617508545625,0.8320364763576289,0.474408827141873,0.9251894000703185,0.6850177688980597,1,0.5913274235826776,1
23,9,1,2015-01-28,23,0,0.750593103,0.7044164084000406,0.10419945315604252,0.05243347308937263,0.5032029583768695,0.7238519467142214,-0.025692316803593965,0.7453368016499999,0.700386207,0.7160361398803795,0.004453586403408392,0.003903755094309349,0.6981596299106274,0.5721790456485074,0.8366537711515738,0.4790261219358179,0.9298066948642634,0.6691128460782764,0,0.5756476511328926,1
23,9,1,2015-01-29,24,0,0.850170115,0.7251088087962168,0.10419945315604252,0.11956461284984365,1.1474591202584454,0.7574332948380866,-0.02682779268793033,0.7453368016499999,0.750593103,0.7149006639960431,0.004453586403408392,0.003903755094309349,0.7306055021501563,0.5928714460446836,0.85734617154775,0.49971852233199404,0.9504990952604395,0.5944007789536881,0,0.5048411420317565,1
23,9,1,2015-01-31,25,0,0.850610526,0.8027516468320886,0.10419945315604252,0.015560617506705676,0.1493349248522742,0.8340092042874185,0.0010407042058757365,0.7453368016499999,0.850170115,0.7427691608898492,0.004453586403408392,0.003903755094309349,0.8350499084932943,0.6705142840805554,0.9349890095836217,0.5773613603678658,1.0281419332963113,0.3063383102570656,0,0.2602939094555781,0
23,9,1,2015-02-01,26,0,0.750593103,0.8100376003959718,0.10419945315604252,-0.09523082248220593,-0.9139282366443351,0.8439750997874995,0.0018488256947065042,0.7453368016499999,0.850610526,0.7435772823786799,0.004453586403408392,0.003903755094309349,0.845823925482206,0.6778002376444385,0.9422749631475051,0.5846473139317492,1.0354278868601945,0.28224689249750334,0,0.2409708632355295,0
23,9,1,2015-02-02,27,0,0.799963218,0.7715288091975246,0.10419945315604252,0.013994996760817058,0.13430969488735256,0.7829839196601401,0.002984301579042869,0.7453368016499999,0.750593103,0.7447127582630163,0.004453586403408392,0.003903755094309349,0.785968221239183,0.6392914464459913,0.903766171949058,0.546138522733302,0.9969190956617473,0.4181566246281449,0,0.3514726568414001,0
23,9,1,2015-02-03,28,0,0.750593103,0.7794353980345109,0.10419945315604252,-0.04641882141714948,-0.44548047049379025,0.7919471034915125,0.0050648209256369935,0.7453368016499999,0.799963218,0.7467932776096105,0.004453586403408392,0.003903755094309349,0.7970119244171495,0.6471980352829776,0.9116727607860442,0.5540451115702882,1.0048256844987336,0.38878355896114525,0,0.32720664892991475,0
23,9,1,2015-02-04,29,0,0.799963218,0.8166695642900448,0.10419945315604252,-0.02387764337196263,-0.22915325031701442,0.7622178769180248,0.06162298445393785,0.7453368016499999,0.750593103,0.8033514411379113,0.004453586403408392,0.003903755094309349,0.8238408613719627,0.6844322015385116,0.948906927041578,0.591279277825822,1.0420598507542675,0.2611427233555417,0,0.22408979300485535,0
23,9,1,2015-02-05,30,0,0.799963218,0.7816829679127244,0.10419945315604252,0.016461358492204203,0.1579793174879019,0.7469252898127486,0.036576569695047134,0.7453368016499999,0.799963218,0.7783050263790205,0.004453586403408392,0.003903755094309349,0.7835018595077958,0.6494456051611912,0.9139203306642576,0.5562926814485016,1.0070732543769472,0.38054078969774485,0,0.32044396008246717,0
23,9,1,2015-02-07,31,0,0.799963218,0.786455256045897,0.10419945315604252,0.007999097100695796,0.0767671696771465,0.7574680705508512,0.034496050348452996,0.7453368016499999,0.799963218,0.7762245070324265,0.004453586403408392,0.003903755094309349,0.7919641208993042,0.6542178932943639,0.9186926187974302,0.5610649695816743,1.0118455425101198,0.3632217563991217,0,0.3062948159693241,0
23,9,1,2015-02-08,32,0,0.799963218,0.7888402094650624,0.10419945315604252,0.0038210684376872583,0.03667071488335997,0.7625911426761175,0.033551006886195237,0.7453368016499999,0.799963218,0.7752794635701687,0.004453586403408392,0.003903755094309349,0.7961421495623128,0.6566028467135292,0.9210775722165956,0.5634499230008396,1.0142304959292852,0.35466774789911704,0,0.299334298682579,0
23,9,1,2015-02-09,33,0,0.799963218,0.7915663831270385,0.10419945315604252,0.0002383652031356931,0.0022875859317489163,0.7650383700263328,0.0346864827705316,0.7453368016499999,0.799963218,0.776414939454505,0.004453586403408392,0.003903755094309349,0.7997248527968643,0.6593290203755053,0.9238037458785717,0.5661760966628158,1.0169566695912613,0.3449791264229955,0,0.29147095260398465,0
23,9,1,2015-02-10,34,0,0.8008,0.7937461330959255,0.10419945315604252,-0.001158034639293426,-0.01111363451744057,0.7651910325221677,0.036767002117125726,0.7453368016499999,0.799963218,0.7784954588010992,0.004453586403408392,0.003903755094309349,0.8019580346392934,0.6615087703443923,0.9259834958474586,0.5683558466317027,1.0191364195601482,0.3373045549135337,0,0.2852566021691547,0
23,9,1,2015-02-11,35,0,0.800144144,0.7942090906816295,0.10419945315604252,-0.0020172635222377444,-0.019359636362168024,0.7644493619428543,0.0377120455793835,0.7453368016499999,0.8008,0.7794405022633569,0.004453586403408392,0.003903755094309349,0.8021614075222377,0.6619717279300963,0.9264464534331627,0.5688188042174067,1.0195993771458522,0.3356830976210563,0,0.2839451968776293,0
23,9,1,2015-02-12,36,0,0.497885057,0.7922338348629459,0.10419945315604252,-0.3018489055081363,-2.8968377123448668,0.7631573928130891,0.036576569695047134,0.7453368016499999,0.800144144,0.7783050263790205,0.004453586403408392,0.003903755094309349,0.7997339625081363,0.6599964721114127,0.924471197614479,0.5668435483987231,1.0176241213271686,0.34262216747569973,1,0.2895611384590224,0
23,9,1,2015-02-15,38,0,0.283054487,0.4832632233103137,0.12373807999733426,-0.16099422665979013,-1.3010887728600484,0.6296870005396206,-0.18563828687983042,0.7453368016499999,0.497885057,0.556090169804143,0.004453586403408392,0.003903755094309349,0.44404871365979015,0.3262297948691698,0.6402966517514576,0.21560959891588688,0.7509168477047405,0.9844447451463404,1,0.9663961749481089,1
23,9,1,2015-02-16,39,0,0.329964879,0.46983765293198776,0.10614040964010693,-0.05867689039535057,-0.5528232893985225,0.5097402180078672,-0.12109844861251665,0.7453368016499999,0.283054487,0.6206300080714569,0.004453586403408392,0.003903755094309349,0.38864176939535056,0.3351370626020545,0.6045382432619211,0.24024894963631838,0.6994263562276571,0.9958491252785073,1,0.9894476537901082,1
23,9,1,2015-02-17,40,0,0.650134,0.4729345970861506,0.10444323813267428,0.271815866440565,2.6025223968571063,0.4713957037505004,-0.09307757019106537,0.7453368016499999,0.329964879,0.6486508864929081,0.004453586403408392,0.003903755094309349,0.378318133559435,0.34038785188190956,0.6054813422903916,0.2470169876460921,0.698852206526209,0.9960084589413909,1,0.9898054468407704,1
23,9,1,2015-02-18,41,1,0.70009573,0.592768177978302,0.10423085266388712,0.15499751603542633,1.4870598491144105,0.6055285595018927,-0.060430345537318936,0.7453368016499999,0.650134,0.6812981111466545,0.004453586403408392,0.003903755094309349,0.5450982139645737,0.4604909667632374,0.7250453891933665,0.3673099723086173,0.8182263836479866,0.9342861823521801,1,0.8843850999078484,1
23,9,1,2015-02-19,42,1,0.638614379,0.6561794614767841,0.10420351030995838,-0.004651065823034983,-0.04463444474375348,0.7048312662446903,-0.0615658214216553,0.7453368016499999,0.70009573,0.6801626352623181,0.004453586403408392,0.003903755094309349,0.6432654448230349,0.5239369498754454,0.7884219730781228,0.4307803991211759,0.8815785238323923,0.8160353077146785,1,0.7313762355349528,1
23,9,1,2015-02-22,43,1,0.627011183,0.6624296294504455,0.1041999775991663,-0.021461802679679676,-0.20596744043687196,0.7018523316246427,-0.05337934594496299,0.7453368016499999,0.638614379,0.6883491107390105,0.004453586403408392,0.003903755094309349,0.6484729856796797,0.5301916011390316,0.7946676577618593,0.4370382085811724,0.8878210503197186,0.7996598333087442,1,0.7125928691350936,1
23,9,1,2015-02-23,44,1,0.60128,0.6414223483646198,0.10419952095114857,-0.02137480605713893,-0.20513343882991547,0.6881069072340282,-0.06545210117688924,0.7453368016499999,0.627011183,0.6762763555070842,0.004453586403408392,0.003903755094309349,0.622654806057139,0.5091848995757249,0.7736597971535146,0.4160319152551133,0.8668127814741262,0.8512980555265259,1,0.7734447637216055,1
23,9,1,2015-02-24,45,1,0.700256795,0.6385582244186242,0.10419946192002037,0.08525748660246812,0.818214269358786,0.6744172680522813,-0.059417959654749344,0.7453368016499999,0.60128,0.6823104970292241,0.004453586403408392,0.003903755094309349,0.6149993083975319,0.5063208505449086,0.7707955982923398,0.4131679189973396,0.8639485298399088,0.8575787603308518,1,0.7811974477295364,1
23,9,1,2015-02-25,46,1,0.970816667,0.7066978537451379,0.10419945428897645,0.26856643445215655,2.577426496950176,0.7290209675488463,-0.026770735001002834,0.7453368016499999,0.700256795,0.7149577216829707,0.004453586403408392,0.003903755094309349,0.7022502325478435,0.5744604895558217,0.8389352179344541,0.48130756483030446,0.9320881426599714,0.6611375849230474,0,0.5678720391168011,1
23,9,1,2015-02-26,47,1,0.750371895,0.7923181348409113,0.10419945330249879,-0.08421325701752191,-0.8081928872797878,0.8624913629028611,-0.0279062108853392,0.7453368016499999,0.970816667,0.7138222457986343,0.004453586403408392,0.003903755094309349,0.8345851520175219,0.6600807719035134,0.9245554977783091,0.566927848059894,1.0177084216219285,0.3423249138689464,0,0.28932036110868464,0
23,9,1,2015-02-28,48,1,0.750395513,0.7551799233379131,0.10419945317497517,-0.02817420866107534,-0.27038729861436295,0.8085564518930086,-0.029986730231933337,0.7453368016499999,0.750371895,0.7117417264520401,0.004453586403408392,0.003903755094309349,0.7785697216610753,0.6229425605623528,0.8874172861134734,0.5297896368327377,0.9805702098430884,0.48017609932474725,0,0.4037278386443448,1
23,9,1,2015-03-01,49,1,0.750395513,0.8050357619405252,0.10419945315848998,-0.07171452496918274,-0.6882428150568424,0.7905121024801377,0.03159793548904501,0.7453368016499999,0.750395513,0.7733263921730185,0.004453586403408392,0.003903755094309349,0.8221100379691827,0.6727983991858859,0.9372731246951644,0.5796454754710084,1.0304260484100418,0.29868822116085453,0,0.2541502993609029,0
23,9,1,2015-03-02,50,2,0.750395513,0.7763167253092373,0.10419945315635892,-0.02691998159871256,-0.25835050744764615,0.7445820832253311,0.03273341137338138,0.7453368016499999,0.750395513,0.7744618680573548,0.004453586403408392,0.003903755094309349,0.7773154945987125,0.6440793625573026,0.9085540880611721,0.5509264388443302,1.0017070117741445,0.4003037085129381,0,0.3366915267276133,0
23,9,1,2015-03-03,51,2,0.750395513,0.767190547994506,0.10419945315608342,-0.011759429158652135,-0.11285499877851893,0.7273410114386766,0.0348139307199755,0.7453368016499999,0.750395513,0.776542387403949,0.004453586403408392,0.003903755094309349,0.7621549421586521,0.6349531852429209,0.8994279107460912,0.5418002615301949,0.9925808344588172,0.4344809111821238,0,0.3650829806204615,0
23,9,1,2015-03-04,52,2,0.750395513,0.7632401811457377,0.10419945315604781,-0.005173072142408253,-0.04964586651583597,0.7198096109601749,0.035758974182233276,0.7453368016499999,0.750395513,0.7774874308662068,0.004453586403408392,0.003903755094309349,0.7555685851424082,0.6310028183941977,0.8954775438972776,0.5378498946815036,0.9886304676099718,0.4494441815849677,0,0.3776446891763028,0
23,9,1,2015-03-05,53,2,0.750395513,0.7599511729458479,0.10419945315604322,-0.0007244696187590494,-0.006952719969404489,0.7164964843208621,0.03462349829789691,0.7453368016499999,0.750395513,0.7763519549818704,0.004453586403408392,0.003903755094309349,0.751119982618759,0.6277138101943138,0.892188535697382,0.5345608864816237,0.9853414594100721,0.46195836808217766,0,0.38821799330999507,0
23,9,1,2015-03-07,54,2,0.749987124,0.7556116300193791,0.1041994531560426,0.0033690812035045425,0.03233300273139837,0.71603249319002,0.0305855496064754,0.7453368016499999,0.750395513,0.7723140062904489,0.004453586403408392,0.003903755094309349,0.7466180427964955,0.6233742672678458,0.8878489927709124,0.5302213435551563,0.981001916483602,0.4785254652426827,1,0.40231657506476015,1
23,9,1,2015-03-08,55,2,0.750371895,0.7580265529332788,0.10419945315604254,0.0005837170419655813,0.005601920396755282,0.7181902424689894,0.03159793548904501,0.7453368016499999,0.749987124,0.7733263921730185,0.004453586403408392,0.003903755094309349,0.7497881779580344,0.6257891901817456,0.890263915684812,0.532636266469056,0.9834168393975016,0.4692995760473833,0,0.3944507632956726,1
23,9,1,2015-03-09,56,2,0.750395513,0.7594050282342881,0.10419945315604252,-0.0009019860987906636,-0.008656341962178115,0.7185640877254093,0.03273341137338138,0.7453368016499999,0.750371895,0.7744618680573548,0.004453586403408392,0.003903755094309349,0.7512974990987906,0.6271676654827549,0.8916423909858213,0.5340147417700654,0.9847953146985109,0.4640403578056449,0,0.3899833150208712,0
23,9,1,2015-03-10,57,2,0.750395513,0.7611100538397451,0.10419945315604252,-0.002404822766712167,-0.023079034427473014,0.7179864050467366,0.0348139307199755,0.7453368016499999,0.750395513,0.776542387403949,0.004453586403408392,0.003903755094309349,0.7528003357667121,0.6288726910882119,0.8933474165912783,0.5357197673755223,0.9865003403039678,0.45754405257453584,0,0.38448104371027764,0
23,9,1,2015-03-11,58,2,0.750347333,0.7610539777740463,0.10419945315604252,-0.0018578623398060046,-0.017829866506341326,0.7164462211575727,0.03575897418223328,0.7453368016499999,0.750395513,0.7774874308662068,0.004453586403408392,0.003903755094309349,0.752205195339806,0.628816615022513,0.8932913405255796,0.5356636913098236,0.9864442642382689,0.45775753688957554,0,0.3846615848367655,0
