t,team,dept_bin,team_dept_idx,split_code,quarter,day_num,week_of_study,actual_productivity,productivity_beta,logit_productivity,low_productivity,low_productivity_abs,productivity_gap,log_incentive,log_wip_imputed,log_over_time,log_smv,log_workers,targeted_productivity,no_of_style_change,idle_event,wip_missing_flag,incentive_above_695,incentive_zero,style_change_flag,outlier_flag,workers_per_smv,cum_overtime_team,incentive_x_log_wip,log_wip_x_log_workers,incentive_x_workers,sin_dow,cos_dow,log_incentive_s,log_wip_imputed_s,log_over_time_s,log_smv_s,log_workers_s,targeted_productivity_s,no_of_style_change_s,sin_dow_s,cos_dow_s,t_s
0,1,0,0,0,1,5,1,0.8865,0.8861771094402673,2.052273179677888,0,0,0.13649999999999995,0.0,0.0,6.8679744089702925,1.3711807233098425,2.0794415416798357,0.75,0,0,1,0,1,0,0,2.030456852791878,960,0.0,0.0,0.0,-0.8660254037844386,0.5000000000000001,-0.9856129740972022,-1.1731446939116332,-0.8667014757335281,-1.0992948748235933,-1.329301807783477,0.1762726874672926,-0.22888618729874646,-1.2647205579438707,0.6664451087488514,-1.6511514189325383
0,1,1,12,0,1,5,1,0.750427826,0.7502186131127819,1.0997785653529408,0,0,0.00042782600000002,3.828641396489095,6.525029657843462,8.839421607620602,3.3350575791576103,4.051784947803305,0.75,0,0,0,0,0,0,0,2.047720797720798,7860,24.981998661338555,26.438016951620288,15.51283158083114,-0.8660254037844386,0.5000000000000001,0.9277054058868384,0.7256152080350461,0.5801410320570825,1.071580054566176,0.9166677981010531,0.1762726874672926,-0.22888618729874646,-1.2647205579438707,0.6664451087488514,-1.6511514189325383
0,2,0,4,0,1,5,1,0.755166667,0.7549534951812866,1.125208143446938,0,0,0.005166667000000014,0.0,0.0,6.8679744089702925,1.3711807233098425,2.0794415416798357,0.75,0,0,1,0,1,0,0,2.030456852791878,960,0.0,0.0,0.0,-0.8660254037844386,0.5000000000000001,-0.9856129740972022,-1.1731446939116332,-0.8667014757335281,-1.0992948748235933,-1.329301807783477,0.1762726874672926,-0.22888618729874646,-1.2647205579438707,0.6664451087488514,-1.6511514189325383
0,2,1,16,0,1,5,1,0.753097531,0.7528860877827903,1.114064525129968,0,0,0.0030975309999999867,3.5553480614894135,6.598509028614515,8.699681400989514,2.9892110565637253,4.007333185232471,0.75,0,0,0,0,0,0,0,2.7679919476597883,6960,23.459996283605008,26.442424203423023,14.247464271858464,-0.8660254037844386,0.5000000000000001,0.7911302851503994,0.7469974377192647,0.477585878087085,0.6892803482072475,0.8660491749180281,0.1762726874672926,-0.22888618729874646,-1.2647205579438707,0.6664451087488514,-1.6511514189325383
0,3,1,17,0,1,5,1,0.753683478,0.7534715452698413,1.1172138321111116,0,0,0.003683478000000018,3.828641396489095,6.679599185844383,8.839421607620602,3.3350575791576103,4.051784947803305,0.75,0,0,0,0,0,0,0,2.047720797720798,6900,25.573789954878663,27.06429943856348,15.51283158083114,-0.8660254037844386,0.5000000000000001,0.9277054058868384,0.7705943785861225,0.5801410320570825,1.071580054566176,0.9166677981010531,0.1762726874672926,-0.22888618729874646,-1.2647205579438707,0.6664451087488514,-1.6511514189325383
0,4,0,6,0,1,5,1,0.593055556,0.5929778153517127,0.3762892957314602,1,1,-0.15694444399999996,0.0,0.0,7.6783263565068856,1.3711807233098425,2.8903717578961645,0.75,0,0,1,0,1,0,0,4.568527918781726,2160,0.0,0.0,0.0,-0.8660254037844386,0.5000000000000001,-0.9856129740972022,-1.1731446939116332,-0.2719852465748004,-1.0992948748235933,-0.40587000961859426,0.1762726874672926,-0.22888618729874646,-1.2647205579438707,0.6664451087488514,-1.6511514189325383
0,4,1,18,0,1,5,1,0.52118,0.521162305764411,0.08469982355898335,1,1,-0.12882000000000005,0.0,6.759255270663693,8.881975184248867,3.165053018170694,4.0943445622221,0.65,0,0,0,0,1,0,0,2.5327142254115658,9360,0.0,27.67472006211296,0.0,-0.8660254037844386,0.5000000000000001,-0.9856129740972022,0.7937740095965593,0.6113710460115266,0.8836565408135304,0.9651317725418185,-0.7986763836723731,-0.22888618729874646,-1.2647205579438707,0.6664451087488514,-1.6511514189325383
0,5,1,19,0,1,5,1,0.707045902,0.7068729313216373,0.8802447238532843,1,0,-0.0929540980000001,3.9318256327243257,6.505784060128229,8.205491613120236,2.4344901638739844,3.417726683613366,0.8,0,0,0,0,0,0,0,2.6730937773882557,3660,25.579608528581506,22.23499178012675,13.437905380276934,-0.8660254037844386,0.5000000000000001,0.9792705109119583,0.7200148090871645,0.11490064234006199,0.07609033318004338,0.1946456668082843,0.663747223037126,-0.22888618729874646,-1.2647205579438707,0.6664451087488514,-1.6511514189325383
0,6,1,20,0,1,5,1,0.800381944,0.8001309983492063,1.3871133019980066,0,0,0.0003819439999999119,3.9318256327243257,7.065613363597717,7.560601162768557,3.254242968705492,4.02535169073515,0.8,0,0,0,0,0,0,0,2.1621621621621623,1920,27.780759733913047,28.44157869923894,15.826980958362665,-0.8660254037844386,0.5000000000000001,0.9792705109119583,0.8829231005590413,-0.358383611519654,0.9822473597811097,0.8865674150869745,0.663747223037126,-0.22888618729874646,-1.2647205579438707,0.6664451087488514,-1.6511514189325383
0,7,0,9,0,1,5,1,0.540729167,0.540695140962406,0.1631414392792569,1,1,-0.2592708330000001,0.0,0.0,6.8679744089702925,1.0647107369924282,2.0794415416798357,0.8,0,0,1,0,1,0,0,2.7586206896551726,960,0.0,0.0,0.0,-0.8660254037844386,0.5000000000000001,-0.9856129740972022,-1.1731446939116332,-0.8667014757335281,-1.4380676486489155,-1.329301807783477,0.663747223037126,-0.22888618729874646,-1.2647205579438707,0.6664451087488514,-1.6511514189325383
0,7,1,21,0,1,5,1,0.800125,0.7998742690058479,1.3855087275756837,0,0,0.00012499999999993072,3.6635616461296463,6.892641641172089,8.812992231969966,3.254242968705492,4.02535169073515,0.8,0,0,0,0,0,0,0,2.1621621621621623,7680,25.251617557114166,27.745306683923566,14.74712406636042,-0.8660254037844386,0.5000000000000001,0.8452087477209552,0.8325889583505627,0.5607445480062361,0.9822473597811097,0.8865674150869745,0.663747223037126,-0.22888618729874646,-1.2647205579438707,0.6664451087488514,-1.6511514189325383
0,8,0,10,0,1,5,1,0.676666667,0.6765190757994987,0.737820499715635,1,1,-0.073333333,0.0,0.0,6.8679744089702925,1.0647107369924282,2.0794415416798357,0.75,0,0,1,0,1,0,0,2.7586206896551726,960,0.0,0.0,0.0,-0.8660254037844386,0.5000000000000001,-0.9856129740972022,-1.1731446939116332,-0.8667014757335281,-1.4380676486489155,-1.329301807783477,0.1762726874672926,-0.22888618729874646,-1.2647205579438707,0.6664451087488514,-1.6511514189325383
0,8,1,22,0,1,5,1,0.940725424,0.9403572323341687,2.757886942446455,0,0,0.140725424,4.59511985013459,7.011213987350367,8.865170419651774,3.264231526588998,4.07753744390572,0.8,0,0,0,1,0,0,0,2.2553516819571864,8040,32.21736856681496,28.588487560656645,18.73677324815823,-0.8660254037844386,0.5000000000000001,1.3107439726657701,0.8670930798961902,0.5990380513621463,0.9932887393999459,0.9459929771454892,0.663747223037126,-0.22888618729874646,-1.2647205579438707,0.6664451087488514,-1.6511514189325383
0,9,1,23,0,1,5,1,0.721126957,0.7209422227000836,0.9491401516443645,0,0,0.021126957000000002,3.8066624897703196,6.771935555839602,8.839421607620602,3.3350575791576103,4.051784947803305,0.7,0,0,0,0,0,0,0,2.047720797720798,6900,25.778473063556532,27.438426552644906,15.423777777418833,-0.8660254037844386,0.5000000000000001,0.9167217064900888,0.7974639264704733,0.5801410320570825,1.071580054566176,0.9166677981010531,-0.3112018481025408,-0.22888618729874646,-1.2647205579438707,0.6664451087488514,-1.6511514189325383
0,10,0,1,0,1,5,1,0.705916667,0.7057446397092731,0.8748055091700868,0,0,0.055916666999999975,0.0,0.0,6.8679744089702925,1.3711807233098425,2.0794415416798357,0.65,0,0,1,0,1,0,0,2.030456852791878,960,0.0,0.0,0.0,-0.8660254037844386,0.5000000000000001,-0.9856129740972022,-1.1731446939116332,-0.8667014757335281,-1.0992948748235933,-1.329301807783477,-0.7986763836723731,-0.22888618729874646,-1.2647205579438707,0.6664451087488514,-1.6511514189325383
0,10,1,13,0,1,5,1,0.712205247,0.7120279660918964,0.9052538179243138,1,0,-0.037794753000000014,3.828641396489095,6.361302477572996,8.776630098427717,2.960623096440423,3.9889840465642745,0.75,0,0,0,0,0,0,0,2.7964785085447956,7440,24.355146001224615,25.375134098408473,15.272389450610566,-0.8660254037844386,0.5000000000000001,0.9277054058868384,0.6779711939756365,0.5340584259944958,0.6576791377091074,0.8451544323417699,0.1762726874672926,-0.22888618729874646,-1.2647205579438707,0.6664451087488514,-1.6511514189325383
0,11,0,2,0,1,5,1,0.436326389,0.4363795833283207,-0.255868536275442,1,1,-0.263673611,0.0,0.0,7.273092595999522,1.423108334242607,2.4849066497880004,0.7,0,0,1,0,1,0,0,2.8915662650602405,1440,0.0,0.0,0.0,-0.8660254037844386,0.5000000000000001,-0.9856129740972022,-1.1731446939116332,-0.5693857707660099,-1.0418939495153812,-0.8675859087010354,-0.3112018481025408,-0.22888618729874646,-1.2647205579438707,0.6664451087488514,-1.6511514189325383
0,11,1,14,0,1,5,1,0.800570492,0.8003193888320802,1.3882917381213682,0,0,0.0005704919999999225,3.9318256327243257,6.876264611890766,8.205491613120236,2.4344901638739844,3.417726683613366,0.8,0,0,0,0,0,0,0,2.6730937773882557,5100,27.036273458427303,23.50119304764538,13.437905380276934,-0.8660254037844386,0.5000000000000001,0.9792705109119583,0.8278233023853054,0.11490064234006199,0.07609033318004338,0.1946456668082843,0.663747223037126,-0.22888618729874646,-1.2647205579438707,0.6664451087488514,-1.6511514189325383
0,12,1,15,0,1,5,1,0.800570492,0.8003193888320802,1.3882917381213682,0,0,0.0005704919999999225,3.9318256327243257,6.876264611890766,8.205491613120236,2.4344901638739844,3.417726683613366,0.8,0,0,0,0,0,0,0,2.6730937773882557,3660,27.036273458427303,23.50119304764538,13.437905380276934,-0.8660254037844386,0.5000000000000001,0.9792705109119583,0.8278233023853054,0.11490064234006199,0.07609033318004338,0.1946456668082843,0.663747223037126,-0.22888618729874646,-1.2647205579438707,0.6664451087488514,-1.6511514189325383
1,1,0,0,0,1,0,1,0.902916667,0.9025800615973265,2.2262265010916744,0,0,0.1029166669999999,0.0,0.0,6.8679744089702925,1.3711807233098425,2.0794415416798357,0.8,0,0,1,0,1,0,0,2.030456852791878,8820,0.0,0.0,0.0,0.0,1.0,-0.9856129740972022,-1.1731446939116332,-0.8667014757335281,-1.0992948748235933,-1.329301807783477,0.663747223037126,-0.22888618729874646,-0.028538824941726406,1.3678317129691895,-1.5662839684090883
1,1,1,12,0,1,0,1,0.800725314,0.8004740814903927,1.3892600087789913,0,0,0.0007253139999999769,3.9318256327243257,6.650279048587422,8.748463629942055,3.3350575791576103,4.034240638152395,0.8,0,0,0,0,0,0,0,2.012108262108262,15120,26.14773762800557,26.82882599286483,15.86193074966573,0.0,1.0,0.9792705109119583,0.762062325267994,0.5133870917952844,1.071580054566176,0.8966895396954262,0.663747223037126,-0.22888618729874646,-0.028538824941726406,1.3678317129691895,-1.5662839684090883
1,2,0,4,0,1,0,1,0.782447917,0.7822119538279031,1.2786034199540388,1,0,-0.017552082999999996,0.0,0.0,6.8679744089702925,1.423108334242607,2.0794415416798357,0.8,0,0,1,0,1,0,0,1.9277108433734937,7920,0.0,0.0,0.0,0.0,1.0,-0.9856129740972022,-1.1731446939116332,-0.8667014757335281,-1.0418939495153812,-1.329301807783477,0.663747223037126,-0.22888618729874646,-0.028538824941726406,1.3678317129691895,-1.5662839684090883
1,2,1,16,0,1,0,1,0.75024303,0.7500339714954052,1.0987934781844715,0,0,0.00024303000000003294,3.828641396489095,6.851184927493743,8.79497643168877,2.9892110565637253,4.007333185232471,0.75,0,0,0,0,0,0,0,2.7679919476597883,14520,26.230730228404685,27.4549807181102,15.342641722505542,0.0,1.0,0.9277054058868384,0.820525205428872,0.547522775860096,0.6892803482072475,0.8660491749180281,0.1762726874672926,-0.22888618729874646,-0.028538824941726406,1.3678317129691895,-1.5662839684090883
1,3,0,5,0,1,0,1,0.945277778,0.9449057831979951,2.8420404697747115,0,0,0.195277778,0.0,0.0,7.353081920515432,1.3711807233098425,2.0794415416798357,0.75,0,0,1,0,1,0,0,2.030456852791878,8460,0.0,0.0,0.0,0.0,1.0,-0.9856129740972022,-1.1731446939116332,-0.510681710642914,-1.0992948748235933,-1.329301807783477,0.1762726874672926,-0.22888618729874646,-0.028538824941726406,1.3678317129691895,-1.5662839684090883
1,3,1,17,0,1,0,1,0.800322936,0.8000720396457812,1.386744669738769,0,0,0.0003229359999999959,3.9318256327243257,6.81783057145415,8.785845337961213,3.3350575791576103,3.9982007016691985,0.8,0,0,0,0,0,0,0,1.940883190883191,15000,26.806521000414964,27.259054974649693,15.72022800359934,0.0,1.0,0.9792705109119583,0.8108192091155672,0.5408214781754841,1.071580054566176,0.8556497280237044,0.663747223037126,-0.22888618729874646,-0.028538824941726406,1.3678317129691895,-1.5662839684090883
1,4,0,6,0,1,0,1,0.988024691,0.9876169844912281,4.378969138409771,0,0,0.18802469099999997,0.0,0.0,8.79497643168877,1.423108334242607,2.995732273553991,0.8,0,0,1,0,1,0,0,4.8192771084337345,15960,0.0,0.0,0.0,0.0,1.0,-0.9856129740972022,-1.1731446939116332,0.547522775860096,-1.0418939495153812,-0.28589266941854513,0.663747223037126,-0.22888618729874646,-0.028538824941726406,1.3678317129691895,-1.5662839684090883
1,4,1,18,0,1,0,1,0.700134038,0.6999668416441103,0.8471399684401982,0,0,0.000134038000000003,0.0,6.300785794663244,9.53249633228804,3.165053018170694,4.0943445622221,0.7,0,0,0,0,1,0,0,2.5327142254115658,29760,0.0,25.79758805610571,0.0,0.0,1.0,-0.9856129740972022,0.6603610593198141,1.0887876615030239,0.8836565408135304,0.9651317725418185,-0.3112018481025408,-0.22888618729874646,-0.028538824941726406,1.3678317129691895,-1.5662839684090883
1,5,1,19,0,1,0,1,0.800148649,0.7998978982489557,1.3856563472960834,0,0,0.0001486490000000007,3.9318256327243257,6.492239835020471,8.865170419651774,2.4518667957098,3.449987545831587,0.8,0,0,0,0,0,0,0,2.7131782945736433,10740,25.526354997127434,22.398146575372344,13.564749465280324,0.0,1.0,0.9792705109119583,0.7160734888348288,0.5990380513621463,0.09529851025962122,0.2313821274960118,0.663747223037126,-0.22888618729874646,-0.028538824941726406,1.3678317129691895,-1.5662839684090883
1,6,1,20,0,1,0,1,0.800125,0.7998742690058479,1.3855087275756837,0,0,0.00012499999999993072,3.9318256327243257,7.050122520269059,8.812992231969966,3.254242968705492,4.02535169073515,0.8,0,0,0,0,0,0,0,2.1621621621621623,8640,27.71985243904091,28.37922260685501,15.826980958362665,0.0,1.0,0.9792705109119583,0.878415321483365,0.5607445480062361,0.9822473597811097,0.8865674150869745,0.663747223037126,-0.22888618729874646,-0.028538824941726406,1.3678317129691895,-1.5662839684090883
1,7,0,9,0,1,0,1,0.6253125,0.6252078111946534,0.5117123832031671,1,1,-0.1746875,0.0,0.0,6.8679744089702925,1.3711807233098425,2.0794415416798357,0.8,0,0,1,0,1,0,0,2.030456852791878,8640,0.0,0.0,0.0,0.0,1.0,-0.9856129740972022,-1.1731446939116332,-0.8667014757335281,-1.0992948748235933,-1.329301807783477,0.663747223037126,-0.22888618729874646,-0.028538824941726406,1.3678317129691895,-1.5662839684090883
1,7,1,21,0,1,0,1,0.800125,0.7998742690058479,1.3855087275756837,0,0,0.00012499999999993072,3.6635616461296463,7.037905963447182,8.812992231969966,3.254242968705492,4.02535169073515,0.8,0,0,0,0,0,0,0,2.1621621621621623,15360,25.78380235675221,28.330046669197106,14.74712406636042,0.0,1.0,0.8452087477209552,0.8748603478741109,0.5607445480062361,0.9822473597811097,0.8865674150869745,0.663747223037126,-0.22888618729874646,-0.028538824941726406,1.3678317129691895,-1.5662839684090883
1,8,0,10,0,1,0,1,0.628333333,0.628226120524645,0.5246143476060059,1,1,-0.171666667,0.0,0.0,6.8679744089702925,1.0647107369924282,2.0794415416798357,0.8,0,0,1,0,1,0,0,2.7586206896551726,9000,0.0,0.0,0.0,0.0,1.0,-0.9856129740972022,-1.1731446939116332,-0.8667014757335281,-1.4380676486489155,-1.329301807783477,0.663747223037126,-0.22888618729874646,-0.028538824941726406,1.3678317129691895,-1.5662839684090883
1,8,1,22,0,1,0,1,0.800318644,0.8000677512314118,1.3867178601211287,0,0,0.00031864399999992354,3.9318256327243257,7.140453043101158,8.865170419651774,3.264231526588998,4.07753744390572,0.8,0,0,0,0,0,0,0,2.2553516819571864,16080,28.075016304129548,29.115464649695515,16.032166240341738,0.0,1.0,0.9792705109119583,0.9047011751375774,0.5990380513621463,0.9932887393999459,0.9459929771454892,0.663747223037126,-0.22888618729874646,-0.028538824941726406,1.3678317129691895,-1.5662839684090883
1,9,0,11,0,1,0,1,0.956270833,0.9558896543592316,3.0759481321106237,0,0,0.156270833,0.0,0.0,6.8679744089702925,1.423108334242607,2.0794415416798357,0.8,0,0,1,0,1,0,0,1.9277108433734937,7860,0.0,0.0,0.0,0.0,1.0,-0.9856129740972022,-1.1731446939116332,-0.8667014757335281,-1.0418939495153812,-1.329301807783477,0.663747223037126,-0.22888618729874646,-0.028538824941726406,1.3678317129691895,-1.5662839684090883
1,9,1,23,0,1,0,1,0.699965217,0.699798161680869,0.8463369101807844,1,1,-3.478299999992718e-05,3.713572066704308,6.9782137426306985,8.839421607620602,3.3350575791576103,4.051784947803305,0.7,0,0,0,0,0,0,0,2.047720797720798,14760,25.914099630125488,28.27422140494523,15.046595402455326,0.0,1.0,0.870200865542169,0.857490128689246,0.5801410320570825,1.071580054566176,0.9166677981010531,-0.3112018481025408,-0.22888618729874646,-0.028538824941726406,1.3678317129691895,-1.5662839684090883
1,10,0,1,0,1,0,1,0.7018125,0.7016439014202172,0.8551382776061907,0,0,0.0018124999999999947,0.0,0.0,6.8679744089702925,1.423108334242607,2.0794415416798357,0.7,0,0,1,0,1,0,0,1.9277108433734937,8400,0.0,0.0,0.0,0.0,1.0,-0.9856129740972022,-1.1731446939116332,-0.8667014757335281,-1.0418939495153812,-1.329301807783477,-0.3112018481025408,-0.22888618729874646,-0.028538824941726406,1.3678317129691895,-1.5662839684090883
1,10,1,13,0,1,0,1,0.787299691,0.7870596745497076,1.3072921066404004,0,0,0.03729969099999997,4.04305126783455,6.415096959171596,8.776630098427717,2.960623096440423,3.9889840465642745,0.75,0,0,0,0,0,0,0,2.7964785085447956,14880,25.936565894060287,25.589719427298483,16.127667006833484,0.0,1.0,1.0348542101784763,0.6936251924954209,0.5340584259944958,0.6576791377091074,0.8451544323417699,0.1762726874672926,-0.22888618729874646,-0.028538824941726406,1.3678317129691895,-1.5662839684090883
1,11,0,2,0,1,0,1,0.987880435,0.987472849005848,4.367250633433648,0,0,0.237880435,0.0,0.0,8.637816633739977,1.0647107369924282,2.833213344056216,0.75,0,0,1,0,1,0,0,5.862068965517242,10740,0.0,0.0,0.0,0.0,1.0,-0.9856129740972022,-1.1731446939116332,0.4321834067185993,-1.4380676486489155,-0.4709580971222859,0.1762726874672926,-0.22888618729874646,-0.028538824941726406,1.3678317129691895,-1.5662839684090883
1,11,1,14,0,1,0,1,0.800237288,0.799986463197995,1.386209758254657,0,0,0.00023728800000000216,3.9318256327243257,6.913737350659685,8.865170419651774,2.4518667957098,3.3843902633457743,0.8,0,0,0,0,0,0,0,2.5409130060292853,17820,27.18360973324732,23.398785372902648,13.306832388565546,0.0,1.0,0.9792705109119583,0.838727733096209,0.5990380513621463,0.09529851025962122,0.15668443426756676,0.663747223037126,-0.22888618729874646,-0.028538824941726406,1.3678317129691895,-1.5662839684090883
1,12,1,15,0,1,0,1,0.800318644,0.8000677512314118,1.3867178601211287,0,0,0.00031864399999992354,4.1588830833596715,6.739336627357174,8.865170419651774,3.264231526588998,4.07753744390572,0.8,0,0,0,0,0,0,0,2.2553516819571864,10740,28.02811309258197,27.479897445134164,16.958001497225133,0.0,1.0,1.0927397937785401,0.7879777568291664,0.5990380513621463,0.9932887393999459,0.9459929771454892,0.663747223037126,-0.22888618729874646,-0.028538824941726406,1.3678317129691895,-1.5662839684090883
2,1,0,0,0,1,1,1,0.915229167,0.91488227546533,2.3747601035088164,0,0,0.11522916699999997,0.0,0.0,6.8679744089702925,1.3711807233098425,2.0794415416798357,0.8,0,0,1,0,1,0,0,2.030456852791878,16080,0.0,0.0,0.0,0.8660254037844386,0.5000000000000001,-0.9856129740972022,-1.1731446939116332,-0.8667014757335281,-1.0992948748235933,-1.329301807783477,0.663747223037126,-0.22888618729874646,1.207642908060418,0.6664451087488514,-1.4814165178856387
2,1,1,12,0,1,1,1,0.800318644,0.8000677512314118,1.3867178601211287,0,0,0.00031864399999992354,4.1588830833596715,6.9411900550683745,8.865170419651774,3.264231526588998,4.07753744390572,0.8,0,0,0,0,0,0,0,2.2553516819571864,23160,28.86759789840825,28.302962354807303,16.958001497225133,0.8660254037844386,0.5000000000000001,1.0927397937785401,0.8467163702464718,0.5990380513621463,0.9932887393999459,0.9459929771454892,0.663747223037126,-0.22888618729874646,1.207642908060418,0.6664451087488514,-1.4814165178856387
2,2,0,4,0,1,1,1,0.792104167,0.7918601367852965,1.336174508221427,1,0,-0.007895833000000074,0.0,0.0,6.8679744089702925,1.3711807233098425,2.0794415416798357,0.8,0,0,1,0,1,0,0,2.030456852791878,15480,0.0,0.0,0.0,0.8660254037844386,0.5000000000000001,-0.9856129740972022,-1.1731446939116332,-0.8667014757335281,-1.0992948748235933,-1.329301807783477,0.663747223037126,-0.22888618729874646,1.207642908060418,0.6664451087488514,-1.4814165178856387
2,2,1,16,0,1,1,1,0.800237838,0.799987012738513,1.3862131927120938,0,0,0.00023783799999999022,3.9318256327243257,6.663132695990803,8.804024902413179,3.3350575791576103,4.0163830207523885,0.8,0,0,0,0,0,0,0,1.9764957264957266,22140,26.19827592834018,26.761693025197548,15.791717711832998,0.8660254037844386,0.5000000000000001,0.9792705109119583,0.7658026899196646,0.5541634366312982,1.071580054566176,0.876354507880272,0.663747223037126,-0.22888618729874646,1.207642908060418,0.6664451087488514,-1.4814165178856387
2,3,0,5,0,1,1,1,0.991388889,0.9909783719665831,4.6990679003408005,0,0,0.241388889,0.0,0.0,7.353081920515432,1.423108334242607,2.0794415416798357,0.75,0,0,1,0,1,0,0,1.9277108433734937,16560,0.0,0.0,0.0,0.8660254037844386,0.5000000000000001,-0.9856129740972022,-1.1731446939116332,-0.510681710642914,-1.0418939495153812,-1.329301807783477,0.1762726874672926,-0.22888618729874646,1.207642908060418,0.6664451087488514,-1.4814165178856387
2,3,1,17,0,1,1,1,0.75024303,0.7500339714954052,1.0987934781844715,0,0,0.00024303000000003294,3.828641396489095,6.5998704992128365,8.79497643168877,2.9892110565637253,4.007333185232471,0.75,0,0,0,0,0,0,0,2.7679919476597883,23160,25.268537404753417,26.447880069732395,15.342641722505542,0.8660254037844386,0.5000000000000001,0.9277054058868384,0.7473936207123435,0.547522775860096,0.6892803482072475,0.8660491749180281,0.1762726874672926,-0.22888618729874646,1.207642908060418,0.6664451087488514,-1.4814165178856387
2,4,0,6,0,1,1,1,0.861679012,0.8613768574369255,1.8267730594609601,0,0,0.06167901199999992,0.0,0.0,8.79497643168877,1.3711807233098425,2.995732273553991,0.8,0,0,1,0,1,0,0,5.0761421319796955,36360,0.0,0.0,0.0,0.8660254037844386,0.5000000000000001,-0.9856129740972022,-1.1731446939116332,0.547522775860096,-1.0992948748235933,-0.28589266941854513,0.663747223037126,-0.22888618729874646,1.207642908060418,0.6664451087488514,-1.4814165178856387
2,4,1,18,0,1,1,1,0.800598058,0.8003469318028403,1.3884640971453621,0,0,0.0005980579999999014,3.9318256327243257,6.778784897685177,8.357259153499912,3.3350575791576103,4.0163830207523885,0.8,0,0,0,0,0,0,0,1.9764957264957266,40620,26.653000219443125,27.22619656439546,15.791717711832998,0.8660254037844386,0.5000000000000001,0.9792705109119583,0.7994570600396778,0.22628264073924567,1.071580054566176,0.876354507880272,0.663747223037126,-0.22888618729874646,1.207642908060418,0.6664451087488514,-1.4814165178856387
2,5,1,19,0,1,1,1,0.603432184,0.6033457744895572,0.4194255233938726,1,1,-0.09656781599999997,3.295836866004329,6.785587645007929,8.848078421168667,3.821441627196908,4.060443010546419,0.7,0,0,0,0,0,0,0,1.2699802934092401,17700,22.36418991792063,27.552491925622583,13.382557766468492,0.8660254037844386,0.5000000000000001,0.6614426260793346,0.8014366347721835,0.5864942561413656,1.6092303317714733,0.9265270070534614,-0.3112018481025408,-0.22888618729874646,1.207642908060418,0.6664451087488514,-1.4814165178856387
2,6,1,20,0,1,1,1,0.879714482,0.8793972602105263,1.9867347391964705,0,0,0.07971448199999998,3.9318256327243257,6.29156913955832,8.850230965588816,2.4518667957098,3.4339872044851463,0.8,0,0,0,0,0,0,0,2.670111972437554,15615,24.737352812972734,21.605167921376893,13.501838913042048,0.8660254037844386,0.5000000000000001,0.9792705109119583,0.657679046200952,0.5880740056619771,0.09529851025962122,0.21316203446539977,0.663747223037126,-0.22888618729874646,1.207642908060418,0.6664451087488514,-1.4814165178856387
2,7,0,9,0,1,1,1,0.667604167,0.6674641468103593,0.6967379927636308,1,1,-0.13239583300000002,0.0,0.0,6.8679744089702925,1.0647107369924282,2.0794415416798357,0.8,0,0,1,0,1,0,0,2.7586206896551726,16320,0.0,0.0,0.0,0.8660254037844386,0.5000000000000001,-0.9856129740972022,-1.1731446939116332,-0.8667014757335281,-1.4380676486489155,-1.329301807783477,0.663747223037126,-0.22888618729874646,1.207642908060418,0.6664451087488514,-1.4814165178856387
2,7,1,21,0,1,1,1,0.850436438,0.8501436757293234,1.7357283685895204,0,0,0.05043643799999997,4.110873864173311,7.113142108707088,8.85666093701725,3.254242968705492,4.034240638152395,0.8,0,0,0,0,0,0,0,2.1814671814671818,23340,29.2412299868346,28.696126959899157,16.584254401166543,0.8660254037844386,0.5000000000000001,1.0687477527474374,0.8967537925460175,0.5927929532416565,0.9822473597811097,0.8966895396954262,0.663747223037126,-0.22888618729874646,1.207642908060418,0.6664451087488514,-1.4814165178856387
2,8,0,10,0,1,1,1,0.682708333,0.682555694459482,0.7655417400081476,1,1,-0.11729166700000004,0.0,0.0,6.8679744089702925,1.0647107369924282,2.0794415416798357,0.8,0,0,1,0,1,0,0,2.7586206896551726,17040,0.0,0.0,0.0,0.8660254037844386,0.5000000000000001,-0.9856129740972022,-1.1731446939116332,-0.8667014757335281,-1.4380676486489155,-1.329301807783477,0.663747223037126,-0.22888618729874646,1.207642908060418,0.6664451087488514,-1.4814165178856387
2,8,1,22,0,1,1,1,0.850345133,0.8500524470075188,1.7350124637038384,0,0,0.050345132999999986,3.828641396489095,6.946975992135418,8.821879862683842,3.254242968705492,4.034240638152395,0.8,0,0,0,0,0,0,0,2.1814671814671818,23820,26.597479863905566,28.02577285974176,15.445660710628845,0.8660254037844386,0.5000000000000001,0.9277054058868384,0.8484000568922304,0.5672671685051183,0.9822473597811097,0.8966895396954262,0.663747223037126,-0.22888618729874646,1.207642908060418,0.6664451087488514,-1.4814165178856387
2,9,0,11,0,1,1,1,0.931645833,0.9312852266232248,2.6066013782401813,0,0,0.131645833,0.0,0.0,6.8679744089702925,1.3711807233098425,2.0794415416798357,0.8,0,0,1,0,1,0,0,2.030456852791878,15720,0.0,0.0,0.0,0.8660254037844386,0.5000000000000001,-0.9856129740972022,-1.1731446939116332,-0.8667014757335281,-1.0992948748235933,-1.329301807783477,0.663747223037126,-0.22888618729874646,1.207642908060418,0.6664451087488514,-1.4814165178856387
2,9,1,23,0,1,1,1,0.850569492,0.8502766185730994,1.7367722623718702,0,0,0.05056949199999994,4.110873864173311,7.153833801578843,8.865170419651774,3.264231526588998,4.07753744390572,0.8,0,0,0,0,0,0,0,2.2553516819571864,22800,29.40850840355007,29.170025193416134,16.76224210834007,0.8660254037844386,0.5000000000000001,1.0687477527474374,0.9085949271950138,0.5990380513621463,0.9932887393999459,0.9459929771454892,0.663747223037126,-0.22888618729874646,1.207642908060418,0.6664451087488514,-1.4814165178856387
2,10,0,1,0,1,1,1,0.759228395,0.759011829924812,1.1472695180119532,0,0,0.05922839499999999,0.0,0.0,8.371242135931933,1.3711807233098425,2.8903717578961645,0.7,0,0,1,0,1,0,0,4.568527918781726,19200,0.0,0.0,0.0,0.8660254037844386,0.5000000000000001,-0.9856129740972022,-1.1731446939116332,0.2365447331666702,-1.0992948748235933,-0.40587000961859426,-0.3112018481025408,-0.22888618729874646,1.207642908060418,0.6664451087488514,-1.4814165178856387
2,10,1,13,0,1,1,1,0.699965217,0.699798161680869,0.8463369101807844,1,1,-3.478299999992718e-05,3.713572066704308,7.0925737159746784,8.839421607620602,3.3350575791576103,4.051784947803305,0.7,0,0,0,0,0,0,0,2.047720797720798,26100,26.33878363268474,28.737583423571554,15.046595402455326,0.8660254037844386,0.5000000000000001,0.870200865542169,0.8907684650585256,0.5801410320570825,1.071580054566176,0.9166677981010531,-0.3112018481025408,-0.22888618729874646,1.207642908060418,0.6664451087488514,-1.4814165178856387
2,11,0,2,0,1,1,1,0.345833333,0.34596212720802005,-0.63683594911807,1,1,-0.404166667,0.0,0.0,6.8679744089702925,1.423108334242607,2.0794415416798357,0.75,0,0,1,0,1,0,0,1.9277108433734937,18780,0.0,0.0,0.0,0.8660254037844386,0.5000000000000001,-0.9856129740972022,-1.1731446939116332,-0.8667014757335281,-1.0418939495153812,-1.329301807783477,0.1762726874672926,-0.22888618729874646,1.207642908060418,0.6664451087488514,-1.4814165178856387
2,11,1,14,0,1,1,1,0.750348457,0.7501393104193818,1.0993554156394447,0,0,0.0003484569999999687,3.828641396489095,6.2422232654551655,8.776630098427717,2.960623096440423,3.9889840465642745,0.75,0,0,0,0,0,0,0,2.7964785085447956,25260,23.899234400248982,24.900129020993006,15.272389450610566,0.8660254037844386,0.5000000000000001,0.9277054058868384,0.6433195762848342,0.5340584259944958,0.6576791377091074,0.8451544323417699,0.1762726874672926,-0.22888618729874646,1.207642908060418,0.6664451087488514,-1.4814165178856387
2,12,1,15,0,1,1,1,0.800030199,0.7997795472046784,1.3849171002207392,0,0,3.0199000000008525e-05,3.9318256327243257,7.104144092987527,8.850230965588816,2.4518667957098,3.4339872044851463,0.8,0,0,0,0,0,0,0,2.670111972437554,17715,27.932255843375465,24.395539914137903,13.501838913042048,0.8660254037844386,0.5000000000000001,0.9792705109119583,0.8941354026932065,0.5880740056619771,0.09529851025962122,0.21316203446539977,0.663747223037126,-0.22888618729874646,1.207642908060418,0.6664451087488514,-1.4814165178856387
3,1,0,0,0,1,2,1,0.961059028,0.9606738491963241,3.1957452520363274,0,0,0.16105902799999994,0.0,0.0,7.560601162768557,1.3711807233098425,2.0794415416798357,0.8,0,0,1,0,1,0,0,2.030456852791878,25080,0.0,0.0,0.0,0.8660254037844387,-0.4999999999999998,-0.9856129740972022,-1.1731446939116332,-0.358383611519654,-1.0992948748235933,-1.329301807783477,0.663747223037126,-0.22888618729874646,1.207642908060418,-0.7363280996918251,-1.3965490673621888
3,1,1,12,0,1,2,1,0.800318644,0.8000677512314118,1.3867178601211287,0,0,0.00031864399999992354,4.1588830833596715,7.037905963447182,8.865170419651774,3.264231526588998,4.07753744390572,0.8,0,0,0,0,0,0,0,2.2553516819571864,32160,29.269828053656635,28.697325092643243,16.958001497225133,0.8660254037844387,-0.4999999999999998,1.0927397937785401,0.8748603478741109,0.5990380513621463,0.9932887393999459,0.9459929771454892,0.663747223037126,-0.22888618729874646,1.207642908060418,-0.7363280996918251,-1.3965490673621888
3,2,0,4,0,1,2,1,0.804416667,0.8041623506533,1.412515181142839,0,0,0.004416666999999985,0.0,0.0,6.8679744089702925,1.3711807233098425,2.0794415416798357,0.8,0,0,1,0,1,0,0,2.030456852791878,23100,0.0,0.0,0.0,0.8660254037844387,-0.4999999999999998,-0.9856129740972022,-1.1731446939116332,-0.8667014757335281,-1.0992948748235933,-1.329301807783477,0.663747223037126,-0.22888618729874646,1.207642908060418,-0.7363280996918251,-1.3965490673621888
3,2,1,16,0,1,2,1,0.800076522,0.7998258315054303,1.3852061632897437,0,0,7.652199999996778e-05,3.9318256327243257,6.630683385642372,8.839421607620602,3.3350575791576103,4.051784947803305,0.8,0,0,0,0,0,0,0,2.047720797720798,30000,26.070690898147994,26.866103135595218,15.930911916059628,0.8660254037844387,-0.4999999999999998,0.9792705109119583,0.7563600586112594,0.5801410320570825,1.071580054566176,0.9166677981010531,0.663747223037126,-0.22888618729874646,1.207642908060418,-0.7363280996918251,-1.3965490673621888
3,3,0,5,0,1,2,1,0.875390625,0.8750770154553048,1.9466144763697995,0,0,0.12539062499999998,0.0,0.0,7.560601162768557,1.423108334242607,2.0794415416798357,0.75,0,0,1,0,1,0,0,1.9277108433734937,25080,0.0,0.0,0.0,0.8660254037844387,-0.4999999999999998,-0.9856129740972022,-1.1731446939116332,-0.358383611519654,-1.0418939495153812,-1.329301807783477,0.1762726874672926,-0.22888618729874646,1.207642908060418,-0.7363280996918251,-1.3965490673621888
3,3,1,17,0,1,2,1,0.75024303,0.7500339714954052,1.0987934781844715,0,0,0.00024303000000003294,3.828641396489095,6.851184927493743,8.79497643168877,2.9892110565637253,4.007333185232471,0.75,0,0,0,0,0,0,0,2.7679919476597883,31680,26.230730228404685,27.4549807181102,15.342641722505542,0.8660254037844387,-0.4999999999999998,0.9277054058868384,0.820525205428872,0.547522775860096,0.6892803482072475,0.8660491749180281,0.1762726874672926,-0.22888618729874646,1.207642908060418,-0.7363280996918251,-1.3965490673621888
3,4,0,6,0,1,2,1,0.893663194,0.8933343191512114,2.1252614233233116,0,0,0.093663194,0.0,0.0,8.253488028345904,1.3711807233098425,2.772588722239781,0.8,0,0,1,0,1,0,0,4.060913705583756,44460,0.0,0.0,0.0,0.8660254037844387,-0.4999999999999998,-0.9856129740972022,-1.1731446939116332,0.15012514838699428,-1.0992948748235933,-0.5399932649055545,0.663747223037126,-0.22888618729874646,1.207642908060418,-0.7363280996918251,-1.3965490673621888
3,4,1,18,0,1,2,1,0.800076522,0.7998258315054303,1.3852061632897437,0,0,7.652199999996778e-05,3.9318256327243257,6.633318433280377,8.839421607620602,3.3350575791576103,4.051784947803305,0.8,0,0,0,0,0,0,0,2.047720797720798,51360,26.08105144599455,26.876779781951633,15.930911916059628,0.8660254037844387,-0.4999999999999998,0.9792705109119583,0.7571268478914813,0.5801410320570825,1.071580054566176,0.9166677981010531,0.663747223037126,-0.22888618729874646,1.207642908060418,-0.7363280996918251,-1.3965490673621888
3,5,0,7,0,1,2,1,0.759270833,0.7590542324711779,1.1475013502075733,0,0,0.159270833,0.0,0.0,6.8679744089702925,1.0647107369924282,2.0794415416798357,0.6,0,0,1,0,1,0,0,2.7586206896551726,18660,0.0,0.0,0.0,0.8660254037844387,-0.4999999999999998,-0.9856129740972022,-1.1731446939116332,-0.8667014757335281,-1.4380676486489155,-1.329301807783477,-1.2861509192422065,-0.22888618729874646,1.207642908060418,-0.7363280996918251,-1.3965490673621888
3,5,1,19,0,1,2,1,0.600028736,0.5999451698045112,0.4052366541785397,0,1,2.873599999997367e-05,3.1780538303479458,6.502790045915623,8.848078421168667,3.090132948975475,4.060443010546419,0.6,0,0,0,0,0,0,0,2.6387625113739763,25620,20.666216813370642,26.40420839098892,12.904306462576592,0.8660254037844387,-0.4999999999999998,0.6025819432328481,0.7191435618391279,0.5864942561413656,0.8008396883007296,0.9265270070534614,-1.2861509192422065,-0.22888618729874646,1.207642908060418,-0.7363280996918251,-1.3965490673621888
3,6,1,20,0,1,2,1,0.800246011,0.7999951789106099,1.3862642295835754,0,0,0.00024601099999999043,3.9318256327243257,6.569481420414296,8.881975184248867,2.4518667957098,3.4657359027997265,0.8,0,0,0,0,0,0,0,2.756244616709733,22815,25.83005544249114,22.76808762150557,13.626669258880947,0.8660254037844387,-0.4999999999999998,0.9792705109119583,0.7385505092928565,0.6113710460115266,0.09529851025962122,0.2493152779723679,0.663747223037126,-0.22888618729874646,1.207642908060418,-0.7363280996918251,-1.3965490673621888
3,7,0,9,0,1,2,1,0.676666667,0.6765190757994987,0.737820499715635,1,1,-0.12333333300000004,0.0,0.0,6.8679744089702925,1.3711807233098425,2.0794415416798357,0.8,0,0,1,0,1,0,0,2.030456852791878,24300,0.0,0.0,0.0,0.8660254037844387,-0.4999999999999998,-0.9856129740972022,-1.1731446939116332,-0.8667014757335281,-1.0992948748235933,-1.329301807783477,0.663747223037126,-0.22888618729874646,1.207642908060418,-0.7363280996918251,-1.3965490673621888
3,7,1,21,0,1,2,1,0.800684366,0.8004331676992482,1.3890038615240754,0,0,0.0006843659999999918,3.9318256327243257,7.135687347028144,8.821879862683842,3.254242968705492,4.034240638152395,0.8,0,0,0,0,0,0,0,2.1814671814671818,31080,28.056278418151898,28.787079876530793,15.86193074966573,0.8660254037844387,-0.4999999999999998,0.9792705109119583,0.9033143749109414,0.5672671685051183,0.9822473597811097,0.8966895396954262,0.663747223037126,-0.22888618729874646,1.207642908060418,-0.7363280996918251,-1.3965490673621888
3,8,0,10,0,1,2,1,0.664583333,0.664445836481203,0.6831699800746885,1,1,-0.135416667,0.0,0.0,6.8679744089702925,1.0647107369924282,2.0794415416798357,0.8,0,0,1,0,1,0,0,2.7586206896551726,24780,0.0,0.0,0.0,0.8660254037844387,-0.4999999999999998,-0.9856129740972022,-1.1731446939116332,-0.8667014757335281,-1.4380676486489155,-1.329301807783477,0.663747223037126,-0.22888618729874646,1.207642908060418,-0.7363280996918251,-1.3965490673621888
3,8,1,22,0,1,2,1,0.800684366,0.8004331676992482,1.3890038615240754,0,0,0.0006843659999999918,3.6635616461296463,6.954638864880987,8.821879862683842,3.254242968705492,4.034240638152395,0.8,0,0,0,0,0,0,0,2.1814671814671818,31560,25.478748208060605,28.056686732376924,14.779689273192705,0.8660254037844387,-0.4999999999999998,0.8452087477209552,0.8506299249949013,0.5672671685051183,0.9822473597811097,0.8966895396954262,0.663747223037126,-0.22888618729874646,1.207642908060418,-0.7363280996918251,-1.3965490673621888
3,9,0,11,0,1,2,1,0.820833333,0.8205653018111947,1.5201821518425678,0,0,0.02083333300000001,0.0,0.0,7.560601162768557,1.0647107369924282,2.0794415416798357,0.8,0,0,1,0,1,0,0,2.7586206896551726,24720,0.0,0.0,0.0,0.8660254037844387,-0.4999999999999998,-0.9856129740972022,-1.1731446939116332,-0.358383611519654,-1.4380676486489155,-1.329301807783477,0.663747223037126,-0.22888618729874646,1.207642908060418,-0.7363280996918251,-1.3965490673621888
3,9,1,23,0,1,2,1,0.850569492,0.8502766185730994,1.7367722623718702,0,0,0.05056949199999994,4.330733340286331,7.113142108707088,8.865170419651774,3.264231526588998,4.07753744390572,0.8,0,0,0,1,0,0,0,2.2553516819571864,31800,30.805121684372402,29.00410329207564,17.658727354588407,0.8660254037844387,-0.4999999999999998,1.178619932744878,0.8967537925460175,0.5990380513621463,0.9932887393999459,0.9459929771454892,0.663747223037126,-0.22888618729874646,1.207642908060418,-0.7363280996918251,-1.3965490673621888
3,10,0,1,0,1,2,1,0.763375,0.763154970760234,1.1700550756224855,0,0,0.013375000000000026,0.0,0.0,6.8679744089702925,1.0647107369924282,2.0794415416798357,0.75,0,0,1,0,1,0,0,2.7586206896551726,27060,0.0,0.0,0.0,0.8660254037844387,-0.4999999999999998,-0.9856129740972022,-1.1731446939116332,-0.8667014757335281,-1.4380676486489155,-1.329301807783477,0.1762726874672926,-0.22888618729874646,1.207642908060418,-0.7363280996918251,-1.3965490673621888
3,10,1,13,0,1,2,1,0.7504,0.7501908103592314,1.099630202976674,0,0,0.00039999999999995595,3.828641396489095,6.988413181999592,8.85666093701725,3.3350575791576103,4.069026754237811,0.75,0,0,0,0,0,0,0,2.0833333333333335,34080,26.756128004373718,28.436040207224533,15.578844274696543,0.8660254037844387,-0.4999999999999998,0.9277054058868384,0.8604581284549959,0.5927929532416565,1.071580054566176,0.9363015865590966,0.1762726874672926,-0.22888618729874646,1.207642908060418,-0.7363280996918251,-1.3965490673621888
3,11,0,2,0,1,2,1,0.939513889,0.9391467094770258,2.7365058131839093,0,0,0.13951388899999995,0.0,0.0,7.783640596221253,1.3711807233098425,2.302585092994046,0.8,0,0,1,0,1,0,0,2.5380710659898478,27660,0.0,0.0,0.0,0.8660254037844387,-0.4999999999999998,-0.9856129740972022,-1.1731446939116332,-0.19469526447499352,-1.0992948748235933,-1.0752012122964671,0.663747223037126,-0.22888618729874646,1.207642908060418,-0.7363280996918251,-1.3965490673621888
3,11,1,14,0,1,2,1,0.800250962,0.8000001257744361,1.3862951472103018,0,0,0.0002509619999999657,3.9318256327243257,6.520621127558696,8.476579508530941,2.960623096440423,4.007333185232471,0.8,0,0,0,0,0,0,0,2.8482651475919214,32460,25.637945290619076,26.13030143279394,15.75613533656385,0.8660254037844387,-0.4999999999999998,0.9792705109119583,0.724332341753945,0.3138516924601087,0.6576791377091074,0.8660491749180281,0.663747223037126,-0.22888618729874646,1.207642908060418,-0.7363280996918251,-1.3965490673621888
3,12,1,15,0,1,2,1,0.800246011,0.7999951789106099,1.3862642295835754,0,0,0.00024601099999999043,3.9318256327243257,6.945051063725834,8.881975184248867,2.4518667957098,3.4657359027997265,0.8,0,0,0,0,0,0,0,2.756244616709733,24915,27.30672979293658,24.069712818332054,13.626669258880947,0.8660254037844387,-0.4999999999999998,0.9792705109119583,0.847839909725107,0.6113710460115266,0.09529851025962122,0.2493152779723679,0.663747223037126,-0.22888618729874646,1.207642908060418,-0.7363280996918251,-1.3965490673621888
4,1,0,0,0,1,3,1,0.936496212,0.9361315535104426,2.6849305709529125,0,0,0.13649621199999995,0.0,0.0,7.273092595999522,1.3711807233098425,2.0794415416798357,0.8,0,0,1,0,1,0,0,2.030456852791878,33600,0.0,0.0,0.0,1.2246467991473532e-16,-1.0,-0.9856129740972022,-1.1731446939116332,-0.5693857707660099,-1.0992948748235933,-1.329301807783477,0.663747223037126,-0.22888618729874646,-0.028538824941726233,-1.4377147039121636,-1.3116816168387389
4,1,1,12,0,1,3,1,0.850502311,0.8502094936975773,1.7362450890344094,0,0,0.05050231099999991,4.330733340286331,7.080026499922591,9.27058845232154,3.264231526588998,4.07753744390572,0.8,0,0,0,1,0,0,0,2.2553516819571864,44220,30.6617068133255,28.869073157279118,17.658727354588407,1.2246467991473532e-16,-1.0,1.178619932744878,0.8871172708157334,0.8965738126511332,0.9932887393999459,0.9459929771454892,0.663747223037126,-0.22888618729874646,-0.028538824941726233,-1.4377147039121636,-1.3116816168387389
4,2,0,4,0,1,3,1,0.805909091,0.8056535278496241,1.4220112788060004,0,0,0.005909090999999922,0.0,0.0,7.273092595999522,1.3711807233098425,2.0794415416798357,0.8,0,0,1,0,1,0,0,2.030456852791878,31440,0.0,0.0,0.0,1.2246467991473532e-16,-1.0,-0.9856129740972022,-1.1731446939116332,-0.5693857707660099,-1.0992948748235933,-1.329301807783477,0.663747223037126,-0.22888618729874646,-0.028538824941726233,-1.4377147039121636,-1.3116816168387389
4,2,1,16,0,1,3,1,0.800594466,0.8003433428036758,1.3884416368142438,0,0,0.0005944659999999047,3.9318256327243257,6.57507584059962,9.24483841238375,3.3350575791576103,4.051784947803305,0.8,0,0,0,0,0,0,0,2.047720797720798,41790,25.85205172717603,26.6407933216067,15.930911916059628,1.2246467991473532e-16,-1.0,0.9792705109119583,0.7401784652224922,0.8776758921870157,1.071580054566176,0.9166677981010531,0.663747223037126,-0.22888618729874646,-0.028538824941726233,-1.4377147039121636,-1.3116816168387389
4,3,0,5,0,1,3,1,0.899166667,0.8988331944294068,2.1843267767199452,0,0,0.14916666700000003,0.0,0.0,7.496097345175956,1.423108334242607,2.302585092994046,0.75,0,0,1,0,1,0,0,2.4096385542168672,33480,0.0,0.0,0.0,1.2246467991473532e-16,-1.0,-0.9856129740972022,-1.1731446939116332,-0.40572287846610844,-1.0418939495153812,-1.0752012122964671,0.1762726874672926,-0.22888618729874646,-0.028538824941726233,-1.4377147039121636,-1.3116816168387389
4,3,1,17,0,1,3,1,0.800273829,0.8000229736708437,1.386437952748211,0,0,0.0002738289999999477,3.9318256327243257,6.871091294610546,9.200391041122515,2.9892110565637253,4.007333185232471,0.8,0,0,0,0,0,0,0,2.7679919476597883,43380,27.015932876938713,27.534752163654783,15.75613533656385,1.2246467991473532e-16,-1.0,0.9792705109119583,0.8263178858697002,0.8450560248406661,0.6892803482072475,0.8660491749180281,0.663747223037126,-0.22888618729874646,-0.028538824941726233,-1.4377147039121636,-1.3116816168387389
4,4,0,6,0,1,3,1,0.966781346,0.9663913866466165,3.3587865303963094,0,0,0.16678134599999994,0.0,0.0,8.398634855292102,1.3711807233098425,2.8903717578961645,0.8,0,0,1,0,1,0,0,4.568527918781726,55800,0.0,0.0,0.0,1.2246467991473532e-16,-1.0,-0.9856129740972022,-1.1731446939116332,0.2566482138997095,-1.0992948748235933,-0.40587000961859426,0.663747223037126,-0.22888618729874646,-0.028538824941726233,-1.4377147039121636,-1.3116816168387389
4,4,1,18,0,1,3,1,0.800594466,0.8003433428036758,1.3884416368142438,0,0,0.0005944659999999047,3.9318256327243257,6.8308742346461795,9.24483841238375,3.3350575791576103,4.051784947803305,0.8,0,0,0,0,0,0,0,2.047720797720798,66150,26.857806409698007,27.67723340427681,15.930911916059628,1.2246467991473532e-16,-1.0,0.9792705109119583,0.814614867670736,0.8776758921870157,1.071580054566176,0.9166677981010531,0.663747223037126,-0.22888618729874646,-0.028538824941726233,-1.4377147039121636,-1.3116816168387389
4,5,1,19,0,1,3,1,0.649983281,0.6498579816842105,0.6184150105017383,1,1,-1.6718999999998374e-05,3.58351893845611,6.695798917058491,9.25349564229011,3.090132948975475,4.060443010546419,0.65,0,0,0,0,0,0,0,2.6387625113739763,36060,23.994522227373015,27.18790991279443,14.550674426814835,1.2246467991473532e-16,-1.0,0.8052083486457364,0.7753084414585706,0.8840294218361046,0.8008396883007296,0.9265270070534614,-0.7986763836723731,-0.22888618729874646,-0.028538824941726233,-1.4377147039121636,-1.3116816168387389
4,6,1,20,0,1,3,1,0.80007657,0.79982587946533,1.3852064628435525,0,0,7.656999999994252e-05,3.6635616461296463,6.814542897259958,8.405367376233981,2.4518667957098,3.449987545831587,0.8,0,0,0,0,0,0,0,2.7131782945736433,27285,24.96549799430678,23.510088126081957,12.639242052533548,1.2246467991473532e-16,-1.0,0.8452087477209552,0.8098625078807932,0.2615892021696314,0.09529851025962122,0.2313821274960118,0.663747223037126,-0.22888618729874646,-0.028538824941726233,-1.4377147039121636,-1.3116816168387389
4,7,0,9,0,1,3,1,0.61625,0.6161528822055138,0.4732507755700649,1,1,-0.18375000000000008,0.0,0.0,7.273092595999522,1.0647107369924282,2.0794415416798357,0.8,0,0,1,0,1,0,0,2.7586206896551726,32520,0.0,0.0,0.0,1.2246467991473532e-16,-1.0,-0.9856129740972022,-1.1731446939116332,-0.5693857707660099,-1.4380676486489155,-1.329301807783477,0.663747223037126,-0.22888618729874646,-0.028538824941726233,-1.4377147039121636,-1.3116816168387389
4,7,1,21,0,1,3,1,0.800128721,0.7998779868972431,1.3855319536101698,0,0,0.0001287209999999428,3.6635616461296463,6.943122422819428,9.227295812625597,3.254242968705492,4.034240638152395,0.8,0,0,0,0,0,0,0,2.1814671814671818,42690,25.436557012624004,28.010226633805257,14.779689273192705,1.2246467991473532e-16,-1.0,0.8452087477209552,0.8472786822349093,0.8648014012827553,0.9822473597811097,0.8966895396954262,0.663747223037126,-0.22888618729874646,-0.028538824941726233,-1.4377147039121636,-1.3116816168387389
4,8,0,10,0,1,3,1,0.681060606,0.6809093440066832,0.7579539249403462,1,1,-0.11893939400000009,0.0,0.0,7.273092595999522,1.0647107369924282,2.0794415416798357,0.8,0,0,1,0,1,0,0,2.7586206896551726,33000,0.0,0.0,0.0,1.2246467991473532e-16,-1.0,-0.9856129740972022,-1.1731446939116332,-0.5693857707660099,-1.4380676486489155,-1.329301807783477,0.663747223037126,-0.22888618729874646,-0.028538824941726233,-1.4377147039121636,-1.3116816168387389
4,8,1,22,0,1,3,1,0.800128721,0.7998779868972431,1.3855319536101698,0,0,0.0001287209999999428,3.6635616461296463,6.988413181999592,9.227295812625597,3.254242968705492,4.034240638152395,0.8,0,0,0,0,0,0,0,2.1814671814671818,43170,25.602482500880544,28.192940455022647,14.779689273192705,1.2246467991473532e-16,-1.0,0.8452087477209552,0.8604581284549959,0.8648014012827553,0.9822473597811097,0.8966895396954262,0.663747223037126,-0.22888618729874646,-0.028538824941726233,-1.4377147039121636,-1.3116816168387389
4,9,0,11,0,1,3,1,0.858143939,0.8578447377142856,1.7975032680809833,0,0,0.05814393899999992,0.0,0.0,7.273092595999522,1.3711807233098425,2.0794415416798357,0.8,0,0,1,0,1,0,0,2.030456852791878,33240,0.0,0.0,0.0,1.2246467991473532e-16,-1.0,-0.9856129740972022,-1.1731446939116332,-0.5693857707660099,-1.0992948748235933,-1.329301807783477,0.663747223037126,-0.22888618729874646,-0.028538824941726233,-1.4377147039121636,-1.3116816168387389
4,9,1,23,0,1,3,1,0.850502311,0.8502094936975773,1.7362450890344094,0,0,0.05050231099999991,4.330733340286331,7.174724309836376,9.27058845232154,3.264231526588998,4.07753744390572,0.8,0,0,0,1,0,0,0,2.2553516819571864,43860,31.071817775971233,29.255207023058446,17.658727354588407,1.2246467991473532e-16,-1.0,1.178619932744878,0.914673989128933,0.8965738126511332,0.9932887393999459,0.9459929771454892,0.663747223037126,-0.22888618729874646,-0.028538824941726233,-1.4377147039121636,-1.3116816168387389
4,10,0,1,0,1,3,1,0.809640152,0.809381471839599,1.4459961447998129,0,0,0.059640151999999946,0.0,0.0,7.273092595999522,1.3711807233098425,2.0794415416798357,0.75,0,0,1,0,1,0,0,2.030456852791878,35520,0.0,0.0,0.0,1.2246467991473532e-16,-1.0,-0.9856129740972022,-1.1731446939116332,-0.5693857707660099,-1.0992948748235933,-1.329301807783477,0.1762726874672926,-0.22888618729874646,-0.028538824941726233,-1.4377147039121636,-1.3116816168387389
4,10,1,13,0,1,3,1,0.750545455,0.7503361438429408,1.1004058601750817,0,0,0.000545455000000028,3.828641396489095,7.098375638590786,9.262078567380597,3.3350575791576103,4.069026754237811,0.75,0,0,0,0,0,0,0,2.0833333333333335,46050,27.177134817738402,28.883480385055815,15.578844274696543,1.2246467991473532e-16,-1.0,0.9277054058868384,0.8924568034409299,0.8903284192784912,1.071580054566176,0.9363015865590966,0.1762726874672926,-0.22888618729874646,-0.028538824941726233,-1.4377147039121636,-1.3116816168387389
4,11,0,2,0,1,3,1,0.888686869,0.8883621514820386,2.074119351221457,0,0,0.088686869,0.0,0.0,7.901377353792616,1.423108334242607,2.70805020110221,0.8,0,0,1,0,1,0,0,3.614457831325301,35160,0.0,0.0,0.0,1.2246467991473532e-16,-1.0,-0.9856129740972022,-1.1731446939116332,-0.10828841284827576,-1.0418939495153812,-0.6134853132140259,0.663747223037126,-0.22888618729874646,-0.028538824941726233,-1.4377147039121636,-1.3116816168387389
4,11,1,14,0,1,3,1,0.750057851,0.749848947197995,1.0978068359017255,0,0,5.7850999999997654e-05,3.828641396489095,6.3818160174060985,9.200391041122515,2.960623096440423,4.007333185232471,0.75,0,0,0,0,0,0,0,2.8482651475919214,45060,24.43368498901816,25.574063108599585,15.342641722505542,1.2246467991473532e-16,-1.0,0.9277054058868384,0.6839405594689046,0.8450560248406661,0.6576791377091074,0.8660491749180281,0.1762726874672926,-0.22888618729874646,-0.028538824941726233,-1.4377147039121636,-1.3116816168387389
4,12,1,15,0,1,3,1,0.800140969,0.7998902246649958,1.3856084064384087,0,0,0.00014096899999993528,3.9318256327243257,7.00488198971286,8.577535420422398,2.4518667957098,3.449987545831587,0.8,0,0,0,0,0,0,0,2.7131782945736433,30225,27.541974561362,24.166755624529355,13.564749465280324,1.2246467991473532e-16,-1.0,0.9792705109119583,0.8652504916101942,0.3879431034993313,0.09529851025962122,0.2313821274960118,0.663747223037126,-0.22888618729874646,-0.028538824941726233,-1.4377147039121636,-1.3116816168387389
5,1,0,0,0,1,4,1,0.951420455,0.9510433284711781,2.966623970052504,0,0,0.151420455,0.0,0.0,7.273092595999522,1.3711807233098425,2.0794415416798357,0.8,0,0,1,0,1,0,0,2.030456852791878,45660,0.0,0.0,0.0,-0.8660254037844384,-0.5000000000000004,-0.9856129740972022,-1.1731446939116332,-0.5693857707660099,-1.0992948748235933,-1.329301807783477,0.663747223037126,-0.22888618729874646,-1.2647205579438705,-0.736328099691826,-1.226814166315289
5,1,1,12,0,1,4,1,0.850502311,0.8502094936975773,1.7362450890344094,0,0,0.05050231099999991,4.330733340286331,7.07326971745971,9.27058845232154,3.264231526588998,4.07753744390572,0.8,0,0,0,1,0,0,0,2.2553516819571864,56280,30.632444990240444,28.841522123786397,17.658727354588407,-0.8660254037844384,-0.5000000000000004,1.178619932744878,0.8851510716902977,0.8965738126511332,0.9932887393999459,0.9459929771454892,0.663747223037126,-0.22888618729874646,-1.2647205579438705,-0.736328099691826,-1.226814166315289
5,2,0,4,0,1,4,1,0.813371212,0.8131094148304093,1.470342342511465,0,0,0.01337121199999991,0.0,0.0,7.273092595999522,1.3711807233098425,2.0794415416798357,0.8,0,0,1,0,1,0,0,2.030456852791878,43230,0.0,0.0,0.0,-0.8660254037844384,-0.5000000000000004,-0.9856129740972022,-1.1731446939116332,-0.5693857707660099,-1.0992948748235933,-1.329301807783477,0.663747223037126,-0.22888618729874646,-1.2647205579438705,-0.736328099691826,-1.226814166315289
5,2,1,16,0,1,4,1,0.800594466,0.8003433428036758,1.3884416368142438,0,0,0.0005944659999999047,4.1588830833596715,6.655440350367647,9.24483841238375,3.3350575791576103,4.051784947803305,0.8,0,0,0,0,0,0,0,2.047720797720798,53580,27.679198285453374,26.966413032622388,16.850899876830514,-0.8660254037844384,-0.5000000000000004,1.0927397937785401,0.7635642453167951,0.8776758921870157,1.071580054566176,0.9166677981010531,0.663747223037126,-0.22888618729874646,-1.2647205579438705,-0.736328099691826,-1.226814166315289
5,3,0,5,0,1,4,1,0.83,0.8297243107769423,1.5836746650995812,0,0,0.07999999999999996,0.0,0.0,7.901377353792616,1.423108334242607,2.70805020110221,0.75,0,0,1,0,1,0,0,3.614457831325301,46080,0.0,0.0,0.0,-0.8660254037844384,-0.5000000000000004,-0.9856129740972022,-1.1731446939116332,-0.10828841284827576,-1.0418939495153812,-0.6134853132140259,0.1762726874672926,-0.22888618729874646,-1.2647205579438705,-0.736328099691826,-1.226814166315289
5,3,1,17,0,1,4,1,0.800273829,0.8000229736708437,1.386437952748211,0,0,0.0002738289999999477,3.9318256327243257,6.829793737512425,9.200391041122515,2.9892110565637253,4.007333185232471,0.8,0,0,0,0,0,0,0,2.7679919476597883,55980,26.85355808337143,27.36925909262645,15.75613533656385,-0.8660254037844384,-0.5000000000000004,0.9792705109119583,0.814300446934077,0.8450560248406661,0.6892803482072475,0.8660491749180281,0.663747223037126,-0.22888618729874646,-1.2647205579438705,-0.736328099691826,-1.226814166315289
5,4,0,6,0,1,4,1,0.827186544,0.8269132051996658,1.5639065653903805,0,0,0.02718654399999998,0.0,0.0,8.398634855292102,1.3711807233098425,2.8903717578961645,0.8,0,0,1,0,1,0,0,4.568527918781726,70590,0.0,0.0,0.0,-0.8660254037844384,-0.5000000000000004,-0.9856129740972022,-1.1731446939116332,0.2566482138997095,-1.0992948748235933,-0.40587000961859426,0.663747223037126,-0.22888618729874646,-1.2647205579438705,-0.736328099691826,-1.226814166315289
5,4,1,18,0,1,4,1,0.800594466,0.8003433428036758,1.3884416368142438,0,0,0.0005944659999999047,3.9318256327243257,6.898714534329988,9.24483841238375,3.3350575791576103,4.051784947803305,0.8,0,0,0,0,0,0,0,2.047720797720798,80940,27.12454263892651,27.95210770939013,15.930911916059628,-0.8660254037844384,-0.5000000000000004,0.9792705109119583,0.8343561481752348,0.8776758921870157,1.071580054566176,0.9166677981010531,0.663747223037126,-0.22888618729874646,-1.2647205579438705,-0.736328099691826,-1.226814166315289
5,5,0,7,0,1,4,1,0.330113636,0.3302555627869674,-0.7070294151939001,1,1,-0.36988636399999997,0.0,0.0,7.273092595999522,1.423108334242607,2.0794415416798357,0.7,0,0,1,0,1,0,0,1.9277108433734937,37500,0.0,0.0,0.0,-0.8660254037844384,-0.5000000000000004,-0.9856129740972022,-1.1731446939116332,-0.5693857707660099,-1.0418939495153812,-1.329301807783477,-0.3112018481025408,-0.22888618729874646,-1.2647205579438705,-0.736328099691826,-1.226814166315289
5,5,1,19,0,1,4,1,0.700480831,0.7003133449256476,0.8487904247744137,0,0,0.0004808310000000704,3.713572066704308,6.025865973825314,9.18204377282107,3.090132948975475,4.060443010546419,0.7,0,0,0,0,0,0,0,2.6387625113739763,47220,22.377487558101638,24.467685375908488,15.078747742409927,-0.8660254037844384,-0.5000000000000004,0.870200865542169,0.5803603912109813,0.8315909887501515,0.8008396883007296,0.9265270070534614,-0.3112018481025408,-0.22888618729874646,-1.2647205579438705,-0.736328099691826,-1.226814166315289
5,6,0,8,0,1,4,1,0.666515152,0.6663760415973267,0.6918396525619037,1,1,-0.13348484800000004,0.0,0.0,7.496097345175956,1.0647107369924282,2.302585092994046,0.8,0,0,1,0,1,0,0,3.4482758620689657,29085,0.0,0.0,0.0,-0.8660254037844384,-0.5000000000000004,-0.9856129740972022,-1.1731446939116332,-0.40572287846610844,-1.4380676486489155,-1.0752012122964671,0.663747223037126,-0.22888618729874646,-1.2647205579438705,-0.736328099691826,-1.226814166315289
5,6,1,20,0,1,4,1,0.800343766,0.8000928522439432,1.3868747887120865,0,0,0.0003437659999999676,3.9318256327243257,6.894670039433482,8.610865667278873,2.4344901638739844,3.417726683613366,0.8,0,0,0,0,0,0,0,2.6730937773882557,34575,27.108640390221,23.564097768481428,13.437905380276934,-0.8660254037844384,-0.5000000000000004,0.9792705109119583,0.8331792148682907,0.41240412785753683,0.07609033318004338,0.1946456668082843,0.663747223037126,-0.22888618729874646,-1.2647205579438705,-0.736328099691826,-1.226814166315289
5,7,0,9,0,1,4,1,0.804640152,0.8043856489490393,1.4139336927589383,0,0,0.0046401520000000085,0.0,0.0,7.273092595999522,1.0647107369924282,2.0794415416798357,0.8,0,0,1,0,1,0,0,2.7586206896551726,44130,0.0,0.0,0.0,-0.8660254037844384,-0.5000000000000004,-0.9856129740972022,-1.1731446939116332,-0.5693857707660099,-1.4380676486489155,-1.329301807783477,0.663747223037126,-0.22888618729874646,-1.2647205579438705,-0.736328099691826,-1.226814166315289
5,7,1,21,0,1,4,1,0.800128721,0.7998779868972431,1.3855319536101698,0,0,0.0001287209999999428,3.9318256327243257,6.9726062513017535,9.227295812625597,3.254242968705492,4.034240638152395,0.8,0,0,0,0,0,0,0,2.1814671814671818,54300,27.415071985762104,28.129171492836967,15.86193074966573,-0.8660254037844384,-0.5000000000000004,0.9792705109119583,0.8558583691043503,0.8648014012827553,0.9822473597811097,0.8966895396954262,0.663747223037126,-0.22888618729874646,-1.2647205579438705,-0.736328099691826,-1.226814166315289
5,8,0,10,0,1,4,1,0.681060606,0.6809093440066832,0.7579539249403462,1,1,-0.11893939400000009,0.0,0.0,7.273092595999522,1.0647107369924282,2.0794415416798357,0.8,0,0,1,0,1,0,0,2.7586206896551726,44610,0.0,0.0,0.0,-0.8660254037844384,-0.5000000000000004,-0.9856129740972022,-1.1731446939116332,-0.5693857707660099,-1.4380676486489155,-1.329301807783477,0.663747223037126,-0.22888618729874646,-1.2647205579438705,-0.736328099691826,-1.226814166315289
5,8,1,22,0,1,4,1,0.850136766,0.8498442540818714,1.7333800406535405,0,0,0.050136765999999944,4.110873864173311,7.035268599281097,9.227295812625597,3.254242968705492,4.034240638152395,0.8,0,0,0,0,0,0,0,2.1814671814671818,54780,28.921101812223842,28.381966483537283,16.584254401166543,-0.8660254037844384,-0.5000000000000004,1.0687477527474374,0.8740928844926421,0.8648014012827553,0.9822473597811097,0.8966895396954262,0.663747223037126,-0.22888618729874646,-1.2647205579438705,-0.736328099691826,-1.226814166315289
5,9,0,11,0,1,4,1,0.880530303,0.8802123996558062,1.9944430642395194,0,0,0.08053030299999997,0.0,0.0,7.273092595999522,1.3711807233098425,2.0794415416798357,0.8,0,0,1,0,1,0,0,2.030456852791878,45300,0.0,0.0,0.0,-0.8660254037844384,-0.5000000000000004,-0.9856129740972022,-1.1731446939116332,-0.5693857707660099,-1.0992948748235933,-1.329301807783477,0.663747223037126,-0.22888618729874646,-1.2647205579438705,-0.736328099691826,-1.226814166315289
5,9,1,23,0,1,4,1,0.850502311,0.8502094936975773,1.7362450890344094,0,0,0.05050231099999991,4.330733340286331,7.1891677384203225,9.27058845232154,3.264231526588998,4.07753744390572,0.8,0,0,0,1,0,0,0,2.2553516819571864,55920,31.13436841368777,29.314100643927866,17.658727354588407,-0.8660254037844384,-0.5000000000000004,1.178619932744878,0.9188769743228564,0.8965738126511332,0.9932887393999459,0.9459929771454892,0.663747223037126,-0.22888618729874646,-1.2647205579438705,-0.736328099691826,-1.226814166315289
5,10,0,1,0,1,4,1,0.805909091,0.8056535278496241,1.4220112788060004,0,0,0.055909090999999966,0.0,0.0,7.273092595999522,1.3711807233098425,2.0794415416798357,0.75,0,0,1,0,1,0,0,2.030456852791878,47490,0.0,0.0,0.0,-0.8660254037844384,-0.5000000000000004,-0.9856129740972022,-1.1731446939116332,-0.5693857707660099,-1.0992948748235933,-1.329301807783477,0.1762726874672926,-0.22888618729874646,-1.2647205579438705,-0.736328099691826,-1.226814166315289
5,10,1,13,0,1,4,1,0.8,0.799749373433584,1.384728680511969,0,0,0.050000000000000044,4.248495242049359,7.0431599159883405,9.262078567380597,3.3350575791576103,4.069026754237811,0.75,0,0,0,0,0,0,0,2.0833333333333335,58020,29.92283139206923,28.65880613253189,17.287240805150887,-0.8660254037844384,-0.5000000000000004,1.1375224131296902,0.8763892289574162,0.8903284192784912,1.071580054566176,0.9363015865590966,0.1762726874672926,-0.22888618729874646,-1.2647205579438705,-0.736328099691826,-1.226814166315289
5,11,1,14,0,1,4,1,0.412119835,0.4121932520133667,-0.35490593633050405,1,1,-0.38788016500000005,3.713572066704308,6.343880434126331,9.200391041122515,3.4604092412940015,4.007333185232471,0.8,0,0,0,0,0,0,0,1.7279296261388628,54960,23.55845717468354,25.422042586821423,14.881520578656506,-0.8660254037844384,-0.5000000000000004,0.870200865542169,0.6729014426884933,0.8450560248406661,1.2101441299454128,0.8660491749180281,0.663747223037126,-0.22888618729874646,-1.2647205579438705,-0.736328099691826,-1.226814166315289
5,12,1,15,0,1,4,1,0.800246753,0.7999959202907269,1.3862688631319777,0,0,0.00024675299999998845,3.9318256327243257,7.02197642307216,8.643120748014027,2.4518667957098,3.449987545831587,0.8,0,0,0,0,0,0,0,2.7131782945736433,35895,27.609186892620993,24.22573120672199,13.564749465280324,-0.8660254037844384,-0.5000000000000004,0.9792705109119583,0.8702249095532791,0.43607608921251995,0.09529851025962122,0.2313821274960118,0.663747223037126,-0.22888618729874646,-1.2647205579438705,-0.736328099691826,-1.226814166315289
6,1,0,0,0,2,5,2,0.947689394,0.947315384481203,2.889308585807926,0,0,0.14768939399999992,0.0,0.0,7.273092595999522,1.3711807233098425,2.0794415416798357,0.8,0,0,1,0,1,0,0,2.030456852791878,57720,0.0,0.0,0.0,-0.8660254037844386,0.5000000000000001,-0.9856129740972022,-1.1731446939116332,-0.5693857707660099,-1.0992948748235933,-1.329301807783477,0.663747223037126,-0.22888618729874646,-1.2647205579438707,0.6664451087488514,-1.1419467157918393
6,1,1,12,0,2,5,2,0.850502311,0.8502094936975773,1.7362450890344094,0,0,0.05050231099999991,4.330733340286331,7.0817085861055755,9.27058845232154,3.264231526588998,4.07753744390572,0.8,0,0,0,1,0,0,0,2.2553516819571864,68340,30.66899148003939,28.875931926674117,17.658727354588407,-0.8660254037844386,0.5000000000000001,1.178619932744878,0.8876067517780202,0.8965738126511332,0.9932887393999459,0.9459929771454892,0.663747223037126,-0.22888618729874646,-1.2647205579438707,0.6664451087488514,-1.1419467157918393
6,2,0,4,0,2,5,2,0.835757576,0.8354770767719298,1.6249529996928707,0,0,0.03575757599999996,0.0,0.0,7.273092595999522,1.3711807233098425,2.0794415416798357,0.8,0,0,1,0,1,0,0,2.030456852791878,55020,0.0,0.0,0.0,-0.8660254037844386,0.5000000000000001,-0.9856129740972022,-1.1731446939116332,-0.5693857707660099,-1.0992948748235933,-1.329301807783477,0.663747223037126,-0.22888618729874646,-1.2647205579438707,0.6664451087488514,-1.1419467157918393
6,2,1,16,0,2,5,2,0.800497246,0.8002462040233919,1.3878338472468972,0,0,0.0004972460000000067,4.1588830833596715,6.664409020350408,9.21542741102474,3.3350575791576103,4.069026754237811,0.8,0,0,0,0,0,0,0,2.0833333333333335,65070,27.71649793532491,27.117658604989607,16.922606533937543,-0.8660254037844386,0.5000000000000001,1.0927397937785401,0.7661740956669139,0.8560911969478857,1.071580054566176,0.9363015865590966,0.663747223037126,-0.22888618729874646,-1.2647205579438707,0.6664451087488514,-1.1419467157918393
6,3,0,5,0,2,5,2,0.712626263,0.7124486303659148,0.9073062905468938,1,0,-0.03737373700000002,0.0,0.0,7.6783263565068856,1.423108334242607,2.4849066497880004,0.75,0,0,1,0,1,0,0,2.8915662650602405,58140,0.0,0.0,0.0,-0.8660254037844386,0.5000000000000001,-0.9856129740972022,-1.1731446939116332,-0.2719852465748004,-1.0418939495153812,-0.8675859087010354,0.1762726874672926,-0.22888618729874646,-1.2647205579438707,0.6664451087488514,-1.1419467157918393
6,3,1,17,0,2,5,2,0.800273829,0.8000229736708437,1.386437952748211,0,0,0.0002738289999999477,3.9318256327243257,6.754604099487962,9.200391041122515,2.9892110565637253,4.007333185232471,0.8,0,0,0,0,0,0,0,2.7679919476597883,68040,26.557925537271583,27.067949160985403,15.75613533656385,-0.8660254037844386,0.5000000000000001,0.9792705109119583,0.7924205356985593,0.8450560248406661,0.6892803482072475,0.8660491749180281,0.663747223037126,-0.22888618729874646,-1.2647205579438707,0.6664451087488514,-1.1419467157918393
6,4,0,6,0,2,5,2,0.919905405,0.9195546068337509,2.436310821327864,0,0,0.11990540499999991,0.0,0.0,9.441531454869693,1.3711807233098425,2.995732273553991,0.8,0,0,1,0,1,0,0,5.0761421319796955,93540,0.0,0.0,0.0,-0.8660254037844386,0.5000000000000001,-0.9856129740972022,-1.1731446939116332,1.0220286575312558,-1.0992948748235933,-0.28589266941854513,0.663747223037126,-0.22888618729874646,-1.2647205579438707,0.6664451087488514,-1.1419467157918393
6,4,1,18,0,2,5,2,0.850181818,0.8498892684444445,1.7337328364564997,0,0,0.05018181799999999,4.330733340286331,6.849066282633458,9.262078567380597,3.3350575791576103,4.069026754237811,0.8,0,0,0,1,0,0,0,2.0833333333333335,104070,29.661479700031677,27.86903394558365,17.621869827094763,-0.8660254037844386,0.5000000000000001,1.178619932744878,0.8199086874790509,0.8903284192784912,1.071580054566176,0.9363015865590966,0.663747223037126,-0.22888618729874646,-1.2647205579438707,0.6664451087488514,-1.1419467157918393
6,5,0,7,0,2,5,2,0.821354167,0.8210857006950709,1.5237205733890078,0,0,0.12135416700000001,0.0,0.0,8.253488028345904,1.423108334242607,2.0794415416798357,0.7,0,0,1,0,1,0,0,1.9277108433734937,51060,0.0,0.0,0.0,-0.8660254037844386,0.5000000000000001,-0.9856129740972022,-1.1731446939116332,0.15012514838699428,-1.0418939495153812,-1.329301807783477,-0.3112018481025408,-0.22888618729874646,-1.2647205579438707,0.6664451087488514,-1.1419467157918393
6,5,1,19,0,2,5,2,0.233705476,0.2339279442740184,-1.1862630953594384,1,1,-0.46629452399999993,0.0,6.586171654854675,9.236105579862208,3.747384183486499,4.04305126783455,0.7,0,0,0,0,1,0,1,1.3440226361707146,61320,0.0,26.62822965933617,0.0,-0.8660254037844386,0.5000000000000001,-0.9856129740972022,0.7434073068204182,0.8712668778780183,1.5273670278647633,0.9067224814303124,-0.3112018481025408,-0.22888618729874646,-1.2647205579438707,0.6664451087488514,-1.1419467157918393
6,6,1,20,0,2,5,2,0.800024932,0.7997742846048455,1.3848842364542486,0,0,2.4931999999977528e-05,3.9318256327243257,6.021023349349527,9.591581091193483,2.4344901638739844,3.417726683613366,0.8,0,0,0,0,0,0,0,2.6730937773882557,49215,23.67361394020414,20.578212163731,13.437905380276934,-0.8660254037844386,0.5000000000000001,0.9792705109119583,0.5789512050988909,1.132149888401862,0.07609033318004338,0.1946456668082843,0.663747223037126,-0.22888618729874646,-1.2647205579438707,0.6664451087488514,-1.1419467157918393
6,7,0,9,0,2,5,2,0.681060606,0.6809093440066832,0.7579539249403462,1,1,-0.11893939400000009,0.0,0.0,7.273092595999522,1.0647107369924282,2.0794415416798357,0.8,0,0,1,0,1,0,0,2.7586206896551726,55740,0.0,0.0,0.0,-0.8660254037844386,0.5000000000000001,-0.9856129740972022,-1.1731446939116332,-0.5693857707660099,-1.4380676486489155,-1.329301807783477,0.663747223037126,-0.22888618729874646,-1.2647205579438707,0.6664451087488514,-1.1419467157918393
6,7,1,21,0,2,5,2,0.850136766,0.8498442540818714,1.7333800406535405,0,0,0.050136765999999944,4.110873864173311,6.957497370876951,9.227295812625597,3.254242968705492,4.034240638152395,0.8,0,0,0,0,0,0,0,2.1814671814671818,65910,28.601394101992586,28.068218633430245,16.584254401166543,-0.8660254037844386,0.5000000000000001,1.0687477527474374,0.8514617398446754,0.8648014012827553,0.9822473597811097,0.8966895396954262,0.663747223037126,-0.22888618729874646,-1.2647205579438707,0.6664451087488514,-1.1419467157918393
6,8,0,10,0,2,5,2,0.735984848,0.7357877010927318,1.0241886850086197,1,0,-0.06401515200000008,0.0,0.0,7.273092595999522,1.0647107369924282,2.0794415416798357,0.8,0,0,1,0,1,0,0,2.7586206896551726,56220,0.0,0.0,0.0,-0.8660254037844386,0.5000000000000001,-0.9856129740972022,-1.1731446939116332,-0.5693857707660099,-1.4380676486489155,-1.329301807783477,0.663747223037126,-0.22888618729874646,-1.2647205579438707,0.6664451087488514,-1.1419467157918393
6,8,1,22,0,2,5,2,0.850136766,0.8498442540818714,1.7333800406535405,0,0,0.050136765999999944,4.110873864173311,6.934397209928558,9.227295812625597,3.254242968705492,4.034240638152395,0.8,0,0,0,0,0,0,0,2.1814671814671818,66390,28.50643225409164,27.975027025384374,16.584254401166543,-0.8660254037844386,0.5000000000000001,1.0687477527474374,0.8447396770131907,0.8648014012827553,0.9822473597811097,0.8966895396954262,0.663747223037126,-0.22888618729874646,-1.2647205579438707,0.6664451087488514,-1.1419467157918393
6,9,0,11,0,2,5,2,0.891723485,0.8913962306265664,2.1050829162273805,0,0,0.09172348499999994,0.0,0.0,7.273092595999522,1.3711807233098425,2.0794415416798357,0.8,0,0,1,0,1,0,0,2.030456852791878,57360,0.0,0.0,0.0,-0.8660254037844386,0.5000000000000001,-0.9856129740972022,-1.1731446939116332,-0.5693857707660099,-1.0992948748235933,-1.329301807783477,0.663747223037126,-0.22888618729874646,-1.2647205579438707,0.6664451087488514,-1.1419467157918393
6,9,1,23,0,2,5,2,0.900215716,0.8998813670309106,2.1959071276799675,0,0,0.10021571600000001,4.48863636973214,7.104144092987527,9.27058845232154,3.264231526588998,4.07753744390572,0.8,0,0,0,1,0,0,0,2.2553516819571864,67980,31.887919551601556,28.96741354605828,18.302582869659837,-0.8660254037844386,0.5000000000000001,1.2575301092818796,0.8941354026932065,0.8965738126511332,0.9932887393999459,0.9459929771454892,0.663747223037126,-0.22888618729874646,-1.2647205579438707,0.6664451087488514,-1.1419467157918393
6,10,0,1,0,2,5,2,0.779791667,0.7795579229172933,1.2630920221099216,0,0,0.02979166700000002,0.0,0.0,7.273092595999522,1.3711807233098425,2.0794415416798357,0.75,0,0,1,0,1,0,0,2.030456852791878,59460,0.0,0.0,0.0,-0.8660254037844386,0.5000000000000001,-0.9856129740972022,-1.1731446939116332,-0.5693857707660099,-1.0992948748235933,-1.329301807783477,0.1762726874672926,-0.22888618729874646,-1.2647205579438707,0.6664451087488514,-1.1419467157918393
6,10,1,13,0,2,5,2,0.8,0.799749373433584,1.384728680511969,0,0,0.050000000000000044,4.248495242049359,6.9726062513017535,9.262078567380597,3.3350575791576103,4.069026754237811,0.75,0,0,0,0,0,0,0,2.0833333333333335,69990,29.62308448333912,28.371721383312643,17.287240805150887,-0.8660254037844386,0.5000000000000001,1.1375224131296902,0.8558583691043503,0.8903284192784912,1.071580054566176,0.9363015865590966,0.1762726874672926,-0.22888618729874646,-1.2647205579438707,0.6664451087488514,-1.1419467157918393
6,11,0,2,0,2,5,2,0.515606061,0.5155930233550542,0.062392325626632036,1,1,-0.2843939390000001,0.0,0.0,6.803505257608338,1.423108334242607,1.6094379124341003,0.8,0,0,1,0,1,0,0,1.2048192771084336,55860,0.0,0.0,0.0,-0.8660254037844386,0.5000000000000001,-0.9856129740972022,-1.1731446939116332,-0.9140153011788772,-1.0418939495153812,-1.8645097551743899,0.663747223037126,-0.22888618729874646,-1.2647205579438707,0.6664451087488514,-1.1419467157918393
6,11,1,14,0,2,5,2,0.349951389,0.35007674289390145,-0.618701894069268,1,1,-4.86109999999762e-05,3.6635616461296463,5.662960480135946,10.162808729968926,2.5273273656719524,3.9889840465642745,0.35,0,0,0,0,0,0,0,4.313099041533547,81780,20.746604818573978,22.589459011586253,14.613888960015911,-0.8660254037844386,0.5000000000000001,0.8452087477209552,0.47475621226518394,1.551373101669249,0.17871283382095418,0.8451544323417699,-3.7235235970913716,-0.22888618729874646,-1.2647205579438707,0.6664451087488514,-1.1419467157918393
6,12,1,15,0,2,5,2,0.800107143,0.7998564269239765,1.385397270830838,0,0,0.00010714299999992072,4.1588830833596715,6.3080984415095305,9.623839785112668,2.4518667957098,3.449987545831587,0.8,0,0,0,0,0,0,0,2.7131782945736433,51015,26.234643896561494,21.762861061087523,14.348094842160537,-0.8660254037844386,0.5000000000000001,1.0927397937785401,0.6624890129594019,1.155824501467856,0.09529851025962122,0.2313821274960118,0.663747223037126,-0.22888618729874646,-1.2647205579438707,0.6664451087488514,-1.1419467157918393
7,1,0,0,0,2,0,2,0.985,0.984594820384294,4.15752641512825,0,0,0.18499999999999994,0.0,0.0,7.6783263565068856,1.3711807233098425,2.0794415416798357,0.8,0,0,1,0,1,0,0,2.030456852791878,70500,0.0,0.0,0.0,0.0,1.0,-0.9856129740972022,-1.1731446939116332,-0.2719852465748004,-1.0992948748235933,-1.329301807783477,0.663747223037126,-0.22888618729874646,-0.028538824941726406,1.3678317129691895,-1.0570792652683894
7,1,1,12,0,2,0,2,0.800117103,0.7998663786031747,1.385459436523326,0,0,0.00011710300000000728,4.1588830833596715,7.197435354096591,9.27058845232154,3.264231526588998,4.07753744390572,0.8,0,0,0,0,0,0,0,2.2553516819571864,81120,29.93329213772714,29.34781215641967,16.958001497225133,0.0,1.0,1.0927397937785401,0.9212828204191932,0.8965738126511332,0.9932887393999459,0.9459929771454892,0.663747223037126,-0.22888618729874646,-0.028538824941726406,1.3678317129691895,-1.0570792652683894
7,2,0,4,0,2,0,2,0.817102273,0.8168373588203843,1.4950654960787069,0,0,0.017102273,0.0,0.0,7.273092595999522,1.3711807233098425,2.0794415416798357,0.8,0,0,1,0,1,0,0,2.030456852791878,66510,0.0,0.0,0.0,0.0,1.0,-0.9856129740972022,-1.1731446939116332,-0.5693857707660099,-1.0992948748235933,-1.329301807783477,0.663747223037126,-0.22888618729874646,-0.028538824941726406,1.3678317129691895,-1.0570792652683894
7,2,1,16,0,2,0,2,0.800594466,0.8003433428036758,1.3884416368142438,0,0,0.0005944659999999047,4.1588830833596715,6.620073206530356,9.24483841238375,3.3350575791576103,4.051784947803305,0.8,0,0,0,0,0,0,0,2.047720797720798,76860,27.532110469241715,26.823112971575654,16.850899876830514,0.0,1.0,1.0927397937785401,0.7532725350739296,0.8776758921870157,1.071580054566176,0.9166677981010531,0.663747223037126,-0.22888618729874646,-0.028538824941726406,1.3678317129691895,-1.0570792652683894
7,3,0,5,0,2,0,2,0.930340376,0.9299808602305764,2.5863953755853317,0,0,0.18034037599999997,0.0,0.0,7.923348211930154,1.423108334242607,2.4849066497880004,0.75,0,0,1,0,1,0,0,2.8915662650602405,70800,0.0,0.0,0.0,0.0,1.0,-0.9856129740972022,-1.1731446939116332,-0.0921640289399516,-1.0418939495153812,-0.8675859087010354,0.1762726874672926,-0.22888618729874646,-0.028538824941726406,1.3678317129691895,-1.0570792652683894
7,3,1,17,0,2,0,2,0.750098351,0.7498894133634085,1.0980225802076966,0,0,9.835099999999652e-05,3.828641396489095,6.98100574072173,8.865170419651774,2.9892110565637253,4.02535169073515,0.75,0,0,0,0,0,0,0,2.8183190739808754,77880,26.727767568055235,28.101003261446,15.411628118575964,0.0,1.0,0.9277054058868384,0.8583025899805429,0.5990380513621463,0.6892803482072475,0.8865674150869745,0.1762726874672926,-0.22888618729874646,-0.028538824941726406,1.3678317129691895,-1.0570792652683894
7,4,0,6,0,2,0,2,0.911589744,0.9112458929189642,2.328943071973701,0,0,0.11158974399999999,0.0,0.0,8.699681400989514,1.3711807233098425,2.995732273553991,0.8,0,0,1,0,1,0,0,5.0761421319796955,110070,0.0,0.0,0.0,0.0,1.0,-0.9856129740972022,-1.1731446939116332,0.477585878087085,-1.0992948748235933,-0.28589266941854513,0.663747223037126,-0.22888618729874646,-0.028538824941726406,1.3678317129691895,-1.0570792652683894
7,4,1,18,0,2,0,2,0.801028213,0.8007767274419383,1.3911559975056287,0,0,0.001028213,4.1588830833596715,6.493753839851687,9.25349564229011,3.3350575791576103,4.060443010546419,0.8,0,0,0,0,0,0,0,2.0655270655270654,120510,27.006762992061088,26.367517391234752,16.886907747507518,0.0,1.0,1.0927397937785401,0.716514058734984,0.8840294218361046,1.071580054566176,0.9265270070534614,0.663747223037126,-0.22888618729874646,-0.028538824941726406,1.3678317129691895,-1.0570792652683894
7,5,0,7,0,2,0,2,0.337973485,0.33810884549707604,-0.671733251497862,1,1,-0.16202651499999998,0.0,0.0,7.273092595999522,1.423108334242607,2.0794415416798357,0.5,0,0,1,0,1,0,0,1.9277108433734937,62760,0.0,0.0,0.0,0.0,1.0,-0.9856129740972022,-1.1731446939116332,-0.5693857707660099,-1.0418939495153812,-1.329301807783477,-2.2610999903818723,-0.22888618729874646,-0.028538824941726406,1.3678317129691895,-1.0570792652683894
7,5,1,19,0,2,0,2,0.388007813,0.38810137372431075,-0.4553000474686772,1,1,-0.11199218700000002,0.0,6.874198495453294,8.946505025998682,3.0344721018699214,4.02535169073515,0.5,0,0,0,0,1,0,0,2.6936026936026938,70440,0.0,27.67106653612194,0.0,0.0,1.0,-0.9856129740972022,0.8272220700155016,0.6587294120527539,0.7393120333613457,0.8865674150869745,-2.2610999903818723,-0.22888618729874646,-0.028538824941726406,1.3678317129691895,-1.0570792652683894
7,6,1,20,0,2,0,2,0.800343766,0.8000928522439432,1.3868747887120865,0,0,0.0003437659999999676,3.9318256327243257,6.78897174299217,8.610865667278873,2.4344901638739844,3.417726683613366,0.8,0,0,0,0,0,0,0,2.6730937773882557,54705,26.69305311893776,23.202849880321484,13.437905380276934,0.0,1.0,0.9792705109119583,0.8024213949792136,0.41240412785753683,0.07609033318004338,0.1946456668082843,0.663747223037126,-0.22888618729874646,-0.028538824941726406,1.3678317129691895,-1.0570792652683894
7,7,0,9,0,2,0,2,0.670075758,0.6699336729891394,0.7078850867394777,1,1,-0.12992424200000008,0.0,0.0,7.273092595999522,1.0647107369924282,2.0794415416798357,0.8,0,0,1,0,1,0,0,2.7586206896551726,67350,0.0,0.0,0.0,0.0,1.0,-0.9856129740972022,-1.1731446939116332,-0.5693857707660099,-1.4380676486489155,-1.329301807783477,0.663747223037126,-0.22888618729874646,-0.028538824941726406,1.3678317129691895,-1.0570792652683894
7,7,1,21,0,2,0,2,0.850136766,0.8498442540818714,1.7333800406535405,0,0,0.050136765999999944,4.110873864173311,6.878326468291325,9.227295812625597,3.254242968705492,4.034240638152395,0.8,0,0,0,0,0,0,0,2.1814671814671818,77520,28.275932507750326,27.748824160860107,16.584254401166543,0.0,1.0,1.0687477527474374,0.8284232950998592,0.8648014012827553,0.9822473597811097,0.8966895396954262,0.663747223037126,-0.22888618729874646,-0.028538824941726406,1.3678317129691895,-1.0570792652683894
7,8,0,10,0,2,0,2,0.628882576,0.6287749046750208,0.5269647258836027,1,1,-0.17111742400000007,0.0,0.0,7.273092595999522,1.0647107369924282,2.0794415416798357,0.8,0,0,1,0,1,0,0,2.7586206896551726,67830,0.0,0.0,0.0,0.0,1.0,-0.9856129740972022,-1.1731446939116332,-0.5693857707660099,-1.4380676486489155,-1.329301807783477,0.663747223037126,-0.22888618729874646,-0.028538824941726406,1.3678317129691895,-1.0570792652683894
7,8,1,22,0,2,0,2,0.850136766,0.8498442540818714,1.7333800406535405,0,0,0.050136765999999944,4.110873864173311,7.055312843339752,9.227295812625597,3.254242968705492,4.034240638152395,0.8,0,0,0,0,0,0,0,2.1814671814671818,78000,29.003501171251678,28.462829787479752,16.584254401166543,0.0,1.0,1.0687477527474374,0.8799256866221554,0.8648014012827553,0.9822473597811097,0.8966895396954262,0.663747223037126,-0.22888618729874646,-0.028538824941726406,1.3678317129691895,-1.0570792652683894
7,9,0,11,0,2,0,2,0.858143939,0.8578447377142856,1.7975032680809833,0,0,0.05814393899999992,0.0,0.0,7.273092595999522,1.3711807233098425,2.0794415416798357,0.8,0,0,1,0,1,0,0,2.030456852791878,69420,0.0,0.0,0.0,0.0,1.0,-0.9856129740972022,-1.1731446939116332,-0.5693857707660099,-1.0992948748235933,-1.329301807783477,0.663747223037126,-0.22888618729874646,-0.028538824941726406,1.3678317129691895,-1.0570792652683894
7,9,1,23,0,2,0,2,0.851174114,0.8508807354586466,1.7415255534717693,0,0,0.05117411399999994,4.330733340286331,7.023758954738443,9.27058845232154,3.264231526588998,4.07753744390572,0.8,0,0,0,1,0,0,0,2.2553516819571864,80040,30.418027079420447,28.6396401349141,17.658727354588407,0.0,1.0,1.178619932744878,0.8707436197859322,0.8965738126511332,0.9932887393999459,0.9459929771454892,0.663747223037126,-0.22888618729874646,-0.028538824941726406,1.3678317129691895,-1.0570792652683894
7,10,0,1,0,2,0,2,0.846950758,0.84666090774269,1.7086485111330396,0,0,0.046950757999999926,0.0,0.0,7.273092595999522,1.3711807233098425,2.0794415416798357,0.8,0,0,1,0,1,0,0,2.030456852791878,71430,0.0,0.0,0.0,0.0,1.0,-0.9856129740972022,-1.1731446939116332,-0.5693857707660099,-1.0992948748235933,-1.329301807783477,0.663747223037126,-0.22888618729874646,-0.028538824941726406,1.3678317129691895,-1.0570792652683894
7,10,1,13,0,2,0,2,0.8,0.799749373433584,1.384728680511969,0,0,0.0,4.1588830833596715,6.9874902470009905,9.262078567380597,3.3350575791576103,4.069026754237811,0.8,0,0,0,0,0,0,0,2.0833333333333335,81960,29.06015498339311,28.4322847600228,16.922606533937543,0.0,1.0,1.0927397937785401,0.8601895577266866,0.8903284192784912,1.071580054566176,0.9363015865590966,0.663747223037126,-0.22888618729874646,-0.028538824941726406,1.3678317129691895,-1.0570792652683894
7,11,0,2,0,2,0,2,0.817424242,0.8171590588404344,1.4972171614750094,0,0,0.017424241999999923,0.0,0.0,7.273092595999522,1.423108334242607,2.0794415416798357,0.8,0,0,1,0,1,0,0,1.9277108433734937,83220,0.0,0.0,0.0,0.0,1.0,-0.9856129740972022,-1.1731446939116332,-0.5693857707660099,-1.0418939495153812,-1.329301807783477,0.663747223037126,-0.22888618729874646,-0.028538824941726406,1.3678317129691895,-1.0570792652683894
7,11,1,14,0,2,0,2,0.673245283,0.6731005500985797,0.7222420933221455,0,1,0.17324528299999997,3.6635616461296463,6.620073206530356,9.163353580751846,2.5273273656719524,3.970291913552122,0.5,0,0,0,0,0,0,0,4.233226837060703,92760,24.253046294015117,26.28362311901054,14.545409178428235,0.0,1.0,0.8452087477209552,0.7532725350739296,0.8178742813572082,0.17871283382095418,0.8238691112946817,-2.2610999903818723,-0.22888618729874646,-0.028538824941726406,1.3678317129691895,-1.0570792652683894
7,12,1,15,0,2,0,2,0.800346445,0.8000955290058479,1.3868915243862074,0,0,0.0003464449999999175,3.9318256327243257,6.795705775173515,8.45765547870004,2.4518667957098,3.449987545831587,0.8,0,0,0,0,0,0,0,2.7131782945736433,55725,26.71953015927996,23.44510028948442,13.564749465280324,0.0,1.0,0.9792705109119583,0.8043809738554545,0.2999633718412306,0.09529851025962122,0.2313821274960118,0.663747223037126,-0.22888618729874646,-0.028538824941726406,1.3678317129691895,-1.0570792652683894
8,1,0,0,0,2,1,2,0.873068182,0.872756512675021,1.9255541342395543,0,0,0.07306818199999998,0.0,0.0,7.273092595999522,1.3711807233098425,2.0794415416798357,0.8,0,0,1,0,1,0,0,2.030456852791878,82560,0.0,0.0,0.0,0.8660254037844386,0.5000000000000001,-0.9856129740972022,-1.1731446939116332,-0.5693857707660099,-1.0992948748235933,-1.329301807783477,0.663747223037126,-0.22888618729874646,1.207642908060418,0.6664451087488514,-0.9722118147449396
8,1,1,12,0,2,1,2,0.850502311,0.8502094936975773,1.7362450890344094,0,0,0.05050231099999991,4.330733340286331,7.232733136177615,9.27058845232154,3.264231526588998,4.07753744390572,0.8,0,0,0,1,0,0,0,2.2553516819571864,93180,31.323038534238112,29.49174018454187,17.658727354588407,0.8660254037844386,0.5000000000000001,1.178619932744878,0.9315543466432212,0.8965738126511332,0.9932887393999459,0.9459929771454892,0.663747223037126,-0.22888618729874646,1.207642908060418,0.6664451087488514,-0.9722118147449396
8,2,0,4,0,2,1,2,0.820833333,0.8205653018111947,1.5201821518425678,0,0,0.02083333300000001,0.0,0.0,7.273092595999522,1.3711807233098425,2.0794415416798357,0.8,0,0,1,0,1,0,0,2.030456852791878,78300,0.0,0.0,0.0,0.8660254037844386,0.5000000000000001,-0.9856129740972022,-1.1731446939116332,-0.5693857707660099,-1.0992948748235933,-1.329301807783477,0.663747223037126,-0.22888618729874646,1.207642908060418,0.6664451087488514,-0.9722118147449396
8,2,1,16,0,2,1,2,0.8,0.799749373433584,1.384728680511969,0,0,0.0,4.1588830833596715,6.692083742506628,9.262078567380597,3.3350575791576103,4.069026754237811,0.8,0,0,0,0,0,0,0,2.0833333333333335,88830,27.831593869137095,27.230267789859365,16.922606533937543,0.8660254037844386,0.5000000000000001,1.0927397937785401,0.7742273391743333,0.8903284192784912,1.071580054566176,0.9363015865590966,0.663747223037126,-0.22888618729874646,1.207642908060418,0.6664451087488514,-0.9722118147449396
8,3,0,5,0,2,1,2,0.93532197,0.9349582924979114,2.6654732033375703,0,0,0.18532196999999995,0.0,0.0,7.273092595999522,1.423108334242607,2.0794415416798357,0.75,0,0,1,0,1,0,0,1.9277108433734937,79320,0.0,0.0,0.0,0.8660254037844386,0.5000000000000001,-0.9856129740972022,-1.1731446939116332,-0.5693857707660099,-1.0418939495153812,-1.329301807783477,0.1762726874672926,-0.22888618729874646,1.207642908060418,0.6664451087488514,-0.9722118147449396
8,3,1,17,0,2,1,2,0.690182815,0.6900239321136173,0.8002311870798725,1,1,-0.10981718500000004,0.0,6.950814768442584,8.76732914779405,2.9892110565637253,4.007333185232471,0.8,0,0,0,0,1,0,0,2.7679919476597883,85740,0.0,27.85423068598392,0.0,0.8660254037844386,0.5000000000000001,-0.9856129740972022,0.8495171268377788,0.527232470549752,0.6892803482072475,0.8660491749180281,0.663747223037126,-0.22888618729874646,1.207642908060418,0.6664451087488514,-0.9722118147449396
8,4,0,6,0,2,1,2,0.925643939,0.925288346736842,2.5164693343205053,0,0,0.12564393899999993,0.0,0.0,8.188966863648876,1.3711807233098425,2.995732273553991,0.8,0,0,1,0,1,0,0,5.0761421319796955,124110,0.0,0.0,0.0,0.8660254037844386,0.5000000000000001,-0.9856129740972022,-1.1731446939116332,0.10277315042340172,-1.0992948748235933,-0.28589266941854513,0.663747223037126,-0.22888618729874646,1.207642908060418,0.6664451087488514,-0.9722118147449396
8,4,1,18,0,2,1,2,0.473134796,0.4731572397794486,-0.10747437224551676,1,1,-0.326865204,0.0,6.333279628139691,9.25349564229011,3.9215772182329576,4.060443010546419,0.8,0,0,0,0,1,0,1,1.1489698890649762,134550,0.0,25.71592099991583,0.0,0.8660254037844386,0.5000000000000001,-0.9856129740972022,0.6698166466965619,0.8840294218361046,1.719920492140998,0.9265270070534614,0.663747223037126,-0.22888618729874646,1.207642908060418,0.6664451087488514,-0.9722118147449396
8,5,0,7,0,2,1,2,0.609138258,0.6090470815104428,0.4433084345976818,0,1,0.10913825799999999,0.0,0.0,7.273092595999522,1.423108334242607,2.0794415416798357,0.5,0,0,1,0,1,0,0,1.9277108433734937,71880,0.0,0.0,0.0,0.8660254037844386,0.5000000000000001,-0.9856129740972022,-1.1731446939116332,-0.5693857707660099,-1.0418939495153812,-1.329301807783477,-2.2610999903818723,-0.22888618729874646,1.207642908060418,0.6664451087488514,-0.9722118147449396
8,5,1,19,0,2,1,2,0.452979626,0.4530189078496241,-0.18848037157748093,1,1,-0.14702037399999995,0.0,7.097548850614793,8.984818995876008,3.0344721018699214,4.04305126783455,0.6,0,0,0,0,1,0,0,2.741702741702742,79860,0.0,28.69575387899579,0.0,0.8660254037844386,0.5000000000000001,-0.9856129740972022,0.8922162111465575,0.6868479841852843,0.7393120333613457,0.9067224814303124,-1.2861509192422065,-0.22888618729874646,1.207642908060418,0.6664451087488514,-0.9722118147449396
8,6,0,8,0,2,1,2,0.597348485,0.5972671579448623,0.3940910948631617,1,1,-0.202651515,0.0,0.0,7.273092595999522,1.0647107369924282,2.0794415416798357,0.8,0,0,1,0,1,0,0,2.7586206896551726,56145,0.0,0.0,0.0,0.8660254037844386,0.5000000000000001,-0.9856129740972022,-1.1731446939116332,-0.5693857707660099,-1.4380676486489155,-1.329301807783477,0.663747223037126,-0.22888618729874646,1.207642908060418,0.6664451087488514,-0.9722118147449396
8,6,1,20,0,2,1,2,0.800343766,0.8000928522439432,1.3868747887120865,0,0,0.0003437659999999676,3.9318256327243257,6.78897174299217,8.610865667278873,2.4344901638739844,3.417726683613366,0.8,0,0,0,0,0,0,0,2.6730937773882557,61635,26.69305311893776,23.202849880321484,13.437905380276934,0.8660254037844386,0.5000000000000001,0.9792705109119583,0.8024213949792136,0.41240412785753683,0.07609033318004338,0.1946456668082843,0.663747223037126,-0.22888618729874646,1.207642908060418,0.6664451087488514,-0.9722118147449396
8,7,0,9,0,2,1,2,0.590435606,0.5903600541152881,0.36545401887574086,1,1,-0.20956439400000004,0.0,0.0,7.273092595999522,1.0647107369924282,2.0794415416798357,0.8,0,0,1,0,1,0,0,2.7586206896551726,78960,0.0,0.0,0.0,0.8660254037844386,0.5000000000000001,-0.9856129740972022,-1.1731446939116332,-0.5693857707660099,-1.4380676486489155,-1.329301807783477,0.663747223037126,-0.22888618729874646,1.207642908060418,0.6664451087488514,-0.9722118147449396
8,7,1,21,0,2,1,2,0.850136766,0.8498442540818714,1.7333800406535405,0,0,0.050136765999999944,3.828641396489095,6.920671504248683,9.227295812625597,3.254242968705492,4.034240638152395,0.8,0,0,0,0,0,0,0,2.1814671814671818,89130,26.496769412668964,27.919654225743308,15.445660710628845,0.8660254037844386,0.5000000000000001,0.9277054058868384,0.8407455465743291,0.8648014012827553,0.9822473597811097,0.8966895396954262,0.663747223037126,-0.22888618729874646,1.207642908060418,0.6664451087488514,-0.9722118147449396
8,8,0,10,0,2,1,2,0.653598485,0.6534701654636591,0.6343279610804445,1,1,-0.1464015150000001,0.0,0.0,7.273092595999522,1.0647107369924282,2.0794415416798357,0.8,0,0,1,0,1,0,0,2.7586206896551726,79440,0.0,0.0,0.0,0.8660254037844386,0.5000000000000001,-0.9856129740972022,-1.1731446939116332,-0.5693857707660099,-1.4380676486489155,-1.329301807783477,0.663747223037126,-0.22888618729874646,1.207642908060418,0.6664451087488514,-0.9722118147449396
8,8,1,22,0,2,1,2,0.850136766,0.8498442540818714,1.7333800406535405,0,0,0.050136765999999944,4.110873864173311,7.098375638590786,9.227295812625597,3.254242968705492,4.034240638152395,0.8,0,0,0,0,0,0,0,2.1814671814671818,89610,29.180526890767403,28.63655546607391,16.584254401166543,0.8660254037844386,0.5000000000000001,1.0687477527474374,0.8924568034409299,0.8648014012827553,0.9822473597811097,0.8966895396954262,0.663747223037126,-0.22888618729874646,1.207642908060418,0.6664451087488514,-0.9722118147449396
8,9,0,11,0,2,1,2,0.858143939,0.8578447377142856,1.7975032680809833,0,0,0.05814393899999992,0.0,0.0,7.273092595999522,1.3711807233098425,2.0794415416798357,0.8,0,0,1,0,1,0,0,2.030456852791878,81480,0.0,0.0,0.0,0.8660254037844386,0.5000000000000001,-0.9856129740972022,-1.1731446939116332,-0.5693857707660099,-1.0992948748235933,-1.329301807783477,0.663747223037126,-0.22888618729874646,1.207642908060418,0.6664451087488514,-0.9722118147449396
8,9,1,23,0,2,1,2,0.900215716,0.8998813670309106,2.1959071276799675,0,0,0.10021571600000001,4.48863636973214,6.999422467507961,9.27058845232154,3.264231526588998,4.07753744390572,0.8,0,0,0,1,0,0,0,2.2553516819571864,92100,31.41786225477651,28.540407196978677,18.302582869659837,0.8660254037844386,0.5000000000000001,1.2575301092818796,0.8636617905023013,0.8965738126511332,0.9932887393999459,0.9459929771454892,0.663747223037126,-0.22888618729874646,1.207642908060418,0.6664451087488514,-0.9722118147449396
8,10,0,1,0,2,1,2,0.828295455,0.8280211897911445,1.5716674728289972,0,0,0.02829545499999997,0.0,0.0,7.273092595999522,1.3711807233098425,2.0794415416798357,0.8,0,0,1,0,1,0,0,2.030456852791878,83400,0.0,0.0,0.0,0.8660254037844386,0.5000000000000001,-0.9856129740972022,-1.1731446939116332,-0.5693857707660099,-1.0992948748235933,-1.329301807783477,0.663747223037126,-0.22888618729874646,1.207642908060418,0.6664451087488514,-0.9722118147449396
8,10,1,13,0,2,1,2,0.8,0.799749373433584,1.384728680511969,0,0,0.0,3.6635616461296463,6.637258031284457,9.262078567380597,3.3350575791576103,4.069026754237811,0.8,0,0,0,0,0,0,0,2.0833333333333335,93930,24.3160039588797,27.007180504076235,14.907130353901046,0.8660254037844386,0.5000000000000001,0.8452087477209552,0.7582732565841903,0.8903284192784912,1.071580054566176,0.9363015865590966,0.663747223037126,-0.22888618729874646,1.207642908060418,0.6664451087488514,-0.9722118147449396
8,11,0,2,0,2,1,2,0.668087121,0.6679466973400168,0.6989128697413706,1,1,-0.13191287900000004,0.0,0.0,7.273092595999522,1.423108334242607,2.0794415416798357,0.8,0,0,1,0,1,0,0,1.9277108433734937,94200,0.0,0.0,0.0,0.8660254037844386,0.5000000000000001,-0.9856129740972022,-1.1731446939116332,-0.5693857707660099,-1.0418939495153812,-1.329301807783477,0.663747223037126,-0.22888618729874646,1.207642908060418,0.6664451087488514,-0.9722118147449396
8,11,1,14,0,2,1,2,0.600229846,0.6001461117928153,0.40607394432959726,0,1,0.000229845999999978,3.4339872044851463,6.723832440821209,9.163353580751846,2.5273273656719524,3.970291913552122,0.6,0,0,0,0,0,0,0,4.233226837060703,103740,23.08955456688216,26.695577567871872,13.633931629208833,0.8660254037844386,0.5000000000000001,0.7304816282848566,0.7834660949286867,0.8178742813572082,0.17871283382095418,0.8238691112946817,-1.2861509192422065,-0.22888618729874646,1.207642908060418,0.6664451087488514,-0.9722118147449396
8,12,1,15,0,2,1,2,0.800246753,0.7999959202907269,1.3862688631319777,0,0,0.00024675299999998845,3.9318256327243257,6.799055862058796,8.643120748014027,2.4518667957098,3.449987545831587,0.8,0,0,0,0,0,0,0,2.7131782945736433,61395,26.73270211676736,23.456658047516093,13.564749465280324,0.8660254037844386,0.5000000000000001,0.9792705109119583,0.8053558369563698,0.43607608921251995,0.09529851025962122,0.2313821274960118,0.663747223037126,-0.22888618729874646,1.207642908060418,0.6664451087488514,-0.9722118147449396
9,1,0,0,0,2,2,2,0.955151515,0.9547712714619883,3.0497393334095966,0,0,0.1551515149999999,0.0,0.0,7.273092595999522,1.3711807233098425,2.0794415416798357,0.8,0,0,1,0,1,0,0,2.030456852791878,94620,0.0,0.0,0.0,0.8660254037844387,-0.4999999999999998,-0.9856129740972022,-1.1731446939116332,-0.5693857707660099,-1.0992948748235933,-1.329301807783477,0.663747223037126,-0.22888618729874646,1.207642908060418,-0.7363280996918251,-0.8873443642214897
9,1,1,12,0,2,2,2,0.850522167,0.8502293331094404,1.7364008799930384,0,0,0.05052216700000001,4.330733340286331,7.003065458786462,9.014447135152134,3.264231526588998,4.07753744390572,0.8,0,0,0,1,0,0,0,2.2553516819571864,102840,30.32840906657412,28.555261630324583,17.658727354588407,0.8660254037844387,-0.4999999999999998,1.178619932744878,0.8647218877164868,0.7085920366563758,0.9932887393999459,0.9459929771454892,0.663747223037126,-0.22888618729874646,1.207642908060418,-0.7363280996918251,-0.8873443642214897
9,2,0,4,0,2,2,2,0.880530303,0.8802123996558062,1.9944430642395194,0,0,0.08053030299999997,0.0,0.0,7.273092595999522,1.3711807233098425,2.0794415416798357,0.8,0,0,1,0,1,0,0,2.030456852791878,90270,0.0,0.0,0.0,0.8660254037844387,-0.4999999999999998,-0.9856129740972022,-1.1731446939116332,-0.5693857707660099,-1.0992948748235933,-1.329301807783477,0.663747223037126,-0.22888618729874646,1.207642908060418,-0.7363280996918251,-0.8873443642214897
9,2,1,16,0,2,2,2,0.8,0.799749373433584,1.384728680511969,0,0,0.0,4.1588830833596715,6.6039438246004725,9.262078567380597,3.3350575791576103,4.069026754237811,0.8,0,0,0,0,0,0,0,2.0833333333333335,100800,27.465030255588474,26.871624105782896,16.922606533937543,0.8660254037844387,-0.4999999999999998,1.0927397937785401,0.7485789435873633,0.8903284192784912,1.071580054566176,0.9363015865590966,0.663747223037126,-0.22888618729874646,1.207642908060418,-0.7363280996918251,-0.8873443642214897
9,3,0,5,0,2,2,2,0.905454545,0.9051158193984963,2.255405916479864,0,0,0.10545454499999996,0.0,0.0,7.496097345175956,1.423108334242607,2.302585092994046,0.8,0,0,1,0,1,0,0,2.4096385542168672,87540,0.0,0.0,0.0,0.8660254037844387,-0.4999999999999998,-0.9856129740972022,-1.1731446939116332,-0.40572287846610844,-1.0418939495153812,-1.0752012122964671,0.663747223037126,-0.22888618729874646,1.207642908060418,-0.7363280996918251,-0.8873443642214897
9,3,1,17,0,2,2,2,0.800273829,0.8000229736708437,1.386437952748211,0,0,0.0002738289999999477,0.0,6.848005274576363,9.200391041122515,2.9892110565637253,4.007333185232471,0.8,0,0,0,0,1,0,0,2.7679919476597883,97440,0.0,27.442238789456862,0.0,0.8660254037844387,-0.4999999999999998,-0.9856129740972022,0.8195999379928272,0.8450560248406661,0.6892803482072475,0.8660491749180281,0.663747223037126,-0.22888618729874646,1.207642908060418,-0.7363280996918251,-0.8873443642214897
9,4,0,6,0,2,2,2,0.942213805,0.9418443699081035,2.7847173540846124,0,0,0.592213805,0.0,0.0,8.083637203141548,1.4586150226995167,2.8903717578961645,0.35,0,0,1,0,1,0,0,4.186046511627907,137790,0.0,0.0,0.0,0.8660254037844387,-0.4999999999999998,-0.9856129740972022,-1.1731446939116332,0.025471851023910256,-1.0026447575066062,-0.40587000961859426,-3.7235235970913716,-0.22888618729874646,1.207642908060418,-0.7363280996918251,-0.8873443642214897
9,4,1,18,0,2,2,2,0.35063299,0.35075777446950707,-0.6157099919221372,0,1,0.0006329899999999999,0.0,6.366470447731438,8.902591637374087,3.109060958860994,3.9415818076696905,0.35,0,0,0,0,1,0,0,2.299107142857143,145140,0.0,25.093964095844946,0.0,0.8660254037844387,-0.4999999999999998,-0.9856129740972022,0.6794750544982493,0.6265014338615595,0.8217627629840334,0.7911760087682795,-3.7235235970913716,-0.22888618729874646,1.207642908060418,-0.7363280996918251,-0.8873443642214897
9,5,0,7,0,2,2,2,0.809564394,0.8093057771294904,1.4455055970903106,0,0,0.159564394,0.0,0.0,7.273092595999522,1.423108334242607,2.0794415416798357,0.65,0,0,1,0,1,0,0,1.9277108433734937,81300,0.0,0.0,0.0,0.8660254037844387,-0.4999999999999998,-0.9856129740972022,-1.1731446939116332,-0.5693857707660099,-1.0418939495153812,-1.329301807783477,-0.7986763836723731,-0.22888618729874646,1.207642908060418,-0.7363280996918251,-0.8873443642214897
9,5,1,19,0,2,2,2,0.650040783,0.6499154356457811,0.6186675176790828,0,1,4.078299999998869e-05,0.0,7.040536390215956,9.0432226489245,3.0344721018699214,4.07753744390572,0.65,0,0,0,0,1,0,0,2.837902837902838,89760,0.0,28.708050756286372,0.0,0.8660254037844387,-0.4999999999999998,-0.9856129740972022,0.8756257924981904,0.729710348390962,0.7393120333613457,0.9459929771454892,-0.7986763836723731,-0.22888618729874646,1.207642908060418,-0.7363280996918251,-0.8873443642214897
9,6,0,8,0,2,2,2,0.817424242,0.8171590588404344,1.4972171614750094,0,0,0.017424241999999923,0.0,0.0,7.273092595999522,1.0647107369924282,2.0794415416798357,0.8,0,0,1,0,1,0,0,2.7586206896551726,63075,0.0,0.0,0.0,0.8660254037844387,-0.4999999999999998,-0.9856129740972022,-1.1731446939116332,-0.5693857707660099,-1.4380676486489155,-1.329301807783477,0.663747223037126,-0.22888618729874646,1.207642908060418,-0.7363280996918251,-0.8873443642214897
9,6,1,20,0,2,2,2,0.800181818,0.7999310395388471,1.3858634139528563,0,0,0.00018181799999994475,3.9318256327243257,6.738152494595957,8.643120748014027,2.4344901638739844,3.449987545831587,0.8,0,0,0,0,0,0,0,2.7607361963190185,68745,26.493240695457743,23.246542188270094,13.564749465280324,0.8660254037844387,-0.4999999999999998,0.9792705109119583,0.7876331785017903,0.43607608921251995,0.07609033318004338,0.2313821274960118,0.663747223037126,-0.22888618729874646,1.207642908060418,-0.7363280996918251,-0.8873443642214897
9,7,0,9,0,2,2,2,0.648106061,0.6479823299548872,0.6101820540623756,1,1,-0.15189393900000003,0.0,0.0,7.273092595999522,1.0647107369924282,2.0794415416798357,0.8,0,0,1,0,1,0,0,2.7586206896551726,90570,0.0,0.0,0.0,0.8660254037844387,-0.4999999999999998,-0.9856129740972022,-1.1731446939116332,-0.5693857707660099,-1.4380676486489155,-1.329301807783477,0.663747223037126,-0.22888618729874646,1.207642908060418,-0.7363280996918251,-0.8873443642214897
9,7,1,21,0,2,2,2,0.850136766,0.8498442540818714,1.7333800406535405,0,0,0.050136765999999944,4.110873864173311,6.939253946041508,9.227295812625597,3.254242968705492,4.034240638152395,0.8,0,0,0,0,0,0,0,2.1814671814671818,100740,28.526397683643555,27.99462026758002,16.584254401166543,0.8660254037844387,-0.4999999999999998,1.0687477527474374,0.8461529695603781,0.8648014012827553,0.9822473597811097,0.8966895396954262,0.663747223037126,-0.22888618729874646,1.207642908060418,-0.7363280996918251,-0.8873443642214897
9,8,0,10,0,2,2,2,0.725,0.724812030075188,0.9684579612091796,1,0,-0.07500000000000007,0.0,0.0,7.273092595999522,1.0647107369924282,2.0794415416798357,0.8,0,0,1,0,1,0,0,2.7586206896551726,91050,0.0,0.0,0.0,0.8660254037844387,-0.4999999999999998,-0.9856129740972022,-1.1731446939116332,-0.5693857707660099,-1.4380676486489155,-1.329301807783477,0.663747223037126,-0.22888618729874646,1.207642908060418,-0.7363280996918251,-0.8873443642214897
9,8,1,22,0,2,2,2,0.850136766,0.8498442540818714,1.7333800406535405,0,0,0.050136765999999944,4.110873864173311,7.1180162044653335,9.227295812625597,3.254242968705492,4.034240638152395,0.8,0,0,0,0,0,0,0,2.1814671814671818,101220,29.26126677969865,28.715790235081318,16.584254401166543,0.8660254037844387,-0.4999999999999998,1.0687477527474374,0.8981721366868569,0.8648014012827553,0.9822473597811097,0.8966895396954262,0.663747223037126,-0.22888618729874646,1.207642908060418,-0.7363280996918251,-0.8873443642214897
9,9,0,11,0,2,2,2,0.858143939,0.8578447377142856,1.7975032680809833,0,0,0.05814393899999992,0.0,0.0,7.273092595999522,1.3711807233098425,2.0794415416798357,0.8,0,0,1,0,1,0,0,2.030456852791878,93540,0.0,0.0,0.0,0.8660254037844387,-0.4999999999999998,-0.9856129740972022,-1.1731446939116332,-0.5693857707660099,-1.0992948748235933,-1.329301807783477,0.663747223037126,-0.22888618729874646,1.207642908060418,-0.7363280996918251,-0.8873443642214897
9,9,1,23,0,2,2,2,0.850502311,0.8502094936975773,1.7362450890344094,0,0,0.05050231099999991,4.330733340286331,6.9975959829819265,9.27058845232154,3.264231526588998,4.07753744390572,0.8,0,0,0,1,0,0,0,2.2553516819571864,104160,30.30472222535353,28.532959637933057,17.658727354588407,0.8660254037844387,-0.4999999999999998,1.178619932744878,0.8631302901472965,0.8965738126511332,0.9932887393999459,0.9459929771454892,0.663747223037126,-0.22888618729874646,1.207642908060418,-0.7363280996918251,-0.8873443642214897
9,10,0,1,0,2,2,2,0.24625,0.24646198830409355,-1.117571687707838,1,1,-0.5537500000000001,0.0,0.0,7.273092595999522,1.3711807233098425,2.0794415416798357,0.8,0,0,1,0,1,0,0,2.030456852791878,95370,0.0,0.0,0.0,0.8660254037844387,-0.4999999999999998,-0.9856129740972022,-1.1731446939116332,-0.5693857707660099,-1.0992948748235933,-1.329301807783477,0.663747223037126,-0.22888618729874646,1.207642908060418,-0.7363280996918251,-0.8873443642214897
9,10,1,13,0,2,2,2,0.688557555,0.6884000298913951,0.7926498896910843,1,1,-0.111442445,3.828641396489095,5.945420608606575,8.843759381917984,3.9215772182329576,4.069026754237811,0.8,0,0,0,0,0,0,1,1.1588748019017434,102300,22.762883461650524,24.192075521617003,15.578844274696543,0.8660254037844387,-0.4999999999999998,0.9277054058868384,0.5569510824745547,0.5833245189122971,1.719920492140998,0.9363015865590966,0.663747223037126,-0.22888618729874646,1.207642908060418,-0.7363280996918251,-0.8873443642214897
9,11,0,2,0,2,2,2,0.640577652,0.6404602103525481,0.5773621450584867,1,1,-0.159422348,0.0,0.0,7.273092595999522,1.423108334242607,2.0794415416798357,0.8,0,0,1,0,1,0,0,1.9277108433734937,105180,0.0,0.0,0.0,0.8660254037844387,-0.4999999999999998,-0.9856129740972022,-1.1731446939116332,-0.5693857707660099,-1.0418939495153812,-1.329301807783477,0.663747223037126,-0.22888618729874646,1.207642908060418,-0.7363280996918251,-0.8873443642214897
9,11,1,14,0,2,2,2,0.64998056,0.6498552629573935,0.6184030623121491,1,1,-1.9439999999981694e-05,3.8066624897703196,6.912742820493176,9.163353580751846,2.5273273656719524,3.970291913552122,0.65,0,0,0,0,0,0,0,4.233226837060703,114720,26.314478796200454,27.445606920669544,15.113561300757286,0.8660254037844387,-0.4999999999999998,0.9167217064900888,0.8384383284343968,0.8178742813572082,0.17871283382095418,0.8238691112946817,-0.7986763836723731,-0.22888618729874646,1.207642908060418,-0.7363280996918251,-0.8873443642214897
9,12,1,15,0,2,2,2,0.80007657,0.79982587946533,1.3852064628435525,0,0,7.656999999994252e-05,3.9318256327243257,6.634633357861686,8.405367376233981,2.4518667957098,3.449987545831587,0.8,0,0,0,0,0,0,0,2.7131782945736433,65865,26.086221500168442,22.88940245578162,13.564749465280324,0.8660254037844387,-0.4999999999999998,0.9792705109119583,0.7575094861628756,0.2615892021696314,0.09529851025962122,0.2313821274960118,0.663747223037126,-0.22888618729874646,1.207642908060418,-0.7363280996918251,-0.8873443642214897
10,1,0,0,0,2,3,2,0.951420455,0.9510433284711781,2.966623970052504,0,0,0.151420455,0.0,0.0,7.273092595999522,1.3711807233098425,0.6931471805599453,0.8,0,0,1,0,1,0,0,0.5076142131979695,104280,0.0,0.0,0.0,1.2246467991473532e-16,-1.0,-0.9856129740972022,-1.1731446939116332,-0.5693857707660099,-1.0992948748235933,-2.9079188935393216,0.663747223037126,-0.22888618729874646,-0.028538824941726233,-1.4377147039121636,-0.8024769136980399
10,1,1,12,0,2,3,2,0.850502311,0.8502094936975773,1.7362450890344094,0,0,0.05050231099999991,4.330733340286331,6.97914527506881,9.27058845232154,3.264231526588998,4.07753744390572,0.8,0,0,0,1,0,0,0,2.2553516819571864,114900,30.224817129442314,28.457726185550758,17.658727354588407,1.2246467991473532e-16,-1.0,1.178619932744878,0.857761201241188,0.8965738126511332,0.9932887393999459,0.9459929771454892,0.663747223037126,-0.22888618729874646,-0.028538824941726233,-1.4377147039121636,-0.8024769136980399
10,2,0,4,0,2,3,2,0.805909091,0.8056535278496241,1.4220112788060004,0,0,0.005909090999999922,0.0,0.0,7.273092595999522,1.3711807233098425,2.0794415416798357,0.8,0,0,1,0,1,0,0,2.030456852791878,102240,0.0,0.0,0.0,1.2246467991473532e-16,-1.0,-0.9856129740972022,-1.1731446939116332,-0.5693857707660099,-1.0992948748235933,-1.329301807783477,0.663747223037126,-0.22888618729874646,-0.028538824941726233,-1.4377147039121636,-0.8024769136980399
10,2,1,16,0,2,3,2,0.8,0.799749373433584,1.384728680511969,0,0,0.0,3.9318256327243257,6.584791392385716,9.262078567380597,3.3350575791576103,4.069026754237811,0.8,0,0,0,0,0,0,0,2.0833333333333335,112770,25.890251582724662,26.793692346692325,15.99870369255329,1.2246467991473532e-16,-1.0,0.9792705109119583,0.7430056554613212,0.8903284192784912,1.071580054566176,0.9363015865590966,0.663747223037126,-0.22888618729874646,-0.028538824941726233,-1.4377147039121636,-0.8024769136980399
10,3,0,5,0,2,3,2,0.901262626,0.9009274024193817,2.2075717896206184,0,0,0.10126262599999991,0.0,0.0,7.390798521735676,1.423108334242607,2.1972245773362196,0.8,0,0,1,0,1,0,0,2.1686746987951806,99060,0.0,0.0,0.0,1.2246467991473532e-16,-1.0,-0.9856129740972022,-1.1731446939116332,-0.48300154658262584,-1.0418939495153812,-1.1951785524965162,0.663747223037126,-0.22888618729874646,-0.028538824941726233,-1.4377147039121636,-0.8024769136980399
10,3,1,17,0,2,3,2,0.705576584,0.7054048408220551,0.8731698082522716,1,0,-0.09442341600000004,4.007333185232471,6.144185634125646,9.200391041122515,3.7440776145786985,4.007333185232471,0.8,0,0,0,0,0,0,0,1.3011592145729831,108960,24.621798987860313,24.621798987860313,16.058719257465423,1.2246467991473532e-16,-1.0,1.0170045196843458,0.6147909820850268,0.8450560248406661,1.523711937413002,0.8660491749180281,0.663747223037126,-0.22888618729874646,-0.028538824941726233,-1.4377147039121636,-0.8024769136980399
10,4,0,6,0,2,3,2,0.952020202,0.9516425744294069,2.979569727621808,0,0,0.6020202020000001,0.0,0.0,7.6783263565068856,1.4586150226995167,2.4849066497880004,0.35,0,0,1,0,1,0,0,2.7906976744186047,147300,0.0,0.0,0.0,1.2246467991473532e-16,-1.0,-0.9856129740972022,-1.1731446939116332,-0.2719852465748004,-1.0026447575066062,-0.8675859087010354,-3.7235235970913716,-0.22888618729874646,-0.028538824941726233,-1.4377147039121636,-0.8024769136980399
10,4,1,18,0,2,3,2,0.500380799,0.5003804808721805,0.0015219237824850038,0,1,0.00038079899999998723,3.1780538303479458,6.664409020350408,9.227295812625597,3.109060958860994,4.034240638152395,0.5,0,0,0,0,0,0,0,2.522321428571429,157470,21.179850614130014,26.885829699167008,12.82103391262556,1.2246467991473532e-16,-1.0,0.6025819432328481,0.7661740956669139,0.8648014012827553,0.8217627629840334,0.8966895396954262,-2.2610999903818723,-0.22888618729874646,-0.028538824941726233,-1.4377147039121636,-0.8024769136980399
10,5,0,7,0,2,3,2,0.821354167,0.8210857006950709,1.5237205733890078,0,0,0.17135416699999995,0.0,0.0,7.273092595999522,1.423108334242607,2.0794415416798357,0.65,0,0,1,0,1,0,0,1.9277108433734937,91200,0.0,0.0,0.0,1.2246467991473532e-16,-1.0,-0.9856129740972022,-1.1731446939116332,-0.5693857707660099,-1.0418939495153812,-1.329301807783477,-0.7986763836723731,-0.22888618729874646,-0.028538824941726233,-1.4377147039121636,-0.8024769136980399
10,5,1,19,0,2,3,2,0.526810345,0.5267879470509608,0.10725448712173691,1,1,-0.17318965499999994,0.0,7.168579897264035,9.25349564229011,3.0344721018699214,4.060443010546419,0.7,0,0,0,0,1,0,0,2.7898027898027897,101640,0.0,29.10761013938932,0.0,1.2246467991473532e-16,-1.0,-0.9856129740972022,0.9128859874147408,0.8840294218361046,0.7393120333613457,0.9265270070534614,-0.3112018481025408,-0.22888618729874646,-0.028538824941726233,-1.4377147039121636,-0.8024769136980399
10,6,1,20,0,2,3,2,0.800246753,0.7999959202907269,1.3862688631319777,0,0,0.00024675299999998845,3.9318256327243257,6.912742820493176,8.643120748014027,2.4518667957098,3.449987545831587,0.8,0,0,0,0,0,0,0,2.7131782945736433,74415,27.179699414046123,23.848876638238178,13.564749465280324,1.2246467991473532e-16,-1.0,0.9792705109119583,0.8384383284343968,0.43607608921251995,0.09529851025962122,0.2313821274960118,0.663747223037126,-0.22888618729874646,-0.028538824941726233,-1.4377147039121636,-0.8024769136980399
10,7,0,9,0,2,3,2,0.670075758,0.6699336729891394,0.7078850867394777,1,1,-0.12992424200000008,0.0,0.0,7.273092595999522,1.0647107369924282,2.0794415416798357,0.8,0,0,1,0,1,0,0,2.7586206896551726,102180,0.0,0.0,0.0,1.2246467991473532e-16,-1.0,-0.9856129740972022,-1.1731446939116332,-0.5693857707660099,-1.4380676486489155,-1.329301807783477,0.663747223037126,-0.22888618729874646,-0.028538824941726233,-1.4377147039121636,-0.8024769136980399
10,7,1,21,0,2,3,2,0.850136766,0.8498442540818714,1.7333800406535405,0,0,0.050136765999999944,4.110873864173311,7.027314514039777,9.227295812625597,3.254242968705492,4.034240638152395,0.8,0,0,0,0,0,0,0,2.1814671814671818,112350,28.888403571091892,28.34987778961742,16.584254401166543,1.2246467991473532e-16,-1.0,1.0687477527474374,0.8717782746127115,0.8648014012827553,0.9822473597811097,0.8966895396954262,0.663747223037126,-0.22888618729874646,-0.028538824941726233,-1.4377147039121636,-0.8024769136980399
10,8,0,10,0,2,3,2,0.681060606,0.6809093440066832,0.7579539249403462,1,1,-0.11893939400000009,0.0,0.0,7.273092595999522,1.0647107369924282,2.0794415416798357,0.8,0,0,1,0,1,0,0,2.7586206896551726,102660,0.0,0.0,0.0,1.2246467991473532e-16,-1.0,-0.9856129740972022,-1.1731446939116332,-0.5693857707660099,-1.4380676486489155,-1.329301807783477,0.663747223037126,-0.22888618729874646,-0.028538824941726233,-1.4377147039121636,-0.8024769136980399
10,8,1,22,0,2,3,2,0.850252525,0.849959916374269,1.734286708595908,0,0,0.05025252499999999,4.110873864173311,7.10002716662926,9.236105579862208,3.254242968705492,4.04305126783455,0.8,0,0,0,0,0,0,0,2.200772200772201,112920,29.18731611421671,28.70577383770018,16.620473788453822,1.2246467991473532e-16,-1.0,1.0687477527474374,0.8929373920942894,0.8712668778780183,0.9822473597811097,0.9067224814303124,0.663747223037126,-0.22888618729874646,-0.028538824941726233,-1.4377147039121636,-0.8024769136980399
10,9,0,11,0,2,3,2,0.858143939,0.8578447377142856,1.7975032680809833,0,0,0.05814393899999992,0.0,0.0,7.273092595999522,1.3711807233098425,2.0794415416798357,0.8,0,0,1,0,1,0,0,2.030456852791878,105600,0.0,0.0,0.0,1.2246467991473532e-16,-1.0,-0.9856129740972022,-1.1731446939116332,-0.5693857707660099,-1.0992948748235933,-1.329301807783477,0.663747223037126,-0.22888618729874646,-0.028538824941726233,-1.4377147039121636,-0.8024769136980399
10,9,1,23,0,2,3,2,0.850502311,0.8502094936975773,1.7362450890344094,0,0,0.05050231099999991,4.330733340286331,7.053585727193677,9.27058845232154,3.264231526588998,4.07753744390572,0.8,0,0,0,1,0,0,0,2.2553516819571864,116220,30.54719887732546,28.76125991643117,17.658727354588407,1.2246467991473532e-16,-1.0,1.178619932744878,0.8794231021043625,0.8965738126511332,0.9932887393999459,0.9459929771454892,0.663747223037126,-0.22888618729874646,-0.028538824941726233,-1.4377147039121636,-0.8024769136980399
10,10,0,1,0,2,3,2,0.912766667,0.9124218326917293,2.3435706837455608,0,0,0.11276666699999993,0.0,0.0,8.594339400592892,1.3711807233098425,2.995732273553991,0.8,0,0,1,0,1,0,0,5.0761421319796955,107700,0.0,0.0,0.0,1.2246467991473532e-16,-1.0,-0.9856129740972022,-1.1731446939116332,0.4002755224590608,-1.0992948748235933,-0.28589266941854513,0.663747223037126,-0.22888618729874646,-0.028538824941726233,-1.4377147039121636,-0.8024769136980399
10,10,1,13,0,2,3,2,0.35020649,0.35033163077694235,-0.6175818091188712,0,1,0.00020649000000000362,3.1780538303479458,6.573680166960646,9.227295812625597,3.109060958860994,4.034240638152395,0.35,0,0,0,0,0,0,0,2.522321428571429,117870,20.891509434091603,26.519807671769062,12.82103391262556,1.2246467991473532e-16,-1.0,0.6025819432328481,0.7397723292689639,0.8648014012827553,0.8217627629840334,0.8966895396954262,-3.7235235970913716,-0.22888618729874646,-0.028538824941726233,-1.4377147039121636,-0.8024769136980399
10,11,0,2,0,2,3,2,0.601278409,0.6011937988003341,0.41044175550735484,1,1,-0.1987215910000001,0.0,0.0,7.273092595999522,1.423108334242607,2.0794415416798357,0.8,0,0,1,0,1,0,0,1.9277108433734937,116160,0.0,0.0,0.0,1.2246467991473532e-16,-1.0,-0.9856129740972022,-1.1731446939116332,-0.5693857707660099,-1.0418939495153812,-1.329301807783477,0.663747223037126,-0.22888618729874646,-0.028538824941726233,-1.4377147039121636,-0.8024769136980399
10,11,1,14,0,2,3,2,0.582301029,0.5822322729189641,0.33194386123740927,1,1,-0.11769897099999993,3.6375861597263857,6.274762021241939,9.163353580751846,3.3006401266708405,3.970291913552122,0.7,0,0,0,0,0,0,0,1.9535569480280133,125700,22.82498748404644,24.91263691240084,14.442278914810787,1.2246467991473532e-16,-1.0,0.8322278047655876,0.6527882358905256,0.8178742813572082,1.0335349070231856,0.8238691112946817,-0.3112018481025408,-0.22888618729874646,-0.028538824941726233,-1.4377147039121636,-0.8024769136980399
10,12,1,15,0,2,3,2,0.800246753,0.7999959202907269,1.3862688631319777,0,0,0.00024675299999998845,3.9318256327243257,6.96979066990159,8.643120748014027,2.4518667957098,3.449987545831587,0.8,0,0,0,0,0,0,0,2.7131782945736433,71535,27.40400161064192,24.04569100821368,13.564749465280324,1.2246467991473532e-16,-1.0,0.9792705109119583,0.8550390451558575,0.43607608921251995,0.09529851025962122,0.2313821274960118,0.663747223037126,-0.22888618729874646,-0.028538824941726233,-1.4377147039121636,-0.8024769136980399
11,1,0,0,0,2,4,2,0.891723485,0.8913962306265664,2.1050829162273805,0,0,0.09172348499999994,0.0,0.0,7.273092595999522,1.3711807233098425,2.0794415416798357,0.8,0,0,1,0,1,0,0,2.030456852791878,116340,0.0,0.0,0.0,-0.8660254037844384,-0.5000000000000004,-0.9856129740972022,-1.1731446939116332,-0.5693857707660099,-1.0992948748235933,-1.329301807783477,0.663747223037126,-0.22888618729874646,-1.2647205579438705,-0.736328099691826,-0.71760946317459
11,1,1,12,0,2,4,2,0.800117103,0.7998663786031747,1.385459436523326,0,0,0.00011710300000000728,4.1588830833596715,6.996681488176539,9.27058845232154,3.264231526588998,4.07753744390572,0.8,0,0,0,0,0,0,0,2.2553516819571864,126960,29.09838028083318,28.52923075112183,16.958001497225133,-0.8660254037844384,-0.5000000000000004,1.0927397937785401,0.8628641754845192,0.8965738126511332,0.9932887393999459,0.9459929771454892,0.663747223037126,-0.22888618729874646,-1.2647205579438705,-0.736328099691826,-0.71760946317459
11,2,0,4,0,2,4,2,0.247316017,0.2475271147301587,-1.1118448326364527,1,1,-0.5526839830000001,0.0,0.0,7.139660335964919,1.3711807233098425,2.0794415416798357,0.8,0,0,1,0,1,0,0,2.030456852791878,114030,0.0,0.0,0.0,-0.8660254037844384,-0.5000000000000004,-0.9856129740972022,-1.1731446939116332,-0.6673115310201029,-1.0992948748235933,-1.329301807783477,0.663747223037126,-0.22888618729874646,-1.2647205579438705,-0.736328099691826,-0.71760946317459
11,2,1,16,0,2,4,2,0.311207464,0.3113651854168755,-0.7937446551793435,1,1,-0.48879253600000006,3.332204510175204,6.99117688712121,8.357259153499912,3.9322177127136655,4.04305126783455,0.8,0,0,0,0,0,0,1,1.1172089376715013,118290,23.296031154697936,28.26568657713101,13.472273669547864,-0.8660254037844384,-0.5000000000000004,0.6796169273060471,0.8612623565950819,0.22628264073924567,1.7316825242845602,0.9067224814303124,0.663747223037126,-0.22888618729874646,-1.2647205579438705,-0.736328099691826,-0.71760946317459
11,3,0,5,0,2,4,2,0.820833333,0.8205653018111947,1.5201821518425678,0,0,0.02083333300000001,0.0,0.0,7.273092595999522,1.423108334242607,1.9459101490553132,0.8,0,0,1,0,1,0,0,1.686746987951807,110400,0.0,0.0,0.0,-0.8660254037844384,-0.5000000000000004,-0.9856129740972022,-1.1731446939116332,-0.5693857707660099,-1.0418939495153812,-1.4813582135467933,0.663747223037126,-0.22888618729874646,-1.2647205579438705,-0.736328099691826,-0.71760946317459
11,4,0,6,0,2,4,2,0.908080808,0.9077398883609022,2.2863459828213335,0,0,0.558080808,0.0,0.0,7.901377353792616,1.4586150226995167,2.0794415416798357,0.35,0,0,1,0,1,0,0,1.8604651162790697,160170,0.0,0.0,0.0,-0.8660254037844384,-0.5000000000000004,-0.9856129740972022,-1.1731446939116332,-0.10828841284827576,-1.0026447575066062,-1.329301807783477,-3.7235235970913716,-0.22888618729874646,-1.2647205579438705,-0.736328099691826,-0.71760946317459
11,4,1,18,0,2,4,2,0.600369686,0.6002858349674185,0.4066562291399024,0,1,0.0003696859999999802,3.1780538303479458,6.705639094860003,8.537191877922927,3.109060958860994,4.04305126783455,0.6,0,0,0,0,0,0,0,2.544642857142857,165270,21.310882010350763,27.11124264411466,12.84903456803471,-0.8660254037844384,-0.5000000000000004,0.6025819432328481,0.7781718974146791,0.3583350306871081,0.8217627629840334,0.9067224814303124,-1.2861509192422065,-0.22888618729874646,-1.2647205579438705,-0.736328099691826,-0.71760946317459
11,5,0,7,0,2,4,2,0.864583333,0.8642787521035923,1.8512922120070192,0,0,0.214583333,0.0,0.0,7.273092595999522,1.423108334242607,2.70805020110221,0.65,0,0,1,0,1,0,0,3.614457831325301,103080,0.0,0.0,0.0,-0.8660254037844384,-0.5000000000000004,-0.9856129740972022,-1.1731446939116332,-0.5693857707660099,-1.0418939495153812,-0.6134853132140259,-0.7986763836723731,-0.22888618729874646,-1.2647205579438705,-0.736328099691826,-0.71760946317459
11,5,1,19,0,2,4,2,0.700095563,0.6999283987869674,0.8469569254755109,0,0,9.556300000002071e-05,0.0,6.873163834212518,8.898502209646642,3.0344721018699214,4.060443010546419,0.7,0,0,0,0,1,0,0,2.7898027898027897,110400,0.0,27.908090050968646,0.0,-0.8660254037844384,-0.5000000000000004,-0.9856129740972022,0.8269209873570155,0.6235002082275909,0.7393120333613457,0.9265270070534614,-0.3112018481025408,-0.22888618729874646,-1.2647205579438705,-0.736328099691826,-0.71760946317459
11,6,1,20,0,2,4,2,0.800246753,0.7999959202907269,1.3862688631319777,0,0,0.00024675299999998845,3.6635616461296463,6.880384082186005,8.643120748014027,2.4518667957098,3.449987545831587,0.8,0,0,0,0,0,0,0,2.7131782945736433,80085,25.206711234137575,23.737239394079612,12.639242052533548,-0.8660254037844384,-0.5000000000000004,0.8452087477209552,0.8290220532606302,0.43607608921251995,0.09529851025962122,0.2313821274960118,0.663747223037126,-0.22888618729874646,-1.2647205579438705,-0.736328099691826,-0.71760946317459
11,7,0,9,0,2,4,2,0.837594697,0.8373126630008354,1.6383673718803453,0,0,0.037594696999999955,0.0,0.0,7.273092595999522,1.0647107369924282,2.0794415416798357,0.8,0,0,1,0,1,0,0,2.7586206896551726,113790,0.0,0.0,0.0,-0.8660254037844384,-0.5000000000000004,-0.9856129740972022,-1.1731446939116332,-0.5693857707660099,-1.4380676486489155,-1.329301807783477,0.663747223037126,-0.22888618729874646,-1.2647205579438705,-0.736328099691826,-0.71760946317459
11,7,1,21,0,2,4,2,0.900144811,0.8998105212664996,2.1951210287553202,0,0,0.10014481099999994,4.2626798770413155,7.048386408721883,9.227295812625597,3.254242968705492,4.034240638152395,0.8,0,0,0,1,0,0,0,2.1814671814671818,123960,30.045014910070275,28.434886883466838,17.196676387394533,-0.8660254037844384,-0.5000000000000004,1.1446110171625363,0.8779101193365637,0.8648014012827553,0.9822473597811097,0.8966895396954262,0.663747223037126,-0.22888618729874646,-1.2647205579438705,-0.736328099691826,-0.71760946317459
11,8,0,10,0,2,4,2,0.667329545,0.6671897542355889,0.695501999540226,1,1,-0.13267045500000008,0.0,0.0,7.273092595999522,1.0647107369924282,2.0794415416798357,0.8,0,0,1,0,1,0,0,2.7586206896551726,114360,0.0,0.0,0.0,-0.8660254037844384,-0.5000000000000004,-0.9856129740972022,-1.1731446939116332,-0.5693857707660099,-1.4380676486489155,-1.329301807783477,0.663747223037126,-0.22888618729874646,-1.2647205579438705,-0.736328099691826,-0.71760946317459
11,8,1,22,0,2,4,2,0.850136766,0.8498442540818714,1.7333800406535405,0,0,0.050136765999999944,4.110873864173311,7.105786129481271,9.227295812625597,3.254242968705492,4.034240638152395,0.8,0,0,0,0,0,0,0,2.1814671814671818,124530,29.21099048408979,28.666451169572962,16.584254401166543,-0.8660254037844384,-0.5000000000000004,1.0687477527474374,0.8946132293415662,0.8648014012827553,0.9822473597811097,0.8966895396954262,0.663747223037126,-0.22888618729874646,-1.2647205579438705,-0.736328099691826,-0.71760946317459
11,9,0,11,0,2,4,2,0.858143939,0.8578447377142856,1.7975032680809833,0,0,0.05814393899999992,0.0,0.0,7.273092595999522,1.3711807233098425,2.0794415416798357,0.8,0,0,1,0,1,0,0,2.030456852791878,117660,0.0,0.0,0.0,-0.8660254037844384,-0.5000000000000004,-0.9856129740972022,-1.1731446939116332,-0.5693857707660099,-1.0992948748235933,-1.329301807783477,0.663747223037126,-0.22888618729874646,-1.2647205579438705,-0.736328099691826,-0.71760946317459
11,9,1,23,0,2,4,2,0.850502311,0.8502094936975773,1.7362450890344094,0,0,0.05050231099999991,4.330733340286331,7.117205503164344,9.27058845232154,3.264231526588998,4.07753744390572,0.8,0,0,0,1,0,0,0,2.2553516819571864,128280,30.822719162223176,29.02067193512446,17.658727354588407,-0.8660254037844384,-0.5000000000000004,1.178619932744878,0.8979362255564111,0.8965738126511332,0.9932887393999459,0.9459929771454892,0.663747223037126,-0.22888618729874646,-1.2647205579438705,-0.736328099691826,-0.71760946317459
11,10,0,1,0,2,4,2,0.332359307,0.33249935770426065,-0.6969024241372159,1,1,-0.46764069300000005,0.0,0.0,7.139660335964919,1.3711807233098425,2.0794415416798357,0.8,0,0,1,0,1,0,0,2.030456852791878,119130,0.0,0.0,0.0,-0.8660254037844384,-0.5000000000000004,-0.9856129740972022,-1.1731446939116332,-0.6673115310201029,-1.0992948748235933,-1.329301807783477,0.663747223037126,-0.22888618729874646,-1.2647205579438705,-0.736328099691826,-0.71760946317459
11,10,1,13,0,2,4,2,0.499980334,0.49998035042940686,-7.859828241301806e-05,1,1,-1.966599999997376e-05,3.1780538303479458,6.854354502255021,8.128880142125638,3.109060958860994,4.034240638152395,0.5,0,0,0,0,0,0,0,2.522321428571429,122520,21.78350758045426,27.652115481300044,12.82103391262556,-0.8660254037844384,-0.5000000000000004,0.6025819432328481,0.8214475401581407,0.05867558447635768,0.8217627629840334,0.8966895396954262,-2.2610999903818723,-0.22888618729874646,-1.2647205579438705,-0.736328099691826,-0.71760946317459
11,11,0,2,0,2,4,2,0.934607438,0.934244357433584,2.653792542796004,0,0,0.13460743799999997,0.0,0.0,7.591357046698551,1.423108334242607,1.9459101490553132,0.8,0,0,1,0,1,0,0,1.686746987951807,127680,0.0,0.0,0.0,-0.8660254037844384,-0.5000000000000004,-0.9856129740972022,-1.1731446939116332,-0.33581190872941213,-1.0418939495153812,-1.4813582135467933,0.663747223037126,-0.22888618729874646,-1.2647205579438705,-0.736328099691826,-0.71760946317459
11,11,1,14,0,2,4,2,0.35003125,0.35015653717627404,-0.6183512038888339,0,1,3.125000000003819e-05,3.1780538303479458,6.732210706467206,8.881975184248867,2.681706225762608,4.007333185232471,0.35,0,0,0,0,0,0,0,3.7645448323066395,134880,21.395328022397553,26.978211374003372,12.735520578808488,-0.8660254037844384,-0.5000000000000004,0.6025819432328481,0.7859041397638322,0.6113710460115266,0.34936365441627226,0.8660491749180281,-3.7235235970913716,-0.22888618729874646,-1.2647205579438705,-0.736328099691826,-0.71760946317459
11,12,1,15,0,2,4,2,0.800313433,0.8000625445847953,1.3866853106269175,0,0,0.0003134329999999741,3.9318256327243257,7.05617528410041,7.9966538754626075,2.4518667957098,3.449987545831587,0.8,0,0,0,0,0,0,0,2.7131782945736433,74505,27.743650851021844,24.343716851351076,13.564749465280324,-0.8660254037844384,-0.5000000000000004,0.9792705109119583,0.8801766537472128,-0.03836509882751366,0.09529851025962122,0.2313821274960118,0.663747223037126,-0.22888618729874646,-1.2647205579438705,-0.736328099691826,-0.71760946317459
12,1,0,0,0,3,5,3,0.884261364,0.8839403436457811,2.030285237970897,0,0,0.08426136399999995,0.0,0.0,7.273092595999522,1.3711807233098425,2.0794415416798357,0.8,0,0,1,0,1,0,0,2.030456852791878,128400,0.0,0.0,0.0,-0.8660254037844386,0.5000000000000001,-0.9856129740972022,-1.1731446939116332,-0.5693857707660099,-1.0992948748235933,-1.329301807783477,0.663747223037126,-0.22888618729874646,-1.2647205579438707,0.6664451087488514,-0.6327420126511402
12,1,1,12,0,3,5,3,0.850502311,0.8502094936975773,1.7362450890344094,0,0,0.05050231099999991,4.330733340286331,7.057036981697891,9.27058845232154,3.264231526588998,4.07753744390572,0.8,0,0,0,1,0,0,0,2.2553516819571864,139020,30.562145340272675,28.775332535900553,17.658727354588407,-0.8660254037844386,0.5000000000000001,1.178619932744878,0.8804274046144879,0.8965738126511332,0.9932887393999459,0.9459929771454892,0.663747223037126,-0.22888618729874646,-1.2647205579438707,0.6664451087488514,-0.6327420126511402
12,2,1,16,0,3,5,3,0.499998888,0.49999888892898914,-4.444284043455081e-06,1,1,-1.112000000025315e-06,3.1780538303479458,6.951772164398911,9.19125948416339,3.1328821117012247,3.9982007016691985,0.5,0,0,0,0,0,0,0,2.375762859633827,128100,22.09310615477419,27.79458034554413,12.706497054439641,-0.8660254037844386,0.5000000000000001,0.6025819432328481,0.8497957255794681,0.8383543871910161,0.8480947314758638,0.8556497280237044,-2.2610999903818723,-0.22888618729874646,-1.2647205579438707,0.6664451087488514,-0.6327420126511402
12,3,1,17,0,3,5,3,0.660683293,0.6605490546599833,0.665741944521993,0,1,0.16068329299999995,3.4339872044851463,7.005789019253503,9.227295812625597,3.1144038032714896,4.034240638152395,0.5,0,0,0,0,0,0,0,2.5088809946714035,120570,24.05778984943907,28.263038763794295,13.853530731229316,-0.8660254037844386,0.5000000000000001,0.7304816282848566,0.8655144339080783,0.8648014012827553,0.8276687580304326,0.8966895396954262,-2.2610999903818723,-0.22888618729874646,-1.2647205579438707,0.6664451087488514,-0.6327420126511402
12,4,0,6,0,3,5,3,0.988636364,0.9882281464862155,4.430202201906168,0,0,0.638636364,0.0,0.0,8.188966863648876,1.4586150226995167,2.995732273553991,0.35,0,0,1,0,1,0,0,4.651162790697675,168870,0.0,0.0,0.0,-0.8660254037844386,0.5000000000000001,-0.9856129740972022,-1.1731446939116332,0.10277315042340172,-1.0026447575066062,-0.28589266941854513,-3.7235235970913716,-0.22888618729874646,-1.2647205579438707,0.6664451087488514,-0.6327420126511402
12,4,1,18,0,3,5,3,0.650130952,0.6500055293166249,0.6190635131832938,0,1,0.0001309520000000175,3.295836866004329,6.771935555839602,9.218407743053941,3.1144038032714896,4.02535169073515,0.65,0,0,0,0,0,0,0,2.4866785079928952,178950,22.319194859141678,27.259422239248416,13.266902500957762,-0.8660254037844386,0.5000000000000001,0.6614426260793346,0.7974639264704733,0.8582784587067249,0.8276687580304326,0.8865674150869745,-0.7986763836723731,-0.22888618729874646,-1.2647205579438707,0.6664451087488514,-0.6327420126511402
12,5,0,7,0,3,5,3,0.860653409,0.8603521112481203,1.8182175629992918,0,0,0.21065340899999996,0.0,0.0,7.273092595999522,1.423108334242607,2.0794415416798357,0.65,0,0,1,0,1,0,0,1.9277108433734937,111840,0.0,0.0,0.0,-0.8660254037844386,0.5000000000000001,-0.9856129740972022,-1.1731446939116332,-0.5693857707660099,-1.0418939495153812,-1.329301807783477,-0.7986763836723731,-0.22888618729874646,-1.2647205579438707,0.6664451087488514,-0.6327420126511402
12,5,1,19,0,3,5,3,0.700060345,0.6998932102088554,0.8467893892751054,0,0,6.03450000000727e-05,0.0,5.971261839790462,9.25349564229011,3.0344721018699214,4.060443010546419,0.7,0,0,0,0,1,0,0,2.7898027898027897,122280,0.0,24.245968401519733,0.0,-0.8660254037844386,0.5000000000000001,-0.9856129740972022,0.5644707867765755,0.8840294218361046,0.7393120333613457,0.9265270070534614,-0.3112018481025408,-0.22888618729874646,-1.2647205579438707,0.6664451087488514,-0.6327420126511402
12,6,1,20,0,3,5,3,0.80003139,0.7997807372096909,1.3849245316273653,0,0,3.13899999999645e-05,3.6635616461296463,6.98933526597456,8.507344855361422,2.4518667957098,3.449987545831587,0.8,0,0,0,0,0,0,0,2.7131782945736433,85035,25.60586061236575,24.113119621253738,12.639242052533548,-0.8660254037844386,0.5000000000000001,0.8452087477209552,0.860726451538523,0.3364303400605799,0.09529851025962122,0.2313821274960118,0.663747223037126,-0.22888618729874646,-1.2647205579438707,0.6664451087488514,-0.6327420126511402
12,7,0,9,0,3,5,3,0.689299242,0.6891410972698413,0.7961069153748268,1,1,-0.11070075800000001,0.0,0.0,7.273092595999522,1.0647107369924282,2.0794415416798357,0.8,0,0,1,0,1,0,0,2.7586206896551726,125400,0.0,0.0,0.0,-0.8660254037844386,0.5000000000000001,-0.9856129740972022,-1.1731446939116332,-0.5693857707660099,-1.4380676486489155,-1.329301807783477,0.663747223037126,-0.22888618729874646,-1.2647205579438707,0.6664451087488514,-0.6327420126511402
12,7,1,21,0,3,5,3,0.850136766,0.8498442540818714,1.7333800406535405,0,0,0.050136765999999944,4.110873864173311,7.156176637480615,9.227295812625597,3.254242968705492,4.034240638152395,0.8,0,0,0,0,0,0,0,2.1814671814671818,135570,29.418139506426712,28.86973860472106,16.584254401166543,-0.8660254037844386,0.5000000000000001,1.0687477527474374,0.9092766839226294,0.8648014012827553,0.9822473597811097,0.8966895396954262,0.663747223037126,-0.22888618729874646,-1.2647205579438707,0.6664451087488514,-0.6327420126511402
12,8,0,10,0,3,5,3,0.606912879,0.6068235616407687,0.43397961236778815,1,1,-0.19308712100000003,0.0,0.0,7.273092595999522,1.0647107369924282,2.0794415416798357,0.8,0,0,1,0,1,0,0,2.7586206896551726,125970,0.0,0.0,0.0,-0.8660254037844386,0.5000000000000001,-0.9856129740972022,-1.1731446939116332,-0.5693857707660099,-1.4380676486489155,-1.329301807783477,0.663747223037126,-0.22888618729874646,-1.2647205579438707,0.6664451087488514,-0.6327420126511402
12,8,1,22,0,3,5,3,0.850415628,0.8501228831144528,1.7355651698167778,0,0,0.05041562799999999,4.110873864173311,7.071573364211532,9.101752431559284,3.254242968705492,4.034240638152395,0.8,0,0,0,0,0,0,0,2.1814671814671818,134940,29.070346121521325,28.528428641578213,16.584254401166543,-0.8660254037844386,0.5000000000000001,1.0687477527474374,0.8846574390639225,0.7726652789342329,0.9822473597811097,0.8966895396954262,0.663747223037126,-0.22888618729874646,-1.2647205579438707,0.6664451087488514,-0.6327420126511402
12,9,0,11,0,3,5,3,0.858143939,0.8578447377142856,1.7975032680809833,0,0,0.05814393899999992,0.0,0.0,7.273092595999522,1.3711807233098425,2.0794415416798357,0.8,0,0,1,0,1,0,0,2.030456852791878,129720,0.0,0.0,0.0,-0.8660254037844386,0.5000000000000001,-0.9856129740972022,-1.1731446939116332,-0.5693857707660099,-1.0992948748235933,-1.329301807783477,0.663747223037126,-0.22888618729874646,-1.2647205579438707,0.6664451087488514,-0.6327420126511402
12,9,1,23,0,3,5,3,0.800117103,0.7998663786031747,1.385459436523326,0,0,0.00011710300000000728,4.1588830833596715,7.222566018822171,9.27058845232154,3.264231526588998,4.07753744390572,0.8,0,0,0,0,0,0,0,2.2553516819571864,140340,30.037807634127937,29.450283382828466,16.958001497225133,-0.8660254037844386,0.5000000000000001,1.0927397937785401,0.928595752465845,0.8965738126511332,0.9932887393999459,0.9459929771454892,0.663747223037126,-0.22888618729874646,-1.2647205579438707,0.6664451087488514,-0.6327420126511402
12,10,0,1,0,3,5,3,0.953110048,0.9527315099482039,3.003489231291409,0,0,0.15311004799999994,0.0,0.0,8.137688184977605,1.3711807233098425,2.9444389791664403,0.8,0,0,1,0,1,0,0,4.822335025380711,125940,0.0,0.0,0.0,-0.8660254037844386,0.5000000000000001,-0.9856129740972022,-1.1731446939116332,0.06513979554799705,-1.0992948748235933,-0.34430196053005174,0.663747223037126,-0.22888618729874646,-1.2647205579438707,0.6664451087488514,-0.6327420126511402
12,10,1,13,0,3,5,3,0.600291767,0.6002079810626566,0.40633177102742296,0,1,0.00029176699999999833,3.1780538303479458,6.981934677156389,9.227295812625597,3.1144038032714896,4.034240638152395,0.6,0,0,0,0,0,0,0,2.5088809946714035,136110,22.18896424397601,28.16680460750973,12.82103391262556,-0.8660254037844386,0.5000000000000001,0.6025819432328481,0.8585729071049206,0.8648014012827553,0.8276687580304326,0.8966895396954262,-1.2861509192422065,-0.22888618729874646,-1.2647205579438707,0.6664451087488514,-0.6327420126511402
12,11,1,14,0,3,5,3,0.500025069,0.5000250480568086,0.00010019222731815623,0,1,2.5068999999988684e-05,3.4339872044851463,6.822197390620491,9.200391041122515,2.7006898466959175,4.007333185232471,0.5,0,0,0,0,0,0,0,3.6937541974479515,144780,23.427338545862717,27.338817999639865,13.76113088219701,-0.8660254037844386,0.5000000000000001,0.7304816282848566,0.8120899376128904,0.8450560248406661,0.3703482017062146,0.8660491749180281,-2.2610999903818723,-0.22888618729874646,-1.2647205579438707,0.6664451087488514,-0.6327420126511402
12,12,1,15,0,3,5,3,0.80003139,0.7997807372096909,1.3849245316273653,0,0,3.13899999999645e-05,3.9318256327243257,7.104144092987527,8.507344855361422,2.4518667957098,3.449987545831587,0.8,0,0,0,0,0,0,0,2.7131782945736433,79455,27.932255843375465,24.509208644600005,13.564749465280324,-0.8660254037844386,0.5000000000000001,0.9792705109119583,0.8941354026932065,0.3364303400605799,0.09529851025962122,0.2313821274960118,0.663747223037126,-0.22888618729874646,-1.2647205579438707,0.6664451087488514,-0.6327420126511402
13,1,0,0,0,3,0,3,0.884261364,0.8839403436457811,2.030285237970897,0,0,0.08426136399999995,0.0,0.0,7.273092595999522,1.3711807233098425,2.0794415416798357,0.8,0,0,1,0,1,0,0,2.030456852791878,140460,0.0,0.0,0.0,0.0,1.0,-0.9856129740972022,-1.1731446939116332,-0.5693857707660099,-1.0992948748235933,-1.329301807783477,0.663747223037126,-0.22888618729874646,-0.028538824941726406,1.3678317129691895,-0.5478745621276903
13,1,1,12,0,3,0,3,0.800117103,0.7998663786031747,1.385459436523326,0,0,0.00011710300000000728,4.1588830833596715,5.147494476813453,9.27058845232154,3.8852682681193262,4.07753744390572,0.8,0,0,0,0,0,0,0,1.2119967132292522,151080,21.40782770130681,20.989101471504735,16.958001497225133,0.0,1.0,1.0927397937785401,0.32475747980747705,0.8965738126511332,1.679784477869309,0.9459929771454892,0.663747223037126,-0.22888618729874646,-0.028538824941726406,1.3678317129691895,-0.5478745621276903
13,2,0,4,0,3,0,3,0.980909091,0.9805073290192147,3.9180315726035895,0,0,0.18090909099999997,0.0,0.0,7.496097345175956,1.3711807233098425,2.302585092994046,0.8,0,0,1,0,1,0,0,2.5380710659898478,129900,0.0,0.0,0.0,0.0,1.0,-0.9856129740972022,-1.1731446939116332,-0.40572287846610844,-1.0992948748235933,-1.0752012122964671,0.663747223037126,-0.22888618729874646,-0.028538824941726406,1.3678317129691895,-0.5478745621276903
13,2,1,16,0,3,0,3,0.77011398,0.7698883208688387,1.2076807139798316,0,0,0.17011398,3.1780538303479458,6.763884908562435,8.790421306897867,3.1328821117012247,4.034240638152395,0.6,0,0,0,0,0,0,0,2.4629468177855274,136470,21.495990341689513,27.287139369908274,12.82103391262556,0.0,1.0,0.6025819432328481,0.7951212173892623,0.5441797757633746,0.8480947314758638,0.8966895396954262,-1.2861509192422065,-0.22888618729874646,-0.028538824941726406,1.3678317129691895,-0.5478745621276903
13,3,1,17,0,3,0,3,0.600291767,0.6002079810626566,0.40633177102742296,0,1,0.00029176699999999833,3.4339872044851463,7.039660349862076,9.227295812625597,3.1144038032714896,4.034240638152395,0.6,0,0,0,0,0,0,0,2.5088809946714035,130740,24.174103565347796,28.399683862203695,13.853530731229316,0.0,1.0,0.7304816282848566,0.875370867940961,0.8648014012827553,0.8276687580304326,0.8966895396954262,-1.2861509192422065,-0.22888618729874646,-0.028538824941726406,1.3678317129691895,-0.5478745621276903
13,4,1,18,0,3,0,3,0.7005417,0.7003741630743526,0.8490802249224684,0,0,0.0005417000000000893,3.9318256327243257,6.716594773520978,9.227295812625597,3.1144038032714896,4.034240638152395,0.7,0,0,0,0,0,0,0,2.5088809946714035,189120,26.40847949515202,27.096359585340313,15.86193074966573,0.0,1.0,0.9792705109119583,0.7813599600643355,0.8648014012827553,0.8276687580304326,0.8966895396954262,-0.3112018481025408,-0.22888618729874646,-0.028538824941726406,1.3678317129691895,-0.5478745621276903
13,5,0,7,0,3,0,3,0.98719697,0.9867899549874686,4.313479679235759,0,0,0.33719696999999993,0.0,0.0,7.901377353792616,1.423108334242607,2.70805020110221,0.65,0,0,1,0,1,0,0,3.614457831325301,124980,0.0,0.0,0.0,0.0,1.0,-0.9856129740972022,-1.1731446939116332,-0.10828841284827576,-1.0418939495153812,-0.6134853132140259,-0.7986763836723731,-0.22888618729874646,-0.028538824941726406,1.3678317129691895,-0.5478745621276903
13,5,1,19,0,3,0,3,0.452012539,0.4520526287752715,-0.19238063602731686,1,1,-0.24798746099999996,3.091042453358316,6.959398512133975,9.25349564229011,3.718195508447989,4.060443010546419,0.7,0,0,0,0,0,0,0,1.4081087642631707,135420,21.511796250844817,28.258241046201547,12.55100172504103,0.0,1.0,0.5590990338607028,0.8520149650369064,0.8840294218361046,1.4951017854313964,0.9265270070534614,-0.3112018481025408,-0.22888618729874646,-0.028538824941726406,1.3678317129691895,-0.5478745621276903
13,6,0,8,0,3,0,3,0.465757576,0.4657861828705096,-0.13706947164158034,1,1,-0.33424242400000004,0.0,0.0,6.803505257608338,1.0647107369924282,1.6094379124341003,0.8,0,0,1,0,1,0,0,1.7241379310344829,85935,0.0,0.0,0.0,0.0,1.0,-0.9856129740972022,-1.1731446939116332,-0.9140153011788772,-1.4380676486489155,-1.8645097551743899,0.663747223037126,-0.22888618729874646,-0.028538824941726406,1.3678317129691895,-0.5478745621276903
13,6,1,20,0,3,0,3,0.800343766,0.8000928522439432,1.3868747887120865,0,0,0.0003437659999999676,4.1588830833596715,6.97354301952014,8.610865667278873,2.4344901638739844,3.417726683613366,0.8,0,0,0,0,0,0,0,2.6730937773882557,91425,29.002150094963234,23.833664057139707,14.21392568802658,0.0,1.0,1.0927397937785401,0.8561309652493124,0.41240412785753683,0.07609033318004338,0.1946456668082843,0.663747223037126,-0.22888618729874646,-0.028538824941726406,1.3678317129691895,-0.5478745621276903
13,7,0,9,0,3,0,3,0.661837121,0.661701918726817,0.6708877766086994,1,1,-0.13816287900000002,0.0,0.0,7.273092595999522,1.0647107369924282,2.0794415416798357,0.8,0,0,1,0,1,0,0,2.7586206896551726,137010,0.0,0.0,0.0,0.0,1.0,-0.9856129740972022,-1.1731446939116332,-0.5693857707660099,-1.4380676486489155,-1.329301807783477,0.663747223037126,-0.22888618729874646,-0.028538824941726406,1.3678317129691895,-0.5478745621276903
13,7,1,21,0,3,0,3,0.800128721,0.7998779868972431,1.3855319536101698,0,0,0.0001287209999999428,3.9318256327243257,7.242082359256962,9.227295812625597,3.254242968705492,4.034240638152395,0.8,0,0,0,0,0,0,0,2.1814671814671818,147180,28.474605054427183,29.216302958561013,15.86193074966573,0.0,1.0,0.9792705109119583,0.9342749365605529,0.8648014012827553,0.9822473597811097,0.8966895396954262,0.663747223037126,-0.22888618729874646,-0.028538824941726406,1.3678317129691895,-0.5478745621276903
13,8,0,10,0,3,0,3,0.675568182,0.6754215084979114,0.7328095616754575,1,1,-0.12443181800000003,0.0,0.0,7.273092595999522,1.0647107369924282,2.0794415416798357,0.8,0,0,1,0,1,0,0,2.7586206896551726,136380,0.0,0.0,0.0,0.0,1.0,-0.9856129740972022,-1.1731446939116332,-0.5693857707660099,-1.4380676486489155,-1.329301807783477,0.663747223037126,-0.22888618729874646,-0.028538824941726406,1.3678317129691895,-0.5478745621276903
13,8,1,22,0,3,0,3,0.800128721,0.7998779868972431,1.3855319536101698,0,0,0.0001287209999999428,3.9318256327243257,7.164720378771857,9.227295812625597,3.254242968705492,4.034240638152395,0.8,0,0,0,0,0,0,0,2.1814671814671818,146550,28.17043123655753,28.90420611304005,15.86193074966573,0.0,1.0,0.9792705109119583,0.9117628815687836,0.8648014012827553,0.9822473597811097,0.8966895396954262,0.663747223037126,-0.22888618729874646,-0.028538824941726406,1.3678317129691895,-0.5478745621276903
13,9,0,11,0,3,0,3,0.82680303,0.8265300115956558,1.5612316213443047,0,0,0.02680302999999995,0.0,0.0,7.496097345175956,1.3711807233098425,2.302585092994046,0.8,0,0,1,0,1,0,0,2.5380710659898478,142140,0.0,0.0,0.0,0.0,1.0,-0.9856129740972022,-1.1731446939116332,-0.40572287846610844,-1.0992948748235933,-1.0752012122964671,0.663747223037126,-0.22888618729874646,-0.028538824941726406,1.3678317129691895,-0.5478745621276903
13,9,1,23,0,3,0,3,0.800117103,0.7998663786031747,1.385459436523326,0,0,0.00011710300000000728,4.1588830833596715,7.029087564149662,9.27058845232154,3.264231526588998,4.07753744390572,0.8,0,0,0,0,0,0,0,2.2553516819571864,152760,29.233153361995868,28.661367739312293,16.958001497225133,0.0,1.0,1.0927397937785401,0.8722942257469328,0.8965738126511332,0.9932887393999459,0.9459929771454892,0.663747223037126,-0.22888618729874646,-0.028538824941726406,1.3678317129691895,-0.5478745621276903
13,10,0,1,0,3,0,3,0.974621212,0.9742247030509608,3.632225427666515,0,0,0.17462121199999991,0.0,0.0,7.273092595999522,1.3711807233098425,2.0794415416798357,0.8,0,0,1,0,1,0,0,2.030456852791878,137550,0.0,0.0,0.0,0.0,1.0,-0.9856129740972022,-1.1731446939116332,-0.5693857707660099,-1.0992948748235933,-1.329301807783477,0.663747223037126,-0.22888618729874646,-0.028538824941726406,1.3678317129691895,-0.5478745621276903
13,10,1,13,0,3,0,3,0.650198653,0.6500731737577277,0.6193608668189786,0,1,0.00019865299999999309,3.58351893845611,7.059617628291383,9.18204377282107,3.1144038032714896,3.9889840465642745,0.65,0,0,0,0,0,0,0,2.3978685612788633,147270,25.298273469240776,28.160702094098248,14.294599876062367,0.0,1.0,0.8052083486457364,0.8811783633885875,0.8315909887501515,0.8276687580304326,0.8451544323417699,-0.7986763836723731,-0.22888618729874646,-0.028538824941726406,1.3678317129691895,-0.5478745621276903
13,11,0,2,0,3,0,3,0.313852814,0.3140083254335839,-0.7814459917752269,1,1,-0.48614718600000006,0.0,0.0,7.139660335964919,1.423108334242607,1.9459101490553132,0.8,0,0,1,0,1,0,0,1.686746987951807,146040,0.0,0.0,0.0,0.0,1.0,-0.9856129740972022,-1.1731446939116332,-0.6673115310201029,-1.0418939495153812,-1.4813582135467933,0.663747223037126,-0.22888618729874646,-0.028538824941726406,1.3678317129691895,-0.5478745621276903
13,11,1,14,0,3,0,3,0.600273268,0.6001894975171261,0.4062547434846928,0,1,0.0002732680000000487,3.6635616461296463,6.93537044601511,9.218407743053941,2.7006898466959175,4.02535169073515,0.6,0,0,0,0,0,0,0,3.760913364674278,156120,25.408157167722017,27.917305150741512,14.74712406636042,0.0,1.0,0.8452087477209552,0.8450228851751723,0.8582784587067249,0.3703482017062146,0.8865674150869745,-1.2861509192422065,-0.22888618729874646,-0.028538824941726406,1.3678317129691895,-0.5478745621276903
13,12,1,15,0,3,0,3,0.800246753,0.7999959202907269,1.3862688631319777,0,0,0.00024675299999998845,4.1588830833596715,6.946975992135418,8.643120748014027,2.4518667957098,3.449987545831587,0.8,0,0,0,0,0,0,0,2.7131782945736433,85125,28.891660934197763,23.96698065405823,14.348094842160537,0.0,1.0,1.0927397937785401,0.8484000568922304,0.43607608921251995,0.09529851025962122,0.2313821274960118,0.663747223037126,-0.22888618729874646,-0.028538824941726406,1.3678317129691895,-0.5478745621276903
14,1,1,12,0,3,1,3,0.403242161,0.4033229946165413,-0.3916382210628705,1,1,-0.39675783900000006,3.2188758248682006,7.231287004327616,9.24483841238375,3.893859034800475,4.051784947803305,0.8,0,0,0,0,0,0,1,1.1710794297352343,161430,23.276614920913755,29.299619837380284,13.042192616048922,0.8660254037844386,0.5000000000000001,0.6229822535086641,0.9311335275337778,0.8776758921870157,1.6892807352119272,0.9166677981010531,0.663747223037126,-0.22888618729874646,1.207642908060418,0.6664451087488514,-0.4630071116042404
14,2,1,16,0,3,1,3,0.650243497,0.6501179802940684,0.6195578434612582,0,1,0.0002434969999999259,3.295836866004329,6.933423025730715,9.227295812625597,3.1328821117012247,4.034240638152395,0.65,0,0,0,0,0,0,0,2.4629468177855274,146640,22.85143121580657,27.97109693190439,13.296199021555495,0.8660254037844386,0.5000000000000001,0.6614426260793346,0.8444561929542714,0.8648014012827553,0.8480947314758638,0.8966895396954262,-0.7986763836723731,-0.22888618729874646,1.207642908060418,0.6664451087488514,-0.4630071116042404
14,3,1,17,0,3,1,3,0.650416734,0.6502910725680868,0.6203188940326659,0,1,0.0004167339999999742,3.58351893845611,7.037905963447182,9.227295812625597,3.1144038032714896,4.034240638152395,0.65,0,0,0,0,0,0,0,2.5088809946714035,140910,25.22046930708617,28.392606245233708,14.45677772910837,0.8660254037844386,0.5000000000000001,0.8052083486457364,0.8748603478741109,0.8648014012827553,0.8276687580304326,0.8966895396954262,-0.7986763836723731,-0.22888618729874646,1.207642908060418,0.6664451087488514,-0.4630071116042404
14,4,1,18,0,3,1,3,0.7005417,0.7003741630743526,0.8490802249224684,0,0,0.0005417000000000893,3.9318256327243257,6.78332520060396,9.227295812625597,3.1144038032714896,4.034240638152395,0.7,0,0,0,0,0,0,0,2.5088809946714035,199290,26.670851898839526,27.365566186079743,15.86193074966573,0.8660254037844386,0.5000000000000001,0.9792705109119583,0.8007782716780821,0.8648014012827553,0.8276687580304326,0.8966895396954262,-0.3112018481025408,-0.22888618729874646,1.207642908060418,0.6664451087488514,-0.4630071116042404
14,5,0,7,0,3,1,3,0.852793561,0.8524988295371763,1.7543357250902423,0,0,0.25279356100000006,0.0,0.0,7.273092595999522,1.423108334242607,2.0794415416798357,0.6,0,0,1,0,1,0,0,1.9277108433734937,136860,0.0,0.0,0.0,0.8660254037844386,0.5000000000000001,-0.9856129740972022,-1.1731446939116332,-0.5693857707660099,-1.0418939495153812,-1.329301807783477,-1.2861509192422065,-0.22888618729874646,1.207642908060418,0.6664451087488514,-0.4630071116042404
14,5,1,19,0,3,1,3,0.600062696,0.5999791014335839,0.4053780315062824,0,1,6.269599999997322e-05,3.4339872044851463,6.939253946041508,9.25349564229011,3.0155349008501706,4.060443010546419,0.6,0,0,0,0,0,0,0,2.843137254901961,147300,23.8293092593796,28.1764451836109,13.94350934275755,0.8660254037844386,0.5000000000000001,0.7304816282848566,0.8461529695603781,0.8840294218361046,0.7183787987727416,0.9265270070534614,-1.2861509192422065,-0.22888618729874646,1.207642908060418,0.6664451087488514,-0.4630071116042404
14,6,0,8,0,3,1,3,0.804848485,0.804593807903091,1.415257135170254,0,0,0.0048484849999999025,0.0,0.0,7.496097345175956,1.0647107369924282,2.302585092994046,0.8,0,0,1,0,1,0,0,3.4482758620689657,93225,0.0,0.0,0.0,0.8660254037844386,0.5000000000000001,-0.9856129740972022,-1.1731446939116332,-0.40572287846610844,-1.4380676486489155,-1.0752012122964671,0.663747223037126,-0.22888618729874646,1.207642908060418,0.6664451087488514,-0.4630071116042404
14,6,1,20,0,3,1,3,0.800343766,0.8000928522439432,1.3868747887120865,0,0,0.0003437659999999676,4.1588830833596715,7.039660349862076,8.610865667278873,2.4344901638739844,3.417726683613366,0.8,0,0,0,0,0,0,0,2.6730937773882557,98715,29.277124341639215,24.059635021298618,14.21392568802658,0.8660254037844386,0.5000000000000001,1.0927397937785401,0.875370867940961,0.41240412785753683,0.07609033318004338,0.1946456668082843,0.663747223037126,-0.22888618729874646,1.207642908060418,0.6664451087488514,-0.4630071116042404
14,7,0,9,0,3,1,3,0.692045455,0.6918850160233918,0.8089467420906956,1,1,-0.10795454500000001,0.0,0.0,7.273092595999522,1.0647107369924282,2.0794415416798357,0.8,0,0,1,0,1,0,0,2.7586206896551726,148620,0.0,0.0,0.0,0.8660254037844386,0.5000000000000001,-0.9856129740972022,-1.1731446939116332,-0.5693857707660099,-1.4380676486489155,-1.329301807783477,0.663747223037126,-0.22888618729874646,1.207642908060418,0.6664451087488514,-0.4630071116042404
14,7,1,21,0,3,1,3,0.800128721,0.7998779868972431,1.3855319536101698,0,0,0.0001287209999999428,3.9318256327243257,6.437751649736401,9.227295812625597,3.888549649242504,4.034240638152395,0.8,0,0,0,0,0,0,0,1.1568386568386568,158790,25.312116953546898,25.971439323699215,15.86193074966573,0.8660254037844386,0.5000000000000001,0.9792705109119583,0.7002176250652491,0.8648014012827553,1.683411725674011,0.8966895396954262,0.663747223037126,-0.22888618729874646,1.207642908060418,0.6664451087488514,-0.4630071116042404
14,8,0,10,0,3,1,3,0.639867424,0.6397505756925647,0.5742817380685487,1,1,-0.16013257600000008,0.0,0.0,7.273092595999522,1.0647107369924282,2.0794415416798357,0.8,0,0,1,0,1,0,0,2.7586206896551726,147990,0.0,0.0,0.0,0.8660254037844386,0.5000000000000001,-0.9856129740972022,-1.1731446939116332,-0.5693857707660099,-1.4380676486489155,-1.329301807783477,0.663747223037126,-0.22888618729874646,1.207642908060418,0.6664451087488514,-0.4630071116042404
14,8,1,22,0,3,1,3,0.800128721,0.7998779868972431,1.3855319536101698,0,0,0.0001287209999999428,3.6635616461296463,7.161622002939187,9.227295812625597,3.254242968705492,4.034240638152395,0.8,0,0,0,0,0,0,0,2.1814671814671818,158160,26.237043694046182,28.89170651934362,14.779689273192705,0.8660254037844386,0.5000000000000001,0.8452087477209552,0.9108612654688225,0.8648014012827553,0.9822473597811097,0.8966895396954262,0.663747223037126,-0.22888618729874646,1.207642908060418,0.6664451087488514,-0.4630071116042404
14,9,0,11,0,3,1,3,0.582045455,0.5819769124310777,0.330894113164257,1,1,-0.217954545,0.0,0.0,7.496097345175956,1.3711807233098425,2.302585092994046,0.8,0,0,1,0,1,0,0,2.5380710659898478,154560,0.0,0.0,0.0,0.8660254037844386,0.5000000000000001,-0.9856129740972022,-1.1731446939116332,-0.40572287846610844,-1.0992948748235933,-1.0752012122964671,0.663747223037126,-0.22888618729874646,1.207642908060418,0.6664451087488514,-0.4630071116042404
14,9,1,23,0,3,1,3,0.800015009,0.7997643698947369,1.384822323051975,0,0,1.5008999999954753e-05,3.9318256327243257,7.231287004327616,8.205491613120236,3.264231526588998,4.07753744390572,0.8,0,0,0,0,0,0,0,2.2553516819571864,158220,28.432159601201622,29.485843527774676,16.032166240341738,0.8660254037844386,0.5000000000000001,0.9792705109119583,0.9311335275337778,0.11490064234006199,0.9932887393999459,0.9459929771454892,0.663747223037126,-0.22888618729874646,1.207642908060418,0.6664451087488514,-0.4630071116042404
14,10,0,1,0,3,1,3,0.235795455,0.2360161772598162,-1.1746462641310875,1,1,-0.46420454499999997,0.0,0.0,7.273092595999522,1.3711807233098425,2.0794415416798357,0.7,0,0,1,0,1,0,0,2.030456852791878,148710,0.0,0.0,0.0,0.8660254037844386,0.5000000000000001,-0.9856129740972022,-1.1731446939116332,-0.5693857707660099,-1.0992948748235933,-1.329301807783477,-0.3112018481025408,-0.22888618729874646,1.207642908060418,0.6664451087488514,-0.4630071116042404
14,10,1,13,0,3,1,3,0.700094156,0.699926992962406,0.8469502319945114,0,0,9.415600000006741e-05,3.713572066704308,6.910750787961936,9.218407743053941,3.1144038032714896,4.02535169073515,0.7,0,0,0,0,0,0,0,2.4866785079928952,158790,25.66357108613023,27.818202368571846,14.94843359737501,0.8660254037844386,0.5000000000000001,0.870200865542169,0.837858654211898,0.8582784587067249,0.8276687580304326,0.8865674150869745,-0.3112018481025408,-0.22888618729874646,1.207642908060418,0.6664451087488514,-0.4630071116042404
14,11,0,2,0,3,1,3,0.838383838,0.8381011447351713,1.644167000945844,0,0,0.18838383800000003,0.0,0.0,7.6783263565068856,1.423108334242607,2.4849066497880004,0.65,0,0,1,0,1,0,0,2.8915662650602405,158280,0.0,0.0,0.0,0.8660254037844386,0.5000000000000001,-0.9856129740972022,-1.1731446939116332,-0.2719852465748004,-1.0418939495153812,-0.8675859087010354,-0.7986763836723731,-0.22888618729874646,1.207642908060418,0.6664451087488514,-0.4630071116042404
14,11,1,14,0,3,1,3,0.650299575,0.6501740114452799,0.6198041816848233,0,1,0.00029957499999999637,3.8066624897703196,7.039660349862076,9.236105579862208,2.7006898466959175,4.04305126783455,0.65,0,0,0,0,0,0,0,3.828072531900604,168540,26.79761099454337,28.46170770263448,15.390531605484117,0.8660254037844386,0.5000000000000001,0.9167217064900888,0.875370867940961,0.8712668778780183,0.3703482017062146,0.9067224814303124,-0.7986763836723731,-0.22888618729874646,1.207642908060418,0.6664451087488514,-0.4630071116042404
14,12,1,15,0,3,1,3,0.662255892,0.6621203398763577,0.6727575247568715,1,1,-0.13774410800000003,4.04305126783455,6.373319789577012,8.643120748014027,3.2910104226273997,3.449987545831587,0.8,0,0,0,0,0,0,0,1.172311127651656,90795,25.767658655564368,21.987873899642683,13.948476521187807,0.8660254037844386,0.5000000000000001,1.0348542101784763,0.6814681880674536,0.43607608921251995,1.0228902054355575,0.2313821274960118,0.663747223037126,-0.22888618729874646,1.207642908060418,0.6664451087488514,-0.4630071116042404
15,1,1,12,0,3,2,3,0.549969429,0.5499276834452799,0.20037851162882508,0,1,0.04996942900000001,3.4339872044851463,7.30854279753919,9.227295812625597,3.1328821117012247,4.034240638152395,0.5,0,0,0,0,0,0,0,2.4629468177855274,171600,25.097442450181653,29.484420359508597,13.853530731229316,0.8660254037844387,-0.4999999999999998,0.7304816282848566,0.9536146824151035,0.8648014012827553,0.8480947314758638,0.8966895396954262,-2.2610999903818723,-0.22888618729874646,1.207642908060418,-0.7363280996918251,-0.37813966108079056
15,2,1,16,0,3,2,3,0.750517565,0.7503082771428572,1.100257109881738,0,0,0.05051756500000004,3.6635616461296463,6.914730892718563,9.227295812625597,3.1328821117012247,4.034240638152395,0.7,0,0,0,0,0,0,0,2.4629468177855274,156810,25.332542891871537,27.895688369293016,14.779689273192705,0.8660254037844387,-0.4999999999999998,0.8452087477209552,0.839016850222294,0.8648014012827553,0.8480947314758638,0.8966895396954262,-0.3112018481025408,-0.22888618729874646,1.207642908060418,-0.7363280996918251,-0.37813966108079056
15,3,1,17,0,3,2,3,0.750062751,0.7498538431044277,1.0978329370624174,0,0,0.050062751000000016,3.9318256327243257,6.999422467507961,9.227295812625597,3.1144038032714896,4.034240638152395,0.7,0,0,0,0,0,0,0,2.5088809946714035,151080,27.52050867201435,28.237354562017533,15.86193074966573,0.8660254037844387,-0.4999999999999998,0.9792705109119583,0.8636617905023013,0.8648014012827553,0.8276687580304326,0.8966895396954262,-0.3112018481025408,-0.22888618729874646,1.207642908060418,-0.7363280996918251,-0.37813966108079056
15,4,0,6,0,3,2,3,0.977272727,0.9768740029172933,3.7434002809301554,0,0,0.27727272700000005,0.0,0.0,8.525359754082631,1.4586150226995167,3.332204510175204,0.7,0,0,1,0,1,0,0,6.511627906976744,204330,0.0,0.0,0.0,0.8660254037844387,-0.4999999999999998,-0.9856129740972022,-1.1731446939116332,0.34965145055303015,-1.0026447575066062,0.09725887220905148,-0.3112018481025408,-0.22888618729874646,1.207642908060418,-0.7363280996918251,-0.37813966108079056
15,4,1,18,0,3,2,3,0.750068049,0.7498591366783626,1.097861158659612,0,0,0.05006804900000006,4.1588830833596715,6.836259277277067,9.236105579862208,3.1144038032714896,4.04305126783455,0.7,0,0,0,0,0,0,0,2.5310834813499112,214590,28.43120306172821,27.639346738240754,16.814577522952984,0.8660254037844387,-0.4999999999999998,1.0927397937785401,0.816181895493439,0.8712668778780183,0.8276687580304326,0.9067224814303124,-0.3112018481025408,-0.22888618729874646,1.207642908060418,-0.7363280996918251,-0.37813966108079056
15,5,0,7,0,3,2,3,0.958901515,0.958518138629908,3.1401322300096273,0,0,0.30890151499999996,0.0,0.0,7.273092595999522,1.423108334242607,2.0794415416798357,0.65,0,0,1,0,1,0,0,1.9277108433734937,148740,0.0,0.0,0.0,0.8660254037844387,-0.4999999999999998,-0.9856129740972022,-1.1731446939116332,-0.5693857707660099,-1.0418939495153812,-1.329301807783477,-0.7986763836723731,-0.22888618729874646,1.207642908060418,-0.7363280996918251,-0.37813966108079056
15,5,1,19,0,3,2,3,0.650066445,0.6499410762071846,0.618780212784271,0,1,6.644499999997056e-05,3.58351893845611,7.135687347028144,9.0217190130337,3.0155349008501706,4.060443010546419,0.65,0,0,0,0,0,0,0,2.843137254901961,157020,25.57087074697699,28.974051813684948,14.550674426814835,0.8660254037844387,-0.4999999999999998,0.8052083486457364,0.9033143749109414,0.7139288582753951,0.7183787987727416,0.9265270070534614,-0.7986763836723731,-0.22888618729874646,1.207642908060418,-0.7363280996918251,-0.37813966108079056
15,6,1,20,0,3,2,3,0.800358775,0.800107848705096,1.386968551884649,0,0,0.00035877499999992235,3.9318256327243257,6.9363427358340495,8.385032287813898,2.4344901638739844,3.4339872044851463,0.8,0,0,0,0,0,0,0,2.716914986853637,103095,27.272490166113492,23.81931220077762,13.501838913042048,0.8660254037844387,-0.4999999999999998,0.9792705109119583,0.8453058179767197,0.24666530750686824,0.07609033318004338,0.21316203446539977,0.663747223037126,-0.22888618729874646,1.207642908060418,-0.7363280996918251,-0.37813966108079056
15,7,1,21,0,3,2,3,0.576460393,0.5763965163141186,0.3079979825462572,1,1,-0.22353960700000008,3.4339872044851463,6.947937068614969,9.236105579862208,3.888549649242504,4.04305126783455,0.8,0,0,0,0,0,0,0,1.167076167076167,169050,23.85912699119184,28.090865774098422,13.883786320821294,0.8660254037844387,-0.4999999999999998,0.7304816282848566,0.8486797266527935,0.8712668778780183,1.683411725674011,0.9067224814303124,0.663747223037126,-0.22888618729874646,1.207642908060418,-0.7363280996918251,-0.37813966108079056
15,8,0,10,0,3,2,3,0.683806818,0.6836532617610693,0.7706119769105783,1,1,-0.11619318200000006,0.0,0.0,7.273092595999522,1.0647107369924282,2.0794415416798357,0.8,0,0,1,0,1,0,0,2.7586206896551726,159600,0.0,0.0,0.0,0.8660254037844387,-0.4999999999999998,-0.9856129740972022,-1.1731446939116332,-0.5693857707660099,-1.4380676486489155,-1.329301807783477,0.663747223037126,-0.22888618729874646,1.207642908060418,-0.7363280996918251,-0.37813966108079056
15,8,1,22,0,3,2,3,0.800162602,0.799911839592314,1.3857434496240089,0,0,0.00016260199999995617,3.9318256327243257,7.2305631534092925,8.197263371414335,3.254242968705492,4.034240638152395,0.8,0,0,0,0,0,0,0,2.1814671814671818,163230,28.429313545606686,29.1698317102111,15.86193074966573,0.8660254037844387,-0.4999999999999998,0.9792705109119583,0.9309228895488535,0.10886194656742208,0.9822473597811097,0.8966895396954262,0.663747223037126,-0.22888618729874646,1.207642908060418,-0.7363280996918251,-0.37813966108079056
15,9,0,11,0,3,2,3,0.964106061,0.9637183366382623,3.2794865979126744,0,0,0.16410606099999991,0.0,0.0,7.496097345175956,1.3711807233098425,2.302585092994046,0.8,0,0,1,0,1,0,0,2.5380710659898478,160020,0.0,0.0,0.0,0.8660254037844387,-0.4999999999999998,-0.9856129740972022,-1.1731446939116332,-0.40572287846610844,-1.0992948748235933,-1.0752012122964671,0.663747223037126,-0.22888618729874646,1.207642908060418,-0.7363280996918251,-0.37813966108079056
15,9,1,23,0,3,2,3,0.800117103,0.7998663786031747,1.385459436523326,0,0,0.00011710300000000728,4.1588830833596715,7.087573705557973,9.27058845232154,3.264231526588998,4.07753744390572,0.8,0,0,0,0,0,0,0,2.2553516819571864,170640,29.476390386109873,28.899847170854247,16.958001497225133,0.8660254037844387,-0.4999999999999998,1.0927397937785401,0.8893134802099673,0.8965738126511332,0.9932887393999459,0.9459929771454892,0.663747223037126,-0.22888618729874646,1.207642908060418,-0.7363280996918251,-0.37813966108079056
15,10,0,1,0,3,2,3,0.538399621,0.5383675411161237,0.1537724579111298,1,1,-0.1616003789999999,0.0,0.0,7.273092595999522,1.3711807233098425,2.0794415416798357,0.7,0,0,1,0,1,0,0,2.030456852791878,160230,0.0,0.0,0.0,0.8660254037844387,-0.4999999999999998,-0.9856129740972022,-1.1731446939116332,-0.5693857707660099,-1.0992948748235933,-1.329301807783477,-0.3112018481025408,-0.22888618729874646,1.207642908060418,-0.7363280996918251,-0.37813966108079056
15,10,1,13,0,3,2,3,0.750057359,0.7498484556090226,1.0978042151509284,0,0,0.05005735900000008,4.1588830833596715,6.844815479208263,9.218407743053941,3.1144038032714896,4.02535169073515,0.7,0,0,0,0,0,0,0,2.4866785079928952,170310,28.466787305197666,27.552789562001106,16.740967051171666,0.8660254037844387,-0.4999999999999998,1.0927397937785401,0.8186717191405062,0.8582784587067249,0.8276687580304326,0.8865674150869745,-0.3112018481025408,-0.22888618729874646,1.207642908060418,-0.7363280996918251,-0.37813966108079056
15,11,0,2,0,3,2,3,0.409545455,0.4096210227067669,-0.36553226771072655,1,1,-0.29045454499999995,0.0,0.0,7.273092595999522,1.423108334242607,2.0794415416798357,0.7,0,0,1,0,1,0,0,1.9277108433734937,169980,0.0,0.0,0.0,0.8660254037844387,-0.4999999999999998,-0.9856129740972022,-1.1731446939116332,-0.5693857707660099,-1.0418939495153812,-1.329301807783477,-0.3112018481025408,-0.22888618729874646,1.207642908060418,-0.7363280996918251,-0.37813966108079056
15,11,1,14,0,3,2,3,0.700170388,0.7000031612765246,0.8473129141302631,0,0,0.0001703880000000213,3.9318256327243257,7.3031700512368,9.236105579862208,2.7006898466959175,4.04305126783455,0.7,0,0,0,0,0,0,0,3.828072531900604,180240,28.71479120759748,29.527090934864262,15.896572609290468,0.8660254037844387,-0.4999999999999998,0.9792705109119583,0.9520512327792773,0.8712668778780183,0.3703482017062146,0.9067224814303124,-0.3112018481025408,-0.22888618729874646,1.207642908060418,-0.7363280996918251,-0.37813966108079056
15,12,0,3,0,3,2,3,0.793844697,0.7935992127084378,1.3467587159220749,1,0,-0.006155303000000001,0.0,0.0,7.273092595999522,1.0647107369924282,2.0794415416798357,0.8,0,0,1,0,1,0,0,2.7586206896551726,92235,0.0,0.0,0.0,0.8660254037844387,-0.4999999999999998,-0.9856129740972022,-1.1731446939116332,-0.5693857707660099,-1.4380676486489155,-1.329301807783477,0.663747223037126,-0.22888618729874646,1.207642908060418,-0.7363280996918251,-0.37813966108079056
15,12,1,15,0,3,2,3,0.35021836,0.35034349086048455,-0.617529700052994,0,1,0.00021836000000002853,3.1780538303479458,7.013915474810528,8.71948076085107,2.725235025856311,3.5263605246161616,0.35,0,0,0,0,0,0,0,2.2280471821756227,98355,22.29060094045833,24.733594653366268,11.206963572444185,0.8660254037844387,-0.4999999999999998,0.6025819432328481,0.8678792029230485,0.49211660226491494,0.39748051090269754,0.31835044575563654,-3.7235235970913716,-0.22888618729874646,1.207642908060418,-0.7363280996918251,-0.37813966108079056
16,2,1,16,0,3,3,3,0.750031898,0.7498230158796992,1.0976685959812815,0,0,0.050031898000000075,3.9318256327243257,7.218176838403408,9.236105579862208,3.1328821117012247,4.04305126783455,0.7,0,0,0,0,0,0,0,2.4847428073234523,167070,28.38061271477155,29.18345901796088,15.896572609290468,1.2246467991473532e-16,-1.0,0.9792705109119583,0.9273185169253845,0.8712668778780183,0.8480947314758638,0.9067224814303124,-0.3112018481025408,-0.22888618729874646,-0.028538824941726233,-1.4377147039121636,-0.2932722105573407
16,3,1,17,0,3,3,3,0.750037968,0.7498290808086884,1.0977009272768896,0,0,0.050037968000000044,3.9318256327243257,7.034387929915503,9.0432226489245,3.1144038032714896,4.04305126783455,0.7,0,0,0,0,0,0,0,2.5310834813499112,159540,27.657986773368386,28.440391038484933,15.896572609290468,1.2246467991473532e-16,-1.0,0.9792705109119583,0.8738366129098376,0.729710348390962,0.8276687580304326,0.9067224814303124,-0.3112018481025408,-0.22888618729874646,-0.028538824941726233,-1.4377147039121636,-0.2932722105573407
16,4,1,18,0,3,3,3,0.750068049,0.7498591366783626,1.097861158659612,0,0,0.05006804900000006,4.1588830833596715,6.891625897052253,9.236105579862208,3.1144038032714896,4.04305126783455,0.7,0,0,0,0,0,0,0,2.5310834813499112,224850,28.661466360094035,27.86319682051853,16.814577522952984,1.2246467991473532e-16,-1.0,1.0927397937785401,0.8322933805054775,0.8712668778780183,0.8276687580304326,0.9067224814303124,-0.3112018481025408,-0.22888618729874646,-0.028538824941726233,-1.4377147039121636,-0.2932722105573407
16,5,0,7,0,3,3,3,1.033570076,0.9995822890559732,7.780303087908306,0,0,0.333570076,0.0,0.0,7.273092595999522,1.423108334242607,2.0794415416798357,0.7,0,0,1,0,1,0,0,1.9277108433734937,158460,0.0,0.0,0.0,1.2246467991473532e-16,-1.0,-0.9856129740972022,-1.1731446939116332,-0.5693857707660099,-1.0418939495153812,-1.329301807783477,-0.3112018481025408,-0.22888618729874646,-0.028538824941726233,-1.4377147039121636,-0.2932722105573407
16,5,1,19,0,3,3,3,0.700063796,0.6998966583258146,0.8468058055952166,0,0,6.379600000006036e-05,3.9318256327243257,7.210079628170788,9.236105579862208,3.0155349008501706,4.04305126783455,0.7,0,0,0,0,0,0,0,2.794117647058824,168720,28.34877589602538,29.150721581863966,15.896572609290468,1.2246467991473532e-16,-1.0,0.9792705109119583,0.9249622581934643,0.8712668778780183,0.7183787987727416,0.9067224814303124,-0.3112018481025408,-0.22888618729874646,-0.028538824941726233,-1.4377147039121636,-0.2932722105573407
16,6,1,20,0,3,3,3,0.800261486,0.8000106409824562,1.386360868587213,0,0,0.00026148599999997746,4.1588830833596715,6.954638864880987,8.627123250788433,2.4344901638739844,3.4339872044851463,0.8,0,0,0,0,0,0,0,2.716914986853637,108675,28.923529926029246,23.882140873816414,14.281551293206844,1.2246467991473532e-16,-1.0,1.0927397937785401,0.8506299249949013,0.424335547025999,0.07609033318004338,0.21316203446539977,0.663747223037126,-0.22888618729874646,-0.028538824941726233,-1.4377147039121636,-0.2932722105573407
16,7,1,21,0,3,3,3,0.400332792,0.40041605616708437,-0.40373184078487834,0,1,0.050332792000000015,3.4339872044851463,7.280008252884188,9.218407743053941,3.1328821117012247,4.02535169073515,0.35,0,0,0,0,0,0,0,2.4411508282476024,179130,24.999455188950567,29.30459352931321,13.823006199537154,1.2246467991473532e-16,-1.0,0.7304816282848566,0.9453112336873114,0.8582784587067249,0.8480947314758638,0.8865674150869745,-3.7235235970913716,-0.22888618729874646,-0.028538824941726233,-1.4377147039121636,-0.2932722105573407
16,8,0,10,0,3,3,3,0.639867424,0.6397505756925647,0.5742817380685487,1,1,-0.16013257600000008,0.0,0.0,7.273092595999522,1.0647107369924282,2.0794415416798357,0.8,0,0,1,0,1,0,0,2.7586206896551726,164670,0.0,0.0,0.0,1.2246467991473532e-16,-1.0,-0.9856129740972022,-1.1731446939116332,-0.5693857707660099,-1.4380676486489155,-1.329301807783477,0.663747223037126,-0.22888618729874646,-0.028538824941726233,-1.4377147039121636,-0.2932722105573407
16,8,1,22,0,3,3,3,0.800128721,0.7998779868972431,1.3855319536101698,0,0,0.0001287209999999428,3.9318256327243257,7.268920128193722,9.227295812625597,3.254242968705492,4.034240638152395,0.8,0,0,0,0,0,0,0,2.1814671814671818,174840,28.580126482257867,29.324572976643033,15.86193074966573,1.2246467991473532e-16,-1.0,0.9792705109119583,0.9420846297247173,0.8648014012827553,0.9822473597811097,0.8966895396954262,0.663747223037126,-0.22888618729874646,-0.028538824941726233,-1.4377147039121636,-0.2932722105573407
16,9,0,11,0,3,3,3,0.72830303,0.728112300651629,0.9850661844378811,1,0,-0.07169697000000008,0.0,0.0,7.496097345175956,1.3711807233098425,2.302585092994046,0.8,0,0,1,0,1,0,0,2.5380710659898478,172440,0.0,0.0,0.0,1.2246467991473532e-16,-1.0,-0.9856129740972022,-1.1731446939116332,-0.40572287846610844,-1.0992948748235933,-1.0752012122964671,0.663747223037126,-0.22888618729874646,-0.028538824941726233,-1.4377147039121636,-0.2932722105573407
16,9,1,23,0,3,3,3,0.800117103,0.7998663786031747,1.385459436523326,0,0,0.00011710300000000728,4.1588830833596715,5.991464547107982,9.27058845232154,3.264231526588998,4.07753744390572,0.8,0,0,0,0,0,0,0,2.2553516819571864,183060,24.9178005495166,24.43042103466642,16.958001497225133,1.2246467991473532e-16,-1.0,1.0927397937785401,0.5703497011381615,0.8965738126511332,0.9932887393999459,0.9459929771454892,0.663747223037126,-0.22888618729874646,-0.028538824941726233,-1.4377147039121636,-0.2932722105573407
16,10,1,13,0,3,3,3,0.750057359,0.7498484556090226,1.0978042151509284,0,0,0.05005735900000008,4.1588830833596715,7.011213987350367,9.218407743053941,3.1144038032714896,4.02535169073515,0.7,0,0,0,0,0,0,0,2.4866785079928952,180390,29.158819245806153,28.22260207808673,16.740967051171666,1.2246467991473532e-16,-1.0,1.0927397937785401,0.8670930798961902,0.8582784587067249,0.8276687580304326,0.8865674150869745,-0.3112018481025408,-0.22888618729874646,-0.028538824941726233,-1.4377147039121636,-0.2932722105573407
16,11,0,2,0,3,3,3,0.362666667,0.36278139827234757,-0.563312326279975,1,1,-0.33733333299999996,0.0,0.0,7.901377353792616,1.423108334242607,2.70805020110221,0.7,0,0,1,0,1,0,0,3.614457831325301,182940,0.0,0.0,0.0,1.2246467991473532e-16,-1.0,-0.9856129740972022,-1.1731446939116332,-0.10828841284827576,-1.0418939495153812,-0.6134853132140259,-0.3112018481025408,-0.22888618729874646,-0.028538824941726233,-1.4377147039121636,-0.2932722105573407
16,11,1,14,0,3,3,3,0.700170388,0.7000031612765246,0.8473129141302631,0,0,0.0001703880000000213,3.9318256327243257,7.31455283232408,9.236105579862208,2.7006898466959175,4.04305126783455,0.7,0,0,0,0,0,0,0,3.828072531900604,193200,28.759546318048134,29.573112102370672,15.896572609290468,1.2246467991473532e-16,-1.0,0.9792705109119583,0.9553635806818164,0.8712668778780183,0.3703482017062146,0.9067224814303124,-0.3112018481025408,-0.22888618729874646,-0.028538824941726233,-1.4377147039121636,-0.2932722105573407
16,12,1,15,0,3,3,3,0.500290419,0.5002901763776108,0.0011607056407551765,0,1,0.00029041900000004173,3.1780538303479458,7.210079628170788,8.221747728346623,2.725235025856311,3.5263605246161616,0.5,0,0,0,0,0,0,0,2.2280471821756227,102075,22.914021179421866,25.42534018012064,11.206963572444185,1.2246467991473532e-16,-1.0,0.6025819432328481,0.9249622581934643,0.12683098393743322,0.39748051090269754,0.31835044575563654,-2.2610999903818723,-0.22888618729874646,-0.028538824941726233,-1.4377147039121636,-0.2932722105573407
17,1,0,0,0,3,4,3,0.505128205,0.5051239207852966,0.020496400660037162,1,1,-0.14487179500000003,0.0,0.0,7.783640596221253,1.3711807233098425,2.0794415416798357,0.65,0,0,1,0,1,0,0,2.030456852791878,174000,0.0,0.0,0.0,-0.8660254037844384,-0.5000000000000004,-0.9856129740972022,-1.1731446939116332,-0.19469526447499352,-1.0992948748235933,-1.329301807783477,-0.7986763836723731,-0.22888618729874646,-1.2647205579438705,-0.736328099691826,-0.20840476003389088
17,1,1,12,0,3,4,3,0.700029771,0.6998626617510443,0.8466439542320409,0,0,0.050029770999999945,3.5553480614894135,7.375255778009754,9.236105579862208,3.1328821117012247,4.04305126783455,0.65,0,0,0,0,0,0,0,2.4847428073234523,184260,26.221601333335574,29.818537223886427,14.374454487597884,-0.8660254037844384,-0.5000000000000004,0.7911302851503994,0.9730279171280815,0.8712668778780183,0.8480947314758638,0.9067224814303124,-0.7986763836723731,-0.22888618729874646,-1.2647205579438705,-0.736328099691826,-0.20840476003389088
17,2,0,4,0,3,4,3,0.912202112,0.9118577493333333,2.336532007079203,0,0,0.21220211200000005,0.0,0.0,8.537191877922927,1.3711807233098425,2.833213344056216,0.7,0,0,1,0,1,0,0,4.314720812182741,172170,0.0,0.0,0.0,-0.8660254037844384,-0.5000000000000004,-0.9856129740972022,-1.1731446939116332,0.3583350306871081,-1.0992948748235933,-0.4709580971222859,-0.3112018481025408,-0.22888618729874646,-1.2647205579438705,-0.736328099691826,-0.20840476003389088
17,2,1,16,0,3,4,3,0.800415742,0.8001647681136174,1.3873244801662608,0,0,0.10041574200000003,4.110873864173311,7.260522598089852,9.259225769705994,3.1328821117012247,4.04305126783455,0.7,0,0,0,0,0,0,0,2.4847428073234523,182670,29.847092588727282,29.35466509534858,16.620473788453822,-0.8660254037844384,-0.5000000000000004,1.0687477527474374,0.9396409790023867,0.8882347548148589,0.8480947314758638,0.9067224814303124,-0.3112018481025408,-0.22888618729874646,-1.2647205579438705,-0.736328099691826,-0.20840476003389088
17,3,1,17,0,3,4,3,0.750068049,0.7498591366783626,1.097861158659612,0,0,0.05006804900000006,4.1588830833596715,7.038783541388542,9.236105579862208,3.1144038032714896,4.04305126783455,0.7,0,0,0,0,0,0,0,2.5310834813499112,169800,29.273477797711287,28.458162721023907,16.814577522952984,-0.8660254037844384,-0.5000000000000004,1.0927397937785401,0.8751157198637055,0.8712668778780183,0.8276687580304326,0.9067224814303124,-0.3112018481025408,-0.22888618729874646,-1.2647205579438705,-0.736328099691826,-0.20840476003389088
17,4,0,6,0,3,4,3,0.978525641,0.9781258702055138,3.800333712766188,0,0,0.22852564099999995,0.0,0.0,8.699681400989514,1.4586150226995167,2.995732273553991,0.75,0,0,1,0,1,0,0,4.651162790697675,230850,0.0,0.0,0.0,-0.8660254037844384,-0.5000000000000004,-0.9856129740972022,-1.1731446939116332,0.477585878087085,-1.0026447575066062,-0.28589266941854513,0.1762726874672926,-0.22888618729874646,-1.2647205579438705,-0.736328099691826,-0.20840476003389088
17,4,1,18,0,3,4,3,0.900556277,0.900221643518797,2.199689712709,0,0,0.15055627699999996,4.553876891600541,6.716594773520978,9.218407743053941,3.1144038032714896,4.02535169073515,0.75,0,0,0,1,0,0,0,2.4866785079928952,240930,30.58654572938215,27.036656127575537,18.330956045003965,-0.8660254037844384,-0.5000000000000004,1.2901332905892304,0.7813599600643355,0.8582784587067249,0.8276687580304326,0.8865674150869745,0.1762726874672926,-0.22888618729874646,-1.2647205579438705,-0.736328099691826,-0.20840476003389088
17,5,0,7,0,3,4,3,0.758173077,0.7579573935605681,1.1415134047125122,0,0,0.05817307700000007,0.0,0.0,7.783640596221253,1.423108334242607,2.0794415416798357,0.7,0,0,1,0,1,0,0,1.9277108433734937,171120,0.0,0.0,0.0,-0.8660254037844384,-0.5000000000000004,-0.9856129740972022,-1.1731446939116332,-0.19469526447499352,-1.0418939495153812,-1.329301807783477,-0.3112018481025408,-0.22888618729874646,-1.2647205579438705,-0.736328099691826,-0.20840476003389088
17,5,1,19,0,3,4,3,0.750344828,0.7501356844511279,1.0993360700468882,0,0,0.050344828000000064,3.9318256327243257,7.247792581767846,9.25349564229011,3.0155349008501706,4.060443010546419,0.7,0,0,0,0,0,0,0,2.843137254901961,181560,28.497056653664036,29.429248730529437,15.964953909082741,-0.8660254037844384,-0.5000000000000004,0.9792705109119583,0.9359365905458075,0.8840294218361046,0.7183787987727416,0.9265270070534614,-0.3112018481025408,-0.22888618729874646,-1.2647205579438705,-0.736328099691826,-0.20840476003389088
17,6,1,20,0,3,4,3,0.850410511,0.8501177703893066,1.735525043499003,0,0,0.050410510999999936,4.330733340286331,6.821107472256465,8.658866349732383,2.4518667957098,4.48863636973214,0.8,0,0,0,1,0,0,0,7.665805340223946,114435,29.540397547777292,30.61747108182203,19.43908717882078,-0.8660254037844384,-0.5000000000000004,1.178619932744878,0.8117727753324828,0.4476317656173736,0.09529851025962122,1.4141242820446922,0.663747223037126,-0.22888618729874646,-1.2647205579438705,-0.736328099691826,-0.20840476003389088
17,7,1,21,0,3,4,3,0.500241342,0.5002411403776108,0.0009645615852272023,0,1,0.00024134200000003325,3.1780538303479458,7.450660796211539,9.218407743053941,3.1144038032714896,4.02535169073515,0.5,0,0,0,0,0,0,0,2.4866785079928952,189210,23.67860108202336,29.991530033124217,12.792784359238421,-0.8660254037844384,-0.5000000000000004,0.6025819432328481,0.994970503211963,0.8582784587067249,0.8276687580304326,0.8865674150869745,-2.2610999903818723,-0.22888618729874646,-1.2647205579438705,-0.736328099691826,-0.20840476003389088
17,8,0,10,0,3,4,3,0.594871795,0.5947925370258981,0.38381347727002146,1,1,-0.20512820500000006,0.0,0.0,7.783640596221253,1.0647107369924282,2.0794415416798357,0.8,0,0,1,0,1,0,0,2.7586206896551726,177240,0.0,0.0,0.0,-0.8660254037844384,-0.5000000000000004,-0.9856129740972022,-1.1731446939116332,-0.19469526447499352,-1.4380676486489155,-1.329301807783477,0.663747223037126,-0.22888618729874646,-1.2647205579438705,-0.736328099691826,-0.20840476003389088
17,8,1,22,0,3,4,3,0.800436542,0.8001855507368422,1.3874544569614122,0,0,0.0004365419999999842,3.6635616461296463,6.333279628139691,8.918784137975802,3.254242968705492,4.034240638152395,0.8,0,0,0,0,0,0,0,2.1814671814671818,184710,23.2023603398668,25.54997404862383,14.779689273192705,-0.8660254037844384,-0.5000000000000004,0.8452087477209552,0.6698166466965619,0.6383850887695,0.9822473597811097,0.8966895396954262,0.663747223037126,-0.22888618729874646,-1.2647205579438705,-0.736328099691826,-0.20840476003389088
17,9,0,11,0,3,4,3,0.827147436,0.826874129871345,1.5636335796160152,0,0,0.027147435999999914,0.0,0.0,7.783640596221253,1.3711807233098425,2.0794415416798357,0.8,0,0,1,0,1,0,0,2.030456852791878,185460,0.0,0.0,0.0,-0.8660254037844384,-0.5000000000000004,-0.9856129740972022,-1.1731446939116332,-0.19469526447499352,-1.0992948748235933,-1.329301807783477,0.663747223037126,-0.22888618729874646,-1.2647205579438705,-0.736328099691826,-0.20840476003389088
17,9,1,23,0,3,4,3,0.520237649,0.5202207420250627,0.08092710648736028,1,1,-0.279762351,3.4011973816621555,6.630683385642372,8.328692583545568,3.9993010135352067,4.060443010546419,0.8,0,0,0,0,0,0,1,1.063049853372434,189600,22.552262969877592,26.923512008377834,13.81036813585888,-0.8660254037844384,-0.5000000000000004,0.7140953010772004,0.7563600586112594,0.20531767259806685,1.8058365912773862,0.9265270070534614,0.663747223037126,-0.22888618729874646,-1.2647205579438705,-0.736328099691826,-0.20840476003389088
17,10,1,13,0,3,4,3,0.800020563,0.7997699192548037,1.3848569763046459,0,0,0.10002056300000006,4.330733340286331,7.095893221097532,9.218407743053941,3.1144038032714896,4.02535169073515,0.7,0,0,0,1,0,0,0,2.4866785079928952,190470,30.730421351718846,28.563465774821037,17.432724773444665,-0.8660254037844384,-0.5000000000000004,1.178619932744878,0.8917344289777859,0.8582784587067249,0.8276687580304326,0.8865674150869745,-0.3112018481025408,-0.22888618729874646,-1.2647205579438705,-0.736328099691826,-0.20840476003389088
17,11,0,2,0,3,4,3,0.470769231,0.4707936510242272,-0.11695853968739851,1,1,-0.22923076899999995,0.0,0.0,7.901377353792616,1.423108334242607,2.1972245773362196,0.7,0,0,1,0,1,0,0,2.1686746987951806,195900,0.0,0.0,0.0,-0.8660254037844384,-0.5000000000000004,-0.9856129740972022,-1.1731446939116332,-0.10828841284827576,-1.0418939495153812,-1.1951785524965162,-0.3112018481025408,-0.22888618729874646,-1.2647205579438705,-0.736328099691826,-0.20840476003389088
17,11,1,14,0,3,4,3,0.700170388,0.7000031612765246,0.8473129141302631,0,0,0.0001703880000000213,3.9318256327243257,7.459338895220295,9.236105579862208,2.7006898466959175,4.04305126783455,0.7,0,0,0,0,0,0,0,3.828072531900604,206160,29.328819871404708,30.158489577527988,15.896572609290468,-0.8660254037844384,-0.5000000000000004,0.9792705109119583,0.9974957984653173,0.8712668778780183,0.3703482017062146,0.9067224814303124,-0.3112018481025408,-0.22888618729874646,-1.2647205579438705,-0.736328099691826,-0.20840476003389088
17,12,1,15,0,3,4,3,0.60017284,0.6000891534168756,0.40583659448245135,0,1,0.00017284000000006294,3.1780538303479458,7.1276936993473985,8.757940876678804,2.725235025856311,3.5263605246161616,0.6,0,0,0,0,0,0,0,2.2280471821756227,108435,22.65219426275792,25.134817692934,11.206963572444185,-0.8660254037844384,-0.5000000000000004,0.6025819432328481,0.9009882525050081,0.5203424307183535,0.39748051090269754,0.31835044575563654,-1.2861509192422065,-0.22888618729874646,-1.2647205579438705,-0.736328099691826,-0.20840476003389088
18,1,0,0,0,4,5,4,0.649662222,0.6495371909039265,0.6170055025910397,1,1,-0.050337777999999944,0.0,0.0,9.61587214452889,1.3711807233098425,3.2188758248682006,0.7,0,0,1,0,1,0,0,6.345177664974619,199260,0.0,0.0,0.0,-0.8660254037844386,0.5000000000000001,-0.9856129740972022,-1.1731446939116332,1.1499770605162034,-1.0992948748235933,-0.031792073931535665,-0.3112018481025408,-0.22888618729874646,-1.2647205579438707,0.6664451087488514,-0.12353730951044103
18,1,1,12,0,4,5,4,0.750162367,0.749953375883041,1.0983636421669454,0,0,0.050162367000000097,4.1588830833596715,7.233455418621439,9.407632639699958,3.1328821117012247,4.04305126783455,0.7,0,0,0,0,0,0,0,2.4847428073234523,211440,30.083095374741053,29.245231101082105,16.814577522952984,-0.8660254037844386,0.5000000000000001,1.0927397937785401,0.9317645282077702,0.9971503616352826,0.8480947314758638,0.9067224814303124,-0.3112018481025408,-0.22888618729874646,-1.2647205579438707,0.6664451087488514,-0.12353730951044103
18,2,0,4,0,4,5,4,0.649662222,0.6495371909039265,0.6170055025910397,1,1,-0.050337777999999944,0.0,0.0,9.61587214452889,1.3711807233098425,3.2188758248682006,0.7,0,0,1,0,1,0,0,6.345177664974619,197670,0.0,0.0,0.0,-0.8660254037844386,0.5000000000000001,-0.9856129740972022,-1.1731446939116332,1.1499770605162034,-1.0992948748235933,-0.031792073931535665,-0.3112018481025408,-0.22888618729874646,-1.2647205579438707,0.6664451087488514,-0.12353730951044103
18,2,1,16,0,4,5,4,0.800302791,0.800051911475355,1.3866188394264831,0,0,0.10030279100000006,4.110873864173311,7.32052696227274,9.27058845232154,3.1328821117012247,4.04305126783455,0.7,0,0,0,0,0,0,0,2.4847428073234523,208290,30.09376296118305,29.59726581603381,16.620473788453822,-0.8660254037844386,0.5000000000000001,1.0687477527474374,0.9571020307717556,0.8965738126511332,0.8480947314758638,0.9067224814303124,-0.3112018481025408,-0.22888618729874646,-1.2647205579438707,0.6664451087488514,-0.12353730951044103
18,3,0,5,0,4,5,4,0.460578704,0.4606116374135339,-0.15788058289802476,1,1,-0.23942129599999995,0.0,0.0,9.392745258631441,1.3711807233098425,2.995732273553991,0.7,0,0,1,0,1,0,0,5.0761421319796955,181800,0.0,0.0,0.0,-0.8660254037844386,0.5000000000000001,-0.9856129740972022,-1.1731446939116332,0.9862245322372879,-1.0992948748235933,-0.28589266941854513,-0.3112018481025408,-0.22888618729874646,-1.2647205579438707,0.6664451087488514,-0.12353730951044103
18,3,1,17,0,4,5,4,0.750068049,0.7498591366783626,1.097861158659612,0,0,0.05006804900000006,4.1588830833596715,7.126890808898808,9.236105579862208,3.1144038032714896,4.04305126783455,0.7,0,0,0,0,0,0,0,2.5310834813499112,192060,29.63990562208078,28.81438492063673,16.814577522952984,-0.8660254037844386,0.5000000000000001,1.0927397937785401,0.9007546143042059,0.8712668778780183,0.8276687580304326,0.9067224814303124,-0.3112018481025408,-0.22888618729874646,-1.2647205579438707,0.6664451087488514,-0.12353730951044103
18,4,0,6,0,4,5,4,0.670216049,0.6700738467869674,0.7085190741202245,1,1,-0.07978395100000002,0.0,0.0,9.105090961257085,1.4586150226995167,2.70805020110221,0.75,0,0,1,0,1,0,0,3.488372093023256,249930,0.0,0.0,0.0,-0.8660254037844386,0.5000000000000001,-0.9856129740972022,-1.1731446939116332,0.7751154214912374,-1.0026447575066062,-0.6134853132140259,0.1762726874672926,-0.22888618729874646,-1.2647205579438707,0.6664451087488514,-0.12353730951044103
18,4,1,18,0,4,5,4,0.849983766,0.8496913819014202,1.7321825690118404,0,0,0.09998376600000003,4.406719247264253,6.633318433280377,9.218407743053941,3.1144038032714896,4.02535169073515,0.75,0,0,0,1,0,0,0,2.4866785079928952,260010,29.2311720131694,26.701439570589798,17.738594772570288,-0.8660254037844386,0.5000000000000001,1.2165929935214597,0.7571268478914813,0.8582784587067249,0.8276687580304326,0.8865674150869745,0.1762726874672926,-0.22888618729874646,-1.2647205579438707,0.6664451087488514,-0.12353730951044103
18,5,0,7,0,4,5,4,0.742901235,0.7426983099916458,1.0600406316731479,0,0,0.04290123500000009,0.0,0.0,9.105090961257085,1.423108334242607,2.70805020110221,0.7,0,0,1,0,1,0,0,3.614457831325301,190560,0.0,0.0,0.0,-0.8660254037844386,0.5000000000000001,-0.9856129740972022,-1.1731446939116332,0.7751154214912374,-1.0418939495153812,-0.6134853132140259,-0.3112018481025408,-0.22888618729874646,-1.2647205579438707,0.6664451087488514,-0.12353730951044103
18,5,1,19,0,4,5,4,0.700250784,0.7000834901119465,0.8476954639692984,0,0,0.0002507840000000039,3.713572066704308,7.300472814267799,9.25349564229011,3.0155349008501706,4.060443010546419,0.7,0,0,0,0,0,0,0,2.843137254901961,201000,27.110831916799086,29.64315381237783,15.078747742409927,-0.8660254037844386,0.5000000000000001,0.870200865542169,0.9512663466298892,0.8840294218361046,0.7183787987727416,0.9265270070534614,-0.3112018481025408,-0.22888618729874646,-1.2647205579438707,0.6664451087488514,-0.12353730951044103
18,6,0,8,0,4,5,4,0.626822917,0.6267169663592315,0.5181580941770627,1,1,-0.173177083,0.0,0.0,8.476579508530941,1.0647107369924282,2.0794415416798357,0.8,0,0,1,0,1,0,0,2.7586206896551726,119235,0.0,0.0,0.0,-0.8660254037844386,0.5000000000000001,-0.9856129740972022,-1.1731446939116332,0.3138516924601087,-1.4380676486489155,-1.329301807783477,0.663747223037126,-0.22888618729874646,-1.2647205579438707,0.6664451087488514,-0.12353730951044103
18,6,1,20,0,4,5,4,0.800191989,0.7999412020417711,1.385926914386421,0,0,0.000191988999999948,4.1588830833596715,6.862757913051401,8.757940876678804,2.4518667957098,3.4657359027997265,0.8,0,0,0,0,0,0,0,2.756244616709733,125595,28.541407789782195,23.784506491485164,14.413590417546041,-0.8660254037844386,0.5000000000000001,1.0927397937785401,0.8238929021406063,0.5203424307183535,0.09529851025962122,0.2493152779723679,0.663747223037126,-0.22888618729874646,-1.2647205579438707,0.6664451087488514,-0.12353730951044103
18,7,0,9,0,4,5,4,0.957638889,0.957256567455305,3.10885589219055,0,0,0.35763888900000007,0.0,0.0,8.699681400989514,1.3711807233098425,2.302585092994046,0.6,0,0,1,0,1,0,0,2.5380710659898478,195210,0.0,0.0,0.0,-0.8660254037844386,0.5000000000000001,-0.9856129740972022,-1.1731446939116332,0.477585878087085,-1.0992948748235933,-1.0752012122964671,-1.2861509192422065,-0.22888618729874646,-1.2647205579438707,0.6664451087488514,-0.12353730951044103
18,7,1,21,0,4,5,4,0.60041361,0.6003297222723476,0.40683913989612785,0,1,0.0004136100000000642,3.1780538303479458,7.528331766707247,9.236105579862208,3.1144038032714896,4.04305126783455,0.6,0,0,0,0,0,0,0,2.5310834813499112,205470,23.925443607314083,30.437431294064854,12.84903456803471,-0.8660254037844386,0.5000000000000001,0.6025819432328481,1.0175724731731655,0.8712668778780183,0.8276687580304326,0.9067224814303124,-1.2861509192422065,-0.22888618729874646,-1.2647205579438707,0.6664451087488514,-0.12353730951044103
18,8,0,10,0,4,5,4,0.397743056,0.397828483689223,-0.4145213486484135,1,1,-0.40225694400000006,0.0,0.0,8.476579508530941,1.0647107369924282,2.0794415416798357,0.8,0,0,1,0,1,0,0,2.7586206896551726,189510,0.0,0.0,0.0,-0.8660254037844386,0.5000000000000001,-0.9856129740972022,-1.1731446939116332,0.3138516924601087,-1.4380676486489155,-1.329301807783477,0.663747223037126,-0.22888618729874646,-1.2647205579438707,0.6664451087488514,-0.12353730951044103
18,8,1,22,0,4,5,4,0.555500132,0.5554537659749375,0.22273131294822163,1,1,-0.244499868,3.4339872044851463,6.8885724595653635,9.28461261635077,3.7133281345162463,4.034240638152395,0.8,0,0,0,0,0,0,0,1.3783849719443766,200280,23.65526968331623,27.790158955235988,13.853530731229316,-0.8660254037844386,0.5000000000000001,0.7304816282848566,0.8314048413007188,0.9068661281986203,1.4897213767724102,0.8966895396954262,0.663747223037126,-0.22888618729874646,-1.2647205579438707,0.6664451087488514,-0.12353730951044103
18,9,1,23,0,4,5,4,0.500547544,0.5005470865697577,0.0021883471523381614,0,1,0.0005475440000000109,3.4339872044851463,6.878326468291325,9.25349564229011,3.3714252233284854,4.060443010546419,0.5,0,0,0,0,0,0,0,1.9917582417582418,200040,23.620085080383916,27.929052632429947,13.94350934275755,-0.8660254037844386,0.5000000000000001,0.7304816282848566,0.8284232950998592,0.8840294218361046,1.1117809494117135,0.9265270070534614,-2.2610999903818723,-0.22888618729874646,-1.2647205579438707,0.6664451087488514,-0.12353730951044103
18,10,0,1,0,4,5,4,0.940701058,0.9403328866900585,2.757452944563683,0,0,0.19070105800000003,0.0,0.0,9.036106025364846,1.3711807233098425,2.6390573296152584,0.75,0,0,1,0,1,0,0,3.553299492385787,198870,0.0,0.0,0.0,-0.8660254037844386,0.5000000000000001,-0.9856129740972022,-1.1731446939116332,0.7244874677147257,-1.0992948748235933,-0.692049670668871,0.1762726874672926,-0.22888618729874646,-1.2647205579438707,0.6664451087488514,-0.12353730951044103
18,10,1,13,0,4,5,4,0.800020563,0.7997699192548037,1.3848569763046459,0,0,0.05002056300000002,4.02535169073515,7.192182058713246,9.218407743053941,3.1144038032714896,4.02535169073515,0.75,0,0,0,0,0,0,0,2.4866785079928952,208950,28.951062210116373,28.951062210116373,16.203456234104326,-0.8660254037844386,0.5000000000000001,1.0260090552853378,0.9197541305664219,0.8582784587067249,0.8276687580304326,0.8865674150869745,0.1762726874672926,-0.22888618729874646,-1.2647205579438707,0.6664451087488514,-0.12353730951044103
18,11,1,14,0,4,5,4,0.700170388,0.7000031612765246,0.8473129141302631,0,0,0.0001703880000000213,3.9318256327243257,7.530479995245536,9.236105579862208,2.7006898466959175,4.04305126783455,0.7,0,0,0,0,0,0,0,3.828072531900604,216420,29.60853427202416,30.446116692180183,15.896572609290468,-0.8660254037844386,0.5000000000000001,0.9792705109119583,1.0181975998657036,0.8712668778780183,0.3703482017062146,0.9067224814303124,-0.3112018481025408,-0.22888618729874646,-1.2647205579438707,0.6664451087488514,-0.12353730951044103
18,12,0,3,0,4,5,4,0.327407407,0.3275515946299081,-0.7192798043718162,1,1,-0.272592593,0.0,0.0,8.594339400592892,1.4060969884160703,2.1972245773362196,0.6,0,0,1,0,1,0,0,2.2058823529411766,113835,0.0,0.0,0.0,-0.8660254037844386,0.5000000000000001,-0.9856129740972022,-1.1731446939116332,0.4002755224590608,-1.0606983384260422,-1.1951785524965162,-1.2861509192422065,-0.22888618729874646,-1.2647205579438707,0.6664451087488514,-0.12353730951044103
18,12,1,15,0,4,5,4,0.600436426,0.6003525192113618,0.4069341541975653,0,1,0.0004364260000000453,3.1780538303479458,7.30854279753919,8.848078421168667,2.725235025856311,3.5263605246161616,0.6,0,0,0,0,0,0,0,2.2280471821756227,120795,23.226942431981314,25.77255681370997,11.206963572444185,-0.8660254037844386,0.5000000000000001,0.6025819432328481,0.9536146824151035,0.5864942561413656,0.39748051090269754,0.31835044575563654,-1.2861509192422065,-0.22888618729874646,-1.2647205579438707,0.6664451087488514,-0.12353730951044103
19,1,0,0,0,4,0,4,0.578314394,0.5782489684411027,0.3155893498531366,1,1,-0.121685606,0.0,0.0,7.273092595999522,1.3711807233098425,2.0794415416798357,0.7,0,0,1,0,1,0,0,2.030456852791878,212880,0.0,0.0,0.0,0.0,1.0,-0.9856129740972022,-1.1731446939116332,-0.5693857707660099,-1.0992948748235933,-1.329301807783477,-0.3112018481025408,-0.22888618729874646,-0.028538824941726406,1.3678317129691895,-0.03866985898699119
19,1,1,12,0,4,0,4,0.800643806,0.8003926415839598,1.3887501802343194,0,0,0.100643806,4.330733340286331,7.29505641646263,9.236105579862208,3.1328821117012247,4.04305126783455,0.7,0,0,0,1,0,0,0,2.4847428073234523,223140,31.59294404204444,29.494287093503807,17.509376922098006,0.0,1.0,1.178619932744878,0.9496901945654945,0.8712668778780183,0.8480947314758638,0.9067224814303124,-0.3112018481025408,-0.22888618729874646,-0.028538824941726406,1.3678317129691895,-0.03866985898699119
19,2,0,4,0,4,0,4,0.578314394,0.5782489684411027,0.3155893498531366,1,1,-0.17168560600000005,0.0,0.0,7.273092595999522,1.3711807233098425,2.0794415416798357,0.75,0,0,1,0,1,0,0,2.030456852791878,209730,0.0,0.0,0.0,0.0,1.0,-0.9856129740972022,-1.1731446939116332,-0.5693857707660099,-1.0992948748235933,-1.329301807783477,0.1762726874672926,-0.22888618729874646,-0.028538824941726406,1.3678317129691895,-0.03866985898699119
19,2,1,16,0,4,0,4,0.90064806,0.9003133498412699,2.2007111013293885,0,0,0.15064805999999997,4.553876891600541,7.382124365737512,9.236105579862208,3.1328821117012247,4.04305126783455,0.75,0,0,0,1,0,0,0,2.4847428073234523,219990,33.617285560053354,29.846307276207376,18.411557740148027,0.0,1.0,1.2901332905892304,0.9750266511790132,0.8712668778780183,0.8480947314758638,0.9067224814303124,0.1762726874672926,-0.22888618729874646,-0.028538824941726406,1.3678317129691895,-0.03866985898699119
19,3,0,5,0,4,0,4,0.895454545,0.8951241736173768,2.1441854056754694,0,0,0.145454545,0.0,0.0,7.273092595999522,1.3711807233098425,2.0794415416798357,0.75,0,0,1,0,1,0,0,2.030456852791878,193500,0.0,0.0,0.0,0.0,1.0,-0.9856129740972022,-1.1731446939116332,-0.5693857707660099,-1.0992948748235933,-1.329301807783477,0.1762726874672926,-0.22888618729874646,-0.028538824941726406,1.3678317129691895,-0.03866985898699119
19,3,1,17,0,4,0,4,0.80035194,0.8001010194152046,1.3869258520974934,0,0,0.050351939999999984,4.248495242049359,7.144407180321139,9.236105579862208,3.1144038032714896,4.04305126783455,0.75,0,0,0,0,0,0,0,2.5310834813499112,203760,30.352979912857638,28.885204508323643,17.176884074756718,0.0,1.0,1.1375224131296902,0.9058518146892413,0.8712668778780183,0.8276687580304326,0.9067224814303124,0.1762726874672926,-0.22888618729874646,-0.028538824941726406,1.3678317129691895,-0.03866985898699119
19,4,0,6,0,4,0,4,0.651515152,0.6513885729256474,0.6251484379052085,1,1,-0.09848484800000001,0.0,0.0,7.6783263565068856,1.4586150226995167,2.4849066497880004,0.75,0,0,1,0,1,0,0,2.7906976744186047,262170,0.0,0.0,0.0,0.0,1.0,-0.9856129740972022,-1.1731446939116332,-0.2719852465748004,-1.0026447575066062,-0.8675859087010354,0.1762726874672926,-0.22888618729874646,-0.028538824941726406,1.3678317129691895,-0.03866985898699119
19,4,1,18,0,4,0,4,0.900321106,0.8999866689857978,2.1970764637315003,0,0,0.15032110600000004,4.553876891600541,6.590301048196686,9.236105579862208,3.1144038032714896,4.04305126783455,0.75,0,0,0,1,0,0,0,2.5310834813499112,272430,30.01141965207371,26.644925008322975,18.411557740148027,0.0,1.0,1.2901332905892304,0.7446089452662682,0.8712668778780183,0.8276687580304326,0.9067224814303124,0.1762726874672926,-0.22888618729874646,-0.028538824941726406,1.3678317129691895,-0.03866985898699119
19,5,0,7,0,4,0,4,0.966666667,0.9662768034519632,3.355264413743608,0,0,0.2666666670000001,0.0,0.0,7.901377353792616,1.423108334242607,2.70805020110221,0.7,0,0,1,0,1,0,0,3.614457831325301,203700,0.0,0.0,0.0,0.0,1.0,-0.9856129740972022,-1.1731446939116332,-0.10828841284827576,-1.0418939495153812,-0.6134853132140259,-0.3112018481025408,-0.22888618729874646,-0.028538824941726406,1.3678317129691895,-0.03866985898699119
19,5,1,19,0,4,0,4,0.700250784,0.7000834901119465,0.8476954639692984,0,0,0.0002507840000000039,3.9318256327243257,7.232010331664759,9.25349564229011,3.0155349008501706,4.060443010546419,0.7,0,0,0,0,0,0,0,2.843137254901961,214140,28.43500359816665,29.36516580340766,15.964953909082741,0.0,1.0,0.9792705109119583,0.9313440131584826,0.8840294218361046,0.7183787987727416,0.9265270070534614,-0.3112018481025408,-0.22888618729874646,-0.028538824941726406,1.3678317129691895,-0.03866985898699119
19,6,1,20,0,4,0,4,0.800537143,0.8002860676925647,1.388083244190813,0,0,0.0005371429999999622,4.1588830833596715,6.917705609835305,8.637816633739977,2.4518667957098,3.4657359027997265,0.8,0,0,0,0,0,0,0,2.756244616709733,131235,28.769928836406347,23.97494069700529,14.413590417546041,0.0,1.0,1.0927397937785401,0.8398824820856089,0.4321834067185993,0.09529851025962122,0.2493152779723679,0.663747223037126,-0.22888618729874646,-0.028538824941726406,1.3678317129691895,-0.03866985898699119
19,7,0,9,0,4,0,4,0.870580808,0.8702712166817044,1.9033589174087404,0,0,0.22058080800000002,0.0,0.0,7.6783263565068856,1.3711807233098425,2.4849066497880004,0.65,0,0,1,0,1,0,0,3.0456852791878175,207630,0.0,0.0,0.0,0.0,1.0,-0.9856129740972022,-1.1731446939116332,-0.2719852465748004,-1.0992948748235933,-0.8675859087010354,-0.7986763836723731,-0.22888618729874646,-0.028538824941726406,1.3678317129691895,-0.03866985898699119
19,7,1,21,0,4,0,4,0.650416734,0.6502910725680868,0.6203188940326659,0,1,0.0004167339999999742,3.295836866004329,7.16703787691222,9.227295812625597,3.1144038032714896,4.034240638152395,0.65,0,0,0,0,0,0,0,2.5088809946714035,217800,23.62138765477669,28.91355545821674,13.296199021555495,0.0,1.0,0.6614426260793346,0.9124372650999706,0.8648014012827553,0.8276687580304326,0.8966895396954262,-0.7986763836723731,-0.22888618729874646,-0.028538824941726406,1.3678317129691895,-0.03866985898699119
19,8,0,10,0,4,0,4,0.910521886,0.9101789270309105,2.3158215899354415,0,0,0.1105218859999999,0.0,0.0,7.390798521735676,1.0647107369924282,2.1972245773362196,0.8,0,0,1,0,1,0,0,3.103448275862069,201900,0.0,0.0,0.0,0.0,1.0,-0.9856129740972022,-1.1731446939116332,-0.48300154658262584,-1.4380676486489155,-1.1951785524965162,0.663747223037126,-0.22888618729874646,-0.028538824941726406,1.3678317129691895,-0.03866985898699119
19,8,1,22,0,4,0,4,0.34998951,0.3501148320467836,-0.6185344903598482,1,1,-1.0489999999974131e-05,3.1780538303479458,7.278628942320682,9.144307401371744,2.7140322727797574,3.9512437185814275,0.35,0,0,0,0,0,0,0,3.4459907223326707,211260,23.13187458982366,28.759636888229576,12.557265234475967,0.0,1.0,0.6025819432328481,0.9449098593292397,0.8038963153447267,0.3850969565461105,0.8021783312721362,-3.7235235970913716,-0.22888618729874646,-0.028538824941726406,1.3678317129691895,-0.03866985898699119
19,9,0,11,0,4,0,4,0.261174242,0.26137376226566417,-1.0388406031278077,1,1,-0.338825758,0.0,0.0,7.273092595999522,1.3711807233098425,2.0794415416798357,0.6,0,0,1,0,1,0,0,2.030456852791878,201480,0.0,0.0,0.0,0.0,1.0,-0.9856129740972022,-1.1731446939116332,-0.5693857707660099,-1.0992948748235933,-1.329301807783477,-1.2861509192422065,-0.22888618729874646,-0.028538824941726406,1.3678317129691895,-0.03866985898699119
19,9,1,23,0,4,0,4,0.600125217,0.6000415702021721,0.4056383202845083,0,1,0.0001252170000000108,3.1780538303479458,6.8308742346461795,8.804024902413179,3.3714252233284854,4.060443010546419,0.6,0,0,0,0,0,0,0,1.9917582417582418,208140,21.708886026042382,27.7363755419907,12.904306462576592,0.0,1.0,0.6025819432328481,0.814614867670736,0.5541634366312982,1.1117809494117135,0.9265270070534614,-1.2861509192422065,-0.22888618729874646,-0.028538824941726406,1.3678317129691895,-0.03866985898699119
19,10,0,1,0,4,0,4,0.937242424,0.936877142108605,2.6974692026683895,0,0,0.18724242400000002,0.0,0.0,7.496097345175956,1.3711807233098425,2.302585092994046,0.75,0,0,1,0,1,0,0,2.5380710659898478,210750,0.0,0.0,0.0,0.0,1.0,-0.9856129740972022,-1.1731446939116332,-0.40572287846610844,-1.0992948748235933,-1.0752012122964671,0.1762726874672926,-0.22888618729874646,-0.028538824941726406,1.3678317129691895,-0.03866985898699119
19,10,1,13,0,4,0,4,0.80062987,0.8003787172263993,1.3886630268687945,0,0,0.050629869999999966,4.248495242049359,7.195187320178709,9.218407743053941,3.1144038032714896,4.02535169073515,0.75,0,0,0,0,0,0,0,2.4866785079928952,220830,30.568719095433124,28.963159444437476,17.101687505663627,0.0,1.0,1.1375224131296902,0.9206286507241391,0.8582784587067249,0.8276687580304326,0.8865674150869745,0.1762726874672926,-0.22888618729874646,-0.028538824941726406,1.3678317129691895,-0.03866985898699119
19,11,0,2,0,4,0,4,0.896022727,0.8956918809456975,2.1502472687015524,0,0,0.14602272699999996,0.0,0.0,7.496097345175956,1.423108334242607,2.302585092994046,0.75,0,0,1,0,1,0,0,2.4096385542168672,218220,0.0,0.0,0.0,0.0,1.0,-0.9856129740972022,-1.1731446939116332,-0.40572287846610844,-1.0418939495153812,-1.0752012122964671,0.1762726874672926,-0.22888618729874646,-0.028538824941726406,1.3678317129691895,-0.03866985898699119
19,11,1,14,0,4,0,4,0.750041201,0.7498323111077695,1.0977181477666254,0,0,4.120100000004623e-05,4.04305126783455,7.1569563646156364,9.236105579862208,3.7605021977869035,4.04305126783455,0.75,0,0,0,0,0,0,0,1.326506865254829,228480,28.935941503795803,28.935941503795803,16.346263554338563,0.0,1.0,1.0348542101784763,0.909503581683417,0.8712668778780183,1.5418677172961437,0.9067224814303124,0.1762726874672926,-0.22888618729874646,-0.028538824941726406,1.3678317129691895,-0.03866985898699119
19,12,0,3,0,4,0,4,0.858585859,0.8582862885246448,1.8011288073096594,0,0,0.158585859,0.0,0.0,7.390798521735676,1.4060969884160703,2.1972245773362196,0.7,0,0,1,0,1,0,0,2.2058823529411766,122415,0.0,0.0,0.0,0.0,1.0,-0.9856129740972022,-1.1731446939116332,-0.48300154658262584,-1.0606983384260422,-1.1951785524965162,-0.3112018481025408,-0.22888618729874646,-0.028538824941726406,1.3678317129691895,-0.03866985898699119
19,12,1,15,0,4,0,4,0.750079323,0.7498704012598163,1.097921214776029,0,0,7.932300000002002e-05,3.713572066704308,7.183111701743281,8.71948076085107,2.725235025856311,3.5263605246161616,0.75,0,0,0,0,0,0,0,2.2280471821756227,128535,26.675002967610695,25.330241548935923,13.095393941343326,0.0,1.0,0.870200865542169,0.9171146896728146,0.49211660226491494,0.39748051090269754,0.31835044575563654,0.1762726874672926,-0.22888618729874646,-0.028538824941726406,1.3678317129691895,-0.03866985898699119
20,1,0,0,0,4,1,4,0.970075758,0.9696830464227235,3.4652621817930767,0,0,0.27007575800000005,0.0,0.0,7.273092595999522,1.3711807233098425,2.0794415416798357,0.7,0,0,1,0,1,0,0,2.030456852791878,224580,0.0,0.0,0.0,0.8660254037844386,0.5000000000000001,-0.9856129740972022,-1.1731446939116332,-0.5693857707660099,-1.0992948748235933,-1.329301807783477,-0.3112018481025408,-0.22888618729874646,1.207642908060418,0.6664451087488514,0.04619759153645866
20,1,1,12,0,4,1,4,0.800909609,0.8006582225263158,1.3904133412360262,0,0,0.10090960900000001,4.330733340286331,7.428333194190806,9.262078567380597,3.1328821117012247,4.069026754237811,0.7,0,0,0,1,0,0,0,2.5501307759372276,235110,32.17013022683778,30.226086506555205,17.621869827094763,0.8660254037844386,0.5000000000000001,1.178619932744878,0.9884732522189914,0.8903284192784912,0.8480947314758638,0.9363015865590966,-0.3112018481025408,-0.22888618729874646,1.207642908060418,0.6664451087488514,0.04619759153645866
20,2,0,4,0,4,1,4,0.970075758,0.9696830464227235,3.4652621817930767,0,0,0.220075758,0.0,0.0,7.273092595999522,1.3711807233098425,2.0794415416798357,0.75,0,0,1,0,1,0,0,2.030456852791878,221430,0.0,0.0,0.0,0.8660254037844386,0.5000000000000001,-0.9856129740972022,-1.1731446939116332,-0.5693857707660099,-1.0992948748235933,-1.329301807783477,0.1762726874672926,-0.22888618729874646,1.207642908060418,0.6664451087488514,0.04619759153645866
20,2,1,16,0,4,1,4,0.850223776,0.8499311913918128,1.7340614819347562,0,0,0.10022377599999999,4.406719247264253,7.400620577371135,9.262078567380597,3.1328821117012247,4.069026754237811,0.75,0,0,0,1,0,0,0,2.5501307759372276,231960,32.61245714000127,30.113323127286023,17.931058515532953,0.8660254037844386,0.5000000000000001,1.2165929935214597,0.9804089815023131,0.8903284192784912,0.8480947314758638,0.9363015865590966,0.1762726874672926,-0.22888618729874646,1.207642908060418,0.6664451087488514,0.04619759153645866
20,3,0,5,0,4,1,4,0.961784512,0.9613987271111111,3.215103979140722,0,0,0.21178451200000004,0.0,0.0,7.390798521735676,1.3711807233098425,2.1972245773362196,0.75,0,0,1,0,1,0,0,2.284263959390863,205380,0.0,0.0,0.0,0.8660254037844386,0.5000000000000001,-0.9856129740972022,-1.1731446939116332,-0.48300154658262584,-1.0992948748235933,-1.1951785524965162,0.1762726874672926,-0.22888618729874646,1.207642908060418,0.6664451087488514,0.04619759153645866
20,3,1,17,0,4,1,4,0.800513307,0.8002622516056809,1.3879342403870332,0,0,0.05051330700000001,4.02535169073515,7.310550158534422,9.24483841238375,3.1144038032714896,4.051784947803305,0.75,0,0,0,0,0,0,0,2.5532859680284195,215730,29.42753544086065,29.620777092510835,16.309859390135262,0.8660254037844386,0.5000000000000001,1.0260090552853378,0.9541988171648814,0.8776758921870157,0.8276687580304326,0.9166677981010531,0.1762726874672926,-0.22888618729874646,1.207642908060418,0.6664451087488514,0.04619759153645866
20,4,0,6,0,4,1,4,0.952020202,0.9516425744294069,2.979569727621808,0,0,0.20202020200000004,0.0,0.0,7.6783263565068856,1.4586150226995167,2.4849066497880004,0.75,0,0,1,0,1,0,0,2.7906976744186047,274590,0.0,0.0,0.0,0.8660254037844386,0.5000000000000001,-0.9856129740972022,-1.1731446939116332,-0.2719852465748004,-1.0026447575066062,-0.8675859087010354,0.1762726874672926,-0.22888618729874646,1.207642908060418,0.6664451087488514,0.04619759153645866
20,4,1,18,0,4,1,4,0.900321106,0.8999866689857978,2.1970764637315003,0,0,0.15032110600000004,4.553876891600541,6.7661917146603505,9.236105579862208,3.1144038032714896,4.04305126783455,0.75,0,0,0,1,0,0,0,2.5310834813499112,284850,30.81240409353081,27.35605999036916,18.411557740148027,0.8660254037844386,0.5000000000000001,1.2901332905892304,0.7957924895749792,0.8712668778780183,0.8276687580304326,0.9067224814303124,0.1762726874672926,-0.22888618729874646,1.207642908060418,0.6664451087488514,0.04619759153645866
20,5,0,7,0,4,1,4,0.973796791,0.9734009707903091,3.5999213754724693,0,0,0.2737967910000001,0.0,0.0,8.026496938945412,1.423108334242607,2.833213344056216,0.7,0,0,1,0,1,0,0,4.096385542168674,217200,0.0,0.0,0.0,0.8660254037844386,0.5000000000000001,-0.9856129740972022,-1.1731446939116332,-0.0164633137636399,-1.0418939495153812,-0.4709580971222859,-0.3112018481025408,-0.22888618729874646,1.207642908060418,0.6664451087488514,0.04619759153645866
20,5,1,19,0,4,1,4,0.700250784,0.7000834901119465,0.8476954639692984,0,0,0.0002507840000000039,3.9318256327243257,7.1049654482698426,9.25349564229011,3.0155349008501706,4.060443010546419,0.7,0,0,0,0,0,0,0,2.843137254901961,227640,27.935485269128048,28.849307294601086,15.964953909082741,0.8660254037844386,0.5000000000000001,0.9792705109119583,0.8943744140934747,0.8840294218361046,0.7183787987727416,0.9265270070534614,-0.3112018481025408,-0.22888618729874646,1.207642908060418,0.6664451087488514,0.04619759153645866
20,6,1,20,0,4,1,4,0.800386364,0.8001354146566415,1.3871409177172653,0,0,0.0003863639999999169,4.1588830833596715,7.074963197966044,8.658866349732383,2.4518667957098,3.4657359027997265,0.8,0,0,0,0,0,0,0,2.756244616709733,136995,29.42394475941322,24.519953966177688,14.413590417546041,0.8660254037844386,0.5000000000000001,1.0927397937785401,0.8856438683592431,0.4476317656173736,0.09529851025962122,0.2493152779723679,0.663747223037126,-0.22888618729874646,1.207642908060418,0.6664451087488514,0.04619759153645866
20,7,0,9,0,4,1,4,0.749188312,0.7489801346299081,1.0931803797412478,0,0,0.099188312,0.0,0.0,7.83241092718792,1.3711807233098425,2.6390573296152584,0.65,0,0,1,0,1,0,0,3.553299492385787,220320,0.0,0.0,0.0,0.8660254037844386,0.5000000000000001,-0.9856129740972022,-1.1731446939116332,-0.1589027826829887,-1.0992948748235933,-0.692049670668871,-0.7986763836723731,-0.22888618729874646,1.207642908060418,0.6664451087488514,0.04619759153645866
20,7,1,21,0,4,1,4,0.7005417,0.7003741630743526,0.8490802249224684,0,0,0.0005417000000000893,3.713572066704308,5.8888779583328805,9.227295812625597,3.1144038032714896,4.034240638152395,0.7,0,0,0,0,0,0,0,2.5088809946714035,230490,21.868772690295682,23.757150772626414,14.981443344206097,0.8660254037844386,0.5000000000000001,0.870200865542169,0.5404973768641239,0.8648014012827553,0.8276687580304326,0.8966895396954262,-0.3112018481025408,-0.22888618729874646,1.207642908060418,0.6664451087488514,0.04619759153645866
20,8,0,10,0,4,1,4,0.329545455,0.3296878564578112,-0.7095971724747927,1,1,-0.47045454500000006,0.0,0.0,6.580639137284949,1.0647107369924282,1.3862943611198906,0.8,0,0,1,0,1,0,0,1.3793103448275863,211980,0.0,0.0,0.0,0.8660254037844386,0.5000000000000001,-0.9856129740972022,-1.1731446939116332,-1.0775764539457442,-1.4380676486489155,-2.1186103506613994,0.663747223037126,-0.22888618729874646,1.207642908060418,0.6664451087488514,0.04619759153645866
20,8,1,22,0,4,1,4,0.500061916,0.5000618642740184,0.0002474570973365198,0,1,6.191600000005071e-05,3.1780538303479458,7.351158226430694,6.580639137284949,2.7140322727797574,3.9512437185814275,0.5,0,0,0,0,0,0,0,3.4459907223326707,212700,23.362376559001877,29.046217766482467,12.557265234475967,0.8660254037844386,0.5000000000000001,0.6025819432328481,0.9660156172501169,-1.0775764539457442,0.3850969565461105,0.8021783312721362,-2.2610999903818723,-0.22888618729874646,1.207642908060418,0.6664451087488514,0.04619759153645866
20,9,1,23,0,4,1,4,0.650407524,0.6502818702623225,0.6202784290361607,0,1,0.00040752399999999245,3.295836866004329,6.99117688712121,9.25349564229011,3.3714252233284854,4.060443010546419,0.65,0,0,0,0,0,0,0,1.9917582417582418,218580,23.04177852133147,28.38727532680499,13.382557766468492,0.8660254037844386,0.5000000000000001,0.6614426260793346,0.8612623565950819,0.8840294218361046,1.1117809494117135,0.9265270070534614,-0.7986763836723731,-0.22888618729874646,1.207642908060418,0.6664451087488514,0.04619759153645866
20,10,0,1,0,4,1,4,0.955151515,0.9547712714619883,3.0497393334095966,0,0,0.20515151499999995,0.0,0.0,8.137688184977605,1.3711807233098425,2.9444389791664403,0.75,0,0,1,0,1,0,0,4.822335025380711,224250,0.0,0.0,0.0,0.8660254037844386,0.5000000000000001,-0.9856129740972022,-1.1731446939116332,0.06513979554799705,-1.0992948748235933,-0.34430196053005174,0.1762726874672926,-0.22888618729874646,1.207642908060418,0.6664451087488514,0.04619759153645866
20,10,1,13,0,4,1,4,0.800020563,0.7997699192548037,1.3848569763046459,0,0,0.05002056300000002,4.248495242049359,7.254177846456518,9.218407743053941,3.1144038032714896,4.02535169073515,0.75,0,0,0,0,0,0,0,2.4866785079928952,234330,30.819340065650383,29.20061705912721,17.101687505663627,0.8660254037844386,0.5000000000000001,1.1375224131296902,0.9377946793499852,0.8582784587067249,0.8276687580304326,0.8865674150869745,0.1762726874672926,-0.22888618729874646,1.207642908060418,0.6664451087488514,0.04619759153645866
20,11,1,14,0,4,1,4,0.59114168,0.591065538245614,0.3683720020807968,1,1,-0.15885832,3.713572066704308,6.278521424165844,9.236105579862208,3.7605021977869035,4.04305126783455,0.75,0,0,0,0,0,0,0,1.326506865254829,238740,23.31574178098683,25.384384004100102,15.014162252483823,0.8660254037844386,0.5000000000000001,0.870200865542169,0.6538822084701892,0.8712668778780183,1.5418677172961437,0.9067224814303124,0.1762726874672926,-0.22888618729874646,1.207642908060418,0.6664451087488514,0.04619759153645866
20,12,0,3,0,4,1,4,0.618181818,0.6180830863224729,0.481419810821122,1,1,-0.0818181819999999,0.0,0.0,7.390798521735676,1.4060969884160703,2.1972245773362196,0.7,0,0,1,0,1,0,0,2.2058823529411766,130155,0.0,0.0,0.0,0.8660254037844386,0.5000000000000001,-0.9856129740972022,-1.1731446939116332,-0.48300154658262584,-1.0606983384260422,-1.1951785524965162,-0.3112018481025408,-0.22888618729874646,1.207642908060418,0.6664451087488514,0.04619759153645866
20,12,1,15,0,4,1,4,0.70043672,0.7002692707769425,0.8485804312711388,0,0,0.00043672000000005706,3.713572066704308,7.167809184316444,8.71948076085107,2.725235025856311,3.5263605246161616,0.7,0,0,0,0,0,0,0,2.2280471821756227,136275,26.618175966344136,25.276279355554678,13.095393941343326,0.8660254037844386,0.5000000000000001,0.870200865542169,0.912661712749715,0.49211660226491494,0.39748051090269754,0.31835044575563654,-0.3112018481025408,-0.22888618729874646,1.207642908060418,0.6664451087488514,0.04619759153645866
21,1,0,0,0,4,2,4,0.910378788,0.910035948578112,2.3140739407709208,0,0,0.2103787880000001,0.0,0.0,7.496097345175956,1.3711807233098425,2.302585092994046,0.7,0,0,1,0,1,0,0,2.5380710659898478,236910,0.0,0.0,0.0,0.8660254037844387,-0.4999999999999998,-0.9856129740972022,-1.1731446939116332,-0.40572287846610844,-1.0992948748235933,-1.0752012122964671,-0.3112018481025408,-0.22888618729874646,1.207642908060418,-0.7363280996918251,0.13106504205990852
21,1,1,12,0,4,2,4,0.800023511,0.79977286479198,1.3848753701493324,0,0,0.10002351100000006,4.110873864173311,7.465082736399547,9.25349564229011,3.1328821117012247,4.060443010546419,0.7,0,0,0,0,0,0,0,2.528334786399302,247350,30.688013514956285,30.31154302016428,16.69196904902047,0.8660254037844387,-0.4999999999999998,1.0687477527474374,0.9991672353608116,0.8840294218361046,0.8480947314758638,0.9265270070534614,-0.3112018481025408,-0.22888618729874646,1.207642908060418,-0.7363280996918251,0.13106504205990852
21,2,0,4,0,4,2,4,0.910378788,0.910035948578112,2.3140739407709208,0,0,0.16037878800000005,0.0,0.0,7.496097345175956,1.3711807233098425,2.302585092994046,0.75,0,0,1,0,1,0,0,2.5380710659898478,233760,0.0,0.0,0.0,0.8660254037844387,-0.4999999999999998,-0.9856129740972022,-1.1731446939116332,-0.40572287846610844,-1.0992948748235933,-1.0752012122964671,0.1762726874672926,-0.22888618729874646,1.207642908060418,-0.7363280996918251,0.13106504205990852
21,2,1,16,0,4,2,4,0.800034024,0.7997833690091897,1.384940966946512,0,0,0.05003402400000001,4.02535169073515,7.475905969367397,9.236105579862208,3.1328821117012247,4.04305126783455,0.75,0,0,0,0,0,0,0,2.4847428073234523,244020,30.09315073357005,30.225471107662738,16.274703256706697,0.8660254037844387,-0.4999999999999998,1.0260090552853378,1.0023167567954119,0.8712668778780183,0.8480947314758638,0.9067224814303124,0.1762726874672926,-0.22888618729874646,1.207642908060418,-0.7363280996918251,0.13106504205990852
21,3,0,5,0,4,2,4,1.059621212,0.9995822890559732,7.780303087908306,0,0,0.3096212119999999,0.0,0.0,7.496097345175956,1.3711807233098425,2.302585092994046,0.75,0,0,1,0,1,0,0,2.5380710659898478,217530,0.0,0.0,0.0,0.8660254037844387,-0.4999999999999998,-0.9856129740972022,-1.1731446939116332,-0.40572287846610844,-1.0992948748235933,-1.0752012122964671,0.1762726874672926,-0.22888618729874646,1.207642908060418,-0.7363280996918251,0.13106504205990852
21,3,1,17,0,4,2,4,0.80035194,0.8001010194152046,1.3869258520974934,0,0,0.050351939999999984,4.248495242049359,7.368339686311381,9.236105579862208,3.1144038032714896,4.04305126783455,0.75,0,0,0,0,0,0,0,2.5310834813499112,227790,31.30435609909737,29.79057511057686,17.176884074756718,0.8660254037844387,-0.4999999999999998,1.1375224131296902,0.9710153595944507,0.8712668778780183,0.8276687580304326,0.9067224814303124,0.1762726874672926,-0.22888618729874646,1.207642908060418,-0.7363280996918251,0.13106504205990852
21,4,0,6,0,4,2,4,0.963699495,0.9633121102923976,3.2679307414717176,0,0,0.21369949499999996,0.0,0.0,7.6783263565068856,1.4586150226995167,2.4849066497880004,0.75,0,0,1,0,1,0,0,2.7906976744186047,287010,0.0,0.0,0.0,0.8660254037844387,-0.4999999999999998,-0.9856129740972022,-1.1731446939116332,-0.2719852465748004,-1.0026447575066062,-0.8675859087010354,0.1762726874672926,-0.22888618729874646,1.207642908060418,-0.7363280996918251,0.13106504205990852
21,4,1,18,0,4,2,4,0.850312684,0.8500200251161236,1.734758123756923,0,0,0.050312683999999996,4.110873864173311,6.92461239604856,9.227295812625597,3.1144038032714896,4.034240638152395,0.8,0,0,0,0,0,0,0,2.5088809946714035,297180,28.466208118446556,27.93555273159293,16.584254401166543,0.8660254037844387,-0.4999999999999998,1.0687477527474374,0.8418923317569101,0.8648014012827553,0.8276687580304326,0.8966895396954262,0.663747223037126,-0.22888618729874646,1.207642908060418,-0.7363280996918251,0.13106504205990852
21,5,0,7,0,4,2,4,0.959191919,0.95880830002005,3.1474543799348194,0,0,0.25919191900000005,0.0,0.0,7.901377353792616,1.423108334242607,2.70805020110221,0.7,0,0,1,0,1,0,0,3.614457831325301,230340,0.0,0.0,0.0,0.8660254037844387,-0.4999999999999998,-0.9856129740972022,-1.1731446939116332,-0.10828841284827576,-1.0418939495153812,-0.6134853132140259,-0.3112018481025408,-0.22888618729874646,1.207642908060418,-0.7363280996918251,0.13106504205990852
21,5,1,19,0,4,2,4,0.750031447,0.7498225652564745,1.0976661937921888,0,0,3.1447000000017766e-05,4.04305126783455,7.020190708311925,9.241935933565934,3.0155349008501706,4.060443010546419,0.75,0,0,0,0,0,0,0,2.843137254901961,240660,28.38299094368086,28.50508429426807,16.416579261759637,0.8660254037844387,-0.4999999999999998,1.0348542101784763,0.8697052730518614,0.8755457667976807,0.7183787987727416,0.9265270070534614,0.1762726874672926,-0.22888618729874646,1.207642908060418,-0.7363280996918251,0.13106504205990852
21,6,1,20,0,4,2,4,0.800386364,0.8001354146566415,1.3871409177172653,0,0,0.0003863639999999169,3.9318256327243257,6.9782137426306985,8.658866349732383,2.4518667957098,3.4657359027997265,0.8,0,0,0,0,0,0,0,2.756244616709733,142755,27.437119663904532,24.184645905245663,13.626669258880947,0.8660254037844387,-0.4999999999999998,0.9792705109119583,0.857490128689246,0.4476317656173736,0.09529851025962122,0.2493152779723679,0.663747223037126,-0.22888618729874646,1.207642908060418,-0.7363280996918251,0.13106504205990852
21,7,0,9,0,4,2,4,0.646306818,0.6461845900818713,0.6023098698996477,1,1,-0.003693182000000017,0.0,0.0,7.273092595999522,1.3711807233098425,2.0794415416798357,0.65,0,0,1,0,1,0,0,2.030456852791878,231930,0.0,0.0,0.0,0.8660254037844387,-0.4999999999999998,-0.9856129740972022,-1.1731446939116332,-0.5693857707660099,-1.0992948748235933,-1.329301807783477,-0.7986763836723731,-0.22888618729874646,1.207642908060418,-0.7363280996918251,0.13106504205990852
21,8,1,22,0,4,2,4,0.600143365,0.6000597030409357,0.4057138769684533,0,1,0.0001433650000000064,3.1780538303479458,7.326465613840322,5.8888779583328805,2.7140322727797574,3.9512437185814275,0.6,0,0,0,0,0,0,0,3.4459907223326707,213060,23.28390210697775,28.948651236089397,12.557265234475967,0.8660254037844387,-0.4999999999999998,0.6025819432328481,0.9588301567818197,-1.5852590739177195,0.3850969565461105,0.8021783312721362,-1.2861509192422065,-0.22888618729874646,1.207642908060418,-0.7363280996918251,0.13106504205990852
21,9,1,23,0,4,2,4,0.70061442,0.7004468223224728,0.8494264923645606,0,0,0.0006144200000000044,3.713572066704308,7.042286171939743,9.25349564229011,3.3714252233284854,4.060443010546419,0.7,0,0,0,0,0,0,0,1.9917582417582418,229020,26.15203721385344,28.59480166512043,15.078747742409927,0.8660254037844387,-0.4999999999999998,0.870200865542169,0.8761349726166735,0.8840294218361046,1.1117809494117135,0.9265270070534614,-0.3112018481025408,-0.22888618729874646,1.207642908060418,-0.7363280996918251,0.13106504205990852
21,10,0,1,0,4,2,4,0.997792208,0.9973763414937342,5.940558452468582,0,0,0.247792208,0.0,0.0,8.237743803890933,1.3711807233098425,3.044522437723423,0.75,0,0,1,0,1,0,0,5.32994923857868,238110,0.0,0.0,0.0,0.8660254037844387,-0.4999999999999998,-0.9856129740972022,-1.1731446939116332,0.138570482753928,-1.0992948748235933,-0.23033377158642934,0.1762726874672926,-0.22888618729874646,1.207642908060418,-0.7363280996918251,0.13106504205990852
21,10,1,13,0,4,2,4,0.800020563,0.7997699192548037,1.3848569763046459,0,0,0.05002056300000002,4.02535169073515,7.1316985104669115,9.218407743053941,3.1144038032714896,4.02535169073515,0.75,0,0,0,0,0,0,0,2.4866785079928952,248190,28.70759465692133,28.70759465692133,16.203456234104326,0.8660254037844387,-0.4999999999999998,1.0260090552853378,0.9021536379771586,0.8582784587067249,0.8276687580304326,0.8865674150869745,0.1762726874672926,-0.22888618729874646,1.207642908060418,-0.7363280996918251,0.13106504205990852
21,11,1,14,0,4,2,4,0.350066986,0.35019224332163745,-0.6181942898630057,0,1,6.698600000004662e-05,3.1780538303479458,6.620073206530356,9.236105579862208,3.3350575791576103,4.04305126783455,0.35,0,0,0,0,0,0,0,2.0299145299145303,249000,21.038949011197605,26.76529537082009,12.84903456803471,0.8660254037844387,-0.4999999999999998,0.6025819432328481,0.7532725350739296,0.8712668778780183,1.071580054566176,0.9067224814303124,-3.7235235970913716,-0.22888618729874646,1.207642908060418,-0.7363280996918251,0.13106504205990852
21,12,0,3,0,4,2,4,0.769292929,0.7690679557928154,1.2030558483218834,0,0,0.06929292900000006,0.0,0.0,7.390798521735676,1.4060969884160703,2.1972245773362196,0.7,0,0,1,0,1,0,0,2.2058823529411766,137895,0.0,0.0,0.0,0.8660254037844387,-0.4999999999999998,-0.9856129740972022,-1.1731446939116332,-0.48300154658262584,-1.0606983384260422,-1.1951785524965162,-0.3112018481025408,-0.22888618729874646,1.207642908060418,-0.7363280996918251,0.13106504205990852
21,12,1,15,0,4,2,4,0.70043672,0.7002692707769425,0.8485804312711388,0,0,0.00043672000000005706,3.713572066704308,7.198931240688173,8.71948076085107,2.725235025856311,3.5263605246161616,0.7,0,0,0,0,0,0,0,2.2280471821756227,144015,26.733749965544586,25.38602694658882,13.095393941343326,0.8660254037844387,-0.4999999999999998,0.870200865542169,0.9217181179775027,0.49211660226491494,0.39748051090269754,0.31835044575563654,-0.3112018481025408,-0.22888618729874646,1.207642908060418,-0.7363280996918251,0.13106504205990852
22,1,0,0,0,4,3,4,0.77815,0.777917627401838,1.2535722804068983,0,0,0.02815000000000001,0.0,0.0,7.0909098220799835,1.3711807233098425,2.302585092994046,0.75,0,0,1,0,1,0,0,2.5380710659898478,248550,0.0,0.0,0.0,1.2246467991473532e-16,-1.0,-0.9856129740972022,-1.1731446939116332,-0.7030894690818731,-1.0992948748235933,-1.0752012122964671,0.1762726874672926,-0.22888618729874646,-0.028538824941726233,-1.4377147039121636,0.21593249258335837
22,1,1,12,0,4,3,4,0.800263218,0.8000123715355054,1.3863716850104917,0,0,0.050263218,4.02535169073515,7.534762657037537,8.848078421168667,3.1328821117012247,4.060443010546419,0.75,0,0,0,0,0,0,0,2.528334786399302,255510,30.33006960079412,30.594474366894232,16.34471113763675,1.2246467991473532e-16,-1.0,1.0260090552853378,1.0194438388731348,0.5864942561413656,0.8480947314758638,0.9265270070534614,0.1762726874672926,-0.22888618729874646,-0.028538824941726233,-1.4377147039121636,0.21593249258335837
22,2,0,4,0,4,3,4,0.788,0.7877593984962407,1.3114721674780874,0,0,0.038000000000000034,0.0,0.0,7.0909098220799835,1.3711807233098425,2.302585092994046,0.75,0,0,1,0,1,0,0,2.5380710659898478,245220,0.0,0.0,0.0,1.2246467991473532e-16,-1.0,-0.9856129740972022,-1.1731446939116332,-0.7030894690818731,-1.0992948748235933,-1.0752012122964671,0.1762726874672926,-0.22888618729874646,-0.028538824941726233,-1.4377147039121636,0.21593249258335837
22,2,1,16,0,4,3,4,1.000230409,0.9995822890559732,7.780303087908306,0,0,0.25023040900000004,4.787491742782046,7.400009517162692,8.830689198760998,3.1144038032714896,4.04305126783455,0.75,0,0,0,1,0,0,0,2.5310834813499112,252060,35.42748445992494,29.91861786035236,19.35607456040239,1.2246467991473532e-16,-1.0,1.4068795570357813,0.9802311652037968,0.5737323286730242,0.8276687580304326,0.9067224814303124,0.1762726874672926,-0.22888618729874646,-0.028538824941726233,-1.4377147039121636,0.21593249258335837
22,3,0,5,0,4,3,4,0.861875,0.8615726817042607,1.8284140086328207,0,0,0.11187499999999995,0.0,0.0,7.273092595999522,1.3711807233098425,2.4849066497880004,0.75,0,0,1,0,1,0,0,3.0456852791878175,229230,0.0,0.0,0.0,1.2246467991473532e-16,-1.0,-0.9856129740972022,-1.1731446939116332,-0.5693857707660099,-1.0992948748235933,-0.8675859087010354,0.1762726874672926,-0.22888618729874646,-0.028538824941726233,-1.4377147039121636,0.21593249258335837
22,3,1,17,0,4,3,4,1.000230409,0.9995822890559732,7.780303087908306,0,0,0.25023040900000004,4.787491742782046,7.170119543449628,8.830689198760998,3.1144038032714896,4.04305126783455,0.75,0,0,0,1,0,0,0,2.5310834813499112,236070,34.32688810902527,28.989160910669305,19.35607456040239,1.2246467991473532e-16,-1.0,1.4068795570357813,0.9133340188557743,0.5737323286730242,0.8276687580304326,0.9067224814303124,0.1762726874672926,-0.22888618729874646,-0.028538824941726233,-1.4377147039121636,0.21593249258335837
22,4,0,6,0,4,3,4,0.940625,0.9402568922305764,2.756099294515432,0,0,0.140625,0.0,0.0,7.273092595999522,1.4586150226995167,2.4849066497880004,0.8,0,0,1,0,1,0,0,2.7906976744186047,298620,0.0,0.0,0.0,1.2246467991473532e-16,-1.0,-0.9856129740972022,-1.1731446939116332,-0.5693857707660099,-1.0026447575066062,-0.8675859087010354,0.663747223037126,-0.22888618729874646,-0.028538824941726233,-1.4377147039121636,0.21593249258335837
22,4,1,18,0,4,3,4,0.850312684,0.8500200251161236,1.734758123756923,0,0,0.050312683999999996,4.110873864173311,7.009408932708637,8.821879862683842,3.1144038032714896,4.034240638152395,0.8,0,0,0,0,0,0,0,2.5088809946714035,305400,28.814795984774882,28.277642365761594,16.584254401166543,1.2246467991473532e-16,-1.0,1.0687477527474374,0.8665678155595875,0.5672671685051183,0.8276687580304326,0.8966895396954262,0.663747223037126,-0.22888618729874646,-0.028538824941726233,-1.4377147039121636,0.21593249258335837
22,5,0,7,0,4,3,4,0.926388889,0.9260326743893066,2.5272860696485924,0,0,0.42638888900000005,0.0,0.0,7.273092595999522,1.423108334242607,2.4849066497880004,0.5,0,0,1,0,1,0,0,2.8915662650602405,242100,0.0,0.0,0.0,1.2246467991473532e-16,-1.0,-0.9856129740972022,-1.1731446939116332,-0.5693857707660099,-1.0418939495153812,-0.8675859087010354,-2.2610999903818723,-0.22888618729874646,-0.028538824941726233,-1.4377147039121636,0.21593249258335837
22,5,1,19,0,4,3,4,0.500035345,0.5000353154720134,0.00014126188828854008,0,1,3.5345000000019944e-05,3.4339872044851463,7.283448228756631,8.848078421168667,3.0344721018699214,4.060443010546419,0.5,0,0,0,0,0,0,0,2.7898027898027897,249060,25.011268022080273,29.57402645313156,13.94350934275755,1.2246467991473532e-16,-1.0,0.7304816282848566,0.9463122541566067,0.5864942561413656,0.7393120333613457,0.9265270070534614,-2.2610999903818723,-0.22888618729874646,-0.028538824941726233,-1.4377147039121636,0.21593249258335837
22,6,0,8,0,4,3,4,0.6225,0.6223976608187135,0.4997375854145776,1,1,-0.1775,0.0,0.0,6.8679744089702925,1.0647107369924282,2.0794415416798357,0.8,0,0,1,0,1,0,0,2.7586206896551726,143715,0.0,0.0,0.0,1.2246467991473532e-16,-1.0,-0.9856129740972022,-1.1731446939116332,-0.8667014757335281,-1.4380676486489155,-1.329301807783477,0.663747223037126,-0.22888618729874646,-0.028538824941726233,-1.4377147039121636,0.21593249258335837
22,6,1,20,0,4,3,4,0.622828125,0.6227255116959064,0.5011328223108584,1,1,-0.1771718750000001,3.5553480614894135,5.82600010738045,8.253488028345904,3.414442608412176,3.4657359027997265,0.8,0,0,0,0,0,0,0,1.0526315789473684,147555,20.713458188012197,20.191377741863487,12.32189742365327,1.2246467991473532e-16,-1.0,0.7911302851503994,0.5222001508943475,0.15012514838699428,1.1593324863260668,0.2493152779723679,0.663747223037126,-0.22888618729874646,-0.028538824941726233,-1.4377147039121636,0.21593249258335837
22,7,0,9,0,4,3,4,0.803541667,0.8032880816474519,1.4069730912482763,0,0,0.30354166699999996,0.0,0.0,6.8679744089702925,1.423108334242607,2.0794415416798357,0.5,0,0,1,0,1,0,0,1.9277108433734937,232890,0.0,0.0,0.0,1.2246467991473532e-16,-1.0,-0.9856129740972022,-1.1731446939116332,-0.8667014757335281,-1.0418939495153812,-1.329301807783477,-2.2610999903818723,-0.22888618729874646,-0.028538824941726233,-1.4377147039121636,0.21593249258335837
22,8,0,10,0,4,3,4,0.845458333,0.8451697295472013,1.697207982956496,0,0,0.19545833299999993,0.0,0.0,6.8679744089702925,1.3711807233098425,2.0794415416798357,0.65,0,0,1,0,1,0,0,2.030456852791878,214020,0.0,0.0,0.0,1.2246467991473532e-16,-1.0,-0.9856129740972022,-1.1731446939116332,-0.8667014757335281,-1.0992948748235933,-1.329301807783477,-0.7986763836723731,-0.22888618729874646,-0.028538824941726233,-1.4377147039121636,0.21593249258335837
22,8,1,22,0,4,3,4,0.650307143,0.650181573122807,0.6198374276269765,0,1,0.0003071430000000097,3.1780538303479458,6.884486652042782,5.484796933490655,2.7140322727797574,3.9512437185814275,0.65,0,0,0,0,0,0,0,3.4459907223326707,214260,21.879269174503868,27.202284639541727,12.557265234475967,1.2246467991473532e-16,-1.0,0.6025819432328481,0.8302158861698217,-1.8818136069194566,0.3850969565461105,0.8021783312721362,-0.7986763836723731,-0.22888618729874646,-0.028538824941726233,-1.4377147039121636,0.21593249258335837
22,9,1,23,0,4,3,4,0.700386207,0.7002187999766082,0.8483399822903442,0,0,0.0003862070000000273,3.9318256327243257,7.166265974133638,8.848078421168667,3.3714252233284854,4.060443010546419,0.7,0,0,0,0,0,0,0,1.9917582417582418,235980,28.1765082480188,29.098214586387556,15.964953909082741,1.2246467991473532e-16,-1.0,0.9792705109119583,0.9122126441984532,0.5864942561413656,1.1117809494117135,0.9265270070534614,-0.3112018481025408,-0.22888618729874646,-0.028538824941726233,-1.4377147039121636,0.21593249258335837
22,10,0,1,0,4,3,4,0.979527778,0.9791271699983292,3.848213218629996,0,0,0.17952777799999997,0.0,0.0,7.273092595999522,1.3711807233098425,2.4849066497880004,0.8,0,0,1,0,1,0,0,3.0456852791878175,249630,0.0,0.0,0.0,1.2246467991473532e-16,-1.0,-0.9856129740972022,-1.1731446939116332,-0.5693857707660099,-1.0992948748235933,-0.8675859087010354,0.663747223037126,-0.22888618729874646,-0.028538824941726233,-1.4377147039121636,0.21593249258335837
22,10,1,13,0,4,3,4,0.900129762,0.8997954848387636,2.19495424930865,0,0,0.10012976200000001,4.2626798770413155,7.034387929915503,8.812992231969966,3.1144038032714896,4.02535169073515,0.8,0,0,0,1,0,0,0,2.4866785079928952,256350,29.98534387615313,28.3158853469723,17.15878565011096,1.2246467991473532e-16,-1.0,1.1446110171625363,0.8738366129098376,0.5607445480062361,0.8276687580304326,0.8865674150869745,0.663747223037126,-0.22888618729874646,-0.028538824941726233,-1.4377147039121636,0.21593249258335837
22,11,1,14,0,4,3,4,0.37046657,0.3705747850626566,-0.5297517723026929,1,1,-0.12953343,3.1780538303479458,7.1569563646156364,8.776630098427717,3.874943997186725,3.9889840465642745,0.5,0,0,0,0,0,0,0,1.1207970112079702,255480,22.74519258819983,28.54898476040842,12.677206028380441,1.2246467991473532e-16,-1.0,0.6025819432328481,0.909503581683417,0.5340584259944958,1.6683720001138562,0.8451544323417699,-2.2610999903818723,-0.22888618729874646,-0.028538824941726233,-1.4377147039121636,0.21593249258335837
22,12,0,3,0,4,3,4,0.823555556,0.8232852506065163,1.5387658919497875,0,0,0.12355555600000001,0.0,0.0,6.985641817639208,1.423108334242607,2.1972245773362196,0.7,0,0,1,0,1,0,0,2.1686746987951806,145095,0.0,0.0,0.0,1.2246467991473532e-16,-1.0,-0.9856129740972022,-1.1731446939116332,-0.7803455191751631,-1.0418939495153812,-1.1951785524965162,-0.3112018481025408,-0.22888618729874646,-0.028538824941726233,-1.4377147039121636,0.21593249258335837
22,12,1,15,0,4,3,4,0.700164706,0.6999974840233919,0.8472858795749206,0,0,0.00016470600000006996,3.713572066704308,7.288244401020124,8.314097335405807,2.725235025856311,3.5263605246161616,0.7,0,0,0,0,0,0,0,2.2280471821756227,149175,27.065420822942404,25.70097734951213,13.095393941343326,1.2246467991473532e-16,-1.0,0.870200865542169,0.9477079228438443,0.19460623917250247,0.39748051090269754,0.31835044575563654,-0.3112018481025408,-0.22888618729874646,-0.028538824941726233,-1.4377147039121636,0.21593249258335837
23,1,0,0,0,4,4,4,0.9456,0.9452277360066833,2.8482419546261,0,0,0.1956,0.0,0.0,7.0909098220799835,1.3711807233098425,2.302585092994046,0.75,0,0,1,0,1,0,0,2.5380710659898478,256710,0.0,0.0,0.0,-0.8660254037844384,-0.5000000000000004,-0.9856129740972022,-1.1731446939116332,-0.7030894690818731,-1.0992948748235933,-1.0752012122964671,0.1762726874672926,-0.22888618729874646,-1.2647205579438705,-0.736328099691826,0.3007999431068082
23,1,1,12,0,4,4,4,0.850362069,0.8500693688588137,1.7351452285062192,0,0,0.100362069,4.406719247264253,7.533158807455563,8.848078421168667,3.1328821117012247,4.060443010546419,0.75,0,0,0,1,0,0,0,2.528334786399302,263670,33.19651590951266,30.58796202706914,17.893232366994514,-0.8660254037844384,-0.5000000000000004,1.2165929935214597,1.0189771244772323,0.5864942561413656,0.8480947314758638,0.9265270070534614,0.1762726874672926,-0.22888618729874646,-1.2647205579438705,-0.736328099691826,0.3007999431068082
23,2,0,4,0,4,4,4,0.902222222,0.9018861967518798,2.218360281855625,0,0,0.10222222199999997,0.0,0.0,7.496097345175956,1.3711807233098425,2.70805020110221,0.8,0,0,1,0,1,0,0,3.8071065989847717,253860,0.0,0.0,0.0,-0.8660254037844384,-0.5000000000000004,-0.9856129740972022,-1.1731446939116332,-0.40572287846610844,-1.0992948748235933,-0.6134853132140259,0.663747223037126,-0.22888618729874646,-1.2647205579438705,-0.736328099691826,0.3007999431068082
23,2,1,16,0,4,4,4,1.000230409,0.9995822890559732,7.780303087908306,0,0,0.200230409,4.51085950651685,7.352441100243583,8.830689198760998,3.1144038032714896,4.04305126783455,0.8,0,0,0,1,0,0,0,2.5310834813499112,260700,33.165828833138974,29.726296312018675,18.237636246846485,-0.8660254037844384,-0.5000000000000004,1.2686358597734448,0.9663889288644547,0.5737323286730242,0.8276687580304326,0.9067224814303124,0.663747223037126,-0.22888618729874646,-1.2647205579438705,-0.736328099691826,0.3007999431068082
23,3,1,17,0,4,4,4,1.000230409,0.9995822890559732,7.780303087908306,0,0,0.200230409,4.736198448394496,7.208600337960199,8.830689198760998,3.1144038032714896,4.04305126783455,0.8,0,0,0,1,0,0,0,2.5310834813499112,242910,34.14136173574313,29.144740735702552,19.148693141497397,-0.8660254037844384,-0.5000000000000004,1.3812463381577667,0.9245317901216707,0.5737323286730242,0.8276687580304326,0.9067224814303124,0.663747223037126,-0.22888618729874646,-1.2647205579438705,-0.736328099691826,0.3007999431068082
23,4,0,6,0,4,4,4,0.722638889,0.7224528915989974,0.9566615371392411,1,0,-0.0773611110000001,0.0,0.0,7.273092595999522,1.4586150226995167,2.4849066497880004,0.8,0,0,1,0,1,0,0,2.7906976744186047,306840,0.0,0.0,0.0,-0.8660254037844384,-0.5000000000000004,-0.9856129740972022,-1.1731446939116332,-0.5693857707660099,-1.0026447575066062,-0.8675859087010354,0.663747223037126,-0.22888618729874646,-1.2647205579438705,-0.736328099691826,0.3007999431068082
23,4,1,18,0,4,4,4,0.800489676,0.8002386403475356,1.3877865312412259,0,0,0.0004896759999999389,3.9318256327243257,7.202661196523238,8.821879862683842,3.1144038032714896,4.034240638152395,0.8,0,0,0,0,0,0,0,2.5088809946714035,313620,28.31960791631893,29.0572685018574,15.86193074966573,-0.8660254037844384,-0.5000000000000004,0.9792705109119583,0.9228035215613989,0.5672671685051183,0.8276687580304326,0.8966895396954262,0.663747223037126,-0.22888618729874646,-1.2647205579438705,-0.736328099691826,0.3007999431068082
23,5,1,19,0,4,4,4,0.800534483,0.8002834099147869,1.388066615315452,0,0,0.20053448299999999,4.48863636973214,6.952728644624869,8.848078421168667,3.0344721018699214,4.060443010546419,0.6,0,0,0,1,0,0,0,2.7898027898027897,256020,31.20827066314163,28.231158429292925,18.225852174363318,-0.8660254037844384,-0.5000000000000004,1.2575301092818796,0.8500740578469498,0.5864942561413656,0.7393120333613457,0.9265270070534614,-1.2861509192422065,-0.22888618729874646,-1.2647205579438705,-0.736328099691826,0.3007999431068082
23,6,0,8,0,4,4,4,0.977555556,0.9771565956357562,3.7559844949178314,0,0,0.627555556,0.0,0.0,7.496097345175956,1.0647107369924282,2.70805020110221,0.35,0,0,1,0,1,0,0,5.172413793103448,149355,0.0,0.0,0.0,-0.8660254037844384,-0.5000000000000004,-0.9856129740972022,-1.1731446939116332,-0.40572287846610844,-1.4380676486489155,-0.6134853132140259,-3.7235235970913716,-0.22888618729874646,-1.2647205579438705,-0.736328099691826,0.3007999431068082
23,6,1,20,0,4,4,4,0.437995338,0.4380471380517962,-0.24909144513040676,0,1,0.08799533800000003,3.1780538303479458,6.238324625039508,7.496097345175956,2.933324813425374,3.4657359027997265,0.35,0,0,0,0,0,0,0,1.703033528472592,151155,19.82573146956072,21.620385626319063,11.014295260867067,-0.8660254037844384,-0.5000000000000004,0.6025819432328481,0.6421850861014123,-0.40572287846610844,0.6275035398673704,0.2493152779723679,-3.7235235970913716,-0.22888618729874646,-1.2647205579438705,-0.736328099691826,0.3007999431068082
23,7,0,9,0,4,4,4,0.406354167,0.40643240077861315,-0.37873348742988844,1,1,-0.193645833,0.0,0.0,6.8679744089702925,1.3711807233098425,2.0794415416798357,0.6,0,0,1,0,1,0,0,2.030456852791878,233850,0.0,0.0,0.0,-0.8660254037844384,-0.5000000000000004,-0.9856129740972022,-1.1731446939116332,-0.8667014757335281,-1.0992948748235933,-1.329301807783477,-1.2861509192422065,-0.22888618729874646,-1.2647205579438705,-0.736328099691826,0.3007999431068082
23,7,1,21,0,4,4,4,0.285333333,0.2855126702322473,-0.9172788569989156,1,1,-0.31466666699999996,0.0,6.8658910748834385,8.79497643168877,3.1587011018321305,4.007333185232471,0.6,0,0,0,0,1,0,0,2.336448598130841,240450,0.0,27.513913150571845,0.0,-0.8660254037844384,-0.5000000000000004,-0.9856129740972022,0.8248046408398828,0.547522775860096,0.8766351148560375,0.8660491749180281,-1.2861509192422065,-0.22888618729874646,-1.2647205579438705,-0.736328099691826,0.3007999431068082
23,8,0,10,0,4,4,4,0.553333333,0.5532887771662489,0.21396771433202488,1,1,-0.09666666700000004,0.0,0.0,6.8679744089702925,1.423108334242607,2.0794415416798357,0.65,0,0,1,0,1,0,0,1.9277108433734937,215220,0.0,0.0,0.0,-0.8660254037844384,-0.5000000000000004,-0.9856129740972022,-1.1731446939116332,-0.8667014757335281,-1.0418939495153812,-1.329301807783477,-0.7986763836723731,-0.22888618729874646,-1.2647205579438705,-0.736328099691826,0.3007999431068082
23,8,1,22,0,4,4,4,0.467693269,0.4677202587502089,-0.12929880107069097,1,1,-0.23230673099999993,0.0,5.820082930352362,8.738895704934043,3.6399517804905126,3.9512437185814275,0.7,0,0,0,0,1,0,0,1.36518771331058,221460,0.0,22.996566120177757,0.0,-0.8660254037844384,-0.5000000000000004,-0.9856129740972022,0.5204782738971834,0.506365204208124,1.4086109512942657,0.8021783312721362,-0.3112018481025408,-0.22888618729874646,-1.2647205579438705,-0.736328099691826,0.3007999431068082
23,9,1,23,0,4,4,4,0.750593103,0.7503837520367586,1.100660014671362,0,0,0.050593103000000084,4.1588830833596715,7.201170883281678,8.848078421168667,3.3714252233284854,4.060443010546419,0.7,0,0,0,0,0,0,0,1.9917582417582418,242940,29.948827766862394,29.239943980771475,16.886907747507518,-0.8660254037844384,-0.5000000000000004,1.0927397937785401,0.9223698458276784,0.5864942561413656,1.1117809494117135,0.9265270070534614,-0.3112018481025408,-0.22888618729874646,-1.2647205579438705,-0.736328099691826,0.3007999431068082
23,10,0,1,0,4,4,4,0.840533333,0.840248844,1.6600807612850594,0,0,0.04053333299999995,0.0,0.0,7.0909098220799835,1.3711807233098425,2.302585092994046,0.8,0,0,1,0,1,0,0,2.5380710659898478,257550,0.0,0.0,0.0,-0.8660254037844384,-0.5000000000000004,-0.9856129740972022,-1.1731446939116332,-0.7030894690818731,-1.0992948748235933,-1.0752012122964671,0.663747223037126,-0.22888618729874646,-1.2647205579438705,-0.736328099691826,0.3007999431068082
23,10,1,13,0,4,4,4,0.850532143,0.8502393007752715,1.7364791584990642,0,0,0.050532142999999974,4.110873864173311,7.069874128458572,8.812992231969966,3.1144038032714896,4.02535169073515,0.8,0,0,0,0,0,0,0,2.4866785079928952,264270,29.063360777675413,28.458729776275405,16.547713059548975,-0.8660254037844384,-0.5000000000000004,1.0687477527474374,0.8841629676391382,0.5607445480062361,0.8276687580304326,0.8865674150869745,0.663747223037126,-0.22888618729874646,-1.2647205579438705,-0.736328099691826,0.3007999431068082
23,11,0,2,0,4,4,4,0.259375,0.2595760233918129,-1.048173342743709,1,1,-0.24062499999999998,0.0,0.0,6.8679744089702925,1.0647107369924282,2.0794415416798357,0.5,0,0,1,0,1,0,0,2.7586206896551726,256440,0.0,0.0,0.0,-0.8660254037844384,-0.5000000000000004,-0.9856129740972022,-1.1731446939116332,-0.8667014757335281,-1.4380676486489155,-1.329301807783477,-2.2610999903818723,-0.22888618729874646,-1.2647205579438705,-0.736328099691826,0.3007999431068082
23,11,1,14,0,4,4,4,0.500567308,0.5005668340584796,0.002267337205248443,0,1,0.0005673080000000441,3.8501476017100584,7.254177846456518,8.679482094459956,3.0007198150650303,3.9889840465642745,0.5,0,0,0,0,0,0,0,2.6865671641791042,262320,27.929655437912796,28.936799700455033,15.358177360139125,-0.8660254037844384,-0.5000000000000004,0.9384528782854576,0.9377946793499852,0.4627616335753051,0.702002161810015,0.8451544323417699,-2.2610999903818723,-0.22888618729874646,-1.2647205579438705,-0.736328099691826,0.3007999431068082
23,12,0,3,0,4,4,4,0.755555556,0.755342059294904,1.1273096307003434,0,0,0.005555556000000017,0.0,0.0,6.985641817639208,1.4060969884160703,2.1972245773362196,0.75,0,0,1,0,1,0,0,2.2058823529411766,150255,0.0,0.0,0.0,-0.8660254037844384,-0.5000000000000004,-0.9856129740972022,-1.1731446939116332,-0.7803455191751631,-1.0606983384260422,-1.1951785524965162,0.1762726874672926,-0.22888618729874646,-1.2647205579438705,-0.736328099691826,0.3007999431068082
23,12,1,15,0,4,4,4,0.750283333,0.7500742408253969,1.0990082789402598,0,0,0.00028333300000005224,3.828641396489095,7.265429723253953,8.188966863648876,2.725235025856311,3.5553480614894135,0.75,0,0,0,0,0,0,0,2.293577981651376,153855,27.816725001732394,25.831131482458506,13.612152767145625,-0.8660254037844384,-0.5000000000000004,0.9277054058868384,0.9410689345802173,0.10277315042340172,0.39748051090269754,0.3513594676960609,0.1762726874672926,-0.22888618729874646,-1.2647205579438705,-0.736328099691826,0.3007999431068082
24,1,0,0,0,0,5,5,0.853666667,0.8533712061253134,1.761290448681675,0,0,0.10366666700000005,0.0,0.0,7.0909098220799835,1.3711807233098425,2.302585092994046,0.75,0,0,1,0,1,0,0,2.5380710659898478,264870,0.0,0.0,0.0,-0.8660254037844386,0.5000000000000001,-0.9856129740972022,-1.1731446939116332,-0.7030894690818731,-1.0992948748235933,-1.0752012122964671,0.1762726874672926,-0.22888618729874646,-1.2647205579438707,0.6664451087488514,0.38566739363025804
24,1,1,12,0,0,5,5,0.850362069,0.8500693688588137,1.7351452285062192,0,0,0.100362069,4.406719247264253,7.365180126021013,8.848078421168667,3.1328821117012247,4.060443010546419,0.75,0,0,0,1,0,0,0,2.528334786399302,271830,32.45628102090495,29.905894164117417,17.893232366994514,-0.8660254037844386,0.5000000000000001,1.2165929935214597,0.970095939039799,0.5864942561413656,0.8480947314758638,0.9265270070534614,0.1762726874672926,-0.22888618729874646,-1.2647205579438707,0.6664451087488514,0.38566739363025804
24,2,0,4,0,0,5,5,0.773333333,0.7731049843508772,1.2259274291577404,1,0,-0.02666666700000009,0.0,0.0,7.0909098220799835,1.3711807233098425,2.302585092994046,0.8,0,0,1,0,1,0,0,2.5380710659898478,261900,0.0,0.0,0.0,-0.8660254037844386,0.5000000000000001,-0.9856129740972022,-1.1731446939116332,-0.7030894690818731,-1.0992948748235933,-1.0752012122964671,0.663747223037126,-0.22888618729874646,-1.2647205579438707,0.6664451087488514,0.38566739363025804
24,2,1,16,0,0,5,5,1.000230409,0.9995822890559732,7.780303087908306,0,0,0.200230409,4.736198448394496,7.256297239690681,8.830689198760998,3.1144038032714896,4.04305126783455,0.8,0,0,0,1,0,0,0,2.5310834813499112,268740,34.36726372771226,29.337581754715753,19.148693141497397,-0.8660254037844386,0.5000000000000001,1.3812463381577667,0.938411415073883,0.5737323286730242,0.8276687580304326,0.9067224814303124,0.663747223037126,-0.22888618729874646,-1.2647205579438707,0.6664451087488514,0.38566739363025804
24,3,0,5,0,0,5,5,0.4925,0.4925062656641604,-0.029977182011502262,1,1,-0.30750000000000005,0.0,0.0,6.8679744089702925,1.3711807233098425,2.0794415416798357,0.8,0,0,1,0,1,0,0,2.030456852791878,243870,0.0,0.0,0.0,-0.8660254037844386,0.5000000000000001,-0.9856129740972022,-1.1731446939116332,-0.8667014757335281,-1.0992948748235933,-1.329301807783477,0.663747223037126,-0.22888618729874646,-1.2647205579438707,0.6664451087488514,0.38566739363025804
24,3,1,17,0,0,5,5,0.950185965,0.9498098697911446,2.9404434295203643,0,0,0.15018596499999992,4.61512051684126,7.160845906664299,8.830689198760998,3.1144038032714896,4.04305126783455,0.8,0,0,0,1,0,0,0,2.5310834813499112,250710,33.04816686178516,28.951667121706944,18.6591688568243,-0.8660254037844386,0.5000000000000001,1.3207390699493387,0.9106354242751299,0.5737323286730242,0.8276687580304326,0.9067224814303124,0.663747223037126,-0.22888618729874646,-1.2647205579438707,0.6664451087488514,0.38566739363025804
24,4,0,6,0,0,5,5,0.989,0.9885914786967419,4.461920622353098,0,0,0.18899999999999995,0.0,0.0,7.0909098220799835,1.4586150226995167,2.302585092994046,0.8,0,0,1,0,1,0,0,2.3255813953488373,314820,0.0,0.0,0.0,-0.8660254037844386,0.5000000000000001,-0.9856129740972022,-1.1731446939116332,-0.7030894690818731,-1.0026447575066062,-1.0752012122964671,0.663747223037126,-0.22888618729874646,-1.2647205579438707,0.6664451087488514,0.38566739363025804
24,4,1,18,0,0,5,5,0.9008,0.9004651629072682,2.2024037730579997,0,0,0.1008,4.48863636973214,7.275864600546533,8.839421607620602,3.1144038032714896,4.051784947803305,0.8,0,0,0,1,0,0,0,2.5532859680284195,321720,32.65871046725977,29.480238670749348,18.186989279043154,-0.8660254037844386,0.5000000000000001,1.2575301092818796,0.9441054459255823,0.5801410320570825,0.8276687580304326,0.9166677981010531,0.663747223037126,-0.22888618729874646,-1.2647205579438707,0.6664451087488514,0.38566739363025804
24,5,1,19,0,0,5,5,0.800473729,0.8002227066700084,1.3876868595048812,0,0,0.150473729,4.406719247264253,6.923628628138427,8.865170419651774,3.0344721018699214,4.07753744390572,0.65,0,0,0,1,0,0,0,2.837902837902838,263100,30.510487536527407,28.23135497893203,17.968562735500022,-0.8660254037844386,0.5000000000000001,1.2165929935214597,0.841606058872566,0.5990380513621463,0.7393120333613457,0.9459929771454892,-0.7986763836723731,-0.22888618729874646,-1.2647205579438707,0.6664451087488514,0.38566739363025804
24,6,0,8,0,0,5,5,0.899,0.8986666666666666,2.1824967706259755,0,0,0.399,0.0,0.0,7.0909098220799835,1.0647107369924282,2.302585092994046,0.5,0,0,1,0,1,0,0,3.4482758620689657,152355,0.0,0.0,0.0,-0.8660254037844386,0.5000000000000001,-0.9856129740972022,-1.1731446939116332,-0.7030894690818731,-1.4380676486489155,-1.0752012122964671,-2.2610999903818723,-0.22888618729874646,-1.2647205579438707,0.6664451087488514,0.38566739363025804
24,6,1,20,0,0,5,5,0.500117677,0.5001175786900585,0.0004703147689031588,0,1,0.00011767699999998271,3.1780538303479458,6.576469569048224,8.284251797621916,2.933324813425374,3.4965075614664802,0.5,0,0,0,0,0,0,0,1.7562533262373603,156315,20.90037430408041,22.99467557593132,11.112089248559103,-0.8660254037844386,0.5000000000000001,0.6025819432328481,0.7405840351326963,0.1727026382223141,0.6275035398673704,0.28435593563553735,-2.2610999903818723,-0.22888618729874646,-1.2647205579438707,0.6664451087488514,0.38566739363025804
24,7,1,21,0,0,5,5,0.48792,0.4879300918964077,-0.048289013703071156,1,1,-0.16208,0.0,6.7226297948554485,8.79497643168877,3.1587011018321305,4.007333185232471,0.65,0,0,0,0,1,0,0,2.336448598130841,247050,0.0,26.9398174689568,0.0,-0.8660254037844386,0.5000000000000001,-0.9856129740972022,0.7831161293261122,0.547522775860096,0.8766351148560375,0.8660491749180281,-0.7986763836723731,-0.22888618729874646,-1.2647205579438707,0.6664451087488514,0.38566739363025804
24,8,0,10,0,0,5,5,0.877552083,0.8772366677259817,1.9665184425363817,0,0,0.22755208299999996,0.0,0.0,6.8679744089702925,1.423108334242607,2.0794415416798357,0.65,0,0,1,0,1,0,0,1.9277108433734937,222420,0.0,0.0,0.0,-0.8660254037844386,0.5000000000000001,-0.9856129740972022,-1.1731446939116332,-0.8667014757335281,-1.0418939495153812,-1.329301807783477,-0.7986763836723731,-0.22888618729874646,-1.2647205579438707,0.6664451087488514,0.38566739363025804
24,9,1,23,0,0,5,5,0.850170115,0.8498775752213867,1.7336411835545447,0,0,0.150170115,3.9889840465642745,7.065613363597717,8.848078421168667,3.3714252233284854,4.060443010546419,0.7,0,0,0,0,0,0,0,1.9917582417582418,249900,28.184618986582638,28.689520397443726,16.19704239105308,-0.8660254037844386,0.5000000000000001,1.0078347540586252,0.8829231005590413,0.5864942561413656,1.1117809494117135,0.9265270070534614,-0.3112018481025408,-0.22888618729874646,-1.2647205579438707,0.6664451087488514,0.38566739363025804
24,10,0,1,0,0,5,5,0.85695,0.8566517961570593,1.7877548681194477,0,0,0.056949999999999945,0.0,0.0,7.0909098220799835,1.3711807233098425,2.302585092994046,0.8,0,0,1,0,1,0,0,2.5380710659898478,265470,0.0,0.0,0.0,-0.8660254037844386,0.5000000000000001,-0.9856129740972022,-1.1731446939116332,-0.7030894690818731,-1.0992948748235933,-1.0752012122964671,0.663747223037126,-0.22888618729874646,-1.2647205579438707,0.6664451087488514,0.38566739363025804
24,10,1,13,0,0,5,5,0.900129762,0.8997954848387636,2.19495424930865,0,0,0.10012976200000001,4.48863636973214,6.9930151229329605,8.812992231969966,3.1144038032714896,4.02535169073515,0.8,0,0,0,1,0,0,0,2.4866785079928952,272190,31.389102014883758,28.149345248434663,18.068339999996553,-0.8660254037844386,0.5000000000000001,1.2575301092818796,0.8617972765314961,0.5607445480062361,0.8276687580304326,0.8865674150869745,0.663747223037126,-0.22888618729874646,-1.2647205579438707,0.6664451087488514,0.38566739363025804
24,11,0,2,0,0,5,5,0.864583333,0.8642787521035923,1.8512922120070192,0,0,0.26458333300000003,0.0,0.0,6.8679744089702925,1.0647107369924282,2.0794415416798357,0.6,0,0,1,0,1,0,0,2.7586206896551726,263280,0.0,0.0,0.0,-0.8660254037844386,0.5000000000000001,-0.9856129740972022,-1.1731446939116332,-0.8667014757335281,-1.4380676486489155,-1.329301807783477,-1.2861509192422065,-0.22888618729874646,-1.2647205579438707,0.6664451087488514,0.38566739363025804
24,11,1,14,0,0,5,5,0.60059761,0.6005135685547202,0.40760543590516607,0,1,0.0005976100000000262,3.8501476017100584,7.379008127628304,8.371242135931933,3.0007198150650303,3.9318256327243257,0.6,0,0,0,0,0,0,0,2.5373134328358207,267600,28.410270445587145,29.0129733002901,15.138109030175695,-0.8660254037844386,0.5000000000000001,0.9384528782854576,0.9741198372215364,0.2365447331666702,0.702002161810015,0.7800663448380777,-1.2861509192422065,-0.22888618729874646,-1.2647205579438707,0.6664451087488514,0.38566739363025804
24,12,0,3,0,0,5,5,0.634666667,0.634554163518797,0.5518045696002807,1,1,-0.11533333300000004,0.0,0.0,6.985641817639208,1.4060969884160703,2.1972245773362196,0.75,0,0,1,0,1,0,0,2.2058823529411766,154935,0.0,0.0,0.0,-0.8660254037844386,0.5000000000000001,-0.9856129740972022,-1.1731446939116332,-0.7803455191751631,-1.0606983384260422,-1.1951785524965162,0.1762726874672926,-0.22888618729874646,-1.2647205579438707,0.6664451087488514,0.38566739363025804
24,12,1,15,0,0,5,5,0.750646667,0.7504372712882207,1.1009457637457079,0,0,0.0006466670000000452,3.828641396489095,7.270312886079025,8.343077871169383,2.725235025856311,3.5553480614894135,0.75,0,0,0,0,0,0,0,2.293577981651376,159135,27.83542088107026,25.848492825942564,13.612152767145625,-0.8660254037844386,0.5000000000000001,0.9277054058868384,0.9424899172045305,0.21587501627695377,0.39748051090269754,0.3513594676960609,0.1762726874672926,-0.22888618729874646,-1.2647205579438707,0.6664451087488514,0.38566739363025804
25,1,0,0,0,0,0,5,0.971866667,0.9714724592581454,3.5279429572500653,0,0,0.22186666700000002,0.0,0.0,7.496097345175956,1.3711807233098425,2.70805020110221,0.75,0,0,1,0,1,0,0,3.8071065989847717,273630,0.0,0.0,0.0,0.0,1.0,-0.9856129740972022,-1.1731446939116332,-0.40572287846610844,-1.0992948748235933,-0.6134853132140259,0.1762726874672926,-0.22888618729874646,-0.028538824941726406,1.3678317129691895,0.4705348441537079
25,1,1,12,0,0,0,5,0.850362069,0.8500693688588137,1.7351452285062192,0,0,0.100362069,4.406719247264253,7.315218389752975,8.848078421168667,3.1328821117012247,4.060443010546419,0.75,0,0,0,1,0,0,0,2.528334786399302,280590,32.23611367606585,29.703027381293097,17.893232366994514,0.0,1.0,1.2165929935214597,0.9555572554733032,0.5864942561413656,0.8480947314758638,0.9265270070534614,0.1762726874672926,-0.22888618729874646,-0.028538824941726406,1.3678317129691895,0.4705348441537079
25,2,0,4,0,0,0,5,0.971866667,0.9714724592581454,3.5279429572500653,0,0,0.17186666699999997,0.0,0.0,7.0909098220799835,1.3711807233098425,2.302585092994046,0.8,0,0,1,0,1,0,0,2.5380710659898478,269940,0.0,0.0,0.0,0.0,1.0,-0.9856129740972022,-1.1731446939116332,-0.7030894690818731,-1.0992948748235933,-1.0752012122964671,0.663747223037126,-0.22888618729874646,-0.028538824941726406,1.3678317129691895,0.4705348441537079
25,2,1,16,0,0,0,5,1.000230409,0.9995822890559732,7.780303087908306,0,0,0.200230409,4.736198448394496,7.242797922793756,8.830689198760998,3.1144038032714896,4.04305126783455,0.8,0,0,0,1,0,0,0,2.5310834813499112,276780,34.303328283970664,29.28300332442074,19.148693141497397,0.0,1.0,1.3812463381577667,0.9344831629475895,0.5737323286730242,0.8276687580304326,0.9067224814303124,0.663747223037126,-0.22888618729874646,-0.028538824941726406,1.3678317129691895,0.4705348441537079
25,3,0,5,0,0,0,5,0.971866667,0.9714724592581454,3.5279429572500653,0,0,0.17186666699999997,0.0,0.0,6.8679744089702925,1.3711807233098425,2.0794415416798357,0.8,0,0,1,0,1,0,0,2.030456852791878,251670,0.0,0.0,0.0,0.0,1.0,-0.9856129740972022,-1.1731446939116332,-0.8667014757335281,-1.0992948748235933,-1.329301807783477,0.663747223037126,-0.22888618729874646,-0.028538824941726406,1.3678317129691895,0.4705348441537079
25,3,1,17,0,0,0,5,1.000457471,0.9995822890559732,7.780303087908306,0,0,0.200457471,4.736198448394496,7.036148493750536,8.848078421168667,3.1144038032714896,4.060443010546419,0.8,0,0,0,1,0,0,0,2.575488454706927,258630,33.324595578774556,28.56987997261608,19.231063886344224,0.0,1.0,1.3812463381577667,0.8743489305834837,0.5864942561413656,0.8276687580304326,0.9265270070534614,0.663747223037126,-0.22888618729874646,-0.028538824941726406,1.3678317129691895,0.4705348441537079
25,4,0,6,0,0,0,5,0.971866667,0.9714724592581454,3.5279429572500653,0,0,0.17186666699999997,0.0,0.0,7.0909098220799835,1.3711807233098425,2.302585092994046,0.8,0,0,1,0,1,0,0,2.5380710659898478,322920,0.0,0.0,0.0,0.0,1.0,-0.9856129740972022,-1.1731446939116332,-0.7030894690818731,-1.0992948748235933,-1.0752012122964671,0.663747223037126,-0.22888618729874646,-0.028538824941726406,1.3678317129691895,0.4705348441537079
25,4,1,18,0,0,0,5,0.900537069,0.9002024515655805,2.199476065981367,0,0,0.10053706899999992,4.48863636973214,7.267525427828172,8.804024902413179,3.1144038032714896,4.051784947803305,0.8,0,0,0,1,0,0,0,2.5532859680284195,329580,32.621278953302664,29.44645013625196,18.186989279043154,0.0,1.0,1.2575301092818796,0.9416787769902162,0.5541634366312982,0.8276687580304326,0.9166677981010531,0.663747223037126,-0.22888618729874646,-0.028538824941726406,1.3678317129691895,0.4705348441537079
25,5,0,7,0,0,0,5,0.971866667,0.9714724592581454,3.5279429572500653,0,0,0.27186666700000006,0.0,0.0,5.484796933490655,1.3711807233098425,0.6931471805599453,0.7,0,0,1,0,1,0,0,0.5076142131979695,263340,0.0,0.0,0.0,0.0,1.0,-0.9856129740972022,-1.1731446939116332,-1.8818136069194566,-1.0992948748235933,-2.9079188935393216,-0.3112018481025408,-0.22888618729874646,-0.028538824941726406,1.3678317129691895,0.4705348441537079
25,5,1,19,0,0,0,5,0.656763743,0.6566327791378446,0.6483244371333269,1,1,-0.043236257,4.04305126783455,5.645446897643238,8.679482094459956,3.9296664406007413,4.07753744390572,0.7,0,0,0,0,0,0,1,1.1593633326783257,269220,22.82483123700912,23.019521112721684,16.48569293222587,0.0,1.0,1.0348542101784763,0.46965982344852675,0.4627616335753051,1.7288623410070258,0.9459929771454892,-0.3112018481025408,-0.22888618729874646,-0.028538824941726406,1.3678317129691895,0.4705348441537079
25,6,0,8,0,0,0,5,0.971866667,0.9714724592581454,3.5279429572500653,0,0,0.37186666700000004,0.0,0.0,7.0909098220799835,1.3711807233098425,2.302585092994046,0.6,0,0,1,0,1,0,0,2.5380710659898478,157515,0.0,0.0,0.0,0.0,1.0,-0.9856129740972022,-1.1731446939116332,-0.7030894690818731,-1.0992948748235933,-1.0752012122964671,-1.2861509192422065,-0.22888618729874646,-0.028538824941726406,1.3678317129691895,0.4705348441537079
25,6,1,20,0,0,0,5,0.600710606,0.6006264701553885,0.40807608344607404,0,1,0.000710606000000058,3.1780538303479458,6.684611727667927,8.284251797621916,2.933324813425374,3.4965075614664802,0.6,0,0,0,0,0,0,0,1.7562533262373603,161475,21.244055905503856,23.37279545125842,11.112089248559103,0.0,1.0,0.6025819432328481,0.7720530100284999,0.1727026382223141,0.6275035398673704,0.28435593563553735,-1.2861509192422065,-0.22888618729874646,-0.028538824941726406,1.3678317129691895,0.4705348441537079
25,7,0,9,0,0,0,5,0.971866667,0.9714724592581454,3.5279429572500653,0,0,0.27186666700000006,0.0,0.0,7.0909098220799835,1.3711807233098425,2.302585092994046,0.7,0,0,1,0,1,0,0,2.5380710659898478,248250,0.0,0.0,0.0,0.0,1.0,-0.9856129740972022,-1.1731446939116332,-0.7030894690818731,-1.0992948748235933,-1.0752012122964671,-0.3112018481025408,-0.22888618729874646,-0.028538824941726406,1.3678317129691895,0.4705348441537079
25,7,1,21,0,0,0,5,0.388830357,0.3889232305530493,-0.4518406234760227,1,1,-0.31116964299999994,0.0,7.01211529430638,8.812992231969966,3.1587011018321305,4.02535169073515,0.7,0,0,0,0,1,0,0,2.3789294817332203,254970,0.0,28.226230155565986,0.0,0.0,1.0,-0.9856129740972022,0.8673553569427573,0.5607445480062361,0.8766351148560375,0.8865674150869745,-0.3112018481025408,-0.22888618729874646,-0.028538824941726406,1.3678317129691895,0.4705348441537079
25,8,0,10,0,0,0,5,0.971866667,0.9714724592581454,3.5279429572500653,0,0,0.321866667,0.0,0.0,6.8679744089702925,1.3711807233098425,2.0794415416798357,0.65,0,0,1,0,1,0,0,2.030456852791878,223380,0.0,0.0,0.0,0.0,1.0,-0.9856129740972022,-1.1731446939116332,-0.8667014757335281,-1.0992948748235933,-1.329301807783477,-0.7986763836723731,-0.22888618729874646,-0.028538824941726406,1.3678317129691895,0.4705348441537079
25,8,1,22,0,0,0,5,0.286984568,0.28716252575438594,-0.9092051007669468,1,1,-0.213015432,0.0,7.0431599159883405,8.776630098427717,3.1587011018321305,3.9889840465642745,0.5,0,0,0,0,1,0,0,2.2939677145284625,229860,0.0,28.095052542278466,0.0,0.0,1.0,-0.9856129740972022,0.8763892289574162,0.5340584259944958,0.8766351148560375,0.8451544323417699,-2.2610999903818723,-0.22888618729874646,-0.028538824941726406,1.3678317129691895,0.4705348441537079
25,9,0,11,0,0,0,5,0.971866667,0.9714724592581454,3.5279429572500653,0,0,0.22186666700000002,0.0,0.0,5.484796933490655,1.3711807233098425,0.6931471805599453,0.75,0,0,1,0,1,0,0,0.5076142131979695,250140,0.0,0.0,0.0,0.0,1.0,-0.9856129740972022,-1.1731446939116332,-1.8818136069194566,-1.0992948748235933,-2.9079188935393216,0.1762726874672926,-0.22888618729874646,-0.028538824941726406,1.3678317129691895,0.4705348441537079
25,9,1,23,0,0,0,5,0.850610526,0.8503176182923977,1.737094354431423,0,0,0.10061052599999998,4.406719247264253,6.9874902470009905,8.830689198760998,3.3714252233284854,4.04305126783455,0.75,0,0,0,1,0,0,0,1.9574175824175823,256980,30.791907761530517,28.25078130211891,17.816591839642655,0.0,1.0,1.2165929935214597,0.8601895577266866,0.5737323286730242,1.1117809494117135,0.9067224814303124,0.1762726874672926,-0.22888618729874646,-0.028538824941726406,1.3678317129691895,0.4705348441537079
25,10,0,1,0,0,0,5,0.971866667,0.9714724592581454,3.5279429572500653,0,0,0.17186666699999997,0.0,0.0,7.0909098220799835,1.3711807233098425,2.302585092994046,0.8,0,0,1,0,1,0,0,2.5380710659898478,273390,0.0,0.0,0.0,0.0,1.0,-0.9856129740972022,-1.1731446939116332,-0.7030894690818731,-1.0992948748235933,-1.0752012122964671,0.663747223037126,-0.22888618729874646,-0.028538824941726406,1.3678317129691895,0.4705348441537079
25,10,1,13,0,0,0,5,0.920236905,0.9198858298913951,2.4407968207437056,0,0,0.12023690499999995,4.543294782270004,7.018401799069201,8.812992231969966,3.1144038032714896,4.02535169073515,0.8,0,0,0,1,0,0,0,2.4866785079928952,280110,31.88666827358551,28.251535548141824,18.288359333318745,0.0,1.0,1.2848450062647483,0.8691847069676562,0.5607445480062361,0.8276687580304326,0.8865674150869745,0.663747223037126,-0.22888618729874646,-0.028538824941726406,1.3678317129691895,0.4705348441537079
25,11,0,2,0,0,0,5,0.971866667,0.9714724592581454,3.5279429572500653,0,0,0.321866667,0.0,0.0,6.398594934535208,1.3711807233098425,1.6094379124341003,0.65,0,0,1,0,1,0,0,1.2690355329949239,268200,0.0,0.0,0.0,0.0,1.0,-0.9856129740972022,-1.1731446939116332,-1.2111784550622335,-1.0992948748235933,-1.8645097551743899,-0.7986763836723731,-0.22888618729874646,-0.028538824941726406,1.3678317129691895,0.4705348441537079
25,11,1,14,0,0,0,5,0.650148148,0.6500227109507101,0.6191390382559534,0,1,0.0001481479999999591,3.912023005428146,7.257002707092073,8.776630098427717,3.0007198150650303,3.9889840465642745,0.65,0,0,0,0,0,0,0,2.6865671641791042,274680,28.38956154059852,28.948068024464032,15.604997358445301,0.0,1.0,0.9693743814879545,0.9386167035222327,0.5340584259944958,0.702002161810015,0.8451544323417699,-0.7986763836723731,-0.22888618729874646,-0.028538824941726406,1.3678317129691895,0.4705348441537079
25,12,0,3,0,0,0,5,0.971866667,0.9714724592581454,3.5279429572500653,0,0,0.22186666700000002,0.0,0.0,6.985641817639208,1.4060969884160703,2.1972245773362196,0.75,0,0,1,0,1,0,0,2.2058823529411766,160215,0.0,0.0,0.0,0.0,1.0,-0.9856129740972022,-1.1731446939116332,-0.7803455191751631,-1.0606983384260422,-1.1951785524965162,0.1762726874672926,-0.22888618729874646,-0.028538824941726406,1.3678317129691895,0.4705348441537079
25,12,1,15,0,0,0,5,0.750646667,0.7504372712882207,1.1009457637457079,0,0,0.0006466670000000452,3.828641396489095,7.098375638590786,8.343077871169383,2.725235025856311,3.5553480614894135,0.75,0,0,0,0,0,0,0,2.293577981651376,164415,27.177134817738402,25.23719606638743,13.612152767145625,0.0,1.0,0.9277054058868384,0.8924568034409299,0.21587501627695377,0.39748051090269754,0.3513594676960609,0.1762726874672926,-0.22888618729874646,-0.028538824941726406,1.3678317129691895,0.4705348441537079
26,1,0,0,0,1,1,5,0.950438596,0.9500622897376776,2.945751116562799,0,0,0.20043859600000002,0.0,0.0,7.732369222284388,1.3711807233098425,2.9444389791664403,0.75,0,0,1,0,1,0,0,4.822335025380711,282870,0.0,0.0,0.0,0.8660254037844386,0.5000000000000001,-0.9856129740972022,-1.1731446939116332,-0.2323232584154199,-1.0992948748235933,-0.34430196053005174,0.1762726874672926,-0.22888618729874646,1.207642908060418,0.6664451087488514,0.5554022946771577
26,1,1,12,0,1,1,5,1.000402055,0.9995822890559732,7.780303087908306,0,0,0.20040205499999986,4.736198448394496,7.367077059881012,8.026496938945412,3.1328821117012247,4.069026754237811,0.8,0,0,0,1,0,0,0,2.5501307759372276,285930,34.89193894021113,29.97683365718747,19.27171819989681,0.8660254037844386,0.5000000000000001,1.3812463381577667,0.9706479398947961,-0.0164633137636399,0.8480947314758638,0.9363015865590966,0.663747223037126,-0.22888618729874646,1.207642908060418,0.6664451087488514,0.5554022946771577
26,2,0,4,0,1,1,5,0.912766667,0.9124218326917293,2.3435706837455608,0,0,0.11276666699999993,0.0,0.0,7.0909098220799835,1.3711807233098425,2.302585092994046,0.8,0,0,1,0,1,0,0,2.5380710659898478,277980,0.0,0.0,0.0,0.8660254037844386,0.5000000000000001,-0.9856129740972022,-1.1731446939116332,-0.7030894690818731,-1.0992948748235933,-1.0752012122964671,0.663747223037126,-0.22888618729874646,1.207642908060418,0.6664451087488514,0.5554022946771577
26,2,1,16,0,1,1,5,1.000671304,0.9995822890559732,7.780303087908306,0,0,0.20067130399999988,4.736198448394496,7.242082359256962,8.839421607620602,3.1144038032714896,4.051784947803305,0.8,0,0,0,1,0,0,0,2.5532859680284195,284880,34.29993923305797,29.343360293989203,19.190057583014184,0.8660254037844386,0.5000000000000001,1.3812463381577667,0.9342749365605529,0.5801410320570825,0.8276687580304326,0.9166677981010531,0.663747223037126,-0.22888618729874646,1.207642908060418,0.6664451087488514,0.5554022946771577
26,3,1,17,0,1,1,5,0.950185965,0.9498098697911446,2.9404434295203643,0,0,0.15018596499999992,4.61512051684126,7.025538314638521,8.830689198760998,3.1144038032714896,4.04305126783455,0.8,0,0,0,1,0,0,0,2.5310834813499112,265470,32.4237060177426,28.40461159021948,18.6591688568243,0.8660254037844386,0.5000000000000001,1.3207390699493387,0.8712614070461537,0.5737323286730242,0.8276687580304326,0.9067224814303124,0.663747223037126,-0.22888618729874646,1.207642908060418,0.6664451087488514,0.5554022946771577
26,4,0,6,0,1,1,5,0.845069444,0.844781165433584,1.6942416608705457,0,0,0.0450694439999999,0.0,0.0,7.273092595999522,1.4586150226995167,2.4849066497880004,0.8,0,0,1,0,1,0,0,2.7906976744186047,331020,0.0,0.0,0.0,0.8660254037844386,0.5000000000000001,-0.9856129740972022,-1.1731446939116332,-0.5693857707660099,-1.0026447575066062,-0.8675859087010354,0.663747223037126,-0.22888618729874646,1.207642908060418,0.6664451087488514,0.5554022946771577
26,4,1,18,0,1,1,5,0.85011396,0.8498214671345029,1.7332014833075202,0,0,0.0501139599999999,4.110873864173311,7.29505641646263,8.85666093701725,3.1144038032714896,4.069026754237811,0.8,0,0,0,0,0,0,0,2.5976909413854354,338040,29.989056760106042,29.683779732260653,16.727255736618176,0.8660254037844386,0.5000000000000001,1.0687477527474374,0.9496901945654945,0.5927929532416565,0.8276687580304326,0.9363015865590966,0.663747223037126,-0.22888618729874646,1.207642908060418,0.6664451087488514,0.5554022946771577
26,6,0,8,0,1,1,5,0.314166667,0.31432191623391814,-0.7799905802647167,1,1,-0.28583333299999997,0.0,0.0,7.0909098220799835,1.0647107369924282,2.302585092994046,0.6,0,0,1,0,1,0,0,3.4482758620689657,162675,0.0,0.0,0.0,0.8660254037844386,0.5000000000000001,-0.9856129740972022,-1.1731446939116332,-0.7030894690818731,-1.4380676486489155,-1.0752012122964671,-1.2861509192422065,-0.22888618729874646,1.207642908060418,0.6664451087488514,0.5554022946771577
26,6,1,20,0,1,1,5,0.651007071,0.6508809163876358,0.6229136235489227,0,1,0.0010070709999999705,3.295836866004329,6.782192056006791,8.284251797621916,2.933324813425374,3.4965075614664802,0.65,0,0,0,0,0,0,0,1.7562533262373603,166635,22.35299861050888,23.71398580714564,11.523918523344124,0.8660254037844386,0.5000000000000001,0.6614426260793346,0.800448530721024,0.1727026382223141,0.6275035398673704,0.28435593563553735,-0.7986763836723731,-0.22888618729874646,1.207642908060418,0.6664451087488514,0.5554022946771577
26,7,0,9,0,1,1,5,0.892194444,0.8918667961771095,2.109952953908622,0,0,0.19219444400000008,0.0,0.0,7.6783263565068856,1.3711807233098425,2.8903717578961645,0.7,0,0,1,0,1,0,0,4.568527918781726,257130,0.0,0.0,0.0,0.8660254037844386,0.5000000000000001,-0.9856129740972022,-1.1731446939116332,-0.2719852465748004,-1.0992948748235933,-0.40587000961859426,-0.3112018481025408,-0.22888618729874646,1.207642908060418,0.6664451087488514,0.5554022946771577
26,7,1,21,0,1,1,5,0.411553571,0.41162746108270676,-0.35724159724301324,1,1,-0.28844642899999995,0.0,7.244941546337007,8.812992231969966,3.1888289035159043,4.02535169073515,0.7,0,0,0,0,1,0,0,2.308326463314097,263850,0.0,29.163437702825,0.0,0.8660254037844386,0.5000000000000001,-0.9856129740972022,0.9351069496033177,0.5607445480062361,0.9099384704906748,0.8865674150869745,-0.3112018481025408,-0.22888618729874646,1.207642908060418,0.6664451087488514,0.5554022946771577
26,8,0,10,0,1,1,5,1.0115625,0.9995822890559732,7.780303087908306,0,0,0.3615624999999999,0.0,0.0,6.8679744089702925,1.423108334242607,2.0794415416798357,0.65,0,0,1,0,1,0,0,1.9277108433734937,230820,0.0,0.0,0.0,0.8660254037844386,0.5000000000000001,-0.9856129740972022,-1.1731446939116332,-0.8667014757335281,-1.0418939495153812,-1.329301807783477,-0.7986763836723731,-0.22888618729874646,1.207642908060418,0.6664451087488514,0.5554022946771577
26,8,1,22,0,1,1,5,0.466821212,0.4668489302857143,-0.13279910128357986,1,1,-0.133178788,0.0,7.087573705557973,8.79497643168877,3.1888289035159043,4.007333185232471,0.6,0,0,0,0,1,0,0,2.2671063478977738,237420,0.0,28.40226931306354,0.0,0.8660254037844386,0.5000000000000001,-0.9856129740972022,0.8893134802099673,0.547522775860096,0.9099384704906748,0.8660491749180281,-1.2861509192422065,-0.22888618729874646,1.207642908060418,0.6664451087488514,0.5554022946771577
26,9,1,23,0,1,1,5,0.750593103,0.7503837520367586,1.100660014671362,0,0,0.0005931030000000392,3.828641396489095,7.1569563646156364,8.848078421168667,3.3714252233284854,4.060443010546419,0.75,0,0,0,0,0,0,0,1.9917582417582418,263940,27.401419410433526,29.06041344748927,15.545980198262827,0.8660254037844386,0.5000000000000001,0.9277054058868384,0.909503581683417,0.5864942561413656,1.1117809494117135,0.9265270070534614,0.1762726874672926,-0.22888618729874646,1.207642908060418,0.6664451087488514,0.5554022946771577
26,10,0,1,0,1,1,5,0.8865,0.8861771094402673,2.052273179677888,0,0,0.08649999999999991,0.0,0.0,7.0909098220799835,1.3711807233098425,2.302585092994046,0.8,0,0,1,0,1,0,0,2.5380710659898478,281310,0.0,0.0,0.0,0.8660254037844386,0.5000000000000001,-0.9856129740972022,-1.1731446939116332,-0.7030894690818731,-1.0992948748235933,-1.0752012122964671,0.663747223037126,-0.22888618729874646,1.207642908060418,0.6664451087488514,0.5554022946771577
26,10,1,13,0,1,1,5,0.850532143,0.8502393007752715,1.7364791584990642,0,0,0.050532142999999974,4.330733340286331,7.1569563646156364,8.812992231969966,3.1144038032714896,4.02535169073515,0.8,0,0,0,1,0,0,0,2.4866785079928952,288030,30.99486954321539,28.80926640282324,17.432724773444665,0.8660254037844386,0.5000000000000001,1.178619932744878,0.909503581683417,0.5607445480062361,0.8276687580304326,0.8865674150869745,0.663747223037126,-0.22888618729874646,1.207642908060418,0.6664451087488514,0.5554022946771577
26,11,1,14,0,1,1,5,0.700508929,0.7003414194519632,0.848924196481358,0,0,0.0005089289999999913,4.330733340286331,7.084226422097916,8.71948076085107,3.0007198150650303,3.9889840465642745,0.7,0,0,0,1,0,0,0,2.6865671641791042,280800,30.67989555631679,28.258866179997696,17.275226204326184,0.8660254037844386,0.5000000000000001,1.178619932744878,0.8883394328955975,0.49211660226491494,0.702002161810015,0.8451544323417699,-0.3112018481025408,-0.22888618729874646,1.207642908060418,0.6664451087488514,0.5554022946771577
26,12,0,3,0,1,1,5,0.702666667,0.7024973548304094,0.8592185195623349,1,0,-0.04733333299999998,0.0,0.0,6.985641817639208,1.4060969884160703,2.1972245773362196,0.75,0,0,1,0,1,0,0,2.2058823529411766,165495,0.0,0.0,0.0,0.8660254037844386,0.5000000000000001,-0.9856129740972022,-1.1731446939116332,-0.7803455191751631,-1.0606983384260422,-1.1951785524965162,0.1762726874672926,-0.22888618729874646,1.207642908060418,0.6664451087488514,0.5554022946771577
26,12,1,15,0,1,1,5,0.750450658,0.7502414260384295,1.0999003089999395,0,0,0.0004506579999999927,3.828641396489095,7.152268856032539,7.273092595999522,2.725235025856311,3.5553480614894135,0.75,0,0,0,0,0,0,0,2.293577981651376,166935,27.383472621025884,25.428805212546393,13.612152767145625,0.8660254037844386,0.5000000000000001,0.9277054058868384,0.9081395337320155,-0.5693857707660099,0.39748051090269754,0.3513594676960609,0.1762726874672926,-0.22888618729874646,1.207642908060418,0.6664451087488514,0.5554022946771577
27,1,0,0,0,1,2,5,0.504596491,0.5045926509908104,0.018371120630622205,1,1,-0.24540350899999996,0.0,0.0,7.732369222284388,1.3711807233098425,2.9444389791664403,0.75,0,0,1,0,1,0,0,4.822335025380711,288210,0.0,0.0,0.0,0.8660254037844387,-0.4999999999999998,-0.9856129740972022,-1.1731446939116332,-0.2323232584154199,-1.0992948748235933,-0.34430196053005174,0.1762726874672926,-0.22888618729874646,1.207642908060418,-0.7363280996918251,0.6402697452006076
27,1,1,12,0,1,2,5,1.000602279,0.9995822890559732,7.780303087908306,0,0,0.20060227899999994,4.736198448394496,9.734062477477194,8.85666093701725,3.1328821117012247,4.069026754237811,0.8,0,0,0,1,0,0,0,2.5501307759372276,295230,46.10245160240257,39.60816064827709,19.27171819989681,0.8660254037844387,-0.4999999999999998,1.3812463381577667,1.65943208879467,0.5927929532416565,0.8480947314758638,0.9363015865590966,0.663747223037126,-0.22888618729874646,1.207642908060418,-0.7363280996918251,0.6402697452006076
27,2,1,16,0,1,2,5,0.900158405,0.8998241039097744,2.1952717023928834,0,0,0.10015840499999995,4.48863636973214,9.970491781316602,8.85666093701725,3.1144038032714896,4.069026754237811,0.8,0,0,0,1,0,0,0,2.5976909413854354,291900,44.75391203373309,40.570197811085464,18.26438147848496,0.8660254037844387,-0.4999999999999998,1.2575301092818796,1.7282321564289689,0.5927929532416565,0.8276687580304326,0.9363015865590966,0.663747223037126,-0.22888618729874646,1.207642908060418,-0.7363280996918251,0.6402697452006076
27,3,1,17,0,1,2,5,0.90014152,0.899807233015873,2.1950845545873037,0,0,0.10014151999999998,4.2626798770413155,9.964911854523127,8.830689198760998,3.1144038032714896,4.04305126783455,0.8,0,0,0,1,0,0,0,2.5310834813499112,272310,42.47722923876619,40.288649507289264,17.234233281244716,0.8660254037844387,-0.4999999999999998,1.1446110171625363,1.7266084180236558,0.5737323286730242,0.8276687580304326,0.9067224814303124,0.663747223037126,-0.22888618729874646,1.207642908060418,-0.7363280996918251,0.6402697452006076
27,4,0,6,0,1,2,5,0.809236111,0.808977768384294,1.4433816191484772,0,0,0.009236110999999991,0.0,0.0,7.273092595999522,1.4586150226995167,2.4849066497880004,0.8,0,0,1,0,1,0,0,2.7906976744186047,339480,0.0,0.0,0.0,0.8660254037844387,-0.4999999999999998,-0.9856129740972022,-1.1731446939116332,-0.5693857707660099,-1.0026447575066062,-0.8675859087010354,0.663747223037126,-0.22888618729874646,1.207642908060418,-0.7363280996918251,0.6402697452006076
27,4,1,18,0,1,2,5,0.800393224,0.8001422689256474,1.387183779219849,0,0,0.0003932239999999698,3.9318256327243257,10.048583072153967,8.689632748355741,3.1144038032714896,4.034240638152395,0.8,0,0,0,0,0,0,0,2.5088809946714035,345420,39.50927649565472,40.538402185533776,15.86193074966573,0.8660254037844387,-0.4999999999999998,0.9792705109119583,1.7509564380810851,0.4702111851272547,0.8276687580304326,0.8966895396954262,0.663747223037126,-0.22888618729874646,1.207642908060418,-0.7363280996918251,0.6402697452006076
27,5,1,19,0,1,2,5,0.500801724,0.5008010542222223,0.0032042196303696336,0,1,0.0008017240000000037,0.0,6.733401891837359,8.848078421168667,3.40452517175483,4.060443010546419,0.5,0,0,0,0,1,0,0,1.9269102990033222,276180,0.0,27.34059464891104,0.0,0.8660254037844387,-0.4999999999999998,-0.9856129740972022,0.7862507703747619,0.5864942561413656,1.1483697243081041,0.9265270070534614,-2.2610999903818723,-0.22888618729874646,1.207642908060418,-0.7363280996918251,0.6402697452006076
27,6,0,8,0,1,2,5,0.280333333,0.2805168473416875,-0.941899325723635,1,1,-0.31966666699999996,0.0,0.0,7.0909098220799835,1.0647107369924282,2.302585092994046,0.6,0,0,1,0,1,0,0,3.4482758620689657,167835,0.0,0.0,0.0,0.8660254037844387,-0.4999999999999998,-0.9856129740972022,-1.1731446939116332,-0.7030894690818731,-1.4380676486489155,-1.0752012122964671,-1.2861509192422065,-0.22888618729874646,1.207642908060418,-0.7363280996918251,0.6402697452006076
27,6,1,20,0,1,2,5,0.700354545,0.700187164427736,0.8481892785228362,0,0,0.0003545450000000949,3.4339872044851463,8.001355025826703,8.284251797621916,2.933324813425374,3.4965075614664802,0.7,0,0,0,0,0,0,0,1.7562533262373603,171795,27.476550777231814,27.97679834978089,12.006962226461454,0.8660254037844387,-0.4999999999999998,0.7304816282848566,1.1552205214122289,0.1727026382223141,0.6275035398673704,0.28435593563553735,-0.3112018481025408,-0.22888618729874646,1.207642908060418,-0.7363280996918251,0.6402697452006076
27,7,1,21,0,1,2,5,0.295307738,0.29547874239599,-0.8689216084010484,1,1,-0.40469226199999997,0.0,7.900636613018005,8.812992231969966,3.1888289035159043,4.02535169073515,0.7,0,0,0,0,1,0,0,2.308326463314097,270570,0.0,31.80284094809605,0.0,0.8660254037844387,-0.4999999999999998,-0.9856129740972022,1.125911829550731,0.5607445480062361,0.9099384704906748,0.8865674150869745,-0.3112018481025408,-0.22888618729874646,1.207642908060418,-0.7363280996918251,0.6402697452006076
27,8,0,10,0,1,2,5,0.561979167,0.5619273882472848,0.24898796224561626,1,1,-0.08802083300000008,0.0,0.0,6.8679744089702925,1.423108334242607,2.0794415416798357,0.65,0,0,1,0,1,0,0,1.9277108433734937,238380,0.0,0.0,0.0,0.8660254037844387,-0.4999999999999998,-0.9856129740972022,-1.1731446939116332,-0.8667014757335281,-1.0418939495153812,-1.329301807783477,-0.7986763836723731,-0.22888618729874646,1.207642908060418,-0.7363280996918251,0.6402697452006076
27,8,1,22,0,1,2,5,0.260978788,0.2611784715522139,-1.0398524149619155,1,1,-0.389021212,0.0,7.269616749608169,8.79497643168877,3.1888289035159043,4.007333185232471,0.65,0,0,0,0,1,0,0,2.2671063478977738,244980,0.0,29.13177644462663,0.0,0.8660254037844387,-0.4999999999999998,-0.9856129740972022,0.9422873440230348,0.547522775860096,0.9099384704906748,0.8660491749180281,-0.7986763836723731,-0.22888618729874646,1.207642908060418,-0.7363280996918251,0.6402697452006076
27,9,0,11,0,1,2,5,0.994270833,0.9938579083274854,5.086428899647133,0,0,0.24427083299999997,0.0,0.0,6.8679744089702925,1.3711807233098425,2.0794415416798357,0.75,0,0,1,0,1,0,0,2.030456852791878,264900,0.0,0.0,0.0,0.8660254037844387,-0.4999999999999998,-0.9856129740972022,-1.1731446939116332,-0.8667014757335281,-1.0992948748235933,-1.329301807783477,0.1762726874672926,-0.22888618729874646,1.207642908060418,-0.7363280996918251,0.6402697452006076
27,9,1,23,0,1,2,5,0.799963218,0.7997126221620718,1.3844992164344994,0,0,0.04996321800000003,4.02535169073515,9.104201775914515,8.848078421168667,3.3714252233284854,4.060443010546419,0.75,0,0,0,0,0,0,0,1.9917582417582418,271860,36.64761401147145,36.96709246761639,16.34471113763675,0.8660254037844387,-0.4999999999999998,1.0260090552853378,1.476144915149166,0.5864942561413656,1.1117809494117135,0.9265270070534614,0.1762726874672926,-0.22888618729874646,1.207642908060418,-0.7363280996918251,0.6402697452006076
27,10,0,1,0,1,2,5,0.85695,0.8566517961570593,1.7877548681194477,0,0,0.056949999999999945,0.0,0.0,7.0909098220799835,1.3711807233098425,2.302585092994046,0.8,0,0,1,0,1,0,0,2.5380710659898478,289230,0.0,0.0,0.0,0.8660254037844387,-0.4999999999999998,-0.9856129740972022,-1.1731446939116332,-0.7030894690818731,-1.0992948748235933,-1.0752012122964671,0.663747223037126,-0.22888618729874646,1.207642908060418,-0.7363280996918251,0.6402697452006076
27,10,1,13,0,1,2,5,0.900129762,0.8997954848387636,2.19495424930865,0,0,0.10012976200000001,4.48863636973214,9.977713374888099,8.812992231969966,3.1144038032714896,4.02535169073515,0.8,0,0,0,1,0,0,0,2.4866785079928952,295950,44.78632714128553,40.16380540327653,18.068339999996553,0.8660254037844387,-0.4999999999999998,1.2575301092818796,1.7303336138967111,0.5607445480062361,0.8276687580304326,0.8865674150869745,0.663747223037126,-0.22888618729874646,1.207642908060418,-0.7363280996918251,0.6402697452006076
27,11,1,14,0,1,2,5,0.700398148,0.7002307310008353,0.8483968210391796,0,0,0.0003981480000000426,4.110873864173311,9.189423123720795,8.776630098427717,3.022860940942244,3.9889840465642745,0.7,0,0,0,0,0,0,0,2.627737226277372,287280,37.77655934613369,36.65646223765109,16.398210261625373,0.8660254037844387,-0.4999999999999998,1.0687477527474374,1.5009440174505488,0.5340584259944958,0.7264770238321334,0.8451544323417699,-0.3112018481025408,-0.22888618729874646,1.207642908060418,-0.7363280996918251,0.6402697452006076
27,12,0,3,0,1,2,5,0.740444444,0.7402435714486215,1.0472349039784783,1,0,-0.00955555600000002,0.0,0.0,6.985641817639208,1.4060969884160703,2.1972245773362196,0.75,0,0,1,0,1,0,0,2.2058823529411766,168015,0.0,0.0,0.0,0.8660254037844387,-0.4999999999999998,-0.9856129740972022,-1.1731446939116332,-0.7803455191751631,-1.0606983384260422,-1.1951785524965162,0.1762726874672926,-0.22888618729874646,1.207642908060418,-0.7363280996918251,0.6402697452006076
27,12,1,15,0,1,2,5,0.800401961,0.8001509986265665,1.387238369876064,0,0,0.00040196100000000623,4.1588830833596715,9.414260328322634,8.188966863648876,2.725235025856311,3.5553480614894135,0.8,0,0,0,0,0,0,0,2.293577981651376,171615,39.152808021805065,33.470972208658566,14.786276908383924,0.8660254037844387,-0.4999999999999998,1.0927397937785401,1.5663708263617666,0.10277315042340172,0.39748051090269754,0.3513594676960609,0.663747223037126,-0.22888618729874646,1.207642908060418,-0.7363280996918251,0.6402697452006076
28,1,0,0,0,1,3,5,0.99485,0.9944365914786968,5.185965373236429,0,0,0.19484999999999997,0.0,0.0,7.0909098220799835,1.3711807233098425,2.302585092994046,0.8,0,0,1,0,1,0,0,2.5380710659898478,296430,0.0,0.0,0.0,1.2246467991473532e-16,-1.0,-0.9856129740972022,-1.1731446939116332,-0.7030894690818731,-1.0992948748235933,-1.0752012122964671,0.663747223037126,-0.22888618729874646,-0.028538824941726233,-1.4377147039121636,0.7251371957240574
28,1,1,12,0,1,3,5,1.000018551,0.9995822890559732,7.780303087908306,0,0,0.20001855099999988,4.736198448394496,7.313886831633462,8.839421607620602,3.1144038032714896,4.051784947803305,0.8,0,0,0,1,0,0,0,2.5532859680284195,303330,34.64001946371533,29.634296574349264,19.190057583014184,1.2246467991473532e-16,-1.0,1.3812463381577667,0.95516977690278,0.5801410320570825,0.8276687580304326,0.9166677981010531,0.663747223037126,-0.22888618729874646,-0.028538824941726233,-1.4377147039121636,0.7251371957240574
28,2,0,4,0,1,3,5,1.001416667,0.9995822890559732,7.780303087908306,0,0,0.20141666699999994,0.0,0.0,7.783640596221253,1.3711807233098425,2.995732273553991,0.8,0,0,1,0,1,0,0,5.0761421319796955,294300,0.0,0.0,0.0,1.2246467991473532e-16,-1.0,-0.9856129740972022,-1.1731446939116332,-0.19469526447499352,-1.0992948748235933,-0.28589266941854513,0.663747223037126,-0.22888618729874646,-0.028538824941726233,-1.4377147039121636,0.7251371957240574
28,2,1,16,0,1,3,5,0.949981609,0.9496056845146198,2.936168448769863,0,0,0.1499816089999999,4.61512051684126,7.2813856635702825,8.848078421168667,3.1144038032714896,4.060443010546419,0.8,0,0,0,1,0,0,0,2.575488454706927,301260,33.60447236697702,29.565651524736854,18.73943384543747,1.2246467991473532e-16,-1.0,1.3207390699493387,0.9457120551879655,0.5864942561413656,0.8276687580304326,0.9265270070534614,0.663747223037126,-0.22888618729874646,-0.028538824941726233,-1.4377147039121636,0.7251371957240574
28,3,1,17,0,1,3,5,0.950185965,0.9498098697911446,2.9404434295203643,0,0,0.15018596499999992,4.61512051684126,7.014814351275545,8.830689198760998,3.1144038032714896,4.04305126783455,0.8,0,0,0,1,0,0,0,2.5310834813499112,279150,32.37421363440428,28.36125405654859,18.6591688568243,1.2246467991473532e-16,-1.0,1.3207390699493387,0.8681407727055747,0.5737323286730242,0.8276687580304326,0.9067224814303124,0.663747223037126,-0.22888618729874646,-0.028538824941726233,-1.4377147039121636,0.7251371957240574
28,4,0,6,0,1,3,5,0.5375,0.537468671679198,0.15015618148688187,1,1,-0.26250000000000007,0.0,0.0,7.273092595999522,1.4586150226995167,2.4849066497880004,0.8,0,0,1,0,1,0,0,2.7906976744186047,346860,0.0,0.0,0.0,1.2246467991473532e-16,-1.0,-0.9856129740972022,-1.1731446939116332,-0.5693857707660099,-1.0026447575066062,-0.8675859087010354,0.663747223037126,-0.22888618729874646,-0.028538824941726233,-1.4377147039121636,0.7251371957240574
28,4,1,18,0,1,3,5,0.800434622,0.8001836323408522,1.3874424586784895,0,0,0.0004346219999999956,4.1588830833596715,5.831882477283517,8.605387202152153,3.1144038032714896,4.034240638152395,0.8,0,0,0,0,0,0,0,2.5088809946714035,352320,24.254117378916114,23.527217286786026,16.777935144214123,1.2246467991473532e-16,-1.0,1.0927397937785401,0.5239118991447076,0.40838348950201164,0.8276687580304326,0.8966895396954262,0.663747223037126,-0.22888618729874646,-0.028538824941726233,-1.4377147039121636,0.7251371957240574
28,5,1,19,0,1,3,5,0.415172414,0.41524328082205514,-0.34233132876320754,1,1,-0.184827586,0.0,6.030685260261263,8.848078421168667,3.40452517175483,4.060443010546419,0.6,0,0,0,0,1,0,0,1.9269102990033222,283140,0.0,24.48725381383316,0.0,1.2246467991473532e-16,-1.0,-0.9856129740972022,0.5817627860383482,0.5864942561413656,1.1483697243081041,0.9265270070534614,-1.2861509192422065,-0.22888618729874646,-0.028538824941726233,-1.4377147039121636,0.7251371957240574
28,6,0,8,0,1,3,5,0.495416667,0.4954204960167084,-0.018318528176023464,1,1,-0.20458333299999998,0.0,0.0,6.8679744089702925,1.0647107369924282,2.0794415416798357,0.7,0,0,1,0,1,0,0,2.7586206896551726,172755,0.0,0.0,0.0,1.2246467991473532e-16,-1.0,-0.9856129740972022,-1.1731446939116332,-0.8667014757335281,-1.4380676486489155,-1.329301807783477,-0.3112018481025408,-0.22888618729874646,-0.028538824941726233,-1.4377147039121636,0.7251371957240574
28,6,1,20,0,1,3,5,0.700184577,0.7000173384227235,0.8473804256683641,0,0,0.0001845770000000746,3.4339872044851463,6.81783057145415,8.299285906897275,2.933324813425374,3.5115454388310208,0.7,0,0,0,0,0,0,0,1.7828632251197447,176775,23.412342944721203,23.941121845912512,12.058602104913904,1.2246467991473532e-16,-1.0,0.7304816282848566,0.8108192091155672,0.18373615125844797,0.6275035398673704,0.3014800405925738,-0.3112018481025408,-0.22888618729874646,-0.028538824941726233,-1.4377147039121636,0.7251371957240574
28,7,1,21,0,1,3,5,0.541517857,0.541483172073517,0.1663149963022138,1,1,-0.15848214299999996,0.0,7.402451520818244,8.812992231969966,3.1888289035159043,4.02535169073515,0.7,0,0,0,0,1,0,0,2.308326463314097,277290,0.0,29.797470744910697,0.0,1.2246467991473532e-16,-1.0,-0.9856129740972022,0.9809417793871354,0.5607445480062361,0.9099384704906748,0.8865674150869745,-0.3112018481025408,-0.22888618729874646,-0.028538824941726233,-1.4377147039121636,0.7251371957240574
28,8,0,10,0,1,3,5,0.976979167,0.9765806881637427,3.7304964027259606,0,0,0.276979167,0.0,0.0,6.8679744089702925,1.423108334242607,2.0794415416798357,0.7,0,0,1,0,1,0,0,1.9277108433734937,245940,0.0,0.0,0.0,1.2246467991473532e-16,-1.0,-0.9856129740972022,-1.1731446939116332,-0.8667014757335281,-1.0418939495153812,-1.329301807783477,-0.3112018481025408,-0.22888618729874646,-0.028538824941726233,-1.4377147039121636,0.7251371957240574
28,8,1,22,0,1,3,5,0.586465465,0.5863932298579783,0.3490749133675534,1,1,-0.11353453499999999,0.0,7.218176838403408,8.804024902413179,3.1888289035159043,4.0163830207523885,0.7,0,0,0,0,1,0,0,2.2877164056059356,252600,0.0,28.990962894551604,0.0,1.2246467991473532e-16,-1.0,-0.9856129740972022,0.9273185169253845,0.5541634366312982,0.9099384704906748,0.876354507880272,-0.3112018481025408,-0.22888618729874646,-0.028538824941726233,-1.4377147039121636,0.7251371957240574
28,9,0,11,0,1,3,5,0.919954545,0.9196037057811194,2.4369747393382455,0,0,0.16995454499999996,0.0,0.0,7.186144304522325,1.3711807233098425,2.3978952727983707,0.75,0,0,1,0,1,0,0,2.7918781725888326,273180,0.0,0.0,0.0,1.2246467991473532e-16,-1.0,-0.9856129740972022,-1.1731446939116332,-0.6331970075950265,-1.0992948748235933,-0.9666685063248263,0.1762726874672926,-0.22888618729874646,-0.028538824941726233,-1.4377147039121636,0.7251371957240574
28,9,1,23,0,1,3,5,0.750593103,0.7503837520367586,1.100660014671362,0,0,0.0005931030000000392,3.5553480614894135,6.976348070447749,8.848078421168667,3.3714252233284854,4.060443010546419,0.75,0,0,0,0,0,0,0,1.9917582417582418,280140,24.803345588541813,28.32706376178856,14.43628818633445,1.2246467991473532e-16,-1.0,0.7911302851503994,0.8569472248685861,0.5864942561413656,1.1117809494117135,0.9265270070534614,0.1762726874672926,-0.22888618729874646,-0.028538824941726233,-1.4377147039121636,0.7251371957240574
28,10,1,13,0,1,3,5,0.999995238,0.9995775310342523,7.768972009485575,0,0,0.19999523799999996,4.51085950651685,7.080867896690782,8.812992231969966,3.1144038032714896,4.02535169073515,0.8,0,0,0,1,0,0,0,2.4866785079928952,302670,31.940800266177583,28.50298355981648,18.157795941226325,1.2246467991473532e-16,-1.0,1.2686358597734448,0.8873621142155099,0.5607445480062361,0.8276687580304326,0.8865674150869745,0.663747223037126,-0.22888618729874646,-0.028538824941726233,-1.4377147039121636,0.7251371957240574
28,11,1,14,0,1,3,5,0.700513566,0.700346052578112,0.8489462734538228,0,0,0.0005135660000000764,4.110873864173311,6.853299093186078,8.658866349732383,3.2311995745570328,3.9889840465642745,0.7,0,0,0,0,0,0,0,2.133544053733702,293040,28.173048125541303,27.337700749052676,16.398210261625373,1.2246467991473532e-16,-1.0,1.0687477527474374,0.8211404199571082,0.4476317656173736,0.9567751279067022,0.8451544323417699,-0.3112018481025408,-0.22888618729874646,-0.028538824941726233,-1.4377147039121636,0.7251371957240574
28,12,0,3,0,1,3,5,0.778222222,0.7779897890659984,1.2539900234856927,1,0,-0.021777778000000025,0.0,0.0,6.985641817639208,1.4060969884160703,2.1972245773362196,0.8,0,0,1,0,1,0,0,2.2058823529411766,172695,0.0,0.0,0.0,1.2246467991473532e-16,-1.0,-0.9856129740972022,-1.1731446939116332,-0.7803455191751631,-1.0606983384260422,-1.1951785524965162,0.663747223037126,-0.22888618729874646,-0.028538824941726233,-1.4377147039121636,0.7251371957240574
28,12,1,15,0,1,3,5,0.800259023,0.8000081800401002,1.3863454871546776,0,0,0.00025902299999991385,3.9318256327243257,6.937314081223682,7.621195162809845,2.725235025856311,3.5553480614894135,0.8,0,0,0,0,0,0,0,2.293577981651376,174735,27.276309326814676,24.66456617062183,13.979008641420819,1.2246467991473532e-16,-1.0,0.9792705109119583,0.8455884759527731,-0.31391375453498715,0.39748051090269754,0.3513594676960609,0.663747223037126,-0.22888618729874646,-0.028538824941726233,-1.4377147039121636,0.7251371957240574
29,1,0,0,0,1,4,5,0.929183333,0.9288247838496241,2.5687754437132706,0,0,0.12918333299999996,0.0,0.0,7.0909098220799835,1.3711807233098425,2.302585092994046,0.8,0,0,1,0,1,0,0,2.5380710659898478,304530,0.0,0.0,0.0,-0.8660254037844384,-0.5000000000000004,-0.9856129740972022,-1.1731446939116332,-0.7030894690818731,-1.0992948748235933,-1.0752012122964671,0.663747223037126,-0.22888618729874646,-1.2647205579438705,-0.736328099691826,0.8100046462475072
29,1,1,12,0,1,4,5,0.900147246,0.8998129542322473,2.195148016556175,0,0,0.10014724599999991,4.48863636973214,7.334981878871814,8.839421607620602,3.1144038032714896,4.051784947803305,0.8,0,0,0,1,0,0,0,2.5532859680284195,311430,32.92406643283021,29.719769169222822,18.186989279043154,-0.8660254037844384,-0.5000000000000004,1.2575301092818796,0.961308358936305,0.5801410320570825,0.8276687580304326,0.9166677981010531,0.663747223037126,-0.22888618729874646,-1.2647205579438705,-0.736328099691826,0.8100046462475072
29,2,0,4,0,1,4,5,0.966759259,0.9663693180985797,3.3581072758926322,0,0,0.166759259,0.0,0.0,7.6783263565068856,1.3711807233098425,2.8903717578961645,0.8,0,0,1,0,1,0,0,4.568527918781726,303420,0.0,0.0,0.0,-0.8660254037844384,-0.5000000000000004,-0.9856129740972022,-1.1731446939116332,-0.2719852465748004,-1.0992948748235933,-0.40587000961859426,0.663747223037126,-0.22888618729874646,-1.2647205579438705,-0.736328099691826,0.8100046462475072
29,2,1,16,0,1,4,5,1.05028058,0.9995822890559732,7.780303087908306,0,0,0.25028057999999986,4.61512051684126,7.142036574706803,8.839421607620602,3.1144038032714896,4.051784947803305,0.8,0,0,0,1,0,0,0,2.5532859680284195,310320,32.96135952796004,28.937996290057697,18.699475842435625,-0.8660254037844384,-0.5000000000000004,1.3207390699493387,0.9051619770762551,0.5801410320570825,0.8276687580304326,0.9166677981010531,0.663747223037126,-0.22888618729874646,-1.2647205579438705,-0.736328099691826,0.8100046462475072
29,3,1,17,0,1,4,5,1.000230409,0.9995822890559732,7.780303087908306,0,0,0.200230409,4.736198448394496,6.876264611890766,8.830689198760998,3.1144038032714896,4.04305126783455,0.8,0,0,0,1,0,0,0,2.5310834813499112,285990,32.567353785587024,27.801090357070816,19.148693141497397,-0.8660254037844384,-0.5000000000000004,1.3812463381577667,0.8278233023853054,0.5737323286730242,0.8276687580304326,0.9067224814303124,0.663747223037126,-0.22888618729874646,-1.2647205579438705,-0.736328099691826,0.8100046462475072
29,4,1,18,0,1,4,5,0.350706422,0.35083114512280705,-0.6153878201810546,0,1,0.0007064220000000399,3.1780538303479458,5.662960480135946,8.709630081951286,3.40452517175483,4.0163830207523885,0.35,0,1,0,0,0,0,0,1.8438538205980066,358380,17.997193245005086,22.744618319609806,12.764281443246581,-0.8660254037844384,-0.5000000000000004,0.6025819432328481,0.47475621226518394,0.4848872019682386,1.1483697243081041,0.876354507880272,-3.7235235970913716,-0.22888618729874646,-1.2647205579438705,-0.736328099691826,0.8100046462475072
29,5,1,19,0,1,4,5,0.650834808,0.6507087972999165,0.6221562601754027,0,1,0.0008348080000000202,0.0,5.7899601708972535,8.669227347271736,3.40452517175483,4.069026754237811,0.65,0,1,0,0,1,0,0,1.9435215946843853,288960,0.0,23.559502841352252,0.0,-0.8660254037844384,-0.5000000000000004,-0.9856129740972022,0.5117126604381561,0.4552356880928589,1.1483697243081041,0.9363015865590966,-0.7986763836723731,-0.22888618729874646,-1.2647205579438705,-0.736328099691826,0.8100046462475072
29,6,0,8,0,1,4,5,0.531666667,0.5316402119732665,0.12673018887461526,1,1,-0.16833333299999997,0.0,0.0,6.8679744089702925,1.0647107369924282,2.0794415416798357,0.7,0,0,1,0,1,0,0,2.7586206896551726,177735,0.0,0.0,0.0,-0.8660254037844384,-0.5000000000000004,-0.9856129740972022,-1.1731446939116332,-0.8667014757335281,-1.4380676486489155,-1.329301807783477,-0.3112018481025408,-0.22888618729874646,-1.2647205579438705,-0.736328099691826,0.8100046462475072
29,6,1,20,0,1,4,5,0.700710417,0.7005427391244778,0.8498836704393438,0,0,0.0007104170000000742,3.4339872044851463,6.848005274576363,8.119993827725105,2.933324813425374,3.4965075614664802,0.7,0,0,0,0,0,0,0,1.7562533262373603,181095,23.515962489142023,23.944102223518595,12.006962226461454,-0.8660254037844384,-0.5000000000000004,0.7304816282848566,0.8195999379928272,0.05215393001810756,0.6275035398673704,0.28435593563553735,-0.3112018481025408,-0.22888618729874646,-1.2647205579438705,-0.736328099691826,0.8100046462475072
29,7,0,9,0,1,4,5,0.779791667,0.7795579229172933,1.2630920221099216,0,0,0.07979166700000007,0.0,0.0,6.8679744089702925,1.3711807233098425,2.0794415416798357,0.7,0,0,1,0,1,0,0,2.030456852791878,278250,0.0,0.0,0.0,-0.8660254037844384,-0.5000000000000004,-0.9856129740972022,-1.1731446939116332,-0.8667014757335281,-1.0992948748235933,-1.329301807783477,-0.3112018481025408,-0.22888618729874646,-1.2647205579438705,-0.736328099691826,0.8100046462475072
29,7,1,21,0,1,4,5,0.700612069,0.7004444732865497,0.8494152969653769,0,0,0.0006120689999999929,0.0,7.294377299288821,8.848078421168667,3.1888289035159043,4.060443010546419,0.7,0,0,0,0,1,0,0,2.3907666941467434,285210,0.0,29.61840332118576,0.0,-0.8660254037844384,-0.5000000000000004,-0.9856129740972022,0.949492573937548,0.5864942561413656,0.9099384704906748,0.9265270070534614,-0.3112018481025408,-0.22888618729874646,-1.2647205579438705,-0.736328099691826,0.8100046462475072
29,8,0,10,0,1,4,5,0.915766667,0.915419326426065,2.3816764447821077,0,0,0.21576666700000002,0.0,0.0,8.006700845440367,1.423108334242607,3.2188758248682006,0.7,0,0,1,0,1,0,0,6.024096385542168,255600,0.0,0.0,0.0,-0.8660254037844384,-0.5000000000000004,-0.9856129740972022,-1.1731446939116332,-0.030991640766719373,-1.0418939495153812,-0.031792073931535665,-0.3112018481025408,-0.22888618729874646,-1.2647205579438705,-0.736328099691826,0.8100046462475072
29,8,1,22,0,1,4,5,0.700135088,0.6999678907669173,0.8471449639525952,0,0,0.00013508800000006094,0.0,7.130098510125578,8.830689198760998,3.3714252233284854,4.04305126783455,0.7,0,0,0,0,1,0,0,1.9574175824175823,262440,0.0,28.827353821148453,0.0,-0.8660254037844384,-0.5000000000000004,-0.9856129740972022,0.9016880436962845,0.5737323286730242,1.1117809494117135,0.9067224814303124,-0.3112018481025408,-0.22888618729874646,-1.2647205579438705,-0.736328099691826,0.8100046462475072
29,9,0,11,0,1,4,5,0.755166667,0.7549534951812866,1.125208143446938,0,0,0.005166667000000014,0.0,0.0,6.8679744089702925,1.3711807233098425,2.0794415416798357,0.75,0,0,1,0,1,0,0,2.030456852791878,281100,0.0,0.0,0.0,-0.8660254037844384,-0.5000000000000004,-0.9856129740972022,-1.1731446939116332,-0.8667014757335281,-1.0992948748235933,-1.329301807783477,0.1762726874672926,-0.22888618729874646,-1.2647205579438705,-0.736328099691826,0.8100046462475072
29,9,1,23,0,1,4,5,0.799963218,0.7997126221620718,1.3844992164344994,1,0,-3.678200000001297e-05,3.9318256327243257,6.99117688712121,8.848078421168667,3.1144038032714896,4.060443010546419,0.8,0,0,0,0,0,0,0,2.575488454706927,288060,27.488088487693034,28.38727532680499,15.964953909082741,-0.8660254037844384,-0.5000000000000004,0.9792705109119583,0.8612623565950819,0.5864942561413656,0.8276687580304326,0.9265270070534614,0.663747223037126,-0.22888618729874646,-1.2647205579438705,-0.736328099691826,0.8100046462475072
29,10,1,13,0,1,4,5,0.999995238,0.9995775310342523,7.768972009485575,0,0,0.19999523799999996,4.736198448394496,7.011213987350367,8.812992231969966,3.1144038032714896,4.02535169073515,0.8,0,0,0,1,0,0,0,2.4866785079928952,309390,33.206500808250595,28.22260207808673,19.064864431901974,-0.8660254037844384,-0.5000000000000004,1.3812463381577667,0.8670930798961902,0.5607445480062361,0.8276687580304326,0.8865674150869745,0.663747223037126,-0.22888618729874646,-1.2647205579438705,-0.736328099691826,0.8100046462475072
29,11,1,14,0,1,4,5,0.700278846,0.7001115286683375,0.8478290057136115,0,0,0.00027884600000005477,4.110873864173311,6.949856455000773,8.71948076085107,2.307572634505085,3.970291913552122,0.7,0,0,0,0,0,0,0,5.273631840796019,299160,28.56998326061886,27.592958883637586,16.32136926056006,-0.8660254037844384,-0.5000000000000004,1.0687477527474374,0.8492382611111502,0.49211660226491494,-0.06420465618582306,0.8238691112946817,-0.3112018481025408,-0.22888618729874646,-1.2647205579438705,-0.736328099691826,0.8100046462475072
29,12,0,3,0,1,4,5,0.687555556,0.6873988679832915,0.7879866783296118,1,1,-0.11244444400000009,0.0,0.0,6.985641817639208,1.4060969884160703,2.1972245773362196,0.8,0,0,1,0,1,0,0,2.2058823529411766,175815,0.0,0.0,0.0,-0.8660254037844384,-0.5000000000000004,-0.9856129740972022,-1.1731446939116332,-0.7803455191751631,-1.0606983384260422,-1.1951785524965162,0.663747223037126,-0.22888618729874646,-1.2647205579438705,-0.736328099691826,0.8100046462475072
29,12,1,15,0,1,4,5,0.800401961,0.8001509986265665,1.387238369876064,0,0,0.00040196100000000623,3.6635616461296463,6.9985096422506015,8.314097335405807,2.725235025856311,3.5263605246161616,0.8,0,0,0,0,0,0,0,2.2280471821756227,179895,25.639471505417816,24.679268133578095,12.919039168409387,-0.8660254037844384,-0.5000000000000004,0.8452087477209552,0.8633961616719288,0.19460623917250247,0.39748051090269754,0.31835044575563654,0.663747223037126,-0.22888618729874646,-1.2647205579438705,-0.736328099691826,0.8100046462475072
30,1,0,0,0,1,5,6,0.845458333,0.8451697295472013,1.697207982956496,0,0,0.045458332999999906,0.0,0.0,7.273092595999522,1.3711807233098425,2.4849066497880004,0.8,0,0,1,0,1,0,0,3.0456852791878175,312870,0.0,0.0,0.0,-0.8660254037844386,0.5000000000000001,-0.9856129740972022,-1.1731446939116332,-0.5693857707660099,-1.0992948748235933,-0.8675859087010354,0.663747223037126,-0.22888618729874646,-1.2647205579438707,0.6664451087488514,0.8948720967709571
30,1,1,12,0,1,5,6,1.000018551,0.9995822890559732,7.780303087908306,0,0,0.20001855099999988,4.736198448394496,7.303843225277705,8.839421607620602,3.1144038032714896,4.051784947803305,0.8,0,0,0,1,0,0,0,2.5532859680284195,319770,34.592450950876916,29.593602041295345,19.190057583014184,-0.8660254037844386,0.5000000000000001,1.3812463381577667,0.9522471239771608,0.5801410320570825,0.8276687580304326,0.9166677981010531,0.663747223037126,-0.22888618729874646,-1.2647205579438707,0.6664451087488514,0.8948720967709571
30,2,0,4,0,1,5,6,0.999924242,0.9995065943458645,7.613685366979091,0,0,0.19992424199999992,0.0,0.0,7.878912912297132,1.3711807233098425,3.091042453358316,0.8,0,0,1,0,1,0,0,5.583756345177665,312960,0.0,0.0,0.0,-0.8660254037844386,0.5000000000000001,-0.9856129740972022,-1.1731446939116332,-0.12477503693422305,-1.0992948748235933,-0.1773599634469038,0.663747223037126,-0.22888618729874646,-1.2647205579438707,0.6664451087488514,0.8948720967709571
30,2,1,16,0,1,5,6,1.000446018,0.9995822890559732,7.780303087908306,0,0,0.20044601800000006,4.736198448394496,7.170888478512505,8.821879862683842,3.1144038032714896,4.034240638152395,0.8,0,0,0,1,0,0,0,2.5088809946714035,319740,33.96275088554089,28.929089711673946,19.106964250867396,-0.8660254037844386,0.5000000000000001,1.3812463381577667,0.9135577761628136,0.5672671685051183,0.8276687580304326,0.8966895396954262,0.663747223037126,-0.22888618729874646,-1.2647205579438707,0.6664451087488514,0.8948720967709571
30,3,1,17,0,1,5,6,0.950185965,0.9498098697911446,2.9404434295203643,0,0,0.15018596499999992,4.61512051684126,6.96979066990159,8.830689198760998,3.1144038032714896,4.04305126783455,0.8,0,0,0,1,0,0,0,2.5310834813499112,292830,32.16642391875161,28.179221004487044,18.6591688568243,-0.8660254037844386,0.5000000000000001,1.3207390699493387,0.8550390451558575,0.5737323286730242,0.8276687580304326,0.9067224814303124,0.663747223037126,-0.22888618729874646,-1.2647205579438707,0.6664451087488514,0.8948720967709571
30,4,1,18,0,1,5,6,0.500720126,0.5007195243909774,0.0028780995506259583,0,1,0.0007201260000000431,3.1780538303479458,6.035481432524756,8.757940876678804,3.40452517175483,3.970291913552122,0.5,1,0,0,0,0,1,0,1.760797342192691,364740,19.181084884629207,23.96262312594702,12.617801423463796,-0.8660254037844386,0.5000000000000001,0.6025819432328481,0.5831584547255859,0.5203424307183535,1.1483697243081041,0.8238691112946817,-2.2610999903818723,3.393677892448722,-1.2647205579438707,0.6664451087488514,0.8948720967709571
30,5,1,19,0,1,5,6,0.562212644,0.5621606701954888,0.24993568291383456,1,1,-0.13778735599999992,0.0,6.324358962381311,8.848078421168667,3.40452517175483,4.060443010546419,0.7,0,0,0,0,1,0,0,1.9269102990033222,295920,0.0,25.679699144987797,0.0,-0.8660254037844386,0.5000000000000001,-0.9856129740972022,0.6672207654011689,0.5864942561413656,1.1483697243081041,0.9265270070534614,-0.3112018481025408,-0.22888618729874646,-1.2647205579438707,0.6664451087488514,0.8948720967709571
30,6,0,8,0,1,5,6,0.9425,0.9421303258145364,2.789950129669779,0,0,0.24250000000000005,0.0,0.0,6.8679744089702925,1.0647107369924282,2.0794415416798357,0.7,0,0,1,0,1,0,0,2.7586206896551726,182055,0.0,0.0,0.0,-0.8660254037844386,0.5000000000000001,-0.9856129740972022,-1.1731446939116332,-0.8667014757335281,-1.4380676486489155,-1.329301807783477,-0.3112018481025408,-0.22888618729874646,-1.2647205579438707,0.6664451087488514,0.8948720967709571
30,6,1,20,0,1,5,6,0.700079032,0.6999118815973266,0.8468782841515439,0,0,7.903200000003441e-05,3.4339872044851463,6.642486801367256,7.923348211930154,2.933324813425374,3.4965075614664802,0.7,0,0,0,0,0,0,0,1.7562533262373603,184815,22.810214681856625,23.225505327921905,12.006962226461454,-0.8660254037844386,0.5000000000000001,0.7304816282848566,0.7597948096636898,-0.0921640289399516,0.6275035398673704,0.28435593563553735,-0.3112018481025408,-0.22888618729874646,-1.2647205579438707,0.6664451087488514,0.8948720967709571
30,7,0,9,0,1,5,6,0.8471,0.8468100250626566,1.7097975605318974,0,0,0.1471,0.0,0.0,7.0909098220799835,1.3711807233098425,2.302585092994046,0.7,0,0,1,0,1,0,0,2.5380710659898478,286410,0.0,0.0,0.0,-0.8660254037844386,0.5000000000000001,-0.9856129740972022,-1.1731446939116332,-0.7030894690818731,-1.0992948748235933,-1.0752012122964671,-0.3112018481025408,-0.22888618729874646,-1.2647205579438707,0.6664451087488514,0.8948720967709571
30,7,1,21,0,1,5,6,0.522844828,0.52282574293066,0.09136647805323045,0,1,0.452844828,0.0,7.3833681469923835,8.848078421168667,3.1888289035159043,4.060443010546419,0.07,0,0,0,0,1,0,0,2.3907666941467434,293370,0.0,29.97974558674629,0.0,-0.8660254037844386,0.5000000000000001,-0.9856129740972022,0.9753885870011291,0.5864942561413656,0.9099384704906748,0.9265270070534614,-6.453380996282435,-0.22888618729874646,-1.2647205579438707,0.6664451087488514,0.8948720967709571
30,8,1,22,0,1,5,6,0.496549708,0.496552590449457,-0.013789856721450063,1,1,-0.20345029199999998,0.0,7.0630481633881725,8.830689198760998,3.1888289035159043,4.04305126783455,0.7,0,0,0,0,1,0,0,2.34954657873042,269280,0.0,28.556265831763042,0.0,-0.8660254037844386,0.5000000000000001,-0.9856129740972022,0.8821766366264991,0.5737323286730242,0.9099384704906748,0.9067224814303124,-0.3112018481025408,-0.22888618729874646,-1.2647205579438707,0.6664451087488514,0.8948720967709571
30,9,1,23,0,1,5,6,0.799963218,0.7997126221620718,1.3844992164344994,1,0,-3.678200000001297e-05,3.9318256327243257,6.975413927455952,8.848078421168667,3.3714252233284854,4.060443010546419,0.8,0,0,0,0,0,0,0,1.9917582417582418,295020,27.42611127883357,28.323270727406666,15.964953909082741,-0.8660254037844386,0.5000000000000001,0.9792705109119583,0.856675392655015,0.5864942561413656,1.1117809494117135,0.9265270070534614,0.663747223037126,-0.22888618729874646,-1.2647205579438707,0.6664451087488514,0.8948720967709571
30,10,0,1,0,1,5,6,0.771583333,0.7713564463391813,1.2159863269757576,1,0,-0.028416667000000007,0.0,0.0,6.8679744089702925,1.3711807233098425,2.0794415416798357,0.8,0,0,1,0,1,0,0,2.030456852791878,310350,0.0,0.0,0.0,-0.8660254037844386,0.5000000000000001,-0.9856129740972022,-1.1731446939116332,-0.8667014757335281,-1.0992948748235933,-1.329301807783477,0.663747223037126,-0.22888618729874646,-1.2647205579438707,0.6664451087488514,0.8948720967709571
30,10,1,13,0,1,5,6,0.999995238,0.9995775310342523,7.768972009485575,0,0,0.19999523799999996,4.736198448394496,6.946975992135418,8.812992231969966,3.1144038032714896,4.02535169073515,0.8,0,0,0,1,0,0,0,2.4866785079928952,317070,32.90225691498558,27.9640215554388,19.064864431901974,-0.8660254037844386,0.5000000000000001,1.3812463381577667,0.8484000568922304,0.5607445480062361,0.8276687580304326,0.8865674150869745,0.663747223037126,-0.22888618729874646,-1.2647205579438707,0.6664451087488514,0.8948720967709571
30,11,1,14,0,1,5,6,0.7504,0.7501908103592314,1.099630202976674,0,0,0.00039999999999995595,3.5553480614894135,6.505784060128229,7.83241092718792,2.307572634505085,3.258096538021482,0.75,0,0,0,0,0,0,0,2.587064676616915,301680,23.130326746645625,21.196472523419125,11.583667210600046,-0.8660254037844386,0.5000000000000001,0.7911302851503994,0.7200148090871645,-0.1589027826829887,-0.06420465618582306,0.012869788394213738,0.1762726874672926,-0.22888618729874646,-1.2647205579438707,0.6664451087488514,0.8948720967709571
30,12,0,3,0,1,5,6,0.906666667,0.9063269287652465,2.269589334979732,0,0,0.10666666699999994,0.0,0.0,6.985641817639208,1.4060969884160703,2.1972245773362196,0.8,0,0,1,0,1,0,0,2.2058823529411766,180975,0.0,0.0,0.0,-0.8660254037844386,0.5000000000000001,-0.9856129740972022,-1.1731446939116332,-0.7803455191751631,-1.0606983384260422,-1.1951785524965162,0.663747223037126,-0.22888618729874646,-1.2647205579438707,0.6664451087488514,0.8948720967709571
30,12,1,15,0,1,5,6,0.800612676,0.8003615375906432,1.3885555048149814,0,0,0.0006126759999999232,3.6635616461296463,6.988413181999592,6.580639137284949,2.725235025856311,3.5263605246161616,0.8,0,0,0,0,0,0,0,2.2280471821756227,181695,25.602482500880544,24.64366437471058,12.919039168409387,-0.8660254037844386,0.5000000000000001,0.8452087477209552,0.8604581284549959,-1.0775764539457442,0.39748051090269754,0.31835044575563654,0.663747223037126,-0.22888618729874646,-1.2647205579438707,0.6664451087488514,0.8948720967709571
31,1,0,0,0,1,0,6,0.870083333,0.869774157283208,1.8989633937728796,0,0,0.07008333299999991,0.0,0.0,7.0909098220799835,1.3711807233098425,2.302585092994046,0.8,0,0,1,0,1,0,0,2.5380710659898478,320970,0.0,0.0,0.0,0.0,1.0,-0.9856129740972022,-1.1731446939116332,-0.7030894690818731,-1.0992948748235933,-1.0752012122964671,0.663747223037126,-0.22888618729874646,-0.028538824941726406,1.3678317129691895,0.9797395472944069
31,1,1,12,0,1,0,6,0.900135693,0.8998014108838763,2.1950199765288154,0,0,0.10013569299999991,4.48863636973214,7.336285660021297,8.821879862683842,3.1144038032714896,4.04305126783455,0.8,0,0,0,1,0,0,0,2.5310834813499112,327750,32.92991863231595,29.660979038945538,18.1477869654938,0.0,1.0,1.2575301092818796,0.9616877545095612,0.5672671685051183,0.8276687580304326,0.9067224814303124,0.663747223037126,-0.22888618729874646,-0.028538824941726406,1.3678317129691895,0.9797395472944069
31,2,0,4,0,1,0,6,1.050666667,0.9995822890559732,7.780303087908306,0,0,0.25066666699999995,0.0,0.0,8.006700845440367,1.3711807233098425,3.2188758248682006,0.8,0,0,1,0,1,0,0,6.345177664974619,322740,0.0,0.0,0.0,0.0,1.0,-0.9856129740972022,-1.1731446939116332,-0.030991640766719373,-1.0992948748235933,-0.031792073931535665,0.663747223037126,-0.22888618729874646,-0.028538824941726406,1.3678317129691895,0.9797395472944069
31,2,1,16,0,1,0,6,1.000018551,0.9995822890559732,7.780303087908306,0,0,0.20001855099999988,4.736198448394496,7.079184394609668,8.839421607620602,3.1144038032714896,4.060443010546419,0.8,0,0,0,1,0,0,0,2.575488454706927,329640,33.52842214564884,28.744624795462112,19.231063886344224,0.0,1.0,1.3812463381577667,0.8868722212320168,0.5801410320570825,0.8276687580304326,0.9265270070534614,0.663747223037126,-0.22888618729874646,-0.028538824941726406,1.3678317129691895,0.9797395472944069
31,3,1,17,0,1,0,6,0.950185965,0.9498098697911446,2.9404434295203643,0,0,0.15018596499999992,4.61512051684126,6.966967138613983,8.830689198760998,3.1144038032714896,4.04305126783455,0.8,0,0,0,1,0,0,0,2.5310834813499112,299670,32.15339298157624,28.167805322734914,18.6591688568243,0.0,1.0,1.3207390699493387,0.8542174078190286,0.5737323286730242,0.8276687580304326,0.9067224814303124,0.663747223037126,-0.22888618729874646,-0.028538824941726406,1.3678317129691895,0.9797395472944069
31,4,0,6,0,1,0,6,0.447916667,0.447960178556391,-0.20891584265812718,1,1,-0.35208333300000005,0.0,0.0,6.8679744089702925,1.4586150226995167,2.0794415416798357,0.8,0,0,1,0,1,0,0,1.8604651162790697,365700,0.0,0.0,0.0,0.0,1.0,-0.9856129740972022,-1.1731446939116332,-0.8667014757335281,-1.0026447575066062,-1.329301807783477,0.663747223037126,-0.22888618729874646,-0.028538824941726406,1.3678317129691895,0.9797395472944069
31,4,1,18,0,1,0,6,0.600224189,0.6001404595187969,0.4060503903733854,0,1,0.00022418899999998576,3.4339872044851463,6.18826412308259,8.821879862683842,3.40452517175483,4.04305126783455,0.6,1,0,0,0,0,1,0,1.893687707641196,372480,21.250419816640107,25.019469108524124,13.883786320821294,0.0,1.0,0.7304816282848566,0.6276176620786172,0.5672671685051183,1.1483697243081041,0.9067224814303124,-1.2861509192422065,3.393677892448722,-0.028538824941726406,1.3678317129691895,0.9797395472944069
31,5,1,19,0,1,0,6,0.545657673,0.5456195295806182,0.18298701292178235,1,1,-0.15434232699999995,0.0,6.5337888379333435,8.922791623969637,3.40452517175483,4.07753744390572,0.7,0,0,0,0,1,0,0,1.9601328903654485,303420,0.0,26.641768637246447,0.0,0.0,1.0,-0.9856129740972022,0.7281640975881539,0.6413261774728777,1.1483697243081041,0.9459929771454892,-0.3112018481025408,-0.22888618729874646,-0.028538824941726406,1.3678317129691895,0.9797395472944069
31,6,0,8,0,1,0,6,0.845833333,0.8455444162639932,1.7000741284034946,0,0,0.09583333299999997,0.0,0.0,6.8679744089702925,1.0647107369924282,2.0794415416798357,0.75,0,0,1,0,1,0,0,2.7586206896551726,185775,0.0,0.0,0.0,0.0,1.0,-0.9856129740972022,-1.1731446939116332,-0.8667014757335281,-1.4380676486489155,-1.329301807783477,0.1762726874672926,-0.22888618729874646,-0.028538824941726406,1.3678317129691895,0.9797395472944069
31,6,1,20,0,1,0,6,0.750520115,0.7503108250125313,1.1002707097532298,0,0,0.0005201150000000432,3.5553480614894135,6.70196036600254,7.353081920515432,2.933324813425374,3.4965075614664802,0.75,0,0,0,0,0,0,0,1.7562533262373603,187335,23.82780179544601,23.43345509637654,12.431301380642926,0.0,1.0,0.7911302851503994,0.7771014006949762,-0.510681710642914,0.6275035398673704,0.28435593563553735,0.1762726874672926,-0.22888618729874646,-0.028538824941726406,1.3678317129691895,0.9797395472944069
31,7,0,9,0,1,0,6,0.715766667,0.7155864108036759,0.9226728827490517,0,0,0.015766667000000067,0.0,0.0,7.0909098220799835,1.3711807233098425,2.302585092994046,0.7,0,0,1,0,1,0,0,2.5380710659898478,294570,0.0,0.0,0.0,0.0,1.0,-0.9856129740972022,-1.1731446939116332,-0.7030894690818731,-1.0992948748235933,-1.0752012122964671,-0.3112018481025408,-0.22888618729874646,-0.028538824941726406,1.3678317129691895,0.9797395472944069
31,7,1,21,0,1,0,6,0.662270115,0.6621345509941521,0.6728210481567194,1,1,-0.03772988499999996,0.0,6.490723534502507,8.848078421168667,3.1888289035159043,4.060443010546419,0.7,0,1,0,0,1,0,0,2.3907666941467434,301530,0.0,26.355213009059856,0.0,0.0,1.0,-0.9856129740972022,0.7156322508981782,0.5864942561413656,0.9099384704906748,0.9265270070534614,-0.3112018481025408,-0.22888618729874646,-0.028538824941726406,1.3678317129691895,0.9797395472944069
31,8,1,22,0,1,0,6,0.365318713,0.36543122869507105,-0.5518675631913379,1,1,-0.33468128699999994,0.0,6.481577129276431,8.830689198760998,3.1888289035159043,4.04305126783455,0.7,0,1,0,0,1,0,0,2.34954657873042,276120,0.0,26.205348630088498,0.0,0.0,1.0,-0.9856129740972022,0.7129706802385947,0.5737323286730242,0.9099384704906748,0.9067224814303124,-0.3112018481025408,-0.22888618729874646,-0.028538824941726406,1.3678317129691895,0.9797395472944069
31,9,0,11,0,1,0,6,0.771583333,0.7713564463391813,1.2159863269757576,1,0,-0.028416667000000007,0.0,0.0,6.8679744089702925,1.3711807233098425,2.0794415416798357,0.8,0,0,1,0,1,0,0,2.030456852791878,295980,0.0,0.0,0.0,0.0,1.0,-0.9856129740972022,-1.1731446939116332,-0.8667014757335281,-1.0992948748235933,-1.329301807783477,0.663747223037126,-0.22888618729874646,-0.028538824941726406,1.3678317129691895,0.9797395472944069
31,9,1,23,0,1,0,6,0.799963218,0.7997126221620718,1.3844992164344994,1,0,-3.678200000001297e-05,3.9318256327243257,6.721425700790643,8.848078421168667,3.3714252233284854,4.060443010546419,0.8,0,0,0,0,0,0,0,1.9917582417582418,302940,26.427473858820715,27.291966007682433,15.964953909082741,0.0,1.0,0.9792705109119583,0.7827657423319817,0.5864942561413656,1.1117809494117135,0.9265270070534614,0.663747223037126,-0.22888618729874646,-0.028538824941726406,1.3678317129691895,0.9797395472944069
31,10,1,13,0,1,0,6,0.900129762,0.8997954848387636,2.19495424930865,0,0,0.10012976200000001,4.48863636973214,7.04141166379481,8.812992231969966,3.1144038032714896,4.02535169073515,0.8,0,0,0,1,0,0,0,2.4866785079928952,323790,31.606336488365482,28.34415834601864,18.068339999996553,0.0,1.0,1.2575301092818796,0.8758804939266758,0.5607445480062361,0.8276687580304326,0.8865674150869745,0.663747223037126,-0.22888618729874646,-0.028538824941726406,1.3678317129691895,0.9797395472944069
31,11,1,14,0,1,0,6,0.750027778,0.7498188993216374,1.097646651478523,0,0,2.777799999997832e-05,3.828641396489095,6.519147287940395,8.083637203141548,2.307572634505085,3.295836866004329,0.75,0,0,0,0,0,0,0,2.6865671641791042,304920,24.95947717641821,21.486045966506094,12.618577461259058,0.0,1.0,0.9277054058868384,0.723903459784686,0.025471851023910256,-0.06420465618582306,0.05584588946384742,0.1762726874672926,-0.22888618729874646,-0.028538824941726406,1.3678317129691895,0.9797395472944069
31,12,0,3,0,1,0,6,0.899111111,0.8987776848421053,2.1837164742210553,0,0,0.09911111099999992,0.0,0.0,6.985641817639208,1.4060969884160703,2.1972245773362196,0.8,0,0,1,0,1,0,0,2.2058823529411766,182775,0.0,0.0,0.0,0.0,1.0,-0.9856129740972022,-1.1731446939116332,-0.7803455191751631,-1.0606983384260422,-1.1951785524965162,0.663747223037126,-0.22888618729874646,-0.028538824941726406,1.3678317129691895,0.9797395472944069
31,12,1,15,0,1,0,6,0.800401961,0.8001509986265665,1.387238369876064,0,0,0.00040196100000000623,4.1588830833596715,6.92951677076365,8.314097335405807,2.725235025856311,3.5263605246161616,0.8,0,0,0,0,0,0,0,2.2280471821756227,186855,28.81905007378608,24.435974395086593,14.665721131653491,0.0,1.0,1.0927397937785401,0.8433194869640807,0.19460623917250247,0.39748051090269754,0.31835044575563654,0.663747223037126,-0.22888618729874646,-0.028538824941726406,1.3678317129691895,0.9797395472944069
32,1,0,0,0,2,1,6,0.893066667,0.892738290502924,2.1190217388694697,0,0,0.09306666699999999,0.0,0.0,7.0909098220799835,1.3711807233098425,2.302585092994046,0.8,0,0,1,0,1,0,0,2.5380710659898478,328950,0.0,0.0,0.0,0.8660254037844386,0.5000000000000001,-0.9856129740972022,-1.1731446939116332,-0.7030894690818731,-1.0992948748235933,-1.0752012122964671,0.663747223037126,-0.22888618729874646,1.207642908060418,0.6664451087488514,1.0646069978178567
32,1,1,12,0,2,1,6,0.900135693,0.8998014108838763,2.1950199765288154,0,0,0.10013569299999991,4.48863636973214,7.38770923908104,8.821879862683842,3.1144038032714896,4.034240638152395,0.8,0,0,0,1,0,0,0,2.5088809946714035,335730,33.16074037954531,29.803796835154643,18.108239252662237,0.8660254037844386,0.5000000000000001,1.2575301092818796,0.9766518290124035,0.5672671685051183,0.8276687580304326,0.8966895396954262,0.663747223037126,-0.22888618729874646,1.207642908060418,0.6664451087488514,1.0646069978178567
32,2,0,4,0,2,1,6,0.875555556,0.8752418086683375,1.9481228064898075,0,0,0.07555555599999997,0.0,0.0,7.6783263565068856,1.3711807233098425,2.8903717578961645,0.8,0,0,1,0,1,0,0,4.568527918781726,331800,0.0,0.0,0.0,0.8660254037844386,0.5000000000000001,-0.9856129740972022,-1.1731446939116332,-0.2719852465748004,-1.0992948748235933,-0.40587000961859426,0.663747223037126,-0.22888618729874646,1.207642908060418,0.6664451087488514,1.0646069978178567
32,2,1,16,0,2,1,6,1.000018551,0.9995822890559732,7.780303087908306,0,0,0.20001855099999988,4.736198448394496,7.1180162044653335,8.839421607620602,3.1144038032714896,4.051784947803305,0.8,0,0,0,1,0,0,0,2.5532859680284195,338700,33.71233730323559,28.84067091547265,19.190057583014184,0.8660254037844386,0.5000000000000001,1.3812463381577667,0.8981721366868569,0.5801410320570825,0.8276687580304326,0.9166677981010531,0.663747223037126,-0.22888618729874646,1.207642908060418,0.6664451087488514,1.0646069978178567
32,3,1,17,0,2,1,6,0.900129762,0.8997954848387636,2.19495424930865,0,0,0.10012976200000001,4.48863636973214,7.157735484249907,8.812992231969966,3.1144038032714896,4.02535169073515,0.8,0,0,0,1,0,0,0,2.4866785079928952,306390,32.12847181952642,28.812402633360335,18.068339999996553,0.8660254037844386,0.5000000000000001,1.2575301092818796,0.9097303026636954,0.5607445480062361,0.8276687580304326,0.8865674150869745,0.663747223037126,-0.22888618729874646,1.207642908060418,0.6664451087488514,1.0646069978178567
32,4,1,18,0,2,1,6,0.568259587,0.5682025614469507,0.2745213913708464,1,1,-0.08174041300000001,3.8066624897703196,6.569481420414296,8.821879862683842,3.40452517175483,4.034240638152395,0.65,1,0,0,0,0,1,0,1.8770764119601329,379260,25.00779850033414,26.502868917822475,15.356992511961801,0.8660254037844386,0.5000000000000001,0.9167217064900888,0.7385505092928565,0.5672671685051183,1.1483697243081041,0.8966895396954262,-0.7986763836723731,3.393677892448722,1.207642908060418,0.6664451087488514,1.0646069978178567
32,5,1,19,0,2,1,6,0.700618234,0.7004506331361738,0.8494446546375338,0,0,0.0006182340000000508,0.0,6.626717749249025,8.85666093701725,3.40452517175483,4.069026754237811,0.7,0,0,0,0,1,0,0,1.9435215946843853,310440,0.0,26.96429181447685,0.0,0.8660254037844386,0.5000000000000001,-0.9856129740972022,0.7552060728419632,0.5927929532416565,1.1483697243081041,0.9363015865590966,-0.3112018481025408,-0.22888618729874646,1.207642908060418,0.6664451087488514,1.0646069978178567
32,6,0,8,0,2,1,6,0.610208333,0.610116262546366,0.447800947757771,1,1,-0.139791667,0.0,0.0,6.8679744089702925,1.0647107369924282,2.0794415416798357,0.75,0,0,1,0,1,0,0,2.7586206896551726,188295,0.0,0.0,0.0,0.8660254037844386,0.5000000000000001,-0.9856129740972022,-1.1731446939116332,-0.8667014757335281,-1.4380676486489155,-1.329301807783477,0.1762726874672926,-0.22888618729874646,1.207642908060418,0.6664451087488514,1.0646069978178567
32,6,1,20,0,2,1,6,0.75065101,0.7504416106599834,1.1009689342378093,0,0,0.0006510100000000074,3.5553480614894135,6.508769136971682,8.284251797621916,2.933324813425374,3.4965075614664802,0.75,0,0,0,0,0,0,0,1.7562533262373603,192255,23.140939733814392,22.757960503261142,12.431301380642926,0.8660254037844386,0.5000000000000001,0.7911302851503994,0.7208834555932789,0.1727026382223141,0.6275035398673704,0.28435593563553735,0.1762726874672926,-0.22888618729874646,1.207642908060418,0.6664451087488514,1.0646069978178567
32,7,0,9,0,2,1,6,0.928680556,0.9283224268805347,2.5612012042579466,0,0,0.22868055600000003,0.0,0.0,7.273092595999522,1.423108334242607,2.4849066497880004,0.7,0,0,1,0,1,0,0,2.8915662650602405,302970,0.0,0.0,0.0,0.8660254037844386,0.5000000000000001,-0.9856129740972022,-1.1731446939116332,-0.5693857707660099,-1.0418939495153812,-0.8675859087010354,-0.3112018481025408,-0.22888618729874646,1.207642908060418,0.6664451087488514,1.0646069978178567
32,7,1,21,0,2,1,6,0.355534483,0.35565517265497076,-0.5942723836895754,1,1,-0.34446551699999994,0.0,5.003946305945459,8.848078421168667,3.1888289035159043,4.060443010546419,0.7,0,0,0,0,1,0,0,2.3907666941467434,309930,0.0,20.318238803125812,0.0,0.8660254037844386,0.5000000000000001,-0.9856129740972022,0.2829854841025534,0.5864942561413656,0.9099384704906748,0.9265270070534614,-0.3112018481025408,-0.22888618729874646,1.207642908060418,0.6664451087488514,1.0646069978178567
32,8,0,10,0,2,1,6,0.840888889,0.8406041029607352,1.66272977755462,0,0,0.14088888900000007,0.0,0.0,7.496097345175956,1.423108334242607,2.70805020110221,0.7,0,0,1,0,1,0,0,3.614457831325301,277920,0.0,0.0,0.0,0.8660254037844386,0.5000000000000001,-0.9856129740972022,-1.1731446939116332,-0.40572287846610844,-1.0418939495153812,-0.6134853132140259,-0.3112018481025408,-0.22888618729874646,1.207642908060418,0.6664451087488514,1.0646069978178567
32,8,1,22,0,2,1,6,0.353259649,0.35338223910108607,-0.6042050316433425,1,1,-0.34674035099999995,0.0,5.043425116919247,8.830689198760998,3.1888289035159043,4.04305126783455,0.7,0,0,0,0,1,0,0,2.34954657873042,284760,0.0,20.390826313188974,0.0,0.8660254037844386,0.5000000000000001,-0.9856129740972022,0.2944736745299261,0.5737323286730242,0.9099384704906748,0.9067224814303124,-0.3112018481025408,-0.22888618729874646,1.207642908060418,0.6664451087488514,1.0646069978178567
32,9,0,11,0,2,1,6,0.607416667,0.6073269287652464,0.4360898578487191,1,1,-0.19258333300000008,0.0,0.0,6.8679744089702925,1.3711807233098425,2.0794415416798357,0.8,0,0,1,0,1,0,0,2.030456852791878,303900,0.0,0.0,0.0,0.8660254037844386,0.5000000000000001,-0.9856129740972022,-1.1731446939116332,-0.8667014757335281,-1.0992948748235933,-1.329301807783477,0.663747223037126,-0.22888618729874646,1.207642908060418,0.6664451087488514,1.0646069978178567
32,9,1,23,0,2,1,6,0.799963218,0.7997126221620718,1.3844992164344994,1,0,-3.678200000001297e-05,3.9318256327243257,6.813444599510896,8.848078421168667,3.3714252233284854,4.060443010546419,0.8,0,0,0,0,0,0,0,1.9917582417582418,310860,26.789276123504067,27.665603501829263,15.964953909082741,0.8660254037844386,0.5000000000000001,0.9792705109119583,0.809542907229812,0.5864942561413656,1.1117809494117135,0.9265270070534614,0.663747223037126,-0.22888618729874646,1.207642908060418,0.6664451087488514,1.0646069978178567
32,10,1,13,0,2,1,6,0.9008,0.9004651629072682,2.2024037730579997,0,0,0.1008,4.48863636973214,7.236339342754344,8.812992231969966,3.1144038032714896,4.02535169073515,0.8,0,0,0,1,0,0,0,2.4866785079928952,330510,32.48129595761072,29.12881080808948,18.068339999996553,0.8660254037844386,0.5000000000000001,1.2575301092818796,0.9326037396429603,0.5607445480062361,0.8276687580304326,0.8865674150869745,0.663747223037126,-0.22888618729874646,1.207642908060418,0.6664451087488514,1.0646069978178567
32,11,1,14,0,2,1,6,0.750027778,0.7498188993216374,1.097646651478523,0,0,2.777799999997832e-05,3.828641396489095,6.4457198193855785,8.083637203141548,2.307572634505085,3.295836866004329,0.75,0,0,0,0,0,0,0,2.6865671641791042,308160,24.67834973066984,21.244041008665754,12.618577461259058,0.8660254037844386,0.5000000000000001,0.9277054058868384,0.7025363334566477,0.025471851023910256,-0.06420465618582306,0.05584588946384742,0.1762726874672926,-0.22888618729874646,1.207642908060418,0.6664451087488514,1.0646069978178567
32,12,0,3,0,2,1,6,0.891555556,0.8912284419181288,2.1033508972864143,0,0,0.09155555599999998,0.0,0.0,6.985641817639208,1.4060969884160703,2.1972245773362196,0.8,0,0,1,0,1,0,0,2.2058823529411766,187935,0.0,0.0,0.0,0.8660254037844386,0.5000000000000001,-0.9856129740972022,-1.1731446939116332,-0.7803455191751631,-1.0606983384260422,-1.1951785524965162,0.663747223037126,-0.22888618729874646,1.207642908060418,0.6664451087488514,1.0646069978178567
32,12,1,15,0,2,1,6,0.800355208,0.800104284685046,1.3869462678943096,0,0,0.00035520799999999575,4.1588830833596715,6.934397209928558,7.9658927350845286,2.725235025856311,3.5263605246161616,0.8,0,0,0,0,0,0,0,2.2280471821756227,190815,28.839347249668382,24.453184583100516,14.665721131653491,0.8660254037844386,0.5000000000000001,1.0927397937785401,0.8447396770131907,-0.060940659318095815,0.39748051090269754,0.31835044575563654,0.663747223037126,-0.22888618729874646,1.207642908060418,0.6664451087488514,1.0646069978178567
33,1,0,0,0,2,2,6,0.962016667,0.9616306881637426,3.2213725077639763,0,0,0.16201666699999995,0.0,0.0,7.0909098220799835,1.3711807233098425,2.302585092994046,0.8,0,0,1,0,1,0,0,2.5380710659898478,336930,0.0,0.0,0.0,0.8660254037844387,-0.4999999999999998,-0.9856129740972022,-1.1731446939116332,-0.7030894690818731,-1.0992948748235933,-1.0752012122964671,0.663747223037126,-0.22888618729874646,1.207642908060418,-0.7363280996918251,1.1494744483413066
33,1,1,12,0,2,2,6,0.900509044,0.900174449978279,2.199164415056691,0,0,0.10050904399999994,4.2626798770413155,7.317876198626496,8.188966863648876,3.1144038032714896,4.04305126783455,0.8,0,0,0,1,0,0,0,2.5310834813499112,340530,31.19376361456476,29.586548642713133,17.234233281244716,0.8660254037844387,-0.4999999999999998,1.1446110171625363,0.9563306681902881,0.10277315042340172,0.8276687580304326,0.9067224814303124,0.663747223037126,-0.22888618729874646,1.207642908060418,-0.7363280996918251,1.1494744483413066
33,2,0,4,0,2,2,6,1.057962963,0.9995822890559732,7.780303087908306,0,0,0.257962963,0.0,0.0,7.6783263565068856,1.3711807233098425,2.8903717578961645,0.8,0,0,1,0,1,0,0,4.568527918781726,340860,0.0,0.0,0.0,0.8660254037844387,-0.4999999999999998,-0.9856129740972022,-1.1731446939116332,-0.2719852465748004,-1.0992948748235933,-0.40587000961859426,0.663747223037126,-0.22888618729874646,1.207642908060418,-0.7363280996918251,1.1494744483413066
33,2,1,16,0,2,2,6,0.900477825,0.900143257059315,2.198817336883109,0,0,0.10047782499999991,4.2626798770413155,7.254177846456518,5.8888779583328805,3.1144038032714896,4.04305126783455,0.8,0,0,0,1,0,0,0,2.5310834813499112,341220,30.922237930569104,29.32901293921333,17.234233281244716,0.8660254037844387,-0.4999999999999998,1.1446110171625363,0.9377946793499852,-1.5852590739177195,0.8276687580304326,0.9067224814303124,0.663747223037126,-0.22888618729874646,1.207642908060418,-0.7363280996918251,1.1494744483413066
33,3,1,17,0,2,2,6,0.800161172,0.7999104107869675,1.3857345225653668,0,0,0.00016117199999998721,3.9318256327243257,7.148345743900068,8.594339400592892,3.1144038032714896,4.04305126783455,0.8,0,0,0,0,0,0,0,2.5310834813499112,311790,28.106049027442126,28.90112832279488,15.896572609290468,0.8660254037844387,-0.4999999999999998,0.9792705109119583,0.906997922367993,0.4002755224590608,0.8276687580304326,0.9067224814303124,0.663747223037126,-0.22888618729874646,1.207642908060418,-0.7363280996918251,1.1494744483413066
33,4,1,18,0,2,2,6,0.790003236,0.7897609609490392,1.3234851540353325,0,0,0.09000323600000004,3.9318256327243257,6.643789733147672,8.101980731853192,3.40452517175483,4.04305126783455,0.7,1,0,0,0,0,1,0,1.893687707641196,382560,26.122222771220727,26.861182503828864,15.896572609290468,0.8660254037844387,-0.4999999999999998,0.9792705109119583,0.7601739580736365,0.0389341426343857,1.1483697243081041,0.9067224814303124,-0.3112018481025408,3.393677892448722,1.207642908060418,-0.7363280996918251,1.1494744483413066
33,5,1,19,0,2,2,6,0.700618234,0.7004506331361738,0.8494446546375338,0,0,0.0006182340000000508,3.713572066704308,6.651571873589727,8.85666093701725,3.40452517175483,4.060443010546419,0.7,0,0,0,0,0,0,0,1.9269102990033222,317460,24.70109150943885,27.00832852326456,15.078747742409927,0.8660254037844387,-0.4999999999999998,0.870200865542169,0.7624385326422639,0.5927929532416565,1.1483697243081041,0.9265270070534614,-0.3112018481025408,-0.22888618729874646,1.207642908060418,-0.7363280996918251,1.1494744483413066
33,6,0,8,0,2,2,6,0.888125,0.8878007518796992,2.0684710474806414,0,0,0.13812500000000005,0.0,0.0,6.8679744089702925,1.0647107369924282,2.0794415416798357,0.75,0,0,1,0,1,0,0,2.7586206896551726,193215,0.0,0.0,0.0,0.8660254037844387,-0.4999999999999998,-0.9856129740972022,-1.1731446939116332,-0.8667014757335281,-1.4380676486489155,-1.329301807783477,0.1762726874672926,-0.22888618729874646,1.207642908060418,-0.7363280996918251,1.1494744483413066
33,6,1,20,0,2,2,6,0.612517157,0.6124231577042607,0.45750934590644543,1,1,-0.13748284300000002,0.0,6.5638555265321274,8.314097335405807,2.933324813425374,3.5263605246161616,0.75,0,0,0,0,1,0,0,1.809473124002129,197295,0.0,23.146521018046524,0.0,0.8660254037844387,-0.4999999999999998,-0.9856129740972022,0.7369133946318943,0.19460623917250247,0.6275035398673704,0.31835044575563654,0.1762726874672926,-0.22888618729874646,1.207642908060418,-0.7363280996918251,1.1494744483413066
33,7,1,21,0,2,2,6,0.350301724,0.3504267852163742,-0.6171637566294966,0,1,0.0003017240000000032,0.0,6.736966958001855,8.848078421168667,3.40452517175483,4.060443010546419,0.35,1,0,0,0,1,1,0,1.9269102990033222,316890,0.0,27.355070396900803,0.0,0.8660254037844387,-0.4999999999999998,-0.9856129740972022,0.7872881916641495,0.5864942561413656,1.1483697243081041,0.9265270070534614,-3.7235235970913716,3.393677892448722,1.207642908060418,-0.7363280996918251,1.1494744483413066
33,8,0,10,0,2,2,6,0.707111111,0.7069380858446116,0.8805591911944841,0,0,0.35711111100000004,0.0,0.0,7.496097345175956,1.423108334242607,2.70805020110221,0.35,0,0,1,0,1,0,0,3.614457831325301,286560,0.0,0.0,0.0,0.8660254037844387,-0.4999999999999998,-0.9856129740972022,-1.1731446939116332,-0.40572287846610844,-1.0418939495153812,-0.6134853132140259,-3.7235235970913716,-0.22888618729874646,1.207642908060418,-0.7363280996918251,1.1494744483413066
33,8,1,22,0,2,2,6,0.350301724,0.3504267852163742,-0.6171637566294966,0,1,0.0003017240000000032,0.0,6.804614520062624,8.848078421168667,3.40452517175483,4.060443010546419,0.35,1,0,0,0,1,1,0,1.9269102990033222,293520,0.0,27.629749467450957,0.0,0.8660254037844387,-0.4999999999999998,-0.9856129740972022,0.8069733862212404,0.5864942561413656,1.1483697243081041,0.9265270070534614,-3.7235235970913716,3.393677892448722,1.207642908060418,-0.7363280996918251,1.1494744483413066
33,9,0,11,0,2,2,6,0.697708333,0.6975431631311613,0.835625815153098,1,1,-0.10229166700000003,0.0,0.0,6.8679744089702925,1.3711807233098425,2.0794415416798357,0.8,0,0,1,0,1,0,0,2.030456852791878,311820,0.0,0.0,0.0,0.8660254037844387,-0.4999999999999998,-0.9856129740972022,-1.1731446939116332,-0.8667014757335281,-1.0992948748235933,-1.329301807783477,0.663747223037126,-0.22888618729874646,1.207642908060418,-0.7363280996918251,1.1494744483413066
33,9,1,23,0,2,2,6,0.799963218,0.7997126221620718,1.3844992164344994,1,0,-3.678200000001297e-05,3.9318256327243257,6.97914527506881,8.848078421168667,3.3714252233284854,4.060443010546419,0.8,0,0,0,0,0,0,0,1.9917582417582418,318780,27.440782287022415,28.338421651741218,15.964953909082741,0.8660254037844387,-0.4999999999999998,0.9792705109119583,0.857761201241188,0.5864942561413656,1.1117809494117135,0.9265270070534614,0.663747223037126,-0.22888618729874646,1.207642908060418,-0.7363280996918251,1.1494744483413066
33,10,1,13,0,2,2,6,0.9008,0.9004651629072682,2.2024037730579997,0,0,0.1008,4.48863636973214,7.028201432058005,4.795790545596741,3.1144038032714896,4.02535169073515,0.8,0,0,0,1,0,0,0,2.4866785079928952,330630,31.547040561739067,28.29098251736189,18.068339999996553,0.8660254037844387,-0.4999999999999998,1.2575301092818796,0.8720363645307092,-2.3874744893547892,0.8276687580304326,0.8865674150869745,0.663747223037126,-0.22888618729874646,1.207642908060418,-0.7363280996918251,1.1494744483413066
33,11,1,14,0,2,2,6,0.750648148,0.7504387510509607,1.100953665050699,0,0,0.000648148000000015,3.828641396489095,4.6443908991413725,0.0,2.307572634505085,3.9889840465642745,0.75,0,0,0,0,0,0,0,5.3731343283582085,308160,17.781707257929867,18.526401202683243,15.272389450610566,0.8660254037844387,-0.4999999999999998,0.9277054058868384,0.1783561682576714,-5.90709886711144,-0.06420465618582306,0.8451544323417699,0.1762726874672926,-0.22888618729874646,1.207642908060418,-0.7363280996918251,1.1494744483413066
33,12,0,3,0,2,2,6,0.272,0.2721904761904762,-0.9835372695170325,1,1,-0.528,0.0,0.0,6.985641817639208,1.4060969884160703,2.1972245773362196,0.8,0,0,1,0,1,0,0,2.2058823529411766,191895,0.0,0.0,0.0,0.8660254037844387,-0.4999999999999998,-0.9856129740972022,-1.1731446939116332,-0.7803455191751631,-1.0606983384260422,-1.1951785524965162,0.663747223037126,-0.22888618729874646,1.207642908060418,-0.7363280996918251,1.1494744483413066
33,12,1,15,0,2,2,6,0.800401961,0.8001509986265665,1.387238369876064,0,0,0.00040196100000000623,4.1588830833596715,6.878326468291325,8.314097335405807,2.725235025856311,3.5263605246161616,0.8,0,0,0,0,0,0,0,2.2280471821756227,195975,28.606155590801865,24.255458933205027,14.665721131653491,0.8660254037844387,-0.4999999999999998,1.0927397937785401,0.8284232950998592,0.19460623917250247,0.39748051090269754,0.31835044575563654,0.663747223037126,-0.22888618729874646,1.207642908060418,-0.7363280996918251,1.1494744483413066
34,1,0,0,0,2,3,6,0.853666667,0.8533712061253134,1.761290448681675,0,0,0.053666667,0.0,0.0,7.273092595999522,1.3711807233098425,2.4849066497880004,0.8,0,0,1,0,1,0,0,3.0456852791878175,341970,0.0,0.0,0.0,1.2246467991473532e-16,-1.0,-0.9856129740972022,-1.1731446939116332,-0.5693857707660099,-1.0992948748235933,-0.8675859087010354,0.663747223037126,-0.22888618729874646,-0.028538824941726233,-1.4377147039121636,1.2343418988647565
34,1,1,12,0,2,3,6,0.90047076,0.9001361979615705,2.1987388049081953,0,0,0.10047075999999999,4.48863636973214,7.344072850573066,0.0,3.1144038032714896,4.04305126783455,0.8,0,0,0,1,0,0,0,2.5310834813499112,341970,32.96487249904465,29.692463049578734,18.1477869654938,1.2246467991473532e-16,-1.0,1.2575301092818796,0.9639537986417503,-5.90709886711144,0.8276687580304326,0.9067224814303124,0.663747223037126,-0.22888618729874646,-0.028538824941726233,-1.4377147039121636,1.2343418988647565
34,2,0,4,0,2,3,6,0.966759259,0.9663693180985797,3.3581072758926322,0,0,0.166759259,0.0,0.0,7.6783263565068856,1.3711807233098425,2.8903717578961645,0.8,0,0,1,0,1,0,0,4.568527918781726,343380,0.0,0.0,0.0,1.2246467991473532e-16,-1.0,-0.9856129740972022,-1.1731446939116332,-0.2719852465748004,-1.0992948748235933,-0.40587000961859426,0.663747223037126,-0.22888618729874646,-0.028538824941726233,-1.4377147039121636,1.2343418988647565
34,2,1,16,0,2,3,6,0.899984058,0.8996499025630744,2.193340644280419,0,0,0.09998405799999999,4.48863636973214,7.321849713788356,0.0,3.1144038032714896,4.04305126783455,0.8,0,0,0,1,0,0,0,2.5310834813499112,343380,32.86512091902327,29.60261376822605,18.1477869654938,1.2246467991473532e-16,-1.0,1.2575301092818796,0.9574869466525704,-5.90709886711144,0.8276687580304326,0.9067224814303124,0.663747223037126,-0.22888618729874646,-0.028538824941726233,-1.4377147039121636,1.2343418988647565
34,3,1,17,0,2,3,6,0.90047076,0.9001361979615705,2.1987388049081953,0,0,0.10047075999999999,4.48863636973214,6.70196036600254,0.0,3.1144038032714896,4.04305126783455,0.8,0,0,0,1,0,0,0,2.5310834813499112,311790,30.082663047342322,27.096369354743477,18.1477869654938,1.2246467991473532e-16,-1.0,1.2575301092818796,0.7771014006949762,-5.90709886711144,0.8276687580304326,0.9067224814303124,0.663747223037126,-0.22888618729874646,-0.028538824941726233,-1.4377147039121636,1.2343418988647565
34,4,0,6,0,2,3,6,0.796755556,0.7965076399131162,1.364608259552552,0,0,0.09675555600000008,0.0,0.0,7.496097345175956,1.423108334242607,2.70805020110221,0.7,0,0,1,0,1,0,0,3.614457831325301,384360,0.0,0.0,0.0,1.2246467991473532e-16,-1.0,-0.9856129740972022,-1.1731446939116332,-0.40572287846610844,-1.0418939495153812,-0.6134853132140259,-0.3112018481025408,-0.22888618729874646,-0.028538824941726233,-1.4377147039121636,1.2343418988647565
34,4,1,18,0,2,3,6,0.700618234,0.7004506331361738,0.8494446546375338,0,0,0.0006182340000000508,3.713572066704308,6.752270376141742,8.85666093701725,3.40452517175483,4.060443010546419,0.7,1,0,0,0,0,1,0,1.9269102990033222,391380,25.075042655674963,27.417209054124378,15.078747742409927,1.2246467991473532e-16,-1.0,0.870200865542169,0.7917414306914712,0.5927929532416565,1.1483697243081041,0.9265270070534614,-0.3112018481025408,3.393677892448722,-0.028538824941726233,-1.4377147039121636,1.2343418988647565
34,5,1,19,0,2,3,6,0.750356125,0.7501469720133668,1.0993962930818257,0,0,0.00035612500000004044,3.828641396489095,6.752270376141742,8.85666093701725,3.40452517175483,4.060443010546419,0.75,0,0,0,0,0,0,0,1.9269102990033222,324480,25.852021882383266,27.417209054124378,15.545980198262827,1.2246467991473532e-16,-1.0,0.9277054058868384,0.7917414306914712,0.5927929532416565,1.1483697243081041,0.9265270070534614,0.1762726874672926,-0.22888618729874646,-0.028538824941726233,-1.4377147039121636,1.2343418988647565
34,6,0,8,0,2,3,6,0.628333333,0.628226120524645,0.5246143476060059,1,1,-0.12166666699999995,0.0,0.0,6.8679744089702925,1.0647107369924282,2.0794415416798357,0.75,0,0,1,0,1,0,0,2.7586206896551726,198255,0.0,0.0,0.0,1.2246467991473532e-16,-1.0,-0.9856129740972022,-1.1731446939116332,-0.8667014757335281,-1.4380676486489155,-1.329301807783477,0.1762726874672926,-0.22888618729874646,-0.028538824941726233,-1.4377147039121636,1.2343418988647565
34,6,1,20,0,2,3,6,0.750797009,0.750587487689223,1.1017480151789891,0,0,0.0007970090000000152,0.0,6.46302945692067,7.783640596221253,2.933324813425374,3.5263605246161616,0.75,0,0,0,0,1,0,0,1.809473124002129,200655,0.0,22.79097194631648,0.0,1.2246467991473532e-16,-1.0,-0.9856129740972022,0.707573375032291,-0.19469526447499352,0.6275035398673704,0.31835044575563654,0.1762726874672926,-0.22888618729874646,-0.028538824941726233,-1.4377147039121636,1.2343418988647565
34,7,1,21,0,2,3,6,0.500801724,0.5008010542222223,0.0032042196303696336,0,1,0.0008017240000000037,3.1780538303479458,6.933423025730715,8.848078421168667,3.40452517175483,4.060443010546419,0.5,1,0,0,0,0,1,0,1.9269102990033222,323850,22.034791604346143,28.152769063989886,12.904306462576592,1.2246467991473532e-16,-1.0,0.6025819432328481,0.8444561929542714,0.5864942561413656,1.1483697243081041,0.9265270070534614,-2.2610999903818723,3.393677892448722,-0.028538824941726233,-1.4377147039121636,1.2343418988647565
34,8,0,10,0,2,3,6,0.703770833,0.7036005983859649,0.8645029887524643,0,0,0.353770833,0.0,0.0,6.8679744089702925,1.423108334242607,2.0794415416798357,0.35,0,0,1,0,1,0,0,1.9277108433734937,294480,0.0,0.0,0.0,1.2246467991473532e-16,-1.0,-0.9856129740972022,-1.1731446939116332,-0.8667014757335281,-1.0418939495153812,-1.329301807783477,-3.7235235970913716,-0.22888618729874646,-0.028538824941726233,-1.4377147039121636,1.2343418988647565
34,8,1,22,0,2,3,6,0.393548851,0.393637782619883,-0.43204637295614545,1,1,-0.10645114900000002,3.4339872044851463,6.967909201801884,8.848078421168667,3.40452517175483,4.060443010546419,0.5,1,0,0,0,0,1,0,1.9269102990033222,301440,23.92771104100198,28.29279821657854,13.94350934275755,1.2246467991473532e-16,-1.0,0.7304816282848566,0.854491544780864,0.5864942561413656,1.1483697243081041,0.9265270070534614,-2.2610999903818723,3.393677892448722,-0.028538824941726233,-1.4377147039121636,1.2343418988647565
34,9,0,11,0,2,3,6,0.6895,0.6893416875522139,0.7970434317663961,1,1,-0.11050000000000004,0.0,0.0,6.8679744089702925,1.3711807233098425,2.0794415416798357,0.8,0,0,1,0,1,0,0,2.030456852791878,319740,0.0,0.0,0.0,1.2246467991473532e-16,-1.0,-0.9856129740972022,-1.1731446939116332,-0.8667014757335281,-1.0992948748235933,-1.329301807783477,0.663747223037126,-0.22888618729874646,-0.028538824941726233,-1.4377147039121636,1.2343418988647565
34,9,1,23,0,2,3,6,0.8008,0.8005487050960736,1.389727303224891,0,0,0.0007999999999999119,3.6635616461296463,7.142036574706803,7.6783263565068856,3.3714252233284854,4.060443010546419,0.8,0,0,0,0,0,0,0,1.9917582417582418,321900,26.165291270350995,28.999832490835125,14.875683279733057,1.2246467991473532e-16,-1.0,0.8452087477209552,0.9051619770762551,-0.2719852465748004,1.1117809494117135,0.9265270070534614,0.663747223037126,-0.22888618729874646,-0.028538824941726233,-1.4377147039121636,1.2343418988647565
34,10,1,13,0,2,3,6,0.90063244,0.9002977428905597,2.2005372183246275,0,0,0.10063243999999993,4.48863636973214,7.1459844677143876,0.0,3.1144038032714896,4.02535169073515,0.8,0,0,0,1,0,0,0,2.4866785079928952,330630,32.07572577932376,28.765100659081227,18.068339999996553,1.2246467991473532e-16,-1.0,1.2575301092818796,0.906310799584819,-5.90709886711144,0.8276687580304326,0.8865674150869745,0.663747223037126,-0.22888618729874646,-0.028538824941726233,-1.4377147039121636,1.2343418988647565
34,11,1,14,0,2,3,6,0.750648148,0.7504387510509607,1.100953665050699,1,0,-0.04935185200000003,3.5553480614894135,2.639057329615259,8.083637203141548,2.307572634505085,3.9889840465642745,0.8,0,0,0,0,0,0,0,5.3731343283582085,311400,9.382767361007039,10.527157585803783,14.18222669726449,1.2246467991473532e-16,-1.0,0.7911302851503994,-0.4051886080126979,0.025471851023910256,-0.06420465618582306,0.8451544323417699,0.663747223037126,-0.22888618729874646,-0.028538824941726233,-1.4377147039121636,1.2343418988647565
34,12,0,3,0,2,3,6,1.004888889,0.9995822890559732,7.780303087908306,0,0,0.20488888900000002,0.0,0.0,6.985641817639208,1.4060969884160703,2.1972245773362196,0.8,0,0,1,0,1,0,0,2.2058823529411766,197055,0.0,0.0,0.0,1.2246467991473532e-16,-1.0,-0.9856129740972022,-1.1731446939116332,-0.7803455191751631,-1.0606983384260422,-1.1951785524965162,0.663747223037126,-0.22888618729874646,-0.028538824941726233,-1.4377147039121636,1.2343418988647565
34,12,1,15,0,2,3,6,0.800401961,0.8001509986265665,1.387238369876064,0,0,0.00040196100000000623,3.9318256327243257,6.803505257608338,8.314097335405807,2.725235025856311,3.5263605246161616,0.8,0,0,0,0,0,0,0,2.2280471821756227,201135,26.75019636423918,23.99161236944855,13.865034700913025,1.2246467991473532e-16,-1.0,0.9792705109119583,0.8066505948809126,0.19460623917250247,0.39748051090269754,0.31835044575563654,0.663747223037126,-0.22888618729874646,-0.028538824941726233,-1.4377147039121636,1.2343418988647565
35,1,0,0,0,2,4,6,0.618361111,0.6182622295371764,0.4821787789742606,1,1,-0.18163888900000003,0.0,0.0,7.273092595999522,1.3711807233098425,2.4849066497880004,0.8,0,0,1,0,1,0,0,3.0456852791878175,343410,0.0,0.0,0.0,-0.8660254037844384,-0.5000000000000004,-0.9856129740972022,-1.1731446939116332,-0.5693857707660099,-1.0992948748235933,-0.8675859087010354,0.663747223037126,-0.22888618729874646,-1.2647205579438705,-0.736328099691826,1.3192093493882064
35,1,1,12,0,2,4,6,1.000065789,0.9995822890559732,7.780303087908306,0,0,0.20006578899999994,4.736198448394496,7.312553498102598,0.0,3.1144038032714896,4.04305126783455,0.8,0,0,0,1,0,0,0,2.5310834813499112,343410,34.633704531515264,29.565028691611683,19.148693141497397,-0.8660254037844384,-0.5000000000000004,1.3812463381577667,0.95478178169401,-5.90709886711144,0.8276687580304326,0.9067224814303124,0.663747223037126,-0.22888618729874646,-1.2647205579438705,-0.736328099691826,1.3192093493882064
35,2,0,4,0,2,4,6,0.912037037,0.9116928122406015,2.3344815987755805,0,0,0.112037037,0.0,0.0,7.6783263565068856,1.3711807233098425,2.8903717578961645,0.8,0,0,1,0,1,0,0,4.568527918781726,345540,0.0,0.0,0.0,-0.8660254037844384,-0.5000000000000004,-0.9856129740972022,-1.1731446939116332,-0.2719852465748004,-1.0992948748235933,-0.40587000961859426,0.663747223037126,-0.22888618729874646,-1.2647205579438705,-0.736328099691826,1.3192093493882064
35,2,1,16,0,2,4,6,1.000344928,0.9995822890559732,7.780303087908306,0,0,0.20034492800000003,4.51085950651685,7.351158226430694,0.0,3.1144038032714896,4.051784947803305,0.8,0,0,0,1,0,0,0,2.5532859680284195,345540,33.160041969604436,29.78531225077232,18.277032650160415,-0.8660254037844384,-0.5000000000000004,1.2686358597734448,0.9660156172501169,-5.90709886711144,0.8276687580304326,0.9166677981010531,0.663747223037126,-0.22888618729874646,-1.2647205579438705,-0.736328099691826,1.3192093493882064
35,3,1,17,0,2,4,6,0.536901754,0.5368709254670008,0.14775190943472416,1,1,-0.2630982460000001,0.0,2.4849066497880004,8.830689198760998,3.1144038032714896,4.04305126783455,0.8,1,0,0,0,1,1,0,2.5310834813499112,318630,0.0,10.04660498087588,0.0,-0.8660254037844384,-0.5000000000000004,-0.9856129740972022,-0.45004589526839384,0.5737323286730242,0.8276687580304326,0.9067224814303124,0.663747223037126,3.393677892448722,-1.2647205579438705,-0.736328099691826,1.3192093493882064
35,4,0,6,0,2,4,6,1.033155556,0.9995822890559732,7.780303087908306,0,0,0.33315555600000013,0.0,0.0,7.496097345175956,1.423108334242607,2.70805020110221,0.7,0,0,1,0,1,0,0,3.614457831325301,393180,0.0,0.0,0.0,-0.8660254037844384,-0.5000000000000004,-0.9856129740972022,-1.1731446939116332,-0.40572287846610844,-1.0418939495153812,-0.6134853132140259,-0.3112018481025408,-0.22888618729874646,-1.2647205579438705,-0.736328099691826,1.3192093493882064
35,4,1,18,0,2,4,6,0.700588406,0.7004208300551379,0.8493026171894215,0,0,0.0005884060000000968,3.713572066704308,6.504288173536645,8.689632748355741,3.40452517175483,4.085976312551584,0.7,1,0,0,0,0,1,0,1.9767441860465116,399120,24.15414287504087,26.57636740708014,15.173567499507033,-0.8660254037844384,-0.5000000000000004,0.870200865542169,0.7195795115288547,0.4702111851272547,1.1483697243081041,0.9556025828702426,-0.3112018481025408,3.393677892448722,-1.2647205579438705,-0.736328099691826,1.3192093493882064
35,5,0,7,0,2,4,6,0.87,0.8696908939014202,1.898228486823932,0,0,0.17000000000000004,0.0,0.0,5.484796933490655,1.423108334242607,0.6931471805599453,0.7,0,0,1,0,1,0,0,0.48192771084337344,324720,0.0,0.0,0.0,-0.8660254037844384,-0.5000000000000004,-0.9856129740972022,-1.1731446939116332,-1.8818136069194566,-1.0418939495153812,-2.9079188935393216,-0.3112018481025408,-0.22888618729874646,-1.2647205579438705,-0.736328099691826,1.3192093493882064
35,5,1,19,0,2,4,6,0.750406233,0.7501970381520467,1.0996634350637098,0,0,0.0004062329999999781,4.04305126783455,6.670766320845874,8.906664409770052,3.40452517175483,4.085976312551584,0.75,0,0,0,0,0,0,0,1.9767441860465116,332100,26.970250230923927,27.256593173543123,16.519811710803623,-0.8660254037844384,-0.5000000000000004,1.0348542101784763,0.7680240469925614,0.6294904361696468,1.1483697243081041,0.9556025828702426,0.1762726874672926,-0.22888618729874646,-1.2647205579438705,-0.736328099691826,1.3192093493882064
35,6,1,20,0,2,4,6,0.800947475,0.8006960568922306,1.3906504086821248,0,0,0.0009474749999999199,3.6635616461296463,6.487684018484611,8.15507488781144,2.933324813425374,3.5263605246161616,0.8,0,0,0,0,0,0,0,1.809473124002129,204135,23.76803034232848,22.87791281896728,12.919039168409387,-0.8660254037844384,-0.5000000000000004,0.8452087477209552,0.7147477627902707,0.07789987390441286,0.6275035398673704,0.31835044575563654,0.663747223037126,-0.22888618729874646,-1.2647205579438705,-0.736328099691826,1.3192093493882064
35,7,1,21,0,2,4,6,0.600070513,0.5999869119030911,0.4054105746684215,0,1,7.051300000004979e-05,3.1780538303479458,6.721425700790643,8.119993827725105,3.40452517175483,4.060443010546419,0.6,1,0,0,0,0,1,0,1.9269102990033222,327210,21.36105269379683,27.291966007682433,12.904306462576592,-0.8660254037844384,-0.5000000000000004,0.6025819432328481,0.7827657423319817,0.05215393001810756,1.1483697243081041,0.9265270070534614,-1.2861509192422065,3.393677892448722,-1.2647205579438705,-0.736328099691826,1.3192093493882064
35,8,0,10,0,2,4,6,0.994375,0.9939619883040935,5.103624196450069,0,0,0.644375,0.0,0.0,7.273092595999522,1.423108334242607,2.4849066497880004,0.35,0,0,1,0,1,0,0,2.8915662650602405,302880,0.0,0.0,0.0,-0.8660254037844384,-0.5000000000000004,-0.9856129740972022,-1.1731446939116332,-0.5693857707660099,-1.0418939495153812,-0.8675859087010354,-3.7235235970913716,-0.22888618729874646,-1.2647205579438705,-0.736328099691826,1.3192093493882064
35,8,1,22,0,2,4,6,0.714410494,0.7142313707802841,0.9160244638894063,0,0,0.11441049400000003,3.4339872044851463,6.975413927455952,8.4252971767117,3.40452517175483,4.060443010546419,0.6,1,0,0,0,0,1,0,1.9269102990033222,307440,23.95348217287122,28.323270727406666,13.94350934275755,-0.8660254037844384,-0.5000000000000004,0.7304816282848566,0.856675392655015,0.27621565654421004,1.1483697243081041,0.9265270070534614,-1.2861509192422065,3.393677892448722,-1.2647205579438705,-0.736328099691826,1.3192093493882064
35,9,0,11,0,2,4,6,0.54175,0.5417151211361738,0.1672492594987952,1,1,-0.2582500000000001,0.0,0.0,6.8679744089702925,1.3711807233098425,2.0794415416798357,0.8,0,0,1,0,1,0,0,2.030456852791878,322860,0.0,0.0,0.0,-0.8660254037844384,-0.5000000000000004,-0.9856129740972022,-1.1731446939116332,-0.8667014757335281,-1.0992948748235933,-1.329301807783477,0.663747223037126,-0.22888618729874646,-1.2647205579438705,-0.736328099691826,1.3192093493882064
35,9,1,23,0,2,4,6,0.800144144,0.7998933970125314,1.3856282255711485,0,0,0.0001441439999999572,3.9318256327243257,6.413458957167357,8.083637203141548,3.3714252233284854,4.060443010546419,0.8,0,0,0,0,0,0,0,1.9917582417582418,326100,25.216602322216037,26.04148459605652,15.964953909082741,-0.8660254037844384,-0.5000000000000004,0.9792705109119583,0.6931485398688358,0.025471851023910256,1.1117809494117135,0.9265270070534614,0.663747223037126,-0.22888618729874646,-1.2647205579438705,-0.736328099691826,1.3192093493882064
35,10,1,13,0,2,4,6,0.850364583,0.850071880758563,1.7351649373234714,0,0,0.05036458299999991,4.330733340286331,6.395261598115449,0.0,3.1144038032714896,4.02535169073515,0.8,0,0,0,1,0,0,0,2.4866785079928952,330630,27.69617262281142,25.7431770866676,17.432724773444665,-0.8660254037844384,-0.5000000000000004,1.178619932744878,0.6878531745600276,-5.90709886711144,0.8276687580304326,0.8865674150869745,0.663747223037126,-0.22888618729874646,-1.2647205579438705,-0.736328099691826,1.3192093493882064
35,11,1,14,0,2,4,6,0.507903226,0.5078966234720135,0.03158912045225459,0,1,0.15790322600000006,0.0,6.075346031088684,8.083637203141548,2.4344901638739844,3.9512437185814275,0.35,1,0,0,0,1,1,0,4.557405784399649,314640,0.0,24.00517284354777,0.0,-0.8660254037844384,-0.5000000000000004,-0.9856129740972022,0.5947589079387602,0.025471851023910256,0.07609033318004338,0.8021783312721362,-3.7235235970913716,3.393677892448722,-1.2647205579438705,-0.736328099691826,1.3192093493882064
35,12,0,3,0,2,4,6,1.02,0.9995822890559732,7.780303087908306,0,0,0.21999999999999997,0.0,0.0,6.985641817639208,1.4060969884160703,2.1972245773362196,0.8,0,0,1,0,1,0,0,2.2058823529411766,202215,0.0,0.0,0.0,-0.8660254037844384,-0.5000000000000004,-0.9856129740972022,-1.1731446939116332,-0.7803455191751631,-1.0606983384260422,-1.1951785524965162,0.663747223037126,-0.22888618729874646,-1.2647205579438705,-0.736328099691826,1.3192093493882064
35,12,1,15,0,2,4,6,0.800401961,0.8001509986265665,1.387238369876064,0,0,0.00040196100000000623,3.9318256327243257,6.75110146893676,8.314097335405807,2.725235025856311,3.5263605246161616,0.8,0,0,0,0,0,0,0,2.2280471821756227,206295,26.5441538046884,23.80681771773677,13.865034700913025,-0.8660254037844384,-0.5000000000000004,0.9792705109119583,0.7914012829455911,0.19460623917250247,0.39748051090269754,0.31835044575563654,0.663747223037126,-0.22888618729874646,-1.2647205579438705,-0.736328099691826,1.3192093493882064
36,1,0,0,0,2,5,7,0.664875,0.6647372598162072,0.6844773410839464,1,1,-0.13512500000000005,0.0,0.0,7.273092595999522,1.3711807233098425,2.4849066497880004,0.8,0,0,1,0,1,0,0,3.0456852791878175,344850,0.0,0.0,0.0,-0.8660254037844386,0.5000000000000001,-0.9856129740972022,-1.1731446939116332,-0.5693857707660099,-1.0992948748235933,-0.8675859087010354,0.663747223037126,-0.22888618729874646,-1.2647205579438707,0.6664451087488514,1.4040767999116561
36,1,1,12,0,2,5,7,1.100483918,0.9995822890559732,7.780303087908306,0,0,0.30048391799999985,4.9344739331306915,7.242797922793756,0.0,3.1144038032714896,4.04305126783455,0.8,0,0,0,1,0,0,0,2.5310834813499112,344850,35.739397552958906,29.28300332442074,19.95033109144058,-0.8660254037844386,0.5000000000000001,1.480332173042666,0.9344831629475895,-5.90709886711144,0.8276687580304326,0.9067224814303124,0.663747223037126,-0.22888618729874646,-1.2647205579438707,0.6664451087488514,1.4040767999116561
36,2,0,4,0,2,5,7,0.601944444,0.6018592773801169,0.4132181422647053,1,1,-0.19805555600000002,0.0,0.0,7.6783263565068856,1.3711807233098425,2.8903717578961645,0.8,0,0,1,0,1,0,0,4.568527918781726,347700,0.0,0.0,0.0,-0.8660254037844386,0.5000000000000001,-0.9856129740972022,-1.1731446939116332,-0.2719852465748004,-1.0992948748235933,-0.40587000961859426,0.663747223037126,-0.22888618729874646,-1.2647205579438707,0.6664451087488514,1.4040767999116561
36,2,1,16,0,2,5,7,1.000344928,0.9995822890559732,7.780303087908306,0,0,0.20034492800000003,4.736198448394496,7.191429330036379,0.0,3.1144038032714896,4.051784947803305,0.8,0,0,0,1,0,0,0,2.5532859680284195,347700,34.060036434656965,29.138125112632604,19.190057583014184,-0.8660254037844386,0.5000000000000001,1.3812463381577667,0.9195350892587764,-5.90709886711144,0.8276687580304326,0.9166677981010531,0.663747223037126,-0.22888618729874646,-1.2647205579438707,0.6664451087488514,1.4040767999116561
36,3,1,17,0,2,5,7,0.350301724,0.3504267852163742,-0.6171637566294966,0,1,0.0003017240000000032,0.0,6.647688373563329,8.848078421168667,3.40452517175483,4.060443010546419,0.35,1,0,0,0,1,1,0,1.9269102990033222,325590,0.0,26.992559792725913,0.0,-0.8660254037844386,0.5000000000000001,-0.9856129740972022,0.7613084482570581,0.5864942561413656,1.1483697243081041,0.9265270070534614,-3.7235235970913716,3.393677892448722,-1.2647205579438707,0.6664451087488514,1.4040767999116561
36,4,0,6,0,2,5,7,1.096633333,0.9995822890559732,7.780303087908306,0,0,0.39663333300000003,0.0,0.0,7.496097345175956,1.423108334242607,2.70805020110221,0.7,0,0,1,0,1,0,0,3.614457831325301,400920,0.0,0.0,0.0,-0.8660254037844386,0.5000000000000001,-0.9856129740972022,-1.1731446939116332,-0.40572287846610844,-1.0418939495153812,-0.6134853132140259,-0.3112018481025408,-0.22888618729874646,-1.2647205579438707,0.6664451087488514,1.4040767999116561
36,4,1,18,0,2,5,7,0.637711864,0.6375968164945698,0.5649487758752417,1,1,-0.06228813599999994,0.0,6.040254711277414,8.865170419651774,3.40452517175483,4.07753744390572,0.7,1,0,0,0,1,1,0,1.9601328903654485,408000,0.0,24.629364755961586,0.0,-0.8660254037844386,0.5000000000000001,-0.9856129740972022,0.5845474614844235,0.5990380513621463,1.1483697243081041,0.9459929771454892,-0.3112018481025408,3.393677892448722,-1.2647205579438707,0.6664451087488514,1.4040767999116561
36,5,0,7,0,2,5,7,0.58,0.5799331662489556,0.32249903969908267,1,1,-0.12,0.0,0.0,5.484796933490655,1.423108334242607,0.6931471805599453,0.7,0,0,1,0,1,0,0,0.48192771084337344,332340,0.0,0.0,0.0,-0.8660254037844386,0.5000000000000001,-0.9856129740972022,-1.1731446939116332,-1.8818136069194566,-1.0418939495153812,-2.9079188935393216,-0.3112018481025408,-0.22888618729874646,-1.2647205579438707,0.6664451087488514,1.4040767999116561
36,5,1,19,0,2,5,7,0.750799435,0.7505899116624896,1.1017609633872931,0,0,0.000799435000000015,4.04305126783455,6.415096959171596,8.865170419651774,3.40452517175483,4.07753744390572,0.75,0,0,0,0,0,0,0,1.9601328903654485,339420,25.936565894060287,26.157798057307904,16.48569293222587,-0.8660254037844386,0.5000000000000001,1.0348542101784763,0.6936251924954209,0.5990380513621463,1.1483697243081041,0.9459929771454892,0.1762726874672926,-0.22888618729874646,-1.2647205579438707,0.6664451087488514,1.4040767999116561
36,6,1,20,0,2,5,7,0.688017677,0.6878606029172933,0.7901363318138881,1,1,-0.111982323,0.0,6.659293919683638,8.284251797621916,2.933324813425374,3.4965075614664802,0.8,0,0,0,0,1,0,0,1.7562533262373603,208095,0.0,23.284271544201594,0.0,-0.8660254037844386,0.5000000000000001,-0.9856129740972022,0.7646856199741162,0.1727026382223141,0.6275035398673704,0.28435593563553735,0.663747223037126,-0.22888618729874646,-1.2647205579438707,0.6664451087488514,1.4040767999116561
36,7,1,21,0,2,5,7,0.535677966,0.5356481598462823,0.14283498626334712,1,1,-0.11432203400000007,0.0,6.813444599510896,8.865170419651774,3.40452517175483,4.07753744390572,0.65,1,0,0,0,1,1,0,1.9601328903654485,334290,0.0,27.782075476482888,0.0,-0.8660254037844386,0.5000000000000001,-0.9856129740972022,0.809542907229812,0.5990380513621463,1.1483697243081041,0.9459929771454892,-0.7986763836723731,3.393677892448722,-1.2647205579438707,0.6664451087488514,1.4040767999116561
36,8,0,10,0,2,5,7,0.755486111,0.7552726723107769,1.1269341968759161,0,0,0.405486111,0.0,0.0,7.273092595999522,1.423108334242607,2.4849066497880004,0.35,0,0,1,0,1,0,0,2.8915662650602405,308880,0.0,0.0,0.0,-0.8660254037844386,0.5000000000000001,-0.9856129740972022,-1.1731446939116332,-0.5693857707660099,-1.0418939495153812,-0.8675859087010354,-3.7235235970913716,-0.22888618729874646,-1.2647205579438707,0.6664451087488514,1.4040767999116561
36,8,1,22,0,2,5,7,0.463403955,0.46343452813700914,-0.1465234701238209,1,1,-0.18659604500000004,0.0,7.085064293952548,8.865170419651774,3.40452517175483,4.07753744390572,0.65,1,0,0,0,1,1,0,1.9601328903654485,315960,0.0,28.889614951070953,0.0,-0.8660254037844386,0.5000000000000001,-0.9856129740972022,0.8885832505583466,0.5990380513621463,1.1483697243081041,0.9459929771454892,-0.7986763836723731,3.393677892448722,-1.2647205579438707,0.6664451087488514,1.4040767999116561
36,9,0,11,0,2,5,7,0.656666667,0.6565357842372598,0.6478942689815335,1,1,-0.14333333300000006,0.0,0.0,6.8679744089702925,1.3711807233098425,2.0794415416798357,0.8,0,0,1,0,1,0,0,2.030456852791878,327060,0.0,0.0,0.0,-0.8660254037844386,0.5000000000000001,-0.9856129740972022,-1.1731446939116332,-0.8667014757335281,-1.0992948748235933,-1.329301807783477,0.663747223037126,-0.22888618729874646,-1.2647205579438707,0.6664451087488514,1.4040767999116561
36,9,1,23,0,2,5,7,0.497885057,0.49788682386967426,-0.008452754849395623,1,1,-0.302114943,0.0,2.70805020110221,8.848078421168667,3.3714252233284854,4.060443010546419,0.8,0,0,0,0,1,0,0,1.9917582417582418,334020,0.0,10.995883511274293,0.0,-0.8660254037844386,0.5000000000000001,-0.9856129740972022,-0.38511193330485,0.5864942561413656,1.1117809494117135,0.9265270070534614,0.663747223037126,-0.22888618729874646,-1.2647205579438707,0.6664451087488514,1.4040767999116561
36,10,1,13,0,2,5,7,0.441392,0.4414409624060151,-0.23531602972451082,1,1,-0.35860800000000004,0.0,2.3978952727983707,8.699681400989514,3.1144038032714896,3.912023005428146,0.8,0,0,0,0,1,0,0,2.2202486678507993,336630,0.0,9.380621471794626,0.0,-0.8660254037844386,0.5000000000000001,-0.9856129740972022,-0.47536588955263104,0.477585878087085,0.8276687580304326,0.7575164689463868,0.663747223037126,-0.22888618729874646,-1.2647205579438707,0.6664451087488514,1.4040767999116561
36,11,1,14,0,2,5,7,0.50012336,0.5001232569423559,0.0004930277794106771,0,1,0.0001233600000000168,0.0,6.946975992135418,7.732369222284388,2.4344901638739844,4.007333185232471,0.5,2,0,0,0,1,1,0,4.820333041191937,316920,0.0,27.838847430297534,0.0,-0.8660254037844386,0.5000000000000001,-0.9856129740972022,0.8484000568922304,-0.2323232584154199,0.07609033318004338,0.8660491749180281,-2.2610999903818723,7.01624197219619,-1.2647205579438707,0.6664451087488514,1.4040767999116561
36,12,0,3,0,2,5,7,0.838666667,0.8383837374536341,1.6462511406647367,0,0,0.03866666699999999,0.0,0.0,6.985641817639208,1.4060969884160703,2.1972245773362196,0.8,0,0,1,0,1,0,0,2.2058823529411766,207375,0.0,0.0,0.0,-0.8660254037844386,0.5000000000000001,-0.9856129740972022,-1.1731446939116332,-0.7803455191751631,-1.0606983384260422,-1.1951785524965162,0.663747223037126,-0.22888618729874646,-1.2647205579438707,0.6664451087488514,1.4040767999116561
36,12,1,15,0,2,5,7,0.800401961,0.8001509986265665,1.387238369876064,0,0,0.00040196100000000623,3.9318256327243257,6.796823718274855,8.314097335405807,2.725235025856311,3.5263605246161616,0.8,0,0,0,0,0,0,0,2.2280471821756227,211455,26.72392571662174,23.96805085289929,13.865034700913025,-0.8660254037844386,0.5000000000000001,0.9792705109119583,0.8047062912325077,0.19460623917250247,0.39748051090269754,0.31835044575563654,0.663747223037126,-0.22888618729874646,-1.2647205579438707,0.6664451087488514,1.4040767999116561
37,1,0,0,0,2,0,7,0.796208333,0.795960874075188,1.361238262261227,1,0,-0.0037916669999999986,0.0,0.0,7.273092595999522,1.3711807233098425,2.4849066497880004,0.8,0,0,1,0,1,0,0,3.0456852791878175,346290,0.0,0.0,0.0,0.0,1.0,-0.9856129740972022,-1.1731446939116332,-0.5693857707660099,-1.0992948748235933,-0.8675859087010354,0.663747223037126,-0.22888618729874646,-0.028538824941726406,1.3678317129691895,1.488944250435106
37,1,1,12,0,2,0,7,1.000230409,0.9995822890559732,7.780303087908306,0,0,0.200230409,4.736198448394496,7.256297239690681,8.830689198760998,3.1144038032714896,4.04305126783455,0.8,0,0,0,1,0,0,0,2.5310834813499112,353130,34.36726372771226,29.337581754715753,19.148693141497397,0.0,1.0,1.3812463381577667,0.938411415073883,0.5737323286730242,0.8276687580304326,0.9067224814303124,0.663747223037126,-0.22888618729874646,-0.028538824941726406,1.3678317129691895,1.488944250435106
37,2,1,16,0,2,0,7,0.80037492,0.8001239802172097,1.387069417688144,0,0,0.0003749199999999453,4.1588830833596715,6.51471269087253,8.205491613120236,3.1144038032714896,4.04305126783455,0.8,0,0,0,0,0,0,0,2.5310834813499112,351360,27.09392840301833,26.339317404410018,16.814577522952984,0.0,1.0,1.0927397937785401,0.7226130081644958,0.11490064234006199,0.8276687580304326,0.9067224814303124,0.663747223037126,-0.22888618729874646,-0.028538824941726406,1.3678317129691895,1.488944250435106
37,3,1,17,0,2,0,7,0.500801724,0.5008010542222223,0.0032042196303696336,0,1,0.0008017240000000037,3.4339872044851463,7.140453043101158,8.848078421168667,3.40452517175483,4.060443010546419,0.5,1,0,0,0,0,1,0,1.9269102990033222,332550,24.520224384236403,28.993402650995005,13.94350934275755,0.0,1.0,0.7304816282848566,0.9047011751375774,0.5864942561413656,1.1483697243081041,0.9265270070534614,-2.2610999903818723,3.393677892448722,-0.028538824941726406,1.3678317129691895,1.488944250435106
37,4,0,6,0,2,0,7,0.902916667,0.9025800615973265,2.2262265010916744,0,0,0.15291666699999995,0.0,0.0,7.783640596221253,1.423108334242607,2.995732273553991,0.75,0,0,1,0,1,0,0,4.8192771084337345,410400,0.0,0.0,0.0,0.0,1.0,-0.9856129740972022,-1.1731446939116332,-0.19469526447499352,-1.0418939495153812,-0.28589266941854513,0.1762726874672926,-0.22888618729874646,-0.028538824941726406,1.3678317129691895,1.488944250435106
37,4,1,18,0,2,0,7,0.750392157,0.7501829739114452,1.0995883877408519,0,0,0.0003921569999999486,0.0,6.1779441140506,8.87360810154911,3.40452517175483,4.07753744390572,0.75,1,0,0,0,1,1,0,1.9601328903654485,417540,0.0,25.19079845139827,0.0,0.0,1.0,-0.9856129740972022,0.6246145769793618,0.6052304550159893,1.1483697243081041,0.9459929771454892,0.1762726874672926,3.393677892448722,-0.028538824941726406,1.3678317129691895,1.488944250435106
37,5,1,19,0,2,0,7,0.750392157,0.7501829739114452,1.0995883877408519,0,0,0.0003921569999999486,4.04305126783455,6.499787040655854,8.87360810154911,3.40452517175483,4.07753744390572,0.75,0,0,0,0,0,0,0,1.9601328903654485,346560,26.27897223537823,26.503125035687393,16.48569293222587,0.0,1.0,1.0348542101784763,0.7182696982290628,0.6052304550159893,1.1483697243081041,0.9459929771454892,0.1762726874672926,-0.22888618729874646,-0.028538824941726406,1.3678317129691895,1.488944250435106
37,6,0,8,0,2,0,7,0.483333333,0.48334725669841266,-0.06663561913969508,1,1,-0.31666666700000007,0.0,0.0,6.8679744089702925,1.0647107369924282,2.0794415416798357,0.8,0,0,1,0,1,0,0,2.7586206896551726,209055,0.0,0.0,0.0,0.0,1.0,-0.9856129740972022,-1.1731446939116332,-0.8667014757335281,-1.4380676486489155,-1.329301807783477,0.663747223037126,-0.22888618729874646,-0.028538824941726406,1.3678317129691895,1.488944250435106
37,6,1,20,0,2,0,7,0.557252451,0.5572046210492899,0.22982477040567473,1,1,-0.24274754900000006,0.0,6.71295620067707,8.314097335405807,2.933324813425374,3.5263605246161616,0.8,0,0,0,0,1,0,0,1.809473124002129,213135,0.0,23.672303749544906,0.0,0.0,1.0,-0.9856129740972022,0.7803011485985486,0.19460623917250247,0.6275035398673704,0.31835044575563654,0.663747223037126,-0.22888618729874646,-0.028538824941726406,1.3678317129691895,1.488944250435106
37,7,0,9,0,2,0,7,0.929277778,0.9289191499482038,2.570203743606896,0,0,0.22927777800000004,0.0,0.0,7.496097345175956,1.423108334242607,2.70805020110221,0.7,0,0,1,0,1,0,0,3.614457831325301,336090,0.0,0.0,0.0,0.0,1.0,-0.9856129740972022,-1.1731446939116332,-0.40572287846610844,-1.0418939495153812,-0.6134853132140259,-0.3112018481025408,-0.22888618729874646,-0.028538824941726406,1.3678317129691895,1.488944250435106
37,7,1,21,0,2,0,7,0.602,0.6019147869674185,0.413449799937102,1,1,-0.09799999999999998,0.0,6.86484777797086,8.881975184248867,3.40452517175483,4.0943445622221,0.7,1,0,0,0,1,1,0,1.9933554817275747,343290,0.0,28.10705217021746,0.0,0.0,1.0,-0.9856129740972022,0.8245010452323063,0.6113710460115266,1.1483697243081041,0.9651317725418185,-0.3112018481025408,3.393677892448722,-0.028538824941726406,1.3678317129691895,1.488944250435106
37,8,0,10,0,2,0,7,0.725625,0.7254365079365079,0.971591018608274,0,0,0.02562500000000001,0.0,0.0,6.8679744089702925,1.423108334242607,2.0794415416798357,0.7,0,0,1,0,1,0,0,1.9277108433734937,316920,0.0,0.0,0.0,0.0,1.0,-0.9856129740972022,-1.1731446939116332,-0.8667014757335281,-1.0418939495153812,-1.329301807783477,-0.3112018481025408,-0.22888618729874646,-0.028538824941726406,1.3678317129691895,1.488944250435106
37,8,1,22,0,2,0,7,0.700206125,0.7000388684210527,0.8474829549587769,0,0,0.00020612500000005696,0.0,6.715383386334681,8.548885638148727,3.40452517175483,4.0943445622221,0.7,1,0,0,0,1,1,0,1.9933554817275747,322080,0.0,27.495093451076034,0.0,0.0,1.0,-0.9856129740972022,0.7810074507983726,0.3669170659463742,1.1483697243081041,0.9651317725418185,-0.3112018481025408,3.393677892448722,-0.028538824941726406,1.3678317129691895,1.488944250435106
37,9,0,11,0,2,0,7,0.238041667,0.2382605127251462,-1.1622399506901944,1,1,-0.561958333,0.0,0.0,6.8679744089702925,1.3711807233098425,2.0794415416798357,0.8,0,0,1,0,1,0,0,2.030456852791878,334980,0.0,0.0,0.0,0.0,1.0,-0.9856129740972022,-1.1731446939116332,-0.8667014757335281,-1.0992948748235933,-1.329301807783477,0.663747223037126,-0.22888618729874646,-0.028538824941726406,1.3678317129691895,1.488944250435106
37,11,1,14,0,2,0,7,0.600447507,0.6003635909540519,0.40698030025245124,0,1,0.00044750700000006916,3.1780538303479458,6.946975992135418,7.732369222284388,2.4344901638739844,4.007333185232471,0.6,2,0,0,0,0,1,0,4.820333041191937,319200,22.077863661141187,27.838847430297534,12.735520578808488,0.0,1.0,0.6025819432328481,0.8484000568922304,-0.2323232584154199,0.07609033318004338,0.8660491749180281,-1.2861509192422065,7.01624197219619,-0.028538824941726406,1.3678317129691895,1.488944250435106
37,12,0,3,0,2,0,7,0.800888889,0.8006375198362573,1.3902836339567668,0,0,0.0008888889999999483,0.0,0.0,6.985641817639208,1.4060969884160703,2.1972245773362196,0.8,0,0,1,0,1,0,0,2.2058823529411766,212535,0.0,0.0,0.0,0.0,1.0,-0.9856129740972022,-1.1731446939116332,-0.7803455191751631,-1.0606983384260422,-1.1951785524965162,0.663747223037126,-0.22888618729874646,-0.028538824941726406,1.3678317129691895,1.488944250435106
37,12,1,15,0,2,0,7,0.800401961,0.8001509986265665,1.387238369876064,0,0,0.00040196100000000623,4.1588830833596715,6.849066282633458,8.314097335405807,2.725235025856311,3.5263605246161616,0.8,0,0,0,0,0,0,0,2.2280471821756227,216615,28.484465899653397,24.152276969558184,14.665721131653491,0.0,1.0,1.0927397937785401,0.8199086874790509,0.19460623917250247,0.39748051090269754,0.31835044575563654,0.663747223037126,-0.22888618729874646,-0.028538824941726406,1.3678317129691895,1.488944250435106
38,1,0,0,0,3,1,7,1.1204375,0.9995822890559732,7.780303087908306,0,0,0.32043749999999993,0.0,0.0,6.8679744089702925,1.3711807233098425,2.0794415416798357,0.8,0,0,1,0,1,0,0,2.030456852791878,354090,0.0,0.0,0.0,0.8660254037844386,0.5000000000000001,-0.9856129740972022,-1.1731446939116332,-0.8667014757335281,-1.0992948748235933,-1.329301807783477,0.663747223037126,-0.22888618729874646,1.207642908060418,0.6664451087488514,1.573811700958556
38,1,1,12,0,3,1,7,1.000230409,0.9995822890559732,7.780303087908306,0,0,0.200230409,4.736198448394496,7.259116128097101,8.830689198760998,3.1144038032714896,4.04305126783455,0.8,0,0,0,1,0,0,0,2.5310834813499112,360930,34.380614542608946,29.348978665061214,19.148693141497397,0.8660254037844386,0.5000000000000001,1.3812463381577667,0.9392317013491706,0.5737323286730242,0.8276687580304326,0.9067224814303124,0.663747223037126,-0.22888618729874646,1.207642908060418,0.6664451087488514,1.573811700958556
38,2,0,4,0,3,1,7,1.108125,0.9995822890559732,7.780303087908306,0,0,0.308125,0.0,0.0,6.8679744089702925,1.3711807233098425,2.0794415416798357,0.8,0,0,1,0,1,0,0,2.030456852791878,352320,0.0,0.0,0.0,0.8660254037844386,0.5000000000000001,-0.9856129740972022,-1.1731446939116332,-0.8667014757335281,-1.0992948748235933,-1.329301807783477,0.663747223037126,-0.22888618729874646,1.207642908060418,0.6664451087488514,1.573811700958556
38,2,1,16,0,3,1,7,0.432122899,0.432179605015873,-0.2729639085090215,1,1,-0.36787710100000004,0.0,2.5649493574615367,8.839421607620602,3.1144038032714896,4.051784947803305,0.8,0,0,0,0,1,0,0,2.5532859680284195,359220,0.0,10.392623198440413,0.0,0.8660254037844386,0.5000000000000001,-0.9856129740972022,-0.42675375841334373,0.5801410320570825,0.8276687580304326,0.9166677981010531,0.663747223037126,-0.22888618729874646,1.207642908060418,0.6664451087488514,1.573811700958556
38,3,1,17,0,3,1,7,0.475718391,0.4757386763876358,-0.0971215649002985,1,1,-0.12428160899999996,3.4339872044851463,7.216709486709457,8.848078421168667,3.40452517175483,4.060443010546419,0.6,1,0,0,0,0,1,0,1.9269102990033222,339510,24.782088035846844,29.303037594453453,13.94350934275755,0.8660254037844386,0.5000000000000001,0.7304816282848566,0.9268915229185178,0.5864942561413656,1.1483697243081041,0.9265270070534614,-1.2861509192422065,3.393677892448722,1.207642908060418,0.6664451087488514,1.573811700958556
38,4,0,6,0,3,1,7,0.287041667,0.28721957705263157,-0.9089264107025774,1,1,-0.462958333,0.0,0.0,7.783640596221253,1.423108334242607,2.995732273553991,0.75,0,0,1,0,1,0,0,4.8192771084337345,419940,0.0,0.0,0.0,0.8660254037844386,0.5000000000000001,-0.9856129740972022,-1.1731446939116332,-0.19469526447499352,-1.0418939495153812,-0.28589266941854513,0.1762726874672926,-0.22888618729874646,1.207642908060418,0.6664451087488514,1.573811700958556
38,4,1,18,0,3,1,7,0.598627451,0.5985450554686718,0.3994064935787941,1,1,-0.15137254899999997,0.0,6.824373670043086,8.87360810154911,3.40452517175483,4.085976312551584,0.75,1,0,0,0,1,1,0,1.9767441860465116,427080,0.0,27.88422916379677,0.0,0.8660254037844386,0.5000000000000001,-0.9856129740972022,0.8127232270107537,0.6052304550159893,1.1483697243081041,0.9556025828702426,0.1762726874672926,3.393677892448722,1.207642908060418,0.6664451087488514,1.573811700958556
38,5,0,7,0,3,1,7,0.760833333,0.7606154271244779,1.1560565278635149,0,0,0.010833333,0.0,0.0,5.484796933490655,1.423108334242607,0.6931471805599453,0.75,0,0,1,0,1,0,0,0.48192771084337344,346800,0.0,0.0,0.0,0.8660254037844386,0.5000000000000001,-0.9856129740972022,-1.1731446939116332,-1.8818136069194566,-1.0418939495153812,-2.9079188935393216,0.1762726874672926,-0.22888618729874646,1.207642908060418,0.6664451087488514,1.573811700958556
38,5,1,19,0,3,1,7,0.722568627,0.7223826882974103,0.9563114489355116,1,0,-0.07743137300000003,0.0,6.522092798170152,8.87360810154911,3.40452517175483,4.085976312551584,0.8,0,0,0,0,1,0,0,1.9767441860465116,353940,0.0,26.64911668158652,0.0,0.8660254037844386,0.5000000000000001,-0.9856129740972022,0.7247605925500998,0.6052304550159893,1.1483697243081041,0.9556025828702426,0.663747223037126,-0.22888618729874646,1.207642908060418,0.6664451087488514,1.573811700958556
38,6,0,8,0,3,1,7,0.604166667,0.6040796438863827,0.4224929798792497,1,1,-0.19583333300000005,0.0,0.0,6.8679744089702925,1.0647107369924282,2.0794415416798357,0.8,0,0,1,0,1,0,0,2.7586206896551726,214095,0.0,0.0,0.0,0.8660254037844386,0.5000000000000001,-0.9856129740972022,-1.1731446939116332,-0.8667014757335281,-1.4380676486489155,-1.329301807783477,0.663747223037126,-0.22888618729874646,1.207642908060418,0.6664451087488514,1.573811700958556
38,6,1,20,0,3,1,7,0.681598039,0.6814463280233919,0.7604265167281344,1,1,-0.06840196099999996,0.0,6.703188113240863,8.314097335405807,2.933324813425374,3.5263605246161616,0.75,0,0,0,0,1,0,0,1.809473124002129,218175,0.0,23.63785795160887,0.0,0.8660254037844386,0.5000000000000001,-0.9856129740972022,0.7774586706765848,0.19460623917250247,0.6275035398673704,0.31835044575563654,0.1762726874672926,-0.22888618729874646,1.207642908060418,0.6664451087488514,1.573811700958556
38,7,1,21,0,3,1,7,0.700632768,0.700465154994152,0.8495138667766903,0,0,0.0006327680000000058,0.0,6.782192056006791,8.865170419651774,3.40452517175483,4.07753744390572,0.7,1,0,0,0,1,1,0,1.9601328903654485,350370,0.0,27.65464206012761,0.0,0.8660254037844386,0.5000000000000001,-0.9856129740972022,0.800448530721024,0.5990380513621463,1.1483697243081041,0.9459929771454892,-0.3112018481025408,3.393677892448722,1.207642908060418,0.6664451087488514,1.573811700958556
38,8,0,10,0,3,1,7,0.605208333,0.6051204396558062,0.4268467041441004,1,1,-0.09479166699999997,0.0,0.0,6.8679744089702925,1.423108334242607,2.0794415416798357,0.7,0,0,1,0,1,0,0,1.9277108433734937,323040,0.0,0.0,0.0,0.8660254037844386,0.5000000000000001,-0.9856129740972022,-1.1731446939116332,-0.8667014757335281,-1.0418939495153812,-1.329301807783477,-0.3112018481025408,-0.22888618729874646,1.207642908060418,0.6664451087488514,1.573811700958556
38,8,1,22,0,3,1,7,0.700573099,0.7004055358429406,0.8492297301850881,0,0,0.0005730990000000213,3.713572066704308,6.230481447578482,8.679482094459956,3.40452517175483,4.07753744390572,0.7,1,1,0,0,0,1,0,1.9601328903654485,328920,23.13734186584687,25.405021396061173,15.142229152629165,0.8660254037844386,0.5000000000000001,0.870200865542169,0.6399027499822276,0.4627616335753051,1.1483697243081041,0.9459929771454892,-0.3112018481025408,3.393677892448722,1.207642908060418,0.6664451087488514,1.573811700958556
38,9,1,23,0,3,1,7,0.283054487,0.28323572803007524,-0.9284675044659559,1,1,-0.21694551299999998,0.0,7.4318919168078,8.571870752706934,2.933324813425374,3.9889840465642745,0.5,1,0,0,0,1,1,0,2.873869079297499,340260,0.0,29.6456982919363,0.0,0.8660254037844386,0.5000000000000001,-0.9856129740972022,0.9895088275591243,0.38378581130867345,0.6275035398673704,0.8451544323417699,-2.2610999903818723,3.393677892448722,1.207642908060418,0.6664451087488514,1.573811700958556
38,11,0,2,0,3,1,7,0.715333333,0.7151534388203843,0.9205464659563577,0,0,0.11533333300000004,0.0,0.0,7.0909098220799835,1.0647107369924282,2.302585092994046,0.6,0,0,1,0,1,0,0,3.4482758620689657,320400,0.0,0.0,0.0,0.8660254037844386,0.5000000000000001,-0.9856129740972022,-1.1731446939116332,-0.7030894690818731,-1.4380676486489155,-1.0752012122964671,-1.2861509192422065,-0.22888618729874646,1.207642908060418,0.6664451087488514,1.573811700958556
38,11,1,14,0,3,1,7,0.650223718,0.650098217817878,0.6194709630449203,0,1,0.00022371799999998387,3.1780538303479458,6.55250788703459,7.878912912297132,2.4344901638739844,3.970291913552122,0.65,2,0,0,0,0,1,0,4.645048203330412,323040,20.824222788775405,26.015369077379933,12.617801423463796,0.8660254037844386,0.5000000000000001,0.6025819432328481,0.7336112728041766,-0.12477503693422305,0.07609033318004338,0.8238691112946817,-0.7986763836723731,7.01624197219619,1.207642908060418,0.6664451087488514,1.573811700958556
38,12,0,3,0,3,1,7,0.876444444,0.8761299540718462,1.956281429987698,0,0,0.07644444399999994,0.0,0.0,6.985641817639208,1.4060969884160703,2.1972245773362196,0.8,0,0,1,0,1,0,0,2.2058823529411766,217695,0.0,0.0,0.0,0.8660254037844386,0.5000000000000001,-0.9856129740972022,-1.1731446939116332,-0.7803455191751631,-1.0606983384260422,-1.1951785524965162,0.663747223037126,-0.22888618729874646,1.207642908060418,0.6664451087488514,1.573811700958556
38,12,1,15,0,3,1,7,0.800806306,0.8005550058279032,1.3897667645374676,0,0,0.0008063059999999789,3.9318256327243257,7.02197642307216,7.273092595999522,2.725235025856311,3.5263605246161616,0.8,0,0,0,0,0,0,0,2.2280471821756227,219135,27.609186892620993,24.76202046310706,13.865034700913025,0.8660254037844386,0.5000000000000001,0.9792705109119583,0.8702249095532791,-0.5693857707660099,0.39748051090269754,0.31835044575563654,0.663747223037126,-0.22888618729874646,1.207642908060418,0.6664451087488514,1.573811700958556
39,1,1,12,0,3,2,7,1.000230409,0.9995822890559732,7.780303087908306,0,0,0.200230409,4.736198448394496,7.260522598089852,8.830689198760998,3.1144038032714896,4.04305126783455,0.8,0,0,0,1,0,0,0,2.5310834813499112,367770,34.387275863606334,29.35466509534858,19.148693141497397,0.8660254037844387,-0.4999999999999998,1.3812463381577667,0.9396409790023867,0.5737323286730242,0.8276687580304326,0.9067224814303124,0.663747223037126,-0.22888618729874646,1.207642908060418,-0.7363280996918251,1.6586791514820058
39,3,0,5,0,3,2,7,0.864583333,0.8642787521035923,1.8512922120070192,0,0,0.364583333,0.0,0.0,6.8679744089702925,1.423108334242607,2.0794415416798357,0.5,0,0,1,0,1,0,0,1.9277108433734937,340470,0.0,0.0,0.0,0.8660254037844387,-0.4999999999999998,-0.9856129740972022,-1.1731446939116332,-0.8667014757335281,-1.0418939495153812,-1.329301807783477,-2.2610999903818723,-0.22888618729874646,1.207642908060418,-0.7363280996918251,1.6586791514820058
39,3,1,17,0,3,2,7,0.802243319,0.8019908183157896,1.3987837575550695,0,0,0.152243319,4.1588830833596715,7.142036574706803,6.398594934535208,3.40452517175483,4.060443010546419,0.65,1,0,0,0,0,1,0,1.9269102990033222,341070,29.702895091284176,28.999832490835125,16.886907747507518,0.8660254037844387,-0.4999999999999998,1.0927397937785401,0.9051619770762551,-1.2111784550622335,1.1483697243081041,0.9265270070534614,-0.7986763836723731,3.393677892448722,1.207642908060418,-0.7363280996918251,1.6586791514820058
39,4,0,6,0,3,2,7,0.722333333,0.722147590867168,0.9551394671734489,1,0,-0.027666666999999978,0.0,0.0,7.496097345175956,1.423108334242607,2.70805020110221,0.75,0,0,1,0,1,0,0,3.614457831325301,428880,0.0,0.0,0.0,0.8660254037844387,-0.4999999999999998,-0.9856129740972022,-1.1731446939116332,-0.40572287846610844,-1.0418939495153812,-0.6134853132140259,0.1762726874672926,-0.22888618729874646,1.207642908060418,-0.7363280996918251,1.6586791514820058
39,4,1,18,0,3,2,7,0.750356125,0.7501469720133668,1.0993962930818257,0,0,0.00035612500000004044,0.0,6.816735880594968,8.85666093701725,3.40452517175483,4.060443010546419,0.75,1,0,0,0,1,1,0,1.9269102990033222,435900,0.0,27.678967561102827,0.0,0.8660254037844387,-0.4999999999999998,-0.9856129740972022,0.8105006580564248,0.5927929532416565,1.1483697243081041,0.9265270070534614,0.1762726874672926,3.393677892448722,1.207642908060418,-0.7363280996918251,1.6586791514820058
39,5,0,7,0,3,2,7,0.629416667,0.6293085494837093,0.5292516293340368,1,1,-0.12058333300000001,0.0,0.0,7.0909098220799835,1.423108334242607,2.302585092994046,0.75,0,0,1,0,1,0,0,2.4096385542168672,355140,0.0,0.0,0.0,0.8660254037844387,-0.4999999999999998,-0.9856129740972022,-1.1731446939116332,-0.7030894690818731,-1.0418939495153812,-1.0752012122964671,0.1762726874672926,-0.22888618729874646,1.207642908060418,-0.7363280996918251,1.6586791514820058
39,5,1,19,0,3,2,7,0.800980392,0.8007289463926484,1.3908565194174678,0,0,0.0009803919999999966,0.0,6.135564891081739,0.0,3.40452517175483,4.07753744390572,0.8,0,0,0,0,1,0,0,1.9601328903654485,355140,0.0,25.017995582899108,0.0,0.8660254037844387,-0.4999999999999998,-0.9856129740972022,0.6122823772088666,-5.90709886711144,1.1483697243081041,0.9459929771454892,0.663747223037126,-0.22888618729874646,1.207642908060418,-0.7363280996918251,1.6586791514820058
39,6,0,8,0,3,2,7,0.773333333,0.7731049843508772,1.2259274291577404,1,0,-0.02666666700000009,0.0,0.0,6.8679744089702925,1.0647107369924282,2.0794415416798357,0.8,0,0,1,0,1,0,0,2.7586206896551726,219135,0.0,0.0,0.0,0.8660254037844387,-0.4999999999999998,-0.9856129740972022,-1.1731446939116332,-0.8667014757335281,-1.4380676486489155,-1.329301807783477,0.663747223037126,-0.22888618729874646,1.207642908060418,-0.7363280996918251,1.6586791514820058
39,6,1,20,0,3,2,7,0.75065101,0.7504416106599834,1.1009689342378093,0,0,0.0006510100000000074,0.0,6.79794041297493,8.284251797621916,2.933324813425374,3.4965075614664802,0.75,0,0,0,0,1,0,0,1.7562533262373603,223095,0.0,23.769050056365412,0.0,0.8660254037844387,-0.4999999999999998,-0.9856129740972022,0.8050312453293323,0.1727026382223141,0.6275035398673704,0.28435593563553735,0.1762726874672926,-0.22888618729874646,1.207642908060418,-0.7363280996918251,1.6586791514820058
39,7,0,9,0,3,2,7,0.258,0.25820217209690893,-1.0553338460714827,1,1,-0.44199999999999995,0.0,0.0,7.496097345175956,1.423108334242607,2.70805020110221,0.7,0,0,1,0,1,0,0,3.614457831325301,352170,0.0,0.0,0.0,0.8660254037844387,-0.4999999999999998,-0.9856129740972022,-1.1731446939116332,-0.40572287846610844,-1.0418939495153812,-0.6134853132140259,-0.3112018481025408,-0.22888618729874646,1.207642908060418,-0.7363280996918251,1.6586791514820058
39,7,1,21,0,3,2,7,0.700459889,0.7002924204210526,0.8486907267150163,0,0,0.0004598890000000466,3.4339872044851463,6.665683717782408,6.398594934535208,3.40452517175483,4.07753744390572,0.7,1,0,0,0,0,1,0,1.9601328903654485,352770,22.88987259600977,27.179574948490455,14.002211408181312,0.8660254037844387,-0.4999999999999998,0.7304816282848566,0.7665450279841468,-1.2111784550622335,1.1483697243081041,0.9459929771454892,-0.3112018481025408,3.393677892448722,1.207642908060418,-0.7363280996918251,1.6586791514820058
39,8,1,22,0,3,2,7,0.621971751,0.6218698531294904,0.497492391253077,1,1,-0.07802824899999994,3.332204510175204,2.0794415416798357,8.865170419651774,3.40452517175483,4.07753744390572,0.7,2,1,0,0,0,1,0,1.9601328903654485,336000,6.929124483831227,8.479000748612567,13.587188660990911,0.8660254037844387,-0.4999999999999998,0.6796169273060471,-0.5680347672406181,0.5990380513621463,1.1483697243081041,0.9459929771454892,-0.3112018481025408,7.01624197219619,1.207642908060418,-0.7363280996918251,1.6586791514820058
39,9,0,11,0,3,2,7,0.960433333,0.9600486769156225,3.17932219812541,0,0,0.16043333299999996,0.0,0.0,7.0909098220799835,1.3711807233098425,2.302585092994046,0.8,0,0,1,0,1,0,0,2.5380710659898478,341460,0.0,0.0,0.0,0.8660254037844387,-0.4999999999999998,-0.9856129740972022,-1.1731446939116332,-0.7030894690818731,-1.0992948748235933,-1.0752012122964671,0.663747223037126,-0.22888618729874646,1.207642908060418,-0.7363280996918251,1.6586791514820058
39,9,1,23,0,3,2,7,0.329964879,0.33010693006182124,-0.7077014700764905,1,1,-0.270035121,0.0,7.651595573857601,8.594339400592892,2.933324813425374,3.9889840465642745,0.6,1,0,0,0,1,1,0,2.873869079297499,346860,0.0,30.522092674879787,0.0,0.8660254037844387,-0.4999999999999998,-0.9856129740972022,1.0534417928010142,0.4002755224590608,0.6275035398673704,0.8451544323417699,-1.2861509192422065,3.393677892448722,1.207642908060418,-0.7363280996918251,1.6586791514820058
39,10,1,13,0,3,2,7,0.35542803,0.35554880858813703,-0.5947365531499981,1,1,-0.24457196999999997,0.0,7.0317412587631285,8.571870752706934,2.9025198918318122,3.784189633918261,0.6,1,0,0,0,1,1,0,2.4149286498353457,341910,0.0,26.609442379806776,0.0,0.8660254037844387,-0.4999999999999998,-0.9856129740972022,0.8730664412292035,0.38378581130867345,0.5934516940043504,0.6119485794310182,-1.2861509192422065,3.393677892448722,1.207642908060418,-0.7363280996918251,1.6586791514820058
39,11,1,14,0,3,2,7,0.565972222,0.5659171073617376,0.2652121013281591,1,1,-0.134027778,3.4339872044851463,6.523562306149512,7.6783263565068856,2.4344901638739844,3.9889840465642745,0.7,2,0,0,0,0,1,0,4.732690622261174,325200,22.401829486979036,26.022385965998453,13.698120174797099,0.8660254037844387,-0.4999999999999998,0.7304816282848566,0.7251882140281793,-0.2719852465748004,0.07609033318004338,0.8451544323417699,-0.3112018481025408,7.01624197219619,1.207642908060418,-0.7363280996918251,1.6586791514820058
39,12,0,3,0,3,2,7,0.891555556,0.8912284419181288,2.1033508972864143,0,0,0.09155555599999998,0.0,0.0,6.985641817639208,1.4060969884160703,2.1972245773362196,0.8,0,0,1,0,1,0,0,2.2058823529411766,220215,0.0,0.0,0.0,0.8660254037844387,-0.4999999999999998,-0.9856129740972022,-1.1731446939116332,-0.7803455191751631,-1.0606983384260422,-1.1951785524965162,0.663747223037126,-0.22888618729874646,1.207642908060418,-0.7363280996918251,1.6586791514820058
39,12,1,15,0,3,2,7,0.800312375,0.8000614874686716,1.386678702114109,0,0,0.00031237499999992036,3.6635616461296463,6.984716320118265,8.221747728346623,2.725235025856311,3.5263605246161616,0.8,0,0,0,0,0,0,0,2.2280471821756227,223935,25.588938819481076,24.63062790690731,12.919039168409387,0.8660254037844387,-0.4999999999999998,0.8452087477209552,0.8593823550912901,0.12683098393743322,0.39748051090269754,0.31835044575563654,0.663747223037126,-0.22888618729874646,1.207642908060418,-0.7363280996918251,1.6586791514820058
40,1,1,12,0,3,3,7,1.000230409,0.9995822890559732,7.780303087908306,0,0,0.200230409,4.736198448394496,7.27655640271871,8.830689198760998,3.1144038032714896,4.04305126783455,0.8,0,0,0,1,0,0,0,2.5310834813499112,374610,34.46321514421139,29.419490589481494,19.148693141497397,1.2246467991473532e-16,-1.0,1.3812463381577667,0.9443067578419245,0.5737323286730242,0.8276687580304326,0.9067224814303124,0.663747223037126,-0.22888618729874646,-0.028538824941726233,-1.4377147039121636,1.7435466020054555
40,2,0,4,0,3,3,7,0.5814,0.5813319966583125,0.3282437654218233,1,1,-0.21860000000000002,0.0,0.0,7.496097345175956,1.6351056591826783,2.70805020110221,0.8,0,0,1,0,1,0,0,2.9239766081871346,361020,0.0,0.0,0.0,1.2246467991473532e-16,-1.0,-0.9856129740972022,-1.1731446939116332,-0.40572287846610844,-0.8075515178910575,-0.6134853132140259,0.663747223037126,-0.22888618729874646,-0.028538824941726233,-1.4377147039121636,1.7435466020054555
40,2,1,16,0,3,3,7,0.361071429,0.3611874929690894,-0.5702138004836139,1,1,-0.138928571,0.0,6.732210706467206,8.812992231969966,3.41213732170049,4.02535169073515,0.5,1,0,0,0,1,1,0,1.8463567424991758,367740,0.0,27.099515749663045,0.0,1.2246467991473532e-16,-1.0,-0.9856129740972022,0.7859041397638322,0.5607445480062361,1.1567842159940684,0.8865674150869745,-2.2610999903818723,3.393677892448722,-0.028538824941726233,-1.4377147039121636,1.7435466020054555
40,3,0,5,0,3,3,7,0.7866,0.7863605680868838,1.3031257288819116,0,0,0.28659999999999997,0.0,0.0,7.496097345175956,1.6351056591826783,2.70805020110221,0.5,0,0,1,0,1,0,0,2.9239766081871346,342870,0.0,0.0,0.0,1.2246467991473532e-16,-1.0,-0.9856129740972022,-1.1731446939116332,-0.40572287846610844,-0.8075515178910575,-0.6134853132140259,-2.2610999903818723,-0.22888618729874646,-0.028538824941726233,-1.4377147039121636,1.7435466020054555
40,3,1,17,0,3,3,7,0.700603448,0.7004358594887218,0.8493742444236544,0,0,0.0006034480000000064,3.9318256327243257,7.260522598089852,8.848078421168667,3.40452517175483,4.060443010546419,0.7,1,0,0,0,0,1,0,1.9269102990033222,349830,28.547108858143897,29.480938236328267,15.964953909082741,1.2246467991473532e-16,-1.0,0.9792705109119583,0.9396409790023867,0.5864942561413656,1.1483697243081041,0.9265270070534614,-0.3112018481025408,3.393677892448722,-0.028538824941726233,-1.4377147039121636,1.7435466020054555
40,4,0,6,0,3,3,7,0.656666667,0.6565357842372598,0.6478942689815335,1,1,-0.09333333300000002,0.0,0.0,6.8679744089702925,1.6351056591826783,2.0794415416798357,0.75,0,0,1,0,1,0,0,1.5594541910331385,436860,0.0,0.0,0.0,1.2246467991473532e-16,-1.0,-0.9856129740972022,-1.1731446939116332,-0.8667014757335281,-0.8075515178910575,-1.329301807783477,0.1762726874672926,-0.22888618729874646,-0.028538824941726233,-1.4377147039121636,1.7435466020054555
40,4,1,18,0,3,3,7,0.750356125,0.7501469720133668,1.0993962930818257,0,0,0.00035612500000004044,3.828641396489095,6.745236349484362,8.85666093701725,3.40452517175483,4.060443010546419,0.75,1,0,0,0,0,1,0,1.9269102990033222,443880,25.82509111673881,27.38864778974742,15.545980198262827,1.2246467991473532e-16,-1.0,0.9277054058868384,0.7896945545136437,0.5927929532416565,1.1483697243081041,0.9265270070534614,0.1762726874672926,3.393677892448722,-0.028538824941726233,-1.4377147039121636,1.7435466020054555
40,5,1,19,0,3,3,7,0.653431373,0.6533031930726817,0.6335906866927216,1,1,-0.14656862700000006,0.0,6.523562306149512,8.87360810154911,3.40452517175483,4.07753744390572,0.8,0,0,0,0,1,0,0,1.9601328903654485,362280,0.0,26.600069570976583,0.0,1.2246467991473532e-16,-1.0,-0.9856129740972022,0.7251882140281793,0.6052304550159893,1.1483697243081041,0.9459929771454892,0.663747223037126,-0.22888618729874646,-0.028538824941726233,-1.4377147039121636,1.7435466020054555
40,6,0,8,0,3,3,7,0.749166667,0.7489585077126149,1.0930653516825524,1,0,-0.050833333000000036,0.0,0.0,6.8679744089702925,1.0647107369924282,2.0794415416798357,0.8,0,0,1,0,1,0,0,2.7586206896551726,224055,0.0,0.0,0.0,1.2246467991473532e-16,-1.0,-0.9856129740972022,-1.1731446939116332,-0.8667014757335281,-1.4380676486489155,-1.329301807783477,0.663747223037126,-0.22888618729874646,-0.028538824941726233,-1.4377147039121636,1.7435466020054555
40,6,1,20,0,3,3,7,0.750621354,0.7504119794352547,1.100810720819534,0,0,0.0006213539999999629,0.0,6.588926477533519,8.119993827725105,2.933324813425374,3.4965075614664802,0.75,0,0,0,0,1,0,0,1.7562533262373603,227415,0.0,23.03823125064265,0.0,1.2246467991473532e-16,-1.0,-0.9856129740972022,0.7442089502019583,0.05215393001810756,0.6275035398673704,0.28435593563553735,0.1762726874672926,-0.22888618729874646,-0.028538824941726233,-1.4377147039121636,1.7435466020054555
40,7,0,9,0,3,3,7,0.91375,0.9134043441938179,2.3559290063997795,0,0,0.21375,0.0,0.0,7.0909098220799835,1.6351056591826783,2.302585092994046,0.7,0,0,1,0,1,0,0,1.9493177387914231,353970,0.0,0.0,0.0,1.2246467991473532e-16,-1.0,-0.9856129740972022,-1.1731446939116332,-0.7030894690818731,-0.8075515178910575,-1.0752012122964671,-0.3112018481025408,-0.22888618729874646,-0.028538824941726233,-1.4377147039121636,1.7435466020054555
40,7,1,21,0,3,3,7,0.700888203,0.700720376598162,0.8507305836074044,0,0,0.0008882030000000318,3.4339872044851463,6.333279628139691,6.734591659972948,3.40452517175483,4.07753744390572,0.7,1,0,0,0,0,1,0,1.9601328903654485,354810,21.748401205458144,25.82418482646488,14.002211408181312,1.2246467991473532e-16,-1.0,0.7304816282848566,0.6698166466965619,-0.9645908999024552,1.1483697243081041,0.9459929771454892,-0.3112018481025408,3.393677892448722,-0.028538824941726233,-1.4377147039121636,1.7435466020054555
40,8,1,22,0,3,3,7,0.600982906,0.6008985426700084,0.4092104425025228,0,1,0.0009829060000000611,3.1780538303479458,5.19295685089021,0.0,3.380994674344636,4.060443010546419,0.6,2,1,0,0,0,1,0,1.9727891156462587,336000,16.50349641080324,21.0857053492663,12.904306462576592,1.2246467991473532e-16,-1.0,0.6025819432328481,0.33798686533838934,-5.90709886711144,1.1223590471356752,0.9265270070534614,-1.2861509192422065,7.01624197219619,-0.028538824941726233,-1.4377147039121636,1.7435466020054555
40,9,0,11,0,3,3,7,0.586041667,0.5859697859081036,0.347329276303335,1,1,-0.213958333,0.0,0.0,6.8679744089702925,1.3711807233098425,2.0794415416798357,0.8,0,0,1,0,1,0,0,2.030456852791878,347820,0.0,0.0,0.0,1.2246467991473532e-16,-1.0,-0.9856129740972022,-1.1731446939116332,-0.8667014757335281,-1.0992948748235933,-1.329301807783477,0.663747223037126,-0.22888618729874646,-0.028538824941726233,-1.4377147039121636,1.7435466020054555
40,9,1,23,0,3,3,7,0.650134,0.650008574770259,0.6190768999171659,0,1,0.00013399999999996748,0.0,7.659642954564682,8.616314282284044,2.933324813425374,3.9318256327243257,0.65,1,0,0,0,1,1,0,2.7142096860031932,353340,0.0,30.116380506273707,0.0,1.2246467991473532e-16,-1.0,-0.9856129740972022,1.0557835513222094,0.4164028592480935,0.6275035398673704,0.7800663448380777,-0.7986763836723731,3.393677892448722,-0.028538824941726233,-1.4377147039121636,1.7435466020054555
40,10,0,1,0,3,3,7,0.927541667,0.9271844893333333,2.5442235722670996,0,0,0.12754166699999991,0.0,0.0,6.8679744089702925,1.3711807233098425,2.0794415416798357,0.8,0,0,1,0,1,0,0,2.030456852791878,342870,0.0,0.0,0.0,1.2246467991473532e-16,-1.0,-0.9856129740972022,-1.1731446939116332,-0.8667014757335281,-1.0992948748235933,-1.329301807783477,0.663747223037126,-0.22888618729874646,-0.028538824941726233,-1.4377147039121636,1.7435466020054555
40,10,1,13,0,3,3,7,0.302117347,0.30228266249958224,-0.836451511971464,1,1,-0.34788265300000004,0.0,6.60934924316738,0.0,2.9025198918318122,3.8918202981106265,0.65,1,1,0,0,1,1,0,2.689352360043908,342870,0.0,25.722399541860916,0.0,1.2246467991473532e-16,-1.0,-0.9856129740972022,0.7501519007333505,-5.90709886711144,0.5934516940043504,0.7345110093236575,-0.7986763836723731,3.393677892448722,-0.028538824941726233,-1.4377147039121636,1.7435466020054555
40,11,1,14,0,3,3,7,0.700614035,0.7004464376441102,0.8494246590014067,0,0,0.0006140350000000128,3.4339872044851463,6.961296045910167,8.137688184977605,2.4344901638739844,4.02535169073515,0.7,2,0,0,0,0,1,0,4.9079754601226995,328620,23.905001548288556,28.021664808112405,13.823006199537154,1.2246467991473532e-16,-1.0,0.7304816282848566,0.852567140465334,0.06513979554799705,0.07609033318004338,0.8865674150869745,-0.3112018481025408,7.01624197219619,-0.028538824941726233,-1.4377147039121636,1.7435466020054555
40,12,0,3,0,3,3,7,0.9025,0.9021637426900584,2.2215007990251148,0,0,0.10249999999999992,0.0,0.0,6.985641817639208,1.6351056591826783,2.1972245773362196,0.8,0,0,1,0,1,0,0,1.7543859649122808,225015,0.0,0.0,0.0,1.2246467991473532e-16,-1.0,-0.9856129740972022,-1.1731446939116332,-0.7803455191751631,-0.8075515178910575,-1.1951785524965162,0.663747223037126,-0.22888618729874646,-0.028538824941726233,-1.4377147039121636,1.7435466020054555
40,12,1,15,0,3,3,7,0.800401961,0.8001509986265665,1.387238369876064,0,0,0.00040196100000000623,3.6635616461296463,7.033506484287697,8.314097335405807,2.725235025856311,3.5263605246161616,0.8,0,0,0,0,0,0,0,2.2280471821756227,229095,25.767684593640578,24.802679615823937,12.919039168409387,1.2246467991473532e-16,-1.0,0.8452087477209552,0.8735801154375521,0.19460623917250247,0.39748051090269754,0.31835044575563654,0.663747223037126,-0.22888618729874646,-0.028538824941726233,-1.4377147039121636,1.7435466020054555
41,1,1,12,1,3,4,7,0.800279693,0.8000288327719298,1.3864745756876,0,0,0.00027969299999996977,4.1588830833596715,7.226209010100671,8.284251797621916,3.1144038032714896,4.04305126783455,0.8,0,0,0,0,0,0,0,2.5310834813499112,378570,30.05295840892892,29.21593349992497,16.814577522952984,-0.8660254037844384,-0.5000000000000004,1.0927397937785401,0.9296558496800306,0.1727026382223141,0.8276687580304326,0.9067224814303124,0.663747223037126,-0.22888618729874646,-1.2647205579438705,-0.736328099691826,1.8284140525289054
41,2,0,4,1,3,4,7,0.919125,0.9187748538011696,2.4258162204399425,0,0,0.11912499999999993,0.0,0.0,7.273092595999522,1.6351056591826783,2.4849066497880004,0.8,0,0,1,0,1,0,0,2.3391812865497075,369180,0.0,0.0,0.0,-0.8660254037844384,-0.5000000000000004,-0.9856129740972022,-1.1731446939116332,-0.5693857707660099,-0.8075515178910575,-0.8675859087010354,0.663747223037126,-0.22888618729874646,-1.2647205579438705,-0.736328099691826,1.8284140525289054
41,2,1,16,1,3,4,7,0.328131579,0.3282751616407686,-0.7159966258020857,1,1,-0.27186842099999997,0.0,6.767343125265392,8.830689198760998,3.41213732170049,4.04305126783455,0.6,1,0,0,0,1,1,0,1.8793273986152326,376020,0.0,27.36071520247567,0.0,-0.8660254037844384,-0.5000000000000004,-0.9856129740972022,0.7961275458739036,0.5737323286730242,1.1567842159940684,0.9067224814303124,-1.2861509192422065,3.393677892448722,-1.2647205579438705,-0.736328099691826,1.8284140525289054
41,3,0,5,1,3,4,7,0.2565,0.25670342522974104,-1.063173692475486,1,1,-0.2435,0.0,0.0,6.8679744089702925,1.6351056591826783,2.0794415416798357,0.5,0,0,1,0,1,0,0,1.5594541910331385,350790,0.0,0.0,0.0,-0.8660254037844384,-0.5000000000000004,-0.9856129740972022,-1.1731446939116332,-0.8667014757335281,-0.8075515178910575,-1.329301807783477,-2.2610999903818723,-0.22888618729874646,-1.2647205579438705,-0.736328099691826,1.8284140525289054
41,3,1,17,1,3,4,7,0.700603448,0.7004358594887218,0.8493742444236544,0,0,0.0006034480000000064,3.713572066704308,6.964135612418245,0.0,3.40452517175483,4.060443010546419,0.7,1,0,0,0,0,1,0,1.9269102990033222,350790,25.861819479017093,28.277475771941067,15.078747742409927,-0.8660254037844384,-0.5000000000000004,0.870200865542169,0.8533934439930072,-5.90709886711144,1.1483697243081041,0.9265270070534614,-0.3112018481025408,3.393677892448722,-1.2647205579438705,-0.736328099691826,1.8284140525289054
41,4,0,6,1,3,4,7,0.734645833,0.7344498047351712,1.0173177717216,1,0,-0.01535416700000003,0.0,0.0,6.8679744089702925,1.6351056591826783,2.0794415416798357,0.75,0,0,1,0,1,0,0,1.5594541910331385,444840,0.0,0.0,0.0,-0.8660254037844384,-0.5000000000000004,-0.9856129740972022,-1.1731446939116332,-0.8667014757335281,-0.8075515178910575,-1.329301807783477,0.1762726874672926,-0.22888618729874646,-1.2647205579438705,-0.736328099691826,1.8284140525289054
41,4,1,18,1,3,4,7,0.800980392,0.8007289463926484,1.3908565194174678,0,0,0.0009803919999999966,3.9318256327243257,6.762729506931879,6.175867270105761,3.40452517175483,4.060443010546419,0.8,1,0,0,0,0,1,0,1.9269102990033222,445320,26.589873222535903,27.45967775863758,15.964953909082741,-0.8660254037844384,-0.5000000000000004,0.9792705109119583,0.7947849997164266,-1.374637995230525,1.1483697243081041,0.9265270070534614,0.663747223037126,3.393677892448722,-1.2647205579438705,-0.736328099691826,1.8284140525289054
41,5,1,19,1,3,4,7,0.800980392,0.8007289463926484,1.3908565194174678,0,0,0.0009803919999999966,0.0,6.238324625039508,0.0,3.40452517175483,4.07753744390572,0.8,0,0,0,0,1,0,0,1.9601328903654485,362280,0.0,25.4370022458377,0.0,-0.8660254037844384,-0.5000000000000004,-0.9856129740972022,0.6421850861014123,-5.90709886711144,1.1483697243081041,0.9459929771454892,0.663747223037126,-0.22888618729874646,-1.2647205579438705,-0.736328099691826,1.8284140525289054
41,6,0,8,1,3,4,7,0.936861111,0.9364961476658313,2.6910448375931364,0,0,0.13686111099999998,0.0,0.0,7.273092595999522,1.0647107369924282,2.4849066497880004,0.8,0,0,1,0,1,0,0,4.137931034482759,228855,0.0,0.0,0.0,-0.8660254037844384,-0.5000000000000004,-0.9856129740972022,-1.1731446939116332,-0.5693857707660099,-1.4380676486489155,-0.8675859087010354,0.663747223037126,-0.22888618729874646,-1.2647205579438705,-0.736328099691826,1.8284140525289054
41,6,1,20,1,3,4,7,0.75065101,0.7504416106599834,1.1009689342378093,0,0,0.0006510100000000074,3.5553480614894135,6.633318433280377,8.284251797621916,2.933324813425374,3.4965075614664802,0.75,0,0,0,0,0,0,0,1.7562533262373603,232815,23.58375583300538,23.193448059579826,12.431301380642926,-0.8660254037844384,-0.5000000000000004,0.7911302851503994,0.7571268478914813,0.1727026382223141,0.6275035398673704,0.28435593563553735,0.1762726874672926,-0.22888618729874646,-1.2647205579438705,-0.736328099691826,1.8284140525289054
41,7,0,9,1,3,4,7,0.671875,0.6717314118629908,0.7160264363327833,1,1,-0.028124999999999956,0.0,0.0,6.8679744089702925,1.6351056591826783,2.0794415416798357,0.7,0,0,1,0,1,0,0,1.5594541910331385,355770,0.0,0.0,0.0,-0.8660254037844384,-0.5000000000000004,-0.9856129740972022,-1.1731446939116332,-0.8667014757335281,-0.8075515178910575,-1.329301807783477,-0.3112018481025408,-0.22888618729874646,-1.2647205579438705,-0.736328099691826,1.8284140525289054
41,7,1,21,1,3,4,7,0.75053268,0.7503233795154552,1.1003377238055945,0,0,0.0005326799999999521,3.828641396489095,6.317164686747284,7.732369222284388,3.40452517175483,4.07753744390572,0.75,1,0,0,0,0,1,0,1.9601328903654485,358050,24.18615822811972,25.758475549530996,15.61142865347177,-0.8660254037844384,-0.5000000000000004,0.9277054058868384,0.665127257353888,-0.2323232584154199,1.1483697243081041,0.9459929771454892,0.1762726874672926,3.393677892448722,-1.2647205579438705,-0.736328099691826,1.8284140525289054
41,8,0,10,1,3,4,7,0.58,0.5799331662489556,0.32249903969908267,1,1,-0.12,0.0,0.0,6.8679744089702925,1.6351056591826783,2.0794415416798357,0.7,0,0,1,0,1,0,0,1.5594541910331385,336960,0.0,0.0,0.0,-0.8660254037844384,-0.5000000000000004,-0.9856129740972022,-1.1731446939116332,-0.8667014757335281,-0.8075515178910575,-1.329301807783477,-0.3112018481025408,-0.22888618729874646,-1.2647205579438705,-0.736328099691826,1.8284140525289054
41,8,1,22,1,3,4,7,0.251399254,0.25160694050459487,-1.0900602106495443,1,1,-0.398600746,0.0,6.870053411798126,8.4252971767117,3.380994674344636,4.04305126783455,0.65,2,1,0,0,1,1,0,1.9387755102040818,341520,0.0,27.77597815666149,0.0,-0.8660254037844384,-0.5000000000000004,-0.9856129740972022,0.8260158657455813,0.27621565654421004,1.1223590471356752,0.9067224814303124,-0.7986763836723731,7.01624197219619,-1.2647205579438705,-0.736328099691826,1.8284140525289054
41,9,0,11,1,3,4,7,0.549791667,0.5497500699515455,0.1996609279828417,1,1,-0.250208333,0.0,0.0,6.8679744089702925,1.3711807233098425,2.0794415416798357,0.8,0,0,1,0,1,0,0,2.030456852791878,354300,0.0,0.0,0.0,-0.8660254037844384,-0.5000000000000004,-0.9856129740972022,-1.1731446939116332,-0.8667014757335281,-1.0992948748235933,-1.329301807783477,0.663747223037126,-0.22888618729874646,-1.2647205579438705,-0.736328099691826,1.8284140525289054
41,9,1,23,1,3,4,7,0.70009573,0.699928565647452,0.8469577199410406,0,0,9.573000000007159e-05,3.4339872044851463,7.370230641807081,8.4252971767117,2.933324813425374,3.9318256327243257,0.7,1,0,0,0,0,1,0,2.7142096860031932,358860,25.30927771806986,28.97846175654734,13.501838913042048,-0.8660254037844384,-0.5000000000000004,0.7304816282848566,0.9715656207671773,0.27621565654421004,0.6275035398673704,0.7800663448380777,-0.3112018481025408,3.393677892448722,-1.2647205579438705,-0.736328099691826,1.8284140525289054
41,10,0,1,1,3,4,7,0.64025,0.6401328320802006,0.5759407195830167,1,1,-0.15975000000000006,0.0,0.0,6.8679744089702925,1.3711807233098425,2.0794415416798357,0.8,0,0,1,0,1,0,0,2.030456852791878,343830,0.0,0.0,0.0,-0.8660254037844384,-0.5000000000000004,-0.9856129740972022,-1.1731446939116332,-0.8667014757335281,-1.0992948748235933,-1.329301807783477,0.663747223037126,-0.22888618729874646,-1.2647205579438705,-0.736328099691826,1.8284140525289054
41,10,1,13,1,3,4,7,0.303574468,0.30373856618880535,-0.829557861328097,1,1,-0.39642553199999997,0.0,7.02108396428914,8.637816633739977,2.9796028916241073,3.8501476017100584,0.7,1,1,0,0,1,1,0,2.388211382113821,349470,0.0,27.03220958651278,0.0,-0.8660254037844384,-0.5000000000000004,-0.9856129740972022,0.8699652072928761,0.4321834067185993,0.6786594560047909,0.6870569963863838,-0.3112018481025408,3.393677892448722,-1.2647205579438705,-0.736328099691826,1.8284140525289054
41,11,1,14,1,3,4,7,0.8211125,0.8208442355889725,1.5220777465423663,0,0,0.12111250000000007,3.4339872044851463,6.530877627725885,8.119993827725105,2.4344901638739844,4.02535169073515,0.7,2,0,0,0,0,1,0,4.9079754601226995,331980,22.426950207668995,26.289079300750753,13.823006199537154,-0.8660254037844384,-0.5000000000000004,0.7304816282848566,0.7273169460044955,0.05215393001810756,0.07609033318004338,0.8865674150869745,-0.3112018481025408,7.01624197219619,-1.2647205579438705,-0.736328099691826,1.8284140525289054
41,12,0,3,1,3,4,7,0.9918,0.9913891395154554,4.746082877252651,0,0,0.19179999999999997,0.0,0.0,7.0909098220799835,1.6351056591826783,2.302585092994046,0.8,0,0,1,0,1,0,0,1.9493177387914231,230295,0.0,0.0,0.0,-0.8660254037844384,-0.5000000000000004,-0.9856129740972022,-1.1731446939116332,-0.7030894690818731,-0.8075515178910575,-1.0752012122964671,0.663747223037126,-0.22888618729874646,-1.2647205579438705,-0.736328099691826,1.8284140525289054
41,12,1,15,1,3,4,7,0.800401961,0.8001509986265665,1.387238369876064,0,0,0.00040196100000000623,4.1588830833596715,6.999422467507961,8.314097335405807,2.725235025856311,3.5263605246161616,0.8,0,0,0,0,0,0,0,2.2280471821756227,234375,29.10977969340647,24.682487084531523,14.665721131653491,-0.8660254037844384,-0.5000000000000004,1.0927397937785401,0.8636617905023013,0.19460623917250247,0.39748051090269754,0.31835044575563654,0.663747223037126,-0.22888618729874646,-1.2647205579438705,-0.736328099691826,1.8284140525289054
42,1,1,12,1,3,5,8,0.800470513,0.8002194933567252,1.3876667596254062,0,0,0.00047051300000000573,4.1588830833596715,5.583496308781699,8.253488028345904,3.1144038032714896,4.04305126783455,0.8,0,0,0,0,0,0,0,2.5310834813499112,382410,23.22110834459338,22.57436183016938,16.814577522952984,-0.8660254037844386,0.5000000000000001,1.0927397937785401,0.4516324273751806,0.15012514838699428,0.8276687580304326,0.9067224814303124,0.663747223037126,-0.22888618729874646,-1.2647205579438707,0.6664451087488514,1.9132815030523553
42,2,0,4,1,3,5,8,0.710125,0.7099494569757727,0.8951385860584867,1,0,-0.08987500000000004,0.0,0.0,8.188966863648876,1.6351056591826783,2.70805020110221,0.8,0,0,1,0,1,0,0,2.9239766081871346,379620,0.0,0.0,0.0,-0.8660254037844386,0.5000000000000001,-0.9856129740972022,-1.1731446939116332,0.10277315042340172,-0.8075515178910575,-0.6134853132140259,0.663747223037126,-0.22888618729874646,-1.2647205579438707,0.6664451087488514,1.9132815030523553
42,2,1,16,1,3,5,8,0.585315789,0.5852445143224728,0.3443405776552969,1,1,-0.06468421099999999,0.0,6.7357800142423265,8.830689198760998,3.41213732170049,4.04305126783455,0.65,1,0,0,0,1,1,0,1.8793273986152326,386460,0.0,27.233103926437064,0.0,-0.8660254037844386,0.5000000000000001,-0.9856129740972022,0.7869427953464868,0.5737323286730242,1.1567842159940684,0.9067224814303124,-0.7986763836723731,3.393677892448722,-1.2647205579438707,0.6664451087488514,1.9132815030523553
42,3,0,5,1,3,5,8,0.81640625,0.816141917293233,1.4904240877186272,0,0,0.31640625,0.0,0.0,7.9658927350845286,1.6351056591826783,2.4849066497880004,0.5,0,0,1,0,1,0,0,2.3391812865497075,353670,0.0,0.0,0.0,-0.8660254037844386,0.5000000000000001,-0.9856129740972022,-1.1731446939116332,-0.060940659318095815,-0.8075515178910575,-0.8675859087010354,-2.2610999903818723,-0.22888618729874646,-1.2647205579438707,0.6664451087488514,1.9132815030523553
42,3,1,17,1,3,5,8,0.700603448,0.7004358594887218,0.8493742444236544,0,0,0.0006034480000000064,3.9318256327243257,5.5134287461649825,8.848078421168667,3.40452517175483,4.060443010546419,0.7,1,0,0,0,0,1,0,1.9269102990033222,360630,21.67784046837062,22.38696321651131,15.964953909082741,-0.8660254037844386,0.5000000000000001,0.9792705109119583,0.4312430214567208,0.5864942561413656,1.1483697243081041,0.9265270070534614,-0.3112018481025408,3.393677892448722,-1.2647205579438707,0.6664451087488514,1.9132815030523553
42,4,0,6,1,3,5,8,0.684027778,0.683874037166249,0.7716329937510829,1,1,-0.06597222199999997,0.0,0.0,7.560601162768557,1.6351056591826783,2.0794415416798357,0.75,0,0,1,0,1,0,0,1.5594541910331385,447240,0.0,0.0,0.0,-0.8660254037844386,0.5000000000000001,-0.9856129740972022,-1.1731446939116332,-0.358383611519654,-0.8075515178910575,-1.329301807783477,0.1762726874672926,-0.22888618729874646,-1.2647205579438707,0.6664451087488514,1.9132815030523553
42,4,1,18,1,3,5,8,0.800094017,0.7998433118897244,1.3853153479769227,0,0,9.40170000000018e-05,4.1588830833596715,6.756932389247553,8.85666093701725,3.40452517175483,4.069026754237811,0.8,1,0,0,0,0,1,0,1.9435215946843853,454260,28.101291809046696,27.49413866842431,16.922606533937543,-0.8660254037844386,0.5000000000000001,1.0927397937785401,0.7930980595516977,0.5927929532416565,1.1483697243081041,0.9363015865590966,0.663747223037126,3.393677892448722,-1.2647205579438707,0.6664451087488514,1.9132815030523553
42,5,0,7,1,3,5,8,0.631354167,0.6312444308538012,0.5375591478314955,1,1,-0.11864583299999998,0.0,0.0,7.560601162768557,1.6351056591826783,2.0794415416798357,0.75,0,0,1,0,1,0,0,1.5594541910331385,364200,0.0,0.0,0.0,-0.8660254037844386,0.5000000000000001,-0.9856129740972022,-1.1731446939116332,-0.358383611519654,-0.8075515178910575,-1.329301807783477,0.1762726874672926,-0.22888618729874646,-1.2647205579438707,0.6664451087488514,1.9132815030523553
42,5,1,19,1,3,5,8,0.799982853,0.7997322407585631,1.3846217052252505,1,0,-1.714699999999514e-05,4.1588830833596715,5.6240175061873385,6.398594934535208,3.40452517175483,4.085976312551584,0.8,0,1,0,0,0,0,0,1.9767441860465116,364800,23.389631267001167,22.979602311656897,16.993097765279114,-0.8660254037844386,0.5000000000000001,1.0927397937785401,0.46342394846354956,-1.2111784550622335,1.1483697243081041,0.9556025828702426,0.663747223037126,-0.22888618729874646,-1.2647205579438707,0.6664451087488514,1.9132815030523553
42,6,0,8,1,3,5,8,0.785864198,0.7856253807919799,1.298755022414304,1,0,-0.014135802000000086,0.0,0.0,8.371242135931933,1.0647107369924282,2.8903717578961645,0.8,0,0,1,0,1,0,0,6.206896551724138,237135,0.0,0.0,0.0,-0.8660254037844386,0.5000000000000001,-0.9856129740972022,-1.1731446939116332,0.2365447331666702,-1.4380676486489155,-0.40587000961859426,0.663747223037126,-0.22888618729874646,-1.2647205579438707,0.6664451087488514,1.9132815030523553
42,6,1,20,1,3,5,8,0.75065101,0.7504416106599834,1.1009689342378093,0,0,0.0006510100000000074,4.04305126783455,6.802394763324311,8.284251797621916,2.933324813425374,3.4965075614664802,0.75,0,0,0,0,0,0,0,1.7562533262373603,241095,27.50243077216946,23.78462472604344,14.136559329380145,-0.8660254037844386,0.5000000000000001,1.0348542101784763,0.80632744508261,0.1727026382223141,0.6275035398673704,0.28435593563553735,0.1762726874672926,-0.22888618729874646,-1.2647205579438707,0.6664451087488514,1.9132815030523553
42,7,1,21,1,3,5,8,0.611140537,0.6110476877627402,0.4517182593835949,1,1,-0.13885946299999996,0.0,6.09807428216624,0.0,3.40452517175483,4.07753744390572,0.75,1,1,0,0,1,1,0,1.9601328903654485,358050,0.0,24.865126221251337,0.0,-0.8660254037844386,0.5000000000000001,-0.9856129740972022,0.6013727463502936,-5.90709886711144,1.1483697243081041,0.9459929771454892,0.1762726874672926,3.393677892448722,-1.2647205579438707,0.6664451087488514,1.9132815030523553
42,8,0,10,1,3,5,8,0.672135417,0.671991611304929,0.7172066739210928,1,1,-0.027864582999999943,0.0,0.0,7.560601162768557,1.6351056591826783,2.0794415416798357,0.7,0,0,1,0,1,0,0,1.5594541910331385,343440,0.0,0.0,0.0,-0.8660254037844386,0.5000000000000001,-0.9856129740972022,-1.1731446939116332,-0.358383611519654,-0.8075515178910575,-1.329301807783477,-0.3112018481025408,-0.22888618729874646,-1.2647205579438707,0.6664451087488514,1.9132815030523553
42,8,1,22,1,3,5,8,0.7,0.6998329156223893,0.8465023470402906,0,0,0.0,0.0,7.018401799069201,8.738895704934043,3.380994674344636,4.04305126783455,0.7,2,0,0,0,1,1,0,1.9387755102040818,349680,0.0,28.37575829189902,0.0,-0.8660254037844386,0.5000000000000001,-0.9856129740972022,0.8691847069676562,0.506365204208124,1.1223590471356752,0.9067224814303124,-0.3112018481025408,7.01624197219619,-1.2647205579438707,0.6664451087488514,1.9132815030523553
42,9,1,23,1,3,5,8,0.638614379,0.6384985775137844,0.5688534710678315,1,1,-0.061385621,3.4339872044851463,7.38025578842646,8.71948076085107,2.933324813425374,3.9318256327243257,0.7,1,0,0,0,0,1,0,2.7142096860031932,364980,25.3437039432839,29.017878884997234,13.501838913042048,-0.8660254037844386,0.5000000000000001,0.7304816282848566,0.9744829019766401,0.49211660226491494,0.6275035398673704,0.7800663448380777,-0.3112018481025408,3.393677892448722,-1.2647205579438707,0.6664451087488514,1.9132815030523553
42,10,0,1,1,3,5,8,0.733277778,0.7330828926382624,1.010320631433288,1,0,-0.066722222,0.0,0.0,7.783640596221253,1.3711807233098425,2.302585092994046,0.8,0,0,1,0,1,0,0,2.5380710659898478,351870,0.0,0.0,0.0,-0.8660254037844386,0.5000000000000001,-0.9856129740972022,-1.1731446939116332,-0.19469526447499352,-1.0992948748235933,-1.0752012122964671,0.663747223037126,-0.22888618729874646,-1.2647205579438707,0.6664451087488514,1.9132815030523553
42,10,1,13,1,3,5,8,0.249416667,0.2496260098011696,-1.100607898842022,1,1,-0.450583333,0.0,7.2520539518528135,8.658866349732383,2.9796028916241073,3.871201010907891,0.7,1,0,0,0,1,1,0,2.4390243902439024,357630,0.0,28.07415858957118,0.0,-0.8660254037844386,0.5000000000000001,-0.9856129740972022,0.93717663374392,0.4476317656173736,0.6786594560047909,0.7110311770548096,-0.3112018481025408,3.393677892448722,-1.2647205579438707,0.6664451087488514,1.9132815030523553
42,11,1,14,1,3,5,8,0.700540441,0.7003729051261487,0.8490742304238962,0,0,0.0005404410000000581,3.4339872044851463,6.483107351457199,8.15507488781144,2.4344901638739844,4.060443010546419,0.7,2,0,0,0,0,1,0,5.083260297984224,335460,22.26290769020761,26.32428793184649,13.94350934275755,-0.8660254037844386,0.5000000000000001,0.7304816282848566,0.7134159693284946,0.07789987390441286,0.07609033318004338,0.9265270070534614,-0.3112018481025408,7.01624197219619,-1.2647205579438707,0.6664451087488514,1.9132815030523553
42,12,0,3,1,3,5,8,0.609583333,0.609491784685046,0.44517646305600644,1,1,-0.19041666700000004,0.0,0.0,7.6783263565068856,1.6351056591826783,2.1972245773362196,0.8,0,0,1,0,1,0,0,1.7543859649122808,236535,0.0,0.0,0.0,-0.8660254037844386,0.5000000000000001,-0.9856129740972022,-1.1731446939116332,-0.2719852465748004,-0.8075515178910575,-1.1951785524965162,0.663747223037126,-0.22888618729874646,-1.2647205579438707,0.6664451087488514,1.9132815030523553
42,12,1,15,1,3,5,8,0.800711494,0.8004602730359232,1.3891735543598263,0,0,0.0007114939999999237,3.6635616461296463,7.027314514039777,6.985641817639208,2.725235025856311,3.5263605246161616,0.8,0,0,0,0,0,0,0,2.2280471821756227,237615,25.74499992892632,24.780844496372072,12.919039168409387,-0.8660254037844386,0.5000000000000001,0.8452087477209552,0.8717782746127115,-0.7803455191751631,0.39748051090269754,0.31835044575563654,0.663747223037126,-0.22888618729874646,-1.2647205579438707,0.6664451087488514,1.9132815030523553
43,1,0,0,1,4,1,8,0.727349537,0.7271596042205514,0.9802589981914072,1,0,-0.072650463,0.0,0.0,7.9658927350845286,1.3711807233098425,2.4849066497880004,0.8,0,0,1,0,1,0,0,3.0456852791878175,385290,0.0,0.0,0.0,0.8660254037844386,0.5000000000000001,-0.9856129740972022,-1.1731446939116332,-0.060940659318095815,-1.0992948748235933,-0.8675859087010354,0.663747223037126,-0.22888618729874646,1.207642908060418,0.6664451087488514,1.9981489535758052
43,2,0,4,1,4,1,8,0.8300625,0.8297867585630744,1.584116737997879,0,0,0.030062499999999992,0.0,0.0,8.476579508530941,1.6351056591826783,2.995732273553991,0.8,0,0,1,0,1,0,0,3.8986354775828462,391260,0.0,0.0,0.0,0.8660254037844386,0.5000000000000001,-0.9856129740972022,-1.1731446939116332,0.3138516924601087,-0.8075515178910575,-0.28589266941854513,0.663747223037126,-0.22888618729874646,1.207642908060418,0.6664451087488514,1.9981489535758052
43,2,1,16,1,4,1,8,0.700605263,0.7004376729724311,0.8493828872584993,0,0,0.000605263000000078,0.0,6.616065185132817,8.830689198760998,3.41213732170049,4.04305126783455,0.7,1,0,0,0,1,1,0,1.8793273986152326,398100,0.0,26.749090734827266,0.0,0.8660254037844386,0.5000000000000001,-0.9856129740972022,0.752106215422548,0.5737323286730242,1.1567842159940684,0.9067224814303124,-0.3112018481025408,3.393677892448722,1.207642908060418,0.6664451087488514,1.9981489535758052
43,3,0,5,1,4,1,8,0.8721,0.8717891395154553,1.9168713261188537,0,0,0.3721,0.0,0.0,7.496097345175956,1.6351056591826783,2.70805020110221,0.5,0,0,1,0,1,0,0,2.9239766081871346,362430,0.0,0.0,0.0,0.8660254037844386,0.5000000000000001,-0.9856129740972022,-1.1731446939116332,-0.40572287846610844,-0.8075515178910575,-0.6134853132140259,-2.2610999903818723,-0.22888618729874646,1.207642908060418,0.6664451087488514,1.9981489535758052
43,3,1,17,1,4,1,8,0.626577778,0.6264720321537177,0.5171112497103373,1,1,-0.07342222199999993,3.5263605246161616,6.948897222313312,9.007121989469242,3.40452517175483,4.060443010546419,0.7,2,0,0,0,0,1,0,1.9269102990033222,370590,24.50431685438056,28.215601157347514,14.318585944844497,0.8660254037844386,0.5000000000000001,0.7766441054990699,0.8489591278873806,0.7032161218679799,1.1483697243081041,0.9265270070534614,-0.3112018481025408,7.01624197219619,1.207642908060418,0.6664451087488514,1.9981489535758052
43,4,1,18,1,4,1,8,0.80000295,0.7997523209690893,1.3847470854198898,0,0,2.9499999999460513e-06,4.1588830833596715,6.827629234502852,8.669227347271736,3.40452517175483,4.07753744390572,0.8,1,0,0,0,0,1,0,1.9601328903654485,460080,28.395311722825852,27.839913856790723,16.958001497225133,0.8660254037844386,0.5000000000000001,1.0927397937785401,0.8136705844295778,0.4552356880928589,1.1483697243081041,0.9459929771454892,0.663747223037126,3.393677892448722,1.207642908060418,0.6664451087488514,1.9981489535758052
43,5,1,19,1,4,1,8,0.307501459,0.30766227649456973,-0.8110711998282203,1,1,-0.49249854100000007,0.0,6.111467339502679,8.648396877031582,3.40452517175483,4.0943445622221,0.8,0,1,0,0,1,0,0,1.9933554817275747,370500,0.0,25.02245306869076,0.0,0.8660254037844386,0.5000000000000001,-0.9856129740972022,0.605270077330902,0.4399482333634824,1.1483697243081041,0.9651317725418185,0.663747223037126,-0.22888618729874646,1.207642908060418,0.6664451087488514,1.9981489535758052
43,6,0,8,1,4,1,8,0.8319375,0.8316601921470342,1.5974393321332068,0,0,0.03193749999999995,0.0,0.0,6.8679744089702925,1.0647107369924282,2.0794415416798357,0.8,0,0,1,0,1,0,0,2.7586206896551726,242055,0.0,0.0,0.0,0.8660254037844386,0.5000000000000001,-0.9856129740972022,-1.1731446939116332,-0.8667014757335281,-1.4380676486489155,-1.329301807783477,0.663747223037126,-0.22888618729874646,1.207642908060418,0.6664451087488514,1.9981489535758052
43,6,1,20,1,4,1,8,0.75065101,0.7504416106599834,1.1009689342378093,0,0,0.0006510100000000074,3.828641396489095,6.962243464266207,8.284251797621916,2.933324813425374,3.4965075614664802,0.75,0,0,0,0,0,0,0,1.7562533262373603,246015,26.655933539725243,24.343536917577374,13.386873592967705,0.8660254037844386,0.5000000000000001,0.9277054058868384,0.8528428357616235,0.1727026382223141,0.6275035398673704,0.28435593563553735,0.1762726874672926,-0.22888618729874646,1.207642908060418,0.6664451087488514,1.9981489535758052
43,7,0,9,1,4,1,8,0.283958333,0.2841388189373434,-0.9240233491528443,1,1,-0.41604166699999995,0.0,0.0,6.8679744089702925,1.6351056591826783,2.0794415416798357,0.7,0,0,1,0,1,0,0,1.5594541910331385,359010,0.0,0.0,0.0,0.8660254037844386,0.5000000000000001,-0.9856129740972022,-1.1731446939116332,-0.8667014757335281,-0.8075515178910575,-1.329301807783477,-0.3112018481025408,-0.22888618729874646,1.207642908060418,0.6664451087488514,1.9981489535758052
43,7,1,21,1,4,1,8,0.393548851,0.393637782619883,-0.43204637295614545,1,1,-0.356451149,0.0,6.4425401664681985,8.848078421168667,3.40452517175483,4.060443010546419,0.75,1,1,0,0,1,1,0,1.9269102990033222,365970,0.0,26.15956718910036,0.0,0.8660254037844386,0.5000000000000001,-0.9856129740972022,0.701611066020603,0.5864942561413656,1.1483697243081041,0.9265270070534614,0.1762726874672926,3.393677892448722,1.207642908060418,0.6664451087488514,1.9981489535758052
43,8,1,22,1,4,1,8,0.700614035,0.7004464376441102,0.8494246590014067,0,0,0.0006140350000000128,3.713572066704308,7.044905117129371,8.830689198760998,3.380994674344636,4.04305126783455,0.7,2,0,0,0,0,1,0,1.9387755102040818,356520,26.161762855553874,28.482912565584016,15.014162252483823,0.8660254037844386,0.5000000000000001,0.870200865542169,0.8768970761429746,0.5737323286730242,1.1223590471356752,0.9067224814303124,-0.3112018481025408,7.01624197219619,1.207642908060418,0.6664451087488514,1.9981489535758052
43,9,0,11,1,4,1,8,0.753525,0.7533131996658313,1.1163615599582781,1,0,-0.046475000000000044,0.0,0.0,7.783640596221253,1.3711807233098425,2.302585092994046,0.8,0,0,1,0,1,0,0,2.5380710659898478,367380,0.0,0.0,0.0,0.8660254037844386,0.5000000000000001,-0.9856129740972022,-1.1731446939116332,-0.19469526447499352,-1.0992948748235933,-1.0752012122964671,0.663747223037126,-0.22888618729874646,1.207642908060418,0.6664451087488514,1.9981489535758052
43,9,1,23,1,4,1,8,0.627011183,0.6269050750776943,0.5189622560861521,1,1,-0.07298881699999993,3.4339872044851463,7.4489161025442,8.083637203141548,2.933324813425374,4.04305126783455,0.7,1,0,0,0,0,1,0,3.0335284725918044,370620,25.57948258342015,30.116349692384524,13.883786320821294,0.8660254037844386,0.5000000000000001,0.7304816282848566,0.9944628036994034,0.025471851023910256,0.6275035398673704,0.9067224814303124,-0.3112018481025408,3.393677892448722,1.207642908060418,0.6664451087488514,1.9981489535758052
43,10,0,1,1,4,1,8,0.385791667,0.3858870791411863,-0.4646340358499127,1,1,-0.41420833300000004,0.0,0.0,6.8679744089702925,1.3711807233098425,2.0794415416798357,0.8,0,0,1,0,1,0,0,2.030456852791878,358590,0.0,0.0,0.0,0.8660254037844386,0.5000000000000001,-0.9856129740972022,-1.1731446939116332,-0.8667014757335281,-1.0992948748235933,-1.329301807783477,0.663747223037126,-0.22888618729874646,1.207642908060418,0.6664451087488514,1.9981489535758052
43,10,1,13,1,4,1,8,0.456875,0.4569110275689223,-0.17278447606861747,1,1,-0.24312499999999998,0.0,7.3343293503005365,8.699681400989514,3.056356895370426,3.912023005428146,0.7,1,0,0,0,1,1,0,2.3529411764705883,364590,0.0,28.692065147762566,0.0,0.8660254037844386,0.5000000000000001,-0.9856129740972022,0.9611184754950047,0.477585878087085,0.7635035448625128,0.7575164689463868,-0.3112018481025408,3.393677892448722,1.207642908060418,0.6664451087488514,1.9981489535758052
43,11,0,2,1,4,1,8,0.805555556,0.8053002882005011,1.419756804532613,0,0,0.20555555599999997,0.0,0.0,7.9658927350845286,1.0647107369924282,2.4849066497880004,0.6,0,0,1,0,1,0,0,4.137931034482759,338340,0.0,0.0,0.0,0.8660254037844386,0.5000000000000001,-0.9856129740972022,-1.1731446939116332,-0.060940659318095815,-1.4380676486489155,-0.8675859087010354,-1.2861509192422065,-0.22888618729874646,1.207642908060418,0.6664451087488514,1.9981489535758052
43,11,1,14,1,4,1,8,0.672140805,0.6719969948036758,0.7172310979687241,1,1,-0.07785919500000005,0.0,6.727431724850855,8.15507488781144,2.4344901638739844,4.060443010546419,0.75,2,0,0,0,1,1,0,5.083260297984224,341820,0.0,27.316353126098896,0.0,0.8660254037844386,0.5000000000000001,-0.9856129740972022,0.7845134734923985,0.07789987390441286,0.07609033318004338,0.9265270070534614,0.1762726874672926,7.01624197219619,1.207642908060418,0.6664451087488514,1.9981489535758052
43,12,0,3,1,4,1,8,0.78375,0.7835129490392647,1.2862568539826176,1,0,-0.016250000000000098,0.0,0.0,7.783640596221253,1.6351056591826783,2.302585092994046,0.8,0,0,1,0,1,0,0,1.9493177387914231,240015,0.0,0.0,0.0,0.8660254037844386,0.5000000000000001,-0.9856129740972022,-1.1731446939116332,-0.19469526447499352,-0.8075515178910575,-1.0752012122964671,0.663747223037126,-0.22888618729874646,1.207642908060418,0.6664451087488514,1.9981489535758052
43,12,1,15,1,4,1,8,0.800401961,0.8001509986265665,1.387238369876064,0,0,0.00040196100000000623,4.1588830833596715,7.00669522683704,8.314097335405807,2.725235025856311,3.5263605246161616,0.8,0,0,0,0,0,0,0,2.2280471821756227,244095,29.140026249149525,24.70813345593462,14.665721131653491,0.8660254037844386,0.5000000000000001,1.0927397937785401,0.8657781370194338,0.19460623917250247,0.39748051090269754,0.31835044575563654,0.663747223037126,-0.22888618729874646,1.207642908060418,0.6664451087488514,1.9981489535758052
44,2,0,4,1,4,2,8,0.36871875,0.368828425229741,-0.5372461712534102,1,1,-0.43128125000000006,0.0,0.0,6.8679744089702925,1.6351056591826783,2.0794415416798357,0.8,0,0,1,0,1,0,0,1.5594541910331385,399060,0.0,0.0,0.0,0.8660254037844387,-0.4999999999999998,-0.9856129740972022,-1.1731446939116332,-0.8667014757335281,-0.8075515178910575,-1.329301807783477,0.663747223037126,-0.22888618729874646,1.207642908060418,-0.7363280996918251,2.083016404099255
44,2,1,16,1,4,2,8,0.700623,0.700455395154553,0.8494673505216269,0,0,0.0006230000000000402,3.4339872044851463,6.359573868672378,7.6783263565068856,3.41213732170049,4.060443010546419,0.7,1,0,0,0,0,1,0,1.9122980547312893,401220,21.838695290999045,25.822687265104406,13.94350934275755,0.8660254037844387,-0.4999999999999998,0.7304816282848566,0.6774681750717001,-0.2719852465748004,1.1567842159940684,0.9265270070534614,-0.3112018481025408,3.393677892448722,1.207642908060418,-0.7363280996918251,2.083016404099255
44,3,0,5,1,4,2,8,0.87115,0.8708399331662489,1.908405722992502,0,0,0.07114999999999994,0.0,0.0,7.6783263565068856,1.6351056591826783,2.8903717578961645,0.8,0,0,1,0,1,0,0,3.5087719298245617,372750,0.0,0.0,0.0,0.8660254037844387,-0.4999999999999998,-0.9856129740972022,-1.1731446939116332,-0.2719852465748004,-0.8075515178910575,-0.40587000961859426,0.663747223037126,-0.22888618729874646,1.207642908060418,-0.7363280996918251,2.083016404099255
44,3,1,17,1,4,2,8,0.700362069,0.7001946821420217,0.8482250901919031,0,0,0.0003620690000000204,3.4339872044851463,7.113956109566034,8.848078421168667,3.380994674344636,4.060443010546419,0.7,2,0,0,0,0,1,0,1.9727891156462587,379710,24.429234253518693,28.8858133624214,13.94350934275755,0.8660254037844387,-0.4999999999999998,0.7304816282848566,0.89699066383583,0.5864942561413656,1.1223590471356752,0.9265270070534614,-0.3112018481025408,7.01624197219619,1.207642908060418,-0.7363280996918251,2.083016404099255
44,4,1,18,1,4,2,8,0.800137255,0.7998865137677527,1.385585223033764,0,0,0.00013725499999994728,3.6635616461296463,6.79346613258001,8.87360810154911,3.40452517175483,4.07753744390572,0.8,1,0,0,0,0,1,0,1.9601328903654485,467220,24.888281967600822,27.70061252950037,14.938309790150509,0.8660254037844387,-0.4999999999999998,0.8452087477209552,0.8037292460052787,0.6052304550159893,1.1483697243081041,0.9459929771454892,0.663747223037126,3.393677892448722,1.207642908060418,-0.7363280996918251,2.083016404099255
44,5,1,19,1,4,2,8,0.800137255,0.7998865137677527,1.385585223033764,0,0,0.00013725499999994728,3.6635616461296463,6.295266001439646,8.87360810154911,3.40452517175483,4.07753744390572,0.8,0,0,0,0,0,0,0,1.9601328903654485,377640,23.06309507505823,25.669182840216795,14.938309790150509,0.8660254037844387,-0.4999999999999998,0.8452087477209552,0.6587548195646575,0.6052304550159893,1.1483697243081041,0.9459929771454892,0.663747223037126,-0.22888618729874646,1.207642908060418,-0.7363280996918251,2.083016404099255
44,6,0,8,1,4,2,8,0.3715625,0.3716697994987469,-0.5250600009267264,1,1,-0.4284375,0.0,0.0,6.8679744089702925,1.0647107369924282,2.0794415416798357,0.8,0,0,1,0,1,0,0,2.7586206896551726,246975,0.0,0.0,0.0,0.8660254037844387,-0.4999999999999998,-0.9856129740972022,-1.1731446939116332,-0.8667014757335281,-1.4380676486489155,-1.329301807783477,0.663747223037126,-0.22888618729874646,1.207642908060418,-0.7363280996918251,2.083016404099255
44,6,1,20,1,4,2,8,0.75065101,0.7504416106599834,1.1009689342378093,0,0,0.0006510100000000074,3.828641396489095,7.00397413672268,8.284251797621916,2.933324813425374,3.4965075614664802,0.75,0,0,0,0,0,0,0,1.7562533262373603,250935,26.815705319795423,24.489448529366513,13.386873592967705,0.8660254037844387,-0.4999999999999998,0.9277054058868384,0.8649863096914889,0.1727026382223141,0.6275035398673704,0.28435593563553735,0.1762726874672926,-0.22888618729874646,1.207642908060418,-0.7363280996918251,2.083016404099255
44,7,0,9,1,4,2,8,0.356458333,0.35657825085045947,-0.5902467044538011,1,1,-0.34354166699999994,0.0,0.0,6.8679744089702925,1.6351056591826783,2.0794415416798357,0.7,0,0,1,0,1,0,0,1.5594541910331385,366930,0.0,0.0,0.0,0.8660254037844387,-0.4999999999999998,-0.9856129740972022,-1.1731446939116332,-0.8667014757335281,-0.8075515178910575,-1.329301807783477,-0.3112018481025408,-0.22888618729874646,1.207642908060418,-0.7363280996918251,2.083016404099255
44,7,1,21,1,4,2,8,0.750770115,0.7505606161570593,1.1016044803645788,0,0,0.0007701150000000156,3.828641396489095,6.565264970035361,8.848078421168667,3.40452517175483,4.060443010546419,0.75,1,0,0,0,0,1,0,1.9269102990033222,373890,25.136045243197124,26.65788425996533,15.545980198262827,0.8660254037844387,-0.4999999999999998,0.9277054058868384,0.7373235375658476,0.5864942561413656,1.1483697243081041,0.9265270070534614,0.1762726874672926,3.393677892448722,1.207642908060418,-0.7363280996918251,2.083016404099255
44,8,0,10,1,4,2,8,0.930416667,0.9300570874954052,2.5875665949964155,0,0,0.23041666700000007,0.0,0.0,6.8679744089702925,1.6351056591826783,2.0794415416798357,0.7,0,0,1,0,1,0,0,1.5594541910331385,357480,0.0,0.0,0.0,0.8660254037844387,-0.4999999999999998,-0.9856129740972022,-1.1731446939116332,-0.8667014757335281,-0.8075515178910575,-1.329301807783477,-0.3112018481025408,-0.22888618729874646,1.207642908060418,-0.7363280996918251,2.083016404099255
44,8,1,22,1,4,2,8,0.700614035,0.7004464376441102,0.8494246590014067,0,0,0.0006140350000000128,3.713572066704308,6.9985096422506015,8.830689198760998,3.380994674344636,4.04305126783455,0.7,2,0,0,0,0,1,0,1.9387755102040818,364320,25.989469916022593,28.29533328205362,15.014162252483823,0.8660254037844387,-0.4999999999999998,0.870200865542169,0.8633961616719288,0.5737323286730242,1.1223590471356752,0.9067224814303124,-0.3112018481025408,7.01624197219619,1.207642908060418,-0.7363280996918251,2.083016404099255
44,9,0,11,1,4,2,8,0.3715625,0.3716697994987469,-0.5250600009267264,1,1,-0.4284375,0.0,0.0,6.8679744089702925,1.0647107369924282,2.0794415416798357,0.8,0,0,1,0,1,0,0,2.7586206896551726,371580,0.0,0.0,0.0,0.8660254037844387,-0.4999999999999998,-0.9856129740972022,-1.1731446939116332,-0.8667014757335281,-1.4380676486489155,-1.329301807783477,0.663747223037126,-0.22888618729874646,1.207642908060418,-0.7363280996918251,2.083016404099255
44,9,1,23,1,4,2,8,0.60128,0.601195388471178,0.41044838577569226,1,1,-0.09871999999999992,3.713572066704308,7.403670290012373,8.699681400989514,2.933324813425374,3.912023005428146,0.7,1,0,0,0,0,1,0,2.660989888238425,377580,27.49406318007853,28.963328499133276,14.527579357262598,0.8660254037844387,-0.4999999999999998,0.870200865542169,0.9812964367905328,0.477585878087085,0.6275035398673704,0.7575164689463868,-0.3112018481025408,3.393677892448722,1.207642908060418,-0.7363280996918251,2.083016404099255
44,10,0,1,1,4,2,8,0.955791667,0.9554108886649958,3.064651809112643,0,0,0.1557916669999999,0.0,0.0,7.783640596221253,1.3711807233098425,2.995732273553991,0.8,0,0,1,0,1,0,0,5.0761421319796955,366990,0.0,0.0,0.0,0.8660254037844387,-0.4999999999999998,-0.9856129740972022,-1.1731446939116332,-0.19469526447499352,-1.0992948748235933,-0.28589266941854513,0.663747223037126,-0.22888618729874646,1.207642908060418,-0.7363280996918251,2.083016404099255
44,10,1,13,1,4,2,8,0.417916667,0.4179852412130326,-0.33104968235178645,1,1,-0.28208333299999994,0.0,7.367708572374371,8.699681400989514,3.056356895370426,3.912023005428146,0.7,1,0,0,0,1,1,0,2.3529411764705883,372990,0.0,28.822645432418703,0.0,0.8660254037844387,-0.4999999999999998,-0.9856129740972022,0.9708317077338476,0.477585878087085,0.7635035448625128,0.7575164689463868,-0.3112018481025408,3.393677892448722,1.207642908060418,-0.7363280996918251,2.083016404099255
44,11,1,14,1,4,2,8,0.750293939,0.7500848379649122,1.0990648090099024,0,0,0.0002939389999999653,0.0,6.717804695023691,7.944846711001996,2.4344901638739844,4.060443010546419,0.75,2,0,0,0,1,1,0,5.083260297984224,344640,0.0,27.277263120124864,0.0,0.8660254037844387,-0.4999999999999998,-0.9856129740972022,0.7817120428217056,-0.07638630872906649,0.07609033318004338,0.9265270070534614,0.1762726874672926,7.01624197219619,1.207642908060418,-0.7363280996918251,2.083016404099255
44,12,0,3,1,4,2,8,0.9025,0.9021637426900584,2.2215007990251148,0,0,0.10249999999999992,0.0,0.0,6.985641817639208,1.6351056591826783,2.1972245773362196,0.8,0,0,1,0,1,0,0,1.7543859649122808,245175,0.0,0.0,0.0,0.8660254037844387,-0.4999999999999998,-0.9856129740972022,-1.1731446939116332,-0.7803455191751631,-0.8075515178910575,-1.1951785524965162,0.663747223037126,-0.22888618729874646,1.207642908060418,-0.7363280996918251,2.083016404099255
44,12,1,15,1,4,2,8,0.800401961,0.8001509986265665,1.387238369876064,0,0,0.00040196100000000623,4.1588830833596715,6.966967138613983,8.314097335405807,2.725235025856311,3.5263605246161616,0.8,0,0,0,0,0,0,0,2.2280471821756227,249255,28.974801775104428,24.568037893906364,14.665721131653491,0.8660254037844387,-0.4999999999999998,1.0927397937785401,0.8542174078190286,0.19460623917250247,0.39748051090269754,0.31835044575563654,0.663747223037126,-0.22888618729874646,1.207642908060418,-0.7363280996918251,2.083016404099255
45,1,1,12,1,4,3,8,0.268214286,0.26840792485881376,-1.0027151532676974,1,1,-0.33178571399999995,0.0,6.5638555265321274,8.525359754082631,3.114847754444153,3.7376696182833684,0.6,1,0,0,0,1,1,0,1.8641810918774966,390330,0.0,24.533523380320513,0.0,1.2246467991473532e-16,-1.0,-0.9856129740972022,0.7369133946318943,0.34965145055303015,0.8281595028893776,0.5589747712914931,-1.2861509192422065,3.393677892448722,-0.028538824941726233,-1.4377147039121636,2.167883854622705
45,2,0,4,1,4,3,8,0.325,0.32514619883040935,-0.7302211528174625,1,1,-0.37499999999999994,0.0,0.0,6.8679744089702925,1.3609765531356006,2.0794415416798357,0.7,0,0,1,0,1,0,0,2.0512820512820515,402180,0.0,0.0,0.0,1.2246467991473532e-16,-1.0,-0.9856129740972022,-1.1731446939116332,-0.8667014757335281,-1.110574592867282,-1.329301807783477,-0.3112018481025408,-0.22888618729874646,-0.028538824941726233,-1.4377147039121636,2.167883854622705
45,2,1,16,1,4,3,8,0.700623,0.700455395154553,0.8494673505216269,0,0,0.0006230000000000402,3.4339872044851463,6.013715156042802,7.427144133408616,3.41213732170049,4.07753744390572,0.7,1,0,0,0,0,1,0,1.9452687108473459,403860,20.651020897269376,24.521148725747853,14.002211408181312,1.2246467991473532e-16,-1.0,0.7304816282848566,0.5768245474231203,-0.4563275499490556,1.1567842159940684,0.9459929771454892,-0.3112018481025408,3.393677892448722,-0.028538824941726233,-1.4377147039121636,2.167883854622705
45,3,0,5,1,4,3,8,0.811388889,0.8111287479064326,1.4573612164787273,0,0,0.011388888999999902,0.0,0.0,7.273092595999522,1.5260563034950492,2.4849066497880004,0.8,0,0,1,0,1,0,0,2.608695652173913,381150,0.0,0.0,0.0,1.2246467991473532e-16,-1.0,-0.9856129740972022,-1.1731446939116332,-0.5693857707660099,-0.9280949784565565,-0.8675859087010354,0.663747223037126,-0.22888618729874646,-0.028538824941726233,-1.4377147039121636,2.167883854622705
45,3,1,17,1,4,3,8,0.750176991,0.7499679876658313,1.0984415635058764,0,0,0.00017699100000001522,3.828641396489095,7.067319848653476,8.58316818033977,3.380994674344636,4.0943445622221,0.75,2,0,0,0,0,1,0,2.0408163265306123,386490,27.058233334783743,28.936042591818676,15.675777082413555,1.2246467991473532e-16,-1.0,0.9277054058868384,0.883419681504578,0.3920769785989091,1.1223590471356752,0.9651317725418185,0.1762726874672926,7.01624197219619,-0.028538824941726233,-1.4377147039121636,2.167883854622705
45,4,1,18,1,4,3,8,0.800071839,0.799821152417711,1.3851769383299577,0,0,7.183899999996246e-05,3.9318256327243257,6.804614520062624,8.776630098427717,3.40452517175483,4.07753744390572,0.8,1,0,0,0,0,1,0,1.9601328903654485,473700,26.75455779079036,27.746070496899897,16.032166240341738,1.2246467991473532e-16,-1.0,0.9792705109119583,0.8069733862212404,0.5340584259944958,1.1483697243081041,0.9459929771454892,0.663747223037126,3.393677892448722,-0.028538824941726233,-1.4377147039121636,2.167883854622705
45,5,1,19,1,4,3,8,0.800137255,0.7998865137677527,1.385585223033764,0,0,0.00013725499999994728,3.9318256327243257,6.111467339502679,8.87360810154911,3.40452517175483,4.0943445622221,0.8,0,0,0,0,0,0,0,1.9933554817275747,384780,24.02922393901417,25.02245306869076,16.098248898950313,1.2246467991473532e-16,-1.0,0.9792705109119583,0.605270077330902,0.6052304550159893,1.1483697243081041,0.9651317725418185,0.663747223037126,-0.22888618729874646,-0.028538824941726233,-1.4377147039121636,2.167883854622705
45,6,0,8,1,4,3,8,0.726933333,0.7267437479264828,0.9781639294073149,1,0,-0.02306666700000004,0.0,0.0,7.496097345175956,1.0647107369924282,2.70805020110221,0.75,0,0,1,0,1,0,0,5.172413793103448,252735,0.0,0.0,0.0,1.2246467991473532e-16,-1.0,-0.9856129740972022,-1.1731446939116332,-0.40572287846610844,-1.4380676486489155,-0.6134853132140259,0.1762726874672926,-0.22888618729874646,-0.028538824941726233,-1.4377147039121636,2.167883854622705
45,6,1,20,1,4,3,8,0.75065101,0.7504416106599834,1.1009689342378093,0,0,0.0006510100000000074,3.828641396489095,6.81783057145415,8.119993827725105,2.933324813425374,3.4965075614664802,0.75,0,0,0,0,0,0,0,1.7562533262373603,256095,26.10302836011826,23.83859614588677,13.386873592967705,1.2246467991473532e-16,-1.0,0.9277054058868384,0.8108192091155672,0.05215393001810756,0.6275035398673704,0.28435593563553735,0.1762726874672926,-0.22888618729874646,-0.028538824941726233,-1.4377147039121636,2.167883854622705
45,7,1,21,1,4,3,8,0.750727326,0.7505178629039265,1.1013761343047201,0,0,0.0007273260000000281,3.828641396489095,6.606650186198215,8.637816633739977,3.40452517175483,4.07753744390572,0.75,1,0,0,0,0,1,0,1.9601328903654485,379530,25.294494395000875,26.938863513009917,15.61142865347177,1.2246467991473532e-16,-1.0,0.9277054058868384,0.7493664849705332,0.4321834067185993,1.1483697243081041,0.9459929771454892,0.1762726874672926,3.393677892448722,-0.028538824941726233,-1.4377147039121636,2.167883854622705
45,8,0,10,1,4,3,8,0.791458333,0.7912148423291562,1.3322637698658892,0,0,0.09145833300000006,0.0,0.0,6.8679744089702925,1.5260563034950492,2.0794415416798357,0.7,0,0,1,0,1,0,0,1.7391304347826089,365280,0.0,0.0,0.0,1.2246467991473532e-16,-1.0,-0.9856129740972022,-1.1731446939116332,-0.8667014757335281,-0.9280949784565565,-1.329301807783477,-0.3112018481025408,-0.22888618729874646,-0.028538824941726233,-1.4377147039121636,2.167883854622705
45,8,1,22,1,4,3,8,0.700518519,0.7003510014402673,0.8489698551326831,0,0,0.0005185189999999951,3.713572066704308,6.984716320118265,8.4252971767117,3.380994674344636,4.060443010546419,0.7,2,0,0,0,0,1,0,1.9727891156462587,369840,25.938247420244895,28.361042562673713,15.078747742409927,1.2246467991473532e-16,-1.0,0.870200865542169,0.8593823550912901,0.27621565654421004,1.1223590471356752,0.9265270070534614,-0.3112018481025408,7.01624197219619,-0.028538824941726233,-1.4377147039121636,2.167883854622705
45,9,0,11,1,4,3,8,0.726933333,0.7267437479264828,0.9781639294073149,0,0,0.026933333000000004,0.0,0.0,7.496097345175956,1.0647107369924282,2.70805020110221,0.7,0,0,1,0,1,0,0,5.172413793103448,379380,0.0,0.0,0.0,1.2246467991473532e-16,-1.0,-0.9856129740972022,-1.1731446939116332,-0.40572287846610844,-1.4380676486489155,-0.6134853132140259,-0.3112018481025408,-0.22888618729874646,-0.028538824941726233,-1.4377147039121636,2.167883854622705
45,9,1,23,1,4,3,8,0.700256795,0.7000894960902256,0.8477240685794596,0,0,0.00025679500000008737,3.4339872044851463,6.974478911025045,8.006700845440367,2.933324813425374,3.9512437185814275,0.7,1,0,0,0,0,1,0,2.7674294837679616,382380,23.9502713384115,27.557865987566345,13.56852037141093,1.2246467991473532e-16,-1.0,0.7304816282848566,0.8564033062738393,-0.030991640766719373,0.6275035398673704,0.8021783312721362,-0.3112018481025408,3.393677892448722,-0.028538824941726233,-1.4377147039121636,2.167883854622705
45,10,0,1,1,4,3,8,0.902222222,0.9018861967518798,2.218360281855625,0,0,0.20222222200000006,0.0,0.0,7.496097345175956,1.0647107369924282,2.70805020110221,0.7,0,0,1,0,1,0,0,5.172413793103448,374790,0.0,0.0,0.0,1.2246467991473532e-16,-1.0,-0.9856129740972022,-1.1731446939116332,-0.40572287846610844,-1.4380676486489155,-0.6134853132140259,-0.3112018481025408,-0.22888618729874646,-0.028538824941726233,-1.4377147039121636,2.167883854622705
45,10,1,13,1,4,3,8,0.471108491,0.4711326275989975,-0.11559804498942985,1,1,-0.22889150899999994,0.0,7.51479976048867,8.757940876678804,3.056356895370426,3.970291913552122,0.7,1,0,0,0,1,1,0,2.4941176470588236,381150,0.0,29.835948721031592,0.0,1.2246467991473532e-16,-1.0,-0.9856129740972022,1.013634708573147,0.5203424307183535,0.7635035448625128,0.8238691112946817,-0.3112018481025408,3.393677892448722,-0.028538824941726233,-1.4377147039121636,2.167883854622705
45,11,0,2,1,4,3,8,0.5046875,0.5046835839598997,0.018734883809270703,1,1,-0.1953125,0.0,0.0,6.8679744089702925,1.0647107369924282,2.0794415416798357,0.7,0,0,1,0,1,0,0,2.7586206896551726,345600,0.0,0.0,0.0,1.2246467991473532e-16,-1.0,-0.9856129740972022,-1.1731446939116332,-0.8667014757335281,-1.4380676486489155,-1.329301807783477,-0.3112018481025408,-0.22888618729874646,-0.028538824941726233,-1.4377147039121636,2.167883854622705
45,11,1,14,1,4,3,8,0.750437269,0.750228048223893,1.0998289159451486,0,0,0.0004372689999999624,3.5553480614894135,6.54965074223381,8.119993827725105,2.4518667957098,4.04305126783455,0.75,2,0,0,0,0,1,0,4.909560723514212,348960,23.286288069833674,26.48057373726191,14.374454487597884,1.2246467991473532e-16,-1.0,0.7911302851503994,0.732779854057251,0.05215393001810756,0.09529851025962122,0.9067224814303124,0.1762726874672926,7.01624197219619,-0.028538824941726233,-1.4377147039121636,2.167883854622705
45,12,1,15,1,4,3,8,0.800401961,0.8001509986265665,1.387238369876064,0,0,0.00040196100000000623,3.9318256327243257,6.968850378341948,8.314097335405807,2.725235025856311,3.5263605246161616,0.8,0,0,0,0,0,0,0,2.2280471821756227,253335,27.400304548185485,24.574678876141448,13.865034700913025,1.2246467991473532e-16,-1.0,0.9792705109119583,0.8547654237314029,0.19460623917250247,0.39748051090269754,0.31835044575563654,0.663747223037126,-0.22888618729874646,-0.028538824941726233,-1.4377147039121636,2.167883854622705
46,1,1,12,1,4,4,8,0.581130952,0.5810631734269005,0.32713934652017584,1,1,-0.06886904800000004,0.0,6.637258031284457,8.525359754082631,3.114847754444153,3.7376696182833684,0.65,1,0,0,0,1,1,0,1.8641810918774966,395370,0.0,24.8078776922392,0.0,-0.8660254037844384,-0.5000000000000004,-0.9856129740972022,0.7582732565841903,0.34965145055303015,0.8281595028893776,0.5589747712914931,-0.7986763836723731,3.393677892448722,-1.2647205579438705,-0.736328099691826,2.2527513051461545
46,2,0,4,1,4,4,8,0.440375,0.44042481203007516,-0.23943815992016665,1,1,-0.25962499999999994,0.0,0.0,6.8679744089702925,1.3609765531356006,2.0794415416798357,0.7,0,0,1,0,1,0,0,2.0512820512820515,404820,0.0,0.0,0.0,-0.8660254037844384,-0.5000000000000004,-0.9856129740972022,-1.1731446939116332,-0.8667014757335281,-1.110574592867282,-1.329301807783477,-0.3112018481025408,-0.22888618729874646,-1.2647205579438705,-0.736328099691826,2.2527513051461545
46,2,1,16,1,4,4,8,0.700069811,0.6999026683007519,0.8468344190563286,0,0,6.981100000003071e-05,3.4339872044851463,5.891644211825771,8.284251797621916,3.41213732170049,4.060443010546419,0.7,1,0,0,0,0,1,0,1.9122980547312893,408780,20.23183083678867,23.922685560534216,13.94350934275755,-0.8660254037844384,-0.5000000000000004,0.7304816282848566,0.5413023465709828,0.1727026382223141,1.1567842159940684,0.9265270070534614,-0.3112018481025408,3.393677892448722,-1.2647205579438705,-0.736328099691826,2.2527513051461545
46,3,0,5,1,4,4,8,0.900833333,0.9004984680601503,2.202775422977869,0,0,0.10083333299999997,0.0,0.0,7.783640596221253,1.5260563034950492,2.995732273553991,0.8,0,0,1,0,1,0,0,4.347826086956522,388890,0.0,0.0,0.0,-0.8660254037844384,-0.5000000000000004,-0.9856129740972022,-1.1731446939116332,-0.19469526447499352,-0.9280949784565565,-0.28589266941854513,0.663747223037126,-0.22888618729874646,-1.2647205579438705,-0.736328099691826,2.2527513051461545
46,3,1,17,1,4,4,8,0.750206897,0.7499978686817043,1.0986009216695012,0,0,0.00020689699999998368,3.828641396489095,7.157735484249907,8.848078421168667,3.380994674344636,4.060443010546419,0.75,2,0,0,0,0,1,0,1.9727891156462587,395850,27.40440238011811,29.063577018362622,15.545980198262827,-0.8660254037844384,-0.5000000000000004,0.9277054058868384,0.9097303026636954,0.5864942561413656,1.1223590471356752,0.9265270070534614,0.1762726874672926,7.01624197219619,-1.2647205579438705,-0.736328099691826,2.2527513051461545
46,4,1,18,1,4,4,8,0.800808642,0.8005573398763576,1.3897813828572416,0,0,0.0008086419999999706,3.9318256327243257,5.780743515792329,8.314097335405807,3.40452517175483,4.07753744390572,0.8,1,0,0,0,0,1,0,1.9601328903654485,477780,22.728875531597218,23.571198139258417,16.032166240341738,-0.8660254037844384,-0.5000000000000004,0.9792705109119583,0.5090306473192937,0.19460623917250247,1.1483697243081041,0.9459929771454892,0.663747223037126,3.393677892448722,-1.2647205579438705,-0.736328099691826,2.2527513051461545
46,5,0,7,1,4,4,8,0.902962963,0.9026263189206349,2.2267526866328193,0,0,0.10296296299999996,0.0,0.0,6.985641817639208,1.5260563034950492,2.1972245773362196,0.8,0,0,1,0,1,0,0,1.956521739130435,385860,0.0,0.0,0.0,-0.8660254037844384,-0.5000000000000004,-0.9856129740972022,-1.1731446939116332,-0.7803455191751631,-0.9280949784565565,-1.1951785524965162,0.663747223037126,-0.22888618729874646,-1.2647205579438705,-0.736328099691826,2.2527513051461545
46,5,1,19,1,4,4,8,0.598792339,0.5987098057176273,0.4000921740526896,1,1,-0.2012076610000001,3.912023005428146,2.772588722239781,7.0909098220799835,3.40452517175483,4.07753744390572,0.8,1,0,0,0,0,1,0,1.9601328903654485,387060,10.846430865992652,11.305334331483422,15.951420286053853,-0.8660254037844384,-0.5000000000000004,0.9693743814879545,-0.36633145835027964,-0.7030894690818731,1.1483697243081041,0.9459929771454892,0.663747223037126,3.393677892448722,-1.2647205579438705,-0.736328099691826,2.2527513051461545
46,6,0,8,1,4,4,8,0.410833333,0.4109078247852966,-0.3602137470814204,1,1,-0.339166667,0.0,0.0,6.8679744089702925,1.0647107369924282,2.0794415416798357,0.75,0,0,1,0,1,0,0,2.7586206896551726,257055,0.0,0.0,0.0,-0.8660254037844384,-0.5000000000000004,-0.9856129740972022,-1.1731446939116332,-0.8667014757335281,-1.4380676486489155,-1.329301807783477,0.1762726874672926,-0.22888618729874646,-1.2647205579438705,-0.736328099691826,2.2527513051461545
46,6,1,20,1,4,4,8,0.75065101,0.7504416106599834,1.1009689342378093,0,0,0.0006510100000000074,3.828641396489095,6.911747300251674,8.284251797621916,2.933324813425374,3.4965075614664802,0.75,1,0,0,0,0,1,0,1.7562533262373603,261015,26.462601835815303,24.16697669827551,13.386873592967705,-0.8660254037844384,-0.5000000000000004,0.9277054058868384,0.838148635664362,0.1727026382223141,0.6275035398673704,0.28435593563553735,0.1762726874672926,3.393677892448722,-1.2647205579438705,-0.736328099691826,2.2527513051461545
46,7,0,9,1,4,4,8,0.676666667,0.6765190757994987,0.737820499715635,1,1,-0.073333333,0.0,0.0,6.8679744089702925,1.5260563034950492,2.0794415416798357,0.75,0,0,1,0,1,0,0,1.7391304347826089,380490,0.0,0.0,0.0,-0.8660254037844384,-0.5000000000000004,-0.9856129740972022,-1.1731446939116332,-0.8667014757335281,-0.9280949784565565,-1.329301807783477,0.1762726874672926,-0.22888618729874646,-1.2647205579438705,-0.736328099691826,2.2527513051461545
46,7,1,21,1,4,4,8,0.800115819,0.7998650956758563,1.3854514222617493,0,0,0.00011581899999990597,3.9318256327243257,6.668228248417403,8.865170419651774,3.40452517175483,4.07753744390572,0.8,2,0,0,0,0,1,0,1.9601328903654485,387570,26.218310751983978,27.189950367431813,16.032166240341738,-0.8660254037844384,-0.5000000000000004,0.9792705109119583,0.7672854771456606,0.5990380513621463,1.1483697243081041,0.9459929771454892,0.663747223037126,7.01624197219619,-1.2647205579438705,-0.736328099691826,2.2527513051461545
46,8,0,10,1,4,4,8,0.658541667,0.6584092178212197,0.6562131723046751,1,1,-0.0414583329999999,0.0,0.0,6.8679744089702925,1.5260563034950492,2.0794415416798357,0.7,0,0,1,0,1,0,0,1.7391304347826089,370800,0.0,0.0,0.0,-0.8660254037844384,-0.5000000000000004,-0.9856129740972022,-1.1731446939116332,-0.8667014757335281,-0.9280949784565565,-1.329301807783477,-0.3112018481025408,-0.22888618729874646,-1.2647205579438705,-0.736328099691826,2.2527513051461545
46,8,1,22,1,4,4,8,0.700362069,0.7001946821420217,0.8482250901919031,0,0,0.0003620690000000204,3.4339872044851463,6.742880635791903,8.848078421168667,3.380994674344636,4.060443010546419,0.7,1,0,0,0,0,1,0,1.9727891156462587,377760,23.154965824680062,27.379082548550027,13.94350934275755,-0.8660254037844384,-0.5000000000000004,0.7304816282848566,0.7890090503957689,0.5864942561413656,1.1223590471356752,0.9265270070534614,-0.3112018481025408,3.393677892448722,-1.2647205579438705,-0.736328099691826,2.2527513051461545
46,9,0,11,1,4,4,8,0.410833333,0.4109078247852966,-0.3602137470814204,1,1,-0.28916666699999993,0.0,0.0,6.8679744089702925,1.0647107369924282,2.0794415416798357,0.7,0,0,1,0,1,0,0,2.7586206896551726,383340,0.0,0.0,0.0,-0.8660254037844384,-0.5000000000000004,-0.9856129740972022,-1.1731446939116332,-0.8667014757335281,-1.4380676486489155,-1.329301807783477,-0.3112018481025408,-0.22888618729874646,-1.2647205579438705,-0.736328099691826,2.2527513051461545
46,9,1,23,1,4,4,8,0.970816667,0.9704233364511279,3.49074674885577,0,0,0.22081666700000002,4.04305126783455,6.990256500493881,8.738895704934043,2.933324813425374,3.9512437185814275,0.75,1,0,0,0,0,1,0,2.7674294837679616,389580,28.26196540681049,27.620207088849437,15.975080925933943,-0.8660254037844384,-0.5000000000000004,1.0348542101784763,0.8609945274335454,0.506365204208124,0.6275035398673704,0.8021783312721362,0.1762726874672926,3.393677892448722,-1.2647205579438705,-0.736328099691826,2.2527513051461545
46,10,0,1,1,4,4,8,0.845833333,0.8455444162639932,1.7000741284034946,0,0,0.145833333,0.0,0.0,7.0909098220799835,1.0647107369924282,2.302585092994046,0.7,0,0,1,0,1,0,0,3.4482758620689657,382350,0.0,0.0,0.0,-0.8660254037844384,-0.5000000000000004,-0.9856129740972022,-1.1731446939116332,-0.7030894690818731,-1.4380676486489155,-1.0752012122964671,-0.3112018481025408,-0.22888618729874646,-1.2647205579438705,-0.736328099691826,2.2527513051461545
46,10,1,13,1,4,4,8,0.700058333,0.6998911998897244,0.8467798182914826,0,0,5.8333000000021507e-05,0.0,7.4109518755836366,8.738895704934043,3.0828269804049246,3.9512437185814275,0.7,2,0,0,0,1,1,0,2.383134738771769,388590,0.0,29.282477047109094,0.0,-0.8660254037844384,-0.5000000000000004,-0.9856129740972022,0.9834153517120441,0.506365204208124,0.7927636503569598,0.8021783312721362,-0.3112018481025408,7.01624197219619,-1.2647205579438705,-0.736328099691826,2.2527513051461545
46,11,1,14,1,4,4,8,0.750503571,0.750294294833751,1.1001824775685711,0,0,0.0005035709999999805,3.828641396489095,6.455198563340122,8.119993827725105,2.4518667957098,4.04305126783455,0.75,0,0,0,0,0,0,0,4.909560723514212,352320,24.714640442160928,26.09869873563605,15.479393452159078,-0.8660254037844384,-0.5000000000000004,0.9277054058868384,0.7052946134776547,0.05215393001810756,0.09529851025962122,0.9067224814303124,0.1762726874672926,-0.22888618729874646,-1.2647205579438705,-0.736328099691826,2.2527513051461545
46,12,0,3,1,4,4,8,0.899555556,0.8992217585430243,2.1886072027399153,0,0,0.09955555599999999,0.0,0.0,7.496097345175956,1.5260563034950492,2.70805020110221,0.8,0,0,1,0,1,0,0,3.2608695652173916,255135,0.0,0.0,0.0,-0.8660254037844384,-0.5000000000000004,-0.9856129740972022,-1.1731446939116332,-0.40572287846610844,-0.9280949784565565,-0.6134853132140259,0.663747223037126,-0.22888618729874646,-1.2647205579438705,-0.736328099691826,2.2527513051461545
46,12,1,15,1,4,4,8,0.800401961,0.8001509986265665,1.387238369876064,0,0,0.00040196100000000623,3.9318256327243257,6.960347729101308,8.314097335405807,2.725235025856311,3.5263605246161616,0.8,0,0,0,0,0,0,0,2.2280471821756227,259215,27.36687361395507,24.544695469504596,13.865034700913025,-0.8660254037844384,-0.5000000000000004,0.9792705109119583,0.8522911837225413,0.19460623917250247,0.39748051090269754,0.31835044575563654,0.663747223037126,-0.22888618729874646,-1.2647205579438705,-0.736328099691826,2.2527513051461545
47,1,0,0,1,4,5,8,0.768847222,0.7686226211461988,1.2005500571029686,0,0,0.268847222,0.0,0.0,8.119993827725105,1.3711807233098425,2.0794415416798357,0.5,0,0,1,0,1,0,0,2.030456852791878,398730,0.0,0.0,0.0,-0.8660254037844386,0.5000000000000001,-0.9856129740972022,-1.1731446939116332,0.05215393001810756,-1.0992948748235933,-1.329301807783477,-2.2610999903818723,-0.22888618729874646,-1.2647205579438707,0.6664451087488514,2.3376187556696046
47,1,1,12,1,4,5,8,0.378895152,0.37899632564076857,-0.4938104886023449,0,1,0.028895152000000035,3.1780538303479458,7.060476365999801,8.79497643168877,3.2831643147505627,4.007333185232471,0.35,2,0,0,0,0,1,0,2.0630157539384846,405330,22.43857395904681,28.293681245020565,12.735520578808488,-0.8660254037844386,0.5000000000000001,0.6025819432328481,0.881428252938909,0.547522775860096,1.0142170960028583,0.8660491749180281,-3.7235235970913716,7.01624197219619,-1.2647205579438707,0.6664451087488514,2.3376187556696046
47,2,0,4,1,4,5,8,0.5565625,0.5565152464494569,0.22703114377926076,1,1,-0.1434375,0.0,0.0,6.8679744089702925,1.3609765531356006,2.0794415416798357,0.7,0,0,1,0,1,0,0,2.0512820512820515,409740,0.0,0.0,0.0,-0.8660254037844386,0.5000000000000001,-0.9856129740972022,-1.1731446939116332,-0.8667014757335281,-1.110574592867282,-1.329301807783477,-0.3112018481025408,-0.22888618729874646,-1.2647205579438707,0.6664451087488514,2.3376187556696046
47,2,1,16,1,4,5,8,0.66237931,0.662243654770259,0.6733087833569845,1,1,-0.0376206899999999,0.0,5.988961416889864,8.848078421168667,3.41213732170049,4.060443010546419,0.7,1,0,0,0,1,1,0,1.9122980547312893,416700,0.0,24.317836525642626,0.0,-0.8660254037844386,0.5000000000000001,-0.9856129740972022,0.5696212993474049,0.5864942561413656,1.1567842159940684,0.9265270070534614,-0.3112018481025408,3.393677892448722,-1.2647205579438707,0.6664451087488514,2.3376187556696046
47,3,0,5,1,4,5,8,0.921703704,0.9213514034954051,2.460851724561814,0,0,0.12170370399999997,0.0,0.0,8.748463629942055,1.5260563034950492,2.70805020110221,0.8,0,0,1,0,1,0,0,3.2608695652173916,402150,0.0,0.0,0.0,-0.8660254037844386,0.5000000000000001,-0.9856129740972022,-1.1731446939116332,0.5133870917952844,-0.9280949784565565,-0.6134853132140259,0.663747223037126,-0.22888618729874646,-1.2647205579438707,0.6664451087488514,2.3376187556696046
47,3,1,17,1,4,5,8,0.750473684,0.750264432802005,1.1000230945972098,0,0,0.00047368400000002975,3.828641396489095,7.126890808898808,8.830689198760998,3.380994674344636,4.04305126783455,0.75,2,0,0,0,0,1,0,1.9387755102040818,408990,27.286309179207628,28.81438492063673,15.479393452159078,-0.8660254037844386,0.5000000000000001,0.9277054058868384,0.9007546143042059,0.5737323286730242,1.1223590471356752,0.9067224814303124,0.1762726874672926,7.01624197219619,-1.2647205579438707,0.6664451087488514,2.3376187556696046
47,4,1,18,1,4,5,8,0.495617514,0.4956211752247285,-0.017515746908638476,1,1,-0.30438248600000006,3.4965075614664802,6.082218910376446,8.865170419651774,3.40452517175483,4.07753744390572,0.8,2,0,0,0,0,1,0,1.9601328903654485,484860,21.26652441062566,24.800475349091407,14.257140504779052,-0.8660254037844386,0.5000000000000001,0.7617254392735912,0.5967588908180466,0.5990380513621463,1.1483697243081041,0.9459929771454892,0.663747223037126,7.01624197219619,-1.2647205579438707,0.6664451087488514,2.3376187556696046
47,5,0,7,1,4,5,8,0.921604938,0.9212527200066833,2.4594906586747953,0,0,0.12160493799999994,0.0,0.0,8.93075873555827,1.5260563034950492,2.8903717578961645,0.8,0,0,1,0,1,0,0,3.91304347826087,394620,0.0,0.0,0.0,-0.8660254037844386,0.5000000000000001,-0.9856129740972022,-1.1731446939116332,0.6471732301956877,-0.9280949784565565,-0.40587000961859426,0.663747223037126,-0.22888618729874646,-1.2647205579438707,0.6664451087488514,2.3376187556696046
47,5,1,19,1,4,5,8,0.449964912,0.4500067124076859,-0.20064357465979143,0,1,0.09996491200000002,3.6635616461296463,6.025865973825314,8.830689198760998,3.3134584673541485,4.04305126783455,0.35,1,0,0,0,0,1,0,2.074235807860262,401460,22.07613146642409,24.362885065275513,14.811967558174498,-0.8660254037844386,0.5000000000000001,0.8452087477209552,0.5803603912109813,0.5737323286730242,1.0477043364061487,0.9067224814303124,-3.7235235970913716,3.393677892448722,-1.2647205579438707,0.6664451087488514,2.3376187556696046
47,6,0,8,1,4,5,8,0.271875,0.2720655806182122,-0.9841678184233481,1,1,-0.478125,0.0,0.0,8.119993827725105,1.0647107369924282,2.0794415416798357,0.75,0,0,1,0,1,0,0,2.7586206896551726,264375,0.0,0.0,0.0,-0.8660254037844386,0.5000000000000001,-0.9856129740972022,-1.1731446939116332,0.05215393001810756,-1.4380676486489155,-1.329301807783477,0.1762726874672926,-0.22888618729874646,-1.2647205579438707,0.6664451087488514,2.3376187556696046
47,6,1,20,1,4,5,8,0.75065101,0.7504416106599834,1.1009689342378093,0,0,0.0006510100000000074,3.828641396489095,6.816735880594968,8.284251797621916,2.933324813425374,3.4965075614664802,0.75,0,0,0,0,0,0,0,1.7562533262373603,268335,26.09883718137844,23.834768551020172,13.386873592967705,-0.8660254037844386,0.5000000000000001,0.9277054058868384,0.8105006580564248,0.1727026382223141,0.6275035398673704,0.28435593563553735,0.1762726874672926,-0.22888618729874646,-1.2647205579438707,0.6664451087488514,2.3376187556696046
47,7,1,21,1,4,5,8,0.800808642,0.8005573398763576,1.3897813828572416,0,0,0.0008086419999999706,3.9318256327243257,6.543911845564792,8.314097335405807,3.40452517175483,4.07753744390572,0.8,1,0,0,0,0,1,0,1.9601328903654485,391650,25.72952033268,26.683045579908622,16.032166240341738,-0.8660254037844386,0.5000000000000001,0.9792705109119583,0.731109855996254,0.19460623917250247,1.1483697243081041,0.9459929771454892,0.663747223037126,3.393677892448722,-1.2647205579438707,0.6664451087488514,2.3376187556696046
47,8,0,10,1,4,5,8,0.376597222,0.3767003153817878,-0.5035774859071953,1,1,-0.373402778,0.0,0.0,8.119993827725105,1.5260563034950492,2.0794415416798357,0.75,0,0,1,0,1,0,0,1.7391304347826089,381120,0.0,0.0,0.0,-0.8660254037844386,0.5000000000000001,-0.9856129740972022,-1.1731446939116332,0.05215393001810756,-0.9280949784565565,-1.329301807783477,0.1762726874672926,-0.22888618729874646,-1.2647205579438707,0.6664451087488514,2.3376187556696046
47,8,1,22,1,4,5,8,0.750206897,0.7499978686817043,1.0986009216695012,0,0,0.00020689699999998368,4.04305126783455,6.821107472256465,8.848078421168667,3.380994674344636,4.060443010546419,0.75,2,0,0,0,0,1,0,1.9727891156462587,388080,27.578087213742222,27.696718159909715,16.416579261759637,-0.8660254037844386,0.5000000000000001,1.0348542101784763,0.8117727753324828,0.5864942561413656,1.1223590471356752,0.9265270070534614,0.1762726874672926,7.01624197219619,-1.2647205579438707,0.6664451087488514,2.3376187556696046
47,9,0,11,1,4,5,8,0.4078125,0.40788951545530494,-0.3726969044896274,1,1,-0.3421875,0.0,0.0,6.8679744089702925,1.0647107369924282,2.0794415416798357,0.75,0,0,1,0,1,0,0,2.7586206896551726,390540,0.0,0.0,0.0,-0.8660254037844386,0.5000000000000001,-0.9856129740972022,-1.1731446939116332,-0.8667014757335281,-1.4380676486489155,-1.329301807783477,0.1762726874672926,-0.22888618729874646,-1.2647205579438707,0.6664451087488514,2.3376187556696046
47,9,1,23,1,4,5,8,0.750371895,0.7501627288387636,1.0994803642105822,0,0,0.00037189500000001097,3.828641396489095,6.928537818164665,8.637816633739977,2.933324813425374,3.9512437185814275,0.75,1,0,0,0,0,1,0,2.7674294837679616,396180,26.52688670776547,27.376341532977,15.127895268578362,-0.8660254037844386,0.5000000000000001,0.9277054058868384,0.8430346153177697,0.4321834067185993,0.6275035398673704,0.8021783312721362,0.1762726874672926,3.393677892448722,-1.2647205579438707,0.6664451087488514,2.3376187556696046
47,10,0,1,1,4,5,8,0.410833333,0.4109078247852966,-0.3602137470814204,1,1,-0.28916666699999993,0.0,0.0,8.119993827725105,1.0647107369924282,2.0794415416798357,0.7,0,0,1,0,1,0,0,2.7586206896551726,391950,0.0,0.0,0.0,-0.8660254037844386,0.5000000000000001,-0.9856129740972022,-1.1731446939116332,0.05215393001810756,-1.4380676486489155,-1.329301807783477,-0.3112018481025408,-0.22888618729874646,-1.2647205579438707,0.6664451087488514,2.3376187556696046
47,10,1,13,1,4,5,8,0.700251773,0.7000844782857143,0.8477001703117002,0,0,0.0002517730000000107,0.0,7.3727463664043285,8.083637203141548,3.0828269804049246,3.9512437185814275,0.7,1,0,0,0,1,1,0,2.383134738771769,395190,0.0,29.13151776894915,0.0,-0.8660254037844386,0.5000000000000001,-0.9856129740972022,0.9722976874764608,0.025471851023910256,0.7927636503569598,0.8021783312721362,-0.3112018481025408,3.393677892448722,-1.2647205579438707,0.6664451087488514,2.3376187556696046
47,11,1,14,1,4,5,8,0.800516667,0.8002656087986634,1.3879552436400415,0,0,0.0005166669999999707,3.9318256327243257,6.705639094860003,7.944846711001996,2.4518667957098,4.04305126783455,0.8,2,0,0,0,0,1,0,4.909560723514212,355140,26.365403676968906,27.11124264411466,15.896572609290468,-0.8660254037844386,0.5000000000000001,0.9792705109119583,0.7781718974146791,-0.07638630872906649,0.09529851025962122,0.9067224814303124,0.663747223037126,7.01624197219619,-1.2647205579438707,0.6664451087488514,2.3376187556696046
47,12,0,3,1,4,5,8,0.590617284,0.5905415803375105,0.36620468978063403,1,1,-0.20938271600000002,0.0,0.0,8.237743803890933,1.5260563034950492,2.1972245773362196,0.8,0,0,1,0,1,0,0,1.956521739130435,262995,0.0,0.0,0.0,-0.8660254037844386,0.5000000000000001,-0.9856129740972022,-1.1731446939116332,0.138570482753928,-0.9280949784565565,-1.1951785524965162,0.663747223037126,-0.22888618729874646,-1.2647205579438707,0.6664451087488514,2.3376187556696046
47,12,1,15,1,4,5,8,0.800401961,0.8001509986265665,1.387238369876064,0,0,0.00040196100000000623,4.1588830833596715,6.97166860472579,8.314097335405807,2.725235025856311,3.5263605246161616,0.8,0,0,0,0,0,0,0,2.2280471821756227,267075,28.99435462298381,24.58461695841086,14.665721131653491,-0.8660254037844386,0.5000000000000001,1.0927397937785401,0.8555855173605276,0.19460623917250247,0.39748051090269754,0.31835044575563654,0.663747223037126,-0.22888618729874646,-1.2647205579438707,0.6664451087488514,2.3376187556696046
48,1,0,0,1,4,0,9,0.768847222,0.7686226211461988,1.2005500571029686,0,0,0.268847222,0.0,0.0,8.119993827725105,1.3711807233098425,2.0794415416798357,0.5,0,0,1,0,1,0,0,2.030456852791878,408690,0.0,0.0,0.0,0.0,1.0,-0.9856129740972022,-1.1731446939116332,0.05215393001810756,-1.0992948748235933,-1.329301807783477,-2.2610999903818723,-0.22888618729874646,-0.028538824941726406,1.3678317129691895,2.4224862061930543
48,1,1,12,1,4,0,9,0.550349708,0.5503076447518798,0.20191378197911258,0,1,0.05034970800000005,3.4339872044851463,7.278628942320682,8.830689198760998,3.2831643147505627,4.04305126783455,0.5,2,0,0,0,0,1,0,2.1380345086271566,415530,24.994718654124476,29.427869973346887,13.883786320821294,0.0,1.0,0.7304816282848566,0.9449098593292397,0.5737323286730242,1.0142170960028583,0.9067224814303124,-2.2610999903818723,7.01624197219619,-0.028538824941726406,1.3678317129691895,2.4224862061930543
48,2,0,4,1,4,0,9,0.5565625,0.5565152464494569,0.22703114377926076,1,1,-0.1434375,0.0,0.0,6.8679744089702925,1.3609765531356006,2.0794415416798357,0.7,0,0,1,0,1,0,0,2.0512820512820515,417660,0.0,0.0,0.0,0.0,1.0,-0.9856129740972022,-1.1731446939116332,-0.8667014757335281,-1.110574592867282,-1.329301807783477,-0.3112018481025408,-0.22888618729874646,-0.028538824941726406,1.3678317129691895,2.4224862061930543
48,2,1,16,1,4,0,9,0.700211111,0.7000438502556391,0.8475066798498503,0,0,0.00021111100000004157,0.0,6.240275845170769,8.4252971767117,3.41213732170049,4.060443010546419,0.7,1,0,0,0,1,1,0,1.9122980547312893,422220,0.0,25.3382844394053,0.0,0.0,1.0,-0.9856129740972022,0.642752884063933,0.27621565654421004,1.1567842159940684,0.9265270070534614,-0.3112018481025408,3.393677892448722,-0.028538824941726406,1.3678317129691895,2.4224862061930543
48,3,0,5,1,4,0,9,0.921703704,0.9213514034954051,2.460851724561814,0,0,0.12170370399999997,0.0,0.0,8.748463629942055,1.5260563034950492,2.70805020110221,0.8,0,0,1,0,1,0,0,3.2608695652173916,415290,0.0,0.0,0.0,0.0,1.0,-0.9856129740972022,-1.1731446939116332,0.5133870917952844,-0.9280949784565565,-0.6134853132140259,0.663747223037126,-0.22888618729874646,-0.028538824941726406,1.3678317129691895,2.4224862061930543
48,3,1,17,1,4,0,9,0.750716981,0.7505075265463659,1.1013209315145234,0,0,0.0007169809999999499,3.828641396489095,7.0431599159883405,8.398634855292102,3.380994674344636,4.04305126783455,0.75,2,0,0,0,0,1,0,1.9387755102040818,419730,26.96573361644562,28.475856627898146,15.479393452159078,0.0,1.0,0.9277054058868384,0.8763892289574162,0.2566482138997095,1.1223590471356752,0.9067224814303124,0.1762726874672926,7.01624197219619,-0.028538824941726406,1.3678317129691895,2.4224862061930543
48,4,1,18,1,4,0,9,0.500258046,0.5002578304227235,0.0010313217823057425,0,1,0.00025804600000001177,3.1780538303479458,6.322565239927284,8.848078421168667,3.2831643147505627,4.060443010546419,0.5,2,0,0,0,0,1,0,2.175543885971493,491820,20.093452678375684,25.672415837186485,12.904306462576592,0.0,1.0,0.6025819432328481,0.6666987986899782,0.5864942561413656,1.0142170960028583,0.9265270070534614,-2.2610999903818723,7.01624197219619,-0.028538824941726406,1.3678317129691895,2.4224862061930543
48,5,0,7,1,4,0,9,0.921604938,0.9212527200066833,2.4594906586747953,0,0,0.12160493799999994,0.0,0.0,8.93075873555827,1.5260563034950492,2.8903717578961645,0.8,0,0,1,0,1,0,0,3.91304347826087,409020,0.0,0.0,0.0,0.0,1.0,-0.9856129740972022,-1.1731446939116332,0.6471732301956877,-0.9280949784565565,-0.40587000961859426,0.663747223037126,-0.22888618729874646,-0.028538824941726406,1.3678317129691895,2.4224862061930543
48,5,1,19,1,4,0,9,0.550403509,0.5503614008053467,0.20213100761354647,0,1,0.05040350900000001,3.4339872044851463,6.413458957167357,8.830689198760998,3.3134584673541485,4.04305126783455,0.5,1,0,0,0,0,1,0,2.074235807860262,415860,22.023735995403353,25.929943367980336,13.883786320821294,0.0,1.0,0.7304816282848566,0.6931485398688358,0.5737323286730242,1.0477043364061487,0.9067224814303124,-2.2610999903818723,3.393677892448722,-0.028538824941726406,1.3678317129691895,2.4224862061930543
48,6,0,8,1,4,0,9,0.271875,0.2720655806182122,-0.9841678184233481,1,1,-0.478125,0.0,0.0,8.119993827725105,1.0647107369924282,2.0794415416798357,0.75,0,0,1,0,1,0,0,2.7586206896551726,271695,0.0,0.0,0.0,0.0,1.0,-0.9856129740972022,-1.1731446939116332,0.05215393001810756,-1.4380676486489155,-1.329301807783477,0.1762726874672926,-0.22888618729874646,-0.028538824941726406,1.3678317129691895,2.4224862061930543
48,6,1,20,1,4,0,9,0.75065101,0.7504416106599834,1.1009689342378093,0,0,0.0006510100000000074,3.828641396489095,6.920671504248683,8.284251797621916,2.933324813425374,3.4965075614664802,0.75,0,0,0,0,0,0,0,1.7562533262373603,275655,26.496769412668964,24.19818024503112,13.386873592967705,0.0,1.0,0.9277054058868384,0.8407455465743291,0.1727026382223141,0.6275035398673704,0.28435593563553735,0.1762726874672926,-0.22888618729874646,-0.028538824941726406,1.3678317129691895,2.4224862061930543
48,7,1,21,1,4,0,9,0.799982853,0.7997322407585631,1.3846217052252505,1,0,-1.714699999999514e-05,3.6635616461296463,6.4692503167957724,6.734591659972948,3.40452517175483,4.07753744390572,0.8,1,0,0,0,0,1,0,1.9601328903654485,392490,23.700497339825056,26.378610400733702,14.938309790150509,0.0,1.0,0.8452087477209552,0.7093836226335835,-0.9645908999024552,1.1483697243081041,0.9459929771454892,0.663747223037126,3.393677892448722,-0.028538824941726406,1.3678317129691895,2.4224862061930543
48,8,0,10,1,4,0,9,0.376597222,0.3767003153817878,-0.5035774859071953,1,1,-0.373402778,0.0,0.0,8.119993827725105,1.5260563034950492,2.0794415416798357,0.75,0,0,1,0,1,0,0,1.7391304347826089,391440,0.0,0.0,0.0,0.0,1.0,-0.9856129740972022,-1.1731446939116332,0.05215393001810756,-0.9280949784565565,-1.329301807783477,0.1762726874672926,-0.22888618729874646,-0.028538824941726406,1.3678317129691895,2.4224862061930543
48,8,1,22,1,4,0,9,0.750425926,0.7502167147000836,1.099768434602393,0,0,0.0004259260000000209,4.04305126783455,6.675823221634848,8.4252971767117,3.380994674344636,4.060443010546419,0.75,2,0,0,0,0,1,0,1.9727891156462587,396000,26.990695540070103,27.106799739930697,16.416579261759637,0.0,1.0,1.0348542101784763,0.7694955867325661,0.27621565654421004,1.1223590471356752,0.9265270070534614,0.1762726874672926,7.01624197219619,-0.028538824941726406,1.3678317129691895,2.4224862061930543
48,9,0,11,1,4,0,9,0.4078125,0.40788951545530494,-0.3726969044896274,1,1,-0.3421875,0.0,0.0,6.8679744089702925,1.0647107369924282,2.0794415416798357,0.75,0,0,1,0,1,0,0,2.7586206896551726,397140,0.0,0.0,0.0,0.0,1.0,-0.9856129740972022,-1.1731446939116332,-0.8667014757335281,-1.4380676486489155,-1.329301807783477,0.1762726874672926,-0.22888618729874646,-0.028538824941726406,1.3678317129691895,2.4224862061930543
48,9,1,23,1,4,0,9,0.750395513,0.7501863271077694,1.09960628026814,0,0,0.0003955129999999585,3.828641396489095,6.7357800142423265,8.738895704934043,2.933324813425374,3.9512437185814275,0.75,1,0,0,0,0,1,0,2.7674294837679616,403380,25.788886200172076,26.614708471021313,15.127895268578362,0.0,1.0,0.9277054058868384,0.7869427953464868,0.506365204208124,0.6275035398673704,0.8021783312721362,0.1762726874672926,3.393677892448722,-0.028538824941726406,1.3678317129691895,2.4224862061930543
48,10,0,1,1,4,0,9,0.410833333,0.4109078247852966,-0.3602137470814204,1,1,-0.28916666699999993,0.0,0.0,8.119993827725105,1.0647107369924282,2.0794415416798357,0.7,0,0,1,0,1,0,0,2.7586206896551726,398550,0.0,0.0,0.0,0.0,1.0,-0.9856129740972022,-1.1731446939116332,0.05215393001810756,-1.4380676486489155,-1.329301807783477,-0.3112018481025408,-0.22888618729874646,-0.028538824941726406,1.3678317129691895,2.4224862061930543
48,10,1,13,1,4,0,9,0.700236601,0.7000693189607351,0.8476279724727748,0,0,0.00023660100000000295,3.713572066704308,7.278628942320682,8.71948076085107,3.0828269804049246,3.9318256327243257,0.7,1,0,0,0,0,1,0,2.3373052245646195,404670,27.02971312410761,28.618299846505607,14.601117840837048,0.0,1.0,0.870200865542169,0.9449098593292397,0.49211660226491494,0.7927636503569598,0.7800663448380777,-0.3112018481025408,3.393677892448722,-0.028538824941726406,1.3678317129691895,2.4224862061930543
48,11,1,14,1,4,0,9,0.800779018,0.8005277406248955,1.3895960100485119,0,0,0.0007790179999999092,3.9318256327243257,6.86171134048073,0.0,2.4518667957098,4.060443010546419,0.8,2,0,0,0,0,1,0,4.995693367786392,355140,26.979052532857327,27.86158785284208,15.964953909082741,0.0,1.0,0.9792705109119583,0.8235883533284369,-5.90709886711144,0.09529851025962122,0.9265270070534614,0.663747223037126,7.01624197219619,-0.028538824941726406,1.3678317129691895,2.4224862061930543
48,12,0,3,1,4,0,9,0.590617284,0.5905415803375105,0.36620468978063403,1,1,-0.20938271600000002,0.0,0.0,8.237743803890933,1.5260563034950492,2.1972245773362196,0.8,0,0,1,0,1,0,0,1.956521739130435,270855,0.0,0.0,0.0,0.0,1.0,-0.9856129740972022,-1.1731446939116332,0.138570482753928,-0.9280949784565565,-1.1951785524965162,0.663747223037126,-0.22888618729874646,-0.028538824941726406,1.3678317129691895,2.4224862061930543
48,12,1,15,1,4,0,9,0.800260821,0.8000099765380116,1.386356715648888,0,0,0.00026082099999991115,4.143134726391533,7.085901464365611,7.438971592395862,2.725235025856311,3.5263605246161616,0.8,0,0,0,0,0,0,0,2.2280471821756227,272555,29.357844424801772,24.987443205258742,14.610186747313481,0.0,1.0,1.0848697381318242,0.8888268641041501,-0.44764739334449993,0.39748051090269754,0.31835044575563654,0.663747223037126,-0.22888618729874646,-0.028538824941726406,1.3678317129691895,2.4224862061930543
49,1,0,0,1,1,1,9,0.448722222,0.4487650605781119,-0.2056616051950404,1,1,-0.15127777799999997,0.0,0.0,8.119993827725105,1.3711807233098425,2.0794415416798357,0.6,0,0,1,0,1,0,0,2.030456852791878,418890,0.0,0.0,0.0,0.8660254037844386,0.5000000000000001,-0.9856129740972022,-1.1731446939116332,0.05215393001810756,-1.0992948748235933,-1.329301807783477,-1.2861509192422065,-0.22888618729874646,1.207642908060418,0.6664451087488514,2.507353656716504
49,1,1,12,1,1,1,9,0.700019883,0.6998527820116959,0.846596920596049,0,0,0.10001988299999998,3.6635616461296463,7.364547014255642,8.830689198760998,3.2831643147505627,4.04305126783455,0.6,0,0,0,0,0,0,0,2.1380345086271566,425730,26.98047198254557,29.775241143013425,14.811967558174498,0.8660254037844386,0.5000000000000001,0.8452087477209552,0.9699117058184079,0.5737323286730242,1.0142170960028583,0.9067224814303124,-1.2861509192422065,-0.22888618729874646,1.207642908060418,0.6664451087488514,2.507353656716504
49,2,0,4,1,1,1,9,0.585,0.5849289891395154,0.3430408376775138,1,1,-0.11499999999999999,0.0,0.0,6.8679744089702925,1.3609765531356006,2.0794415416798357,0.7,0,0,1,0,1,0,0,2.0512820512820515,423180,0.0,0.0,0.0,0.8660254037844386,0.5000000000000001,-0.9856129740972022,-1.1731446939116332,-0.8667014757335281,-1.110574592867282,-1.329301807783477,-0.3112018481025408,-0.22888618729874646,1.207642908060418,0.6664451087488514,2.507353656716504
49,2,1,16,1,1,1,9,0.683550607,0.6833972648053468,0.769428550654583,1,1,-0.016449392999999923,0.0,5.541263545158426,7.496097345175956,3.41213732170049,4.060443010546419,0.7,0,0,0,0,1,0,0,1.9122980547312893,424980,0.0,22.499984831534203,0.0,0.8660254037844386,0.5000000000000001,-0.9856129740972022,0.4393428467416473,-0.40572287846610844,1.1567842159940684,0.9265270070534614,-0.3112018481025408,-0.22888618729874646,1.207642908060418,0.6664451087488514,2.507353656716504
49,3,0,5,1,1,1,9,0.936355556,0.9359910150175439,2.6825824132345417,0,0,0.13635555599999993,0.0,0.0,9.259225769705994,1.5260563034950492,3.2188758248682006,0.8,0,0,1,0,1,0,0,5.434782608695652,430230,0.0,0.0,0.0,0.8660254037844386,0.5000000000000001,-0.9856129740972022,-1.1731446939116332,0.8882347548148589,-0.9280949784565565,-0.031792073931535665,0.663747223037126,-0.22888618729874646,1.207642908060418,0.6664451087488514,2.507353656716504
49,3,1,17,1,1,1,9,0.750473684,0.750264432802005,1.1000230945972098,0,0,0.00047368400000002975,3.828641396489095,7.042286171939743,8.830689198760998,3.380994674344636,4.04305126783455,0.75,0,0,0,0,0,0,0,1.9387755102040818,437070,26.962388363811222,28.4723240359147,15.479393452159078,0.8660254037844386,0.5000000000000001,0.9277054058868384,0.8761349726166735,0.5737323286730242,1.1223590471356752,0.9067224814303124,0.1762726874672926,-0.22888618729874646,1.207642908060418,0.6664451087488514,2.507353656716504
49,4,0,6,1,1,1,9,0.673083333,0.6729387353951546,0.7215067865183484,0,1,0.07308333300000003,0.0,0.0,6.8679744089702925,1.3711807233098425,2.0794415416798357,0.6,0,0,1,0,1,0,0,2.030456852791878,492780,0.0,0.0,0.0,0.8660254037844386,0.5000000000000001,-0.9856129740972022,-1.1731446939116332,-0.8667014757335281,-1.0992948748235933,-1.329301807783477,-1.2861509192422065,-0.22888618729874646,1.207642908060418,0.6664451087488514,2.507353656716504
49,4,1,18,1,1,1,9,0.600239766,0.6001560235054302,0.4061152483358378,0,1,0.0002397659999999746,3.1780538303479458,6.541029999189903,8.830689198760998,3.2831643147505627,4.04305126783455,0.6,0,0,0,0,0,0,0,2.1380345086271566,499620,20.787745443346292,26.445719631168565,12.84903456803471,0.8660254037844386,0.5000000000000001,0.6025819432328481,0.7302712491810908,0.5737323286730242,1.0142170960028583,0.9067224814303124,-1.2861509192422065,-0.22888618729874646,1.207642908060418,0.6664451087488514,2.507353656716504
49,5,1,19,1,1,1,9,0.707446429,0.7072731237126149,0.8821768934516172,0,0,0.10744642900000001,3.6635616461296463,6.309918278226516,8.812992231969966,3.3134584673541485,4.02535169073515,0.6,0,0,0,0,0,0,0,2.037845705967977,422580,23.11677459432308,25.399640209659733,14.74712406636042,0.8660254037844386,0.5000000000000001,0.8452087477209552,0.6630185788261483,0.5607445480062361,1.0477043364061487,0.8865674150869745,-1.2861509192422065,-0.22888618729874646,1.207642908060418,0.6664451087488514,2.507353656716504
49,6,1,20,1,1,1,9,0.75065101,0.7504416106599834,1.1009689342378093,0,0,0.0006510100000000074,3.828641396489095,7.085064293952548,8.284251797621916,2.933324813425374,3.4965075614664802,0.75,0,0,0,0,0,0,0,1.7562533262373603,279615,27.126170452613508,24.772980877281253,13.386873592967705,0.8660254037844386,0.5000000000000001,0.9277054058868384,0.8885832505583466,0.1727026382223141,0.6275035398673704,0.28435593563553735,0.1762726874672926,-0.22888618729874646,1.207642908060418,0.6664451087488514,2.507353656716504
49,7,0,9,1,1,1,9,0.350416667,0.3505416321904762,-0.6166592563739621,1,1,-0.44958333300000003,0.0,0.0,8.119993827725105,1.5260563034950492,2.0794415416798357,0.8,0,0,1,0,1,0,0,1.7391304347826089,395850,0.0,0.0,0.0,0.8660254037844386,0.5000000000000001,-0.9856129740972022,-1.1731446939116332,0.05215393001810756,-0.9280949784565565,-1.329301807783477,0.663747223037126,-0.22888618729874646,1.207642908060418,0.6664451087488514,2.507353656716504
49,7,1,21,1,1,1,9,0.579511494,0.5794450683575606,0.32049576185253553,1,1,-0.22048850600000003,0.0,6.840546529288687,8.848078421168667,3.40452517175483,4.060443010546419,0.8,0,1,0,0,1,0,0,1.9269102990033222,402810,0.0,27.775649343167817,0.0,0.8660254037844386,0.5000000000000001,-0.9856129740972022,0.817429470238087,0.5864942561413656,1.1483697243081041,0.9265270070534614,0.663747223037126,-0.22888618729874646,1.207642908060418,0.6664451087488514,2.507353656716504
49,8,0,10,1,1,1,9,0.813611111,0.8133491134135339,1.4719204758251054,0,0,0.06361111100000005,0.0,0.0,8.119993827725105,1.5260563034950492,2.0794415416798357,0.75,0,0,1,0,1,0,0,1.7391304347826089,399360,0.0,0.0,0.0,0.8660254037844386,0.5000000000000001,-0.9856129740972022,-1.1731446939116332,0.05215393001810756,-0.9280949784565565,-1.329301807783477,0.1762726874672926,-0.22888618729874646,1.207642908060418,0.6664451087488514,2.507353656716504
49,8,1,22,1,1,1,9,0.75075,0.7505405179615706,1.1014971322087592,0,0,0.0007500000000000284,4.04305126783455,6.434546518787453,8.738895704934043,3.380994674344636,4.04305126783455,0.75,0,0,0,0,0,0,0,1.9387755102040818,405600,26.015201460724004,26.015201460724004,16.346263554338563,0.8660254037844386,0.5000000000000001,1.0348542101784763,0.6992849436146698,0.506365204208124,1.1223590471356752,0.9067224814303124,0.1762726874672926,-0.22888618729874646,1.207642908060418,0.6664451087488514,2.507353656716504
49,9,0,11,1,1,1,9,0.447083333,0.4471275407418547,-0.21228346070901183,1,1,-0.302916667,0.0,0.0,6.8679744089702925,1.0647107369924282,2.0794415416798357,0.75,0,0,1,0,1,0,0,2.7586206896551726,404340,0.0,0.0,0.0,0.8660254037844386,0.5000000000000001,-0.9856129740972022,-1.1731446939116332,-0.8667014757335281,-1.4380676486489155,-1.329301807783477,0.1762726874672926,-0.22888618729874646,1.207642908060418,0.6664451087488514,2.507353656716504
49,9,1,23,1,1,1,9,0.750395513,0.7501863271077694,1.09960628026814,0,0,0.0003955129999999585,3.5553480614894135,6.79794041297493,8.738895704934043,2.933324813425374,3.9512437185814275,0.75,0,0,0,0,0,0,0,2.7674294837679616,410580,24.169044269390962,26.860319356058028,14.0480466953307,0.8660254037844386,0.5000000000000001,0.7911302851503994,0.8050312453293323,0.506365204208124,0.6275035398673704,0.8021783312721362,0.1762726874672926,-0.22888618729874646,1.207642908060418,0.6664451087488514,2.507353656716504
49,10,0,1,1,1,1,9,0.664583333,0.664445836481203,0.6831699800746885,1,1,-0.0354166669999999,0.0,0.0,8.119993827725105,1.0647107369924282,2.0794415416798357,0.7,0,0,1,0,1,0,0,2.7586206896551726,408030,0.0,0.0,0.0,0.8660254037844386,0.5000000000000001,-0.9856129740972022,-1.1731446939116332,0.05215393001810756,-1.4380676486489155,-1.329301807783477,-0.3112018481025408,-0.22888618729874646,1.207642908060418,0.6664451087488514,2.507353656716504
49,10,1,13,1,1,1,9,0.700236601,0.7000693189607351,0.8476279724727748,0,0,0.00023660100000000295,3.4339872044851463,7.2399325913204695,8.637816633739977,3.0828269804049246,3.9512437185814275,0.7,0,0,0,0,0,0,0,2.383134738771769,413670,24.86183587992948,28.606738174407962,13.56852037141093,0.8660254037844386,0.5000000000000001,0.7304816282848566,0.9336493619087357,0.4321834067185993,0.7927636503569598,0.8021783312721362,-0.3112018481025408,-0.22888618729874646,1.207642908060418,0.6664451087488514,2.507353656716504
49,11,1,14,1,1,1,9,0.682433036,0.6822806274486216,0.7642725334920796,1,1,-0.117566964,3.9318256327243257,5.8522024797744745,0.0,2.4518667957098,4.04305126783455,0.8,0,1,0,0,0,0,0,4.909560723514212,355140,23.00983971787014,23.660754655476687,15.896572609290468,0.8660254037844386,0.5000000000000001,0.9792705109119583,0.5298249459752163,-5.90709886711144,0.09529851025962122,0.9067224814303124,0.663747223037126,-0.22888618729874646,1.207642908060418,0.6664451087488514,2.507353656716504
49,12,1,15,1,1,1,9,0.800401961,0.8001509986265665,1.387238369876064,0,0,0.00040196100000000623,4.1588830833596715,7.009408932708637,8.314097335405807,2.725235025856311,3.5263605246161616,0.8,0,0,0,0,0,0,0,2.2280471821756227,276635,29.15131223459212,24.717702961195638,14.665721131653491,0.8660254037844386,0.5000000000000001,1.0927397937785401,0.8665678155595875,0.19460623917250247,0.39748051090269754,0.31835044575563654,0.663747223037126,-0.22888618729874646,1.207642908060418,0.6664451087488514,2.507353656716504
50,1,0,0,2,1,2,9,0.537919444,0.5378877652664996,0.15184212975036426,1,1,-0.112080556,0.0,0.0,8.119993827725105,1.3711807233098425,2.0794415416798357,0.65,0,0,1,0,1,0,0,2.030456852791878,429090,0.0,0.0,0.0,0.8660254037844387,-0.4999999999999998,-0.9856129740972022,-1.1731446939116332,0.05215393001810756,-1.0992948748235933,-1.329301807783477,-0.7986763836723731,-0.22888618729874646,1.207642908060418,-0.7363280996918251,2.592221107239954
50,1,1,12,2,1,2,9,0.800579532,0.8003284212798663,1.3883482596105863,0,0,0.15057953199999996,4.189654742026425,7.331714969726466,8.830689198760998,3.2831643147505627,4.04305126783455,0.65,0,0,0,0,0,0,0,2.1380345086271566,435930,30.717354390100617,29.64249950375414,16.938988916538975,0.8660254037844387,-0.4999999999999998,1.1081175672528816,0.9603577002552315,0.5737323286730242,1.0142170960028583,0.9067224814303124,-0.7986763836723731,-0.22888618729874646,1.207642908060418,-0.7363280996918251,2.592221107239954
50,2,0,4,2,1,2,9,0.92885,0.9284917293233081,2.5637483563751493,0,0,0.22885,0.0,0.0,7.0909098220799835,1.3609765531356006,2.302585092994046,0.7,0,0,1,0,1,0,0,2.5641025641025643,426180,0.0,0.0,0.0,0.8660254037844387,-0.4999999999999998,-0.9856129740972022,-1.1731446939116332,-0.7030894690818731,-1.110574592867282,-1.0752012122964671,-0.3112018481025408,-0.22888618729874646,1.207642908060418,-0.7363280996918251,2.592221107239954
50,3,0,5,2,1,2,9,0.86037037,0.860069308705096,1.815865739671478,0,0,0.060370370000000007,0.0,0.0,9.218407743053941,1.5260563034950492,3.1780538303479458,0.8,0,0,1,0,1,0,0,5.217391304347826,447150,0.0,0.0,0.0,0.8660254037844387,-0.4999999999999998,-0.9856129740972022,-1.1731446939116332,0.8582784587067249,-0.9280949784565565,-0.07827736582311291,0.663747223037126,-0.22888618729874646,1.207642908060418,-0.7363280996918251,2.592221107239954
50,3,1,17,2,1,2,9,0.800149813,0.7998990612765247,1.385663613452625,0,0,0.00014981299999994313,3.9318256327243257,7.116394144093465,8.45126704130007,3.380994674344636,4.04305126783455,0.8,0,0,0,0,0,0,0,1.9387755102040818,451830,27.980420908315974,28.77194636668745,15.896572609290468,0.8660254037844387,-0.4999999999999998,0.9792705109119583,0.8977001230173192,0.2952749060304477,1.1223590471356752,0.9067224814303124,0.663747223037126,-0.22888618729874646,1.207642908060418,-0.7363280996918251,2.592221107239954
50,4,0,6,2,1,2,9,0.806879167,0.8066227934269006,1.4282134210117379,0,0,0.15687916699999993,0.0,0.0,6.8679744089702925,1.3711807233098425,2.0794415416798357,0.65,0,0,1,0,1,0,0,2.030456852791878,500580,0.0,0.0,0.0,0.8660254037844387,-0.4999999999999998,-0.9856129740972022,-1.1731446939116332,-0.8667014757335281,-1.0992948748235933,-1.329301807783477,-0.7986763836723731,-0.22888618729874646,1.207642908060418,-0.7363280996918251,2.592221107239954
50,4,1,18,2,1,2,9,0.750254867,0.7500457986065163,1.0988565628206324,0,0,0.10025486699999997,4.02535169073515,6.725033642166843,8.821879862683842,3.2831643147505627,4.04305126783455,0.65,0,0,0,0,0,0,0,2.1380345086271566,507360,27.070625541747063,27.189655793192657,16.274703256706697,0.8660254037844387,-0.4999999999999998,1.0260090552853378,0.783815640152058,0.5672671685051183,1.0142170960028583,0.9067224814303124,-0.7986763836723731,-0.22888618729874646,1.207642908060418,-0.7363280996918251,2.592221107239954
50,5,1,19,2,1,2,9,0.700903571,0.7007357317593985,0.8508038051490749,0,0,0.05090357099999998,3.5553480614894135,6.300785794663244,8.812992231969966,3.3134584673541485,4.02535169073515,0.65,0,0,0,0,0,0,0,2.037845705967977,429300,22.401486560916,25.3628787515077,14.311526330468347,0.8660254037844387,-0.4999999999999998,0.7911302851503994,0.6603610593198141,0.5607445480062361,1.0477043364061487,0.8865674150869745,-0.7986763836723731,-0.22888618729874646,1.207642908060418,-0.7363280996918251,2.592221107239954
50,6,1,20,2,1,2,9,0.750797009,0.750587487689223,1.1017480151789891,0,0,0.0007970090000000152,3.5553480614894135,6.854354502255021,7.9658927350845286,2.933324813425374,3.4965075614664802,0.75,0,0,0,0,0,0,0,1.7562533262373603,282495,24.369615992353623,23.966302346106495,12.431301380642926,0.8660254037844387,-0.4999999999999998,0.7911302851503994,0.8214475401581407,-0.060940659318095815,0.6275035398673704,0.28435593563553735,0.1762726874672926,-0.22888618729874646,1.207642908060418,-0.7363280996918251,2.592221107239954
50,7,0,9,2,1,2,9,0.342361111,0.342492805978279,-0.6522050524312621,1,1,-0.45763888900000005,0.0,0.0,8.119993827725105,1.5260563034950492,2.0794415416798357,0.8,0,0,1,0,1,0,0,1.7391304347826089,406170,0.0,0.0,0.0,0.8660254037844387,-0.4999999999999998,-0.9856129740972022,-1.1731446939116332,0.05215393001810756,-0.9280949784565565,-1.329301807783477,0.663747223037126,-0.22888618729874646,1.207642908060418,-0.7363280996918251,2.592221107239954
50,7,1,21,2,1,2,9,0.800115819,0.7998650956758563,1.3854514222617493,0,0,0.00011581899999990597,0.0,6.424869023905388,8.865170419651774,3.40452517175483,4.07753744390572,0.8,0,0,0,0,1,0,0,1.9601328903654485,413250,0.0,26.19764401716421,0.0,0.8660254037844387,-0.4999999999999998,-0.9856129740972022,0.6964688277965184,0.5990380513621463,1.1483697243081041,0.9459929771454892,0.663747223037126,-0.22888618729874646,1.207642908060418,-0.7363280996918251,2.592221107239954
50,8,0,10,2,1,2,9,0.773333333,0.7731049843508772,1.2259274291577404,0,0,0.023333332999999956,0.0,0.0,8.119993827725105,1.5260563034950492,2.0794415416798357,0.75,0,0,1,0,1,0,0,1.7391304347826089,408960,0.0,0.0,0.0,0.8660254037844387,-0.4999999999999998,-0.9856129740972022,-1.1731446939116332,0.05215393001810756,-0.9280949784565565,-1.329301807783477,0.1762726874672926,-0.22888618729874646,1.207642908060418,-0.7363280996918251,2.592221107239954
50,8,1,22,2,1,2,9,0.750473684,0.750264432802005,1.1000230945972098,0,0,0.00047368400000002975,3.828641396489095,6.313548046277095,8.830689198760998,3.380994674344636,4.04305126783455,0.75,0,0,0,0,0,0,0,1.9387755102040818,415800,24.172311408699336,25.525998433034957,15.479393452159078,0.8660254037844387,-0.4999999999999998,0.9277054058868384,0.6640748281290955,0.5737323286730242,1.1223590471356752,0.9067224814303124,0.1762726874672926,-0.22888618729874646,1.207642908060418,-0.7363280996918251,2.592221107239954
50,9,0,11,2,1,2,9,0.8004,0.8001490392648287,1.3872261169703495,0,0,0.0504,0.0,0.0,7.0909098220799835,1.0647107369924282,2.302585092994046,0.75,0,0,1,0,1,0,0,3.4482758620689657,411780,0.0,0.0,0.0,0.8660254037844387,-0.4999999999999998,-0.9856129740972022,-1.1731446939116332,-0.7030894690818731,-1.4380676486489155,-1.0752012122964671,0.1762726874672926,-0.22888618729874646,1.207642908060418,-0.7363280996918251,2.592221107239954
50,9,1,23,2,1,2,9,0.750395513,0.7501863271077694,1.09960628026814,0,0,0.0003955129999999585,3.828641396489095,6.8416154764775925,8.738895704934043,2.933324813425374,3.9512437185814275,0.75,0,0,0,0,0,0,0,2.7674294837679616,418020,26.194092232102577,27.032890176381567,15.127895268578362,0.8660254037844387,-0.4999999999999998,0.9277054058868384,0.8177405299827967,0.506365204208124,0.6275035398673704,0.8021783312721362,0.1762726874672926,-0.22888618729874646,1.207642908060418,-0.7363280996918251,2.592221107239954
50,10,0,1,2,1,2,9,0.632361111,0.6322505336307436,0.5418838211571216,1,1,-0.06763888899999992,0.0,0.0,8.119993827725105,1.0647107369924282,2.0794415416798357,0.7,0,0,1,0,1,0,0,2.7586206896551726,417030,0.0,0.0,0.0,0.8660254037844387,-0.4999999999999998,-0.9856129740972022,-1.1731446939116332,0.05215393001810756,-1.4380676486489155,-1.329301807783477,-0.3112018481025408,-0.22888618729874646,1.207642908060418,-0.7363280996918251,2.592221107239954
50,10,1,13,2,1,2,9,0.70013604,0.6999688419715957,0.8471494932257949,0,0,0.00013604000000000394,3.4339872044851463,7.321188556739479,8.188966863648876,3.0828269804049246,3.9318256327243257,0.7,0,0,0,0,0,0,0,2.3373052245646195,420630,25.140867825466444,28.785636829396296,13.501838913042048,0.8660254037844387,-0.4999999999999998,0.7304816282848566,0.9572945523556665,0.10277315042340172,0.7927636503569598,0.7800663448380777,-0.3112018481025408,-0.22888618729874646,1.207642908060418,-0.7363280996918251,2.592221107239954
50,11,1,14,2,1,2,9,0.800309211,0.8000583261119465,1.3866589391943844,0,0,0.0003092109999999204,3.9318256327243257,6.450470422144176,0.0,2.4518667957098,4.04305126783455,0.8,0,0,0,0,0,0,0,4.909560723514212,355140,25.362124948916573,26.079582618379277,15.896572609290468,0.8660254037844387,-0.4999999999999998,0.9792705109119583,0.7039187415836757,-5.90709886711144,0.09529851025962122,0.9067224814303124,0.663747223037126,-0.22888618729874646,1.207642908060418,-0.7363280996918251,2.592221107239954
50,12,0,3,2,1,2,9,0.607654321,0.6075643842238931,0.43708566433270335,1,1,-0.192345679,0.0,0.0,8.237743803890933,1.5260563034950492,2.1972245773362196,0.8,0,0,1,0,1,0,0,1.956521739130435,280415,0.0,0.0,0.0,0.8660254037844387,-0.4999999999999998,-0.9856129740972022,-1.1731446939116332,0.138570482753928,-0.9280949784565565,-1.1951785524965162,0.663747223037126,-0.22888618729874646,1.207642908060418,-0.7363280996918251,2.592221107239954
50,12,1,15,2,1,2,9,0.800401961,0.8001509986265665,1.387238369876064,0,0,0.00040196100000000623,4.1588830833596715,6.943122422819428,8.314097335405807,2.725235025856311,3.5263605246161616,0.8,0,0,0,0,0,0,0,2.2280471821756227,284495,28.875634389958936,24.48395282940775,14.665721131653491,0.8660254037844387,-0.4999999999999998,1.0927397937785401,0.8472786822349093,0.19460623917250247,0.39748051090269754,0.31835044575563654,0.663747223037126,-0.22888618729874646,1.207642908060418,-0.7363280996918251,2.592221107239954
51,1,0,0,2,1,3,9,0.555430556,0.5553842481002507,0.22244978283313258,1,1,-0.14456944399999994,0.0,0.0,8.119993827725105,1.3711807233098425,2.0794415416798357,0.7,0,0,1,0,1,0,0,2.030456852791878,439290,0.0,0.0,0.0,1.2246467991473532e-16,-1.0,-0.9856129740972022,-1.1731446939116332,0.05215393001810756,-1.0992948748235933,-1.329301807783477,-0.3112018481025408,-0.22888618729874646,-0.028538824941726233,-1.4377147039121636,2.677088557763404
51,1,1,12,2,1,3,9,0.800566092,0.8003149925079365,1.3882642283562674,0,0,0.100566092,4.110873864173311,7.354362330421477,8.848078421168667,3.2831643147505627,4.060443010546419,0.7,0,0,0,0,0,0,0,2.175543885971493,446250,30.232855891790376,29.86196912158576,16.69196904902047,1.2246467991473532e-16,-1.0,1.0687477527474374,0.9669479998596049,0.5864942561413656,1.0142170960028583,0.9265270070534614,-0.3112018481025408,-0.22888618729874646,-0.028538824941726233,-1.4377147039121636,2.677088557763404
51,2,0,4,2,1,3,9,0.567377778,0.5673214891294904,0.2709311601576769,0,1,0.16737777799999998,0.0,0.0,8.748463629942055,1.3609765531356006,2.70805020110221,0.4,0,0,1,0,1,0,0,3.8461538461538463,432480,0.0,0.0,0.0,1.2246467991473532e-16,-1.0,-0.9856129740972022,-1.1731446939116332,0.5133870917952844,-1.110574592867282,-0.6134853132140259,-3.236049061521538,-0.22888618729874646,-0.028538824941726233,-1.4377147039121636,2.677088557763404
51,2,1,16,2,1,3,9,0.30277037,0.3029351399498747,-0.8333597394331067,1,1,-0.09722963000000001,0.0,5.062595033026967,8.594339400592892,2.7265447837383743,3.8066624897703196,0.4,1,1,0,0,1,1,0,2.945026178010471,437880,0.0,19.271590613121287,0.0,1.2246467991473532e-16,-1.0,-0.9856129740972022,0.3000520504052399,0.4002755224590608,0.3989283209022275,0.6375391287463377,-3.236049061521538,3.393677892448722,-0.028538824941726233,-1.4377147039121636,2.677088557763404
51,3,0,5,2,1,3,9,0.902962963,0.9026263189206349,2.2267526866328193,0,0,0.10296296299999996,0.0,0.0,8.748463629942055,1.5260563034950492,2.70805020110221,0.8,0,0,1,0,1,0,0,3.2608695652173916,458130,0.0,0.0,0.0,1.2246467991473532e-16,-1.0,-0.9856129740972022,-1.1731446939116332,0.5133870917952844,-0.9280949784565565,-0.6134853132140259,0.663747223037126,-0.22888618729874646,-0.028538824941726233,-1.4377147039121636,2.677088557763404
51,3,1,17,2,1,3,9,0.800333333,0.8000824279598998,1.3868096155144782,0,0,0.0003333329999999357,3.9318256327243257,7.053585727193677,8.830689198760998,3.380994674344636,4.04305126783455,0.8,0,0,0,0,0,0,0,1.9387755102040818,464970,27.733469164798553,28.51800871711008,15.896572609290468,1.2246467991473532e-16,-1.0,0.9792705109119583,0.8794231021043625,0.5737323286730242,1.1223590471356752,0.9067224814303124,0.663747223037126,-0.22888618729874646,-0.028538824941726233,-1.4377147039121636,2.677088557763404
51,4,0,6,2,1,3,9,0.555430556,0.5553842481002507,0.22244978283313258,1,1,-0.14456944399999994,0.0,0.0,8.119993827725105,1.3711807233098425,2.0794415416798357,0.7,0,0,1,0,1,0,0,2.030456852791878,510720,0.0,0.0,0.0,1.2246467991473532e-16,-1.0,-0.9856129740972022,-1.1731446939116332,0.05215393001810756,-1.0992948748235933,-1.329301807783477,-0.3112018481025408,-0.22888618729874646,-0.028538824941726233,-1.4377147039121636,2.677088557763404
51,4,1,18,2,1,3,9,0.750770115,0.7505606161570593,1.1016044803645788,0,0,0.05077011500000006,3.9318256327243257,6.85751406254539,8.848078421168667,3.2831643147505627,4.060443010546419,0.7,0,0,0,0,0,0,0,2.175543885971493,517680,26.962549567883492,27.84454504498621,15.964953909082741,1.2246467991473532e-16,-1.0,0.9792705109119583,0.8223669607127927,0.5864942561413656,1.0142170960028583,0.9265270070534614,-0.3112018481025408,-0.22888618729874646,-0.028538824941726233,-1.4377147039121636,2.677088557763404
51,5,0,7,2,1,3,9,0.354444444,0.3545660442974102,-0.5990282588140071,1,1,-0.34555555599999993,0.0,0.0,8.119993827725105,1.5260563034950492,2.0794415416798357,0.7,0,0,1,0,1,0,0,1.7391304347826089,432660,0.0,0.0,0.0,1.2246467991473532e-16,-1.0,-0.9856129740972022,-1.1731446939116332,0.05215393001810756,-0.9280949784565565,-1.329301807783477,-0.3112018481025408,-0.22888618729874646,-0.028538824941726233,-1.4377147039121636,2.677088557763404
51,5,1,19,2,1,3,9,0.700659649,0.7004920135371763,0.8496418814370696,0,0,0.0006596490000000399,3.4339872044851463,6.352629396319567,8.830689198760998,3.3134584673541485,4.04305126783455,0.7,0,0,0,0,0,0,0,2.074235807860262,439500,21.81484806179759,25.68400633487286,13.883786320821294,1.2246467991473532e-16,-1.0,0.7304816282848566,0.6754473588708351,0.5737323286730242,1.0477043364061487,0.9067224814303124,-0.3112018481025408,-0.22888618729874646,-0.028538824941726233,-1.4377147039121636,2.677088557763404
51,6,0,8,2,1,3,9,0.309333333,0.30949262010693396,-0.8024924132699591,1,1,-0.440666667,0.0,0.0,8.119993827725105,1.0647107369924282,2.0794415416798357,0.75,0,0,1,0,1,0,0,2.7586206896551726,285855,0.0,0.0,0.0,1.2246467991473532e-16,-1.0,-0.9856129740972022,-1.1731446939116332,0.05215393001810756,-1.4380676486489155,-1.329301807783477,0.1762726874672926,-0.22888618729874646,-0.028538824941726233,-1.4377147039121636,2.677088557763404
51,6,1,20,2,1,3,9,0.750212553,0.7500035199565581,1.0986310618578614,0,0,0.0002125530000000042,3.828641396489095,5.998936561946683,8.045908742270779,3.005682604407159,3.4965075614664802,0.75,0,0,0,0,0,0,0,1.6336633663366338,288975,22.967776855981036,20.975327049604306,13.386873592967705,1.2246467991473532e-16,-1.0,0.9277054058868384,0.5725240302839948,-0.002217016818309519,0.707488042928574,0.28435593563553735,0.1762726874672926,-0.22888618729874646,-0.028538824941726233,-1.4377147039121636,2.677088557763404
51,7,0,9,2,1,3,9,0.999533333,0.9991160119197995,7.030182600325532,0,0,0.19953333299999998,0.0,0.0,8.343077871169383,1.5260563034950492,2.302585092994046,0.8,0,0,1,0,1,0,0,2.173913043478261,417450,0.0,0.0,0.0,1.2246467991473532e-16,-1.0,-0.9856129740972022,-1.1731446939116332,0.21587501627695377,-0.9280949784565565,-1.0752012122964671,0.663747223037126,-0.22888618729874646,-0.028538824941726233,-1.4377147039121636,2.677088557763404
51,7,1,21,2,1,3,9,0.800115819,0.7998650956758563,1.3854514222617493,0,0,0.00011581899999990597,3.9318256327243257,3.4011973816621555,8.865170419651774,3.40452517175483,4.07753744390572,0.8,0,0,0,0,0,0,0,1.9601328903654485,424530,13.372915047174125,13.868509677841532,16.032166240341738,1.2246467991473532e-16,-1.0,0.9792705109119583,-0.1834086244145116,0.5990380513621463,1.1483697243081041,0.9459929771454892,0.663747223037126,-0.22888618729874646,-0.028538824941726233,-1.4377147039121636,2.677088557763404
51,8,0,10,2,1,3,9,0.702777778,0.702608373005848,0.8597497773251435,1,0,-0.047222222000000036,0.0,0.0,8.119993827725105,1.5260563034950492,2.0794415416798357,0.75,0,0,1,0,1,0,0,1.7391304347826089,419160,0.0,0.0,0.0,1.2246467991473532e-16,-1.0,-0.9856129740972022,-1.1731446939116332,0.05215393001810756,-0.9280949784565565,-1.329301807783477,0.1762726874672926,-0.22888618729874646,-0.028538824941726233,-1.4377147039121636,2.677088557763404
51,8,1,22,2,1,3,9,0.750473684,0.750264432802005,1.1000230945972098,0,0,0.00047368400000002975,4.04305126783455,6.282266746896006,8.830689198760998,3.380994674344636,4.04305126783455,0.75,0,0,0,0,0,0,0,1.9387755102040818,426000,25.399526535912734,25.399526535912734,16.346263554338563,1.2246467991473532e-16,-1.0,1.0348542101784763,0.6549720837646765,0.5737323286730242,1.1223590471356752,0.9067224814303124,0.1762726874672926,-0.22888618729874646,-0.028538824941726233,-1.4377147039121636,2.677088557763404
51,9,1,23,2,1,3,9,0.750395513,0.7501863271077694,1.09960628026814,0,0,0.0003955129999999585,3.5553480614894135,7.00033446027523,8.738895704934043,2.933324813425374,3.9512437185814275,0.75,0,0,0,0,0,0,0,2.7674294837679616,424260,24.88862555311708,27.66002756413161,14.0480466953307,1.2246467991473532e-16,-1.0,0.7911302851503994,0.8639271770810847,0.506365204208124,0.6275035398673704,0.8021783312721362,0.1762726874672926,-0.22888618729874646,-0.028538824941726233,-1.4377147039121636,2.677088557763404
51,10,0,1,2,1,3,9,0.463194444,0.46322519216708435,-0.1473653422751705,1,1,-0.23680555599999997,0.0,0.0,8.119993827725105,1.0647107369924282,2.0794415416798357,0.7,0,0,1,0,1,0,0,2.7586206896551726,423990,0.0,0.0,0.0,1.2246467991473532e-16,-1.0,-0.9856129740972022,-1.1731446939116332,0.05215393001810756,-1.4380676486489155,-1.329301807783477,-0.3112018481025408,-0.22888618729874646,-0.028538824941726233,-1.4377147039121636,2.677088557763404
51,10,1,13,2,1,3,9,0.699984417,0.6998173456407686,0.8464282289474516,1,1,-1.558299999993018e-05,3.4339872044851463,7.1808311990445555,8.525359754082631,3.0828269804049246,3.9318256327243257,0.7,0,0,0,0,0,0,0,2.3373052245646195,429030,24.658882455086733,28.233776172669938,13.501838913042048,1.2246467991473532e-16,-1.0,0.7304816282848566,0.9164510716806089,0.34965145055303015,0.7927636503569598,0.7800663448380777,-0.3112018481025408,-0.22888618729874646,-0.028538824941726233,-1.4377147039121636,2.677088557763404
51,11,1,14,2,1,3,9,0.800701754,0.8004505411729322,1.3891126260852624,0,0,0.0007017539999999434,3.9318256327243257,6.400257445308821,0.0,2.4344901638739844,4.02535169073515,0.8,0,0,0,0,0,0,0,4.9079754601226995,355140,25.164696279499932,25.763287128614092,15.826980958362665,1.2246467991473532e-16,-1.0,0.9792705109119583,0.6893069479257354,-5.90709886711144,0.07609033318004338,0.8865674150869745,0.663747223037126,-0.22888618729874646,-0.028538824941726233,-1.4377147039121636,2.677088557763404
51,12,0,3,2,1,3,9,0.636049383,0.6359357243675857,0.557767062462055,1,1,-0.16395061700000002,0.0,0.0,8.237743803890933,1.5260563034950492,2.1972245773362196,0.8,0,0,1,0,1,0,0,1.956521739130435,288275,0.0,0.0,0.0,1.2246467991473532e-16,-1.0,-0.9856129740972022,-1.1731446939116332,0.138570482753928,-0.9280949784565565,-1.1951785524965162,0.663747223037126,-0.22888618729874646,-0.028538824941726233,-1.4377147039121636,2.677088557763404
51,12,1,15,2,1,3,9,0.800401961,0.8001509986265665,1.387238369876064,0,0,0.00040196100000000623,3.9318256327243257,6.891625897052253,8.314097335405807,2.725235025856311,3.5263605246161616,0.8,0,0,0,0,0,0,0,2.2280471821756227,292355,27.096671353176824,24.30235751378751,13.865034700913025,1.2246467991473532e-16,-1.0,0.9792705109119583,0.8322933805054775,0.19460623917250247,0.39748051090269754,0.31835044575563654,0.663747223037126,-0.22888618729874646,-0.028538824941726233,-1.4377147039121636,2.677088557763404
52,1,0,0,2,1,4,9,0.806879167,0.8066227934269006,1.4282134210117379,0,0,0.106879167,0.0,0.0,6.8679744089702925,1.3711807233098425,2.0794415416798357,0.7,0,0,1,0,1,0,0,2.030456852791878,447210,0.0,0.0,0.0,-0.8660254037844384,-0.5000000000000004,-0.9856129740972022,-1.1731446939116332,-0.8667014757335281,-1.0992948748235933,-1.329301807783477,-0.3112018481025408,-0.22888618729874646,-1.2647205579438705,-0.736328099691826,2.761956008286854
52,1,1,12,2,1,4,9,0.750651724,0.7504423240634921,1.1009727435500687,0,0,0.050651724000000065,3.9318256327243257,7.480428306074208,8.848078421168667,3.2891478778535324,4.060443010546419,0.7,0,0,0,0,0,0,0,2.162565249813572,454170,29.411739757579177,30.373852831292606,15.964953909082741,-0.8660254037844384,-0.5000000000000004,0.9792705109119583,1.003632740331467,0.5864942561413656,1.0208313432709495,0.9265270070534614,-0.3112018481025408,-0.22888618729874646,-1.2647205579438705,-0.736328099691826,2.761956008286854
52,2,0,4,2,1,4,9,0.5403125,0.5402788220551379,0.16146517263466975,0,1,0.04031249999999997,0.0,0.0,6.8679744089702925,1.3609765531356006,2.0794415416798357,0.5,0,0,1,0,1,0,0,2.0512820512820515,438840,0.0,0.0,0.0,-0.8660254037844384,-0.5000000000000004,-0.9856129740972022,-1.1731446939116332,-0.8667014757335281,-1.110574592867282,-1.329301807783477,-2.2610999903818723,-0.22888618729874646,-1.2647205579438705,-0.736328099691826,2.761956008286854
52,2,1,16,2,1,4,9,0.404144928,0.40422500742522977,-0.38789139455135396,1,1,-0.09585507199999999,0.0,5.568344503761097,8.616314282284044,2.7265447837383743,3.828641396489095,0.5,1,0,0,0,1,1,0,3.010471204188482,444360,0.0,21.31919427701226,0.0,-0.8660254037844384,-0.5000000000000004,-0.9856129740972022,0.4472233072142245,0.4164028592480935,0.3989283209022275,0.6625672026140437,-2.2610999903818723,3.393677892448722,-1.2647205579438705,-0.736328099691826,2.761956008286854
52,3,0,5,2,1,4,9,0.939166667,0.9387997775538847,2.7304514027774296,0,0,0.1391666669999999,0.0,0.0,7.0909098220799835,1.5260563034950492,2.302585092994046,0.8,0,0,1,0,1,0,0,2.173913043478261,466170,0.0,0.0,0.0,-0.8660254037844384,-0.5000000000000004,-0.9856129740972022,-1.1731446939116332,-0.7030894690818731,-0.9280949784565565,-1.0752012122964671,0.663747223037126,-0.22888618729874646,-1.2647205579438705,-0.736328099691826,2.761956008286854
52,3,1,17,2,1,4,9,0.800333333,0.8000824279598998,1.3868096155144782,0,0,0.0003333329999999357,4.1588830833596715,7.064759027791802,8.830689198760998,3.380994674344636,4.04305126783455,0.8,0,0,0,0,0,0,0,1.9387755102040818,473010,29.381506808695846,28.563182944259232,16.814577522952984,-0.8660254037844384,-0.5000000000000004,1.0927397937785401,0.8826744919463405,0.5737323286730242,1.1223590471356752,0.9067224814303124,0.663747223037126,-0.22888618729874646,-1.2647205579438705,-0.736328099691826,2.761956008286854
52,4,0,6,2,1,4,9,0.806058333,0.8058026451695907,1.422963920502764,0,0,0.106058333,0.0,0.0,6.8679744089702925,1.3711807233098425,2.0794415416798357,0.7,0,0,1,0,1,0,0,2.030456852791878,518640,0.0,0.0,0.0,-0.8660254037844384,-0.5000000000000004,-0.9856129740972022,-1.1731446939116332,-0.8667014757335281,-1.0992948748235933,-1.329301807783477,-0.3112018481025408,-0.22888618729874646,-1.2647205579438705,-0.736328099691826,2.761956008286854
52,4,1,18,2,1,4,9,0.799975862,0.7997252555989975,1.3845780923207056,0,0,0.09997586200000008,4.110873864173311,6.9363427358340495,8.848078421168667,3.2891478778535324,4.060443010546419,0.7,0,0,0,0,0,0,0,2.162565249813572,525600,28.514430065688597,28.164624380471793,16.69196904902047,-0.8660254037844384,-0.5000000000000004,1.0687477527474374,0.8453058179767197,0.5864942561413656,1.0208313432709495,0.9265270070534614,-0.3112018481025408,-0.22888618729874646,-1.2647205579438705,-0.736328099691826,2.761956008286854
52,5,0,7,2,1,4,9,0.592083333,0.5920064045680868,0.37226597654250554,1,1,-0.10791666699999991,0.0,0.0,6.8679744089702925,1.5260563034950492,2.0794415416798357,0.7,0,0,1,0,1,0,0,1.7391304347826089,440460,0.0,0.0,0.0,-0.8660254037844384,-0.5000000000000004,-0.9856129740972022,-1.1731446939116332,-0.8667014757335281,-0.9280949784565565,-1.329301807783477,-0.3112018481025408,-0.22888618729874646,-1.2647205579438705,-0.736328099691826,2.761956008286854
52,5,1,19,2,1,4,9,0.700424138,0.7002566992882207,0.8485205370169365,0,0,0.00042413800000007384,3.713572066704308,6.375024819828097,8.848078421168667,3.3134584673541485,4.060443010546419,0.7,0,0,0,0,0,0,0,2.1106259097525473,447420,23.674114095460283,25.88542497173094,15.078747742409927,-0.8660254037844384,-0.5000000000000004,0.870200865542169,0.6819643456701203,0.5864942561413656,1.0477043364061487,0.9265270070534614,-0.3112018481025408,-0.22888618729874646,-1.2647205579438705,-0.736328099691826,2.761956008286854
52,6,1,20,2,1,4,9,0.332146465,0.33228669351712614,-0.6978607685248119,1,1,-0.417853535,0.0,3.970291913552122,8.284251797621916,2.933324813425374,3.4965075614664802,0.75,0,0,0,0,1,0,0,1.7562533262373603,292935,0.0,13.882155696964215,0.0,-0.8660254037844384,-0.5000000000000004,-0.9856129740972022,-0.017804185165584675,0.1727026382223141,0.6275035398673704,0.28435593563553735,0.1762726874672926,-0.22888618729874646,-1.2647205579438705,-0.736328099691826,2.761956008286854
52,7,0,9,2,1,4,9,0.684888889,0.6847344287752716,0.7756157009867436,1,1,-0.11511111100000004,0.0,0.0,9.036106025364846,1.5260563034950492,2.995732273553991,0.8,0,0,1,0,1,0,0,4.347826086956522,432930,0.0,0.0,0.0,-0.8660254037844384,-0.5000000000000004,-0.9856129740972022,-1.1731446939116332,0.7244874677147257,-0.9280949784565565,-0.28589266941854513,0.663747223037126,-0.22888618729874646,-1.2647205579438705,-0.736328099691826,2.761956008286854
52,7,1,21,2,1,4,9,0.800055762,0.7998050888487886,1.3850766113111868,0,0,5.576199999990372e-05,3.9318256327243257,6.774223886357614,8.284251797621916,3.40452517175483,4.07753744390572,0.8,0,0,0,0,0,0,0,1.9601328903654485,436890,26.635067118194268,27.622151550023695,16.032166240341738,-0.8660254037844384,-0.5000000000000004,0.9792705109119583,0.7981298223296253,0.1727026382223141,1.1483697243081041,0.9459929771454892,0.663747223037126,-0.22888618729874646,-1.2647205579438705,-0.736328099691826,2.761956008286854
52,8,0,10,2,1,4,9,0.930416667,0.9300570874954052,2.5875665949964155,0,0,0.130416667,0.0,0.0,6.8679744089702925,1.5260563034950492,2.0794415416798357,0.8,0,0,1,0,1,0,0,1.7391304347826089,426960,0.0,0.0,0.0,-0.8660254037844384,-0.5000000000000004,-0.9856129740972022,-1.1731446939116332,-0.8667014757335281,-0.9280949784565565,-1.329301807783477,0.663747223037126,-0.22888618729874646,-1.2647205579438705,-0.736328099691826,2.761956008286854
52,8,1,22,2,1,4,9,0.433263158,0.43331891141854634,-0.26832271860433415,1,1,-0.36673684200000006,0.0,3.4339872044851463,8.830689198760998,3.380994674344636,4.04305126783455,0.8,0,0,0,0,1,0,0,1.9387755102040818,433800,0.0,13.883786320821294,0.0,-0.8660254037844384,-0.5000000000000004,-0.9856129740972022,-0.1738669052142945,0.5737323286730242,1.1223590471356752,0.9067224814303124,0.663747223037126,-0.22888618729874646,-1.2647205579438705,-0.736328099691826,2.761956008286854
52,9,0,11,2,1,4,9,0.83375,0.8334711779448621,1.6104307221669623,0,0,0.08374999999999999,0.0,0.0,6.8679744089702925,1.0647107369924282,2.0794415416798357,0.75,0,0,1,0,1,0,0,2.7586206896551726,425220,0.0,0.0,0.0,-0.8660254037844384,-0.5000000000000004,-0.9856129740972022,-1.1731446939116332,-0.8667014757335281,-1.4380676486489155,-1.329301807783477,0.1762726874672926,-0.22888618729874646,-1.2647205579438705,-0.736328099691826,2.761956008286854
52,9,1,23,2,1,4,9,0.750395513,0.7501863271077694,1.09960628026814,0,0,0.0003955129999999585,3.5553480614894135,7.095893221097532,8.738895704934043,2.933324813425374,3.9512437185814275,0.75,0,0,0,0,0,0,0,2.7674294837679616,431460,25.22837020816498,28.037603517586156,14.0480466953307,-0.8660254037844384,-0.5000000000000004,0.7911302851503994,0.8917344289777859,0.506365204208124,0.6275035398673704,0.8021783312721362,0.1762726874672926,-0.22888618729874646,-1.2647205579438705,-0.736328099691826,2.761956008286854
52,10,1,13,2,1,4,9,0.700058333,0.6998911998897244,0.8467798182914826,0,0,5.8333000000021507e-05,3.4339872044851463,7.19668657083435,8.658866349732383,3.0828269804049246,3.970291913552122,0.7,0,0,0,0,0,0,0,2.4289642529789184,434790,24.713329598935243,28.57294649655277,13.633931629208833,-0.8660254037844384,-0.5000000000000004,0.7304816282848566,0.9210649272128562,0.4476317656173736,0.7927636503569598,0.8238691112946817,-0.3112018481025408,-0.22888618729874646,-1.2647205579438705,-0.736328099691826,2.761956008286854
52,11,1,14,2,1,4,9,0.800701754,0.8004505411729322,1.3891126260852624,0,0,0.0007017539999999434,3.6635616461296463,6.073044534100405,0.0,2.4344901638739844,4.02535169073515,0.8,0,0,0,0,0,0,0,4.9079754601226995,355140,22.24897303036753,24.446140083250924,14.74712406636042,-0.8660254037844384,-0.5000000000000004,0.8452087477209552,0.5940891806846408,-5.90709886711144,0.07609033318004338,0.8865674150869745,0.663747223037126,-0.22888618729874646,-1.2647205579438705,-0.736328099691826,2.761956008286854
52,12,0,3,2,1,4,9,0.885925926,0.8856035150342523,2.046598997835985,0,0,0.08592592599999993,0.0,0.0,6.985641817639208,1.5260563034950492,2.1972245773362196,0.8,0,0,1,0,1,0,0,1.956521739130435,293435,0.0,0.0,0.0,-0.8660254037844384,-0.5000000000000004,-0.9856129740972022,-1.1731446939116332,-0.7803455191751631,-0.9280949784565565,-1.1951785524965162,0.663747223037126,-0.22888618729874646,-1.2647205579438705,-0.736328099691826,2.761956008286854
52,12,1,15,2,1,4,9,0.800401961,0.8001509986265665,1.387238369876064,0,0,0.00040196100000000623,3.9318256327243257,6.8690144506657065,8.314097335405807,2.725235025856311,3.5263605246161616,0.8,0,0,0,0,0,0,0,2.2280471821756227,297515,27.007767088681227,24.222621401845515,13.865034700913025,-0.8660254037844384,-0.5000000000000004,0.9792705109119583,0.8257135318342637,0.19460623917250247,0.39748051090269754,0.31835044575563654,0.663747223037126,-0.22888618729874646,-1.2647205579438705,-0.736328099691826,2.761956008286854
53,1,0,0,2,1,5,9,0.812625,0.8123638262322473,1.4654434597684056,0,0,0.11262500000000009,0.0,0.0,6.8679744089702925,1.3711807233098425,2.0794415416798357,0.7,0,0,1,0,1,0,0,2.030456852791878,455130,0.0,0.0,0.0,-0.8660254037844386,0.5000000000000001,-0.9856129740972022,-1.1731446939116332,-0.8667014757335281,-1.0992948748235933,-1.329301807783477,-0.3112018481025408,-0.22888618729874646,-1.2647205579438707,0.6664451087488514,2.8468234588103036
53,1,1,12,2,1,5,9,0.750651724,0.7504423240634921,1.1009727435500687,0,0,0.050651724000000065,3.9318256327243257,7.2254814727822945,8.848078421168667,3.2891478778535324,4.060443010546419,0.7,0,0,0,0,0,0,0,2.162565249813572,462090,28.409333263460137,29.338655743991513,15.964953909082741,-0.8660254037844386,0.5000000000000001,0.9792705109119583,0.9294441389660965,0.5864942561413656,1.0208313432709495,0.9265270070534614,-0.3112018481025408,-0.22888618729874646,-1.2647205579438707,0.6664451087488514,2.8468234588103036
53,2,0,4,2,1,5,9,0.950625,0.950248538011696,2.949683719465594,0,0,0.3506250000000001,0.0,0.0,6.8679744089702925,1.3609765531356006,2.0794415416798357,0.6,0,0,1,0,1,0,0,2.0512820512820515,445320,0.0,0.0,0.0,-0.8660254037844386,0.5000000000000001,-0.9856129740972022,-1.1731446939116332,-0.8667014757335281,-1.110574592867282,-1.329301807783477,-1.2861509192422065,-0.22888618729874646,-1.2647205579438707,0.6664451087488514,2.8468234588103036
53,2,1,16,2,1,5,9,0.600099145,0.6000155199832915,0.4055297751234144,0,1,9.914499999996718e-05,0.0,6.272877006546167,7.186144304522325,2.7265447837383743,3.828641396489095,0.6,1,0,0,0,1,1,0,3.010471204188482,446640,0.0,24.01659658234725,0.0,-0.8660254037844386,0.5000000000000001,-0.9856129740972022,0.6522397034689742,-0.6331970075950265,0.3989283209022275,0.6625672026140437,-1.2861509192422065,3.393677892448722,-1.2647205579438707,0.6664451087488514,2.8468234588103036
53,3,0,5,2,1,5,9,0.810111111,0.8098520373901421,1.4490490414218076,0,0,0.01011111099999995,0.0,0.0,7.496097345175956,1.5260563034950492,2.70805020110221,0.8,0,0,1,0,1,0,0,3.2608695652173916,474810,0.0,0.0,0.0,-0.8660254037844386,0.5000000000000001,-0.9856129740972022,-1.1731446939116332,-0.40572287846610844,-0.9280949784565565,-0.6134853132140259,0.663747223037126,-0.22888618729874646,-1.2647205579438707,0.6664451087488514,2.8468234588103036
53,3,1,17,2,1,5,9,0.800534979,0.8002839055004177,1.3880697160254805,0,0,0.000534978999999991,4.1588830833596715,6.682108597449809,7.496097345175956,3.380994674344636,4.04305126783455,0.8,0,0,0,0,0,0,0,1.9387755102040818,476610,27.79010840710623,27.0161076367276,16.814577522952984,-0.8660254037844386,0.5000000000000001,1.0927397937785401,0.7713246082377433,-0.40572287846610844,1.1223590471356752,0.9067224814303124,0.663747223037126,-0.22888618729874646,-1.2647205579438707,0.6664451087488514,2.8468234588103036
53,4,0,6,2,1,5,9,0.812625,0.8123638262322473,1.4654434597684056,0,0,0.11262500000000009,0.0,0.0,6.8679744089702925,1.3711807233098425,2.0794415416798357,0.7,0,0,1,0,1,0,0,2.030456852791878,526560,0.0,0.0,0.0,-0.8660254037844386,0.5000000000000001,-0.9856129740972022,-1.1731446939116332,-0.8667014757335281,-1.0992948748235933,-1.329301807783477,-0.3112018481025408,-0.22888618729874646,-1.2647205579438707,0.6664451087488514,2.8468234588103036
53,4,1,18,2,1,5,9,0.750050847,0.7498419490492899,1.0977695278133037,0,0,0.050050847000000065,3.9318256327243257,7.0192966537150445,8.865170419651774,3.2891478778535324,4.07753744390572,0.7,0,0,0,0,0,0,0,2.199850857568978,533640,27.5986505067729,28.621444935405215,16.032166240341738,-0.8660254037844386,0.5000000000000001,0.9792705109119583,0.8694451064154283,0.5990380513621463,1.0208313432709495,0.9459929771454892,-0.3112018481025408,-0.22888618729874646,-1.2647205579438707,0.6664451087488514,2.8468234588103036
53,5,1,19,2,1,5,9,0.700424138,0.7002566992882207,0.8485205370169365,0,0,0.00042413800000007384,3.713572066704308,5.442417710521793,8.848078421168667,3.3134584673541485,4.060443010546419,0.7,0,0,0,0,0,0,0,2.1106259097525473,454380,20.210810385130543,22.09862695316226,15.078747742409927,-0.8660254037844386,0.5000000000000001,0.870200865542169,0.41057906831852814,0.5864942561413656,1.0477043364061487,0.9265270070534614,-0.3112018481025408,-0.22888618729874646,-1.2647205579438707,0.6664451087488514,2.8468234588103036
53,6,1,20,2,1,5,9,0.26369382,0.2638912353550543,-1.0258408548961993,1,1,-0.08630617999999995,0.0,7.280008252884188,7.878912912297132,3.114847754444153,3.6635616461296463,0.35,1,0,0,0,1,1,0,1.7310252996005326,295575,0.0,26.670759018773804,0.0,-0.8660254037844386,0.5000000000000001,-0.9856129740972022,0.9453112336873114,-0.12477503693422305,0.8281595028893776,0.47458568747665486,-3.7235235970913716,3.393677892448722,-1.2647205579438707,0.6664451087488514,2.8468234588103036
53,7,1,21,2,1,5,9,0.366053523,0.36616542481871345,-0.5487027862960536,1,1,-0.43394647700000005,0.0,6.727431724850855,7.0909098220799835,3.40452517175483,4.07753744390572,0.8,0,1,0,0,1,0,0,1.9601328903654485,438090,0.0,27.4313547593986,0.0,-0.8660254037844386,0.5000000000000001,-0.9856129740972022,0.7845134734923985,-0.7030894690818731,1.1483697243081041,0.9459929771454892,0.663747223037126,-0.22888618729874646,-1.2647205579438707,0.6664451087488514,2.8468234588103036
53,8,0,10,2,1,5,9,0.980984848,0.9805830227301587,3.9219995155426313,0,0,0.18098484799999992,0.0,0.0,7.878912912297132,1.5260563034950492,3.091042453358316,0.8,0,0,1,0,1,0,0,4.782608695652175,436440,0.0,0.0,0.0,-0.8660254037844386,0.5000000000000001,-0.9856129740972022,-1.1731446939116332,-0.12477503693422305,-0.9280949784565565,-0.1773599634469038,0.663747223037126,-0.22888618729874646,-1.2647205579438707,0.6664451087488514,2.8468234588103036
53,9,0,11,2,1,5,9,0.453125,0.4531641604010025,-0.187894202128901,1,1,-0.296875,0.0,0.0,6.8679744089702925,1.0647107369924282,2.0794415416798357,0.75,0,0,1,0,1,0,0,2.7586206896551726,432420,0.0,0.0,0.0,-0.8660254037844386,0.5000000000000001,-0.9856129740972022,-1.1731446939116332,-0.8667014757335281,-1.4380676486489155,-1.329301807783477,0.1762726874672926,-0.22888618729874646,-1.2647205579438707,0.6664451087488514,2.8468234588103036
53,9,1,23,2,1,5,9,0.750395513,0.7501863271077694,1.09960628026814,0,0,0.0003955129999999585,3.828641396489095,7.113956109566034,8.738895704934043,2.933324813425374,3.9512437185814275,0.75,0,0,0,0,0,0,0,2.7674294837679616,438660,27.236786853891033,28.108974392186763,15.127895268578362,-0.8660254037844386,0.5000000000000001,0.9277054058868384,0.89699066383583,0.506365204208124,0.6275035398673704,0.8021783312721362,0.1762726874672926,-0.22888618729874646,-1.2647205579438707,0.6664451087488514,2.8468234588103036
53,10,1,13,2,1,5,9,0.700422,0.7002545630743525,0.8485103596112311,0,0,0.00042200000000003346,3.4339872044851463,7.237778191923443,8.699681400989514,3.0828269804049246,3.912023005428146,0.7,0,0,0,0,0,0,0,2.2914757103574703,440790,24.85443769996674,28.31435479499064,13.433836944291778,-0.8660254037844386,0.5000000000000001,0.7304816282848566,0.9330224395187455,0.477585878087085,0.7927636503569598,0.7575164689463868,-0.3112018481025408,-0.22888618729874646,-1.2647205579438707,0.6664451087488514,2.8468234588103036
53,11,0,2,2,1,5,9,0.927291667,0.9269346981888054,2.5405295322038013,0,0,0.12729166699999994,0.0,0.0,7.0909098220799835,1.0647107369924282,2.302585092994046,0.8,0,0,1,0,1,0,0,3.4482758620689657,356340,0.0,0.0,0.0,-0.8660254037844386,0.5000000000000001,-0.9856129740972022,-1.1731446939116332,-0.7030894690818731,-1.4380676486489155,-1.0752012122964671,0.663747223037126,-0.22888618729874646,-1.2647205579438707,0.6664451087488514,2.8468234588103036
53,11,1,14,2,1,5,9,0.800701754,0.8004505411729322,1.3891126260852624,0,0,0.0007017539999999434,3.9318256327243257,6.1224928095143865,8.137688184977605,2.4344901638739844,4.02535169073515,0.8,0,0,0,0,0,0,0,4.9079754601226995,359760,24.072574164619038,24.645186782292534,15.826980958362665,-0.8660254037844386,0.5000000000000001,0.9792705109119583,0.6084784490098233,0.06513979554799705,0.07609033318004338,0.8865674150869745,0.663747223037126,-0.22888618729874646,-1.2647205579438707,0.6664451087488514,2.8468234588103036
53,12,0,3,2,1,5,9,0.868888889,0.8685807111478697,1.8884676228301474,0,0,0.06888888900000001,0.0,0.0,6.985641817639208,1.5260563034950492,2.1972245773362196,0.8,0,0,1,0,1,0,0,1.956521739130435,298595,0.0,0.0,0.0,-0.8660254037844386,0.5000000000000001,-0.9856129740972022,-1.1731446939116332,-0.7803455191751631,-0.9280949784565565,-1.1951785524965162,0.663747223037126,-0.22888618729874646,-1.2647205579438707,0.6664451087488514,2.8468234588103036
53,12,1,15,2,1,5,9,0.800401961,0.8001509986265665,1.387238369876064,0,0,0.00040196100000000623,3.9318256327243257,6.866933284461882,8.314097335405807,2.725235025856311,3.5263605246161616,0.8,0,0,0,0,0,0,0,2.2280471821756227,302675,26.99958430605507,24.215282459499182,13.865034700913025,-0.8660254037844386,0.5000000000000001,0.9792705109119583,0.8251079200371804,0.19460623917250247,0.39748051090269754,0.31835044575563654,0.663747223037126,-0.22888618729874646,-1.2647205579438707,0.6664451087488514,2.8468234588103036
54,1,0,0,2,1,0,10,0.664875,0.6647372598162072,0.6844773410839464,1,1,-0.03512499999999996,0.0,0.0,6.8679744089702925,1.3711807233098425,2.0794415416798357,0.7,0,0,1,0,1,0,0,2.030456852791878,463050,0.0,0.0,0.0,0.0,1.0,-0.9856129740972022,-1.1731446939116332,-0.8667014757335281,-1.0992948748235933,-1.329301807783477,-0.3112018481025408,-0.22888618729874646,-0.028538824941726406,1.3678317129691895,2.9316909093337533
54,1,1,12,2,1,0,10,0.850045,0.8497525647451964,1.7326617033886085,0,0,0.1500450000000001,4.2626798770413155,7.145196134997171,9.007121989469242,3.2891478778535324,4.060443010546419,0.7,0,0,0,1,0,0,0,2.162565249813572,471210,30.457683782165823,29.01266170533255,17.30836871292928,0.0,1.0,1.1446110171625363,0.9060813976309069,0.7032161218679799,1.0208313432709495,0.9265270070534614,-0.3112018481025408,-0.22888618729874646,-0.028538824941726406,1.3678317129691895,2.9316909093337533
54,2,0,4,2,1,0,10,0.528125,0.5281015037593985,0.11252459507749256,1,1,-0.12187500000000007,0.0,0.0,7.560601162768557,1.3609765531356006,2.0794415416798357,0.65,0,0,1,0,1,0,0,2.0512820512820515,448560,0.0,0.0,0.0,0.0,1.0,-0.9856129740972022,-1.1731446939116332,-0.358383611519654,-1.110574592867282,-1.329301807783477,-0.7986763836723731,-0.22888618729874646,-0.028538824941726406,1.3678317129691895,2.9316909093337533
54,2,1,16,2,1,0,10,0.65024031,0.6501147959565581,0.6195438442238803,0,1,0.00024031000000002134,0.0,6.440946540632921,8.343077871169383,2.7788192719904172,3.8066624897703196,0.65,1,0,0,0,1,1,0,2.795031055900621,452760,0.0,24.51850959484324,0.0,0.0,1.0,-0.9856129740972022,0.7011473266978101,0.21587501627695377,0.456712685362316,0.6375391287463377,-0.7986763836723731,3.393677892448722,-0.028538824941726406,1.3678317129691895,2.9316909093337533
54,3,1,17,2,1,0,10,0.800578947,0.8003278367685881,1.3883446019118972,0,0,0.0005789469999999408,4.1588830833596715,6.891625897052253,8.830689198760998,3.380994674344636,4.04305126783455,0.8,1,0,0,0,0,1,0,1.9387755102040818,483450,28.661466360094035,27.86319682051853,16.814577522952984,0.0,1.0,1.0927397937785401,0.8322933805054775,0.5737323286730242,1.1223590471356752,0.9067224814303124,0.663747223037126,3.393677892448722,-0.028538824941726406,1.3678317129691895,2.9316909093337533
54,4,0,6,2,1,0,10,0.664875,0.6647372598162072,0.6844773410839464,1,1,-0.03512499999999996,0.0,0.0,6.8679744089702925,1.3711807233098425,2.0794415416798357,0.7,0,0,1,0,1,0,0,2.030456852791878,534600,0.0,0.0,0.0,0.0,1.0,-0.9856129740972022,-1.1731446939116332,-0.8667014757335281,-1.0992948748235933,-1.329301807783477,-0.3112018481025408,-0.22888618729874646,-0.028538824941726406,1.3678317129691895,2.9316909093337533
54,4,1,18,2,1,0,10,0.800746552,0.8004953017477026,1.3893928770829438,0,0,0.10074655200000004,4.110873864173311,7.086737934510577,8.848078421168667,3.2891478778535324,4.060443010546419,0.7,0,0,0,0,0,0,0,2.162565249813572,541560,29.132685757225087,28.775295513757637,16.69196904902047,0.0,1.0,1.0687477527474374,0.889070273874484,0.5864942561413656,1.0208313432709495,0.9265270070534614,-0.3112018481025408,-0.22888618729874646,-0.028538824941726406,1.3678317129691895,2.9316909093337533
54,5,0,7,2,1,0,10,0.80575,0.8054945697577276,1.420996379486791,0,0,0.45575,0.0,0.0,7.783640596221253,1.3711807233098425,2.302585092994046,0.35,0,0,1,0,1,0,0,2.5380710659898478,456780,0.0,0.0,0.0,0.0,1.0,-0.9856129740972022,-1.1731446939116332,-0.19469526447499352,-1.0992948748235933,-1.0752012122964671,-3.7235235970913716,-0.22888618729874646,-0.028538824941726406,1.3678317129691895,2.9316909093337533
54,5,1,19,2,1,0,10,0.408960345,0.40903640152046783,-0.36795026905696626,1,1,-0.29103965499999995,3.2188758248682006,6.295266001439646,8.848078421168667,3.3134584673541485,4.060443010546419,0.7,1,0,0,0,0,1,0,2.1106259097525473,463740,20.26367954314878,25.561568835076116,13.070061844902924,0.0,1.0,0.6229822535086641,0.6587548195646575,0.5864942561413656,1.0477043364061487,0.9265270070534614,-0.3112018481025408,3.393677892448722,-0.028538824941726406,1.3678317129691895,2.9316909093337533
54,6,0,8,2,1,0,10,0.7975,0.7972514619883041,1.3692036575011062,0,0,0.2975,0.0,0.0,6.8679744089702925,1.0647107369924282,2.0794415416798357,0.5,0,0,1,0,1,0,0,2.7586206896551726,296535,0.0,0.0,0.0,0.0,1.0,-0.9856129740972022,-1.1731446939116332,-0.8667014757335281,-1.4380676486489155,-1.329301807783477,-2.2610999903818723,-0.22888618729874646,-0.028538824941726406,1.3678317129691895,2.9316909093337533
54,6,1,20,2,1,0,10,0.500528095,0.500527653817878,0.0021106160550251364,0,1,0.0005280949999999507,0.0,7.22983877815125,7.732369222284388,3.1531632815028194,3.6635616461296463,0.5,1,0,0,0,1,1,0,1.6659547202050407,298815,0.0,26.486960055335743,0.0,0.0,1.0,-0.9856129740972022,0.9307120989829777,-0.2323232584154199,0.870513592887606,0.47458568747665486,-2.2610999903818723,3.393677892448722,-0.028538824941726406,1.3678317129691895,2.9316909093337533
54,7,0,9,2,1,0,10,0.825444444,0.825172560588137,1.5517931018697337,0,0,0.02544444400000001,0.0,0.0,8.699681400989514,1.5260563034950492,3.2188758248682006,0.8,0,0,1,0,1,0,0,5.434782608695652,444090,0.0,0.0,0.0,0.0,1.0,-0.9856129740972022,-1.1731446939116332,0.477585878087085,-0.9280949784565565,-0.031792073931535665,0.663747223037126,-0.22888618729874646,-0.028538824941726406,1.3678317129691895,2.9316909093337533
54,8,0,10,2,1,0,10,0.590740741,0.5906649341988304,0.3667148569773552,1,1,-0.2092592590000001,0.0,0.0,8.188966863648876,1.5260563034950492,2.70805020110221,0.8,0,0,1,0,1,0,0,3.2608695652173916,440040,0.0,0.0,0.0,0.0,1.0,-0.9856129740972022,-1.1731446939116332,0.10277315042340172,-0.9280949784565565,-0.6134853132140259,0.663747223037126,-0.22888618729874646,-0.028538824941726406,1.3678317129691895,2.9316909093337533
54,9,1,23,2,1,0,10,0.749987124,0.7497782792848788,1.097430127529234,1,0,-1.2875999999995003e-05,3.828641396489095,7.112327444710911,8.15507488781144,2.933324813425374,3.9318256327243257,0.75,0,0,0,0,0,0,0,2.7142096860031932,442140,27.2305512802057,27.964431355443065,15.053550381225282,0.0,1.0,0.9277054058868384,0.8965167282856826,0.07789987390441286,0.6275035398673704,0.7800663448380777,0.1762726874672926,-0.22888618729874646,-0.028538824941726406,1.3678317129691895,2.9316909093337533
54,10,1,13,2,1,0,10,0.700422,0.7002545630743525,0.8485103596112311,0,0,0.00042200000000003346,3.4339872044851463,7.132497551660044,8.699681400989514,3.0828269804049246,3.912023005428146,0.7,0,0,0,0,0,0,0,2.2914757103574703,446790,24.492905328422225,27.902494508254016,13.433836944291778,0.0,1.0,0.7304816282848566,0.9023861560586204,0.477585878087085,0.7927636503569598,0.7575164689463868,-0.3112018481025408,-0.22888618729874646,-0.028538824941726406,1.3678317129691895,2.9316909093337533
54,11,0,2,2,1,0,10,0.657083333,0.6569521021453634,0.6497410306309489,1,1,-0.14291666700000005,0.0,0.0,6.8679744089702925,1.0647107369924282,2.0794415416798357,0.8,0,0,1,0,1,0,0,2.7586206896551726,360720,0.0,0.0,0.0,0.0,1.0,-0.9856129740972022,-1.1731446939116332,-0.8667014757335281,-1.4380676486489155,-1.329301807783477,0.663747223037126,-0.22888618729874646,-0.028538824941726406,1.3678317129691895,2.9316909093337533
54,11,1,14,2,1,0,10,0.800034503,0.7997838476090227,1.3849439557710048,0,0,3.4502999999963535e-05,3.9318256327243257,6.156978985585555,8.137688184977605,2.4344901638739844,4.060443010546419,0.8,0,0,0,0,0,0,0,5.083260297984224,364140,24.208167795670303,25.000062288102047,15.964953909082741,0.0,1.0,0.9792705109119583,0.6185138008364155,0.06513979554799705,0.07609033318004338,0.9265270070534614,0.663747223037126,-0.22888618729874646,-0.028538824941726406,1.3678317129691895,2.9316909093337533
54,12,0,3,2,1,0,10,0.868888889,0.8685807111478697,1.8884676228301474,0,0,0.06888888900000001,0.0,0.0,6.985641817639208,1.5260563034950492,2.1972245773362196,0.8,0,0,1,0,1,0,0,1.956521739130435,303755,0.0,0.0,0.0,0.0,1.0,-0.9856129740972022,-1.1731446939116332,-0.7803455191751631,-0.9280949784565565,-1.1951785524965162,0.663747223037126,-0.22888618729874646,-0.028538824941726406,1.3678317129691895,2.9316909093337533
54,12,1,15,2,1,0,10,0.850520588,0.8502277554285714,1.7363884904745794,0,0,0.05052058799999992,4.330733340286331,6.894670039433482,8.314097335405807,2.725235025856311,3.5263605246161616,0.8,0,0,0,1,0,0,0,2.2280471821756227,307835,29.858977410047853,24.313092257311986,15.271727093824808,0.0,1.0,1.178619932744878,0.8331792148682907,0.19460623917250247,0.39748051090269754,0.31835044575563654,0.663747223037126,-0.22888618729874646,-0.028538824941726406,1.3678317129691895,2.9316909093337533
55,1,0,0,2,2,1,10,0.890604167,0.8902778477293233,2.0935823205596407,0,0,0.140604167,0.0,0.0,6.8679744089702925,1.3711807233098425,2.0794415416798357,0.75,0,0,1,0,1,0,0,2.030456852791878,472170,0.0,0.0,0.0,0.8660254037844386,0.5000000000000001,-0.9856129740972022,-1.1731446939116332,-0.8667014757335281,-1.0992948748235933,-1.329301807783477,0.1762726874672926,-0.22888618729874646,1.207642908060418,0.6664451087488514,3.0165583598572034
55,1,1,12,2,2,1,10,0.85007069,0.849778233283208,1.7328627663723652,0,0,0.10007069000000002,4.189654742026425,7.134890851565884,8.848078421168667,3.2891478778535324,4.060443010546419,0.75,0,0,0,0,0,0,0,2.162565249813572,479130,29.892729290103965,28.970817689252282,17.011854313863857,0.8660254037844386,0.5000000000000001,1.1081175672528816,0.9030825976279058,0.5864942561413656,1.0208313432709495,0.9265270070534614,0.1762726874672926,-0.22888618729874646,1.207642908060418,0.6664451087488514,3.0165583598572034
55,2,0,4,2,2,1,10,0.884,0.8836791979949874,2.027742190000869,0,0,0.18400000000000005,0.0,0.0,7.0909098220799835,1.3609765531356006,2.302585092994046,0.7,0,0,1,0,1,0,0,2.5641025641025643,453960,0.0,0.0,0.0,0.8660254037844386,0.5000000000000001,-0.9856129740972022,-1.1731446939116332,-0.7030894690818731,-1.110574592867282,-1.0752012122964671,-0.3112018481025408,-0.22888618729874646,1.207642908060418,0.6664451087488514,3.0165583598572034
55,2,1,16,2,2,1,10,0.700106061,0.6999388880167083,0.8470068678772179,0,0,0.00010606099999999063,3.4339872044851463,6.834108738813838,8.476579508530941,2.7788192719904172,3.8066624897703196,0.7,1,0,0,0,0,1,0,2.795031055900621,458760,23.46824196314684,26.015145387054183,13.072030281664846,0.8660254037844386,0.5000000000000001,0.7304816282848566,0.8155560966211435,0.3138516924601087,0.456712685362316,0.6375391287463377,-0.3112018481025408,3.393677892448722,1.207642908060418,0.6664451087488514,3.0165583598572034
55,3,0,5,2,2,1,10,0.951944444,0.9515668797192982,2.9779260899742868,0,0,0.15194444399999996,0.0,0.0,7.273092595999522,1.5260563034950492,2.4849066497880004,0.8,0,0,1,0,1,0,0,2.608695652173913,484890,0.0,0.0,0.0,0.8660254037844386,0.5000000000000001,-0.9856129740972022,-1.1731446939116332,-0.5693857707660099,-0.9280949784565565,-0.8675859087010354,0.663747223037126,-0.22888618729874646,1.207642908060418,0.6664451087488514,3.0165583598572034
55,3,1,17,2,2,1,10,0.800511068,0.8002600144761906,1.3879202446164107,0,0,0.0005110680000000034,3.9318256327243257,7.153833801578843,8.119993827725105,3.40452517175483,4.04305126783455,0.8,1,0,0,0,0,1,0,1.893687707641196,488250,28.127627113297404,28.923316821351,15.896572609290468,0.8660254037844386,0.5000000000000001,0.9792705109119583,0.9085949271950138,0.05215393001810756,1.1483697243081041,0.9067224814303124,0.663747223037126,3.393677892448722,1.207642908060418,0.6664451087488514,3.0165583598572034
55,4,0,6,2,2,1,10,0.890604167,0.8902778477293233,2.0935823205596407,0,0,0.140604167,0.0,0.0,6.8679744089702925,1.3711807233098425,2.0794415416798357,0.75,0,0,1,0,1,0,0,2.030456852791878,542520,0.0,0.0,0.0,0.8660254037844386,0.5000000000000001,-0.9856129740972022,-1.1731446939116332,-0.8667014757335281,-1.0992948748235933,-1.329301807783477,0.1762726874672926,-0.22888618729874646,1.207642908060418,0.6664451087488514,3.0165583598572034
55,4,1,18,2,2,1,10,0.850084211,0.8497917429874686,1.7329685999435782,0,0,0.10008421099999998,4.189654742026425,6.9874902470009905,8.830689198760998,3.2891478778535324,4.04305126783455,0.75,0,0,0,0,0,0,0,2.1252796420581657,549360,29.275171648211096,28.25078130211891,16.938988916538975,0.8660254037844386,0.5000000000000001,1.1081175672528816,0.8601895577266866,0.5737323286730242,1.0208313432709495,0.9067224814303124,0.1762726874672926,-0.22888618729874646,1.207642908060418,0.6664451087488514,3.0165583598572034
55,5,0,7,2,2,1,10,0.857916667,0.857617655582289,1.7956423718438055,0,0,0.357916667,0.0,0.0,6.8679744089702925,1.3711807233098425,2.0794415416798357,0.5,0,0,1,0,1,0,0,2.030456852791878,464700,0.0,0.0,0.0,0.8660254037844386,0.5000000000000001,-0.9856129740972022,-1.1731446939116332,-0.8667014757335281,-1.0992948748235933,-1.329301807783477,-2.2610999903818723,-0.22888618729874646,1.207642908060418,0.6664451087488514,3.0165583598572034
55,5,1,19,2,2,1,10,0.500033898,0.5000338696808688,0.00013547872368252205,0,1,3.389799999997667e-05,3.1780538303479458,6.568077911411976,8.865170419651774,3.2891478778535324,4.07753744390572,0.5,1,0,0,0,0,1,0,2.199850857568978,471780,20.873705164386564,26.781583618272407,12.958633491991744,0.8660254037844386,0.5000000000000001,0.6025819432328481,0.7381420932770881,0.5990380513621463,1.0208313432709495,0.9459929771454892,-2.2610999903818723,3.393677892448722,1.207642908060418,0.6664451087488514,3.0165583598572034
55,6,0,8,2,2,1,10,0.271875,0.2720655806182122,-0.9841678184233481,1,1,-0.328125,0.0,0.0,6.8679744089702925,1.0647107369924282,2.0794415416798357,0.6,0,0,1,0,1,0,0,2.7586206896551726,299775,0.0,0.0,0.0,0.8660254037844386,0.5000000000000001,-0.9856129740972022,-1.1731446939116332,-0.8667014757335281,-1.4380676486489155,-1.329301807783477,-1.2861509192422065,-0.22888618729874646,1.207642908060418,0.6664451087488514,3.0165583598572034
55,6,1,20,2,2,1,10,0.601037091,0.6009526824026734,0.40943619966452593,0,1,0.0010370910000000455,3.1780538303479458,7.144407180321139,7.83241092718792,3.1531632815028194,3.6375861597263857,0.6,1,0,0,0,0,1,0,1.6232379325074755,302295,22.705310604984962,25.988396678585985,11.560444628139114,0.8660254037844386,0.5000000000000001,0.6025819432328481,0.9058518146892413,-0.1589027826829887,0.870513592887606,0.44500658234787077,-1.2861509192422065,3.393677892448722,1.207642908060418,0.6664451087488514,3.0165583598572034
55,8,0,10,2,2,1,10,0.4509375,0.4509784878863826,-0.19671798525441786,1,1,-0.1490625,0.0,0.0,6.8679744089702925,1.3609765531356006,2.0794415416798357,0.6,0,0,1,0,1,0,0,2.0512820512820515,441000,0.0,0.0,0.0,0.8660254037844386,0.5000000000000001,-0.9856129740972022,-1.1731446939116332,-0.8667014757335281,-1.110574592867282,-1.329301807783477,-1.2861509192422065,-0.22888618729874646,1.207642908060418,0.6664451087488514,3.0165583598572034
55,8,1,22,2,2,1,10,0.600528571,0.6004445872314118,0.4073178986552335,0,1,0.0005285710000000332,0.0,6.76849321164863,8.812992231969966,3.4170707308184456,4.02535169073515,0.6,1,0,0,0,1,1,0,1.837270341207349,447720,0.0,27.245565593239196,0.0,0.8660254037844386,0.5000000000000001,-0.9856129740972022,0.7964622168290986,0.5607445480062361,1.162237620131249,0.8865674150869745,-1.2861509192422065,3.393677892448722,1.207642908060418,0.6664451087488514,3.0165583598572034
55,9,0,11,2,2,1,10,0.929074074,0.9287156161269842,2.5671252902618154,0,0,0.17907407399999997,0.0,0.0,6.985641817639208,1.0647107369924282,2.1972245773362196,0.75,0,0,1,0,1,0,0,3.103448275862069,443220,0.0,0.0,0.0,0.8660254037844386,0.5000000000000001,-0.9856129740972022,-1.1731446939116332,-0.7803455191751631,-1.4380676486489155,-1.1951785524965162,0.1762726874672926,-0.22888618729874646,1.207642908060418,0.6664451087488514,3.0165583598572034
55,9,1,23,2,2,1,10,0.750371895,0.7501627288387636,1.0994803642105822,0,0,0.00037189500000001097,3.828641396489095,7.122866658599083,8.637816633739977,2.933324813425374,3.9512437185814275,0.75,0,0,0,0,0,0,0,2.7674294837679616,448860,27.27090215078441,28.14418214308271,15.127895268578362,0.8660254037844386,0.5000000000000001,0.9277054058868384,0.8995836012009414,0.4321834067185993,0.6275035398673704,0.8021783312721362,0.1762726874672926,-0.22888618729874646,1.207642908060418,0.6664451087488514,3.0165583598572034
55,10,0,1,2,2,1,10,0.441041667,0.4410909220818714,-0.23673578189922642,1,1,-0.25895833299999993,0.0,0.0,6.8679744089702925,1.0647107369924282,2.0794415416798357,0.7,0,0,1,0,1,0,0,2.7586206896551726,447750,0.0,0.0,0.0,0.8660254037844386,0.5000000000000001,-0.9856129740972022,-1.1731446939116332,-0.8667014757335281,-1.4380676486489155,-1.329301807783477,-0.3112018481025408,-0.22888618729874646,1.207642908060418,0.6664451087488514,3.0165583598572034
55,10,1,13,2,2,1,10,0.700422,0.7002545630743525,0.8485103596112311,0,0,0.00042200000000003346,3.4339872044851463,7.197435354096591,8.699681400989514,3.0828269804049246,3.912023005428146,0.7,0,0,0,0,0,0,0,2.2914757103574703,453750,24.715900911076712,28.156532685307738,13.433836944291778,0.8660254037844386,0.5000000000000001,0.7304816282848566,0.9212828204191932,0.477585878087085,0.7927636503569598,0.7575164689463868,-0.3112018481025408,-0.22888618729874646,1.207642908060418,0.6664451087488514,3.0165583598572034
55,11,0,2,2,2,1,10,0.755208333,0.7549951263725981,1.1254331913889395,1,0,-0.044791667000000035,0.0,0.0,6.8679744089702925,1.0647107369924282,2.0794415416798357,0.8,0,0,1,0,1,0,0,2.7586206896551726,365100,0.0,0.0,0.0,0.8660254037844386,0.5000000000000001,-0.9856129740972022,-1.1731446939116332,-0.8667014757335281,-1.4380676486489155,-1.329301807783477,0.663747223037126,-0.22888618729874646,1.207642908060418,0.6664451087488514,3.0165583598572034
55,11,1,14,2,2,1,10,0.800034503,0.7997838476090227,1.3849439557710048,0,0,3.4502999999963535e-05,3.9318256327243257,5.749392985908253,8.137688184977605,2.4344901638739844,4.060443010546419,0.8,0,0,0,0,0,0,0,5.083260297984224,368520,22.605610714599518,23.345082564515774,15.964953909082741,0.8660254037844386,0.5000000000000001,0.9792705109119583,0.49990775713026453,0.06513979554799705,0.07609033318004338,0.9265270070534614,0.663747223037126,-0.22888618729874646,1.207642908060418,0.6664451087488514,3.0165583598572034
55,12,0,3,2,2,1,10,0.945555556,0.9451833291361738,2.8473845472300816,0,0,0.14555555599999992,0.0,0.0,6.985641817639208,1.5260563034950492,2.1972245773362196,0.8,0,0,1,0,1,0,0,1.956521739130435,308915,0.0,0.0,0.0,0.8660254037844386,0.5000000000000001,-0.9856129740972022,-1.1731446939116332,-0.7803455191751631,-0.9280949784565565,-1.1951785524965162,0.663747223037126,-0.22888618729874646,1.207642908060418,0.6664451087488514,3.0165583598572034
55,12,1,15,2,2,1,10,0.800401961,0.8001509986265665,1.387238369876064,0,0,0.00040196100000000623,4.1588830833596715,6.970730078143525,8.314097335405807,2.725235025856311,3.5263605246161616,0.8,0,0,0,0,0,0,0,2.2280471821756227,312995,28.990451400657548,24.58130737531986,14.665721131653491,0.8660254037844386,0.5000000000000001,1.0927397937785401,0.8553124095380715,0.19460623917250247,0.39748051090269754,0.31835044575563654,0.663747223037126,-0.22888618729874646,1.207642908060418,0.6664451087488514,3.0165583598572034
56,1,0,0,2,2,2,10,0.794566667,0.7943205795588972,1.351168387170219,0,0,0.044566667000000004,6.8679744089702925,0.0,0.0,1.3711807233098425,2.0794415416798357,0.75,0,0,1,1,0,0,0,2.030456852791878,479130,0.0,0.0,14.281551293206844,0.8660254037844387,-0.4999999999999998,2.4465762306669157,-1.1731446939116332,-5.90709886711144,-1.0992948748235933,-1.329301807783477,0.1762726874672926,-0.22888618729874646,1.207642908060418,-0.7363280996918251,3.101425810380653
56,1,1,12,2,2,2,10,0.850426891,0.8501341367050961,1.7356534956020604,0,0,0.10042689100000002,4.189654742026425,7.187657164114956,8.87360810154911,3.2891478778535324,4.07753744390572,0.75,0,0,0,0,0,0,0,2.199850857568978,486270,30.11380192169443,29.307941220635932,17.083474087649908,0.8660254037844387,-0.4999999999999998,1.1081175672528816,0.9184374026932481,0.6052304550159893,1.0208313432709495,0.9459929771454892,0.1762726874672926,-0.22888618729874646,1.207642908060418,-0.7363280996918251,3.101425810380653
56,2,0,4,2,2,2,10,0.6825,0.6823475355054303,0.7645812046981263,1,1,-0.01749999999999996,7.0909098220799835,0.0,0.0,1.3609765531356006,2.302585092994046,0.7,0,0,1,1,0,0,0,2.5641025641025643,458760,0.0,0.0,16.327423252086433,0.8660254037844387,-0.4999999999999998,2.5579855738985002,-1.1731446939116332,-5.90709886711144,-1.110574592867282,-1.0752012122964671,-0.3112018481025408,-0.22888618729874646,1.207642908060418,-0.7363280996918251,3.101425810380653
56,2,1,16,2,2,2,10,0.700516224,0.7003487083575606,0.8489589284033876,0,0,0.0005162240000000651,3.4339872044851463,6.706862336602747,8.616314282284044,2.7788192719904172,3.8066624897703196,0.7,1,0,0,0,0,1,0,2.795031055900621,464280,23.031279446137184,25.530761280798995,13.072030281664846,0.8660254037844387,-0.4999999999999998,0.7304816282848566,0.7785278563134584,0.4164028592480935,0.456712685362316,0.6375391287463377,-0.3112018481025408,3.393677892448722,1.207642908060418,-0.7363280996918251,3.101425810380653
56,3,0,5,2,2,2,10,0.795416667,0.7951698694502924,1.3563747599254412,1,0,-0.004583333000000023,7.273092595999522,0.0,0.0,1.5260563034950492,2.4849066497880004,0.8,0,0,1,1,0,0,0,2.608695652173913,488250,0.0,0.0,18.072956156323084,0.8660254037844387,-0.4999999999999998,2.6490292663624575,-1.1731446939116332,-5.90709886711144,-0.9280949784565565,-0.8675859087010354,0.663747223037126,-0.22888618729874646,1.207642908060418,-0.7363280996918251,3.101425810380653
56,3,1,17,2,2,2,10,0.800842424,0.8005910936541354,1.3899927996509487,0,0,0.0008424240000000083,3.9318256327243257,6.872128101338986,8.548885638148727,3.40452517175483,4.060443010546419,0.8,1,0,0,0,0,1,0,1.9269102990033222,493410,27.020009420209778,27.90388451666152,15.964953909082741,0.8660254037844387,-0.4999999999999998,0.9792705109119583,0.8266195928572946,0.3669170659463742,1.1483697243081041,0.9265270070534614,0.663747223037126,3.393677892448722,1.207642908060418,-0.7363280996918251,3.101425810380653
56,4,0,6,2,2,2,10,0.7953875,0.7951407268170426,1.3561958427230845,0,0,0.045387500000000025,6.8679744089702925,0.0,0.0,1.3711807233098425,2.0794415416798357,0.75,0,0,1,1,0,0,0,2.030456852791878,549360,0.0,0.0,14.281551293206844,0.8660254037844387,-0.4999999999999998,2.4465762306669157,-1.1731446939116332,-5.90709886711144,-1.0992948748235933,-1.329301807783477,0.1762726874672926,-0.22888618729874646,1.207642908060418,-0.7363280996918251,3.101425810380653
56,4,1,18,2,2,2,10,0.850446154,0.8501533836123643,1.735804571001664,0,0,0.10044615400000001,4.189654742026425,6.984716320118265,8.85666093701725,3.2891478778535324,4.060443010546419,0.75,0,0,0,0,0,0,0,2.162565249813572,556380,29.26354985229285,28.361042562673713,17.011854313863857,0.8660254037844387,-0.4999999999999998,1.1081175672528816,0.8593823550912901,0.5927929532416565,1.0208313432709495,0.9265270070534614,0.1762726874672926,-0.22888618729874646,1.207642908060418,-0.7363280996918251,3.101425810380653
56,5,0,7,2,2,2,10,0.864342593,0.8640382132230577,1.849243129420856,0,0,0.26434259300000007,7.9658927350845286,0.0,0.0,1.3711807233098425,2.4849066497880004,0.6,0,0,1,1,0,0,0,3.0456852791878175,471780,0.0,0.0,19.794499828909466,0.8660254037844387,-0.4999999999999998,2.995247964457919,-1.1731446939116332,-5.90709886711144,-1.0992948748235933,-0.8675859087010354,-1.2861509192422065,-0.22888618729874646,1.207642908060418,-0.7363280996918251,3.101425810380653
56,5,1,19,2,2,2,10,0.600040678,0.5999571018279031,0.4052863689187782,0,1,4.067800000007171e-05,3.1780538303479458,6.824373670043086,8.865170419651774,3.2891478778535324,4.07753744390572,0.6,1,0,0,0,0,1,0,2.199850857568978,478860,21.6882268818061,27.82663917080498,12.958633491991744,0.8660254037844387,-0.4999999999999998,0.6025819432328481,0.8127232270107537,0.5990380513621463,1.0208313432709495,0.9459929771454892,-1.2861509192422065,3.393677892448722,1.207642908060418,-0.7363280996918251,3.101425810380653
56,6,1,20,2,2,2,10,0.650962281,0.6508361638061821,0.6227166853050774,0,1,0.0009622809999999538,3.58351893845611,7.141245122350491,8.4252971767117,3.1531632815028194,3.6375861597263857,0.65,1,0,0,0,0,1,0,1.6232379325074755,306855,25.590787140100304,25.976894420275705,13.035358893645334,0.8660254037844387,-0.4999999999999998,0.8052083486457364,0.904931667318711,0.27621565654421004,0.870513592887606,0.44500658234787077,-0.7986763836723731,3.393677892448722,1.207642908060418,-0.7363280996918251,3.101425810380653
56,7,1,21,2,2,2,10,0.500610909,0.5006103986332499,0.002441595745940686,0,1,0.0006109090000000483,0.0,7.057897937411856,8.79497643168877,3.4170707308184456,4.007333185232471,0.5,1,0,0,0,1,1,0,1.804461942257218,450690,0.0,28.28334862257434,0.0,0.8660254037844387,-0.4999999999999998,-0.9856129740972022,0.8806779395963579,0.547522775860096,1.162237620131249,0.8660491749180281,-2.2610999903818723,3.393677892448722,1.207642908060418,-0.7363280996918251,3.101425810380653
56,8,0,10,2,2,2,10,0.2640625,0.2642596073517126,-1.0239453479817213,1,1,-0.38593750000000004,6.8679744089702925,0.0,0.0,1.3609765531356006,2.0794415416798357,0.65,0,0,1,1,0,0,0,2.0512820512820515,447720,0.0,0.0,14.281551293206844,0.8660254037844387,-0.4999999999999998,2.4465762306669157,-1.1731446939116332,-5.90709886711144,-1.110574592867282,-1.329301807783477,-0.7986763836723731,-0.22888618729874646,1.207642908060418,-0.7363280996918251,3.101425810380653
56,8,1,22,2,2,2,10,0.650421429,0.6502957636457811,0.6203395221437371,0,1,0.0004214289999999732,3.295836866004329,6.860663671448287,8.812992231969966,3.4170707308184456,4.02535169073515,0.65,1,0,0,0,0,1,0,1.837270341207349,454440,22.611628253615876,27.61658410942958,13.266902500957762,0.8660254037844387,-0.4999999999999998,0.6614426260793346,0.8232834854498788,0.5607445480062361,1.162237620131249,0.8865674150869745,-0.7986763836723731,3.393677892448722,1.207642908060418,-0.7363280996918251,3.101425810380653
56,9,0,11,2,2,2,10,0.841,0.8407151211361737,1.6635585743193888,0,0,0.09099999999999997,8.188966863648876,0.0,0.0,1.0647107369924282,2.70805020110221,0.75,0,0,1,1,0,0,0,5.172413793103448,448860,0.0,0.0,22.17613336192367,0.8660254037844387,-0.4999999999999998,3.106726629101852,-1.1731446939116332,-5.90709886711144,-1.4380676486489155,-0.6134853132140259,0.1762726874672926,-0.22888618729874646,1.207642908060418,-0.7363280996918251,3.101425810380653
56,9,1,23,2,2,2,10,0.750395513,0.7501863271077694,1.09960628026814,0,0,0.0003955129999999585,3.828641396489095,7.085064293952548,8.738895704934043,2.933324813425374,3.9512437185814275,0.75,0,0,0,0,0,0,0,2.7674294837679616,455100,27.126170452613508,27.994815787225562,15.127895268578362,0.8660254037844387,-0.4999999999999998,0.9277054058868384,0.8885832505583466,0.506365204208124,0.6275035398673704,0.8021783312721362,0.1762726874672926,-0.22888618729874646,1.207642908060418,-0.7363280996918251,3.101425810380653
56,10,0,1,2,2,2,10,0.477291667,0.4773106380384294,-0.0908198217066255,1,1,-0.22270833299999998,6.8679744089702925,0.0,0.0,1.0647107369924282,2.0794415416798357,0.7,0,0,1,1,0,0,0,2.7586206896551726,453750,0.0,0.0,14.281551293206844,0.8660254037844387,-0.4999999999999998,2.4465762306669157,-1.1731446939116332,-5.90709886711144,-1.4380676486489155,-1.329301807783477,-0.3112018481025408,-0.22888618729874646,1.207642908060418,-0.7363280996918251,3.101425810380653
56,10,1,13,2,2,2,10,0.700422,0.7002545630743525,0.8485103596112311,0,0,0.00042200000000003346,3.4339872044851463,7.3632795869630385,8.699681400989514,3.0828269804049246,3.912023005428146,0.7,0,0,0,0,0,0,0,2.2914757103574703,459750,25.285407884677745,28.805319139598865,13.433836944291778,0.8660254037844387,-0.4999999999999998,0.7304816282848566,0.9695428890853015,0.477585878087085,0.7927636503569598,0.7575164689463868,-0.3112018481025408,-0.22888618729874646,1.207642908060418,-0.7363280996918251,3.101425810380653
56,11,0,2,2,2,2,10,0.960625,0.9602401837928154,3.1843266853980996,0,0,0.1606249999999999,6.8679744089702925,0.0,0.0,1.0647107369924282,2.0794415416798357,0.8,0,0,1,1,0,0,0,2.7586206896551726,368520,0.0,0.0,14.281551293206844,0.8660254037844387,-0.4999999999999998,2.4465762306669157,-1.1731446939116332,-5.90709886711144,-1.4380676486489155,-1.329301807783477,0.663747223037126,-0.22888618729874646,1.207642908060418,-0.7363280996918251,3.101425810380653
56,11,1,14,2,2,2,10,0.800034503,0.7997838476090227,1.3849439557710048,0,0,3.4502999999963535e-05,3.9318256327243257,5.8805329864007,8.137688184977605,2.4344901638739844,4.060443010546419,0.8,0,0,0,0,0,0,0,5.083260297984224,371940,23.1212303300112,23.877569062918383,15.964953909082741,0.8660254037844387,-0.4999999999999998,0.9792705109119583,0.5380690203786255,0.06513979554799705,0.07609033318004338,0.9265270070534614,0.663747223037126,-0.22888618729874646,1.207642908060418,-0.7363280996918251,3.101425810380653
56,12,0,3,2,2,2,10,0.902962963,0.9026263189206349,2.2267526866328193,0,0,0.10296296299999996,6.985641817639208,0.0,0.0,1.5260563034950492,2.1972245773362196,0.8,0,0,1,1,0,0,0,1.956521739130435,312995,0.0,0.0,15.34902389018453,0.8660254037844387,-0.4999999999999998,2.505379130290208,-1.1731446939116332,-5.90709886711144,-0.9280949784565565,-1.1951785524965162,0.663747223037126,-0.22888618729874646,1.207642908060418,-0.7363280996918251,3.101425810380653
56,12,1,15,2,2,2,10,0.800401961,0.8001509986265665,1.387238369876064,0,0,0.00040196100000000623,4.1588830833596715,7.0326242610280065,8.314097335405807,2.725235025856311,3.5263605246161616,0.8,0,0,0,0,0,0,0,2.2280471821756227,317075,29.247862070814186,24.799568578547067,14.665721131653491,0.8660254037844387,-0.4999999999999998,1.0927397937785401,0.8733233916772162,0.19460623917250247,0.39748051090269754,0.31835044575563654,0.663747223037126,-0.22888618729874646,1.207642908060418,-0.7363280996918251,3.101425810380653
57,1,0,0,2,2,3,10,0.880754167,0.8804360766349206,1.9965661744545269,0,0,0.13075416699999998,0.0,0.0,6.8679744089702925,1.3711807233098425,2.0794415416798357,0.75,0,0,1,0,1,0,0,2.030456852791878,487230,0.0,0.0,0.0,1.2246467991473532e-16,-1.0,-0.9856129740972022,-1.1731446939116332,-0.8667014757335281,-1.0992948748235933,-1.329301807783477,0.1762726874672926,-0.22888618729874646,-0.028538824941726233,-1.4377147039121636,3.186293260904103
57,1,1,12,2,2,3,10,0.900061017,0.8997267972698412,2.1941926705655574,0,0,0.15006101699999996,4.330733340286331,7.362010551259734,8.865170419651774,3.2891478778535324,4.07753744390572,0.75,0,0,0,1,0,0,0,2.199850857568978,494310,31.88290454588028,30.018873685190552,17.658727354588407,1.2246467991473532e-16,-1.0,1.178619932744878,0.9691736043105299,0.5990380513621463,1.0208313432709495,0.9459929771454892,0.1762726874672926,-0.22888618729874646,-0.028538824941726233,-1.4377147039121636,3.186293260904103
57,2,0,4,2,2,3,10,0.741,0.7407986633249791,1.0501237575733553,0,0,0.041000000000000036,0.0,0.0,6.8679744089702925,1.3609765531356006,2.0794415416798357,0.7,0,0,1,0,1,0,0,2.0512820512820515,465240,0.0,0.0,0.0,1.2246467991473532e-16,-1.0,-0.9856129740972022,-1.1731446939116332,-0.8667014757335281,-1.110574592867282,-1.329301807783477,-0.3112018481025408,-0.22888618729874646,-0.028538824941726233,-1.4377147039121636,3.186293260904103
57,2,1,16,2,2,3,10,0.700051852,0.6998847243040935,0.8467489887467826,0,0,5.185200000001888e-05,3.713572066704308,6.86484777797086,8.594339400592892,2.7788192719904172,3.8066624897703196,0.7,1,0,0,0,0,1,0,2.795031055900621,470640,25.493106950449725,26.1321585343848,14.136315489382133,1.2246467991473532e-16,-1.0,0.870200865542169,0.8245010452323063,0.4002755224590608,0.456712685362316,0.6375391287463377,-0.3112018481025408,3.393677892448722,-0.028538824941726233,-1.4377147039121636,3.186293260904103
57,3,0,5,2,2,3,10,0.894444444,0.8941149164778612,2.133479920518541,0,0,0.09444444399999996,0.0,0.0,7.273092595999522,1.5260563034950492,2.4849066497880004,0.8,0,0,1,0,1,0,0,2.608695652173913,494850,0.0,0.0,0.0,1.2246467991473532e-16,-1.0,-0.9856129740972022,-1.1731446939116332,-0.5693857707660099,-0.9280949784565565,-0.8675859087010354,0.663747223037126,-0.22888618729874646,-0.028538824941726233,-1.4377147039121636,3.186293260904103
57,3,1,17,2,2,3,10,0.800071839,0.799821152417711,1.3851769383299577,0,0,7.183899999996246e-05,4.1588830833596715,6.6293632534374485,8.848078421168667,3.40452517175483,4.060443010546419,0.8,1,0,0,0,0,1,0,1.9269102990033222,501810,27.57074668816724,26.918151686793358,16.886907747507518,1.2246467991473532e-16,-1.0,1.0927397937785401,0.7559759049403312,0.5864942561413656,1.1483697243081041,0.9265270070534614,0.663747223037126,3.393677892448722,-0.028538824941726233,-1.4377147039121636,3.186293260904103
57,4,0,6,2,2,3,10,0.881575,0.8812562238930661,2.004380386865106,0,0,0.131575,0.0,0.0,6.8679744089702925,1.3711807233098425,2.0794415416798357,0.75,0,0,1,0,1,0,0,2.030456852791878,557340,0.0,0.0,0.0,1.2246467991473532e-16,-1.0,-0.9856129740972022,-1.1731446939116332,-0.8667014757335281,-1.0992948748235933,-1.329301807783477,0.1762726874672926,-0.22888618729874646,-0.028538824941726233,-1.4377147039121636,3.186293260904103
57,4,1,18,2,2,3,10,0.850084211,0.8497917429874686,1.7329685999435782,0,0,0.10008421099999998,4.189654742026425,7.007600613951853,8.679482094459956,3.2891478778535324,4.07753744390572,0.75,0,0,0,0,0,0,0,2.199850857568978,563220,29.35942714247067,28.57375389532539,17.083474087649908,1.2246467991473532e-16,-1.0,1.1081175672528816,0.8660416013773742,0.4627616335753051,1.0208313432709495,0.9459929771454892,0.1762726874672926,-0.22888618729874646,-0.028538824941726233,-1.4377147039121636,3.186293260904103
57,5,0,7,2,2,3,10,0.909391667,0.9090496522406015,2.302085987023086,0,0,0.309391667,0.0,0.0,7.273092595999522,1.3711807233098425,2.4849066497880004,0.6,0,0,1,0,1,0,0,3.0456852791878175,480300,0.0,0.0,0.0,1.2246467991473532e-16,-1.0,-0.9856129740972022,-1.1731446939116332,-0.5693857707660099,-1.0992948748235933,-0.8675859087010354,-1.2861509192422065,-0.22888618729874646,-0.028538824941726233,-1.4377147039121636,3.186293260904103
57,5,1,19,2,2,3,10,0.650044068,0.6499187179014203,0.6186819435993696,0,1,4.406800000000821e-05,3.295836866004329,6.90975328164481,8.865170419651774,3.2891478778535324,4.07753744390572,0.65,1,0,0,0,0,1,0,2.199850857568978,487380,22.773419600639357,28.174777734057137,13.43889823013753,1.2246467991473532e-16,-1.0,0.6614426260793346,0.837568383501079,0.5990380513621463,1.0208313432709495,0.9459929771454892,-0.7986763836723731,3.393677892448722,-0.028538824941726233,-1.4377147039121636,3.186293260904103
57,6,1,20,2,2,3,10,0.700246491,0.7000792006984128,0.8476750350245877,0,0,0.00024649100000007085,3.4339872044851463,7.074116816197362,8.4252971767117,3.1531632815028194,3.6375861597263857,0.7,1,0,0,0,0,1,0,1.6232379325074755,311415,24.292426629854944,25.732709422887208,12.49142432771267,1.2246467991473532e-16,-1.0,0.7304816282848566,0.8853975743424519,0.27621565654421004,0.870513592887606,0.44500658234787077,-0.3112018481025408,3.393677892448722,-0.028538824941726233,-1.4377147039121636,3.186293260904103
57,7,0,9,2,2,3,10,0.560625,0.5605743525480368,0.24349336017553608,0,1,0.06062500000000004,0.0,0.0,6.8679744089702925,1.3609765531356006,2.0794415416798357,0.5,0,0,1,0,1,0,0,2.0512820512820515,451650,0.0,0.0,0.0,1.2246467991473532e-16,-1.0,-0.9856129740972022,-1.1731446939116332,-0.8667014757335281,-1.110574592867282,-1.329301807783477,-2.2610999903818723,-0.22888618729874646,-0.028538824941726233,-1.4377147039121636,3.186293260904103
57,7,1,21,2,2,3,10,0.630402924,0.6302939825430242,0.5334782070960653,0,1,0.030402923999999998,3.258096538021482,6.925595197110468,8.830689198760998,3.4170707308184456,4.04305126783455,0.6,1,0,0,0,0,1,0,1.8700787401574803,458490,22.56425773544382,28.00053644218635,13.172651338775113,1.2246467991473532e-16,-1.0,0.6425823423080668,0.8421783232919369,0.5737323286730242,1.162237620131249,0.9067224814303124,-1.2861509192422065,3.393677892448722,-0.028538824941726233,-1.4377147039121636,3.186293260904103
57,8,0,10,2,2,3,10,0.560625,0.5605743525480368,0.24349336017553608,1,1,-0.08937499999999998,0.0,0.0,6.8679744089702925,1.3609765531356006,2.0794415416798357,0.65,0,0,1,0,1,0,0,2.0512820512820515,455400,0.0,0.0,0.0,1.2246467991473532e-16,-1.0,-0.9856129740972022,-1.1731446939116332,-0.8667014757335281,-1.110574592867282,-1.329301807783477,-0.7986763836723731,-0.22888618729874646,-0.028538824941726233,-1.4377147039121636,3.186293260904103
57,8,1,22,2,2,3,10,0.700505263,0.7003377565146199,0.8489067426232425,0,0,0.0005052630000000891,3.4339872044851463,6.828712071641684,8.830689198760998,3.4170707308184456,4.04305126783455,0.7,1,0,0,0,0,1,0,1.8700787401574803,462240,23.449709877130797,27.60883299892801,13.883786320821294,1.2246467991473532e-16,-1.0,0.7304816282848566,0.813985686099205,0.5737323286730242,1.162237620131249,0.9067224814303124,-0.3112018481025408,3.393677892448722,-0.028538824941726233,-1.4377147039121636,3.186293260904103
57,9,0,11,2,2,3,10,0.821666667,0.821397939625731,1.5258474885243831,0,0,0.07166666700000002,0.0,0.0,7.496097345175956,1.0647107369924282,2.70805020110221,0.75,0,0,1,0,1,0,0,5.172413793103448,456900,0.0,0.0,0.0,1.2246467991473532e-16,-1.0,-0.9856129740972022,-1.1731446939116332,-0.40572287846610844,-1.4380676486489155,-0.6134853132140259,0.1762726874672926,-0.22888618729874646,-0.028538824941726233,-1.4377147039121636,3.186293260904103
57,9,1,23,2,2,3,10,0.750395513,0.7501863271077694,1.09960628026814,0,0,0.0003955129999999585,3.828641396489095,7.129297548929373,8.738895704934043,2.933324813425374,3.9512437185814275,0.75,0,0,0,0,0,0,0,2.7674294837679616,463140,27.29552372371924,28.169592158105154,15.127895268578362,1.2246467991473532e-16,-1.0,0.9277054058868384,0.9014549669009109,0.506365204208124,0.6275035398673704,0.8021783312721362,0.1762726874672926,-0.22888618729874646,-0.028538824941726233,-1.4377147039121636,3.186293260904103
57,10,0,1,2,2,3,10,0.39875,0.3988345864661654,-0.4103233665001707,1,1,-0.30124999999999996,0.0,0.0,6.8679744089702925,1.0647107369924282,2.0794415416798357,0.7,0,0,1,0,1,0,0,2.7586206896551726,460710,0.0,0.0,0.0,1.2246467991473532e-16,-1.0,-0.9856129740972022,-1.1731446939116332,-0.8667014757335281,-1.4380676486489155,-1.329301807783477,-0.3112018481025408,-0.22888618729874646,-0.028538824941726233,-1.4377147039121636,3.186293260904103
57,10,1,13,2,2,3,10,0.750608,0.7503986365914788,1.1007394819271172,0,0,0.0006080000000000529,3.5553480614894135,7.313220387090301,8.699681400989514,3.0828269804049246,3.912023005428146,0.75,0,0,0,0,0,0,0,2.2914757103574703,466710,26.00104392648636,28.60948639806339,13.908603408850949,1.2246467991473532e-16,-1.0,0.7911302851503994,0.9549758439642679,0.477585878087085,0.7927636503569598,0.7575164689463868,0.1762726874672926,-0.22888618729874646,-0.028538824941726233,-1.4377147039121636,3.186293260904103
57,11,0,2,2,2,3,10,0.758229167,0.7580134367017544,1.1418189109504955,1,0,-0.04177083300000006,0.0,0.0,6.8679744089702925,1.0647107369924282,2.0794415416798357,0.8,0,0,1,0,1,0,0,2.7586206896551726,372900,0.0,0.0,0.0,1.2246467991473532e-16,-1.0,-0.9856129740972022,-1.1731446939116332,-0.8667014757335281,-1.4380676486489155,-1.329301807783477,0.663747223037126,-0.22888618729874646,-0.028538824941726233,-1.4377147039121636,3.186293260904103
57,11,1,14,2,2,3,10,0.800034503,0.7997838476090227,1.3849439557710048,0,0,3.4502999999963535e-05,3.9318256327243257,5.82600010738045,8.137688184977605,2.4344901638739844,4.060443010546419,0.8,0,0,0,0,0,0,0,5.083260297984224,376320,22.906816558453126,23.656141415455636,15.964953909082741,1.2246467991473532e-16,-1.0,0.9792705109119583,0.5222001508943475,0.06513979554799705,0.07609033318004338,0.9265270070534614,0.663747223037126,-0.22888618729874646,-0.028538824941726233,-1.4377147039121636,3.186293260904103
57,12,0,3,2,2,3,10,0.92,0.9196491228070175,2.437589199769166,0,0,0.12,0.0,0.0,6.985641817639208,1.5260563034950492,2.1972245773362196,0.8,0,0,1,0,1,0,0,1.956521739130435,318155,0.0,0.0,0.0,1.2246467991473532e-16,-1.0,-0.9856129740972022,-1.1731446939116332,-0.7803455191751631,-0.9280949784565565,-1.1951785524965162,0.663747223037126,-0.22888618729874646,-0.028538824941726233,-1.4377147039121636,3.186293260904103
57,12,1,15,2,2,3,10,0.800401961,0.8001509986265665,1.387238369876064,0,0,0.00040196100000000623,4.1588830833596715,6.975413927455952,8.314097335405807,2.725235025856311,3.5263605246161616,0.8,0,0,0,0,0,0,0,2.2280471821756227,322235,29.009930982328004,24.597824316638448,14.665721131653491,1.2246467991473532e-16,-1.0,1.0927397937785401,0.856675392655015,0.19460623917250247,0.39748051090269754,0.31835044575563654,0.663747223037126,-0.22888618729874646,-0.028538824941726233,-1.4377147039121636,3.186293260904103
58,1,0,0,2,2,4,10,0.812625,0.8123638262322473,1.4654434597684056,0,0,0.06262500000000004,0.0,0.0,7.560601162768557,1.3711807233098425,2.0794415416798357,0.75,0,0,1,0,1,0,0,2.030456852791878,496230,0.0,0.0,0.0,-0.8660254037844384,-0.5000000000000004,-0.9856129740972022,-1.1731446939116332,-0.358383611519654,-1.0992948748235933,-1.329301807783477,0.1762726874672926,-0.22888618729874646,-1.2647205579438705,-0.736328099691826,3.271160711427553
58,1,1,12,2,2,4,10,0.750050847,0.7498419490492899,1.0977695278133037,0,0,5.0847000000020515e-05,3.828641396489095,7.187657164114956,8.865170419651774,3.2891478778535324,4.07753744390572,0.75,0,0,0,0,0,0,0,2.199850857568978,503310,27.518961762301934,29.307941220635932,15.61142865347177,-0.8660254037844384,-0.5000000000000004,0.9277054058868384,0.9184374026932481,0.5990380513621463,1.0208313432709495,0.9459929771454892,0.1762726874672926,-0.22888618729874646,-1.2647205579438705,-0.736328099691826,3.271160711427553
58,2,0,4,2,2,4,10,0.819270833,0.8190041071578947,1.5096147591570106,0,0,0.06927083300000003,0.0,0.0,7.560601162768557,1.3609765531356006,2.0794415416798357,0.75,0,0,1,0,1,0,0,2.0512820512820515,472560,0.0,0.0,0.0,-0.8660254037844384,-0.5000000000000004,-0.9856129740972022,-1.1731446939116332,-0.358383611519654,-1.110574592867282,-1.329301807783477,0.1762726874672926,-0.22888618729874646,-1.2647205579438705,-0.736328099691826,3.271160711427553
58,2,1,16,2,2,4,10,0.750140741,0.7499317679498748,1.098248417500328,0,0,0.0001407410000000553,3.828641396489095,6.879355804460439,8.594339400592892,2.7788192719904172,3.8066624897703196,0.75,1,0,0,0,0,1,0,2.795031055900621,477960,26.338586414134777,26.187385694623273,14.574345590796892,-0.8660254037844384,-0.5000000000000004,0.9277054058868384,0.8287228281818564,0.4002755224590608,0.456712685362316,0.6375391287463377,0.1762726874672926,3.393677892448722,-1.2647205579438705,-0.736328099691826,3.271160711427553
58,3,0,5,2,2,4,10,0.786631944,0.7863924854001672,1.303315725912626,1,0,-0.013368056000000017,0.0,0.0,7.560601162768557,1.5260563034950492,2.0794415416798357,0.8,0,0,1,0,1,0,0,1.7391304347826089,503730,0.0,0.0,0.0,-0.8660254037844384,-0.5000000000000004,-0.9856129740972022,-1.1731446939116332,-0.358383611519654,-0.9280949784565565,-1.329301807783477,0.663747223037126,-0.22888618729874646,-1.2647205579438705,-0.736328099691826,3.271160711427553
58,3,1,17,2,2,4,10,0.800071839,0.799821152417711,1.3851769383299577,0,0,7.183899999996246e-05,4.1588830833596715,6.601230118728877,8.848078421168667,3.40452517175483,4.060443010546419,0.8,1,0,0,0,0,1,0,1.9269102990033222,510690,27.45374427014588,26.803918696601176,16.886907747507518,-0.8660254037844384,-0.5000000000000004,1.0927397937785401,0.7477892650472099,0.5864942561413656,1.1483697243081041,0.9265270070534614,0.663747223037126,3.393677892448722,-1.2647205579438705,-0.736328099691826,3.271160711427553
58,4,0,6,2,2,4,10,0.813309028,0.813047282780284,1.4699335304675725,0,0,0.06330902800000004,0.0,0.0,7.560601162768557,1.3711807233098425,2.0794415416798357,0.75,0,0,1,0,1,0,0,2.030456852791878,565140,0.0,0.0,0.0,-0.8660254037844384,-0.5000000000000004,-0.9856129740972022,-1.1731446939116332,-0.358383611519654,-1.0992948748235933,-1.329301807783477,0.1762726874672926,-0.22888618729874646,-1.2647205579438705,-0.736328099691826,3.271160711427553
58,4,1,18,2,2,4,10,0.750050847,0.7498419490492899,1.0977695278133037,0,0,5.0847000000020515e-05,3.828641396489095,6.961296045910167,8.865170419651774,3.2891478778535324,4.07753744390572,0.75,0,0,0,0,0,0,0,2.199850857568978,572220,26.65230621458752,28.384945285311538,15.61142865347177,-0.8660254037844384,-0.5000000000000004,0.9277054058868384,0.852567140465334,0.5990380513621463,1.0208313432709495,0.9459929771454892,0.1762726874672926,-0.22888618729874646,-1.2647205579438705,-0.736328099691826,3.271160711427553
58,5,0,7,2,2,4,10,0.75885,0.7586337510442773,1.1452036343736522,0,0,0.05885000000000007,0.0,0.0,7.273092595999522,1.3711807233098425,2.4849066497880004,0.7,0,0,1,0,1,0,0,3.0456852791878175,488820,0.0,0.0,0.0,-0.8660254037844384,-0.5000000000000004,-0.9856129740972022,-1.1731446939116332,-0.5693857707660099,-1.0992948748235933,-0.8675859087010354,-0.3112018481025408,-0.22888618729874646,-1.2647205579438705,-0.736328099691826,3.271160711427553
58,5,1,19,2,2,4,10,0.700556897,0.7003893473784462,0.8491525837986257,0,0,0.0005568970000000562,3.4339872044851463,6.900730664045173,8.848078421168667,3.2891478778535324,4.060443010546419,0.7,1,0,0,0,0,1,0,2.162565249813572,495780,23.697020801929412,28.020023592485572,13.94350934275755,-0.8660254037844384,-0.5000000000000004,0.7304816282848566,0.8349428345906313,0.5864942561413656,1.0208313432709495,0.9265270070534614,-0.3112018481025408,3.393677892448722,-1.2647205579438705,-0.736328099691826,3.271160711427553
58,6,0,8,2,2,4,10,0.394722222,0.39481017336006685,-0.42713709624216983,1,1,-0.30527777799999994,0.0,0.0,6.580639137284949,1.0647107369924282,1.791759469228055,0.7,0,0,1,0,1,0,0,2.0689655172413794,312135,0.0,0.0,0.0,-0.8660254037844384,-0.5000000000000004,-0.9856129740972022,-1.1731446939116332,-1.0775764539457442,-1.4380676486489155,-1.6568944515789579,-0.3112018481025408,-0.22888618729874646,-1.2647205579438705,-0.736328099691826,3.271160711427553
58,6,1,20,2,2,4,10,0.700246491,0.7000792006984128,0.8476750350245877,0,0,0.00024649100000007085,3.713572066704308,7.029087564149662,8.4252971767117,3.1531632815028194,3.6375861597263857,0.7,1,0,0,0,0,1,0,1.6232379325074755,316695,26.10302323264481,25.568911638855663,13.508438352990101,-0.8660254037844384,-0.5000000000000004,0.870200865542169,0.8722942257469328,0.27621565654421004,0.870513592887606,0.44500658234787077,-0.3112018481025408,3.393677892448722,-1.2647205579438705,-0.736328099691826,3.271160711427553
58,7,0,9,2,2,4,10,0.625625,0.6255200501253132,0.5130451208113904,1,1,-0.024375000000000036,0.0,0.0,6.8679744089702925,1.3609765531356006,2.0794415416798357,0.65,0,0,1,0,1,0,0,2.0512820512820515,459450,0.0,0.0,0.0,-0.8660254037844384,-0.5000000000000004,-0.9856129740972022,-1.1731446939116332,-0.8667014757335281,-1.110574592867282,-1.329301807783477,-0.7986763836723731,-0.22888618729874646,-1.2647205579438705,-0.736328099691826,3.271160711427553
58,7,1,21,2,2,4,10,0.650596491,0.6504706793951546,0.6211087718272361,0,1,0.0005964910000000323,3.295836866004329,6.8416154764775925,8.830689198760998,3.4170707308184456,4.04305126783455,0.65,1,0,0,0,0,1,0,1.8700787401574803,466290,22.548848510400624,27.661002126209212,13.325237419674654,-0.8660254037844384,-0.5000000000000004,0.6614426260793346,0.8177405299827967,0.5737323286730242,1.162237620131249,0.9067224814303124,-0.7986763836723731,3.393677892448722,-1.2647205579438705,-0.736328099691826,3.271160711427553
58,8,0,10,2,2,4,10,0.625625,0.6255200501253132,0.5130451208113904,1,1,-0.07437499999999997,0.0,0.0,6.8679744089702925,1.3609765531356006,2.0794415416798357,0.7,0,0,1,0,1,0,0,2.0512820512820515,463200,0.0,0.0,0.0,-0.8660254037844384,-0.5000000000000004,-0.9856129740972022,-1.1731446939116332,-0.8667014757335281,-1.110574592867282,-1.329301807783477,-0.3112018481025408,-0.22888618729874646,-1.2647205579438705,-0.736328099691826,3.271160711427553
58,8,1,22,2,2,4,10,0.700505263,0.7003377565146199,0.8489067426232425,0,0,0.0005052630000000891,3.4339872044851463,6.818924065275521,8.830689198760998,3.4170707308184456,4.04305126783455,0.7,1,0,0,0,0,1,0,1.8700787401574803,470040,23.416097988511975,27.569259587379722,13.883786320821294,-0.8660254037844384,-0.5000000000000004,0.7304816282848566,0.8111374118410598,0.5737323286730242,1.162237620131249,0.9067224814303124,-0.3112018481025408,3.393677892448722,-1.2647205579438705,-0.736328099691826,3.271160711427553
58,9,0,11,2,2,4,10,0.505888889,0.5058839692932331,0.023536963713656656,1,1,-0.24411111100000005,0.0,0.0,7.496097345175956,1.0647107369924282,2.70805020110221,0.75,0,0,1,0,1,0,0,5.172413793103448,464940,0.0,0.0,0.0,-0.8660254037844384,-0.5000000000000004,-0.9856129740972022,-1.1731446939116332,-0.40572287846610844,-1.4380676486489155,-0.6134853132140259,0.1762726874672926,-0.22888618729874646,-1.2647205579438705,-0.736328099691826,3.271160711427553
58,9,1,23,2,2,4,10,0.750347333,0.750138187358396,1.0993494237632624,0,0,0.0003473330000000052,3.828641396489095,5.673323267171493,8.525359754082631,2.933324813425374,3.9512437185814275,0.75,0,0,0,0,0,0,0,2.7674294837679616,469980,21.72112031635754,22.416682922893223,15.127895268578362,-0.8660254037844384,-0.5000000000000004,0.9277054058868384,0.47777174560791086,0.34965145055303015,0.6275035398673704,0.8021783312721362,0.1762726874672926,-0.22888618729874646,-1.2647205579438705,-0.736328099691826,3.271160711427553
58,10,0,1,2,2,4,10,0.628333333,0.628226120524645,0.5246143476060059,1,1,-0.12166666699999995,0.0,0.0,6.8679744089702925,1.0647107369924282,2.0794415416798357,0.75,0,0,1,0,1,0,0,2.7586206896551726,467670,0.0,0.0,0.0,-0.8660254037844384,-0.5000000000000004,-0.9856129740972022,-1.1731446939116332,-0.8667014757335281,-1.4380676486489155,-1.329301807783477,0.1762726874672926,-0.22888618729874646,-1.2647205579438705,-0.736328099691826,3.271160711427553
58,10,1,13,2,2,4,10,0.750608,0.7503986365914788,1.1007394819271172,0,0,0.0006080000000000529,3.5553480614894135,7.423568444259167,8.699681400989514,3.0828269804049246,3.912023005428146,0.75,0,0,0,0,0,0,0,2.2914757103574703,473670,26.393369677630808,29.04117053631229,13.908603408850949,-0.8660254037844384,-0.5000000000000004,0.7911302851503994,0.9870867273160548,0.477585878087085,0.7927636503569598,0.7575164689463868,0.1762726874672926,-0.22888618729874646,-1.2647205579438705,-0.736328099691826,3.271160711427553
58,11,0,2,2,2,4,10,0.874027778,0.8737153070075188,1.9342157605167858,0,0,0.07402777799999993,0.0,0.0,7.783640596221253,1.0647107369924282,2.302585092994046,0.8,0,0,1,0,1,0,0,3.4482758620689657,378720,0.0,0.0,0.0,-0.8660254037844384,-0.5000000000000004,-0.9856129740972022,-1.1731446939116332,-0.19469526447499352,-1.4380676486489155,-1.0752012122964671,0.663747223037126,-0.22888618729874646,-1.2647205579438705,-0.736328099691826,3.271160711427553
58,11,1,14,2,2,4,10,0.800034503,0.7997838476090227,1.3849439557710048,0,0,3.4502999999963535e-05,3.9318256327243257,6.329720905522696,8.137688184977605,2.4344901638739844,4.060443010546419,0.8,0,0,0,0,0,0,0,5.083260297984224,382140,24.887358904325165,25.70147100953918,15.964953909082741,-0.8660254037844384,-0.5000000000000004,0.9792705109119583,0.6687810713564287,0.06513979554799705,0.07609033318004338,0.9265270070534614,0.663747223037126,-0.22888618729874646,-1.2647205579438705,-0.736328099691826,3.271160711427553
58,12,0,3,2,2,4,10,0.922839506,0.9224862566215539,2.4766172232795567,0,0,0.12283950599999993,0.0,0.0,7.6783263565068856,1.5260563034950492,2.1972245773362196,0.8,0,0,1,0,1,0,0,1.956521739130435,324395,0.0,0.0,0.0,-0.8660254037844384,-0.5000000000000004,-0.9856129740972022,-1.1731446939116332,-0.2719852465748004,-0.9280949784565565,-1.1951785524965162,0.663747223037126,-0.22888618729874646,-1.2647205579438705,-0.736328099691826,3.271160711427553
58,12,1,15,2,2,4,10,0.800401961,0.8001509986265665,1.387238369876064,0,0,0.00040196100000000623,4.1588830833596715,6.154858094016418,8.314097335405807,2.725235025856311,3.5263605246161616,0.8,0,0,0,0,0,0,0,2.2280471821756227,328475,25.59733520768423,21.704248617353763,14.665721131653491,-0.8660254037844384,-0.5000000000000004,1.0927397937785401,0.6178966291024888,0.19460623917250247,0.39748051090269754,0.31835044575563654,0.663747223037126,-0.22888618729874646,-1.2647205579438705,-0.736328099691826,3.271160711427553
