date,t,days_from_start,team,dept_bin,team_dept_idx,split_code,day_num,sin_dow,cos_dow,quarter,week_of_study,logit_productivity,productivity_beta,actual_productivity,log_incentive,log_wip_imputed,log_over_time,log_smv,log_workers,incentive_x_log_wip,log_wip_x_log_workers,no_of_style_change,style_change_flag,targeted_productivity,wip_missing_flag,idle_event,cum_overtime_team,outlier_flag,low_productivity
2015-01-01,0,0,1,0,0,0,5,-0.8660254037844386,0.5000000000000001,1,1,2.052273179677888,0.8861771094402673,0.8865,0.0,0.0,6.8679744089702925,1.3711807233098425,2.0794415416798357,0.0,0.0,0,0,0.75,1,0,960,0,0
2015-01-01,0,0,1,1,12,0,5,-0.8660254037844386,0.5000000000000001,1,1,1.0997785653529408,0.7502186131127819,0.750427826,3.828641396489095,0.0,8.839421607620602,3.3350575791576103,4.051784947803305,0.0,0.0,0,0,0.75,0,0,7860,0,0
2015-01-01,0,0,2,0,4,0,5,-0.8660254037844386,0.5000000000000001,1,1,1.125208143446938,0.7549534951812866,0.755166667,0.0,0.0,6.8679744089702925,1.3711807233098425,2.0794415416798357,0.0,0.0,0,0,0.75,1,0,960,0,0
2015-01-01,0,0,2,1,16,0,5,-0.8660254037844386,0.5000000000000001,1,1,1.114064525129968,0.7528860877827903,0.753097531,3.5553480614894135,6.598509028614515,8.699681400989514,2.9892110565637253,4.007333185232471,23.459996283605008,26.442424203423023,0,0,0.75,0,0,6960,0,0
2015-01-01,0,0,3,1,17,0,5,-0.8660254037844386,0.5000000000000001,1,1,1.1172138321111116,0.7534715452698413,0.753683478,3.828641396489095,6.679599185844383,8.839421607620602,3.3350575791576103,4.051784947803305,25.573789954878663,27.06429943856348,0,0,0.75,0,0,6900,0,0
2015-01-01,0,0,4,0,6,0,5,-0.8660254037844386,0.5000000000000001,1,1,0.3762892957314602,0.5929778153517127,0.593055556,0.0,0.0,7.6783263565068856,1.3711807233098425,2.8903717578961645,0.0,0.0,0,0,0.75,1,0,2160,0,1
2015-01-01,0,0,4,1,18,0,5,-0.8660254037844386,0.5000000000000001,1,1,0.08469982355898335,0.521162305764411,0.52118,0.0,6.759255270663693,8.881975184248867,3.165053018170694,4.0943445622221,0.0,27.67472006211296,0,0,0.65,0,0,9360,0,1
2015-01-01,0,0,5,1,19,0,5,-0.8660254037844386,0.5000000000000001,1,1,0.8802447238532843,0.7068729313216373,0.707045902,3.9318256327243257,6.505784060128229,8.205491613120236,2.4344901638739844,3.417726683613366,25.579608528581506,22.23499178012675,0,0,0.8,0,0,3660,0,1
2015-01-01,0,0,6,1,20,0,5,-0.8660254037844386,0.5000000000000001,1,1,1.3871133019980066,0.8001309983492063,0.800381944,3.9318256327243257,0.0,7.560601162768557,3.254242968705492,4.02535169073515,0.0,0.0,0,0,0.8,0,0,1920,0,0
2015-01-01,0,0,7,0,9,0,5,-0.8660254037844386,0.5000000000000001,1,1,0.1631414392792569,0.540695140962406,0.540729167,0.0,0.0,6.8679744089702925,1.0647107369924282,2.0794415416798357,0.0,0.0,0,0,0.8,1,0,960,0,1
2015-01-01,0,0,7,1,21,0,5,-0.8660254037844386,0.5000000000000001,1,1,1.3855087275756837,0.7998742690058479,0.800125,3.6635616461296463,6.892641641172089,8.812992231969966,3.254242968705492,4.02535169073515,25.251617557114166,27.745306683923566,0,0,0.8,0,0,7680,0,0
2015-01-01,0,0,8,0,10,0,5,-0.8660254037844386,0.5000000000000001,1,1,0.737820499715635,0.6765190757994987,0.676666667,0.0,0.0,6.8679744089702925,1.0647107369924282,2.0794415416798357,0.0,0.0,0,0,0.75,1,0,960,0,1
2015-01-01,0,0,8,1,22,0,5,-0.8660254037844386,0.5000000000000001,1,1,2.757886942446455,0.9403572323341687,0.940725424,4.59511985013459,7.011213987350367,8.865170419651774,3.264231526588998,4.07753744390572,32.21736856681496,28.588487560656645,0,0,0.8,0,0,8040,0,0
2015-01-01,0,0,9,1,23,0,5,-0.8660254037844386,0.5000000000000001,1,1,0.9491401516443645,0.7209422227000836,0.721126957,3.8066624897703196,0.0,8.839421607620602,3.3350575791576103,4.051784947803305,0.0,0.0,0,0,0.7,0,0,6900,0,0
2015-01-01,0,0,10,0,1,0,5,-0.8660254037844386,0.5000000000000001,1,1,0.8748055091700868,0.7057446397092731,0.705916667,0.0,0.0,6.8679744089702925,1.3711807233098425,2.0794415416798357,0.0,0.0,0,0,0.65,1,0,960,0,0
2015-01-01,0,0,10,1,13,0,5,-0.8660254037844386,0.5000000000000001,1,1,0.9052538179243138,0.7120279660918964,0.712205247,3.828641396489095,6.361302477572996,8.776630098427717,2.960623096440423,3.9889840465642745,24.355146001224615,25.375134098408473,0,0,0.75,0,0,7440,0,1
2015-01-01,0,0,11,0,2,0,5,-0.8660254037844386,0.5000000000000001,1,1,-0.255868536275442,0.4363795833283207,0.436326389,0.0,0.0,7.273092595999522,1.423108334242607,2.4849066497880004,0.0,0.0,0,0,0.7,1,0,1440,0,1
2015-01-01,0,0,11,1,14,0,5,-0.8660254037844386,0.5000000000000001,1,1,1.3882917381213682,0.8003193888320802,0.800570492,3.9318256327243257,0.0,8.205491613120236,2.4344901638739844,3.417726683613366,0.0,0.0,0,0,0.8,0,0,5100,0,0
2015-01-01,0,0,12,1,15,0,5,-0.8660254037844386,0.5000000000000001,1,1,1.3882917381213682,0.8003193888320802,0.800570492,3.9318256327243257,0.0,8.205491613120236,2.4344901638739844,3.417726683613366,0.0,0.0,0,0,0.8,0,0,3660,0,0
2015-01-03,1,2,1,0,0,0,0,0.0,1.0,1,1,2.2262265010916744,0.9025800615973265,0.902916667,0.0,0.0,6.8679744089702925,1.3711807233098425,2.0794415416798357,0.0,0.0,0,0,0.8,1,0,8820,0,0
2015-01-03,1,2,1,1,12,0,0,0.0,1.0,1,1,1.3892600087789913,0.8004740814903927,0.800725314,3.9318256327243257,6.650279048587422,8.748463629942055,3.3350575791576103,4.034240638152395,26.14773762800557,26.82882599286483,0,0,0.8,0,0,15120,0,0
2015-01-03,1,2,2,0,4,0,0,0.0,1.0,1,1,1.2786034199540388,0.7822119538279031,0.782447917,0.0,0.0,6.8679744089702925,1.423108334242607,2.0794415416798357,0.0,0.0,0,0,0.8,1,0,7920,0,1
2015-01-03,1,2,2,1,16,0,0,0.0,1.0,1,1,1.0987934781844715,0.7500339714954052,0.75024303,3.828641396489095,6.851184927493743,8.79497643168877,2.9892110565637253,4.007333185232471,26.230730228404685,27.4549807181102,0,0,0.75,0,0,14520,0,0
2015-01-03,1,2,3,0,5,0,0,0.0,1.0,1,1,2.8420404697747115,0.9449057831979951,0.945277778,0.0,0.0,7.353081920515432,1.3711807233098425,2.0794415416798357,0.0,0.0,0,0,0.75,1,0,8460,0,0
2015-01-03,1,2,3,1,17,0,0,0.0,1.0,1,1,1.386744669738769,0.8000720396457812,0.800322936,3.9318256327243257,0.0,8.785845337961213,3.3350575791576103,3.9982007016691985,0.0,0.0,0,0,0.8,0,0,15000,0,0
2015-01-03,1,2,4,0,6,0,0,0.0,1.0,1,1,4.378969138409771,0.9876169844912281,0.988024691,0.0,0.0,8.79497643168877,1.423108334242607,2.995732273553991,0.0,0.0,0,0,0.8,1,0,15960,0,0
2015-01-03,1,2,4,1,18,0,0,0.0,1.0,1,1,0.8471399684401982,0.6999668416441103,0.700134038,0.0,6.300785794663244,9.53249633228804,3.165053018170694,4.0943445622221,0.0,25.79758805610571,0,0,0.7,0,0,29760,0,0
2015-01-03,1,2,5,1,19,0,0,0.0,1.0,1,1,1.3856563472960834,0.7998978982489557,0.800148649,3.9318256327243257,0.0,8.865170419651774,2.4518667957098,3.449987545831587,0.0,0.0,0,0,0.8,0,0,10740,0,0
2015-01-03,1,2,6,1,20,0,0,0.0,1.0,1,1,1.3855087275756837,0.7998742690058479,0.800125,3.9318256327243257,7.050122520269059,8.812992231969966,3.254242968705492,4.02535169073515,27.71985243904091,28.37922260685501,0,0,0.8,0,0,8640,0,0
2015-01-03,1,2,7,0,9,0,0,0.0,1.0,1,1,0.5117123832031671,0.6252078111946534,0.6253125,0.0,0.0,6.8679744089702925,1.3711807233098425,2.0794415416798357,0.0,0.0,0,0,0.8,1,0,8640,0,1
2015-01-03,1,2,7,1,21,0,0,0.0,1.0,1,1,1.3855087275756837,0.7998742690058479,0.800125,3.6635616461296463,0.0,8.812992231969966,3.254242968705492,4.02535169073515,0.0,0.0,0,0,0.8,0,0,15360,0,0
2015-01-03,1,2,8,0,10,0,0,0.0,1.0,1,1,0.5246143476060059,0.628226120524645,0.628333333,0.0,0.0,6.8679744089702925,1.0647107369924282,2.0794415416798357,0.0,0.0,0,0,0.8,1,0,9000,0,1
2015-01-03,1,2,8,1,22,0,0,0.0,1.0,1,1,1.3867178601211287,0.8000677512314118,0.800318644,3.9318256327243257,7.140453043101158,8.865170419651774,3.264231526588998,4.07753744390572,28.075016304129548,29.115464649695515,0,0,0.8,0,0,16080,0,0
2015-01-03,1,2,9,0,11,0,0,0.0,1.0,1,1,3.0759481321106237,0.9558896543592316,0.956270833,0.0,0.0,6.8679744089702925,1.423108334242607,2.0794415416798357,0.0,0.0,0,0,0.8,1,0,7860,0,0
2015-01-03,1,2,9,1,23,0,0,0.0,1.0,1,1,0.8463369101807844,0.699798161680869,0.699965217,3.713572066704308,0.0,8.839421607620602,3.3350575791576103,4.051784947803305,0.0,0.0,0,0,0.7,0,0,14760,0,1
2015-01-03,1,2,10,0,1,0,0,0.0,1.0,1,1,0.8551382776061907,0.7016439014202172,0.7018125,0.0,0.0,6.8679744089702925,1.423108334242607,2.0794415416798357,0.0,0.0,0,0,0.7,1,0,8400,0,0
2015-01-03,1,2,10,1,13,0,0,0.0,1.0,1,1,1.3072921066404004,0.7870596745497076,0.787299691,4.04305126783455,6.415096959171596,8.776630098427717,2.960623096440423,3.9889840465642745,25.936565894060287,25.589719427298483,0,0,0.75,0,0,14880,0,0
2015-01-03,1,2,11,0,2,0,0,0.0,1.0,1,1,4.367250633433648,0.987472849005848,0.987880435,0.0,0.0,8.637816633739977,1.0647107369924282,2.833213344056216,0.0,0.0,0,0,0.75,1,0,10740,0,0
2015-01-03,1,2,11,1,14,0,0,0.0,1.0,1,1,1.386209758254657,0.799986463197995,0.800237288,3.9318256327243257,6.913737350659685,8.865170419651774,2.4518667957098,3.3843902633457743,27.18360973324732,23.398785372902648,0,0,0.8,0,0,17820,0,0
2015-01-03,1,2,12,1,15,0,0,0.0,1.0,1,1,1.3867178601211287,0.8000677512314118,0.800318644,4.1588830833596715,0.0,8.865170419651774,3.264231526588998,4.07753744390572,0.0,0.0,0,0,0.8,0,0,10740,0,0
2015-01-04,2,3,1,0,0,0,1,0.8660254037844386,0.5000000000000001,1,1,2.3747601035088164,0.91488227546533,0.915229167,0.0,0.0,6.8679744089702925,1.3711807233098425,2.0794415416798357,0.0,0.0,0,0,0.8,1,0,16080,0,0
2015-01-04,2,3,1,1,12,0,1,0.8660254037844386,0.5000000000000001,1,1,1.3867178601211287,0.8000677512314118,0.800318644,4.1588830833596715,6.9411900550683745,8.865170419651774,3.264231526588998,4.07753744390572,28.86759789840825,28.302962354807303,0,0,0.8,0,0,23160,0,0
2015-01-04,2,3,2,0,4,0,1,0.8660254037844386,0.5000000000000001,1,1,1.336174508221427,0.7918601367852965,0.792104167,0.0,0.0,6.8679744089702925,1.3711807233098425,2.0794415416798357,0.0,0.0,0,0,0.8,1,0,15480,0,1
2015-01-04,2,3,2,1,16,0,1,0.8660254037844386,0.5000000000000001,1,1,1.3862131927120938,0.799987012738513,0.800237838,3.9318256327243257,0.0,8.804024902413179,3.3350575791576103,4.0163830207523885,0.0,0.0,0,0,0.8,0,0,22140,0,0
2015-01-04,2,3,3,0,5,0,1,0.8660254037844386,0.5000000000000001,1,1,4.6990679003408005,0.9909783719665831,0.991388889,0.0,0.0,7.353081920515432,1.423108334242607,2.0794415416798357,0.0,0.0,0,0,0.75,1,0,16560,0,0
2015-01-04,2,3,3,1,17,0,1,0.8660254037844386,0.5000000000000001,1,1,1.0987934781844715,0.7500339714954052,0.75024303,3.828641396489095,0.0,8.79497643168877,2.9892110565637253,4.007333185232471,0.0,0.0,0,0,0.75,0,0,23160,0,0
2015-01-04,2,3,4,0,6,0,1,0.8660254037844386,0.5000000000000001,1,1,1.8267730594609601,0.8613768574369255,0.861679012,0.0,0.0,8.79497643168877,1.3711807233098425,2.995732273553991,0.0,0.0,0,0,0.8,1,0,36360,0,0
2015-01-04,2,3,4,1,18,0,1,0.8660254037844386,0.5000000000000001,1,1,1.3884640971453621,0.8003469318028403,0.800598058,3.9318256327243257,6.778784897685177,8.357259153499912,3.3350575791576103,4.0163830207523885,26.653000219443125,27.22619656439546,0,0,0.8,0,0,40620,0,0
2015-01-04,2,3,5,1,19,0,1,0.8660254037844386,0.5000000000000001,1,1,0.4194255233938726,0.6033457744895572,0.603432184,3.295836866004329,0.0,8.848078421168667,3.821441627196908,4.060443010546419,0.0,0.0,0,0,0.7,0,0,17700,0,1
2015-01-04,2,3,6,1,20,0,1,0.8660254037844386,0.5000000000000001,1,1,1.9867347391964705,0.8793972602105263,0.879714482,3.9318256327243257,6.29156913955832,8.850230965588816,2.4518667957098,3.4339872044851463,24.737352812972734,21.605167921376893,0,0,0.8,0,0,15615,0,0
2015-01-04,2,3,7,0,9,0,1,0.8660254037844386,0.5000000000000001,1,1,0.6967379927636308,0.6674641468103593,0.667604167,0.0,0.0,6.8679744089702925,1.0647107369924282,2.0794415416798357,0.0,0.0,0,0,0.8,1,0,16320,0,1
2015-01-04,2,3,7,1,21,0,1,0.8660254037844386,0.5000000000000001,1,1,1.7357283685895204,0.8501436757293234,0.850436438,4.110873864173311,7.113142108707088,8.85666093701725,3.254242968705492,4.034240638152395,29.2412299868346,28.696126959899157,0,0,0.8,0,0,23340,0,0
2015-01-04,2,3,8,0,10,0,1,0.8660254037844386,0.5000000000000001,1,1,0.7655417400081476,0.682555694459482,0.682708333,0.0,0.0,6.8679744089702925,1.0647107369924282,2.0794415416798357,0.0,0.0,0,0,0.8,1,0,17040,0,1
2015-01-04,2,3,8,1,22,0,1,0.8660254037844386,0.5000000000000001,1,1,1.7350124637038384,0.8500524470075188,0.850345133,3.828641396489095,0.0,8.821879862683842,3.254242968705492,4.034240638152395,0.0,0.0,0,0,0.8,0,0,23820,0,0
2015-01-04,2,3,9,0,11,0,1,0.8660254037844386,0.5000000000000001,1,1,2.6066013782401813,0.9312852266232248,0.931645833,0.0,0.0,6.8679744089702925,1.3711807233098425,2.0794415416798357,0.0,0.0,0,0,0.8,1,0,15720,0,0
2015-01-04,2,3,9,1,23,0,1,0.8660254037844386,0.5000000000000001,1,1,1.7367722623718702,0.8502766185730994,0.850569492,4.110873864173311,7.153833801578843,8.865170419651774,3.264231526588998,4.07753744390572,29.40850840355007,29.170025193416134,0,0,0.8,0,0,22800,0,0
2015-01-04,2,3,10,0,1,0,1,0.8660254037844386,0.5000000000000001,1,1,1.1472695180119532,0.759011829924812,0.759228395,0.0,0.0,8.371242135931933,1.3711807233098425,2.8903717578961645,0.0,0.0,0,0,0.7,1,0,19200,0,0
2015-01-04,2,3,10,1,13,0,1,0.8660254037844386,0.5000000000000001,1,1,0.8463369101807844,0.699798161680869,0.699965217,3.713572066704308,7.0925737159746784,8.839421607620602,3.3350575791576103,4.051784947803305,26.33878363268474,28.737583423571554,0,0,0.7,0,0,26100,0,1
2015-01-04,2,3,11,0,2,0,1,0.8660254037844386,0.5000000000000001,1,1,-0.63683594911807,0.34596212720802005,0.345833333,0.0,0.0,6.8679744089702925,1.423108334242607,2.0794415416798357,0.0,0.0,0,0,0.75,1,0,18780,0,1
2015-01-04,2,3,11,1,14,0,1,0.8660254037844386,0.5000000000000001,1,1,1.0993554156394447,0.7501393104193818,0.750348457,3.828641396489095,0.0,8.776630098427717,2.960623096440423,3.9889840465642745,0.0,0.0,0,0,0.75,0,0,25260,0,0
2015-01-04,2,3,12,1,15,0,1,0.8660254037844386,0.5000000000000001,1,1,1.3849171002207392,0.7997795472046784,0.800030199,3.9318256327243257,0.0,8.850230965588816,2.4518667957098,3.4339872044851463,0.0,0.0,0,0,0.8,0,0,17715,0,0
2015-01-05,3,4,1,0,0,0,2,0.8660254037844387,-0.4999999999999998,1,1,3.1957452520363274,0.9606738491963241,0.961059028,0.0,0.0,7.560601162768557,1.3711807233098425,2.0794415416798357,0.0,0.0,0,0,0.8,1,0,25080,0,0
2015-01-05,3,4,1,1,12,0,2,0.8660254037844387,-0.4999999999999998,1,1,1.3867178601211287,0.8000677512314118,0.800318644,4.1588830833596715,7.037905963447182,8.865170419651774,3.264231526588998,4.07753744390572,29.269828053656635,28.697325092643243,0,0,0.8,0,0,32160,0,0
2015-01-05,3,4,2,0,4,0,2,0.8660254037844387,-0.4999999999999998,1,1,1.412515181142839,0.8041623506533,0.804416667,0.0,0.0,6.8679744089702925,1.3711807233098425,2.0794415416798357,0.0,0.0,0,0,0.8,1,0,23100,0,0
2015-01-05,3,4,2,1,16,0,2,0.8660254037844387,-0.4999999999999998,1,1,1.3852061632897437,0.7998258315054303,0.800076522,3.9318256327243257,0.0,8.839421607620602,3.3350575791576103,4.051784947803305,0.0,0.0,0,0,0.8,0,0,30000,0,0
2015-01-05,3,4,3,0,5,0,2,0.8660254037844387,-0.4999999999999998,1,1,1.9466144763697995,0.8750770154553048,0.875390625,0.0,0.0,7.560601162768557,1.423108334242607,2.0794415416798357,0.0,0.0,0,0,0.75,1,0,25080,0,0
2015-01-05,3,4,3,1,17,0,2,0.8660254037844387,-0.4999999999999998,1,1,1.0987934781844715,0.7500339714954052,0.75024303,3.828641396489095,0.0,8.79497643168877,2.9892110565637253,4.007333185232471,0.0,0.0,0,0,0.75,0,0,31680,0,0
2015-01-05,3,4,4,0,6,0,2,0.8660254037844387,-0.4999999999999998,1,1,2.1252614233233116,0.8933343191512114,0.893663194,0.0,0.0,8.253488028345904,1.3711807233098425,2.772588722239781,0.0,0.0,0,0,0.8,1,0,44460,0,0
2015-01-05,3,4,4,1,18,0,2,0.8660254037844387,-0.4999999999999998,1,1,1.3852061632897437,0.7998258315054303,0.800076522,3.9318256327243257,6.633318433280377,8.839421607620602,3.3350575791576103,4.051784947803305,26.08105144599455,26.876779781951633,0,0,0.8,0,0,51360,0,0
2015-01-05,3,4,5,0,7,0,2,0.8660254037844387,-0.4999999999999998,1,1,1.1475013502075733,0.7590542324711779,0.759270833,0.0,0.0,6.8679744089702925,1.0647107369924282,2.0794415416798357,0.0,0.0,0,0,0.6,1,0,18660,0,0
2015-01-05,3,4,5,1,19,0,2,0.8660254037844387,-0.4999999999999998,1,1,0.4052366541785397,0.5999451698045112,0.600028736,3.1780538303479458,0.0,8.848078421168667,3.090132948975475,4.060443010546419,0.0,0.0,0,0,0.6,0,0,25620,0,0
2015-01-05,3,4,6,1,20,0,2,0.8660254037844387,-0.4999999999999998,1,1,1.3862642295835754,0.7999951789106099,0.800246011,3.9318256327243257,6.569481420414296,8.881975184248867,2.4518667957098,3.4657359027997265,25.83005544249114,22.76808762150557,0,0,0.8,0,0,22815,0,0
2015-01-05,3,4,7,0,9,0,2,0.8660254037844387,-0.4999999999999998,1,1,0.737820499715635,0.6765190757994987,0.676666667,0.0,0.0,6.8679744089702925,1.3711807233098425,2.0794415416798357,0.0,0.0,0,0,0.8,1,0,24300,0,1
2015-01-05,3,4,7,1,21,0,2,0.8660254037844387,-0.4999999999999998,1,1,1.3890038615240754,0.8004331676992482,0.800684366,3.9318256327243257,7.135687347028144,8.821879862683842,3.254242968705492,4.034240638152395,28.056278418151898,28.787079876530793,0,0,0.8,0,0,31080,0,0
2015-01-05,3,4,8,0,10,0,2,0.8660254037844387,-0.4999999999999998,1,1,0.6831699800746885,0.664445836481203,0.664583333,0.0,0.0,6.8679744089702925,1.0647107369924282,2.0794415416798357,0.0,0.0,0,0,0.8,1,0,24780,0,1
2015-01-05,3,4,8,1,22,0,2,0.8660254037844387,-0.4999999999999998,1,1,1.3890038615240754,0.8004331676992482,0.800684366,3.6635616461296463,6.954638864880987,8.821879862683842,3.254242968705492,4.034240638152395,25.478748208060605,28.056686732376924,0,0,0.8,0,0,31560,0,0
2015-01-05,3,4,9,0,11,0,2,0.8660254037844387,-0.4999999999999998,1,1,1.5201821518425678,0.8205653018111947,0.820833333,0.0,0.0,7.560601162768557,1.0647107369924282,2.0794415416798357,0.0,0.0,0,0,0.8,1,0,24720,0,0
2015-01-05,3,4,9,1,23,0,2,0.8660254037844387,-0.4999999999999998,1,1,1.7367722623718702,0.8502766185730994,0.850569492,4.330733340286331,0.0,8.865170419651774,3.264231526588998,4.07753744390572,0.0,0.0,0,0,0.8,0,0,31800,0,0
2015-01-05,3,4,10,0,1,0,2,0.8660254037844387,-0.4999999999999998,1,1,1.1700550756224855,0.763154970760234,0.763375,0.0,0.0,6.8679744089702925,1.0647107369924282,2.0794415416798357,0.0,0.0,0,0,0.75,1,0,27060,0,0
2015-01-05,3,4,10,1,13,0,2,0.8660254037844387,-0.4999999999999998,1,1,1.099630202976674,0.7501908103592314,0.7504,3.828641396489095,6.988413181999592,8.85666093701725,3.3350575791576103,4.069026754237811,26.756128004373718,28.436040207224533,0,0,0.75,0,0,34080,0,0
2015-01-05,3,4,11,0,2,0,2,0.8660254037844387,-0.4999999999999998,1,1,2.7365058131839093,0.9391467094770258,0.939513889,0.0,0.0,7.783640596221253,1.3711807233098425,2.302585092994046,0.0,0.0,0,0,0.8,1,0,27660,0,0
2015-01-05,3,4,11,1,14,0,2,0.8660254037844387,-0.4999999999999998,1,1,1.3862951472103018,0.8000001257744361,0.800250962,3.9318256327243257,6.520621127558696,8.476579508530941,2.960623096440423,4.007333185232471,25.637945290619076,26.13030143279394,0,0,0.8,0,0,32460,0,0
2015-01-05,3,4,12,1,15,0,2,0.8660254037844387,-0.4999999999999998,1,1,1.3862642295835754,0.7999951789106099,0.800246011,3.9318256327243257,6.945051063725834,8.881975184248867,2.4518667957098,3.4657359027997265,27.30672979293658,24.069712818332054,0,0,0.8,0,0,24915,0,0
2015-01-06,4,5,1,0,0,0,3,1.2246467991473532e-16,-1.0,1,1,2.6849305709529125,0.9361315535104426,0.936496212,0.0,0.0,7.273092595999522,1.3711807233098425,2.0794415416798357,0.0,0.0,0,0,0.8,1,0,33600,0,0
2015-01-06,4,5,1,1,12,0,3,1.2246467991473532e-16,-1.0,1,1,1.7362450890344094,0.8502094936975773,0.850502311,4.330733340286331,7.080026499922591,9.27058845232154,3.264231526588998,4.07753744390572,30.6617068133255,28.869073157279118,0,0,0.8,0,0,44220,0,0
2015-01-06,4,5,2,0,4,0,3,1.2246467991473532e-16,-1.0,1,1,1.4220112788060004,0.8056535278496241,0.805909091,0.0,0.0,7.273092595999522,1.3711807233098425,2.0794415416798357,0.0,0.0,0,0,0.8,1,0,31440,0,0
2015-01-06,4,5,2,1,16,0,3,1.2246467991473532e-16,-1.0,1,1,1.3884416368142438,0.8003433428036758,0.800594466,3.9318256327243257,6.57507584059962,9.24483841238375,3.3350575791576103,4.051784947803305,25.85205172717603,26.6407933216067,0,0,0.8,0,0,41790,0,0
2015-01-06,4,5,3,0,5,0,3,1.2246467991473532e-16,-1.0,1,1,2.1843267767199452,0.8988331944294068,0.899166667,0.0,0.0,7.496097345175956,1.423108334242607,2.302585092994046,0.0,0.0,0,0,0.75,1,0,33480,0,0
2015-01-06,4,5,3,1,17,0,3,1.2246467991473532e-16,-1.0,1,1,1.386437952748211,0.8000229736708437,0.800273829,3.9318256327243257,6.871091294610546,9.200391041122515,2.9892110565637253,4.007333185232471,27.015932876938713,27.534752163654783,0,0,0.8,0,0,43380,0,0
2015-01-06,4,5,4,0,6,0,3,1.2246467991473532e-16,-1.0,1,1,3.3587865303963094,0.9663913866466165,0.966781346,0.0,0.0,8.398634855292102,1.3711807233098425,2.8903717578961645,0.0,0.0,0,0,0.8,1,0,55800,0,0
2015-01-06,4,5,4,1,18,0,3,1.2246467991473532e-16,-1.0,1,1,1.3884416368142438,0.8003433428036758,0.800594466,3.9318256327243257,0.0,9.24483841238375,3.3350575791576103,4.051784947803305,0.0,0.0,0,0,0.8,0,0,66150,0,0
2015-01-06,4,5,5,1,19,0,3,1.2246467991473532e-16,-1.0,1,1,0.6184150105017383,0.6498579816842105,0.649983281,3.58351893845611,0.0,9.25349564229011,3.090132948975475,4.060443010546419,0.0,0.0,0,0,0.65,0,0,36060,0,1
2015-01-06,4,5,6,1,20,0,3,1.2246467991473532e-16,-1.0,1,1,1.3852064628435525,0.79982587946533,0.80007657,3.6635616461296463,0.0,8.405367376233981,2.4518667957098,3.449987545831587,0.0,0.0,0,0,0.8,0,0,27285,0,0
2015-01-06,4,5,7,0,9,0,3,1.2246467991473532e-16,-1.0,1,1,0.4732507755700649,0.6161528822055138,0.61625,0.0,0.0,7.273092595999522,1.0647107369924282,2.0794415416798357,0.0,0.0,0,0,0.8,1,0,32520,0,1
2015-01-06,4,5,7,1,21,0,3,1.2246467991473532e-16,-1.0,1,1,1.3855319536101698,0.7998779868972431,0.800128721,3.6635616461296463,0.0,9.227295812625597,3.254242968705492,4.034240638152395,0.0,0.0,0,0,0.8,0,0,42690,0,0
2015-01-06,4,5,8,0,10,0,3,1.2246467991473532e-16,-1.0,1,1,0.7579539249403462,0.6809093440066832,0.681060606,0.0,0.0,7.273092595999522,1.0647107369924282,2.0794415416798357,0.0,0.0,0,0,0.8,1,0,33000,0,1
2015-01-06,4,5,8,1,22,0,3,1.2246467991473532e-16,-1.0,1,1,1.3855319536101698,0.7998779868972431,0.800128721,3.6635616461296463,0.0,9.227295812625597,3.254242968705492,4.034240638152395,0.0,0.0,0,0,0.8,0,0,43170,0,0
2015-01-06,4,5,9,0,11,0,3,1.2246467991473532e-16,-1.0,1,1,1.7975032680809833,0.8578447377142856,0.858143939,0.0,0.0,7.273092595999522,1.3711807233098425,2.0794415416798357,0.0,0.0,0,0,0.8,1,0,33240,0,0
2015-01-06,4,5,9,1,23,0,3,1.2246467991473532e-16,-1.0,1,1,1.7362450890344094,0.8502094936975773,0.850502311,4.330733340286331,7.174724309836376,9.27058845232154,3.264231526588998,4.07753744390572,31.071817775971233,29.255207023058446,0,0,0.8,0,0,43860,0,0
2015-01-06,4,5,10,0,1,0,3,1.2246467991473532e-16,-1.0,1,1,1.4459961447998129,0.809381471839599,0.809640152,0.0,0.0,7.273092595999522,1.3711807233098425,2.0794415416798357,0.0,0.0,0,0,0.75,1,0,35520,0,0
2015-01-06,4,5,10,1,13,0,3,1.2246467991473532e-16,-1.0,1,1,1.1004058601750817,0.7503361438429408,0.750545455,3.828641396489095,7.098375638590786,9.262078567380597,3.3350575791576103,4.069026754237811,27.177134817738402,28.883480385055815,0,0,0.75,0,0,46050,0,0
2015-01-06,4,5,11,0,2,0,3,1.2246467991473532e-16,-1.0,1,1,2.074119351221457,0.8883621514820386,0.888686869,0.0,0.0,7.901377353792616,1.423108334242607,2.70805020110221,0.0,0.0,0,0,0.8,1,0,35160,0,0
2015-01-06,4,5,11,1,14,0,3,1.2246467991473532e-16,-1.0,1,1,1.0978068359017255,0.749848947197995,0.750057851,3.828641396489095,6.3818160174060985,9.200391041122515,2.960623096440423,4.007333185232471,24.43368498901816,25.574063108599585,0,0,0.75,0,0,45060,0,0
2015-01-06,4,5,12,1,15,0,3,1.2246467991473532e-16,-1.0,1,1,1.3856084064384087,0.7998902246649958,0.800140969,3.9318256327243257,0.0,8.577535420422398,2.4518667957098,3.449987545831587,0.0,0.0,0,0,0.8,0,0,30225,0,0
2015-01-07,5,6,1,0,0,0,4,-0.8660254037844384,-0.5000000000000004,1,1,2.966623970052504,0.9510433284711781,0.951420455,0.0,0.0,7.273092595999522,1.3711807233098425,2.0794415416798357,0.0,0.0,0,0,0.8,1,0,45660,0,0
2015-01-07,5,6,1,1,12,0,4,-0.8660254037844384,-0.5000000000000004,1,1,1.7362450890344094,0.8502094936975773,0.850502311,4.330733340286331,7.07326971745971,9.27058845232154,3.264231526588998,4.07753744390572,30.632444990240444,28.841522123786397,0,0,0.8,0,0,56280,0,0
2015-01-07,5,6,2,0,4,0,4,-0.8660254037844384,-0.5000000000000004,1,1,1.470342342511465,0.8131094148304093,0.813371212,0.0,0.0,7.273092595999522,1.3711807233098425,2.0794415416798357,0.0,0.0,0,0,0.8,1,0,43230,0,0
2015-01-07,5,6,2,1,16,0,4,-0.8660254037844384,-0.5000000000000004,1,1,1.3884416368142438,0.8003433428036758,0.800594466,4.1588830833596715,6.655440350367647,9.24483841238375,3.3350575791576103,4.051784947803305,27.679198285453374,26.966413032622388,0,0,0.8,0,0,53580,0,0
2015-01-07,5,6,3,0,5,0,4,-0.8660254037844384,-0.5000000000000004,1,1,1.5836746650995812,0.8297243107769423,0.83,0.0,0.0,7.901377353792616,1.423108334242607,2.70805020110221,0.0,0.0,0,0,0.75,1,0,46080,0,0
2015-01-07,5,6,3,1,17,0,4,-0.8660254037844384,-0.5000000000000004,1,1,1.386437952748211,0.8000229736708437,0.800273829,3.9318256327243257,6.829793737512425,9.200391041122515,2.9892110565637253,4.007333185232471,26.85355808337143,27.36925909262645,0,0,0.8,0,0,55980,0,0
2015-01-07,5,6,4,0,6,0,4,-0.8660254037844384,-0.5000000000000004,1,1,1.5639065653903805,0.8269132051996658,0.827186544,0.0,0.0,8.398634855292102,1.3711807233098425,2.8903717578961645,0.0,0.0,0,0,0.8,1,0,70590,0,0
2015-01-07,5,6,4,1,18,0,4,-0.8660254037844384,-0.5000000000000004,1,1,1.3884416368142438,0.8003433428036758,0.800594466,3.9318256327243257,0.0,9.24483841238375,3.3350575791576103,4.051784947803305,0.0,0.0,0,0,0.8,0,0,80940,0,0
2015-01-07,5,6,5,0,7,0,4,-0.8660254037844384,-0.5000000000000004,1,1,-0.7070294151939001,0.3302555627869674,0.330113636,0.0,0.0,7.273092595999522,1.423108334242607,2.0794415416798357,0.0,0.0,0,0,0.7,1,0,37500,0,1
2015-01-07,5,6,5,1,19,0,4,-0.8660254037844384,-0.5000000000000004,1,1,0.8487904247744137,0.7003133449256476,0.700480831,3.713572066704308,0.0,9.18204377282107,3.090132948975475,4.060443010546419,0.0,0.0,0,0,0.7,0,0,47220,0,0
2015-01-07,5,6,6,0,8,0,4,-0.8660254037844384,-0.5000000000000004,1,1,0.6918396525619037,0.6663760415973267,0.666515152,0.0,0.0,7.496097345175956,1.0647107369924282,2.302585092994046,0.0,0.0,0,0,0.8,1,0,29085,0,1
2015-01-07,5,6,6,1,20,0,4,-0.8660254037844384,-0.5000000000000004,1,1,1.3868747887120865,0.8000928522439432,0.800343766,3.9318256327243257,6.894670039433482,8.610865667278873,2.4344901638739844,3.417726683613366,27.108640390221,23.564097768481428,0,0,0.8,0,0,34575,0,0
2015-01-07,5,6,7,0,9,0,4,-0.8660254037844384,-0.5000000000000004,1,1,1.4139336927589383,0.8043856489490393,0.804640152,0.0,0.0,7.273092595999522,1.0647107369924282,2.0794415416798357,0.0,0.0,0,0,0.8,1,0,44130,0,0
2015-01-07,5,6,7,1,21,0,4,-0.8660254037844384,-0.5000000000000004,1,1,1.3855319536101698,0.7998779868972431,0.800128721,3.9318256327243257,6.9726062513017535,9.227295812625597,3.254242968705492,4.034240638152395,27.415071985762104,28.129171492836967,0,0,0.8,0,0,54300,0,0
2015-01-07,5,6,8,0,10,0,4,-0.8660254037844384,-0.5000000000000004,1,1,0.7579539249403462,0.6809093440066832,0.681060606,0.0,0.0,7.273092595999522,1.0647107369924282,2.0794415416798357,0.0,0.0,0,0,0.8,1,0,44610,0,1
2015-01-07,5,6,8,1,22,0,4,-0.8660254037844384,-0.5000000000000004,1,1,1.7333800406535405,0.8498442540818714,0.850136766,4.110873864173311,0.0,9.227295812625597,3.254242968705492,4.034240638152395,0.0,0.0,0,0,0.8,0,0,54780,0,0
2015-01-07,5,6,9,0,11,0,4,-0.8660254037844384,-0.5000000000000004,1,1,1.9944430642395194,0.8802123996558062,0.880530303,0.0,0.0,7.273092595999522,1.3711807233098425,2.0794415416798357,0.0,0.0,0,0,0.8,1,0,45300,0,0
2015-01-07,5,6,9,1,23,0,4,-0.8660254037844384,-0.5000000000000004,1,1,1.7362450890344094,0.8502094936975773,0.850502311,4.330733340286331,7.1891677384203225,9.27058845232154,3.264231526588998,4.07753744390572,31.13436841368777,29.314100643927866,0,0,0.8,0,0,55920,0,0
2015-01-07,5,6,10,0,1,0,4,-0.8660254037844384,-0.5000000000000004,1,1,1.4220112788060004,0.8056535278496241,0.805909091,0.0,0.0,7.273092595999522,1.3711807233098425,2.0794415416798357,0.0,0.0,0,0,0.75,1,0,47490,0,0
2015-01-07,5,6,10,1,13,0,4,-0.8660254037844384,-0.5000000000000004,1,1,1.384728680511969,0.799749373433584,0.8,4.248495242049359,7.0431599159883405,9.262078567380597,3.3350575791576103,4.069026754237811,29.92283139206923,28.65880613253189,0,0,0.75,0,0,58020,0,0
2015-01-07,5,6,11,1,14,0,4,-0.8660254037844384,-0.5000000000000004,1,1,-0.35490593633050405,0.4121932520133667,0.412119835,3.713572066704308,6.343880434126331,9.200391041122515,3.4604092412940015,4.007333185232471,23.55845717468354,25.422042586821423,0,0,0.8,0,0,54960,0,1
2015-01-07,5,6,12,1,15,0,4,-0.8660254037844384,-0.5000000000000004,1,1,1.3862688631319777,0.7999959202907269,0.800246753,3.9318256327243257,0.0,8.643120748014027,2.4518667957098,3.449987545831587,0.0,0.0,0,0,0.8,0,0,35895,0,0
2015-01-08,6,7,1,0,0,0,5,-0.8660254037844386,0.5000000000000001,2,2,2.889308585807926,0.947315384481203,0.947689394,0.0,0.0,7.273092595999522,1.3711807233098425,2.0794415416798357,0.0,0.0,0,0,0.8,1,0,57720,0,0
2015-01-08,6,7,1,1,12,0,5,-0.8660254037844386,0.5000000000000001,2,2,1.7362450890344094,0.8502094936975773,0.850502311,4.330733340286331,0.0,9.27058845232154,3.264231526588998,4.07753744390572,0.0,0.0,0,0,0.8,0,0,68340,0,0
2015-01-08,6,7,2,0,4,0,5,-0.8660254037844386,0.5000000000000001,2,2,1.6249529996928707,0.8354770767719298,0.835757576,0.0,0.0,7.273092595999522,1.3711807233098425,2.0794415416798357,0.0,0.0,0,0,0.8,1,0,55020,0,0
2015-01-08,6,7,2,1,16,0,5,-0.8660254037844386,0.5000000000000001,2,2,1.3878338472468972,0.8002462040233919,0.800497246,4.1588830833596715,6.664409020350408,9.21542741102474,3.3350575791576103,4.069026754237811,27.71649793532491,27.117658604989607,0,0,0.8,0,0,65070,0,0
2015-01-08,6,7,3,0,5,0,5,-0.8660254037844386,0.5000000000000001,2,2,0.9073062905468938,0.7124486303659148,0.712626263,0.0,0.0,7.6783263565068856,1.423108334242607,2.4849066497880004,0.0,0.0,0,0,0.75,1,0,58140,0,1
2015-01-08,6,7,3,1,17,0,5,-0.8660254037844386,0.5000000000000001,2,2,1.386437952748211,0.8000229736708437,0.800273829,3.9318256327243257,0.0,9.200391041122515,2.9892110565637253,4.007333185232471,0.0,0.0,0,0,0.8,0,0,68040,0,0
2015-01-08,6,7,4,0,6,0,5,-0.8660254037844386,0.5000000000000001,2,2,2.436310821327864,0.9195546068337509,0.919905405,0.0,0.0,9.441531454869693,1.3711807233098425,2.995732273553991,0.0,0.0,0,0,0.8,1,0,93540,0,0
2015-01-08,6,7,4,1,18,0,5,-0.8660254037844386,0.5000000000000001,2,2,1.7337328364564997,0.8498892684444445,0.850181818,4.330733340286331,6.849066282633458,9.262078567380597,3.3350575791576103,4.069026754237811,29.661479700031677,27.86903394558365,0,0,0.8,0,0,104070,0,0
2015-01-08,6,7,5,0,7,0,5,-0.8660254037844386,0.5000000000000001,2,2,1.5237205733890078,0.8210857006950709,0.821354167,0.0,0.0,8.253488028345904,1.423108334242607,2.0794415416798357,0.0,0.0,0,0,0.7,1,0,51060,0,0
2015-01-08,6,7,5,1,19,0,5,-0.8660254037844386,0.5000000000000001,2,2,-1.1862630953594384,0.2339279442740184,0.233705476,0.0,6.586171654854675,9.236105579862208,3.747384183486499,4.04305126783455,0.0,26.62822965933617,0,0,0.7,0,0,61320,1,1
2015-01-08,6,7,6,1,20,0,5,-0.8660254037844386,0.5000000000000001,2,2,1.3848842364542486,0.7997742846048455,0.800024932,3.9318256327243257,6.021023349349527,9.591581091193483,2.4344901638739844,3.417726683613366,23.67361394020414,20.578212163731,0,0,0.8,0,0,49215,0,0
2015-01-08,6,7,7,0,9,0,5,-0.8660254037844386,0.5000000000000001,2,2,0.7579539249403462,0.6809093440066832,0.681060606,0.0,0.0,7.273092595999522,1.0647107369924282,2.0794415416798357,0.0,0.0,0,0,0.8,1,0,55740,0,1
2015-01-08,6,7,7,1,21,0,5,-0.8660254037844386,0.5000000000000001,2,2,1.7333800406535405,0.8498442540818714,0.850136766,4.110873864173311,6.957497370876951,9.227295812625597,3.254242968705492,4.034240638152395,28.601394101992586,28.068218633430245,0,0,0.8,0,0,65910,0,0
2015-01-08,6,7,8,0,10,0,5,-0.8660254037844386,0.5000000000000001,2,2,1.0241886850086197,0.7357877010927318,0.735984848,0.0,0.0,7.273092595999522,1.0647107369924282,2.0794415416798357,0.0,0.0,0,0,0.8,1,0,56220,0,1
2015-01-08,6,7,8,1,22,0,5,-0.8660254037844386,0.5000000000000001,2,2,1.7333800406535405,0.8498442540818714,0.850136766,4.110873864173311,6.934397209928558,9.227295812625597,3.254242968705492,4.034240638152395,28.50643225409164,27.975027025384374,0,0,0.8,0,0,66390,0,0
2015-01-08,6,7,9,0,11,0,5,-0.8660254037844386,0.5000000000000001,2,2,2.1050829162273805,0.8913962306265664,0.891723485,0.0,0.0,7.273092595999522,1.3711807233098425,2.0794415416798357,0.0,0.0,0,0,0.8,1,0,57360,0,0
2015-01-08,6,7,9,1,23,0,5,-0.8660254037844386,0.5000000000000001,2,2,2.1959071276799675,0.8998813670309106,0.900215716,4.48863636973214,7.104144092987527,9.27058845232154,3.264231526588998,4.07753744390572,31.887919551601556,28.96741354605828,0,0,0.8,0,0,67980,0,0
2015-01-08,6,7,10,0,1,0,5,-0.8660254037844386,0.5000000000000001,2,2,1.2630920221099216,0.7795579229172933,0.779791667,0.0,0.0,7.273092595999522,1.3711807233098425,2.0794415416798357,0.0,0.0,0,0,0.75,1,0,59460,0,0
2015-01-08,6,7,10,1,13,0,5,-0.8660254037844386,0.5000000000000001,2,2,1.384728680511969,0.799749373433584,0.8,4.248495242049359,6.9726062513017535,9.262078567380597,3.3350575791576103,4.069026754237811,29.62308448333912,28.371721383312643,0,0,0.75,0,0,69990,0,0
2015-01-08,6,7,11,0,2,0,5,-0.8660254037844386,0.5000000000000001,2,2,0.062392325626632036,0.5155930233550542,0.515606061,0.0,0.0,6.803505257608338,1.423108334242607,1.6094379124341003,0.0,0.0,0,0,0.8,1,0,55860,0,1
2015-01-08,6,7,11,1,14,0,5,-0.8660254037844386,0.5000000000000001,2,2,-0.618701894069268,0.35007674289390145,0.349951389,3.6635616461296463,0.0,10.162808729968926,2.5273273656719524,3.9889840465642745,0.0,0.0,0,0,0.35,0,0,81780,0,1
2015-01-08,6,7,12,1,15,0,5,-0.8660254037844386,0.5000000000000001,2,2,1.385397270830838,0.7998564269239765,0.800107143,4.1588830833596715,6.3080984415095305,9.623839785112668,2.4518667957098,3.449987545831587,26.234643896561494,21.762861061087523,0,0,0.8,0,0,51015,0,0
2015-01-10,7,9,1,0,0,0,0,0.0,1.0,2,2,4.15752641512825,0.984594820384294,0.985,0.0,0.0,7.6783263565068856,1.3711807233098425,2.0794415416798357,0.0,0.0,0,0,0.8,1,0,70500,0,0
2015-01-10,7,9,1,1,12,0,0,0.0,1.0,2,2,1.385459436523326,0.7998663786031747,0.800117103,4.1588830833596715,0.0,9.27058845232154,3.264231526588998,4.07753744390572,0.0,0.0,0,0,0.8,0,0,81120,0,0
2015-01-10,7,9,2,0,4,0,0,0.0,1.0,2,2,1.4950654960787069,0.8168373588203843,0.817102273,0.0,0.0,7.273092595999522,1.3711807233098425,2.0794415416798357,0.0,0.0,0,0,0.8,1,0,66510,0,0
2015-01-10,7,9,2,1,16,0,0,0.0,1.0,2,2,1.3884416368142438,0.8003433428036758,0.800594466,4.1588830833596715,6.620073206530356,9.24483841238375,3.3350575791576103,4.051784947803305,27.532110469241715,26.823112971575654,0,0,0.8,0,0,76860,0,0
2015-01-10,7,9,3,0,5,0,0,0.0,1.0,2,2,2.5863953755853317,0.9299808602305764,0.930340376,0.0,0.0,7.923348211930154,1.423108334242607,2.4849066497880004,0.0,0.0,0,0,0.75,1,0,70800,0,0
2015-01-10,7,9,3,1,17,0,0,0.0,1.0,2,2,1.0980225802076966,0.7498894133634085,0.750098351,3.828641396489095,6.98100574072173,8.865170419651774,2.9892110565637253,4.02535169073515,26.727767568055235,28.101003261446,0,0,0.75,0,0,77880,0,0
2015-01-10,7,9,4,0,6,0,0,0.0,1.0,2,2,2.328943071973701,0.9112458929189642,0.911589744,0.0,0.0,8.699681400989514,1.3711807233098425,2.995732273553991,0.0,0.0,0,0,0.8,1,0,110070,0,0
2015-01-10,7,9,4,1,18,0,0,0.0,1.0,2,2,1.3911559975056287,0.8007767274419383,0.801028213,4.1588830833596715,0.0,9.25349564229011,3.3350575791576103,4.060443010546419,0.0,0.0,0,0,0.8,0,0,120510,0,0
2015-01-10,7,9,5,0,7,0,0,0.0,1.0,2,2,-0.671733251497862,0.33810884549707604,0.337973485,0.0,0.0,7.273092595999522,1.423108334242607,2.0794415416798357,0.0,0.0,0,0,0.5,1,0,62760,0,1
2015-01-10,7,9,5,1,19,0,0,0.0,1.0,2,2,-0.4553000474686772,0.38810137372431075,0.388007813,0.0,6.874198495453294,8.946505025998682,3.0344721018699214,4.02535169073515,0.0,27.67106653612194,0,0,0.5,0,0,70440,0,1
2015-01-10,7,9,6,1,20,0,0,0.0,1.0,2,2,1.3868747887120865,0.8000928522439432,0.800343766,3.9318256327243257,6.78897174299217,8.610865667278873,2.4344901638739844,3.417726683613366,26.69305311893776,23.202849880321484,0,0,0.8,0,0,54705,0,0
2015-01-10,7,9,7,0,9,0,0,0.0,1.0,2,2,0.7078850867394777,0.6699336729891394,0.670075758,0.0,0.0,7.273092595999522,1.0647107369924282,2.0794415416798357,0.0,0.0,0,0,0.8,1,0,67350,0,1
2015-01-10,7,9,7,1,21,0,0,0.0,1.0,2,2,1.7333800406535405,0.8498442540818714,0.850136766,4.110873864173311,6.878326468291325,9.227295812625597,3.254242968705492,4.034240638152395,28.275932507750326,27.748824160860107,0,0,0.8,0,0,77520,0,0
2015-01-10,7,9,8,0,10,0,0,0.0,1.0,2,2,0.5269647258836027,0.6287749046750208,0.628882576,0.0,0.0,7.273092595999522,1.0647107369924282,2.0794415416798357,0.0,0.0,0,0,0.8,1,0,67830,0,1
2015-01-10,7,9,8,1,22,0,0,0.0,1.0,2,2,1.7333800406535405,0.8498442540818714,0.850136766,4.110873864173311,0.0,9.227295812625597,3.254242968705492,4.034240638152395,0.0,0.0,0,0,0.8,0,0,78000,0,0
2015-01-10,7,9,9,0,11,0,0,0.0,1.0,2,2,1.7975032680809833,0.8578447377142856,0.858143939,0.0,0.0,7.273092595999522,1.3711807233098425,2.0794415416798357,0.0,0.0,0,0,0.8,1,0,69420,0,0
2015-01-10,7,9,9,1,23,0,0,0.0,1.0,2,2,1.7415255534717693,0.8508807354586466,0.851174114,4.330733340286331,0.0,9.27058845232154,3.264231526588998,4.07753744390572,0.0,0.0,0,0,0.8,0,0,80040,0,0
2015-01-10,7,9,10,0,1,0,0,0.0,1.0,2,2,1.7086485111330396,0.84666090774269,0.846950758,0.0,0.0,7.273092595999522,1.3711807233098425,2.0794415416798357,0.0,0.0,0,0,0.8,1,0,71430,0,0
2015-01-10,7,9,10,1,13,0,0,0.0,1.0,2,2,1.384728680511969,0.799749373433584,0.8,4.1588830833596715,0.0,9.262078567380597,3.3350575791576103,4.069026754237811,0.0,0.0,0,0,0.8,0,0,81960,0,0
2015-01-10,7,9,11,0,2,0,0,0.0,1.0,2,2,1.4972171614750094,0.8171590588404344,0.817424242,0.0,0.0,7.273092595999522,1.423108334242607,2.0794415416798357,0.0,0.0,0,0,0.8,1,0,83220,0,0
2015-01-10,7,9,11,1,14,0,0,0.0,1.0,2,2,0.7222420933221455,0.6731005500985797,0.673245283,3.6635616461296463,0.0,9.163353580751846,2.5273273656719524,3.970291913552122,0.0,0.0,0,0,0.5,0,0,92760,0,0
2015-01-10,7,9,12,1,15,0,0,0.0,1.0,2,2,1.3868915243862074,0.8000955290058479,0.800346445,3.9318256327243257,6.795705775173515,8.45765547870004,2.4518667957098,3.449987545831587,26.71953015927996,23.44510028948442,0,0,0.8,0,0,55725,0,0
2015-01-11,8,10,1,0,0,0,1,0.8660254037844386,0.5000000000000001,2,2,1.9255541342395543,0.872756512675021,0.873068182,0.0,0.0,7.273092595999522,1.3711807233098425,2.0794415416798357,0.0,0.0,0,0,0.8,1,0,82560,0,0
2015-01-11,8,10,1,1,12,0,1,0.8660254037844386,0.5000000000000001,2,2,1.7362450890344094,0.8502094936975773,0.850502311,4.330733340286331,7.232733136177615,9.27058845232154,3.264231526588998,4.07753744390572,31.323038534238112,29.49174018454187,0,0,0.8,0,0,93180,0,0
2015-01-11,8,10,2,0,4,0,1,0.8660254037844386,0.5000000000000001,2,2,1.5201821518425678,0.8205653018111947,0.820833333,0.0,0.0,7.273092595999522,1.3711807233098425,2.0794415416798357,0.0,0.0,0,0,0.8,1,0,78300,0,0
2015-01-11,8,10,2,1,16,0,1,0.8660254037844386,0.5000000000000001,2,2,1.384728680511969,0.799749373433584,0.8,4.1588830833596715,0.0,9.262078567380597,3.3350575791576103,4.069026754237811,0.0,0.0,0,0,0.8,0,0,88830,0,0
2015-01-11,8,10,3,0,5,0,1,0.8660254037844386,0.5000000000000001,2,2,2.6654732033375703,0.9349582924979114,0.93532197,0.0,0.0,7.273092595999522,1.423108334242607,2.0794415416798357,0.0,0.0,0,0,0.75,1,0,79320,0,0
2015-01-11,8,10,3,1,17,0,1,0.8660254037844386,0.5000000000000001,2,2,0.8002311870798725,0.6900239321136173,0.690182815,0.0,6.950814768442584,8.76732914779405,2.9892110565637253,4.007333185232471,0.0,27.85423068598392,0,0,0.8,0,0,85740,0,1
2015-01-11,8,10,4,0,6,0,1,0.8660254037844386,0.5000000000000001,2,2,2.5164693343205053,0.925288346736842,0.925643939,0.0,0.0,8.188966863648876,1.3711807233098425,2.995732273553991,0.0,0.0,0,0,0.8,1,0,124110,0,0
2015-01-11,8,10,4,1,18,0,1,0.8660254037844386,0.5000000000000001,2,2,-0.10747437224551676,0.4731572397794486,0.473134796,0.0,6.333279628139691,9.25349564229011,3.9215772182329576,4.060443010546419,0.0,25.71592099991583,0,0,0.8,0,0,134550,1,1
2015-01-11,8,10,5,0,7,0,1,0.8660254037844386,0.5000000000000001,2,2,0.4433084345976818,0.6090470815104428,0.609138258,0.0,0.0,7.273092595999522,1.423108334242607,2.0794415416798357,0.0,0.0,0,0,0.5,1,0,71880,0,0
2015-01-11,8,10,5,1,19,0,1,0.8660254037844386,0.5000000000000001,2,2,-0.18848037157748093,0.4530189078496241,0.452979626,0.0,7.097548850614793,8.984818995876008,3.0344721018699214,4.04305126783455,0.0,28.69575387899579,0,0,0.6,0,0,79860,0,1
2015-01-11,8,10,6,0,8,0,1,0.8660254037844386,0.5000000000000001,2,2,0.3940910948631617,0.5972671579448623,0.597348485,0.0,0.0,7.273092595999522,1.0647107369924282,2.0794415416798357,0.0,0.0,0,0,0.8,1,0,56145,0,1
2015-01-11,8,10,6,1,20,0,1,0.8660254037844386,0.5000000000000001,2,2,1.3868747887120865,0.8000928522439432,0.800343766,3.9318256327243257,0.0,8.610865667278873,2.4344901638739844,3.417726683613366,0.0,0.0,0,0,0.8,0,0,61635,0,0
2015-01-11,8,10,7,0,9,0,1,0.8660254037844386,0.5000000000000001,2,2,0.36545401887574086,0.5903600541152881,0.590435606,0.0,0.0,7.273092595999522,1.0647107369924282,2.0794415416798357,0.0,0.0,0,0,0.8,1,0,78960,0,1
2015-01-11,8,10,7,1,21,0,1,0.8660254037844386,0.5000000000000001,2,2,1.7333800406535405,0.8498442540818714,0.850136766,3.828641396489095,6.920671504248683,9.227295812625597,3.254242968705492,4.034240638152395,26.496769412668964,27.919654225743308,0,0,0.8,0,0,89130,0,0
2015-01-11,8,10,8,0,10,0,1,0.8660254037844386,0.5000000000000001,2,2,0.6343279610804445,0.6534701654636591,0.653598485,0.0,0.0,7.273092595999522,1.0647107369924282,2.0794415416798357,0.0,0.0,0,0,0.8,1,0,79440,0,1
2015-01-11,8,10,8,1,22,0,1,0.8660254037844386,0.5000000000000001,2,2,1.7333800406535405,0.8498442540818714,0.850136766,4.110873864173311,7.098375638590786,9.227295812625597,3.254242968705492,4.034240638152395,29.180526890767403,28.63655546607391,0,0,0.8,0,0,89610,0,0
2015-01-11,8,10,9,0,11,0,1,0.8660254037844386,0.5000000000000001,2,2,1.7975032680809833,0.8578447377142856,0.858143939,0.0,0.0,7.273092595999522,1.3711807233098425,2.0794415416798357,0.0,0.0,0,0,0.8,1,0,81480,0,0
2015-01-11,8,10,9,1,23,0,1,0.8660254037844386,0.5000000000000001,2,2,2.1959071276799675,0.8998813670309106,0.900215716,4.48863636973214,6.999422467507961,9.27058845232154,3.264231526588998,4.07753744390572,31.41786225477651,28.540407196978677,0,0,0.8,0,0,92100,0,0
2015-01-11,8,10,10,0,1,0,1,0.8660254037844386,0.5000000000000001,2,2,1.5716674728289972,0.8280211897911445,0.828295455,0.0,0.0,7.273092595999522,1.3711807233098425,2.0794415416798357,0.0,0.0,0,0,0.8,1,0,83400,0,0
2015-01-11,8,10,10,1,13,0,1,0.8660254037844386,0.5000000000000001,2,2,1.384728680511969,0.799749373433584,0.8,3.6635616461296463,6.637258031284457,9.262078567380597,3.3350575791576103,4.069026754237811,24.3160039588797,27.007180504076235,0,0,0.8,0,0,93930,0,0
2015-01-11,8,10,11,0,2,0,1,0.8660254037844386,0.5000000000000001,2,2,0.6989128697413706,0.6679466973400168,0.668087121,0.0,0.0,7.273092595999522,1.423108334242607,2.0794415416798357,0.0,0.0,0,0,0.8,1,0,94200,0,1
2015-01-11,8,10,11,1,14,0,1,0.8660254037844386,0.5000000000000001,2,2,0.40607394432959726,0.6001461117928153,0.600229846,3.4339872044851463,0.0,9.163353580751846,2.5273273656719524,3.970291913552122,0.0,0.0,0,0,0.6,0,0,103740,0,0
2015-01-11,8,10,12,1,15,0,1,0.8660254037844386,0.5000000000000001,2,2,1.3862688631319777,0.7999959202907269,0.800246753,3.9318256327243257,0.0,8.643120748014027,2.4518667957098,3.449987545831587,0.0,0.0,0,0,0.8,0,0,61395,0,0
2015-01-12,9,11,1,0,0,0,2,0.8660254037844387,-0.4999999999999998,2,2,3.0497393334095966,0.9547712714619883,0.955151515,0.0,0.0,7.273092595999522,1.3711807233098425,2.0794415416798357,0.0,0.0,0,0,0.8,1,0,94620,0,0
2015-01-12,9,11,1,1,12,0,2,0.8660254037844387,-0.4999999999999998,2,2,1.7364008799930384,0.8502293331094404,0.850522167,4.330733340286331,0.0,9.014447135152134,3.264231526588998,4.07753744390572,0.0,0.0,0,0,0.8,0,0,102840,0,0
2015-01-12,9,11,2,0,4,0,2,0.8660254037844387,-0.4999999999999998,2,2,1.9944430642395194,0.8802123996558062,0.880530303,0.0,0.0,7.273092595999522,1.3711807233098425,2.0794415416798357,0.0,0.0,0,0,0.8,1,0,90270,0,0
2015-01-12,9,11,2,1,16,0,2,0.8660254037844387,-0.4999999999999998,2,2,1.384728680511969,0.799749373433584,0.8,4.1588830833596715,6.6039438246004725,9.262078567380597,3.3350575791576103,4.069026754237811,27.465030255588474,26.871624105782896,0,0,0.8,0,0,100800,0,0
2015-01-12,9,11,3,0,5,0,2,0.8660254037844387,-0.4999999999999998,2,2,2.255405916479864,0.9051158193984963,0.905454545,0.0,0.0,7.496097345175956,1.423108334242607,2.302585092994046,0.0,0.0,0,0,0.8,1,0,87540,0,0
2015-01-12,9,11,3,1,17,0,2,0.8660254037844387,-0.4999999999999998,2,2,1.386437952748211,0.8000229736708437,0.800273829,0.0,0.0,9.200391041122515,2.9892110565637253,4.007333185232471,0.0,0.0,0,0,0.8,0,0,97440,0,0
2015-01-12,9,11,4,0,6,0,2,0.8660254037844387,-0.4999999999999998,2,2,2.7847173540846124,0.9418443699081035,0.942213805,0.0,0.0,8.083637203141548,1.4586150226995167,2.8903717578961645,0.0,0.0,0,0,0.35,1,0,137790,0,0
2015-01-12,9,11,4,1,18,0,2,0.8660254037844387,-0.4999999999999998,2,2,-0.6157099919221372,0.35075777446950707,0.35063299,0.0,6.366470447731438,8.902591637374087,3.109060958860994,3.9415818076696905,0.0,25.093964095844946,0,0,0.35,0,0,145140,0,0
2015-01-12,9,11,5,0,7,0,2,0.8660254037844387,-0.4999999999999998,2,2,1.4455055970903106,0.8093057771294904,0.809564394,0.0,0.0,7.273092595999522,1.423108334242607,2.0794415416798357,0.0,0.0,0,0,0.65,1,0,81300,0,0
2015-01-12,9,11,5,1,19,0,2,0.8660254037844387,-0.4999999999999998,2,2,0.6186675176790828,0.6499154356457811,0.650040783,0.0,7.040536390215956,9.0432226489245,3.0344721018699214,4.07753744390572,0.0,28.708050756286372,0,0,0.65,0,0,89760,0,0
2015-01-12,9,11,6,0,8,0,2,0.8660254037844387,-0.4999999999999998,2,2,1.4972171614750094,0.8171590588404344,0.817424242,0.0,0.0,7.273092595999522,1.0647107369924282,2.0794415416798357,0.0,0.0,0,0,0.8,1,0,63075,0,0
2015-01-12,9,11,6,1,20,0,2,0.8660254037844387,-0.4999999999999998,2,2,1.3858634139528563,0.7999310395388471,0.800181818,3.9318256327243257,6.738152494595957,8.643120748014027,2.4344901638739844,3.449987545831587,26.493240695457743,23.246542188270094,0,0,0.8,0,0,68745,0,0
2015-01-12,9,11,7,0,9,0,2,0.8660254037844387,-0.4999999999999998,2,2,0.6101820540623756,0.6479823299548872,0.648106061,0.0,0.0,7.273092595999522,1.0647107369924282,2.0794415416798357,0.0,0.0,0,0,0.8,1,0,90570,0,1
2015-01-12,9,11,7,1,21,0,2,0.8660254037844387,-0.4999999999999998,2,2,1.7333800406535405,0.8498442540818714,0.850136766,4.110873864173311,6.939253946041508,9.227295812625597,3.254242968705492,4.034240638152395,28.526397683643555,27.99462026758002,0,0,0.8,0,0,100740,0,0
2015-01-12,9,11,8,0,10,0,2,0.8660254037844387,-0.4999999999999998,2,2,0.9684579612091796,0.724812030075188,0.725,0.0,0.0,7.273092595999522,1.0647107369924282,2.0794415416798357,0.0,0.0,0,0,0.8,1,0,91050,0,1
2015-01-12,9,11,8,1,22,0,2,0.8660254037844387,-0.4999999999999998,2,2,1.7333800406535405,0.8498442540818714,0.850136766,4.110873864173311,0.0,9.227295812625597,3.254242968705492,4.034240638152395,0.0,0.0,0,0,0.8,0,0,101220,0,0
2015-01-12,9,11,9,0,11,0,2,0.8660254037844387,-0.4999999999999998,2,2,1.7975032680809833,0.8578447377142856,0.858143939,0.0,0.0,7.273092595999522,1.3711807233098425,2.0794415416798357,0.0,0.0,0,0,0.8,1,0,93540,0,0
2015-01-12,9,11,9,1,23,0,2,0.8660254037844387,-0.4999999999999998,2,2,1.7362450890344094,0.8502094936975773,0.850502311,4.330733340286331,0.0,9.27058845232154,3.264231526588998,4.07753744390572,0.0,0.0,0,0,0.8,0,0,104160,0,0
2015-01-12,9,11,10,0,1,0,2,0.8660254037844387,-0.4999999999999998,2,2,-1.117571687707838,0.24646198830409355,0.24625,0.0,0.0,7.273092595999522,1.3711807233098425,2.0794415416798357,0.0,0.0,0,0,0.8,1,0,95370,0,1
2015-01-12,9,11,10,1,13,0,2,0.8660254037844387,-0.4999999999999998,2,2,0.7926498896910843,0.6884000298913951,0.688557555,3.828641396489095,5.945420608606575,8.843759381917984,3.9215772182329576,4.069026754237811,22.762883461650524,24.192075521617003,0,0,0.8,0,0,102300,1,1
2015-01-12,9,11,11,0,2,0,2,0.8660254037844387,-0.4999999999999998,2,2,0.5773621450584867,0.6404602103525481,0.640577652,0.0,0.0,7.273092595999522,1.423108334242607,2.0794415416798357,0.0,0.0,0,0,0.8,1,0,105180,0,1
2015-01-12,9,11,11,1,14,0,2,0.8660254037844387,-0.4999999999999998,2,2,0.6184030623121491,0.6498552629573935,0.64998056,3.8066624897703196,6.912742820493176,9.163353580751846,2.5273273656719524,3.970291913552122,26.314478796200454,27.445606920669544,0,0,0.65,0,0,114720,0,1
2015-01-12,9,11,12,1,15,0,2,0.8660254037844387,-0.4999999999999998,2,2,1.3852064628435525,0.79982587946533,0.80007657,3.9318256327243257,0.0,8.405367376233981,2.4518667957098,3.449987545831587,0.0,0.0,0,0,0.8,0,0,65865,0,0
2015-01-13,10,12,1,0,0,0,3,1.2246467991473532e-16,-1.0,2,2,2.966623970052504,0.9510433284711781,0.951420455,0.0,0.0,7.273092595999522,1.3711807233098425,0.6931471805599453,0.0,0.0,0,0,0.8,1,0,104280,0,0
2015-01-13,10,12,1,1,12,0,3,1.2246467991473532e-16,-1.0,2,2,1.7362450890344094,0.8502094936975773,0.850502311,4.330733340286331,0.0,9.27058845232154,3.264231526588998,4.07753744390572,0.0,0.0,0,0,0.8,0,0,114900,0,0
2015-01-13,10,12,2,0,4,0,3,1.2246467991473532e-16,-1.0,2,2,1.4220112788060004,0.8056535278496241,0.805909091,0.0,0.0,7.273092595999522,1.3711807233098425,2.0794415416798357,0.0,0.0,0,0,0.8,1,0,102240,0,0
2015-01-13,10,12,2,1,16,0,3,1.2246467991473532e-16,-1.0,2,2,1.384728680511969,0.799749373433584,0.8,3.9318256327243257,0.0,9.262078567380597,3.3350575791576103,4.069026754237811,0.0,0.0,0,0,0.8,0,0,112770,0,0
2015-01-13,10,12,3,0,5,0,3,1.2246467991473532e-16,-1.0,2,2,2.2075717896206184,0.9009274024193817,0.901262626,0.0,0.0,7.390798521735676,1.423108334242607,2.1972245773362196,0.0,0.0,0,0,0.8,1,0,99060,0,0
2015-01-13,10,12,3,1,17,0,3,1.2246467991473532e-16,-1.0,2,2,0.8731698082522716,0.7054048408220551,0.705576584,4.007333185232471,6.144185634125646,9.200391041122515,3.7440776145786985,4.007333185232471,24.621798987860313,24.621798987860313,0,0,0.8,0,0,108960,0,1
2015-01-13,10,12,4,0,6,0,3,1.2246467991473532e-16,-1.0,2,2,2.979569727621808,0.9516425744294069,0.952020202,0.0,0.0,7.6783263565068856,1.4586150226995167,2.4849066497880004,0.0,0.0,0,0,0.35,1,0,147300,0,0
2015-01-13,10,12,4,1,18,0,3,1.2246467991473532e-16,-1.0,2,2,0.0015219237824850038,0.5003804808721805,0.500380799,3.1780538303479458,0.0,9.227295812625597,3.109060958860994,4.034240638152395,0.0,0.0,0,0,0.5,0,0,157470,0,0
2015-01-13,10,12,5,0,7,0,3,1.2246467991473532e-16,-1.0,2,2,1.5237205733890078,0.8210857006950709,0.821354167,0.0,0.0,7.273092595999522,1.423108334242607,2.0794415416798357,0.0,0.0,0,0,0.65,1,0,91200,0,0
2015-01-13,10,12,5,1,19,0,3,1.2246467991473532e-16,-1.0,2,2,0.10725448712173691,0.5267879470509608,0.526810345,0.0,7.168579897264035,9.25349564229011,3.0344721018699214,4.060443010546419,0.0,29.10761013938932,0,0,0.7,0,0,101640,0,1
2015-01-13,10,12,6,1,20,0,3,1.2246467991473532e-16,-1.0,2,2,1.3862688631319777,0.7999959202907269,0.800246753,3.9318256327243257,0.0,8.643120748014027,2.4518667957098,3.449987545831587,0.0,0.0,0,0,0.8,0,0,74415,0,0
2015-01-13,10,12,7,0,9,0,3,1.2246467991473532e-16,-1.0,2,2,0.7078850867394777,0.6699336729891394,0.670075758,0.0,0.0,7.273092595999522,1.0647107369924282,2.0794415416798357,0.0,0.0,0,0,0.8,1,0,102180,0,1
2015-01-13,10,12,7,1,21,0,3,1.2246467991473532e-16,-1.0,2,2,1.7333800406535405,0.8498442540818714,0.850136766,4.110873864173311,0.0,9.227295812625597,3.254242968705492,4.034240638152395,0.0,0.0,0,0,0.8,0,0,112350,0,0
2015-01-13,10,12,8,0,10,0,3,1.2246467991473532e-16,-1.0,2,2,0.7579539249403462,0.6809093440066832,0.681060606,0.0,0.0,7.273092595999522,1.0647107369924282,2.0794415416798357,0.0,0.0,0,0,0.8,1,0,102660,0,1
2015-01-13,10,12,8,1,22,0,3,1.2246467991473532e-16,-1.0,2,2,1.734286708595908,0.849959916374269,0.850252525,4.110873864173311,0.0,9.236105579862208,3.254242968705492,4.04305126783455,0.0,0.0,0,0,0.8,0,0,112920,0,0
2015-01-13,10,12,9,0,11,0,3,1.2246467991473532e-16,-1.0,2,2,1.7975032680809833,0.8578447377142856,0.858143939,0.0,0.0,7.273092595999522,1.3711807233098425,2.0794415416798357,0.0,0.0,0,0,0.8,1,0,105600,0,0
2015-01-13,10,12,9,1,23,0,3,1.2246467991473532e-16,-1.0,2,2,1.7362450890344094,0.8502094936975773,0.850502311,4.330733340286331,7.053585727193677,9.27058845232154,3.264231526588998,4.07753744390572,30.54719887732546,28.76125991643117,0,0,0.8,0,0,116220,0,0
2015-01-13,10,12,10,0,1,0,3,1.2246467991473532e-16,-1.0,2,2,2.3435706837455608,0.9124218326917293,0.912766667,0.0,0.0,8.594339400592892,1.3711807233098425,2.995732273553991,0.0,0.0,0,0,0.8,1,0,107700,0,0
2015-01-13,10,12,10,1,13,0,3,1.2246467991473532e-16,-1.0,2,2,-0.6175818091188712,0.35033163077694235,0.35020649,3.1780538303479458,6.573680166960646,9.227295812625597,3.109060958860994,4.034240638152395,20.891509434091603,26.519807671769062,0,0,0.35,0,0,117870,0,0
2015-01-13,10,12,11,0,2,0,3,1.2246467991473532e-16,-1.0,2,2,0.41044175550735484,0.6011937988003341,0.601278409,0.0,0.0,7.273092595999522,1.423108334242607,2.0794415416798357,0.0,0.0,0,0,0.8,1,0,116160,0,1
2015-01-13,10,12,11,1,14,0,3,1.2246467991473532e-16,-1.0,2,2,0.33194386123740927,0.5822322729189641,0.582301029,3.6375861597263857,6.274762021241939,9.163353580751846,3.3006401266708405,3.970291913552122,22.82498748404644,24.91263691240084,0,0,0.7,0,0,125700,0,1
2015-01-13,10,12,12,1,15,0,3,1.2246467991473532e-16,-1.0,2,2,1.3862688631319777,0.7999959202907269,0.800246753,3.9318256327243257,0.0,8.643120748014027,2.4518667957098,3.449987545831587,0.0,0.0,0,0,0.8,0,0,71535,0,0
2015-01-14,11,13,1,0,0,0,4,-0.8660254037844384,-0.5000000000000004,2,2,2.1050829162273805,0.8913962306265664,0.891723485,0.0,0.0,7.273092595999522,1.3711807233098425,2.0794415416798357,0.0,0.0,0,0,0.8,1,0,116340,0,0
2015-01-14,11,13,1,1,12,0,4,-0.8660254037844384,-0.5000000000000004,2,2,1.385459436523326,0.7998663786031747,0.800117103,4.1588830833596715,0.0,9.27058845232154,3.264231526588998,4.07753744390572,0.0,0.0,0,0,0.8,0,0,126960,0,0
2015-01-14,11,13,2,0,4,0,4,-0.8660254037844384,-0.5000000000000004,2,2,-1.1118448326364527,0.2475271147301587,0.247316017,0.0,0.0,7.139660335964919,1.3711807233098425,2.0794415416798357,0.0,0.0,0,0,0.8,1,0,114030,0,1
2015-01-14,11,13,2,1,16,0,4,-0.8660254037844384,-0.5000000000000004,2,2,-0.7937446551793435,0.3113651854168755,0.311207464,3.332204510175204,0.0,8.357259153499912,3.9322177127136655,4.04305126783455,0.0,0.0,0,0,0.8,0,0,118290,1,1
2015-01-14,11,13,3,0,5,0,4,-0.8660254037844384,-0.5000000000000004,2,2,1.5201821518425678,0.8205653018111947,0.820833333,0.0,0.0,7.273092595999522,1.423108334242607,1.9459101490553132,0.0,0.0,0,0,0.8,1,0,110400,0,0
2015-01-14,11,13,4,0,6,0,4,-0.8660254037844384,-0.5000000000000004,2,2,2.2863459828213335,0.9077398883609022,0.908080808,0.0,0.0,7.901377353792616,1.4586150226995167,2.0794415416798357,0.0,0.0,0,0,0.35,1,0,160170,0,0
2015-01-14,11,13,4,1,18,0,4,-0.8660254037844384,-0.5000000000000004,2,2,0.4066562291399024,0.6002858349674185,0.600369686,3.1780538303479458,6.705639094860003,8.537191877922927,3.109060958860994,4.04305126783455,21.310882010350763,27.11124264411466,0,0,0.6,0,0,165270,0,0
2015-01-14,11,13,5,0,7,0,4,-0.8660254037844384,-0.5000000000000004,2,2,1.8512922120070192,0.8642787521035923,0.864583333,0.0,0.0,7.273092595999522,1.423108334242607,2.70805020110221,0.0,0.0,0,0,0.65,1,0,103080,0,0
2015-01-14,11,13,5,1,19,0,4,-0.8660254037844384,-0.5000000000000004,2,2,0.8469569254755109,0.6999283987869674,0.700095563,0.0,0.0,8.898502209646642,3.0344721018699214,4.060443010546419,0.0,0.0,0,0,0.7,0,0,110400,0,0
2015-01-14,11,13,6,1,20,0,4,-0.8660254037844384,-0.5000000000000004,2,2,1.3862688631319777,0.7999959202907269,0.800246753,3.6635616461296463,0.0,8.643120748014027,2.4518667957098,3.449987545831587,0.0,0.0,0,0,0.8,0,0,80085,0,0
2015-01-14,11,13,7,0,9,0,4,-0.8660254037844384,-0.5000000000000004,2,2,1.6383673718803453,0.8373126630008354,0.837594697,0.0,0.0,7.273092595999522,1.0647107369924282,2.0794415416798357,0.0,0.0,0,0,0.8,1,0,113790,0,0
2015-01-14,11,13,7,1,21,0,4,-0.8660254037844384,-0.5000000000000004,2,2,2.1951210287553202,0.8998105212664996,0.900144811,4.2626798770413155,0.0,9.227295812625597,3.254242968705492,4.034240638152395,0.0,0.0,0,0,0.8,0,0,123960,0,0
2015-01-14,11,13,8,0,10,0,4,-0.8660254037844384,-0.5000000000000004,2,2,0.695501999540226,0.6671897542355889,0.667329545,0.0,0.0,7.273092595999522,1.0647107369924282,2.0794415416798357,0.0,0.0,0,0,0.8,1,0,114360,0,1
2015-01-14,11,13,8,1,22,0,4,-0.8660254037844384,-0.5000000000000004,2,2,1.7333800406535405,0.8498442540818714,0.850136766,4.110873864173311,7.105786129481271,9.227295812625597,3.254242968705492,4.034240638152395,29.21099048408979,28.666451169572962,0,0,0.8,0,0,124530,0,0
2015-01-14,11,13,9,0,11,0,4,-0.8660254037844384,-0.5000000000000004,2,2,1.7975032680809833,0.8578447377142856,0.858143939,0.0,0.0,7.273092595999522,1.3711807233098425,2.0794415416798357,0.0,0.0,0,0,0.8,1,0,117660,0,0
2015-01-14,11,13,9,1,23,0,4,-0.8660254037844384,-0.5000000000000004,2,2,1.7362450890344094,0.8502094936975773,0.850502311,4.330733340286331,7.117205503164344,9.27058845232154,3.264231526588998,4.07753744390572,30.822719162223176,29.02067193512446,0,0,0.8,0,0,128280,0,0
2015-01-14,11,13,10,0,1,0,4,-0.8660254037844384,-0.5000000000000004,2,2,-0.6969024241372159,0.33249935770426065,0.332359307,0.0,0.0,7.139660335964919,1.3711807233098425,2.0794415416798357,0.0,0.0,0,0,0.8,1,0,119130,0,1
2015-01-14,11,13,10,1,13,0,4,-0.8660254037844384,-0.5000000000000004,2,2,-7.859828241301806e-05,0.49998035042940686,0.499980334,3.1780538303479458,6.854354502255021,8.128880142125638,3.109060958860994,4.034240638152395,21.78350758045426,27.652115481300044,0,0,0.5,0,0,122520,0,1
2015-01-14,11,13,11,0,2,0,4,-0.8660254037844384,-0.5000000000000004,2,2,2.653792542796004,0.934244357433584,0.934607438,0.0,0.0,7.591357046698551,1.423108334242607,1.9459101490553132,0.0,0.0,0,0,0.8,1,0,127680,0,0
2015-01-14,11,13,11,1,14,0,4,-0.8660254037844384,-0.5000000000000004,2,2,-0.6183512038888339,0.35015653717627404,0.35003125,3.1780538303479458,6.732210706467206,8.881975184248867,2.681706225762608,4.007333185232471,21.395328022397553,26.978211374003372,0,0,0.35,0,0,134880,0,0
2015-01-14,11,13,12,1,15,0,4,-0.8660254037844384,-0.5000000000000004,2,2,1.3866853106269175,0.8000625445847953,0.800313433,3.9318256327243257,0.0,7.9966538754626075,2.4518667957098,3.449987545831587,0.0,0.0,0,0,0.8,0,0,74505,0,0
2015-01-15,12,14,1,0,0,0,5,-0.8660254037844386,0.5000000000000001,3,3,2.030285237970897,0.8839403436457811,0.884261364,0.0,0.0,7.273092595999522,1.3711807233098425,2.0794415416798357,0.0,0.0,0,0,0.8,1,0,128400,0,0
2015-01-15,12,14,1,1,12,0,5,-0.8660254037844386,0.5000000000000001,3,3,1.7362450890344094,0.8502094936975773,0.850502311,4.330733340286331,7.057036981697891,9.27058845232154,3.264231526588998,4.07753744390572,30.562145340272675,28.775332535900553,0,0,0.8,0,0,139020,0,0
2015-01-15,12,14,2,1,16,0,5,-0.8660254037844386,0.5000000000000001,3,3,-4.444284043455081e-06,0.49999888892898914,0.499998888,3.1780538303479458,0.0,9.19125948416339,3.1328821117012247,3.9982007016691985,0.0,0.0,0,0,0.5,0,0,128100,0,1
2015-01-15,12,14,3,1,17,0,5,-0.8660254037844386,0.5000000000000001,3,3,0.665741944521993,0.6605490546599833,0.660683293,3.4339872044851463,7.005789019253503,9.227295812625597,3.1144038032714896,4.034240638152395,24.05778984943907,28.263038763794295,0,0,0.5,0,0,120570,0,0
2015-01-15,12,14,4,0,6,0,5,-0.8660254037844386,0.5000000000000001,3,3,4.430202201906168,0.9882281464862155,0.988636364,0.0,0.0,8.188966863648876,1.4586150226995167,2.995732273553991,0.0,0.0,0,0,0.35,1,0,168870,0,0
2015-01-15,12,14,4,1,18,0,5,-0.8660254037844386,0.5000000000000001,3,3,0.6190635131832938,0.6500055293166249,0.650130952,3.295836866004329,0.0,9.218407743053941,3.1144038032714896,4.02535169073515,0.0,0.0,0,0,0.65,0,0,178950,0,0
2015-01-15,12,14,5,0,7,0,5,-0.8660254037844386,0.5000000000000001,3,3,1.8182175629992918,0.8603521112481203,0.860653409,0.0,0.0,7.273092595999522,1.423108334242607,2.0794415416798357,0.0,0.0,0,0,0.65,1,0,111840,0,0
2015-01-15,12,14,5,1,19,0,5,-0.8660254037844386,0.5000000000000001,3,3,0.8467893892751054,0.6998932102088554,0.700060345,0.0,5.971261839790462,9.25349564229011,3.0344721018699214,4.060443010546419,0.0,24.245968401519733,0,0,0.7,0,0,122280,0,0
2015-01-15,12,14,6,1,20,0,5,-0.8660254037844386,0.5000000000000001,3,3,1.3849245316273653,0.7997807372096909,0.80003139,3.6635616461296463,0.0,8.507344855361422,2.4518667957098,3.449987545831587,0.0,0.0,0,0,0.8,0,0,85035,0,0
2015-01-15,12,14,7,0,9,0,5,-0.8660254037844386,0.5000000000000001,3,3,0.7961069153748268,0.6891410972698413,0.689299242,0.0,0.0,7.273092595999522,1.0647107369924282,2.0794415416798357,0.0,0.0,0,0,0.8,1,0,125400,0,1
2015-01-15,12,14,7,1,21,0,5,-0.8660254037844386,0.5000000000000001,3,3,1.7333800406535405,0.8498442540818714,0.850136766,4.110873864173311,0.0,9.227295812625597,3.254242968705492,4.034240638152395,0.0,0.0,0,0,0.8,0,0,135570,0,0
2015-01-15,12,14,8,0,10,0,5,-0.8660254037844386,0.5000000000000001,3,3,0.43397961236778815,0.6068235616407687,0.606912879,0.0,0.0,7.273092595999522,1.0647107369924282,2.0794415416798357,0.0,0.0,0,0,0.8,1,0,125970,0,1
2015-01-15,12,14,8,1,22,0,5,-0.8660254037844386,0.5000000000000001,3,3,1.7355651698167778,0.8501228831144528,0.850415628,4.110873864173311,7.071573364211532,9.101752431559284,3.254242968705492,4.034240638152395,29.070346121521325,28.528428641578213,0,0,0.8,0,0,134940,0,0
2015-01-15,12,14,9,0,11,0,5,-0.8660254037844386,0.5000000000000001,3,3,1.7975032680809833,0.8578447377142856,0.858143939,0.0,0.0,7.273092595999522,1.3711807233098425,2.0794415416798357,0.0,0.0,0,0,0.8,1,0,129720,0,0
2015-01-15,12,14,9,1,23,0,5,-0.8660254037844386,0.5000000000000001,3,3,1.385459436523326,0.7998663786031747,0.800117103,4.1588830833596715,7.222566018822171,9.27058845232154,3.264231526588998,4.07753744390572,30.037807634127937,29.450283382828466,0,0,0.8,0,0,140340,0,0
2015-01-15,12,14,10,0,1,0,5,-0.8660254037844386,0.5000000000000001,3,3,3.003489231291409,0.9527315099482039,0.953110048,0.0,0.0,8.137688184977605,1.3711807233098425,2.9444389791664403,0.0,0.0,0,0,0.8,1,0,125940,0,0
2015-01-15,12,14,10,1,13,0,5,-0.8660254037844386,0.5000000000000001,3,3,0.40633177102742296,0.6002079810626566,0.600291767,3.1780538303479458,6.981934677156389,9.227295812625597,3.1144038032714896,4.034240638152395,22.18896424397601,28.16680460750973,0,0,0.6,0,0,136110,0,0
2015-01-15,12,14,11,1,14,0,5,-0.8660254037844386,0.5000000000000001,3,3,0.00010019222731815623,0.5000250480568086,0.500025069,3.4339872044851463,6.822197390620491,9.200391041122515,2.7006898466959175,4.007333185232471,23.427338545862717,27.338817999639865,0,0,0.5,0,0,144780,0,0
2015-01-15,12,14,12,1,15,0,5,-0.8660254037844386,0.5000000000000001,3,3,1.3849245316273653,0.7997807372096909,0.80003139,3.9318256327243257,0.0,8.507344855361422,2.4518667957098,3.449987545831587,0.0,0.0,0,0,0.8,0,0,79455,0,0
2015-01-17,13,16,1,0,0,0,0,0.0,1.0,3,3,2.030285237970897,0.8839403436457811,0.884261364,0.0,0.0,7.273092595999522,1.3711807233098425,2.0794415416798357,0.0,0.0,0,0,0.8,1,0,140460,0,0
2015-01-17,13,16,1,1,12,0,0,0.0,1.0,3,3,1.385459436523326,0.7998663786031747,0.800117103,4.1588830833596715,5.147494476813453,9.27058845232154,3.8852682681193262,4.07753744390572,21.40782770130681,20.989101471504735,0,0,0.8,0,0,151080,0,0
2015-01-17,13,16,2,0,4,0,0,0.0,1.0,3,3,3.9180315726035895,0.9805073290192147,0.980909091,0.0,0.0,7.496097345175956,1.3711807233098425,2.302585092994046,0.0,0.0,0,0,0.8,1,0,129900,0,0
2015-01-17,13,16,2,1,16,0,0,0.0,1.0,3,3,1.2076807139798316,0.7698883208688387,0.77011398,3.1780538303479458,6.763884908562435,8.790421306897867,3.1328821117012247,4.034240638152395,21.495990341689513,27.287139369908274,0,0,0.6,0,0,136470,0,0
2015-01-17,13,16,3,1,17,0,0,0.0,1.0,3,3,0.40633177102742296,0.6002079810626566,0.600291767,3.4339872044851463,7.039660349862076,9.227295812625597,3.1144038032714896,4.034240638152395,24.174103565347796,28.399683862203695,0,0,0.6,0,0,130740,0,0
2015-01-17,13,16,4,1,18,0,0,0.0,1.0,3,3,0.8490802249224684,0.7003741630743526,0.7005417,3.9318256327243257,0.0,9.227295812625597,3.1144038032714896,4.034240638152395,0.0,0.0,0,0,0.7,0,0,189120,0,0
2015-01-17,13,16,5,0,7,0,0,0.0,1.0,3,3,4.313479679235759,0.9867899549874686,0.98719697,0.0,0.0,7.901377353792616,1.423108334242607,2.70805020110221,0.0,0.0,0,0,0.65,1,0,124980,0,0
2015-01-17,13,16,5,1,19,0,0,0.0,1.0,3,3,-0.19238063602731686,0.4520526287752715,0.452012539,3.091042453358316,0.0,9.25349564229011,3.718195508447989,4.060443010546419,0.0,0.0,0,0,0.7,0,0,135420,0,1
2015-01-17,13,16,6,0,8,0,0,0.0,1.0,3,3,-0.13706947164158034,0.4657861828705096,0.465757576,0.0,0.0,6.803505257608338,1.0647107369924282,1.6094379124341003,0.0,0.0,0,0,0.8,1,0,85935,0,1
2015-01-17,13,16,6,1,20,0,0,0.0,1.0,3,3,1.3868747887120865,0.8000928522439432,0.800343766,4.1588830833596715,0.0,8.610865667278873,2.4344901638739844,3.417726683613366,0.0,0.0,0,0,0.8,0,0,91425,0,0
2015-01-17,13,16,7,0,9,0,0,0.0,1.0,3,3,0.6708877766086994,0.661701918726817,0.661837121,0.0,0.0,7.273092595999522,1.0647107369924282,2.0794415416798357,0.0,0.0,0,0,0.8,1,0,137010,0,1
2015-01-17,13,16,7,1,21,0,0,0.0,1.0,3,3,1.3855319536101698,0.7998779868972431,0.800128721,3.9318256327243257,7.242082359256962,9.227295812625597,3.254242968705492,4.034240638152395,28.474605054427183,29.216302958561013,0,0,0.8,0,0,147180,0,0
2015-01-17,13,16,8,0,10,0,0,0.0,1.0,3,3,0.7328095616754575,0.6754215084979114,0.675568182,0.0,0.0,7.273092595999522,1.0647107369924282,2.0794415416798357,0.0,0.0,0,0,0.8,1,0,136380,0,1
2015-01-17,13,16,8,1,22,0,0,0.0,1.0,3,3,1.3855319536101698,0.7998779868972431,0.800128721,3.9318256327243257,7.164720378771857,9.227295812625597,3.254242968705492,4.034240638152395,28.17043123655753,28.90420611304005,0,0,0.8,0,0,146550,0,0
2015-01-17,13,16,9,0,11,0,0,0.0,1.0,3,3,1.5612316213443047,0.8265300115956558,0.82680303,0.0,0.0,7.496097345175956,1.3711807233098425,2.302585092994046,0.0,0.0,0,0,0.8,1,0,142140,0,0
2015-01-17,13,16,9,1,23,0,0,0.0,1.0,3,3,1.385459436523326,0.7998663786031747,0.800117103,4.1588830833596715,7.029087564149662,9.27058845232154,3.264231526588998,4.07753744390572,29.233153361995868,28.661367739312293,0,0,0.8,0,0,152760,0,0
2015-01-17,13,16,10,0,1,0,0,0.0,1.0,3,3,3.632225427666515,0.9742247030509608,0.974621212,0.0,0.0,7.273092595999522,1.3711807233098425,2.0794415416798357,0.0,0.0,0,0,0.8,1,0,137550,0,0
2015-01-17,13,16,10,1,13,0,0,0.0,1.0,3,3,0.6193608668189786,0.6500731737577277,0.650198653,3.58351893845611,0.0,9.18204377282107,3.1144038032714896,3.9889840465642745,0.0,0.0,0,0,0.65,0,0,147270,0,0
2015-01-17,13,16,11,0,2,0,0,0.0,1.0,3,3,-0.7814459917752269,0.3140083254335839,0.313852814,0.0,0.0,7.139660335964919,1.423108334242607,1.9459101490553132,0.0,0.0,0,0,0.8,1,0,146040,0,1
2015-01-17,13,16,11,1,14,0,0,0.0,1.0,3,3,0.4062547434846928,0.6001894975171261,0.600273268,3.6635616461296463,6.93537044601511,9.218407743053941,2.7006898466959175,4.02535169073515,25.408157167722017,27.917305150741512,0,0,0.6,0,0,156120,0,0
2015-01-17,13,16,12,1,15,0,0,0.0,1.0,3,3,1.3862688631319777,0.7999959202907269,0.800246753,4.1588830833596715,0.0,8.643120748014027,2.4518667957098,3.449987545831587,0.0,0.0,0,0,0.8,0,0,85125,0,0
2015-01-18,14,17,1,1,12,0,1,0.8660254037844386,0.5000000000000001,3,3,-0.3916382210628705,0.4033229946165413,0.403242161,3.2188758248682006,7.231287004327616,9.24483841238375,3.893859034800475,4.051784947803305,23.276614920913755,29.299619837380284,0,0,0.8,0,0,161430,1,1
2015-01-18,14,17,2,1,16,0,1,0.8660254037844386,0.5000000000000001,3,3,0.6195578434612582,0.6501179802940684,0.650243497,3.295836866004329,6.933423025730715,9.227295812625597,3.1328821117012247,4.034240638152395,22.85143121580657,27.97109693190439,0,0,0.65,0,0,146640,0,0
2015-01-18,14,17,3,1,17,0,1,0.8660254037844386,0.5000000000000001,3,3,0.6203188940326659,0.6502910725680868,0.650416734,3.58351893845611,0.0,9.227295812625597,3.1144038032714896,4.034240638152395,0.0,0.0,0,0,0.65,0,0,140910,0,0
2015-01-18,14,17,4,1,18,0,1,0.8660254037844386,0.5000000000000001,3,3,0.8490802249224684,0.7003741630743526,0.7005417,3.9318256327243257,6.78332520060396,9.227295812625597,3.1144038032714896,4.034240638152395,26.670851898839526,27.365566186079743,0,0,0.7,0,0,199290,0,0
2015-01-18,14,17,5,0,7,0,1,0.8660254037844386,0.5000000000000001,3,3,1.7543357250902423,0.8524988295371763,0.852793561,0.0,0.0,7.273092595999522,1.423108334242607,2.0794415416798357,0.0,0.0,0,0,0.6,1,0,136860,0,0
2015-01-18,14,17,5,1,19,0,1,0.8660254037844386,0.5000000000000001,3,3,0.4053780315062824,0.5999791014335839,0.600062696,3.4339872044851463,0.0,9.25349564229011,3.0155349008501706,4.060443010546419,0.0,0.0,0,0,0.6,0,0,147300,0,0
2015-01-18,14,17,6,0,8,0,1,0.8660254037844386,0.5000000000000001,3,3,1.415257135170254,0.804593807903091,0.804848485,0.0,0.0,7.496097345175956,1.0647107369924282,2.302585092994046,0.0,0.0,0,0,0.8,1,0,93225,0,0
2015-01-18,14,17,6,1,20,0,1,0.8660254037844386,0.5000000000000001,3,3,1.3868747887120865,0.8000928522439432,0.800343766,4.1588830833596715,0.0,8.610865667278873,2.4344901638739844,3.417726683613366,0.0,0.0,0,0,0.8,0,0,98715,0,0
2015-01-18,14,17,7,0,9,0,1,0.8660254037844386,0.5000000000000001,3,3,0.8089467420906956,0.6918850160233918,0.692045455,0.0,0.0,7.273092595999522,1.0647107369924282,2.0794415416798357,0.0,0.0,0,0,0.8,1,0,148620,0,1
2015-01-18,14,17,7,1,21,0,1,0.8660254037844386,0.5000000000000001,3,3,1.3855319536101698,0.7998779868972431,0.800128721,3.9318256327243257,0.0,9.227295812625597,3.888549649242504,4.034240638152395,0.0,0.0,0,0,0.8,0,0,158790,0,0
2015-01-18,14,17,8,0,10,0,1,0.8660254037844386,0.5000000000000001,3,3,0.5742817380685487,0.6397505756925647,0.639867424,0.0,0.0,7.273092595999522,1.0647107369924282,2.0794415416798357,0.0,0.0,0,0,0.8,1,0,147990,0,1
2015-01-18,14,17,8,1,22,0,1,0.8660254037844386,0.5000000000000001,3,3,1.3855319536101698,0.7998779868972431,0.800128721,3.6635616461296463,0.0,9.227295812625597,3.254242968705492,4.034240638152395,0.0,0.0,0,0,0.8,0,0,158160,0,0
2015-01-18,14,17,9,0,11,0,1,0.8660254037844386,0.5000000000000001,3,3,0.330894113164257,0.5819769124310777,0.582045455,0.0,0.0,7.496097345175956,1.3711807233098425,2.302585092994046,0.0,0.0,0,0,0.8,1,0,154560,0,1
2015-01-18,14,17,9,1,23,0,1,0.8660254037844386,0.5000000000000001,3,3,1.384822323051975,0.7997643698947369,0.800015009,3.9318256327243257,0.0,8.205491613120236,3.264231526588998,4.07753744390572,0.0,0.0,0,0,0.8,0,0,158220,0,0
2015-01-18,14,17,10,0,1,0,1,0.8660254037844386,0.5000000000000001,3,3,-1.1746462641310875,0.2360161772598162,0.235795455,0.0,0.0,7.273092595999522,1.3711807233098425,2.0794415416798357,0.0,0.0,0,0,0.7,1,0,148710,0,1
2015-01-18,14,17,10,1,13,0,1,0.8660254037844386,0.5000000000000001,3,3,0.8469502319945114,0.699926992962406,0.700094156,3.713572066704308,6.910750787961936,9.218407743053941,3.1144038032714896,4.02535169073515,25.66357108613023,27.818202368571846,0,0,0.7,0,0,158790,0,0
2015-01-18,14,17,11,0,2,0,1,0.8660254037844386,0.5000000000000001,3,3,1.644167000945844,0.8381011447351713,0.838383838,0.0,0.0,7.6783263565068856,1.423108334242607,2.4849066497880004,0.0,0.0,0,0,0.65,1,0,158280,0,0
2015-01-18,14,17,11,1,14,0,1,0.8660254037844386,0.5000000000000001,3,3,0.6198041816848233,0.6501740114452799,0.650299575,3.8066624897703196,7.039660349862076,9.236105579862208,2.7006898466959175,4.04305126783455,26.79761099454337,28.46170770263448,0,0,0.65,0,0,168540,0,0
2015-01-18,14,17,12,1,15,0,1,0.8660254037844386,0.5000000000000001,3,3,0.6727575247568715,0.6621203398763577,0.662255892,4.04305126783455,0.0,8.643120748014027,3.2910104226273997,3.449987545831587,0.0,0.0,0,0,0.8,0,0,90795,0,1
2015-01-19,15,18,1,1,12,0,2,0.8660254037844387,-0.4999999999999998,3,3,0.20037851162882508,0.5499276834452799,0.549969429,3.4339872044851463,7.30854279753919,9.227295812625597,3.1328821117012247,4.034240638152395,25.097442450181653,29.484420359508597,0,0,0.5,0,0,171600,0,0
2015-01-19,15,18,2,1,16,0,2,0.8660254037844387,-0.4999999999999998,3,3,1.100257109881738,0.7503082771428572,0.750517565,3.6635616461296463,6.914730892718563,9.227295812625597,3.1328821117012247,4.034240638152395,25.332542891871537,27.895688369293016,0,0,0.7,0,0,156810,0,0
2015-01-19,15,18,3,1,17,0,2,0.8660254037844387,-0.4999999999999998,3,3,1.0978329370624174,0.7498538431044277,0.750062751,3.9318256327243257,0.0,9.227295812625597,3.1144038032714896,4.034240638152395,0.0,0.0,0,0,0.7,0,0,151080,0,0
2015-01-19,15,18,4,0,6,0,2,0.8660254037844387,-0.4999999999999998,3,3,3.7434002809301554,0.9768740029172933,0.977272727,0.0,0.0,8.525359754082631,1.4586150226995167,3.332204510175204,0.0,0.0,0,0,0.7,1,0,204330,0,0
2015-01-19,15,18,4,1,18,0,2,0.8660254037844387,-0.4999999999999998,3,3,1.097861158659612,0.7498591366783626,0.750068049,4.1588830833596715,6.836259277277067,9.236105579862208,3.1144038032714896,4.04305126783455,28.43120306172821,27.639346738240754,0,0,0.7,0,0,214590,0,0
2015-01-19,15,18,5,0,7,0,2,0.8660254037844387,-0.4999999999999998,3,3,3.1401322300096273,0.958518138629908,0.958901515,0.0,0.0,7.273092595999522,1.423108334242607,2.0794415416798357,0.0,0.0,0,0,0.65,1,0,148740,0,0
2015-01-19,15,18,5,1,19,0,2,0.8660254037844387,-0.4999999999999998,3,3,0.618780212784271,0.6499410762071846,0.650066445,3.58351893845611,0.0,9.0217190130337,3.0155349008501706,4.060443010546419,0.0,0.0,0,0,0.65,0,0,157020,0,0
2015-01-19,15,18,6,1,20,0,2,0.8660254037844387,-0.4999999999999998,3,3,1.386968551884649,0.800107848705096,0.800358775,3.9318256327243257,0.0,8.385032287813898,2.4344901638739844,3.4339872044851463,0.0,0.0,0,0,0.8,0,0,103095,0,0
2015-01-19,15,18,7,1,21,0,2,0.8660254037844387,-0.4999999999999998,3,3,0.3079979825462572,0.5763965163141186,0.576460393,3.4339872044851463,6.947937068614969,9.236105579862208,3.888549649242504,4.04305126783455,23.85912699119184,28.090865774098422,0,0,0.8,0,0,169050,0,1
2015-01-19,15,18,8,0,10,0,2,0.8660254037844387,-0.4999999999999998,3,3,0.7706119769105783,0.6836532617610693,0.683806818,0.0,0.0,7.273092595999522,1.0647107369924282,2.0794415416798357,0.0,0.0,0,0,0.8,1,0,159600,0,1
2015-01-19,15,18,8,1,22,0,2,0.8660254037844387,-0.4999999999999998,3,3,1.3857434496240089,0.799911839592314,0.800162602,3.9318256327243257,0.0,8.197263371414335,3.254242968705492,4.034240638152395,0.0,0.0,0,0,0.8,0,0,163230,0,0
2015-01-19,15,18,9,0,11,0,2,0.8660254037844387,-0.4999999999999998,3,3,3.2794865979126744,0.9637183366382623,0.964106061,0.0,0.0,7.496097345175956,1.3711807233098425,2.302585092994046,0.0,0.0,0,0,0.8,1,0,160020,0,0
2015-01-19,15,18,9,1,23,0,2,0.8660254037844387,-0.4999999999999998,3,3,1.385459436523326,0.7998663786031747,0.800117103,4.1588830833596715,0.0,9.27058845232154,3.264231526588998,4.07753744390572,0.0,0.0,0,0,0.8,0,0,170640,0,0
2015-01-19,15,18,10,0,1,0,2,0.8660254037844387,-0.4999999999999998,3,3,0.1537724579111298,0.5383675411161237,0.538399621,0.0,0.0,7.273092595999522,1.3711807233098425,2.0794415416798357,0.0,0.0,0,0,0.7,1,0,160230,0,1
2015-01-19,15,18,10,1,13,0,2,0.8660254037844387,-0.4999999999999998,3,3,1.0978042151509284,0.7498484556090226,0.750057359,4.1588830833596715,0.0,9.218407743053941,3.1144038032714896,4.02535169073515,0.0,0.0,0,0,0.7,0,0,170310,0,0
2015-01-19,15,18,11,0,2,0,2,0.8660254037844387,-0.4999999999999998,3,3,-0.36553226771072655,0.4096210227067669,0.409545455,0.0,0.0,7.273092595999522,1.423108334242607,2.0794415416798357,0.0,0.0,0,0,0.7,1,0,169980,0,1
2015-01-19,15,18,11,1,14,0,2,0.8660254037844387,-0.4999999999999998,3,3,0.8473129141302631,0.7000031612765246,0.700170388,3.9318256327243257,7.3031700512368,9.236105579862208,2.7006898466959175,4.04305126783455,28.71479120759748,29.527090934864262,0,0,0.7,0,0,180240,0,0
2015-01-19,15,18,12,0,3,0,2,0.8660254037844387,-0.4999999999999998,3,3,1.3467587159220749,0.7935992127084378,0.793844697,0.0,0.0,7.273092595999522,1.0647107369924282,2.0794415416798357,0.0,0.0,0,0,0.8,1,0,92235,0,1
2015-01-19,15,18,12,1,15,0,2,0.8660254037844387,-0.4999999999999998,3,3,-0.617529700052994,0.35034349086048455,0.35021836,3.1780538303479458,7.013915474810528,8.71948076085107,2.725235025856311,3.5263605246161616,22.29060094045833,24.733594653366268,0,0,0.35,0,0,98355,0,0
2015-01-20,16,19,2,1,16,0,3,1.2246467991473532e-16,-1.0,3,3,1.0976685959812815,0.7498230158796992,0.750031898,3.9318256327243257,0.0,9.236105579862208,3.1328821117012247,4.04305126783455,0.0,0.0,0,0,0.7,0,0,167070,0,0
2015-01-20,16,19,3,1,17,0,3,1.2246467991473532e-16,-1.0,3,3,1.0977009272768896,0.7498290808086884,0.750037968,3.9318256327243257,7.034387929915503,9.0432226489245,3.1144038032714896,4.04305126783455,27.657986773368386,28.440391038484933,0,0,0.7,0,0,159540,0,0
2015-01-20,16,19,4,1,18,0,3,1.2246467991473532e-16,-1.0,3,3,1.097861158659612,0.7498591366783626,0.750068049,4.1588830833596715,6.891625897052253,9.236105579862208,3.1144038032714896,4.04305126783455,28.661466360094035,27.86319682051853,0,0,0.7,0,0,224850,0,0
2015-01-20,16,19,5,0,7,0,3,1.2246467991473532e-16,-1.0,3,3,7.780303087908306,0.9995822890559732,1.033570076,0.0,0.0,7.273092595999522,1.423108334242607,2.0794415416798357,0.0,0.0,0,0,0.7,1,0,158460,0,0
2015-01-20,16,19,5,1,19,0,3,1.2246467991473532e-16,-1.0,3,3,0.8468058055952166,0.6998966583258146,0.700063796,3.9318256327243257,7.210079628170788,9.236105579862208,3.0155349008501706,4.04305126783455,28.34877589602538,29.150721581863966,0,0,0.7,0,0,168720,0,0
2015-01-20,16,19,6,1,20,0,3,1.2246467991473532e-16,-1.0,3,3,1.386360868587213,0.8000106409824562,0.800261486,4.1588830833596715,0.0,8.627123250788433,2.4344901638739844,3.4339872044851463,0.0,0.0,0,0,0.8,0,0,108675,0,0
2015-01-20,16,19,7,1,21,0,3,1.2246467991473532e-16,-1.0,3,3,-0.40373184078487834,0.40041605616708437,0.400332792,3.4339872044851463,7.280008252884188,9.218407743053941,3.1328821117012247,4.02535169073515,24.999455188950567,29.30459352931321,0,0,0.35,0,0,179130,0,0
2015-01-20,16,19,8,0,10,0,3,1.2246467991473532e-16,-1.0,3,3,0.5742817380685487,0.6397505756925647,0.639867424,0.0,0.0,7.273092595999522,1.0647107369924282,2.0794415416798357,0.0,0.0,0,0,0.8,1,0,164670,0,1
2015-01-20,16,19,8,1,22,0,3,1.2246467991473532e-16,-1.0,3,3,1.3855319536101698,0.7998779868972431,0.800128721,3.9318256327243257,7.268920128193722,9.227295812625597,3.254242968705492,4.034240638152395,28.580126482257867,29.324572976643033,0,0,0.8,0,0,174840,0,0
2015-01-20,16,19,9,0,11,0,3,1.2246467991473532e-16,-1.0,3,3,0.9850661844378811,0.728112300651629,0.72830303,0.0,0.0,7.496097345175956,1.3711807233098425,2.302585092994046,0.0,0.0,0,0,0.8,1,0,172440,0,1
2015-01-20,16,19,9,1,23,0,3,1.2246467991473532e-16,-1.0,3,3,1.385459436523326,0.7998663786031747,0.800117103,4.1588830833596715,0.0,9.27058845232154,3.264231526588998,4.07753744390572,0.0,0.0,0,0,0.8,0,0,183060,0,0
2015-01-20,16,19,10,1,13,0,3,1.2246467991473532e-16,-1.0,3,3,1.0978042151509284,0.7498484556090226,0.750057359,4.1588830833596715,0.0,9.218407743053941,3.1144038032714896,4.02535169073515,0.0,0.0,0,0,0.7,0,0,180390,0,0
2015-01-20,16,19,11,0,2,0,3,1.2246467991473532e-16,-1.0,3,3,-0.563312326279975,0.36278139827234757,0.362666667,0.0,0.0,7.901377353792616,1.423108334242607,2.70805020110221,0.0,0.0,0,0,0.7,1,0,182940,0,1
2015-01-20,16,19,11,1,14,0,3,1.2246467991473532e-16,-1.0,3,3,0.8473129141302631,0.7000031612765246,0.700170388,3.9318256327243257,0.0,9.236105579862208,2.7006898466959175,4.04305126783455,0.0,0.0,0,0,0.7,0,0,193200,0,0
2015-01-20,16,19,12,1,15,0,3,1.2246467991473532e-16,-1.0,3,3,0.0011607056407551765,0.5002901763776108,0.500290419,3.1780538303479458,7.210079628170788,8.221747728346623,2.725235025856311,3.5263605246161616,22.914021179421866,25.42534018012064,0,0,0.5,0,0,102075,0,0
2015-01-21,17,20,1,0,0,0,4,-0.8660254037844384,-0.5000000000000004,3,3,0.020496400660037162,0.5051239207852966,0.505128205,0.0,0.0,7.783640596221253,1.3711807233098425,2.0794415416798357,0.0,0.0,0,0,0.65,1,0,174000,0,1
2015-01-21,17,20,1,1,12,0,4,-0.8660254037844384,-0.5000000000000004,3,3,0.8466439542320409,0.6998626617510443,0.700029771,3.5553480614894135,7.375255778009754,9.236105579862208,3.1328821117012247,4.04305126783455,26.221601333335574,29.818537223886427,0,0,0.65,0,0,184260,0,0
2015-01-21,17,20,2,0,4,0,4,-0.8660254037844384,-0.5000000000000004,3,3,2.336532007079203,0.9118577493333333,0.912202112,0.0,0.0,8.537191877922927,1.3711807233098425,2.833213344056216,0.0,0.0,0,0,0.7,1,0,172170,0,0
2015-01-21,17,20,2,1,16,0,4,-0.8660254037844384,-0.5000000000000004,3,3,1.3873244801662608,0.8001647681136174,0.800415742,4.110873864173311,7.260522598089852,9.259225769705994,3.1328821117012247,4.04305126783455,29.847092588727282,29.35466509534858,0,0,0.7,0,0,182670,0,0
2015-01-21,17,20,3,1,17,0,4,-0.8660254037844384,-0.5000000000000004,3,3,1.097861158659612,0.7498591366783626,0.750068049,4.1588830833596715,0.0,9.236105579862208,3.1144038032714896,4.04305126783455,0.0,0.0,0,0,0.7,0,0,169800,0,0
2015-01-21,17,20,4,0,6,0,4,-0.8660254037844384,-0.5000000000000004,3,3,3.800333712766188,0.9781258702055138,0.978525641,0.0,0.0,8.699681400989514,1.4586150226995167,2.995732273553991,0.0,0.0,0,0,0.75,1,0,230850,0,0
2015-01-21,17,20,4,1,18,0,4,-0.8660254037844384,-0.5000000000000004,3,3,2.199689712709,0.900221643518797,0.900556277,4.553876891600541,6.716594773520978,9.218407743053941,3.1144038032714896,4.02535169073515,30.58654572938215,27.036656127575537,0,0,0.75,0,0,240930,0,0
2015-01-21,17,20,5,0,7,0,4,-0.8660254037844384,-0.5000000000000004,3,3,1.1415134047125122,0.7579573935605681,0.758173077,0.0,0.0,7.783640596221253,1.423108334242607,2.0794415416798357,0.0,0.0,0,0,0.7,1,0,171120,0,0
2015-01-21,17,20,5,1,19,0,4,-0.8660254037844384,-0.5000000000000004,3,3,1.0993360700468882,0.7501356844511279,0.750344828,3.9318256327243257,7.247792581767846,9.25349564229011,3.0155349008501706,4.060443010546419,28.497056653664036,29.429248730529437,0,0,0.7,0,0,181560,0,0
2015-01-21,17,20,6,1,20,0,4,-0.8660254037844384,-0.5000000000000004,3,3,1.735525043499003,0.8501177703893066,0.850410511,4.330733340286331,0.0,8.658866349732383,2.4518667957098,4.48863636973214,0.0,0.0,0,0,0.8,0,0,114435,0,0
2015-01-21,17,20,7,1,21,0,4,-0.8660254037844384,-0.5000000000000004,3,3,0.0009645615852272023,0.5002411403776108,0.500241342,3.1780538303479458,7.450660796211539,9.218407743053941,3.1144038032714896,4.02535169073515,23.67860108202336,29.991530033124217,0,0,0.5,0,0,189210,0,0
2015-01-21,17,20,8,0,10,0,4,-0.8660254037844384,-0.5000000000000004,3,3,0.38381347727002146,0.5947925370258981,0.594871795,0.0,0.0,7.783640596221253,1.0647107369924282,2.0794415416798357,0.0,0.0,0,0,0.8,1,0,177240,0,1
2015-01-21,17,20,8,1,22,0,4,-0.8660254037844384,-0.5000000000000004,3,3,1.3874544569614122,0.8001855507368422,0.800436542,3.6635616461296463,0.0,8.918784137975802,3.254242968705492,4.034240638152395,0.0,0.0,0,0,0.8,0,0,184710,0,0
2015-01-21,17,20,9,0,11,0,4,-0.8660254037844384,-0.5000000000000004,3,3,1.5636335796160152,0.826874129871345,0.827147436,0.0,0.0,7.783640596221253,1.3711807233098425,2.0794415416798357,0.0,0.0,0,0,0.8,1,0,185460,0,0
2015-01-21,17,20,9,1,23,0,4,-0.8660254037844384,-0.5000000000000004,3,3,0.08092710648736028,0.5202207420250627,0.520237649,3.4011973816621555,6.630683385642372,8.328692583545568,3.9993010135352067,4.060443010546419,22.552262969877592,26.923512008377834,0,0,0.8,0,0,189600,1,1
2015-01-21,17,20,10,1,13,0,4,-0.8660254037844384,-0.5000000000000004,3,3,1.3848569763046459,0.7997699192548037,0.800020563,4.330733340286331,0.0,9.218407743053941,3.1144038032714896,4.02535169073515,0.0,0.0,0,0,0.7,0,0,190470,0,0
2015-01-21,17,20,11,0,2,0,4,-0.8660254037844384,-0.5000000000000004,3,3,-0.11695853968739851,0.4707936510242272,0.470769231,0.0,0.0,7.901377353792616,1.423108334242607,2.1972245773362196,0.0,0.0,0,0,0.7,1,0,195900,0,1
2015-01-21,17,20,11,1,14,0,4,-0.8660254037844384,-0.5000000000000004,3,3,0.8473129141302631,0.7000031612765246,0.700170388,3.9318256327243257,0.0,9.236105579862208,2.7006898466959175,4.04305126783455,0.0,0.0,0,0,0.7,0,0,206160,0,0
2015-01-21,17,20,12,1,15,0,4,-0.8660254037844384,-0.5000000000000004,3,3,0.40583659448245135,0.6000891534168756,0.60017284,3.1780538303479458,7.1276936993473985,8.757940876678804,2.725235025856311,3.5263605246161616,22.65219426275792,25.134817692934,0,0,0.6,0,0,108435,0,0
2015-01-22,18,21,1,0,0,0,5,-0.8660254037844386,0.5000000000000001,4,4,0.6170055025910397,0.6495371909039265,0.649662222,0.0,0.0,9.61587214452889,1.3711807233098425,3.2188758248682006,0.0,0.0,0,0,0.7,1,0,199260,0,1
2015-01-22,18,21,1,1,12,0,5,-0.8660254037844386,0.5000000000000001,4,4,1.0983636421669454,0.749953375883041,0.750162367,4.1588830833596715,7.233455418621439,9.407632639699958,3.1328821117012247,4.04305126783455,30.083095374741053,29.245231101082105,0,0,0.7,0,0,211440,0,0
2015-01-22,18,21,2,0,4,0,5,-0.8660254037844386,0.5000000000000001,4,4,0.6170055025910397,0.6495371909039265,0.649662222,0.0,0.0,9.61587214452889,1.3711807233098425,3.2188758248682006,0.0,0.0,0,0,0.7,1,0,197670,0,1
2015-01-22,18,21,2,1,16,0,5,-0.8660254037844386,0.5000000000000001,4,4,1.3866188394264831,0.800051911475355,0.800302791,4.110873864173311,7.32052696227274,9.27058845232154,3.1328821117012247,4.04305126783455,30.09376296118305,29.59726581603381,0,0,0.7,0,0,208290,0,0
2015-01-22,18,21,3,0,5,0,5,-0.8660254037844386,0.5000000000000001,4,4,-0.15788058289802476,0.4606116374135339,0.460578704,0.0,0.0,9.392745258631441,1.3711807233098425,2.995732273553991,0.0,0.0,0,0,0.7,1,0,181800,0,1
2015-01-22,18,21,3,1,17,0,5,-0.8660254037844386,0.5000000000000001,4,4,1.097861158659612,0.7498591366783626,0.750068049,4.1588830833596715,0.0,9.236105579862208,3.1144038032714896,4.04305126783455,0.0,0.0,0,0,0.7,0,0,192060,0,0
2015-01-22,18,21,4,0,6,0,5,-0.8660254037844386,0.5000000000000001,4,4,0.7085190741202245,0.6700738467869674,0.670216049,0.0,0.0,9.105090961257085,1.4586150226995167,2.70805020110221,0.0,0.0,0,0,0.75,1,0,249930,0,1
2015-01-22,18,21,4,1,18,0,5,-0.8660254037844386,0.5000000000000001,4,4,1.7321825690118404,0.8496913819014202,0.849983766,4.406719247264253,6.633318433280377,9.218407743053941,3.1144038032714896,4.02535169073515,29.2311720131694,26.701439570589798,0,0,0.75,0,0,260010,0,0
2015-01-22,18,21,5,0,7,0,5,-0.8660254037844386,0.5000000000000001,4,4,1.0600406316731479,0.7426983099916458,0.742901235,0.0,0.0,9.105090961257085,1.423108334242607,2.70805020110221,0.0,0.0,0,0,0.7,1,0,190560,0,0
2015-01-22,18,21,5,1,19,0,5,-0.8660254037844386,0.5000000000000001,4,4,0.8476954639692984,0.7000834901119465,0.700250784,3.713572066704308,7.300472814267799,9.25349564229011,3.0155349008501706,4.060443010546419,27.110831916799086,29.64315381237783,0,0,0.7,0,0,201000,0,0
2015-01-22,18,21,6,0,8,0,5,-0.8660254037844386,0.5000000000000001,4,4,0.5181580941770627,0.6267169663592315,0.626822917,0.0,0.0,8.476579508530941,1.0647107369924282,2.0794415416798357,0.0,0.0,0,0,0.8,1,0,119235,0,1
2015-01-22,18,21,6,1,20,0,5,-0.8660254037844386,0.5000000000000001,4,4,1.385926914386421,0.7999412020417711,0.800191989,4.1588830833596715,0.0,8.757940876678804,2.4518667957098,3.4657359027997265,0.0,0.0,0,0,0.8,0,0,125595,0,0
2015-01-22,18,21,7,0,9,0,5,-0.8660254037844386,0.5000000000000001,4,4,3.10885589219055,0.957256567455305,0.957638889,0.0,0.0,8.699681400989514,1.3711807233098425,2.302585092994046,0.0,0.0,0,0,0.6,1,0,195210,0,0
2015-01-22,18,21,7,1,21,0,5,-0.8660254037844386,0.5000000000000001,4,4,0.40683913989612785,0.6003297222723476,0.60041361,3.1780538303479458,7.528331766707247,9.236105579862208,3.1144038032714896,4.04305126783455,23.925443607314083,30.437431294064854,0,0,0.6,0,0,205470,0,0
2015-01-22,18,21,8,0,10,0,5,-0.8660254037844386,0.5000000000000001,4,4,-0.4145213486484135,0.397828483689223,0.397743056,0.0,0.0,8.476579508530941,1.0647107369924282,2.0794415416798357,0.0,0.0,0,0,0.8,1,0,189510,0,1
2015-01-22,18,21,8,1,22,0,5,-0.8660254037844386,0.5000000000000001,4,4,0.22273131294822163,0.5554537659749375,0.555500132,3.4339872044851463,0.0,9.28461261635077,3.7133281345162463,4.034240638152395,0.0,0.0,0,0,0.8,0,0,200280,0,1
2015-01-22,18,21,9,1,23,0,5,-0.8660254037844386,0.5000000000000001,4,4,0.0021883471523381614,0.5005470865697577,0.500547544,3.4339872044851463,6.878326468291325,9.25349564229011,3.3714252233284854,4.060443010546419,23.620085080383916,27.929052632429947,0,0,0.5,0,0,200040,0,0
2015-01-22,18,21,10,0,1,0,5,-0.8660254037844386,0.5000000000000001,4,4,2.757452944563683,0.9403328866900585,0.940701058,0.0,0.0,9.036106025364846,1.3711807233098425,2.6390573296152584,0.0,0.0,0,0,0.75,1,0,198870,0,0
2015-01-22,18,21,10,1,13,0,5,-0.8660254037844386,0.5000000000000001,4,4,1.3848569763046459,0.7997699192548037,0.800020563,4.02535169073515,7.192182058713246,9.218407743053941,3.1144038032714896,4.02535169073515,28.951062210116373,28.951062210116373,0,0,0.75,0,0,208950,0,0
2015-01-22,18,21,11,1,14,0,5,-0.8660254037844386,0.5000000000000001,4,4,0.8473129141302631,0.7000031612765246,0.700170388,3.9318256327243257,0.0,9.236105579862208,2.7006898466959175,4.04305126783455,0.0,0.0,0,0,0.7,0,0,216420,0,0
2015-01-22,18,21,12,0,3,0,5,-0.8660254037844386,0.5000000000000001,4,4,-0.7192798043718162,0.3275515946299081,0.327407407,0.0,0.0,8.594339400592892,1.4060969884160703,2.1972245773362196,0.0,0.0,0,0,0.6,1,0,113835,0,1
2015-01-22,18,21,12,1,15,0,5,-0.8660254037844386,0.5000000000000001,4,4,0.4069341541975653,0.6003525192113618,0.600436426,3.1780538303479458,7.30854279753919,8.848078421168667,2.725235025856311,3.5263605246161616,23.226942431981314,25.77255681370997,0,0,0.6,0,0,120795,0,0
2015-01-24,19,23,1,0,0,0,0,0.0,1.0,4,4,0.3155893498531366,0.5782489684411027,0.578314394,0.0,0.0,7.273092595999522,1.3711807233098425,2.0794415416798357,0.0,0.0,0,0,0.7,1,0,212880,0,1
2015-01-24,19,23,1,1,12,0,0,0.0,1.0,4,4,1.3887501802343194,0.8003926415839598,0.800643806,4.330733340286331,7.29505641646263,9.236105579862208,3.1328821117012247,4.04305126783455,31.59294404204444,29.494287093503807,0,0,0.7,0,0,223140,0,0
2015-01-24,19,23,2,0,4,0,0,0.0,1.0,4,4,0.3155893498531366,0.5782489684411027,0.578314394,0.0,0.0,7.273092595999522,1.3711807233098425,2.0794415416798357,0.0,0.0,0,0,0.75,1,0,209730,0,1
2015-01-24,19,23,2,1,16,0,0,0.0,1.0,4,4,2.2007111013293885,0.9003133498412699,0.90064806,4.553876891600541,7.382124365737512,9.236105579862208,3.1328821117012247,4.04305126783455,33.617285560053354,29.846307276207376,0,0,0.75,0,0,219990,0,0
2015-01-24,19,23,3,0,5,0,0,0.0,1.0,4,4,2.1441854056754694,0.8951241736173768,0.895454545,0.0,0.0,7.273092595999522,1.3711807233098425,2.0794415416798357,0.0,0.0,0,0,0.75,1,0,193500,0,0
2015-01-24,19,23,3,1,17,0,0,0.0,1.0,4,4,1.3869258520974934,0.8001010194152046,0.80035194,4.248495242049359,7.144407180321139,9.236105579862208,3.1144038032714896,4.04305126783455,30.352979912857638,28.885204508323643,0,0,0.75,0,0,203760,0,0
2015-01-24,19,23,4,0,6,0,0,0.0,1.0,4,4,0.6251484379052085,0.6513885729256474,0.651515152,0.0,0.0,7.6783263565068856,1.4586150226995167,2.4849066497880004,0.0,0.0,0,0,0.75,1,0,262170,0,1
2015-01-24,19,23,4,1,18,0,0,0.0,1.0,4,4,2.1970764637315003,0.8999866689857978,0.900321106,4.553876891600541,6.590301048196686,9.236105579862208,3.1144038032714896,4.04305126783455,30.01141965207371,26.644925008322975,0,0,0.75,0,0,272430,0,0
2015-01-24,19,23,5,0,7,0,0,0.0,1.0,4,4,3.355264413743608,0.9662768034519632,0.966666667,0.0,0.0,7.901377353792616,1.423108334242607,2.70805020110221,0.0,0.0,0,0,0.7,1,0,203700,0,0
2015-01-24,19,23,5,1,19,0,0,0.0,1.0,4,4,0.8476954639692984,0.7000834901119465,0.700250784,3.9318256327243257,0.0,9.25349564229011,3.0155349008501706,4.060443010546419,0.0,0.0,0,0,0.7,0,0,214140,0,0
2015-01-24,19,23,6,1,20,0,0,0.0,1.0,4,4,1.388083244190813,0.8002860676925647,0.800537143,4.1588830833596715,6.917705609835305,8.637816633739977,2.4518667957098,3.4657359027997265,28.769928836406347,23.97494069700529,0,0,0.8,0,0,131235,0,0
2015-01-24,19,23,7,0,9,0,0,0.0,1.0,4,4,1.9033589174087404,0.8702712166817044,0.870580808,0.0,0.0,7.6783263565068856,1.3711807233098425,2.4849066497880004,0.0,0.0,0,0,0.65,1,0,207630,0,0
2015-01-24,19,23,7,1,21,0,0,0.0,1.0,4,4,0.6203188940326659,0.6502910725680868,0.650416734,3.295836866004329,7.16703787691222,9.227295812625597,3.1144038032714896,4.034240638152395,23.62138765477669,28.91355545821674,0,0,0.65,0,0,217800,0,0
2015-01-24,19,23,8,0,10,0,0,0.0,1.0,4,4,2.3158215899354415,0.9101789270309105,0.910521886,0.0,0.0,7.390798521735676,1.0647107369924282,2.1972245773362196,0.0,0.0,0,0,0.8,1,0,201900,0,0
2015-01-24,19,23,8,1,22,0,0,0.0,1.0,4,4,-0.6185344903598482,0.3501148320467836,0.34998951,3.1780538303479458,7.278628942320682,9.144307401371744,2.7140322727797574,3.9512437185814275,23.13187458982366,28.759636888229576,0,0,0.35,0,0,211260,0,1
2015-01-24,19,23,9,0,11,0,0,0.0,1.0,4,4,-1.0388406031278077,0.26137376226566417,0.261174242,0.0,0.0,7.273092595999522,1.3711807233098425,2.0794415416798357,0.0,0.0,0,0,0.6,1,0,201480,0,1
2015-01-24,19,23,9,1,23,0,0,0.0,1.0,4,4,0.4056383202845083,0.6000415702021721,0.600125217,3.1780538303479458,0.0,8.804024902413179,3.3714252233284854,4.060443010546419,0.0,0.0,0,0,0.6,0,0,208140,0,0
2015-01-24,19,23,10,0,1,0,0,0.0,1.0,4,4,2.6974692026683895,0.936877142108605,0.937242424,0.0,0.0,7.496097345175956,1.3711807233098425,2.302585092994046,0.0,0.0,0,0,0.75,1,0,210750,0,0
2015-01-24,19,23,10,1,13,0,0,0.0,1.0,4,4,1.3886630268687945,0.8003787172263993,0.80062987,4.248495242049359,7.195187320178709,9.218407743053941,3.1144038032714896,4.02535169073515,30.568719095433124,28.963159444437476,0,0,0.75,0,0,220830,0,0
2015-01-24,19,23,11,0,2,0,0,0.0,1.0,4,4,2.1502472687015524,0.8956918809456975,0.896022727,0.0,0.0,7.496097345175956,1.423108334242607,2.302585092994046,0.0,0.0,0,0,0.75,1,0,218220,0,0
2015-01-24,19,23,11,1,14,0,0,0.0,1.0,4,4,1.0977181477666254,0.7498323111077695,0.750041201,4.04305126783455,7.1569563646156364,9.236105579862208,3.7605021977869035,4.04305126783455,28.935941503795803,28.935941503795803,0,0,0.75,0,0,228480,0,0
2015-01-24,19,23,12,0,3,0,0,0.0,1.0,4,4,1.8011288073096594,0.8582862885246448,0.858585859,0.0,0.0,7.390798521735676,1.4060969884160703,2.1972245773362196,0.0,0.0,0,0,0.7,1,0,122415,0,0
2015-01-24,19,23,12,1,15,0,0,0.0,1.0,4,4,1.097921214776029,0.7498704012598163,0.750079323,3.713572066704308,7.183111701743281,8.71948076085107,2.725235025856311,3.5263605246161616,26.675002967610695,25.330241548935923,0,0,0.75,0,0,128535,0,0
2015-01-25,20,24,1,0,0,0,1,0.8660254037844386,0.5000000000000001,4,4,3.4652621817930767,0.9696830464227235,0.970075758,0.0,0.0,7.273092595999522,1.3711807233098425,2.0794415416798357,0.0,0.0,0,0,0.7,1,0,224580,0,0
2015-01-25,20,24,1,1,12,0,1,0.8660254037844386,0.5000000000000001,4,4,1.3904133412360262,0.8006582225263158,0.800909609,4.330733340286331,7.428333194190806,9.262078567380597,3.1328821117012247,4.069026754237811,32.17013022683778,30.226086506555205,0,0,0.7,0,0,235110,0,0
2015-01-25,20,24,2,0,4,0,1,0.8660254037844386,0.5000000000000001,4,4,3.4652621817930767,0.9696830464227235,0.970075758,0.0,0.0,7.273092595999522,1.3711807233098425,2.0794415416798357,0.0,0.0,0,0,0.75,1,0,221430,0,0
2015-01-25,20,24,2,1,16,0,1,0.8660254037844386,0.5000000000000001,4,4,1.7340614819347562,0.8499311913918128,0.850223776,4.406719247264253,0.0,9.262078567380597,3.1328821117012247,4.069026754237811,0.0,0.0,0,0,0.75,0,0,231960,0,0
2015-01-25,20,24,3,0,5,0,1,0.8660254037844386,0.5000000000000001,4,4,3.215103979140722,0.9613987271111111,0.961784512,0.0,0.0,7.390798521735676,1.3711807233098425,2.1972245773362196,0.0,0.0,0,0,0.75,1,0,205380,0,0
2015-01-25,20,24,3,1,17,0,1,0.8660254037844386,0.5000000000000001,4,4,1.3879342403870332,0.8002622516056809,0.800513307,4.02535169073515,0.0,9.24483841238375,3.1144038032714896,4.051784947803305,0.0,0.0,0,0,0.75,0,0,215730,0,0
2015-01-25,20,24,4,0,6,0,1,0.8660254037844386,0.5000000000000001,4,4,2.979569727621808,0.9516425744294069,0.952020202,0.0,0.0,7.6783263565068856,1.4586150226995167,2.4849066497880004,0.0,0.0,0,0,0.75,1,0,274590,0,0
2015-01-25,20,24,4,1,18,0,1,0.8660254037844386,0.5000000000000001,4,4,2.1970764637315003,0.8999866689857978,0.900321106,4.553876891600541,6.7661917146603505,9.236105579862208,3.1144038032714896,4.04305126783455,30.81240409353081,27.35605999036916,0,0,0.75,0,0,284850,0,0
2015-01-25,20,24,5,0,7,0,1,0.8660254037844386,0.5000000000000001,4,4,3.5999213754724693,0.9734009707903091,0.973796791,0.0,0.0,8.026496938945412,1.423108334242607,2.833213344056216,0.0,0.0,0,0,0.7,1,0,217200,0,0
2015-01-25,20,24,5,1,19,0,1,0.8660254037844386,0.5000000000000001,4,4,0.8476954639692984,0.7000834901119465,0.700250784,3.9318256327243257,7.1049654482698426,9.25349564229011,3.0155349008501706,4.060443010546419,27.935485269128048,28.849307294601086,0,0,0.7,0,0,227640,0,0
2015-01-25,20,24,6,1,20,0,1,0.8660254037844386,0.5000000000000001,4,4,1.3871409177172653,0.8001354146566415,0.800386364,4.1588830833596715,7.074963197966044,8.658866349732383,2.4518667957098,3.4657359027997265,29.42394475941322,24.519953966177688,0,0,0.8,0,0,136995,0,0
2015-01-25,20,24,7,0,9,0,1,0.8660254037844386,0.5000000000000001,4,4,1.0931803797412478,0.7489801346299081,0.749188312,0.0,0.0,7.83241092718792,1.3711807233098425,2.6390573296152584,0.0,0.0,0,0,0.65,1,0,220320,0,0
2015-01-25,20,24,7,1,21,0,1,0.8660254037844386,0.5000000000000001,4,4,0.8490802249224684,0.7003741630743526,0.7005417,3.713572066704308,5.8888779583328805,9.227295812625597,3.1144038032714896,4.034240638152395,21.868772690295682,23.757150772626414,0,0,0.7,0,0,230490,0,0
2015-01-25,20,24,8,0,10,0,1,0.8660254037844386,0.5000000000000001,4,4,-0.7095971724747927,0.3296878564578112,0.329545455,0.0,0.0,6.580639137284949,1.0647107369924282,1.3862943611198906,0.0,0.0,0,0,0.8,1,0,211980,0,1
2015-01-25,20,24,8,1,22,0,1,0.8660254037844386,0.5000000000000001,4,4,0.0002474570973365198,0.5000618642740184,0.500061916,3.1780538303479458,7.351158226430694,6.580639137284949,2.7140322727797574,3.9512437185814275,23.362376559001877,29.046217766482467,0,0,0.5,0,0,212700,0,0
2015-01-25,20,24,9,1,23,0,1,0.8660254037844386,0.5000000000000001,4,4,0.6202784290361607,0.6502818702623225,0.650407524,3.295836866004329,0.0,9.25349564229011,3.3714252233284854,4.060443010546419,0.0,0.0,0,0,0.65,0,0,218580,0,0
2015-01-25,20,24,10,0,1,0,1,0.8660254037844386,0.5000000000000001,4,4,3.0497393334095966,0.9547712714619883,0.955151515,0.0,0.0,8.137688184977605,1.3711807233098425,2.9444389791664403,0.0,0.0,0,0,0.75,1,0,224250,0,0
2015-01-25,20,24,10,1,13,0,1,0.8660254037844386,0.5000000000000001,4,4,1.3848569763046459,0.7997699192548037,0.800020563,4.248495242049359,7.254177846456518,9.218407743053941,3.1144038032714896,4.02535169073515,30.819340065650383,29.20061705912721,0,0,0.75,0,0,234330,0,0
2015-01-25,20,24,11,1,14,0,1,0.8660254037844386,0.5000000000000001,4,4,0.3683720020807968,0.591065538245614,0.59114168,3.713572066704308,0.0,9.236105579862208,3.7605021977869035,4.04305126783455,0.0,0.0,0,0,0.75,0,0,238740,0,1
2015-01-25,20,24,12,0,3,0,1,0.8660254037844386,0.5000000000000001,4,4,0.481419810821122,0.6180830863224729,0.618181818,0.0,0.0,7.390798521735676,1.4060969884160703,2.1972245773362196,0.0,0.0,0,0,0.7,1,0,130155,0,1
2015-01-25,20,24,12,1,15,0,1,0.8660254037844386,0.5000000000000001,4,4,0.8485804312711388,0.7002692707769425,0.70043672,3.713572066704308,7.167809184316444,8.71948076085107,2.725235025856311,3.5263605246161616,26.618175966344136,25.276279355554678,0,0,0.7,0,0,136275,0,0
2015-01-26,21,25,1,0,0,0,2,0.8660254037844387,-0.4999999999999998,4,4,2.3140739407709208,0.910035948578112,0.910378788,0.0,0.0,7.496097345175956,1.3711807233098425,2.302585092994046,0.0,0.0,0,0,0.7,1,0,236910,0,0
2015-01-26,21,25,1,1,12,0,2,0.8660254037844387,-0.4999999999999998,4,4,1.3848753701493324,0.79977286479198,0.800023511,4.110873864173311,0.0,9.25349564229011,3.1328821117012247,4.060443010546419,0.0,0.0,0,0,0.7,0,0,247350,0,0
2015-01-26,21,25,2,0,4,0,2,0.8660254037844387,-0.4999999999999998,4,4,2.3140739407709208,0.910035948578112,0.910378788,0.0,0.0,7.496097345175956,1.3711807233098425,2.302585092994046,0.0,0.0,0,0,0.75,1,0,233760,0,0
2015-01-26,21,25,2,1,16,0,2,0.8660254037844387,-0.4999999999999998,4,4,1.384940966946512,0.7997833690091897,0.800034024,4.02535169073515,0.0,9.236105579862208,3.1328821117012247,4.04305126783455,0.0,0.0,0,0,0.75,0,0,244020,0,0
2015-01-26,21,25,3,0,5,0,2,0.8660254037844387,-0.4999999999999998,4,4,7.780303087908306,0.9995822890559732,1.059621212,0.0,0.0,7.496097345175956,1.3711807233098425,2.302585092994046,0.0,0.0,0,0,0.75,1,0,217530,0,0
2015-01-26,21,25,3,1,17,0,2,0.8660254037844387,-0.4999999999999998,4,4,1.3869258520974934,0.8001010194152046,0.80035194,4.248495242049359,7.368339686311381,9.236105579862208,3.1144038032714896,4.04305126783455,31.30435609909737,29.79057511057686,0,0,0.75,0,0,227790,0,0
2015-01-26,21,25,4,0,6,0,2,0.8660254037844387,-0.4999999999999998,4,4,3.2679307414717176,0.9633121102923976,0.963699495,0.0,0.0,7.6783263565068856,1.4586150226995167,2.4849066497880004,0.0,0.0,0,0,0.75,1,0,287010,0,0
2015-01-26,21,25,4,1,18,0,2,0.8660254037844387,-0.4999999999999998,4,4,1.734758123756923,0.8500200251161236,0.850312684,4.110873864173311,6.92461239604856,9.227295812625597,3.1144038032714896,4.034240638152395,28.466208118446556,27.93555273159293,0,0,0.8,0,0,297180,0,0
2015-01-26,21,25,5,0,7,0,2,0.8660254037844387,-0.4999999999999998,4,4,3.1474543799348194,0.95880830002005,0.959191919,0.0,0.0,7.901377353792616,1.423108334242607,2.70805020110221,0.0,0.0,0,0,0.7,1,0,230340,0,0
2015-01-26,21,25,5,1,19,0,2,0.8660254037844387,-0.4999999999999998,4,4,1.0976661937921888,0.7498225652564745,0.750031447,4.04305126783455,0.0,9.241935933565934,3.0155349008501706,4.060443010546419,0.0,0.0,0,0,0.75,0,0,240660,0,0
2015-01-26,21,25,6,1,20,0,2,0.8660254037844387,-0.4999999999999998,4,4,1.3871409177172653,0.8001354146566415,0.800386364,3.9318256327243257,6.9782137426306985,8.658866349732383,2.4518667957098,3.4657359027997265,27.437119663904532,24.184645905245663,0,0,0.8,0,0,142755,0,0
2015-01-26,21,25,7,0,9,0,2,0.8660254037844387,-0.4999999999999998,4,4,0.6023098698996477,0.6461845900818713,0.646306818,0.0,0.0,7.273092595999522,1.3711807233098425,2.0794415416798357,0.0,0.0,0,0,0.65,1,0,231930,0,1
2015-01-26,21,25,8,1,22,0,2,0.8660254037844387,-0.4999999999999998,4,4,0.4057138769684533,0.6000597030409357,0.600143365,3.1780538303479458,0.0,5.8888779583328805,2.7140322727797574,3.9512437185814275,0.0,0.0,0,0,0.6,0,0,213060,0,0
2015-01-26,21,25,9,1,23,0,2,0.8660254037844387,-0.4999999999999998,4,4,0.8494264923645606,0.7004468223224728,0.70061442,3.713572066704308,7.042286171939743,9.25349564229011,3.3714252233284854,4.060443010546419,26.15203721385344,28.59480166512043,0,0,0.7,0,0,229020,0,0
2015-01-26,21,25,10,0,1,0,2,0.8660254037844387,-0.4999999999999998,4,4,5.940558452468582,0.9973763414937342,0.997792208,0.0,0.0,8.237743803890933,1.3711807233098425,3.044522437723423,0.0,0.0,0,0,0.75,1,0,238110,0,0
2015-01-26,21,25,10,1,13,0,2,0.8660254037844387,-0.4999999999999998,4,4,1.3848569763046459,0.7997699192548037,0.800020563,4.02535169073515,7.1316985104669115,9.218407743053941,3.1144038032714896,4.02535169073515,28.70759465692133,28.70759465692133,0,0,0.75,0,0,248190,0,0
2015-01-26,21,25,11,1,14,0,2,0.8660254037844387,-0.4999999999999998,4,4,-0.6181942898630057,0.35019224332163745,0.350066986,3.1780538303479458,0.0,9.236105579862208,3.3350575791576103,4.04305126783455,0.0,0.0,0,0,0.35,0,0,249000,0,0
2015-01-26,21,25,12,0,3,0,2,0.8660254037844387,-0.4999999999999998,4,4,1.2030558483218834,0.7690679557928154,0.769292929,0.0,0.0,7.390798521735676,1.4060969884160703,2.1972245773362196,0.0,0.0,0,0,0.7,1,0,137895,0,0
2015-01-26,21,25,12,1,15,0,2,0.8660254037844387,-0.4999999999999998,4,4,0.8485804312711388,0.7002692707769425,0.70043672,3.713572066704308,7.198931240688173,8.71948076085107,2.725235025856311,3.5263605246161616,26.733749965544586,25.38602694658882,0,0,0.7,0,0,144015,0,0
2015-01-27,22,26,1,0,0,0,3,1.2246467991473532e-16,-1.0,4,4,1.2535722804068983,0.777917627401838,0.77815,0.0,0.0,7.0909098220799835,1.3711807233098425,2.302585092994046,0.0,0.0,0,0,0.75,1,0,248550,0,0
2015-01-27,22,26,1,1,12,0,3,1.2246467991473532e-16,-1.0,4,4,1.3863716850104917,0.8000123715355054,0.800263218,4.02535169073515,0.0,8.848078421168667,3.1328821117012247,4.060443010546419,0.0,0.0,0,0,0.75,0,0,255510,0,0
2015-01-27,22,26,2,0,4,0,3,1.2246467991473532e-16,-1.0,4,4,1.3114721674780874,0.7877593984962407,0.788,0.0,0.0,7.0909098220799835,1.3711807233098425,2.302585092994046,0.0,0.0,0,0,0.75,1,0,245220,0,0
2015-01-27,22,26,2,1,16,0,3,1.2246467991473532e-16,-1.0,4,4,7.780303087908306,0.9995822890559732,1.000230409,4.787491742782046,0.0,8.830689198760998,3.1144038032714896,4.04305126783455,0.0,0.0,0,0,0.75,0,0,252060,0,0
2015-01-27,22,26,3,0,5,0,3,1.2246467991473532e-16,-1.0,4,4,1.8284140086328207,0.8615726817042607,0.861875,0.0,0.0,7.273092595999522,1.3711807233098425,2.4849066497880004,0.0,0.0,0,0,0.75,1,0,229230,0,0
2015-01-27,22,26,3,1,17,0,3,1.2246467991473532e-16,-1.0,4,4,7.780303087908306,0.9995822890559732,1.000230409,4.787491742782046,7.170119543449628,8.830689198760998,3.1144038032714896,4.04305126783455,34.32688810902527,28.989160910669305,0,0,0.75,0,0,236070,0,0
2015-01-27,22,26,4,0,6,0,3,1.2246467991473532e-16,-1.0,4,4,2.756099294515432,0.9402568922305764,0.940625,0.0,0.0,7.273092595999522,1.4586150226995167,2.4849066497880004,0.0,0.0,0,0,0.8,1,0,298620,0,0
2015-01-27,22,26,4,1,18,0,3,1.2246467991473532e-16,-1.0,4,4,1.734758123756923,0.8500200251161236,0.850312684,4.110873864173311,0.0,8.821879862683842,3.1144038032714896,4.034240638152395,0.0,0.0,0,0,0.8,0,0,305400,0,0
2015-01-27,22,26,5,0,7,0,3,1.2246467991473532e-16,-1.0,4,4,2.5272860696485924,0.9260326743893066,0.926388889,0.0,0.0,7.273092595999522,1.423108334242607,2.4849066497880004,0.0,0.0,0,0,0.5,1,0,242100,0,0
2015-01-27,22,26,5,1,19,0,3,1.2246467991473532e-16,-1.0,4,4,0.00014126188828854008,0.5000353154720134,0.500035345,3.4339872044851463,7.283448228756631,8.848078421168667,3.0344721018699214,4.060443010546419,25.011268022080273,29.57402645313156,0,0,0.5,0,0,249060,0,0
2015-01-27,22,26,6,0,8,0,3,1.2246467991473532e-16,-1.0,4,4,0.4997375854145776,0.6223976608187135,0.6225,0.0,0.0,6.8679744089702925,1.0647107369924282,2.0794415416798357,0.0,0.0,0,0,0.8,1,0,143715,0,1
2015-01-27,22,26,6,1,20,0,3,1.2246467991473532e-16,-1.0,4,4,0.5011328223108584,0.6227255116959064,0.622828125,3.5553480614894135,5.82600010738045,8.253488028345904,3.414442608412176,3.4657359027997265,20.713458188012197,20.191377741863487,0,0,0.8,0,0,147555,0,1
2015-01-27,22,26,7,0,9,0,3,1.2246467991473532e-16,-1.0,4,4,1.4069730912482763,0.8032880816474519,0.803541667,0.0,0.0,6.8679744089702925,1.423108334242607,2.0794415416798357,0.0,0.0,0,0,0.5,1,0,232890,0,0
2015-01-27,22,26,8,0,10,0,3,1.2246467991473532e-16,-1.0,4,4,1.697207982956496,0.8451697295472013,0.845458333,0.0,0.0,6.8679744089702925,1.3711807233098425,2.0794415416798357,0.0,0.0,0,0,0.65,1,0,214020,0,0
2015-01-27,22,26,8,1,22,0,3,1.2246467991473532e-16,-1.0,4,4,0.6198374276269765,0.650181573122807,0.650307143,3.1780538303479458,0.0,5.484796933490655,2.7140322727797574,3.9512437185814275,0.0,0.0,0,0,0.65,0,0,214260,0,0
2015-01-27,22,26,9,1,23,0,3,1.2246467991473532e-16,-1.0,4,4,0.8483399822903442,0.7002187999766082,0.700386207,3.9318256327243257,7.166265974133638,8.848078421168667,3.3714252233284854,4.060443010546419,28.1765082480188,29.098214586387556,0,0,0.7,0,0,235980,0,0
2015-01-27,22,26,10,0,1,0,3,1.2246467991473532e-16,-1.0,4,4,3.848213218629996,0.9791271699983292,0.979527778,0.0,0.0,7.273092595999522,1.3711807233098425,2.4849066497880004,0.0,0.0,0,0,0.8,1,0,249630,0,0
2015-01-27,22,26,10,1,13,0,3,1.2246467991473532e-16,-1.0,4,4,2.19495424930865,0.8997954848387636,0.900129762,4.2626798770413155,7.034387929915503,8.812992231969966,3.1144038032714896,4.02535169073515,29.98534387615313,28.3158853469723,0,0,0.8,0,0,256350,0,0
2015-01-27,22,26,11,1,14,0,3,1.2246467991473532e-16,-1.0,4,4,-0.5297517723026929,0.3705747850626566,0.37046657,3.1780538303479458,0.0,8.776630098427717,3.874943997186725,3.9889840465642745,0.0,0.0,0,0,0.5,0,0,255480,0,1
2015-01-27,22,26,12,0,3,0,3,1.2246467991473532e-16,-1.0,4,4,1.5387658919497875,0.8232852506065163,0.823555556,0.0,0.0,6.985641817639208,1.423108334242607,2.1972245773362196,0.0,0.0,0,0,0.7,1,0,145095,0,0
2015-01-27,22,26,12,1,15,0,3,1.2246467991473532e-16,-1.0,4,4,0.8472858795749206,0.6999974840233919,0.700164706,3.713572066704308,0.0,8.314097335405807,2.725235025856311,3.5263605246161616,0.0,0.0,0,0,0.7,0,0,149175,0,0
2015-01-28,23,27,1,0,0,0,4,-0.8660254037844384,-0.5000000000000004,4,4,2.8482419546261,0.9452277360066833,0.9456,0.0,0.0,7.0909098220799835,1.3711807233098425,2.302585092994046,0.0,0.0,0,0,0.75,1,0,256710,0,0
2015-01-28,23,27,1,1,12,0,4,-0.8660254037844384,-0.5000000000000004,4,4,1.7351452285062192,0.8500693688588137,0.850362069,4.406719247264253,7.533158807455563,8.848078421168667,3.1328821117012247,4.060443010546419,33.19651590951266,30.58796202706914,0,0,0.75,0,0,263670,0,0
2015-01-28,23,27,2,0,4,0,4,-0.8660254037844384,-0.5000000000000004,4,4,2.218360281855625,0.9018861967518798,0.902222222,0.0,0.0,7.496097345175956,1.3711807233098425,2.70805020110221,0.0,0.0,0,0,0.8,1,0,253860,0,0
2015-01-28,23,27,2,1,16,0,4,-0.8660254037844384,-0.5000000000000004,4,4,7.780303087908306,0.9995822890559732,1.000230409,4.51085950651685,7.352441100243583,8.830689198760998,3.1144038032714896,4.04305126783455,33.165828833138974,29.726296312018675,0,0,0.8,0,0,260700,0,0
2015-01-28,23,27,3,1,17,0,4,-0.8660254037844384,-0.5000000000000004,4,4,7.780303087908306,0.9995822890559732,1.000230409,4.736198448394496,0.0,8.830689198760998,3.1144038032714896,4.04305126783455,0.0,0.0,0,0,0.8,0,0,242910,0,0
2015-01-28,23,27,4,0,6,0,4,-0.8660254037844384,-0.5000000000000004,4,4,0.9566615371392411,0.7224528915989974,0.722638889,0.0,0.0,7.273092595999522,1.4586150226995167,2.4849066497880004,0.0,0.0,0,0,0.8,1,0,306840,0,1
2015-01-28,23,27,4,1,18,0,4,-0.8660254037844384,-0.5000000000000004,4,4,1.3877865312412259,0.8002386403475356,0.800489676,3.9318256327243257,0.0,8.821879862683842,3.1144038032714896,4.034240638152395,0.0,0.0,0,0,0.8,0,0,313620,0,0
2015-01-28,23,27,5,1,19,0,4,-0.8660254037844384,-0.5000000000000004,4,4,1.388066615315452,0.8002834099147869,0.800534483,4.48863636973214,6.952728644624869,8.848078421168667,3.0344721018699214,4.060443010546419,31.20827066314163,28.231158429292925,0,0,0.6,0,0,256020,0,0
2015-01-28,23,27,6,0,8,0,4,-0.8660254037844384,-0.5000000000000004,4,4,3.7559844949178314,0.9771565956357562,0.977555556,0.0,0.0,7.496097345175956,1.0647107369924282,2.70805020110221,0.0,0.0,0,0,0.35,1,0,149355,0,0
2015-01-28,23,27,6,1,20,0,4,-0.8660254037844384,-0.5000000000000004,4,4,-0.24909144513040676,0.4380471380517962,0.437995338,3.1780538303479458,6.238324625039508,7.496097345175956,2.933324813425374,3.4657359027997265,19.82573146956072,21.620385626319063,0,0,0.35,0,0,151155,0,0
2015-01-28,23,27,7,0,9,0,4,-0.8660254037844384,-0.5000000000000004,4,4,-0.37873348742988844,0.40643240077861315,0.406354167,0.0,0.0,6.8679744089702925,1.3711807233098425,2.0794415416798357,0.0,0.0,0,0,0.6,1,0,233850,0,1
2015-01-28,23,27,7,1,21,0,4,-0.8660254037844384,-0.5000000000000004,4,4,-0.9172788569989156,0.2855126702322473,0.285333333,0.0,0.0,8.79497643168877,3.1587011018321305,4.007333185232471,0.0,0.0,0,0,0.6,0,0,240450,0,1
2015-01-28,23,27,8,0,10,0,4,-0.8660254037844384,-0.5000000000000004,4,4,0.21396771433202488,0.5532887771662489,0.553333333,0.0,0.0,6.8679744089702925,1.423108334242607,2.0794415416798357,0.0,0.0,0,0,0.65,1,0,215220,0,1
2015-01-28,23,27,8,1,22,0,4,-0.8660254037844384,-0.5000000000000004,4,4,-0.12929880107069097,0.4677202587502089,0.467693269,0.0,5.820082930352362,8.738895704934043,3.6399517804905126,3.9512437185814275,0.0,22.996566120177757,0,0,0.7,0,0,221460,0,1
2015-01-28,23,27,9,1,23,0,4,-0.8660254037844384,-0.5000000000000004,4,4,1.100660014671362,0.7503837520367586,0.750593103,4.1588830833596715,7.201170883281678,8.848078421168667,3.3714252233284854,4.060443010546419,29.948827766862394,29.239943980771475,0,0,0.7,0,0,242940,0,0
2015-01-28,23,27,10,0,1,0,4,-0.8660254037844384,-0.5000000000000004,4,4,1.6600807612850594,0.840248844,0.840533333,0.0,0.0,7.0909098220799835,1.3711807233098425,2.302585092994046,0.0,0.0,0,0,0.8,1,0,257550,0,0
2015-01-28,23,27,10,1,13,0,4,-0.8660254037844384,-0.5000000000000004,4,4,1.7364791584990642,0.8502393007752715,0.850532143,4.110873864173311,7.069874128458572,8.812992231969966,3.1144038032714896,4.02535169073515,29.063360777675413,28.458729776275405,0,0,0.8,0,0,264270,0,0
2015-01-28,23,27,11,0,2,0,4,-0.8660254037844384,-0.5000000000000004,4,4,-1.048173342743709,0.2595760233918129,0.259375,0.0,0.0,6.8679744089702925,1.0647107369924282,2.0794415416798357,0.0,0.0,0,0,0.5,1,0,256440,0,1
2015-01-28,23,27,11,1,14,0,4,-0.8660254037844384,-0.5000000000000004,4,4,0.002267337205248443,0.5005668340584796,0.500567308,3.8501476017100584,0.0,8.679482094459956,3.0007198150650303,3.9889840465642745,0.0,0.0,0,0,0.5,0,0,262320,0,0
2015-01-28,23,27,12,0,3,0,4,-0.8660254037844384,-0.5000000000000004,4,4,1.1273096307003434,0.755342059294904,0.755555556,0.0,0.0,6.985641817639208,1.4060969884160703,2.1972245773362196,0.0,0.0,0,0,0.75,1,0,150255,0,0
2015-01-28,23,27,12,1,15,0,4,-0.8660254037844384,-0.5000000000000004,4,4,1.0990082789402598,0.7500742408253969,0.750283333,3.828641396489095,0.0,8.188966863648876,2.725235025856311,3.5553480614894135,0.0,0.0,0,0,0.75,0,0,153855,0,0
2015-01-29,24,28,1,0,0,0,5,-0.8660254037844386,0.5000000000000001,0,5,1.761290448681675,0.8533712061253134,0.853666667,0.0,0.0,7.0909098220799835,1.3711807233098425,2.302585092994046,0.0,0.0,0,0,0.75,1,0,264870,0,0
2015-01-29,24,28,1,1,12,0,5,-0.8660254037844386,0.5000000000000001,0,5,1.7351452285062192,0.8500693688588137,0.850362069,4.406719247264253,7.365180126021013,8.848078421168667,3.1328821117012247,4.060443010546419,32.45628102090495,29.905894164117417,0,0,0.75,0,0,271830,0,0
2015-01-29,24,28,2,0,4,0,5,-0.8660254037844386,0.5000000000000001,0,5,1.2259274291577404,0.7731049843508772,0.773333333,0.0,0.0,7.0909098220799835,1.3711807233098425,2.302585092994046,0.0,0.0,0,0,0.8,1,0,261900,0,1
2015-01-29,24,28,2,1,16,0,5,-0.8660254037844386,0.5000000000000001,0,5,7.780303087908306,0.9995822890559732,1.000230409,4.736198448394496,0.0,8.830689198760998,3.1144038032714896,4.04305126783455,0.0,0.0,0,0,0.8,0,0,268740,0,0
2015-01-29,24,28,3,0,5,0,5,-0.8660254037844386,0.5000000000000001,0,5,-0.029977182011502262,0.4925062656641604,0.4925,0.0,0.0,6.8679744089702925,1.3711807233098425,2.0794415416798357,0.0,0.0,0,0,0.8,1,0,243870,0,1
2015-01-29,24,28,3,1,17,0,5,-0.8660254037844386,0.5000000000000001,0,5,2.9404434295203643,0.9498098697911446,0.950185965,4.61512051684126,7.160845906664299,8.830689198760998,3.1144038032714896,4.04305126783455,33.04816686178516,28.951667121706944,0,0,0.8,0,0,250710,0,0
2015-01-29,24,28,4,0,6,0,5,-0.8660254037844386,0.5000000000000001,0,5,4.461920622353098,0.9885914786967419,0.989,0.0,0.0,7.0909098220799835,1.4586150226995167,2.302585092994046,0.0,0.0,0,0,0.8,1,0,314820,0,0
2015-01-29,24,28,4,1,18,0,5,-0.8660254037844386,0.5000000000000001,0,5,2.2024037730579997,0.9004651629072682,0.9008,4.48863636973214,7.275864600546533,8.839421607620602,3.1144038032714896,4.051784947803305,32.65871046725977,29.480238670749348,0,0,0.8,0,0,321720,0,0
2015-01-29,24,28,5,1,19,0,5,-0.8660254037844386,0.5000000000000001,0,5,1.3876868595048812,0.8002227066700084,0.800473729,4.406719247264253,6.923628628138427,8.865170419651774,3.0344721018699214,4.07753744390572,30.510487536527407,28.23135497893203,0,0,0.65,0,0,263100,0,0
2015-01-29,24,28,6,0,8,0,5,-0.8660254037844386,0.5000000000000001,0,5,2.1824967706259755,0.8986666666666666,0.899,0.0,0.0,7.0909098220799835,1.0647107369924282,2.302585092994046,0.0,0.0,0,0,0.5,1,0,152355,0,0
2015-01-29,24,28,6,1,20,0,5,-0.8660254037844386,0.5000000000000001,0,5,0.0004703147689031588,0.5001175786900585,0.500117677,3.1780538303479458,6.576469569048224,8.284251797621916,2.933324813425374,3.4965075614664802,20.90037430408041,22.99467557593132,0,0,0.5,0,0,156315,0,0
2015-01-29,24,28,7,1,21,0,5,-0.8660254037844386,0.5000000000000001,0,5,-0.048289013703071156,0.4879300918964077,0.48792,0.0,6.7226297948554485,8.79497643168877,3.1587011018321305,4.007333185232471,0.0,26.9398174689568,0,0,0.65,0,0,247050,0,1
2015-01-29,24,28,8,0,10,0,5,-0.8660254037844386,0.5000000000000001,0,5,1.9665184425363817,0.8772366677259817,0.877552083,0.0,0.0,6.8679744089702925,1.423108334242607,2.0794415416798357,0.0,0.0,0,0,0.65,1,0,222420,0,0
2015-01-29,24,28,9,1,23,0,5,-0.8660254037844386,0.5000000000000001,0,5,1.7336411835545447,0.8498775752213867,0.850170115,3.9889840465642745,7.065613363597717,8.848078421168667,3.3714252233284854,4.060443010546419,28.184618986582638,28.689520397443726,0,0,0.7,0,0,249900,0,0
2015-01-29,24,28,10,0,1,0,5,-0.8660254037844386,0.5000000000000001,0,5,1.7877548681194477,0.8566517961570593,0.85695,0.0,0.0,7.0909098220799835,1.3711807233098425,2.302585092994046,0.0,0.0,0,0,0.8,1,0,265470,0,0
2015-01-29,24,28,10,1,13,0,5,-0.8660254037844386,0.5000000000000001,0,5,2.19495424930865,0.8997954848387636,0.900129762,4.48863636973214,0.0,8.812992231969966,3.1144038032714896,4.02535169073515,0.0,0.0,0,0,0.8,0,0,272190,0,0
2015-01-29,24,28,11,0,2,0,5,-0.8660254037844386,0.5000000000000001,0,5,1.8512922120070192,0.8642787521035923,0.864583333,0.0,0.0,6.8679744089702925,1.0647107369924282,2.0794415416798357,0.0,0.0,0,0,0.6,1,0,263280,0,0
2015-01-29,24,28,11,1,14,0,5,-0.8660254037844386,0.5000000000000001,0,5,0.40760543590516607,0.6005135685547202,0.60059761,3.8501476017100584,7.379008127628304,8.371242135931933,3.0007198150650303,3.9318256327243257,28.410270445587145,29.0129733002901,0,0,0.6,0,0,267600,0,0
2015-01-29,24,28,12,0,3,0,5,-0.8660254037844386,0.5000000000000001,0,5,0.5518045696002807,0.634554163518797,0.634666667,0.0,0.0,6.985641817639208,1.4060969884160703,2.1972245773362196,0.0,0.0,0,0,0.75,1,0,154935,0,1
2015-01-29,24,28,12,1,15,0,5,-0.8660254037844386,0.5000000000000001,0,5,1.1009457637457079,0.7504372712882207,0.750646667,3.828641396489095,0.0,8.343077871169383,2.725235025856311,3.5553480614894135,0.0,0.0,0,0,0.75,0,0,159135,0,0
2015-01-31,25,30,1,0,0,0,0,0.0,1.0,0,5,3.5279429572500653,0.9714724592581454,0.971866667,0.0,0.0,7.496097345175956,1.3711807233098425,2.70805020110221,0.0,0.0,0,0,0.75,1,0,273630,0,0
2015-01-31,25,30,1,1,12,0,0,0.0,1.0,0,5,1.7351452285062192,0.8500693688588137,0.850362069,4.406719247264253,7.315218389752975,8.848078421168667,3.1328821117012247,4.060443010546419,32.23611367606585,29.703027381293097,0,0,0.75,0,0,280590,0,0
2015-01-31,25,30,2,0,4,0,0,0.0,1.0,0,5,3.5279429572500653,0.9714724592581454,0.971866667,0.0,0.0,7.0909098220799835,1.3711807233098425,2.302585092994046,0.0,0.0,0,0,0.8,1,0,269940,0,0
2015-01-31,25,30,2,1,16,0,0,0.0,1.0,0,5,7.780303087908306,0.9995822890559732,1.000230409,4.736198448394496,0.0,8.830689198760998,3.1144038032714896,4.04305126783455,0.0,0.0,0,0,0.8,0,0,276780,0,0
2015-01-31,25,30,3,0,5,0,0,0.0,1.0,0,5,3.5279429572500653,0.9714724592581454,0.971866667,0.0,0.0,6.8679744089702925,1.3711807233098425,2.0794415416798357,0.0,0.0,0,0,0.8,1,0,251670,0,0
2015-01-31,25,30,3,1,17,0,0,0.0,1.0,0,5,7.780303087908306,0.9995822890559732,1.000457471,4.736198448394496,7.036148493750536,8.848078421168667,3.1144038032714896,4.060443010546419,33.324595578774556,28.56987997261608,0,0,0.8,0,0,258630,0,0
2015-01-31,25,30,4,0,6,0,0,0.0,1.0,0,5,3.5279429572500653,0.9714724592581454,0.971866667,0.0,0.0,7.0909098220799835,1.3711807233098425,2.302585092994046,0.0,0.0,0,0,0.8,1,0,322920,0,0
2015-01-31,25,30,4,1,18,0,0,0.0,1.0,0,5,2.199476065981367,0.9002024515655805,0.900537069,4.48863636973214,7.267525427828172,8.804024902413179,3.1144038032714896,4.051784947803305,32.621278953302664,29.44645013625196,0,0,0.8,0,0,329580,0,0
2015-01-31,25,30,5,0,7,0,0,0.0,1.0,0,5,3.5279429572500653,0.9714724592581454,0.971866667,0.0,0.0,5.484796933490655,1.3711807233098425,0.6931471805599453,0.0,0.0,0,0,0.7,1,0,263340,0,0
2015-01-31,25,30,5,1,19,0,0,0.0,1.0,0,5,0.6483244371333269,0.6566327791378446,0.656763743,4.04305126783455,0.0,8.679482094459956,3.9296664406007413,4.07753744390572,0.0,0.0,0,0,0.7,0,0,269220,1,1
2015-01-31,25,30,6,0,8,0,0,0.0,1.0,0,5,3.5279429572500653,0.9714724592581454,0.971866667,0.0,0.0,7.0909098220799835,1.3711807233098425,2.302585092994046,0.0,0.0,0,0,0.6,1,0,157515,0,0
2015-01-31,25,30,6,1,20,0,0,0.0,1.0,0,5,0.40807608344607404,0.6006264701553885,0.600710606,3.1780538303479458,0.0,8.284251797621916,2.933324813425374,3.4965075614664802,0.0,0.0,0,0,0.6,0,0,161475,0,0
2015-01-31,25,30,7,0,9,0,0,0.0,1.0,0,5,3.5279429572500653,0.9714724592581454,0.971866667,0.0,0.0,7.0909098220799835,1.3711807233098425,2.302585092994046,0.0,0.0,0,0,0.7,1,0,248250,0,0
2015-01-31,25,30,7,1,21,0,0,0.0,1.0,0,5,-0.4518406234760227,0.3889232305530493,0.388830357,0.0,0.0,8.812992231969966,3.1587011018321305,4.02535169073515,0.0,0.0,0,0,0.7,0,0,254970,0,1
2015-01-31,25,30,8,0,10,0,0,0.0,1.0,0,5,3.5279429572500653,0.9714724592581454,0.971866667,0.0,0.0,6.8679744089702925,1.3711807233098425,2.0794415416798357,0.0,0.0,0,0,0.65,1,0,223380,0,0
2015-01-31,25,30,8,1,22,0,0,0.0,1.0,0,5,-0.9092051007669468,0.28716252575438594,0.286984568,0.0,7.0431599159883405,8.776630098427717,3.1587011018321305,3.9889840465642745,0.0,28.095052542278466,0,0,0.5,0,0,229860,0,1
2015-01-31,25,30,9,0,11,0,0,0.0,1.0,0,5,3.5279429572500653,0.9714724592581454,0.971866667,0.0,0.0,5.484796933490655,1.3711807233098425,0.6931471805599453,0.0,0.0,0,0,0.75,1,0,250140,0,0
2015-01-31,25,30,9,1,23,0,0,0.0,1.0,0,5,1.737094354431423,0.8503176182923977,0.850610526,4.406719247264253,6.9874902470009905,8.830689198760998,3.3714252233284854,4.04305126783455,30.791907761530517,28.25078130211891,0,0,0.75,0,0,256980,0,0
2015-01-31,25,30,10,0,1,0,0,0.0,1.0,0,5,3.5279429572500653,0.9714724592581454,0.971866667,0.0,0.0,7.0909098220799835,1.3711807233098425,2.302585092994046,0.0,0.0,0,0,0.8,1,0,273390,0,0
2015-01-31,25,30,10,1,13,0,0,0.0,1.0,0,5,2.4407968207437056,0.9198858298913951,0.920236905,4.543294782270004,0.0,8.812992231969966,3.1144038032714896,4.02535169073515,0.0,0.0,0,0,0.8,0,0,280110,0,0
2015-01-31,25,30,11,0,2,0,0,0.0,1.0,0,5,3.5279429572500653,0.9714724592581454,0.971866667,0.0,0.0,6.398594934535208,1.3711807233098425,1.6094379124341003,0.0,0.0,0,0,0.65,1,0,268200,0,0
2015-01-31,25,30,11,1,14,0,0,0.0,1.0,0,5,0.6191390382559534,0.6500227109507101,0.650148148,3.912023005428146,7.257002707092073,8.776630098427717,3.0007198150650303,3.9889840465642745,28.38956154059852,28.948068024464032,0,0,0.65,0,0,274680,0,0
2015-01-31,25,30,12,0,3,0,0,0.0,1.0,0,5,3.5279429572500653,0.9714724592581454,0.971866667,0.0,0.0,6.985641817639208,1.4060969884160703,2.1972245773362196,0.0,0.0,0,0,0.75,1,0,160215,0,0
2015-01-31,25,30,12,1,15,0,0,0.0,1.0,0,5,1.1009457637457079,0.7504372712882207,0.750646667,3.828641396489095,7.098375638590786,8.343077871169383,2.725235025856311,3.5553480614894135,27.177134817738402,25.23719606638743,0,0,0.75,0,0,164415,0,0
2015-02-01,26,31,1,0,0,0,1,0.8660254037844386,0.5000000000000001,1,5,2.945751116562799,0.9500622897376776,0.950438596,0.0,0.0,7.732369222284388,1.3711807233098425,2.9444389791664403,0.0,0.0,0,0,0.75,1,0,282870,0,0
2015-02-01,26,31,1,1,12,0,1,0.8660254037844386,0.5000000000000001,1,5,7.780303087908306,0.9995822890559732,1.000402055,4.736198448394496,7.367077059881012,8.026496938945412,3.1328821117012247,4.069026754237811,34.89193894021113,29.97683365718747,0,0,0.8,0,0,285930,0,0
2015-02-01,26,31,2,0,4,0,1,0.8660254037844386,0.5000000000000001,1,5,2.3435706837455608,0.9124218326917293,0.912766667,0.0,0.0,7.0909098220799835,1.3711807233098425,2.302585092994046,0.0,0.0,0,0,0.8,1,0,277980,0,0
2015-02-01,26,31,2,1,16,0,1,0.8660254037844386,0.5000000000000001,1,5,7.780303087908306,0.9995822890559732,1.000671304,4.736198448394496,7.242082359256962,8.839421607620602,3.1144038032714896,4.051784947803305,34.29993923305797,29.343360293989203,0,0,0.8,0,0,284880,0,0
2015-02-01,26,31,3,1,17,0,1,0.8660254037844386,0.5000000000000001,1,5,2.9404434295203643,0.9498098697911446,0.950185965,4.61512051684126,7.025538314638521,8.830689198760998,3.1144038032714896,4.04305126783455,32.4237060177426,28.40461159021948,0,0,0.8,0,0,265470,0,0
2015-02-01,26,31,4,0,6,0,1,0.8660254037844386,0.5000000000000001,1,5,1.6942416608705457,0.844781165433584,0.845069444,0.0,0.0,7.273092595999522,1.4586150226995167,2.4849066497880004,0.0,0.0,0,0,0.8,1,0,331020,0,0
2015-02-01,26,31,4,1,18,0,1,0.8660254037844386,0.5000000000000001,1,5,1.7332014833075202,0.8498214671345029,0.85011396,4.110873864173311,7.29505641646263,8.85666093701725,3.1144038032714896,4.069026754237811,29.989056760106042,29.683779732260653,0,0,0.8,0,0,338040,0,0
2015-02-01,26,31,6,0,8,0,1,0.8660254037844386,0.5000000000000001,1,5,-0.7799905802647167,0.31432191623391814,0.314166667,0.0,0.0,7.0909098220799835,1.0647107369924282,2.302585092994046,0.0,0.0,0,0,0.6,1,0,162675,0,1
2015-02-01,26,31,6,1,20,0,1,0.8660254037844386,0.5000000000000001,1,5,0.6229136235489227,0.6508809163876358,0.651007071,3.295836866004329,6.782192056006791,8.284251797621916,2.933324813425374,3.4965075614664802,22.35299861050888,23.71398580714564,0,0,0.65,0,0,166635,0,0
2015-02-01,26,31,7,0,9,0,1,0.8660254037844386,0.5000000000000001,1,5,2.109952953908622,0.8918667961771095,0.892194444,0.0,0.0,7.6783263565068856,1.3711807233098425,2.8903717578961645,0.0,0.0,0,0,0.7,1,0,257130,0,0
2015-02-01,26,31,7,1,21,0,1,0.8660254037844386,0.5000000000000001,1,5,-0.35724159724301324,0.41162746108270676,0.411553571,0.0,7.244941546337007,8.812992231969966,3.1888289035159043,4.02535169073515,0.0,29.163437702825,0,0,0.7,0,0,263850,0,1
2015-02-01,26,31,8,0,10,0,1,0.8660254037844386,0.5000000000000001,1,5,7.780303087908306,0.9995822890559732,1.0115625,0.0,0.0,6.8679744089702925,1.423108334242607,2.0794415416798357,0.0,0.0,0,0,0.65,1,0,230820,0,0
2015-02-01,26,31,8,1,22,0,1,0.8660254037844386,0.5000000000000001,1,5,-0.13279910128357986,0.4668489302857143,0.466821212,0.0,7.087573705557973,8.79497643168877,3.1888289035159043,4.007333185232471,0.0,28.40226931306354,0,0,0.6,0,0,237420,0,1
2015-02-01,26,31,9,1,23,0,1,0.8660254037844386,0.5000000000000001,1,5,1.100660014671362,0.7503837520367586,0.750593103,3.828641396489095,0.0,8.848078421168667,3.3714252233284854,4.060443010546419,0.0,0.0,0,0,0.75,0,0,263940,0,0
2015-02-01,26,31,10,0,1,0,1,0.8660254037844386,0.5000000000000001,1,5,2.052273179677888,0.8861771094402673,0.8865,0.0,0.0,7.0909098220799835,1.3711807233098425,2.302585092994046,0.0,0.0,0,0,0.8,1,0,281310,0,0
2015-02-01,26,31,10,1,13,0,1,0.8660254037844386,0.5000000000000001,1,5,1.7364791584990642,0.8502393007752715,0.850532143,4.330733340286331,7.1569563646156364,8.812992231969966,3.1144038032714896,4.02535169073515,30.99486954321539,28.80926640282324,0,0,0.8,0,0,288030,0,0
2015-02-01,26,31,11,1,14,0,1,0.8660254037844386,0.5000000000000001,1,5,0.848924196481358,0.7003414194519632,0.700508929,4.330733340286331,7.084226422097916,8.71948076085107,3.0007198150650303,3.9889840465642745,30.67989555631679,28.258866179997696,0,0,0.7,0,0,280800,0,0
2015-02-01,26,31,12,0,3,0,1,0.8660254037844386,0.5000000000000001,1,5,0.8592185195623349,0.7024973548304094,0.702666667,0.0,0.0,6.985641817639208,1.4060969884160703,2.1972245773362196,0.0,0.0,0,0,0.75,1,0,165495,0,1
2015-02-01,26,31,12,1,15,0,1,0.8660254037844386,0.5000000000000001,1,5,1.0999003089999395,0.7502414260384295,0.750450658,3.828641396489095,0.0,7.273092595999522,2.725235025856311,3.5553480614894135,0.0,0.0,0,0,0.75,0,0,166935,0,0
2015-02-02,27,32,1,0,0,0,2,0.8660254037844387,-0.4999999999999998,1,5,0.018371120630622205,0.5045926509908104,0.504596491,0.0,0.0,7.732369222284388,1.3711807233098425,2.9444389791664403,0.0,0.0,0,0,0.75,1,0,288210,0,1
2015-02-02,27,32,1,1,12,0,2,0.8660254037844387,-0.4999999999999998,1,5,7.780303087908306,0.9995822890559732,1.000602279,4.736198448394496,9.734062477477194,8.85666093701725,3.1328821117012247,4.069026754237811,46.10245160240257,39.60816064827709,0,0,0.8,0,0,295230,0,0
2015-02-02,27,32,2,1,16,0,2,0.8660254037844387,-0.4999999999999998,1,5,2.1952717023928834,0.8998241039097744,0.900158405,4.48863636973214,0.0,8.85666093701725,3.1144038032714896,4.069026754237811,0.0,0.0,0,0,0.8,0,0,291900,0,0
2015-02-02,27,32,3,1,17,0,2,0.8660254037844387,-0.4999999999999998,1,5,2.1950845545873037,0.899807233015873,0.90014152,4.2626798770413155,0.0,8.830689198760998,3.1144038032714896,4.04305126783455,0.0,0.0,0,0,0.8,0,0,272310,0,0
2015-02-02,27,32,4,0,6,0,2,0.8660254037844387,-0.4999999999999998,1,5,1.4433816191484772,0.808977768384294,0.809236111,0.0,0.0,7.273092595999522,1.4586150226995167,2.4849066497880004,0.0,0.0,0,0,0.8,1,0,339480,0,0
2015-02-02,27,32,4,1,18,0,2,0.8660254037844387,-0.4999999999999998,1,5,1.387183779219849,0.8001422689256474,0.800393224,3.9318256327243257,10.048583072153967,8.689632748355741,3.1144038032714896,4.034240638152395,39.50927649565472,40.538402185533776,0,0,0.8,0,0,345420,0,0
2015-02-02,27,32,5,1,19,0,2,0.8660254037844387,-0.4999999999999998,1,5,0.0032042196303696336,0.5008010542222223,0.500801724,0.0,0.0,8.848078421168667,3.40452517175483,4.060443010546419,0.0,0.0,0,0,0.5,0,0,276180,0,0
2015-02-02,27,32,6,0,8,0,2,0.8660254037844387,-0.4999999999999998,1,5,-0.941899325723635,0.2805168473416875,0.280333333,0.0,0.0,7.0909098220799835,1.0647107369924282,2.302585092994046,0.0,0.0,0,0,0.6,1,0,167835,0,1
2015-02-02,27,32,6,1,20,0,2,0.8660254037844387,-0.4999999999999998,1,5,0.8481892785228362,0.700187164427736,0.700354545,3.4339872044851463,0.0,8.284251797621916,2.933324813425374,3.4965075614664802,0.0,0.0,0,0,0.7,0,0,171795,0,0
2015-02-02,27,32,7,1,21,0,2,0.8660254037844387,-0.4999999999999998,1,5,-0.8689216084010484,0.29547874239599,0.295307738,0.0,0.0,8.812992231969966,3.1888289035159043,4.02535169073515,0.0,0.0,0,0,0.7,0,0,270570,0,1
2015-02-02,27,32,8,0,10,0,2,0.8660254037844387,-0.4999999999999998,1,5,0.24898796224561626,0.5619273882472848,0.561979167,0.0,0.0,6.8679744089702925,1.423108334242607,2.0794415416798357,0.0,0.0,0,0,0.65,1,0,238380,0,1
2015-02-02,27,32,8,1,22,0,2,0.8660254037844387,-0.4999999999999998,1,5,-1.0398524149619155,0.2611784715522139,0.260978788,0.0,0.0,8.79497643168877,3.1888289035159043,4.007333185232471,0.0,0.0,0,0,0.65,0,0,244980,0,1
2015-02-02,27,32,9,0,11,0,2,0.8660254037844387,-0.4999999999999998,1,5,5.086428899647133,0.9938579083274854,0.994270833,0.0,0.0,6.8679744089702925,1.3711807233098425,2.0794415416798357,0.0,0.0,0,0,0.75,1,0,264900,0,0
2015-02-02,27,32,9,1,23,0,2,0.8660254037844387,-0.4999999999999998,1,5,1.3844992164344994,0.7997126221620718,0.799963218,4.02535169073515,9.104201775914515,8.848078421168667,3.3714252233284854,4.060443010546419,36.64761401147145,36.96709246761639,0,0,0.75,0,0,271860,0,0
2015-02-02,27,32,10,0,1,0,2,0.8660254037844387,-0.4999999999999998,1,5,1.7877548681194477,0.8566517961570593,0.85695,0.0,0.0,7.0909098220799835,1.3711807233098425,2.302585092994046,0.0,0.0,0,0,0.8,1,0,289230,0,0
2015-02-02,27,32,10,1,13,0,2,0.8660254037844387,-0.4999999999999998,1,5,2.19495424930865,0.8997954848387636,0.900129762,4.48863636973214,0.0,8.812992231969966,3.1144038032714896,4.02535169073515,0.0,0.0,0,0,0.8,0,0,295950,0,0
2015-02-02,27,32,11,1,14,0,2,0.8660254037844387,-0.4999999999999998,1,5,0.8483968210391796,0.7002307310008353,0.700398148,4.110873864173311,9.189423123720795,8.776630098427717,3.022860940942244,3.9889840465642745,37.77655934613369,36.65646223765109,0,0,0.7,0,0,287280,0,0
2015-02-02,27,32,12,0,3,0,2,0.8660254037844387,-0.4999999999999998,1,5,1.0472349039784783,0.7402435714486215,0.740444444,0.0,0.0,6.985641817639208,1.4060969884160703,2.1972245773362196,0.0,0.0,0,0,0.75,1,0,168015,0,1
2015-02-02,27,32,12,1,15,0,2,0.8660254037844387,-0.4999999999999998,1,5,1.387238369876064,0.8001509986265665,0.800401961,4.1588830833596715,9.414260328322634,8.188966863648876,2.725235025856311,3.5553480614894135,39.152808021805065,33.470972208658566,0,0,0.8,0,0,171615,0,0
2015-02-03,28,33,1,0,0,0,3,1.2246467991473532e-16,-1.0,1,5,5.185965373236429,0.9944365914786968,0.99485,0.0,0.0,7.0909098220799835,1.3711807233098425,2.302585092994046,0.0,0.0,0,0,0.8,1,0,296430,0,0
2015-02-03,28,33,1,1,12,0,3,1.2246467991473532e-16,-1.0,1,5,7.780303087908306,0.9995822890559732,1.000018551,4.736198448394496,0.0,8.839421607620602,3.1144038032714896,4.051784947803305,0.0,0.0,0,0,0.8,0,0,303330,0,0
2015-02-03,28,33,2,0,4,0,3,1.2246467991473532e-16,-1.0,1,5,7.780303087908306,0.9995822890559732,1.001416667,0.0,0.0,7.783640596221253,1.3711807233098425,2.995732273553991,0.0,0.0,0,0,0.8,1,0,294300,0,0
2015-02-03,28,33,2,1,16,0,3,1.2246467991473532e-16,-1.0,1,5,2.936168448769863,0.9496056845146198,0.949981609,4.61512051684126,0.0,8.848078421168667,3.1144038032714896,4.060443010546419,0.0,0.0,0,0,0.8,0,0,301260,0,0
2015-02-03,28,33,3,1,17,0,3,1.2246467991473532e-16,-1.0,1,5,2.9404434295203643,0.9498098697911446,0.950185965,4.61512051684126,0.0,8.830689198760998,3.1144038032714896,4.04305126783455,0.0,0.0,0,0,0.8,0,0,279150,0,0
2015-02-03,28,33,4,0,6,0,3,1.2246467991473532e-16,-1.0,1,5,0.15015618148688187,0.537468671679198,0.5375,0.0,0.0,7.273092595999522,1.4586150226995167,2.4849066497880004,0.0,0.0,0,0,0.8,1,0,346860,0,1
2015-02-03,28,33,4,1,18,0,3,1.2246467991473532e-16,-1.0,1,5,1.3874424586784895,0.8001836323408522,0.800434622,4.1588830833596715,5.831882477283517,8.605387202152153,3.1144038032714896,4.034240638152395,24.254117378916114,23.527217286786026,0,0,0.8,0,0,352320,0,0
2015-02-03,28,33,5,1,19,0,3,1.2246467991473532e-16,-1.0,1,5,-0.34233132876320754,0.41524328082205514,0.415172414,0.0,6.030685260261263,8.848078421168667,3.40452517175483,4.060443010546419,0.0,24.48725381383316,0,0,0.6,0,0,283140,0,1
2015-02-03,28,33,6,0,8,0,3,1.2246467991473532e-16,-1.0,1,5,-0.018318528176023464,0.4954204960167084,0.495416667,0.0,0.0,6.8679744089702925,1.0647107369924282,2.0794415416798357,0.0,0.0,0,0,0.7,1,0,172755,0,1
2015-02-03,28,33,6,1,20,0,3,1.2246467991473532e-16,-1.0,1,5,0.8473804256683641,0.7000173384227235,0.700184577,3.4339872044851463,0.0,8.299285906897275,2.933324813425374,3.5115454388310208,0.0,0.0,0,0,0.7,0,0,176775,0,0
2015-02-03,28,33,7,1,21,0,3,1.2246467991473532e-16,-1.0,1,5,0.1663149963022138,0.541483172073517,0.541517857,0.0,7.402451520818244,8.812992231969966,3.1888289035159043,4.02535169073515,0.0,29.797470744910697,0,0,0.7,0,0,277290,0,1
2015-02-03,28,33,8,0,10,0,3,1.2246467991473532e-16,-1.0,1,5,3.7304964027259606,0.9765806881637427,0.976979167,0.0,0.0,6.8679744089702925,1.423108334242607,2.0794415416798357,0.0,0.0,0,0,0.7,1,0,245940,0,0
2015-02-03,28,33,8,1,22,0,3,1.2246467991473532e-16,-1.0,1,5,0.3490749133675534,0.5863932298579783,0.586465465,0.0,0.0,8.804024902413179,3.1888289035159043,4.0163830207523885,0.0,0.0,0,0,0.7,0,0,252600,0,1
2015-02-03,28,33,9,0,11,0,3,1.2246467991473532e-16,-1.0,1,5,2.4369747393382455,0.9196037057811194,0.919954545,0.0,0.0,7.186144304522325,1.3711807233098425,2.3978952727983707,0.0,0.0,0,0,0.75,1,0,273180,0,0
2015-02-03,28,33,9,1,23,0,3,1.2246467991473532e-16,-1.0,1,5,1.100660014671362,0.7503837520367586,0.750593103,3.5553480614894135,6.976348070447749,8.848078421168667,3.3714252233284854,4.060443010546419,24.803345588541813,28.32706376178856,0,0,0.75,0,0,280140,0,0
2015-02-03,28,33,10,1,13,0,3,1.2246467991473532e-16,-1.0,1,5,7.768972009485575,0.9995775310342523,0.999995238,4.51085950651685,0.0,8.812992231969966,3.1144038032714896,4.02535169073515,0.0,0.0,0,0,0.8,0,0,302670,0,0
2015-02-03,28,33,11,1,14,0,3,1.2246467991473532e-16,-1.0,1,5,0.8489462734538228,0.700346052578112,0.700513566,4.110873864173311,6.853299093186078,8.658866349732383,3.2311995745570328,3.9889840465642745,28.173048125541303,27.337700749052676,0,0,0.7,0,0,293040,0,0
2015-02-03,28,33,12,0,3,0,3,1.2246467991473532e-16,-1.0,1,5,1.2539900234856927,0.7779897890659984,0.778222222,0.0,0.0,6.985641817639208,1.4060969884160703,2.1972245773362196,0.0,0.0,0,0,0.8,1,0,172695,0,1
2015-02-03,28,33,12,1,15,0,3,1.2246467991473532e-16,-1.0,1,5,1.3863454871546776,0.8000081800401002,0.800259023,3.9318256327243257,0.0,7.621195162809845,2.725235025856311,3.5553480614894135,0.0,0.0,0,0,0.8,0,0,174735,0,0
2015-02-04,29,34,1,0,0,0,4,-0.8660254037844384,-0.5000000000000004,1,5,2.5687754437132706,0.9288247838496241,0.929183333,0.0,0.0,7.0909098220799835,1.3711807233098425,2.302585092994046,0.0,0.0,0,0,0.8,1,0,304530,0,0
2015-02-04,29,34,1,1,12,0,4,-0.8660254037844384,-0.5000000000000004,1,5,2.195148016556175,0.8998129542322473,0.900147246,4.48863636973214,7.334981878871814,8.839421607620602,3.1144038032714896,4.051784947803305,32.92406643283021,29.719769169222822,0,0,0.8,0,0,311430,0,0
2015-02-04,29,34,2,0,4,0,4,-0.8660254037844384,-0.5000000000000004,1,5,3.3581072758926322,0.9663693180985797,0.966759259,0.0,0.0,7.6783263565068856,1.3711807233098425,2.8903717578961645,0.0,0.0,0,0,0.8,1,0,303420,0,0
2015-02-04,29,34,2,1,16,0,4,-0.8660254037844384,-0.5000000000000004,1,5,7.780303087908306,0.9995822890559732,1.05028058,4.61512051684126,7.142036574706803,8.839421607620602,3.1144038032714896,4.051784947803305,32.96135952796004,28.937996290057697,0,0,0.8,0,0,310320,0,0
2015-02-04,29,34,3,1,17,0,4,-0.8660254037844384,-0.5000000000000004,1,5,7.780303087908306,0.9995822890559732,1.000230409,4.736198448394496,0.0,8.830689198760998,3.1144038032714896,4.04305126783455,0.0,0.0,0,0,0.8,0,0,285990,0,0
2015-02-04,29,34,4,1,18,0,4,-0.8660254037844384,-0.5000000000000004,1,5,-0.6153878201810546,0.35083114512280705,0.350706422,3.1780538303479458,5.662960480135946,8.709630081951286,3.40452517175483,4.0163830207523885,17.997193245005086,22.744618319609806,0,0,0.35,0,1,358380,0,0
2015-02-04,29,34,5,1,19,0,4,-0.8660254037844384,-0.5000000000000004,1,5,0.6221562601754027,0.6507087972999165,0.650834808,0.0,0.0,8.669227347271736,3.40452517175483,4.069026754237811,0.0,0.0,0,0,0.65,0,1,288960,0,0
2015-02-04,29,34,6,0,8,0,4,-0.8660254037844384,-0.5000000000000004,1,5,0.12673018887461526,0.5316402119732665,0.531666667,0.0,0.0,6.8679744089702925,1.0647107369924282,2.0794415416798357,0.0,0.0,0,0,0.7,1,0,177735,0,1
2015-02-04,29,34,6,1,20,0,4,-0.8660254037844384,-0.5000000000000004,1,5,0.8498836704393438,0.7005427391244778,0.700710417,3.4339872044851463,0.0,8.119993827725105,2.933324813425374,3.4965075614664802,0.0,0.0,0,0,0.7,0,0,181095,0,0
2015-02-04,29,34,7,0,9,0,4,-0.8660254037844384,-0.5000000000000004,1,5,1.2630920221099216,0.7795579229172933,0.779791667,0.0,0.0,6.8679744089702925,1.3711807233098425,2.0794415416798357,0.0,0.0,0,0,0.7,1,0,278250,0,0
2015-02-04,29,34,7,1,21,0,4,-0.8660254037844384,-0.5000000000000004,1,5,0.8494152969653769,0.7004444732865497,0.700612069,0.0,7.294377299288821,8.848078421168667,3.1888289035159043,4.060443010546419,0.0,29.61840332118576,0,0,0.7,0,0,285210,0,0
2015-02-04,29,34,8,0,10,0,4,-0.8660254037844384,-0.5000000000000004,1,5,2.3816764447821077,0.915419326426065,0.915766667,0.0,0.0,8.006700845440367,1.423108334242607,3.2188758248682006,0.0,0.0,0,0,0.7,1,0,255600,0,0
2015-02-04,29,34,8,1,22,0,4,-0.8660254037844384,-0.5000000000000004,1,5,0.8471449639525952,0.6999678907669173,0.700135088,0.0,7.130098510125578,8.830689198760998,3.3714252233284854,4.04305126783455,0.0,28.827353821148453,0,0,0.7,0,0,262440,0,0
2015-02-04,29,34,9,0,11,0,4,-0.8660254037844384,-0.5000000000000004,1,5,1.125208143446938,0.7549534951812866,0.755166667,0.0,0.0,6.8679744089702925,1.3711807233098425,2.0794415416798357,0.0,0.0,0,0,0.75,1,0,281100,0,0
2015-02-04,29,34,9,1,23,0,4,-0.8660254037844384,-0.5000000000000004,1,5,1.3844992164344994,0.7997126221620718,0.799963218,3.9318256327243257,0.0,8.848078421168667,3.1144038032714896,4.060443010546419,0.0,0.0,0,0,0.8,0,0,288060,0,1
2015-02-04,29,34,10,1,13,0,4,-0.8660254037844384,-0.5000000000000004,1,5,7.768972009485575,0.9995775310342523,0.999995238,4.736198448394496,0.0,8.812992231969966,3.1144038032714896,4.02535169073515,0.0,0.0,0,0,0.8,0,0,309390,0,0
2015-02-04,29,34,11,1,14,0,4,-0.8660254037844384,-0.5000000000000004,1,5,0.8478290057136115,0.7001115286683375,0.700278846,4.110873864173311,6.949856455000773,8.71948076085107,2.307572634505085,3.970291913552122,28.56998326061886,27.592958883637586,0,0,0.7,0,0,299160,0,0
2015-02-04,29,34,12,0,3,0,4,-0.8660254037844384,-0.5000000000000004,1,5,0.7879866783296118,0.6873988679832915,0.687555556,0.0,0.0,6.985641817639208,1.4060969884160703,2.1972245773362196,0.0,0.0,0,0,0.8,1,0,175815,0,1
2015-02-04,29,34,12,1,15,0,4,-0.8660254037844384,-0.5000000000000004,1,5,1.387238369876064,0.8001509986265665,0.800401961,3.6635616461296463,0.0,8.314097335405807,2.725235025856311,3.5263605246161616,0.0,0.0,0,0,0.8,0,0,179895,0,0
2015-02-05,30,35,1,0,0,0,5,-0.8660254037844386,0.5000000000000001,1,6,1.697207982956496,0.8451697295472013,0.845458333,0.0,0.0,7.273092595999522,1.3711807233098425,2.4849066497880004,0.0,0.0,0,0,0.8,1,0,312870,0,0
2015-02-05,30,35,1,1,12,0,5,-0.8660254037844386,0.5000000000000001,1,6,7.780303087908306,0.9995822890559732,1.000018551,4.736198448394496,7.303843225277705,8.839421607620602,3.1144038032714896,4.051784947803305,34.592450950876916,29.593602041295345,0,0,0.8,0,0,319770,0,0
2015-02-05,30,35,2,0,4,0,5,-0.8660254037844386,0.5000000000000001,1,6,7.613685366979091,0.9995065943458645,0.999924242,0.0,0.0,7.878912912297132,1.3711807233098425,3.091042453358316,0.0,0.0,0,0,0.8,1,0,312960,0,0
2015-02-05,30,35,2,1,16,0,5,-0.8660254037844386,0.5000000000000001,1,6,7.780303087908306,0.9995822890559732,1.000446018,4.736198448394496,7.170888478512505,8.821879862683842,3.1144038032714896,4.034240638152395,33.96275088554089,28.929089711673946,0,0,0.8,0,0,319740,0,0
2015-02-05,30,35,3,1,17,0,5,-0.8660254037844386,0.5000000000000001,1,6,2.9404434295203643,0.9498098697911446,0.950185965,4.61512051684126,0.0,8.830689198760998,3.1144038032714896,4.04305126783455,0.0,0.0,0,0,0.8,0,0,292830,0,0
2015-02-05,30,35,4,1,18,0,5,-0.8660254037844386,0.5000000000000001,1,6,0.0028780995506259583,0.5007195243909774,0.500720126,3.1780538303479458,6.035481432524756,8.757940876678804,3.40452517175483,3.970291913552122,19.181084884629207,23.96262312594702,1,1,0.5,0,0,364740,0,0
2015-02-05,30,35,5,1,19,0,5,-0.8660254037844386,0.5000000000000001,1,6,0.24993568291383456,0.5621606701954888,0.562212644,0.0,6.324358962381311,8.848078421168667,3.40452517175483,4.060443010546419,0.0,25.679699144987797,0,0,0.7,0,0,295920,0,1
2015-02-05,30,35,6,0,8,0,5,-0.8660254037844386,0.5000000000000001,1,6,2.789950129669779,0.9421303258145364,0.9425,0.0,0.0,6.8679744089702925,1.0647107369924282,2.0794415416798357,0.0,0.0,0,0,0.7,1,0,182055,0,0
2015-02-05,30,35,6,1,20,0,5,-0.8660254037844386,0.5000000000000001,1,6,0.8468782841515439,0.6999118815973266,0.700079032,3.4339872044851463,0.0,7.923348211930154,2.933324813425374,3.4965075614664802,0.0,0.0,0,0,0.7,0,0,184815,0,0
2015-02-05,30,35,7,0,9,0,5,-0.8660254037844386,0.5000000000000001,1,6,1.7097975605318974,0.8468100250626566,0.8471,0.0,0.0,7.0909098220799835,1.3711807233098425,2.302585092994046,0.0,0.0,0,0,0.7,1,0,286410,0,0
2015-02-05,30,35,7,1,21,0,5,-0.8660254037844386,0.5000000000000001,1,6,0.09136647805323045,0.52282574293066,0.522844828,0.0,7.3833681469923835,8.848078421168667,3.1888289035159043,4.060443010546419,0.0,29.97974558674629,0,0,0.07,0,0,293370,0,0
2015-02-05,30,35,8,1,22,0,5,-0.8660254037844386,0.5000000000000001,1,6,-0.013789856721450063,0.496552590449457,0.496549708,0.0,0.0,8.830689198760998,3.1888289035159043,4.04305126783455,0.0,0.0,0,0,0.7,0,0,269280,0,1
2015-02-05,30,35,9,1,23,0,5,-0.8660254037844386,0.5000000000000001,1,6,1.3844992164344994,0.7997126221620718,0.799963218,3.9318256327243257,6.975413927455952,8.848078421168667,3.3714252233284854,4.060443010546419,27.42611127883357,28.323270727406666,0,0,0.8,0,0,295020,0,1
2015-02-05,30,35,10,0,1,0,5,-0.8660254037844386,0.5000000000000001,1,6,1.2159863269757576,0.7713564463391813,0.771583333,0.0,0.0,6.8679744089702925,1.3711807233098425,2.0794415416798357,0.0,0.0,0,0,0.8,1,0,310350,0,1
2015-02-05,30,35,10,1,13,0,5,-0.8660254037844386,0.5000000000000001,1,6,7.768972009485575,0.9995775310342523,0.999995238,4.736198448394496,6.946975992135418,8.812992231969966,3.1144038032714896,4.02535169073515,32.90225691498558,27.9640215554388,0,0,0.8,0,0,317070,0,0
2015-02-05,30,35,11,1,14,0,5,-0.8660254037844386,0.5000000000000001,1,6,1.099630202976674,0.7501908103592314,0.7504,3.5553480614894135,6.505784060128229,7.83241092718792,2.307572634505085,3.258096538021482,23.130326746645625,21.196472523419125,0,0,0.75,0,0,301680,0,0
2015-02-05,30,35,12,0,3,0,5,-0.8660254037844386,0.5000000000000001,1,6,2.269589334979732,0.9063269287652465,0.906666667,0.0,0.0,6.985641817639208,1.4060969884160703,2.1972245773362196,0.0,0.0,0,0,0.8,1,0,180975,0,0
2015-02-05,30,35,12,1,15,0,5,-0.8660254037844386,0.5000000000000001,1,6,1.3885555048149814,0.8003615375906432,0.800612676,3.6635616461296463,6.988413181999592,6.580639137284949,2.725235025856311,3.5263605246161616,25.602482500880544,24.64366437471058,0,0,0.8,0,0,181695,0,0
2015-02-07,31,37,1,0,0,0,0,0.0,1.0,1,6,1.8989633937728796,0.869774157283208,0.870083333,0.0,0.0,7.0909098220799835,1.3711807233098425,2.302585092994046,0.0,0.0,0,0,0.8,1,0,320970,0,0
2015-02-07,31,37,1,1,12,0,0,0.0,1.0,1,6,2.1950199765288154,0.8998014108838763,0.900135693,4.48863636973214,0.0,8.821879862683842,3.1144038032714896,4.04305126783455,0.0,0.0,0,0,0.8,0,0,327750,0,0
2015-02-07,31,37,2,0,4,0,0,0.0,1.0,1,6,7.780303087908306,0.9995822890559732,1.050666667,0.0,0.0,8.006700845440367,1.3711807233098425,3.2188758248682006,0.0,0.0,0,0,0.8,1,0,322740,0,0
2015-02-07,31,37,2,1,16,0,0,0.0,1.0,1,6,7.780303087908306,0.9995822890559732,1.000018551,4.736198448394496,7.079184394609668,8.839421607620602,3.1144038032714896,4.060443010546419,33.52842214564884,28.744624795462112,0,0,0.8,0,0,329640,0,0
2015-02-07,31,37,3,1,17,0,0,0.0,1.0,1,6,2.9404434295203643,0.9498098697911446,0.950185965,4.61512051684126,0.0,8.830689198760998,3.1144038032714896,4.04305126783455,0.0,0.0,0,0,0.8,0,0,299670,0,0
2015-02-07,31,37,4,0,6,0,0,0.0,1.0,1,6,-0.20891584265812718,0.447960178556391,0.447916667,0.0,0.0,6.8679744089702925,1.4586150226995167,2.0794415416798357,0.0,0.0,0,0,0.8,1,0,365700,0,1
2015-02-07,31,37,4,1,18,0,0,0.0,1.0,1,6,0.4060503903733854,0.6001404595187969,0.600224189,3.4339872044851463,0.0,8.821879862683842,3.40452517175483,4.04305126783455,0.0,0.0,1,1,0.6,0,0,372480,0,0
2015-02-07,31,37,5,1,19,0,0,0.0,1.0,1,6,0.18298701292178235,0.5456195295806182,0.545657673,0.0,0.0,8.922791623969637,3.40452517175483,4.07753744390572,0.0,0.0,0,0,0.7,0,0,303420,0,1
2015-02-07,31,37,6,0,8,0,0,0.0,1.0,1,6,1.7000741284034946,0.8455444162639932,0.845833333,0.0,0.0,6.8679744089702925,1.0647107369924282,2.0794415416798357,0.0,0.0,0,0,0.75,1,0,185775,0,0
2015-02-07,31,37,6,1,20,0,0,0.0,1.0,1,6,1.1002707097532298,0.7503108250125313,0.750520115,3.5553480614894135,6.70196036600254,7.353081920515432,2.933324813425374,3.4965075614664802,23.82780179544601,23.43345509637654,0,0,0.75,0,0,187335,0,0
2015-02-07,31,37,7,0,9,0,0,0.0,1.0,1,6,0.9226728827490517,0.7155864108036759,0.715766667,0.0,0.0,7.0909098220799835,1.3711807233098425,2.302585092994046,0.0,0.0,0,0,0.7,1,0,294570,0,0
2015-02-07,31,37,7,1,21,0,0,0.0,1.0,1,6,0.6728210481567194,0.6621345509941521,0.662270115,0.0,0.0,8.848078421168667,3.1888289035159043,4.060443010546419,0.0,0.0,0,0,0.7,0,1,301530,0,1
2015-02-07,31,37,8,1,22,0,0,0.0,1.0,1,6,-0.5518675631913379,0.36543122869507105,0.365318713,0.0,6.481577129276431,8.830689198760998,3.1888289035159043,4.04305126783455,0.0,26.205348630088498,0,0,0.7,0,1,276120,0,1
2015-02-07,31,37,9,0,11,0,0,0.0,1.0,1,6,1.2159863269757576,0.7713564463391813,0.771583333,0.0,0.0,6.8679744089702925,1.3711807233098425,2.0794415416798357,0.0,0.0,0,0,0.8,1,0,295980,0,1
2015-02-07,31,37,9,1,23,0,0,0.0,1.0,1,6,1.3844992164344994,0.7997126221620718,0.799963218,3.9318256327243257,0.0,8.848078421168667,3.3714252233284854,4.060443010546419,0.0,0.0,0,0,0.8,0,0,302940,0,1
2015-02-07,31,37,10,1,13,0,0,0.0,1.0,1,6,2.19495424930865,0.8997954848387636,0.900129762,4.48863636973214,7.04141166379481,8.812992231969966,3.1144038032714896,4.02535169073515,31.606336488365482,28.34415834601864,0,0,0.8,0,0,323790,0,0
2015-02-07,31,37,11,1,14,0,0,0.0,1.0,1,6,1.097646651478523,0.7498188993216374,0.750027778,3.828641396489095,6.519147287940395,8.083637203141548,2.307572634505085,3.295836866004329,24.95947717641821,21.486045966506094,0,0,0.75,0,0,304920,0,0
2015-02-07,31,37,12,0,3,0,0,0.0,1.0,1,6,2.1837164742210553,0.8987776848421053,0.899111111,0.0,0.0,6.985641817639208,1.4060969884160703,2.1972245773362196,0.0,0.0,0,0,0.8,1,0,182775,0,0
2015-02-07,31,37,12,1,15,0,0,0.0,1.0,1,6,1.387238369876064,0.8001509986265665,0.800401961,4.1588830833596715,6.92951677076365,8.314097335405807,2.725235025856311,3.5263605246161616,28.81905007378608,24.435974395086593,0,0,0.8,0,0,186855,0,0
2015-02-08,32,38,1,0,0,0,1,0.8660254037844386,0.5000000000000001,2,6,2.1190217388694697,0.892738290502924,0.893066667,0.0,0.0,7.0909098220799835,1.3711807233098425,2.302585092994046,0.0,0.0,0,0,0.8,1,0,328950,0,0
2015-02-08,32,38,1,1,12,0,1,0.8660254037844386,0.5000000000000001,2,6,2.1950199765288154,0.8998014108838763,0.900135693,4.48863636973214,0.0,8.821879862683842,3.1144038032714896,4.034240638152395,0.0,0.0,0,0,0.8,0,0,335730,0,0
2015-02-08,32,38,2,0,4,0,1,0.8660254037844386,0.5000000000000001,2,6,1.9481228064898075,0.8752418086683375,0.875555556,0.0,0.0,7.6783263565068856,1.3711807233098425,2.8903717578961645,0.0,0.0,0,0,0.8,1,0,331800,0,0
2015-02-08,32,38,2,1,16,0,1,0.8660254037844386,0.5000000000000001,2,6,7.780303087908306,0.9995822890559732,1.000018551,4.736198448394496,7.1180162044653335,8.839421607620602,3.1144038032714896,4.051784947803305,33.71233730323559,28.84067091547265,0,0,0.8,0,0,338700,0,0
2015-02-08,32,38,3,1,17,0,1,0.8660254037844386,0.5000000000000001,2,6,2.19495424930865,0.8997954848387636,0.900129762,4.48863636973214,0.0,8.812992231969966,3.1144038032714896,4.02535169073515,0.0,0.0,0,0,0.8,0,0,306390,0,0
2015-02-08,32,38,4,1,18,0,1,0.8660254037844386,0.5000000000000001,2,6,0.2745213913708464,0.5682025614469507,0.568259587,3.8066624897703196,0.0,8.821879862683842,3.40452517175483,4.034240638152395,0.0,0.0,1,1,0.65,0,0,379260,0,1
2015-02-08,32,38,5,1,19,0,1,0.8660254037844386,0.5000000000000001,2,6,0.8494446546375338,0.7004506331361738,0.700618234,0.0,0.0,8.85666093701725,3.40452517175483,4.069026754237811,0.0,0.0,0,0,0.7,0,0,310440,0,0
2015-02-08,32,38,6,0,8,0,1,0.8660254037844386,0.5000000000000001,2,6,0.447800947757771,0.610116262546366,0.610208333,0.0,0.0,6.8679744089702925,1.0647107369924282,2.0794415416798357,0.0,0.0,0,0,0.75,1,0,188295,0,1
2015-02-08,32,38,6,1,20,0,1,0.8660254037844386,0.5000000000000001,2,6,1.1009689342378093,0.7504416106599834,0.75065101,3.5553480614894135,0.0,8.284251797621916,2.933324813425374,3.4965075614664802,0.0,0.0,0,0,0.75,0,0,192255,0,0
2015-02-08,32,38,7,0,9,0,1,0.8660254037844386,0.5000000000000001,2,6,2.5612012042579466,0.9283224268805347,0.928680556,0.0,0.0,7.273092595999522,1.423108334242607,2.4849066497880004,0.0,0.0,0,0,0.7,1,0,302970,0,0
2015-02-08,32,38,7,1,21,0,1,0.8660254037844386,0.5000000000000001,2,6,-0.5942723836895754,0.35565517265497076,0.355534483,0.0,5.003946305945459,8.848078421168667,3.1888289035159043,4.060443010546419,0.0,20.318238803125812,0,0,0.7,0,0,309930,0,1
2015-02-08,32,38,8,0,10,0,1,0.8660254037844386,0.5000000000000001,2,6,1.66272977755462,0.8406041029607352,0.840888889,0.0,0.0,7.496097345175956,1.423108334242607,2.70805020110221,0.0,0.0,0,0,0.7,1,0,277920,0,0
2015-02-08,32,38,8,1,22,0,1,0.8660254037844386,0.5000000000000001,2,6,-0.6042050316433425,0.35338223910108607,0.353259649,0.0,0.0,8.830689198760998,3.1888289035159043,4.04305126783455,0.0,0.0,0,0,0.7,0,0,284760,0,1
2015-02-08,32,38,9,0,11,0,1,0.8660254037844386,0.5000000000000001,2,6,0.4360898578487191,0.6073269287652464,0.607416667,0.0,0.0,6.8679744089702925,1.3711807233098425,2.0794415416798357,0.0,0.0,0,0,0.8,1,0,303900,0,1
2015-02-08,32,38,9,1,23,0,1,0.8660254037844386,0.5000000000000001,2,6,1.3844992164344994,0.7997126221620718,0.799963218,3.9318256327243257,0.0,8.848078421168667,3.3714252233284854,4.060443010546419,0.0,0.0,0,0,0.8,0,0,310860,0,1
2015-02-08,32,38,10,1,13,0,1,0.8660254037844386,0.5000000000000001,2,6,2.2024037730579997,0.9004651629072682,0.9008,4.48863636973214,0.0,8.812992231969966,3.1144038032714896,4.02535169073515,0.0,0.0,0,0,0.8,0,0,330510,0,0
2015-02-08,32,38,11,1,14,0,1,0.8660254037844386,0.5000000000000001,2,6,1.097646651478523,0.7498188993216374,0.750027778,3.828641396489095,0.0,8.083637203141548,2.307572634505085,3.295836866004329,0.0,0.0,0,0,0.75,0,0,308160,0,0
2015-02-08,32,38,12,0,3,0,1,0.8660254037844386,0.5000000000000001,2,6,2.1033508972864143,0.8912284419181288,0.891555556,0.0,0.0,6.985641817639208,1.4060969884160703,2.1972245773362196,0.0,0.0,0,0,0.8,1,0,187935,0,0
2015-02-08,32,38,12,1,15,0,1,0.8660254037844386,0.5000000000000001,2,6,1.3869462678943096,0.800104284685046,0.800355208,4.1588830833596715,6.934397209928558,7.9658927350845286,2.725235025856311,3.5263605246161616,28.839347249668382,24.453184583100516,0,0,0.8,0,0,190815,0,0
2015-02-09,33,39,1,0,0,0,2,0.8660254037844387,-0.4999999999999998,2,6,3.2213725077639763,0.9616306881637426,0.962016667,0.0,0.0,7.0909098220799835,1.3711807233098425,2.302585092994046,0.0,0.0,0,0,0.8,1,0,336930,0,0
2015-02-09,33,39,1,1,12,0,2,0.8660254037844387,-0.4999999999999998,2,6,2.199164415056691,0.900174449978279,0.900509044,4.2626798770413155,0.0,8.188966863648876,3.1144038032714896,4.04305126783455,0.0,0.0,0,0,0.8,0,0,340530,0,0
2015-02-09,33,39,2,0,4,0,2,0.8660254037844387,-0.4999999999999998,2,6,7.780303087908306,0.9995822890559732,1.057962963,0.0,0.0,7.6783263565068856,1.3711807233098425,2.8903717578961645,0.0,0.0,0,0,0.8,1,0,340860,0,0
2015-02-09,33,39,2,1,16,0,2,0.8660254037844387,-0.4999999999999998,2,6,2.198817336883109,0.900143257059315,0.900477825,4.2626798770413155,0.0,5.8888779583328805,3.1144038032714896,4.04305126783455,0.0,0.0,0,0,0.8,0,0,341220,0,0
2015-02-09,33,39,3,1,17,0,2,0.8660254037844387,-0.4999999999999998,2,6,1.3857345225653668,0.7999104107869675,0.800161172,3.9318256327243257,7.148345743900068,8.594339400592892,3.1144038032714896,4.04305126783455,28.106049027442126,28.90112832279488,0,0,0.8,0,0,311790,0,0
2015-02-09,33,39,4,1,18,0,2,0.8660254037844387,-0.4999999999999998,2,6,1.3234851540353325,0.7897609609490392,0.790003236,3.9318256327243257,6.643789733147672,8.101980731853192,3.40452517175483,4.04305126783455,26.122222771220727,26.861182503828864,1,1,0.7,0,0,382560,0,0
2015-02-09,33,39,5,1,19,0,2,0.8660254037844387,-0.4999999999999998,2,6,0.8494446546375338,0.7004506331361738,0.700618234,3.713572066704308,0.0,8.85666093701725,3.40452517175483,4.060443010546419,0.0,0.0,0,0,0.7,0,0,317460,0,0
2015-02-09,33,39,6,0,8,0,2,0.8660254037844387,-0.4999999999999998,2,6,2.0684710474806414,0.8878007518796992,0.888125,0.0,0.0,6.8679744089702925,1.0647107369924282,2.0794415416798357,0.0,0.0,0,0,0.75,1,0,193215,0,0
2015-02-09,33,39,6,1,20,0,2,0.8660254037844387,-0.4999999999999998,2,6,0.45750934590644543,0.6124231577042607,0.612517157,0.0,6.5638555265321274,8.314097335405807,2.933324813425374,3.5263605246161616,0.0,23.146521018046524,0,0,0.75,0,0,197295,0,1
2015-02-09,33,39,7,1,21,0,2,0.8660254037844387,-0.4999999999999998,2,6,-0.6171637566294966,0.3504267852163742,0.350301724,0.0,6.736966958001855,8.848078421168667,3.40452517175483,4.060443010546419,0.0,27.355070396900803,1,1,0.35,0,0,316890,0,0
2015-02-09,33,39,8,0,10,0,2,0.8660254037844387,-0.4999999999999998,2,6,0.8805591911944841,0.7069380858446116,0.707111111,0.0,0.0,7.496097345175956,1.423108334242607,2.70805020110221,0.0,0.0,0,0,0.35,1,0,286560,0,0
2015-02-09,33,39,8,1,22,0,2,0.8660254037844387,-0.4999999999999998,2,6,-0.6171637566294966,0.3504267852163742,0.350301724,0.0,6.804614520062624,8.848078421168667,3.40452517175483,4.060443010546419,0.0,27.629749467450957,1,1,0.35,0,0,293520,0,0
2015-02-09,33,39,9,0,11,0,2,0.8660254037844387,-0.4999999999999998,2,6,0.835625815153098,0.6975431631311613,0.697708333,0.0,0.0,6.8679744089702925,1.3711807233098425,2.0794415416798357,0.0,0.0,0,0,0.8,1,0,311820,0,1
2015-02-09,33,39,9,1,23,0,2,0.8660254037844387,-0.4999999999999998,2,6,1.3844992164344994,0.7997126221620718,0.799963218,3.9318256327243257,6.97914527506881,8.848078421168667,3.3714252233284854,4.060443010546419,27.440782287022415,28.338421651741218,0,0,0.8,0,0,318780,0,1
2015-02-09,33,39,10,1,13,0,2,0.8660254037844387,-0.4999999999999998,2,6,2.2024037730579997,0.9004651629072682,0.9008,4.48863636973214,7.028201432058005,4.795790545596741,3.1144038032714896,4.02535169073515,31.547040561739067,28.29098251736189,0,0,0.8,0,0,330630,0,0
2015-02-09,33,39,11,1,14,0,2,0.8660254037844387,-0.4999999999999998,2,6,1.100953665050699,0.7504387510509607,0.750648148,3.828641396489095,0.0,0.0,2.307572634505085,3.9889840465642745,0.0,0.0,0,0,0.75,0,0,308160,0,0
2015-02-09,33,39,12,0,3,0,2,0.8660254037844387,-0.4999999999999998,2,6,-0.9835372695170325,0.2721904761904762,0.272,0.0,0.0,6.985641817639208,1.4060969884160703,2.1972245773362196,0.0,0.0,0,0,0.8,1,0,191895,0,1
2015-02-09,33,39,12,1,15,0,2,0.8660254037844387,-0.4999999999999998,2,6,1.387238369876064,0.8001509986265665,0.800401961,4.1588830833596715,6.878326468291325,8.314097335405807,2.725235025856311,3.5263605246161616,28.606155590801865,24.255458933205027,0,0,0.8,0,0,195975,0,0
2015-02-10,34,40,1,0,0,0,3,1.2246467991473532e-16,-1.0,2,6,1.761290448681675,0.8533712061253134,0.853666667,0.0,0.0,7.273092595999522,1.3711807233098425,2.4849066497880004,0.0,0.0,0,0,0.8,1,0,341970,0,0
2015-02-10,34,40,1,1,12,0,3,1.2246467991473532e-16,-1.0,2,6,2.1987388049081953,0.9001361979615705,0.90047076,4.48863636973214,0.0,0.0,3.1144038032714896,4.04305126783455,0.0,0.0,0,0,0.8,0,0,341970,0,0
2015-02-10,34,40,2,0,4,0,3,1.2246467991473532e-16,-1.0,2,6,3.3581072758926322,0.9663693180985797,0.966759259,0.0,0.0,7.6783263565068856,1.3711807233098425,2.8903717578961645,0.0,0.0,0,0,0.8,1,0,343380,0,0
2015-02-10,34,40,2,1,16,0,3,1.2246467991473532e-16,-1.0,2,6,2.193340644280419,0.8996499025630744,0.899984058,4.48863636973214,0.0,0.0,3.1144038032714896,4.04305126783455,0.0,0.0,0,0,0.8,0,0,343380,0,0
2015-02-10,34,40,3,1,17,0,3,1.2246467991473532e-16,-1.0,2,6,2.1987388049081953,0.9001361979615705,0.90047076,4.48863636973214,6.70196036600254,0.0,3.1144038032714896,4.04305126783455,30.082663047342322,27.096369354743477,0,0,0.8,0,0,311790,0,0
2015-02-10,34,40,4,0,6,0,3,1.2246467991473532e-16,-1.0,2,6,1.364608259552552,0.7965076399131162,0.796755556,0.0,0.0,7.496097345175956,1.423108334242607,2.70805020110221,0.0,0.0,0,0,0.7,1,0,384360,0,0
2015-02-10,34,40,4,1,18,0,3,1.2246467991473532e-16,-1.0,2,6,0.8494446546375338,0.7004506331361738,0.700618234,3.713572066704308,0.0,8.85666093701725,3.40452517175483,4.060443010546419,0.0,0.0,1,1,0.7,0,0,391380,0,0
2015-02-10,34,40,5,1,19,0,3,1.2246467991473532e-16,-1.0,2,6,1.0993962930818257,0.7501469720133668,0.750356125,3.828641396489095,6.752270376141742,8.85666093701725,3.40452517175483,4.060443010546419,25.852021882383266,27.417209054124378,0,0,0.75,0,0,324480,0,0
2015-02-10,34,40,6,0,8,0,3,1.2246467991473532e-16,-1.0,2,6,0.5246143476060059,0.628226120524645,0.628333333,0.0,0.0,6.8679744089702925,1.0647107369924282,2.0794415416798357,0.0,0.0,0,0,0.75,1,0,198255,0,1
2015-02-10,34,40,6,1,20,0,3,1.2246467991473532e-16,-1.0,2,6,1.1017480151789891,0.750587487689223,0.750797009,0.0,6.46302945692067,7.783640596221253,2.933324813425374,3.5263605246161616,0.0,22.79097194631648,0,0,0.75,0,0,200655,0,0
2015-02-10,34,40,7,1,21,0,3,1.2246467991473532e-16,-1.0,2,6,0.0032042196303696336,0.5008010542222223,0.500801724,3.1780538303479458,0.0,8.848078421168667,3.40452517175483,4.060443010546419,0.0,0.0,1,1,0.5,0,0,323850,0,0
2015-02-10,34,40,8,0,10,0,3,1.2246467991473532e-16,-1.0,2,6,0.8645029887524643,0.7036005983859649,0.703770833,0.0,0.0,6.8679744089702925,1.423108334242607,2.0794415416798357,0.0,0.0,0,0,0.35,1,0,294480,0,0
2015-02-10,34,40,8,1,22,0,3,1.2246467991473532e-16,-1.0,2,6,-0.43204637295614545,0.393637782619883,0.393548851,3.4339872044851463,6.967909201801884,8.848078421168667,3.40452517175483,4.060443010546419,23.92771104100198,28.29279821657854,1,1,0.5,0,0,301440,0,1
2015-02-10,34,40,9,0,11,0,3,1.2246467991473532e-16,-1.0,2,6,0.7970434317663961,0.6893416875522139,0.6895,0.0,0.0,6.8679744089702925,1.3711807233098425,2.0794415416798357,0.0,0.0,0,0,0.8,1,0,319740,0,1
2015-02-10,34,40,9,1,23,0,3,1.2246467991473532e-16,-1.0,2,6,1.389727303224891,0.8005487050960736,0.8008,3.6635616461296463,0.0,7.6783263565068856,3.3714252233284854,4.060443010546419,0.0,0.0,0,0,0.8,0,0,321900,0,0
2015-02-10,34,40,10,1,13,0,3,1.2246467991473532e-16,-1.0,2,6,2.2005372183246275,0.9002977428905597,0.90063244,4.48863636973214,7.1459844677143876,0.0,3.1144038032714896,4.02535169073515,32.07572577932376,28.765100659081227,0,0,0.8,0,0,330630,0,0
2015-02-10,34,40,11,1,14,0,3,1.2246467991473532e-16,-1.0,2,6,1.100953665050699,0.7504387510509607,0.750648148,3.5553480614894135,0.0,8.083637203141548,2.307572634505085,3.9889840465642745,0.0,0.0,0,0,0.8,0,0,311400,0,1
2015-02-10,34,40,12,0,3,0,3,1.2246467991473532e-16,-1.0,2,6,7.780303087908306,0.9995822890559732,1.004888889,0.0,0.0,6.985641817639208,1.4060969884160703,2.1972245773362196,0.0,0.0,0,0,0.8,1,0,197055,0,0
2015-02-10,34,40,12,1,15,0,3,1.2246467991473532e-16,-1.0,2,6,1.387238369876064,0.8001509986265665,0.800401961,3.9318256327243257,0.0,8.314097335405807,2.725235025856311,3.5263605246161616,0.0,0.0,0,0,0.8,0,0,201135,0,0
2015-02-11,35,41,1,0,0,0,4,-0.8660254037844384,-0.5000000000000004,2,6,0.4821787789742606,0.6182622295371764,0.618361111,0.0,0.0,7.273092595999522,1.3711807233098425,2.4849066497880004,0.0,0.0,0,0,0.8,1,0,343410,0,1
2015-02-11,35,41,1,1,12,0,4,-0.8660254037844384,-0.5000000000000004,2,6,7.780303087908306,0.9995822890559732,1.000065789,4.736198448394496,0.0,0.0,3.1144038032714896,4.04305126783455,0.0,0.0,0,0,0.8,0,0,343410,0,0
2015-02-11,35,41,2,0,4,0,4,-0.8660254037844384,-0.5000000000000004,2,6,2.3344815987755805,0.9116928122406015,0.912037037,0.0,0.0,7.6783263565068856,1.3711807233098425,2.8903717578961645,0.0,0.0,0,0,0.8,1,0,345540,0,0
2015-02-11,35,41,2,1,16,0,4,-0.8660254037844384,-0.5000000000000004,2,6,7.780303087908306,0.9995822890559732,1.000344928,4.51085950651685,0.0,0.0,3.1144038032714896,4.051784947803305,0.0,0.0,0,0,0.8,0,0,345540,0,0
2015-02-11,35,41,3,1,17,0,4,-0.8660254037844384,-0.5000000000000004,2,6,0.14775190943472416,0.5368709254670008,0.536901754,0.0,2.4849066497880004,8.830689198760998,3.1144038032714896,4.04305126783455,0.0,10.04660498087588,1,1,0.8,0,0,318630,0,1
2015-02-11,35,41,4,0,6,0,4,-0.8660254037844384,-0.5000000000000004,2,6,7.780303087908306,0.9995822890559732,1.033155556,0.0,0.0,7.496097345175956,1.423108334242607,2.70805020110221,0.0,0.0,0,0,0.7,1,0,393180,0,0
2015-02-11,35,41,4,1,18,0,4,-0.8660254037844384,-0.5000000000000004,2,6,0.8493026171894215,0.7004208300551379,0.700588406,3.713572066704308,6.504288173536645,8.689632748355741,3.40452517175483,4.085976312551584,24.15414287504087,26.57636740708014,1,1,0.7,0,0,399120,0,0
2015-02-11,35,41,5,0,7,0,4,-0.8660254037844384,-0.5000000000000004,2,6,1.898228486823932,0.8696908939014202,0.87,0.0,0.0,5.484796933490655,1.423108334242607,0.6931471805599453,0.0,0.0,0,0,0.7,1,0,324720,0,0
2015-02-11,35,41,5,1,19,0,4,-0.8660254037844384,-0.5000000000000004,2,6,1.0996634350637098,0.7501970381520467,0.750406233,4.04305126783455,0.0,8.906664409770052,3.40452517175483,4.085976312551584,0.0,0.0,0,0,0.75,0,0,332100,0,0
2015-02-11,35,41,6,1,20,0,4,-0.8660254037844384,-0.5000000000000004,2,6,1.3906504086821248,0.8006960568922306,0.800947475,3.6635616461296463,6.487684018484611,8.15507488781144,2.933324813425374,3.5263605246161616,23.76803034232848,22.87791281896728,0,0,0.8,0,0,204135,0,0
2015-02-11,35,41,7,1,21,0,4,-0.8660254037844384,-0.5000000000000004,2,6,0.4054105746684215,0.5999869119030911,0.600070513,3.1780538303479458,0.0,8.119993827725105,3.40452517175483,4.060443010546419,0.0,0.0,1,1,0.6,0,0,327210,0,0
2015-02-11,35,41,8,0,10,0,4,-0.8660254037844384,-0.5000000000000004,2,6,5.103624196450069,0.9939619883040935,0.994375,0.0,0.0,7.273092595999522,1.423108334242607,2.4849066497880004,0.0,0.0,0,0,0.35,1,0,302880,0,0
2015-02-11,35,41,8,1,22,0,4,-0.8660254037844384,-0.5000000000000004,2,6,0.9160244638894063,0.7142313707802841,0.714410494,3.4339872044851463,0.0,8.4252971767117,3.40452517175483,4.060443010546419,0.0,0.0,1,1,0.6,0,0,307440,0,0
2015-02-11,35,41,9,0,11,0,4,-0.8660254037844384,-0.5000000000000004,2,6,0.1672492594987952,0.5417151211361738,0.54175,0.0,0.0,6.8679744089702925,1.3711807233098425,2.0794415416798357,0.0,0.0,0,0,0.8,1,0,322860,0,1
2015-02-11,35,41,9,1,23,0,4,-0.8660254037844384,-0.5000000000000004,2,6,1.3856282255711485,0.7998933970125314,0.800144144,3.9318256327243257,0.0,8.083637203141548,3.3714252233284854,4.060443010546419,0.0,0.0,0,0,0.8,0,0,326100,0,0
2015-02-11,35,41,10,1,13,0,4,-0.8660254037844384,-0.5000000000000004,2,6,1.7351649373234714,0.850071880758563,0.850364583,4.330733340286331,6.395261598115449,0.0,3.1144038032714896,4.02535169073515,27.69617262281142,25.7431770866676,0,0,0.8,0,0,330630,0,0
2015-02-11,35,41,11,1,14,0,4,-0.8660254037844384,-0.5000000000000004,2,6,0.03158912045225459,0.5078966234720135,0.507903226,0.0,6.075346031088684,8.083637203141548,2.4344901638739844,3.9512437185814275,0.0,24.00517284354777,1,1,0.35,0,0,314640,0,0
2015-02-11,35,41,12,0,3,0,4,-0.8660254037844384,-0.5000000000000004,2,6,7.780303087908306,0.9995822890559732,1.02,0.0,0.0,6.985641817639208,1.4060969884160703,2.1972245773362196,0.0,0.0,0,0,0.8,1,0,202215,0,0
2015-02-11,35,41,12,1,15,0,4,-0.8660254037844384,-0.5000000000000004,2,6,1.387238369876064,0.8001509986265665,0.800401961,3.9318256327243257,6.75110146893676,8.314097335405807,2.725235025856311,3.5263605246161616,26.5441538046884,23.80681771773677,0,0,0.8,0,0,206295,0,0
2015-02-12,36,42,1,0,0,0,5,-0.8660254037844386,0.5000000000000001,2,7,0.6844773410839464,0.6647372598162072,0.664875,0.0,0.0,7.273092595999522,1.3711807233098425,2.4849066497880004,0.0,0.0,0,0,0.8,1,0,344850,0,1
2015-02-12,36,42,1,1,12,0,5,-0.8660254037844386,0.5000000000000001,2,7,7.780303087908306,0.9995822890559732,1.100483918,4.9344739331306915,7.242797922793756,0.0,3.1144038032714896,4.04305126783455,35.739397552958906,29.28300332442074,0,0,0.8,0,0,344850,0,0
2015-02-12,36,42,2,0,4,0,5,-0.8660254037844386,0.5000000000000001,2,7,0.4132181422647053,0.6018592773801169,0.601944444,0.0,0.0,7.6783263565068856,1.3711807233098425,2.8903717578961645,0.0,0.0,0,0,0.8,1,0,347700,0,1
2015-02-12,36,42,2,1,16,0,5,-0.8660254037844386,0.5000000000000001,2,7,7.780303087908306,0.9995822890559732,1.000344928,4.736198448394496,7.191429330036379,0.0,3.1144038032714896,4.051784947803305,34.060036434656965,29.138125112632604,0,0,0.8,0,0,347700,0,0
2015-02-12,36,42,3,1,17,0,5,-0.8660254037844386,0.5000000000000001,2,7,-0.6171637566294966,0.3504267852163742,0.350301724,0.0,6.647688373563329,8.848078421168667,3.40452517175483,4.060443010546419,0.0,26.992559792725913,1,1,0.35,0,0,325590,0,0
2015-02-12,36,42,4,0,6,0,5,-0.8660254037844386,0.5000000000000001,2,7,7.780303087908306,0.9995822890559732,1.096633333,0.0,0.0,7.496097345175956,1.423108334242607,2.70805020110221,0.0,0.0,0,0,0.7,1,0,400920,0,0
2015-02-12,36,42,4,1,18,0,5,-0.8660254037844386,0.5000000000000001,2,7,0.5649487758752417,0.6375968164945698,0.637711864,0.0,6.040254711277414,8.865170419651774,3.40452517175483,4.07753744390572,0.0,24.629364755961586,1,1,0.7,0,0,408000,0,1
2015-02-12,36,42,5,0,7,0,5,-0.8660254037844386,0.5000000000000001,2,7,0.32249903969908267,0.5799331662489556,0.58,0.0,0.0,5.484796933490655,1.423108334242607,0.6931471805599453,0.0,0.0,0,0,0.7,1,0,332340,0,1
2015-02-12,36,42,5,1,19,0,5,-0.8660254037844386,0.5000000000000001,2,7,1.1017609633872931,0.7505899116624896,0.750799435,4.04305126783455,6.415096959171596,8.865170419651774,3.40452517175483,4.07753744390572,25.936565894060287,26.157798057307904,0,0,0.75,0,0,339420,0,0
2015-02-12,36,42,6,1,20,0,5,-0.8660254037844386,0.5000000000000001,2,7,0.7901363318138881,0.6878606029172933,0.688017677,0.0,0.0,8.284251797621916,2.933324813425374,3.4965075614664802,0.0,0.0,0,0,0.8,0,0,208095,0,1
2015-02-12,36,42,7,1,21,0,5,-0.8660254037844386,0.5000000000000001,2,7,0.14283498626334712,0.5356481598462823,0.535677966,0.0,0.0,8.865170419651774,3.40452517175483,4.07753744390572,0.0,0.0,1,1,0.65,0,0,334290,0,1
2015-02-12,36,42,8,0,10,0,5,-0.8660254037844386,0.5000000000000001,2,7,1.1269341968759161,0.7552726723107769,0.755486111,0.0,0.0,7.273092595999522,1.423108334242607,2.4849066497880004,0.0,0.0,0,0,0.35,1,0,308880,0,0
2015-02-12,36,42,8,1,22,0,5,-0.8660254037844386,0.5000000000000001,2,7,-0.1465234701238209,0.46343452813700914,0.463403955,0.0,0.0,8.865170419651774,3.40452517175483,4.07753744390572,0.0,0.0,1,1,0.65,0,0,315960,0,1
2015-02-12,36,42,9,0,11,0,5,-0.8660254037844386,0.5000000000000001,2,7,0.6478942689815335,0.6565357842372598,0.656666667,0.0,0.0,6.8679744089702925,1.3711807233098425,2.0794415416798357,0.0,0.0,0,0,0.8,1,0,327060,0,1
2015-02-12,36,42,9,1,23,0,5,-0.8660254037844386,0.5000000000000001,2,7,-0.008452754849395623,0.49788682386967426,0.497885057,0.0,0.0,8.848078421168667,3.3714252233284854,4.060443010546419,0.0,0.0,0,0,0.8,0,0,334020,0,1
2015-02-12,36,42,10,1,13,0,5,-0.8660254037844386,0.5000000000000001,2,7,-0.23531602972451082,0.4414409624060151,0.441392,0.0,2.3978952727983707,8.699681400989514,3.1144038032714896,3.912023005428146,0.0,9.380621471794626,0,0,0.8,0,0,336630,0,1
2015-02-12,36,42,11,1,14,0,5,-0.8660254037844386,0.5000000000000001,2,7,0.0004930277794106771,0.5001232569423559,0.50012336,0.0,6.946975992135418,7.732369222284388,2.4344901638739844,4.007333185232471,0.0,27.838847430297534,2,1,0.5,0,0,316920,0,0
2015-02-12,36,42,12,0,3,0,5,-0.8660254037844386,0.5000000000000001,2,7,1.6462511406647367,0.8383837374536341,0.838666667,0.0,0.0,6.985641817639208,1.4060969884160703,2.1972245773362196,0.0,0.0,0,0,0.8,1,0,207375,0,0
2015-02-12,36,42,12,1,15,0,5,-0.8660254037844386,0.5000000000000001,2,7,1.387238369876064,0.8001509986265665,0.800401961,3.9318256327243257,0.0,8.314097335405807,2.725235025856311,3.5263605246161616,0.0,0.0,0,0,0.8,0,0,211455,0,0
2015-02-14,37,44,1,0,0,0,0,0.0,1.0,2,7,1.361238262261227,0.795960874075188,0.796208333,0.0,0.0,7.273092595999522,1.3711807233098425,2.4849066497880004,0.0,0.0,0,0,0.8,1,0,346290,0,1
2015-02-14,37,44,1,1,12,0,0,0.0,1.0,2,7,7.780303087908306,0.9995822890559732,1.000230409,4.736198448394496,7.256297239690681,8.830689198760998,3.1144038032714896,4.04305126783455,34.36726372771226,29.337581754715753,0,0,0.8,0,0,353130,0,0
2015-02-14,37,44,2,1,16,0,0,0.0,1.0,2,7,1.387069417688144,0.8001239802172097,0.80037492,4.1588830833596715,0.0,8.205491613120236,3.1144038032714896,4.04305126783455,0.0,0.0,0,0,0.8,0,0,351360,0,0
2015-02-14,37,44,3,1,17,0,0,0.0,1.0,2,7,0.0032042196303696336,0.5008010542222223,0.500801724,3.4339872044851463,7.140453043101158,8.848078421168667,3.40452517175483,4.060443010546419,24.520224384236403,28.993402650995005,1,1,0.5,0,0,332550,0,0
2015-02-14,37,44,4,0,6,0,0,0.0,1.0,2,7,2.2262265010916744,0.9025800615973265,0.902916667,0.0,0.0,7.783640596221253,1.423108334242607,2.995732273553991,0.0,0.0,0,0,0.75,1,0,410400,0,0
2015-02-14,37,44,4,1,18,0,0,0.0,1.0,2,7,1.0995883877408519,0.7501829739114452,0.750392157,0.0,6.1779441140506,8.87360810154911,3.40452517175483,4.07753744390572,0.0,25.19079845139827,1,1,0.75,0,0,417540,0,0
2015-02-14,37,44,5,1,19,0,0,0.0,1.0,2,7,1.0995883877408519,0.7501829739114452,0.750392157,4.04305126783455,6.499787040655854,8.87360810154911,3.40452517175483,4.07753744390572,26.27897223537823,26.503125035687393,0,0,0.75,0,0,346560,0,0
2015-02-14,37,44,6,0,8,0,0,0.0,1.0,2,7,-0.06663561913969508,0.48334725669841266,0.483333333,0.0,0.0,6.8679744089702925,1.0647107369924282,2.0794415416798357,0.0,0.0,0,0,0.8,1,0,209055,0,1
2015-02-14,37,44,6,1,20,0,0,0.0,1.0,2,7,0.22982477040567473,0.5572046210492899,0.557252451,0.0,6.71295620067707,8.314097335405807,2.933324813425374,3.5263605246161616,0.0,23.672303749544906,0,0,0.8,0,0,213135,0,1
2015-02-14,37,44,7,0,9,0,0,0.0,1.0,2,7,2.570203743606896,0.9289191499482038,0.929277778,0.0,0.0,7.496097345175956,1.423108334242607,2.70805020110221,0.0,0.0,0,0,0.7,1,0,336090,0,0
2015-02-14,37,44,7,1,21,0,0,0.0,1.0,2,7,0.413449799937102,0.6019147869674185,0.602,0.0,6.86484777797086,8.881975184248867,3.40452517175483,4.0943445622221,0.0,28.10705217021746,1,1,0.7,0,0,343290,0,1
2015-02-14,37,44,8,0,10,0,0,0.0,1.0,2,7,0.971591018608274,0.7254365079365079,0.725625,0.0,0.0,6.8679744089702925,1.423108334242607,2.0794415416798357,0.0,0.0,0,0,0.7,1,0,316920,0,0
2015-02-14,37,44,8,1,22,0,0,0.0,1.0,2,7,0.8474829549587769,0.7000388684210527,0.700206125,0.0,6.715383386334681,8.548885638148727,3.40452517175483,4.0943445622221,0.0,27.495093451076034,1,1,0.7,0,0,322080,0,0
2015-02-14,37,44,9,0,11,0,0,0.0,1.0,2,7,-1.1622399506901944,0.2382605127251462,0.238041667,0.0,0.0,6.8679744089702925,1.3711807233098425,2.0794415416798357,0.0,0.0,0,0,0.8,1,0,334980,0,1
2015-02-14,37,44,11,1,14,0,0,0.0,1.0,2,7,0.40698030025245124,0.6003635909540519,0.600447507,3.1780538303479458,6.946975992135418,7.732369222284388,2.4344901638739844,4.007333185232471,22.077863661141187,27.838847430297534,2,1,0.6,0,0,319200,0,0
2015-02-14,37,44,12,0,3,0,0,0.0,1.0,2,7,1.3902836339567668,0.8006375198362573,0.800888889,0.0,0.0,6.985641817639208,1.4060969884160703,2.1972245773362196,0.0,0.0,0,0,0.8,1,0,212535,0,0
2015-02-14,37,44,12,1,15,0,0,0.0,1.0,2,7,1.387238369876064,0.8001509986265665,0.800401961,4.1588830833596715,6.849066282633458,8.314097335405807,2.725235025856311,3.5263605246161616,28.484465899653397,24.152276969558184,0,0,0.8,0,0,216615,0,0
2015-02-15,38,45,1,0,0,0,1,0.8660254037844386,0.5000000000000001,3,7,7.780303087908306,0.9995822890559732,1.1204375,0.0,0.0,6.8679744089702925,1.3711807233098425,2.0794415416798357,0.0,0.0,0,0,0.8,1,0,354090,0,0
2015-02-15,38,45,1,1,12,0,1,0.8660254037844386,0.5000000000000001,3,7,7.780303087908306,0.9995822890559732,1.000230409,4.736198448394496,7.259116128097101,8.830689198760998,3.1144038032714896,4.04305126783455,34.380614542608946,29.348978665061214,0,0,0.8,0,0,360930,0,0
2015-02-15,38,45,2,0,4,0,1,0.8660254037844386,0.5000000000000001,3,7,7.780303087908306,0.9995822890559732,1.108125,0.0,0.0,6.8679744089702925,1.3711807233098425,2.0794415416798357,0.0,0.0,0,0,0.8,1,0,352320,0,0
2015-02-15,38,45,2,1,16,0,1,0.8660254037844386,0.5000000000000001,3,7,-0.2729639085090215,0.432179605015873,0.432122899,0.0,2.5649493574615367,8.839421607620602,3.1144038032714896,4.051784947803305,0.0,10.392623198440413,0,0,0.8,0,0,359220,0,1
2015-02-15,38,45,3,1,17,0,1,0.8660254037844386,0.5000000000000001,3,7,-0.0971215649002985,0.4757386763876358,0.475718391,3.4339872044851463,7.216709486709457,8.848078421168667,3.40452517175483,4.060443010546419,24.782088035846844,29.303037594453453,1,1,0.6,0,0,339510,0,1
2015-02-15,38,45,4,0,6,0,1,0.8660254037844386,0.5000000000000001,3,7,-0.9089264107025774,0.28721957705263157,0.287041667,0.0,0.0,7.783640596221253,1.423108334242607,2.995732273553991,0.0,0.0,0,0,0.75,1,0,419940,0,1
2015-02-15,38,45,4,1,18,0,1,0.8660254037844386,0.5000000000000001,3,7,0.3994064935787941,0.5985450554686718,0.598627451,0.0,6.824373670043086,8.87360810154911,3.40452517175483,4.085976312551584,0.0,27.88422916379677,1,1,0.75,0,0,427080,0,1
2015-02-15,38,45,5,0,7,0,1,0.8660254037844386,0.5000000000000001,3,7,1.1560565278635149,0.7606154271244779,0.760833333,0.0,0.0,5.484796933490655,1.423108334242607,0.6931471805599453,0.0,0.0,0,0,0.75,1,0,346800,0,0
2015-02-15,38,45,5,1,19,0,1,0.8660254037844386,0.5000000000000001,3,7,0.9563114489355116,0.7223826882974103,0.722568627,0.0,0.0,8.87360810154911,3.40452517175483,4.085976312551584,0.0,0.0,0,0,0.8,0,0,353940,0,1
2015-02-15,38,45,6,0,8,0,1,0.8660254037844386,0.5000000000000001,3,7,0.4224929798792497,0.6040796438863827,0.604166667,0.0,0.0,6.8679744089702925,1.0647107369924282,2.0794415416798357,0.0,0.0,0,0,0.8,1,0,214095,0,1
2015-02-15,38,45,6,1,20,0,1,0.8660254037844386,0.5000000000000001,3,7,0.7604265167281344,0.6814463280233919,0.681598039,0.0,6.703188113240863,8.314097335405807,2.933324813425374,3.5263605246161616,0.0,23.63785795160887,0,0,0.75,0,0,218175,0,1
2015-02-15,38,45,7,1,21,0,1,0.8660254037844386,0.5000000000000001,3,7,0.8495138667766903,0.700465154994152,0.700632768,0.0,6.782192056006791,8.865170419651774,3.40452517175483,4.07753744390572,0.0,27.65464206012761,1,1,0.7,0,0,350370,0,0
2015-02-15,38,45,8,0,10,0,1,0.8660254037844386,0.5000000000000001,3,7,0.4268467041441004,0.6051204396558062,0.605208333,0.0,0.0,6.8679744089702925,1.423108334242607,2.0794415416798357,0.0,0.0,0,0,0.7,1,0,323040,0,1
2015-02-15,38,45,8,1,22,0,1,0.8660254037844386,0.5000000000000001,3,7,0.8492297301850881,0.7004055358429406,0.700573099,3.713572066704308,0.0,8.679482094459956,3.40452517175483,4.07753744390572,0.0,0.0,1,1,0.7,0,1,328920,0,0
2015-02-15,38,45,9,1,23,0,1,0.8660254037844386,0.5000000000000001,3,7,-0.9284675044659559,0.28323572803007524,0.283054487,0.0,7.4318919168078,8.571870752706934,2.933324813425374,3.9889840465642745,0.0,29.6456982919363,1,1,0.5,0,0,340260,0,1
2015-02-15,38,45,11,0,2,0,1,0.8660254037844386,0.5000000000000001,3,7,0.9205464659563577,0.7151534388203843,0.715333333,0.0,0.0,7.0909098220799835,1.0647107369924282,2.302585092994046,0.0,0.0,0,0,0.6,1,0,320400,0,0
2015-02-15,38,45,11,1,14,0,1,0.8660254037844386,0.5000000000000001,3,7,0.6194709630449203,0.650098217817878,0.650223718,3.1780538303479458,0.0,7.878912912297132,2.4344901638739844,3.970291913552122,0.0,0.0,2,1,0.65,0,0,323040,0,0
2015-02-15,38,45,12,0,3,0,1,0.8660254037844386,0.5000000000000001,3,7,1.956281429987698,0.8761299540718462,0.876444444,0.0,0.0,6.985641817639208,1.4060969884160703,2.1972245773362196,0.0,0.0,0,0,0.8,1,0,217695,0,0
2015-02-15,38,45,12,1,15,0,1,0.8660254037844386,0.5000000000000001,3,7,1.3897667645374676,0.8005550058279032,0.800806306,3.9318256327243257,7.02197642307216,7.273092595999522,2.725235025856311,3.5263605246161616,27.609186892620993,24.76202046310706,0,0,0.8,0,0,219135,0,0
2015-02-16,39,46,1,1,12,0,2,0.8660254037844387,-0.4999999999999998,3,7,7.780303087908306,0.9995822890559732,1.000230409,4.736198448394496,7.260522598089852,8.830689198760998,3.1144038032714896,4.04305126783455,34.387275863606334,29.35466509534858,0,0,0.8,0,0,367770,0,0
2015-02-16,39,46,3,0,5,0,2,0.8660254037844387,-0.4999999999999998,3,7,1.8512922120070192,0.8642787521035923,0.864583333,0.0,0.0,6.8679744089702925,1.423108334242607,2.0794415416798357,0.0,0.0,0,0,0.5,1,0,340470,0,0
2015-02-16,39,46,3,1,17,0,2,0.8660254037844387,-0.4999999999999998,3,7,1.3987837575550695,0.8019908183157896,0.802243319,4.1588830833596715,0.0,6.398594934535208,3.40452517175483,4.060443010546419,0.0,0.0,1,1,0.65,0,0,341070,0,0
2015-02-16,39,46,4,0,6,0,2,0.8660254037844387,-0.4999999999999998,3,7,0.9551394671734489,0.722147590867168,0.722333333,0.0,0.0,7.496097345175956,1.423108334242607,2.70805020110221,0.0,0.0,0,0,0.75,1,0,428880,0,1
2015-02-16,39,46,4,1,18,0,2,0.8660254037844387,-0.4999999999999998,3,7,1.0993962930818257,0.7501469720133668,0.750356125,0.0,6.816735880594968,8.85666093701725,3.40452517175483,4.060443010546419,0.0,27.678967561102827,1,1,0.75,0,0,435900,0,0
2015-02-16,39,46,5,0,7,0,2,0.8660254037844387,-0.4999999999999998,3,7,0.5292516293340368,0.6293085494837093,0.629416667,0.0,0.0,7.0909098220799835,1.423108334242607,2.302585092994046,0.0,0.0,0,0,0.75,1,0,355140,0,1
2015-02-16,39,46,5,1,19,0,2,0.8660254037844387,-0.4999999999999998,3,7,1.3908565194174678,0.8007289463926484,0.800980392,0.0,6.135564891081739,0.0,3.40452517175483,4.07753744390572,0.0,25.017995582899108,0,0,0.8,0,0,355140,0,0
2015-02-16,39,46,6,0,8,0,2,0.8660254037844387,-0.4999999999999998,3,7,1.2259274291577404,0.7731049843508772,0.773333333,0.0,0.0,6.8679744089702925,1.0647107369924282,2.0794415416798357,0.0,0.0,0,0,0.8,1,0,219135,0,1
2015-02-16,39,46,6,1,20,0,2,0.8660254037844387,-0.4999999999999998,3,7,1.1009689342378093,0.7504416106599834,0.75065101,0.0,6.79794041297493,8.284251797621916,2.933324813425374,3.4965075614664802,0.0,23.769050056365412,0,0,0.75,0,0,223095,0,0
2015-02-16,39,46,7,0,9,0,2,0.8660254037844387,-0.4999999999999998,3,7,-1.0553338460714827,0.25820217209690893,0.258,0.0,0.0,7.496097345175956,1.423108334242607,2.70805020110221,0.0,0.0,0,0,0.7,1,0,352170,0,1
2015-02-16,39,46,7,1,21,0,2,0.8660254037844387,-0.4999999999999998,3,7,0.8486907267150163,0.7002924204210526,0.700459889,3.4339872044851463,6.665683717782408,6.398594934535208,3.40452517175483,4.07753744390572,22.88987259600977,27.179574948490455,1,1,0.7,0,0,352770,0,0
2015-02-16,39,46,8,1,22,0,2,0.8660254037844387,-0.4999999999999998,3,7,0.497492391253077,0.6218698531294904,0.621971751,3.332204510175204,0.0,8.865170419651774,3.40452517175483,4.07753744390572,0.0,0.0,2,1,0.7,0,1,336000,0,1
2015-02-16,39,46,9,0,11,0,2,0.8660254037844387,-0.4999999999999998,3,7,3.17932219812541,0.9600486769156225,0.960433333,0.0,0.0,7.0909098220799835,1.3711807233098425,2.302585092994046,0.0,0.0,0,0,0.8,1,0,341460,0,0
2015-02-16,39,46,9,1,23,0,2,0.8660254037844387,-0.4999999999999998,3,7,-0.7077014700764905,0.33010693006182124,0.329964879,0.0,7.651595573857601,8.594339400592892,2.933324813425374,3.9889840465642745,0.0,30.522092674879787,1,1,0.6,0,0,346860,0,1
2015-02-16,39,46,10,1,13,0,2,0.8660254037844387,-0.4999999999999998,3,7,-0.5947365531499981,0.35554880858813703,0.35542803,0.0,7.0317412587631285,8.571870752706934,2.9025198918318122,3.784189633918261,0.0,26.609442379806776,1,1,0.6,0,0,341910,0,1
2015-02-16,39,46,11,1,14,0,2,0.8660254037844387,-0.4999999999999998,3,7,0.2652121013281591,0.5659171073617376,0.565972222,3.4339872044851463,0.0,7.6783263565068856,2.4344901638739844,3.9889840465642745,0.0,0.0,2,1,0.7,0,0,325200,0,1
2015-02-16,39,46,12,0,3,0,2,0.8660254037844387,-0.4999999999999998,3,7,2.1033508972864143,0.8912284419181288,0.891555556,0.0,0.0,6.985641817639208,1.4060969884160703,2.1972245773362196,0.0,0.0,0,0,0.8,1,0,220215,0,0
2015-02-16,39,46,12,1,15,0,2,0.8660254037844387,-0.4999999999999998,3,7,1.386678702114109,0.8000614874686716,0.800312375,3.6635616461296463,6.984716320118265,8.221747728346623,2.725235025856311,3.5263605246161616,25.588938819481076,24.63062790690731,0,0,0.8,0,0,223935,0,0
2015-02-17,40,47,1,1,12,0,3,1.2246467991473532e-16,-1.0,3,7,7.780303087908306,0.9995822890559732,1.000230409,4.736198448394496,7.27655640271871,8.830689198760998,3.1144038032714896,4.04305126783455,34.46321514421139,29.419490589481494,0,0,0.8,0,0,374610,0,0
2015-02-17,40,47,2,0,4,0,3,1.2246467991473532e-16,-1.0,3,7,0.3282437654218233,0.5813319966583125,0.5814,0.0,0.0,7.496097345175956,1.6351056591826783,2.70805020110221,0.0,0.0,0,0,0.8,1,0,361020,0,1
2015-02-17,40,47,2,1,16,0,3,1.2246467991473532e-16,-1.0,3,7,-0.5702138004836139,0.3611874929690894,0.361071429,0.0,0.0,8.812992231969966,3.41213732170049,4.02535169073515,0.0,0.0,1,1,0.5,0,0,367740,0,1
2015-02-17,40,47,3,0,5,0,3,1.2246467991473532e-16,-1.0,3,7,1.3031257288819116,0.7863605680868838,0.7866,0.0,0.0,7.496097345175956,1.6351056591826783,2.70805020110221,0.0,0.0,0,0,0.5,1,0,342870,0,0
2015-02-17,40,47,3,1,17,0,3,1.2246467991473532e-16,-1.0,3,7,0.8493742444236544,0.7004358594887218,0.700603448,3.9318256327243257,7.260522598089852,8.848078421168667,3.40452517175483,4.060443010546419,28.547108858143897,29.480938236328267,1,1,0.7,0,0,349830,0,0
2015-02-17,40,47,4,0,6,0,3,1.2246467991473532e-16,-1.0,3,7,0.6478942689815335,0.6565357842372598,0.656666667,0.0,0.0,6.8679744089702925,1.6351056591826783,2.0794415416798357,0.0,0.0,0,0,0.75,1,0,436860,0,1
2015-02-17,40,47,4,1,18,0,3,1.2246467991473532e-16,-1.0,3,7,1.0993962930818257,0.7501469720133668,0.750356125,3.828641396489095,0.0,8.85666093701725,3.40452517175483,4.060443010546419,0.0,0.0,1,1,0.75,0,0,443880,0,0
2015-02-17,40,47,5,1,19,0,3,1.2246467991473532e-16,-1.0,3,7,0.6335906866927216,0.6533031930726817,0.653431373,0.0,6.523562306149512,8.87360810154911,3.40452517175483,4.07753744390572,0.0,26.600069570976583,0,0,0.8,0,0,362280,0,1
2015-02-17,40,47,6,0,8,0,3,1.2246467991473532e-16,-1.0,3,7,1.0930653516825524,0.7489585077126149,0.749166667,0.0,0.0,6.8679744089702925,1.0647107369924282,2.0794415416798357,0.0,0.0,0,0,0.8,1,0,224055,0,1
2015-02-17,40,47,6,1,20,0,3,1.2246467991473532e-16,-1.0,3,7,1.100810720819534,0.7504119794352547,0.750621354,0.0,6.588926477533519,8.119993827725105,2.933324813425374,3.4965075614664802,0.0,23.03823125064265,0,0,0.75,0,0,227415,0,0
2015-02-17,40,47,7,0,9,0,3,1.2246467991473532e-16,-1.0,3,7,2.3559290063997795,0.9134043441938179,0.91375,0.0,0.0,7.0909098220799835,1.6351056591826783,2.302585092994046,0.0,0.0,0,0,0.7,1,0,353970,0,0
2015-02-17,40,47,7,1,21,0,3,1.2246467991473532e-16,-1.0,3,7,0.8507305836074044,0.700720376598162,0.700888203,3.4339872044851463,0.0,6.734591659972948,3.40452517175483,4.07753744390572,0.0,0.0,1,1,0.7,0,0,354810,0,0
2015-02-17,40,47,8,1,22,0,3,1.2246467991473532e-16,-1.0,3,7,0.4092104425025228,0.6008985426700084,0.600982906,3.1780538303479458,5.19295685089021,0.0,3.380994674344636,4.060443010546419,16.50349641080324,21.0857053492663,2,1,0.6,0,1,336000,0,0
2015-02-17,40,47,9,0,11,0,3,1.2246467991473532e-16,-1.0,3,7,0.347329276303335,0.5859697859081036,0.586041667,0.0,0.0,6.8679744089702925,1.3711807233098425,2.0794415416798357,0.0,0.0,0,0,0.8,1,0,347820,0,1
2015-02-17,40,47,9,1,23,0,3,1.2246467991473532e-16,-1.0,3,7,0.6190768999171659,0.650008574770259,0.650134,0.0,7.659642954564682,8.616314282284044,2.933324813425374,3.9318256327243257,0.0,30.116380506273707,1,1,0.65,0,0,353340,0,0
2015-02-17,40,47,10,0,1,0,3,1.2246467991473532e-16,-1.0,3,7,2.5442235722670996,0.9271844893333333,0.927541667,0.0,0.0,6.8679744089702925,1.3711807233098425,2.0794415416798357,0.0,0.0,0,0,0.8,1,0,342870,0,0
2015-02-17,40,47,10,1,13,0,3,1.2246467991473532e-16,-1.0,3,7,-0.836451511971464,0.30228266249958224,0.302117347,0.0,0.0,0.0,2.9025198918318122,3.8918202981106265,0.0,0.0,1,1,0.65,0,1,342870,0,1
2015-02-17,40,47,11,1,14,0,3,1.2246467991473532e-16,-1.0,3,7,0.8494246590014067,0.7004464376441102,0.700614035,3.4339872044851463,0.0,8.137688184977605,2.4344901638739844,4.02535169073515,0.0,0.0,2,1,0.7,0,0,328620,0,0
2015-02-17,40,47,12,0,3,0,3,1.2246467991473532e-16,-1.0,3,7,2.2215007990251148,0.9021637426900584,0.9025,0.0,0.0,6.985641817639208,1.6351056591826783,2.1972245773362196,0.0,0.0,0,0,0.8,1,0,225015,0,0
2015-02-17,40,47,12,1,15,0,3,1.2246467991473532e-16,-1.0,3,7,1.387238369876064,0.8001509986265665,0.800401961,3.6635616461296463,7.033506484287697,8.314097335405807,2.725235025856311,3.5263605246161616,25.767684593640578,24.802679615823937,0,0,0.8,0,0,229095,0,0
2015-02-18,41,48,1,1,12,1,4,-0.8660254037844384,-0.5000000000000004,3,7,1.3864745756876,0.8000288327719298,0.800279693,4.1588830833596715,0.0,8.284251797621916,3.1144038032714896,4.04305126783455,0.0,0.0,0,0,0.8,0,0,378570,0,0
2015-02-18,41,48,2,0,4,1,4,-0.8660254037844384,-0.5000000000000004,3,7,2.4258162204399425,0.9187748538011696,0.919125,0.0,0.0,7.273092595999522,1.6351056591826783,2.4849066497880004,0.0,0.0,0,0,0.8,1,0,369180,0,0
2015-02-18,41,48,2,1,16,1,4,-0.8660254037844384,-0.5000000000000004,3,7,-0.7159966258020857,0.3282751616407686,0.328131579,0.0,6.767343125265392,8.830689198760998,3.41213732170049,4.04305126783455,0.0,27.36071520247567,1,1,0.6,0,0,376020,0,1
2015-02-18,41,48,3,0,5,1,4,-0.8660254037844384,-0.5000000000000004,3,7,-1.063173692475486,0.25670342522974104,0.2565,0.0,0.0,6.8679744089702925,1.6351056591826783,2.0794415416798357,0.0,0.0,0,0,0.5,1,0,350790,0,1
2015-02-18,41,48,3,1,17,1,4,-0.8660254037844384,-0.5000000000000004,3,7,0.8493742444236544,0.7004358594887218,0.700603448,3.713572066704308,0.0,0.0,3.40452517175483,4.060443010546419,0.0,0.0,1,1,0.7,0,0,350790,0,0
2015-02-18,41,48,4,0,6,1,4,-0.8660254037844384,-0.5000000000000004,3,7,1.0173177717216,0.7344498047351712,0.734645833,0.0,0.0,6.8679744089702925,1.6351056591826783,2.0794415416798357,0.0,0.0,0,0,0.75,1,0,444840,0,1
2015-02-18,41,48,4,1,18,1,4,-0.8660254037844384,-0.5000000000000004,3,7,1.3908565194174678,0.8007289463926484,0.800980392,3.9318256327243257,0.0,6.175867270105761,3.40452517175483,4.060443010546419,0.0,0.0,1,1,0.8,0,0,445320,0,0
2015-02-18,41,48,5,1,19,1,4,-0.8660254037844384,-0.5000000000000004,3,7,1.3908565194174678,0.8007289463926484,0.800980392,0.0,6.238324625039508,0.0,3.40452517175483,4.07753744390572,0.0,25.4370022458377,0,0,0.8,0,0,362280,0,0
2015-02-18,41,48,6,0,8,1,4,-0.8660254037844384,-0.5000000000000004,3,7,2.6910448375931364,0.9364961476658313,0.936861111,0.0,0.0,7.273092595999522,1.0647107369924282,2.4849066497880004,0.0,0.0,0,0,0.8,1,0,228855,0,0
2015-02-18,41,48,6,1,20,1,4,-0.8660254037844384,-0.5000000000000004,3,7,1.1009689342378093,0.7504416106599834,0.75065101,3.5553480614894135,6.633318433280377,8.284251797621916,2.933324813425374,3.4965075614664802,23.58375583300538,23.193448059579826,0,0,0.75,0,0,232815,0,0
2015-02-18,41,48,7,0,9,1,4,-0.8660254037844384,-0.5000000000000004,3,7,0.7160264363327833,0.6717314118629908,0.671875,0.0,0.0,6.8679744089702925,1.6351056591826783,2.0794415416798357,0.0,0.0,0,0,0.7,1,0,355770,0,1
2015-02-18,41,48,7,1,21,1,4,-0.8660254037844384,-0.5000000000000004,3,7,1.1003377238055945,0.7503233795154552,0.75053268,3.828641396489095,0.0,7.732369222284388,3.40452517175483,4.07753744390572,0.0,0.0,1,1,0.75,0,0,358050,0,0
2015-02-18,41,48,8,0,10,1,4,-0.8660254037844384,-0.5000000000000004,3,7,0.32249903969908267,0.5799331662489556,0.58,0.0,0.0,6.8679744089702925,1.6351056591826783,2.0794415416798357,0.0,0.0,0,0,0.7,1,0,336960,0,1
2015-02-18,41,48,8,1,22,1,4,-0.8660254037844384,-0.5000000000000004,3,7,-1.0900602106495443,0.25160694050459487,0.251399254,0.0,6.870053411798126,8.4252971767117,3.380994674344636,4.04305126783455,0.0,27.77597815666149,2,1,0.65,0,1,341520,0,1
2015-02-18,41,48,9,0,11,1,4,-0.8660254037844384,-0.5000000000000004,3,7,0.1996609279828417,0.5497500699515455,0.549791667,0.0,0.0,6.8679744089702925,1.3711807233098425,2.0794415416798357,0.0,0.0,0,0,0.8,1,0,354300,0,1
2015-02-18,41,48,9,1,23,1,4,-0.8660254037844384,-0.5000000000000004,3,7,0.8469577199410406,0.699928565647452,0.70009573,3.4339872044851463,7.370230641807081,8.4252971767117,2.933324813425374,3.9318256327243257,25.30927771806986,28.97846175654734,1,1,0.7,0,0,358860,0,0
2015-02-18,41,48,10,0,1,1,4,-0.8660254037844384,-0.5000000000000004,3,7,0.5759407195830167,0.6401328320802006,0.64025,0.0,0.0,6.8679744089702925,1.3711807233098425,2.0794415416798357,0.0,0.0,0,0,0.8,1,0,343830,0,1
2015-02-18,41,48,10,1,13,1,4,-0.8660254037844384,-0.5000000000000004,3,7,-0.829557861328097,0.30373856618880535,0.303574468,0.0,7.02108396428914,8.637816633739977,2.9796028916241073,3.8501476017100584,0.0,27.03220958651278,1,1,0.7,0,1,349470,0,1
2015-02-18,41,48,11,1,14,1,4,-0.8660254037844384,-0.5000000000000004,3,7,1.5220777465423663,0.8208442355889725,0.8211125,3.4339872044851463,0.0,8.119993827725105,2.4344901638739844,4.02535169073515,0.0,0.0,2,1,0.7,0,0,331980,0,0
2015-02-18,41,48,12,0,3,1,4,-0.8660254037844384,-0.5000000000000004,3,7,4.746082877252651,0.9913891395154554,0.9918,0.0,0.0,7.0909098220799835,1.6351056591826783,2.302585092994046,0.0,0.0,0,0,0.8,1,0,230295,0,0
2015-02-18,41,48,12,1,15,1,4,-0.8660254037844384,-0.5000000000000004,3,7,1.387238369876064,0.8001509986265665,0.800401961,4.1588830833596715,0.0,8.314097335405807,2.725235025856311,3.5263605246161616,0.0,0.0,0,0,0.8,0,0,234375,0,0
2015-02-19,42,49,1,1,12,1,5,-0.8660254037844386,0.5000000000000001,3,8,1.3876667596254062,0.8002194933567252,0.800470513,4.1588830833596715,0.0,8.253488028345904,3.1144038032714896,4.04305126783455,0.0,0.0,0,0,0.8,0,0,382410,0,0
2015-02-19,42,49,2,0,4,1,5,-0.8660254037844386,0.5000000000000001,3,8,0.8951385860584867,0.7099494569757727,0.710125,0.0,0.0,8.188966863648876,1.6351056591826783,2.70805020110221,0.0,0.0,0,0,0.8,1,0,379620,0,1
2015-02-19,42,49,2,1,16,1,5,-0.8660254037844386,0.5000000000000001,3,8,0.3443405776552969,0.5852445143224728,0.585315789,0.0,6.7357800142423265,8.830689198760998,3.41213732170049,4.04305126783455,0.0,27.233103926437064,1,1,0.65,0,0,386460,0,1
2015-02-19,42,49,3,0,5,1,5,-0.8660254037844386,0.5000000000000001,3,8,1.4904240877186272,0.816141917293233,0.81640625,0.0,0.0,7.9658927350845286,1.6351056591826783,2.4849066497880004,0.0,0.0,0,0,0.5,1,0,353670,0,0
2015-02-19,42,49,3,1,17,1,5,-0.8660254037844386,0.5000000000000001,3,8,0.8493742444236544,0.7004358594887218,0.700603448,3.9318256327243257,5.5134287461649825,8.848078421168667,3.40452517175483,4.060443010546419,21.67784046837062,22.38696321651131,1,1,0.7,0,0,360630,0,0
2015-02-19,42,49,4,0,6,1,5,-0.8660254037844386,0.5000000000000001,3,8,0.7716329937510829,0.683874037166249,0.684027778,0.0,0.0,7.560601162768557,1.6351056591826783,2.0794415416798357,0.0,0.0,0,0,0.75,1,0,447240,0,1
2015-02-19,42,49,4,1,18,1,5,-0.8660254037844386,0.5000000000000001,3,8,1.3853153479769227,0.7998433118897244,0.800094017,4.1588830833596715,6.756932389247553,8.85666093701725,3.40452517175483,4.069026754237811,28.101291809046696,27.49413866842431,1,1,0.8,0,0,454260,0,0
2015-02-19,42,49,5,0,7,1,5,-0.8660254037844386,0.5000000000000001,3,8,0.5375591478314955,0.6312444308538012,0.631354167,0.0,0.0,7.560601162768557,1.6351056591826783,2.0794415416798357,0.0,0.0,0,0,0.75,1,0,364200,0,1
2015-02-19,42,49,5,1,19,1,5,-0.8660254037844386,0.5000000000000001,3,8,1.3846217052252505,0.7997322407585631,0.799982853,4.1588830833596715,0.0,6.398594934535208,3.40452517175483,4.085976312551584,0.0,0.0,0,0,0.8,0,1,364800,0,1
2015-02-19,42,49,6,0,8,1,5,-0.8660254037844386,0.5000000000000001,3,8,1.298755022414304,0.7856253807919799,0.785864198,0.0,0.0,8.371242135931933,1.0647107369924282,2.8903717578961645,0.0,0.0,0,0,0.8,1,0,237135,0,1
2015-02-19,42,49,6,1,20,1,5,-0.8660254037844386,0.5000000000000001,3,8,1.1009689342378093,0.7504416106599834,0.75065101,4.04305126783455,0.0,8.284251797621916,2.933324813425374,3.4965075614664802,0.0,0.0,0,0,0.75,0,0,241095,0,0
2015-02-19,42,49,7,1,21,1,5,-0.8660254037844386,0.5000000000000001,3,8,0.4517182593835949,0.6110476877627402,0.611140537,0.0,6.09807428216624,0.0,3.40452517175483,4.07753744390572,0.0,24.865126221251337,1,1,0.75,0,1,358050,0,1
2015-02-19,42,49,8,0,10,1,5,-0.8660254037844386,0.5000000000000001,3,8,0.7172066739210928,0.671991611304929,0.672135417,0.0,0.0,7.560601162768557,1.6351056591826783,2.0794415416798357,0.0,0.0,0,0,0.7,1,0,343440,0,1
2015-02-19,42,49,8,1,22,1,5,-0.8660254037844386,0.5000000000000001,3,8,0.8465023470402906,0.6998329156223893,0.7,0.0,7.018401799069201,8.738895704934043,3.380994674344636,4.04305126783455,0.0,28.37575829189902,2,1,0.7,0,0,349680,0,0
2015-02-19,42,49,9,1,23,1,5,-0.8660254037844386,0.5000000000000001,3,8,0.5688534710678315,0.6384985775137844,0.638614379,3.4339872044851463,7.38025578842646,8.71948076085107,2.933324813425374,3.9318256327243257,25.3437039432839,29.017878884997234,1,1,0.7,0,0,364980,0,1
2015-02-19,42,49,10,0,1,1,5,-0.8660254037844386,0.5000000000000001,3,8,1.010320631433288,0.7330828926382624,0.733277778,0.0,0.0,7.783640596221253,1.3711807233098425,2.302585092994046,0.0,0.0,0,0,0.8,1,0,351870,0,1
2015-02-19,42,49,10,1,13,1,5,-0.8660254037844386,0.5000000000000001,3,8,-1.100607898842022,0.2496260098011696,0.249416667,0.0,7.2520539518528135,8.658866349732383,2.9796028916241073,3.871201010907891,0.0,28.07415858957118,1,1,0.7,0,0,357630,0,1
2015-02-19,42,49,11,1,14,1,5,-0.8660254037844386,0.5000000000000001,3,8,0.8490742304238962,0.7003729051261487,0.700540441,3.4339872044851463,0.0,8.15507488781144,2.4344901638739844,4.060443010546419,0.0,0.0,2,1,0.7,0,0,335460,0,0
2015-02-19,42,49,12,0,3,1,5,-0.8660254037844386,0.5000000000000001,3,8,0.44517646305600644,0.609491784685046,0.609583333,0.0,0.0,7.6783263565068856,1.6351056591826783,2.1972245773362196,0.0,0.0,0,0,0.8,1,0,236535,0,1
2015-02-19,42,49,12,1,15,1,5,-0.8660254037844386,0.5000000000000001,3,8,1.3891735543598263,0.8004602730359232,0.800711494,3.6635616461296463,7.027314514039777,6.985641817639208,2.725235025856311,3.5263605246161616,25.74499992892632,24.780844496372072,0,0,0.8,0,0,237615,0,0
2015-02-22,43,52,1,0,0,1,1,0.8660254037844386,0.5000000000000001,4,8,0.9802589981914072,0.7271596042205514,0.727349537,0.0,0.0,7.9658927350845286,1.3711807233098425,2.4849066497880004,0.0,0.0,0,0,0.8,1,0,385290,0,1
2015-02-22,43,52,2,0,4,1,1,0.8660254037844386,0.5000000000000001,4,8,1.584116737997879,0.8297867585630744,0.8300625,0.0,0.0,8.476579508530941,1.6351056591826783,2.995732273553991,0.0,0.0,0,0,0.8,1,0,391260,0,0
2015-02-22,43,52,2,1,16,1,1,0.8660254037844386,0.5000000000000001,4,8,0.8493828872584993,0.7004376729724311,0.700605263,0.0,6.616065185132817,8.830689198760998,3.41213732170049,4.04305126783455,0.0,26.749090734827266,1,1,0.7,0,0,398100,0,0
2015-02-22,43,52,3,0,5,1,1,0.8660254037844386,0.5000000000000001,4,8,1.9168713261188537,0.8717891395154553,0.8721,0.0,0.0,7.496097345175956,1.6351056591826783,2.70805020110221,0.0,0.0,0,0,0.5,1,0,362430,0,0
2015-02-22,43,52,3,1,17,1,1,0.8660254037844386,0.5000000000000001,4,8,0.5171112497103373,0.6264720321537177,0.626577778,3.5263605246161616,0.0,9.007121989469242,3.40452517175483,4.060443010546419,0.0,0.0,2,1,0.7,0,0,370590,0,1
2015-02-22,43,52,4,1,18,1,1,0.8660254037844386,0.5000000000000001,4,8,1.3847470854198898,0.7997523209690893,0.80000295,4.1588830833596715,6.827629234502852,8.669227347271736,3.40452517175483,4.07753744390572,28.395311722825852,27.839913856790723,1,1,0.8,0,0,460080,0,0
2015-02-22,43,52,5,1,19,1,1,0.8660254037844386,0.5000000000000001,4,8,-0.8110711998282203,0.30766227649456973,0.307501459,0.0,0.0,8.648396877031582,3.40452517175483,4.0943445622221,0.0,0.0,0,0,0.8,0,1,370500,0,1
2015-02-22,43,52,6,0,8,1,1,0.8660254037844386,0.5000000000000001,4,8,1.5974393321332068,0.8316601921470342,0.8319375,0.0,0.0,6.8679744089702925,1.0647107369924282,2.0794415416798357,0.0,0.0,0,0,0.8,1,0,242055,0,0
2015-02-22,43,52,6,1,20,1,1,0.8660254037844386,0.5000000000000001,4,8,1.1009689342378093,0.7504416106599834,0.75065101,3.828641396489095,6.962243464266207,8.284251797621916,2.933324813425374,3.4965075614664802,26.655933539725243,24.343536917577374,0,0,0.75,0,0,246015,0,0
2015-02-22,43,52,7,0,9,1,1,0.8660254037844386,0.5000000000000001,4,8,-0.9240233491528443,0.2841388189373434,0.283958333,0.0,0.0,6.8679744089702925,1.6351056591826783,2.0794415416798357,0.0,0.0,0,0,0.7,1,0,359010,0,1
2015-02-22,43,52,7,1,21,1,1,0.8660254037844386,0.5000000000000001,4,8,-0.43204637295614545,0.393637782619883,0.393548851,0.0,6.4425401664681985,8.848078421168667,3.40452517175483,4.060443010546419,0.0,26.15956718910036,1,1,0.75,0,1,365970,0,1
2015-02-22,43,52,8,1,22,1,1,0.8660254037844386,0.5000000000000001,4,8,0.8494246590014067,0.7004464376441102,0.700614035,3.713572066704308,7.044905117129371,8.830689198760998,3.380994674344636,4.04305126783455,26.161762855553874,28.482912565584016,2,1,0.7,0,0,356520,0,0
2015-02-22,43,52,9,0,11,1,1,0.8660254037844386,0.5000000000000001,4,8,1.1163615599582781,0.7533131996658313,0.753525,0.0,0.0,7.783640596221253,1.3711807233098425,2.302585092994046,0.0,0.0,0,0,0.8,1,0,367380,0,1
2015-02-22,43,52,9,1,23,1,1,0.8660254037844386,0.5000000000000001,4,8,0.5189622560861521,0.6269050750776943,0.627011183,3.4339872044851463,0.0,8.083637203141548,2.933324813425374,4.04305126783455,0.0,0.0,1,1,0.7,0,0,370620,0,1
2015-02-22,43,52,10,0,1,1,1,0.8660254037844386,0.5000000000000001,4,8,-0.4646340358499127,0.3858870791411863,0.385791667,0.0,0.0,6.8679744089702925,1.3711807233098425,2.0794415416798357,0.0,0.0,0,0,0.8,1,0,358590,0,1
2015-02-22,43,52,10,1,13,1,1,0.8660254037844386,0.5000000000000001,4,8,-0.17278447606861747,0.4569110275689223,0.456875,0.0,0.0,8.699681400989514,3.056356895370426,3.912023005428146,0.0,0.0,1,1,0.7,0,0,364590,0,1
2015-02-22,43,52,11,0,2,1,1,0.8660254037844386,0.5000000000000001,4,8,1.419756804532613,0.8053002882005011,0.805555556,0.0,0.0,7.9658927350845286,1.0647107369924282,2.4849066497880004,0.0,0.0,0,0,0.6,1,0,338340,0,0
2015-02-22,43,52,11,1,14,1,1,0.8660254037844386,0.5000000000000001,4,8,0.7172310979687241,0.6719969948036758,0.672140805,0.0,6.727431724850855,8.15507488781144,2.4344901638739844,4.060443010546419,0.0,27.316353126098896,2,1,0.75,0,0,341820,0,1
2015-02-22,43,52,12,0,3,1,1,0.8660254037844386,0.5000000000000001,4,8,1.2862568539826176,0.7835129490392647,0.78375,0.0,0.0,7.783640596221253,1.6351056591826783,2.302585092994046,0.0,0.0,0,0,0.8,1,0,240015,0,1
2015-02-22,43,52,12,1,15,1,1,0.8660254037844386,0.5000000000000001,4,8,1.387238369876064,0.8001509986265665,0.800401961,4.1588830833596715,7.00669522683704,8.314097335405807,2.725235025856311,3.5263605246161616,29.140026249149525,24.70813345593462,0,0,0.8,0,0,244095,0,0
2015-02-23,44,53,2,0,4,1,2,0.8660254037844387,-0.4999999999999998,4,8,-0.5372461712534102,0.368828425229741,0.36871875,0.0,0.0,6.8679744089702925,1.6351056591826783,2.0794415416798357,0.0,0.0,0,0,0.8,1,0,399060,0,1
2015-02-23,44,53,2,1,16,1,2,0.8660254037844387,-0.4999999999999998,4,8,0.8494673505216269,0.700455395154553,0.700623,3.4339872044851463,0.0,7.6783263565068856,3.41213732170049,4.060443010546419,0.0,0.0,1,1,0.7,0,0,401220,0,0
2015-02-23,44,53,3,0,5,1,2,0.8660254037844387,-0.4999999999999998,4,8,1.908405722992502,0.8708399331662489,0.87115,0.0,0.0,7.6783263565068856,1.6351056591826783,2.8903717578961645,0.0,0.0,0,0,0.8,1,0,372750,0,0
2015-02-23,44,53,3,1,17,1,2,0.8660254037844387,-0.4999999999999998,4,8,0.8482250901919031,0.7001946821420217,0.700362069,3.4339872044851463,0.0,8.848078421168667,3.380994674344636,4.060443010546419,0.0,0.0,2,1,0.7,0,0,379710,0,0
2015-02-23,44,53,4,1,18,1,2,0.8660254037844387,-0.4999999999999998,4,8,1.385585223033764,0.7998865137677527,0.800137255,3.6635616461296463,6.79346613258001,8.87360810154911,3.40452517175483,4.07753744390572,24.888281967600822,27.70061252950037,1,1,0.8,0,0,467220,0,0
2015-02-23,44,53,5,1,19,1,2,0.8660254037844387,-0.4999999999999998,4,8,1.385585223033764,0.7998865137677527,0.800137255,3.6635616461296463,6.295266001439646,8.87360810154911,3.40452517175483,4.07753744390572,23.06309507505823,25.669182840216795,0,0,0.8,0,0,377640,0,0
2015-02-23,44,53,6,0,8,1,2,0.8660254037844387,-0.4999999999999998,4,8,-0.5250600009267264,0.3716697994987469,0.3715625,0.0,0.0,6.8679744089702925,1.0647107369924282,2.0794415416798357,0.0,0.0,0,0,0.8,1,0,246975,0,1
2015-02-23,44,53,6,1,20,1,2,0.8660254037844387,-0.4999999999999998,4,8,1.1009689342378093,0.7504416106599834,0.75065101,3.828641396489095,7.00397413672268,8.284251797621916,2.933324813425374,3.4965075614664802,26.815705319795423,24.489448529366513,0,0,0.75,0,0,250935,0,0
2015-02-23,44,53,7,0,9,1,2,0.8660254037844387,-0.4999999999999998,4,8,-0.5902467044538011,0.35657825085045947,0.356458333,0.0,0.0,6.8679744089702925,1.6351056591826783,2.0794415416798357,0.0,0.0,0,0,0.7,1,0,366930,0,1
2015-02-23,44,53,7,1,21,1,2,0.8660254037844387,-0.4999999999999998,4,8,1.1016044803645788,0.7505606161570593,0.750770115,3.828641396489095,0.0,8.848078421168667,3.40452517175483,4.060443010546419,0.0,0.0,1,1,0.75,0,0,373890,0,0
2015-02-23,44,53,8,0,10,1,2,0.8660254037844387,-0.4999999999999998,4,8,2.5875665949964155,0.9300570874954052,0.930416667,0.0,0.0,6.8679744089702925,1.6351056591826783,2.0794415416798357,0.0,0.0,0,0,0.7,1,0,357480,0,0
2015-02-23,44,53,8,1,22,1,2,0.8660254037844387,-0.4999999999999998,4,8,0.8494246590014067,0.7004464376441102,0.700614035,3.713572066704308,0.0,8.830689198760998,3.380994674344636,4.04305126783455,0.0,0.0,2,1,0.7,0,0,364320,0,0
2015-02-23,44,53,9,0,11,1,2,0.8660254037844387,-0.4999999999999998,4,8,-0.5250600009267264,0.3716697994987469,0.3715625,0.0,0.0,6.8679744089702925,1.0647107369924282,2.0794415416798357,0.0,0.0,0,0,0.8,1,0,371580,0,1
2015-02-23,44,53,9,1,23,1,2,0.8660254037844387,-0.4999999999999998,4,8,0.41044838577569226,0.601195388471178,0.60128,3.713572066704308,7.403670290012373,8.699681400989514,2.933324813425374,3.912023005428146,27.49406318007853,28.963328499133276,1,1,0.7,0,0,377580,0,1
2015-02-23,44,53,10,0,1,1,2,0.8660254037844387,-0.4999999999999998,4,8,3.064651809112643,0.9554108886649958,0.955791667,0.0,0.0,7.783640596221253,1.3711807233098425,2.995732273553991,0.0,0.0,0,0,0.8,1,0,366990,0,0
2015-02-23,44,53,10,1,13,1,2,0.8660254037844387,-0.4999999999999998,4,8,-0.33104968235178645,0.4179852412130326,0.417916667,0.0,0.0,8.699681400989514,3.056356895370426,3.912023005428146,0.0,0.0,1,1,0.7,0,0,372990,0,1
2015-02-23,44,53,11,1,14,1,2,0.8660254037844387,-0.4999999999999998,4,8,1.0990648090099024,0.7500848379649122,0.750293939,0.0,6.717804695023691,7.944846711001996,2.4344901638739844,4.060443010546419,0.0,27.277263120124864,2,1,0.75,0,0,344640,0,0
2015-02-23,44,53,12,0,3,1,2,0.8660254037844387,-0.4999999999999998,4,8,2.2215007990251148,0.9021637426900584,0.9025,0.0,0.0,6.985641817639208,1.6351056591826783,2.1972245773362196,0.0,0.0,0,0,0.8,1,0,245175,0,0
2015-02-23,44,53,12,1,15,1,2,0.8660254037844387,-0.4999999999999998,4,8,1.387238369876064,0.8001509986265665,0.800401961,4.1588830833596715,0.0,8.314097335405807,2.725235025856311,3.5263605246161616,0.0,0.0,0,0,0.8,0,0,249255,0,0
2015-02-24,45,54,1,1,12,1,3,1.2246467991473532e-16,-1.0,4,8,-1.0027151532676974,0.26840792485881376,0.268214286,0.0,6.5638555265321274,8.525359754082631,3.114847754444153,3.7376696182833684,0.0,24.533523380320513,1,1,0.6,0,0,390330,0,1
2015-02-24,45,54,2,0,4,1,3,1.2246467991473532e-16,-1.0,4,8,-0.7302211528174625,0.32514619883040935,0.325,0.0,0.0,6.8679744089702925,1.3609765531356006,2.0794415416798357,0.0,0.0,0,0,0.7,1,0,402180,0,1
2015-02-24,45,54,2,1,16,1,3,1.2246467991473532e-16,-1.0,4,8,0.8494673505216269,0.700455395154553,0.700623,3.4339872044851463,0.0,7.427144133408616,3.41213732170049,4.07753744390572,0.0,0.0,1,1,0.7,0,0,403860,0,0
2015-02-24,45,54,3,0,5,1,3,1.2246467991473532e-16,-1.0,4,8,1.4573612164787273,0.8111287479064326,0.811388889,0.0,0.0,7.273092595999522,1.5260563034950492,2.4849066497880004,0.0,0.0,0,0,0.8,1,0,381150,0,0
2015-02-24,45,54,3,1,17,1,3,1.2246467991473532e-16,-1.0,4,8,1.0984415635058764,0.7499679876658313,0.750176991,3.828641396489095,7.067319848653476,8.58316818033977,3.380994674344636,4.0943445622221,27.058233334783743,28.936042591818676,2,1,0.75,0,0,386490,0,0
2015-02-24,45,54,4,1,18,1,3,1.2246467991473532e-16,-1.0,4,8,1.3851769383299577,0.799821152417711,0.800071839,3.9318256327243257,0.0,8.776630098427717,3.40452517175483,4.07753744390572,0.0,0.0,1,1,0.8,0,0,473700,0,0
2015-02-24,45,54,5,1,19,1,3,1.2246467991473532e-16,-1.0,4,8,1.385585223033764,0.7998865137677527,0.800137255,3.9318256327243257,6.111467339502679,8.87360810154911,3.40452517175483,4.0943445622221,24.02922393901417,25.02245306869076,0,0,0.8,0,0,384780,0,0
2015-02-24,45,54,6,0,8,1,3,1.2246467991473532e-16,-1.0,4,8,0.9781639294073149,0.7267437479264828,0.726933333,0.0,0.0,7.496097345175956,1.0647107369924282,2.70805020110221,0.0,0.0,0,0,0.75,1,0,252735,0,1
2015-02-24,45,54,6,1,20,1,3,1.2246467991473532e-16,-1.0,4,8,1.1009689342378093,0.7504416106599834,0.75065101,3.828641396489095,6.81783057145415,8.119993827725105,2.933324813425374,3.4965075614664802,26.10302836011826,23.83859614588677,0,0,0.75,0,0,256095,0,0
2015-02-24,45,54,7,1,21,1,3,1.2246467991473532e-16,-1.0,4,8,1.1013761343047201,0.7505178629039265,0.750727326,3.828641396489095,6.606650186198215,8.637816633739977,3.40452517175483,4.07753744390572,25.294494395000875,26.938863513009917,1,1,0.75,0,0,379530,0,0
2015-02-24,45,54,8,0,10,1,3,1.2246467991473532e-16,-1.0,4,8,1.3322637698658892,0.7912148423291562,0.791458333,0.0,0.0,6.8679744089702925,1.5260563034950492,2.0794415416798357,0.0,0.0,0,0,0.7,1,0,365280,0,0
2015-02-24,45,54,8,1,22,1,3,1.2246467991473532e-16,-1.0,4,8,0.8489698551326831,0.7003510014402673,0.700518519,3.713572066704308,6.984716320118265,8.4252971767117,3.380994674344636,4.060443010546419,25.938247420244895,28.361042562673713,2,1,0.7,0,0,369840,0,0
2015-02-24,45,54,9,0,11,1,3,1.2246467991473532e-16,-1.0,4,8,0.9781639294073149,0.7267437479264828,0.726933333,0.0,0.0,7.496097345175956,1.0647107369924282,2.70805020110221,0.0,0.0,0,0,0.7,1,0,379380,0,0
2015-02-24,45,54,9,1,23,1,3,1.2246467991473532e-16,-1.0,4,8,0.8477240685794596,0.7000894960902256,0.700256795,3.4339872044851463,0.0,8.006700845440367,2.933324813425374,3.9512437185814275,0.0,0.0,1,1,0.7,0,0,382380,0,0
2015-02-24,45,54,10,0,1,1,3,1.2246467991473532e-16,-1.0,4,8,2.218360281855625,0.9018861967518798,0.902222222,0.0,0.0,7.496097345175956,1.0647107369924282,2.70805020110221,0.0,0.0,0,0,0.7,1,0,374790,0,0
2015-02-24,45,54,10,1,13,1,3,1.2246467991473532e-16,-1.0,4,8,-0.11559804498942985,0.4711326275989975,0.471108491,0.0,0.0,8.757940876678804,3.056356895370426,3.970291913552122,0.0,0.0,1,1,0.7,0,0,381150,0,1
2015-02-24,45,54,11,0,2,1,3,1.2246467991473532e-16,-1.0,4,8,0.018734883809270703,0.5046835839598997,0.5046875,0.0,0.0,6.8679744089702925,1.0647107369924282,2.0794415416798357,0.0,0.0,0,0,0.7,1,0,345600,0,1
2015-02-24,45,54,11,1,14,1,3,1.2246467991473532e-16,-1.0,4,8,1.0998289159451486,0.750228048223893,0.750437269,3.5553480614894135,6.54965074223381,8.119993827725105,2.4518667957098,4.04305126783455,23.286288069833674,26.48057373726191,2,1,0.75,0,0,348960,0,0
2015-02-24,45,54,12,1,15,1,3,1.2246467991473532e-16,-1.0,4,8,1.387238369876064,0.8001509986265665,0.800401961,3.9318256327243257,0.0,8.314097335405807,2.725235025856311,3.5263605246161616,0.0,0.0,0,0,0.8,0,0,253335,0,0
2015-02-25,46,55,1,1,12,1,4,-0.8660254037844384,-0.5000000000000004,4,8,0.32713934652017584,0.5810631734269005,0.581130952,0.0,0.0,8.525359754082631,3.114847754444153,3.7376696182833684,0.0,0.0,1,1,0.65,0,0,395370,0,1
2015-02-25,46,55,2,0,4,1,4,-0.8660254037844384,-0.5000000000000004,4,8,-0.23943815992016665,0.44042481203007516,0.440375,0.0,0.0,6.8679744089702925,1.3609765531356006,2.0794415416798357,0.0,0.0,0,0,0.7,1,0,404820,0,1
2015-02-25,46,55,2,1,16,1,4,-0.8660254037844384,-0.5000000000000004,4,8,0.8468344190563286,0.6999026683007519,0.700069811,3.4339872044851463,0.0,8.284251797621916,3.41213732170049,4.060443010546419,0.0,0.0,1,1,0.7,0,0,408780,0,0
2015-02-25,46,55,3,0,5,1,4,-0.8660254037844384,-0.5000000000000004,4,8,2.202775422977869,0.9004984680601503,0.900833333,0.0,0.0,7.783640596221253,1.5260563034950492,2.995732273553991,0.0,0.0,0,0,0.8,1,0,388890,0,0
2015-02-25,46,55,3,1,17,1,4,-0.8660254037844384,-0.5000000000000004,4,8,1.0986009216695012,0.7499978686817043,0.750206897,3.828641396489095,7.157735484249907,8.848078421168667,3.380994674344636,4.060443010546419,27.40440238011811,29.063577018362622,2,1,0.75,0,0,395850,0,0
2015-02-25,46,55,4,1,18,1,4,-0.8660254037844384,-0.5000000000000004,4,8,1.3897813828572416,0.8005573398763576,0.800808642,3.9318256327243257,0.0,8.314097335405807,3.40452517175483,4.07753744390572,0.0,0.0,1,1,0.8,0,0,477780,0,0
2015-02-25,46,55,5,0,7,1,4,-0.8660254037844384,-0.5000000000000004,4,8,2.2267526866328193,0.9026263189206349,0.902962963,0.0,0.0,6.985641817639208,1.5260563034950492,2.1972245773362196,0.0,0.0,0,0,0.8,1,0,385860,0,0
2015-02-25,46,55,5,1,19,1,4,-0.8660254037844384,-0.5000000000000004,4,8,0.4000921740526896,0.5987098057176273,0.598792339,3.912023005428146,2.772588722239781,7.0909098220799835,3.40452517175483,4.07753744390572,10.846430865992652,11.305334331483422,1,1,0.8,0,0,387060,0,1
2015-02-25,46,55,6,0,8,1,4,-0.8660254037844384,-0.5000000000000004,4,8,-0.3602137470814204,0.4109078247852966,0.410833333,0.0,0.0,6.8679744089702925,1.0647107369924282,2.0794415416798357,0.0,0.0,0,0,0.75,1,0,257055,0,1
2015-02-25,46,55,6,1,20,1,4,-0.8660254037844384,-0.5000000000000004,4,8,1.1009689342378093,0.7504416106599834,0.75065101,3.828641396489095,6.911747300251674,8.284251797621916,2.933324813425374,3.4965075614664802,26.462601835815303,24.16697669827551,1,1,0.75,0,0,261015,0,0
2015-02-25,46,55,7,0,9,1,4,-0.8660254037844384,-0.5000000000000004,4,8,0.737820499715635,0.6765190757994987,0.676666667,0.0,0.0,6.8679744089702925,1.5260563034950492,2.0794415416798357,0.0,0.0,0,0,0.75,1,0,380490,0,1
2015-02-25,46,55,7,1,21,1,4,-0.8660254037844384,-0.5000000000000004,4,8,1.3854514222617493,0.7998650956758563,0.800115819,3.9318256327243257,6.668228248417403,8.865170419651774,3.40452517175483,4.07753744390572,26.218310751983978,27.189950367431813,2,1,0.8,0,0,387570,0,0
2015-02-25,46,55,8,0,10,1,4,-0.8660254037844384,-0.5000000000000004,4,8,0.6562131723046751,0.6584092178212197,0.658541667,0.0,0.0,6.8679744089702925,1.5260563034950492,2.0794415416798357,0.0,0.0,0,0,0.7,1,0,370800,0,1
2015-02-25,46,55,8,1,22,1,4,-0.8660254037844384,-0.5000000000000004,4,8,0.8482250901919031,0.7001946821420217,0.700362069,3.4339872044851463,6.742880635791903,8.848078421168667,3.380994674344636,4.060443010546419,23.154965824680062,27.379082548550027,1,1,0.7,0,0,377760,0,0
2015-02-25,46,55,9,0,11,1,4,-0.8660254037844384,-0.5000000000000004,4,8,-0.3602137470814204,0.4109078247852966,0.410833333,0.0,0.0,6.8679744089702925,1.0647107369924282,2.0794415416798357,0.0,0.0,0,0,0.7,1,0,383340,0,1
2015-02-25,46,55,9,1,23,1,4,-0.8660254037844384,-0.5000000000000004,4,8,3.49074674885577,0.9704233364511279,0.970816667,4.04305126783455,0.0,8.738895704934043,2.933324813425374,3.9512437185814275,0.0,0.0,1,1,0.75,0,0,389580,0,0
2015-02-25,46,55,10,0,1,1,4,-0.8660254037844384,-0.5000000000000004,4,8,1.7000741284034946,0.8455444162639932,0.845833333,0.0,0.0,7.0909098220799835,1.0647107369924282,2.302585092994046,0.0,0.0,0,0,0.7,1,0,382350,0,0
2015-02-25,46,55,10,1,13,1,4,-0.8660254037844384,-0.5000000000000004,4,8,0.8467798182914826,0.6998911998897244,0.700058333,0.0,7.4109518755836366,8.738895704934043,3.0828269804049246,3.9512437185814275,0.0,29.282477047109094,2,1,0.7,0,0,388590,0,0
2015-02-25,46,55,11,1,14,1,4,-0.8660254037844384,-0.5000000000000004,4,8,1.1001824775685711,0.750294294833751,0.750503571,3.828641396489095,6.455198563340122,8.119993827725105,2.4518667957098,4.04305126783455,24.714640442160928,26.09869873563605,0,0,0.75,0,0,352320,0,0
2015-02-25,46,55,12,0,3,1,4,-0.8660254037844384,-0.5000000000000004,4,8,2.1886072027399153,0.8992217585430243,0.899555556,0.0,0.0,7.496097345175956,1.5260563034950492,2.70805020110221,0.0,0.0,0,0,0.8,1,0,255135,0,0
2015-02-25,46,55,12,1,15,1,4,-0.8660254037844384,-0.5000000000000004,4,8,1.387238369876064,0.8001509986265665,0.800401961,3.9318256327243257,0.0,8.314097335405807,2.725235025856311,3.5263605246161616,0.0,0.0,0,0,0.8,0,0,259215,0,0
2015-02-26,47,56,1,0,0,1,5,-0.8660254037844386,0.5000000000000001,4,8,1.2005500571029686,0.7686226211461988,0.768847222,0.0,0.0,8.119993827725105,1.3711807233098425,2.0794415416798357,0.0,0.0,0,0,0.5,1,0,398730,0,0
2015-02-26,47,56,1,1,12,1,5,-0.8660254037844386,0.5000000000000001,4,8,-0.4938104886023449,0.37899632564076857,0.378895152,3.1780538303479458,7.060476365999801,8.79497643168877,3.2831643147505627,4.007333185232471,22.43857395904681,28.293681245020565,2,1,0.35,0,0,405330,0,0
2015-02-26,47,56,2,0,4,1,5,-0.8660254037844386,0.5000000000000001,4,8,0.22703114377926076,0.5565152464494569,0.5565625,0.0,0.0,6.8679744089702925,1.3609765531356006,2.0794415416798357,0.0,0.0,0,0,0.7,1,0,409740,0,1
2015-02-26,47,56,2,1,16,1,5,-0.8660254037844386,0.5000000000000001,4,8,0.6733087833569845,0.662243654770259,0.66237931,0.0,5.988961416889864,8.848078421168667,3.41213732170049,4.060443010546419,0.0,24.317836525642626,1,1,0.7,0,0,416700,0,1
2015-02-26,47,56,3,0,5,1,5,-0.8660254037844386,0.5000000000000001,4,8,2.460851724561814,0.9213514034954051,0.921703704,0.0,0.0,8.748463629942055,1.5260563034950492,2.70805020110221,0.0,0.0,0,0,0.8,1,0,402150,0,0
2015-02-26,47,56,3,1,17,1,5,-0.8660254037844386,0.5000000000000001,4,8,1.1000230945972098,0.750264432802005,0.750473684,3.828641396489095,7.126890808898808,8.830689198760998,3.380994674344636,4.04305126783455,27.286309179207628,28.81438492063673,2,1,0.75,0,0,408990,0,0
2015-02-26,47,56,4,1,18,1,5,-0.8660254037844386,0.5000000000000001,4,8,-0.017515746908638476,0.4956211752247285,0.495617514,3.4965075614664802,0.0,8.865170419651774,3.40452517175483,4.07753744390572,0.0,0.0,2,1,0.8,0,0,484860,0,1
2015-02-26,47,56,5,0,7,1,5,-0.8660254037844386,0.5000000000000001,4,8,2.4594906586747953,0.9212527200066833,0.921604938,0.0,0.0,8.93075873555827,1.5260563034950492,2.8903717578961645,0.0,0.0,0,0,0.8,1,0,394620,0,0
2015-02-26,47,56,5,1,19,1,5,-0.8660254037844386,0.5000000000000001,4,8,-0.20064357465979143,0.4500067124076859,0.449964912,3.6635616461296463,0.0,8.830689198760998,3.3134584673541485,4.04305126783455,0.0,0.0,1,1,0.35,0,0,401460,0,0
2015-02-26,47,56,6,0,8,1,5,-0.8660254037844386,0.5000000000000001,4,8,-0.9841678184233481,0.2720655806182122,0.271875,0.0,0.0,8.119993827725105,1.0647107369924282,2.0794415416798357,0.0,0.0,0,0,0.75,1,0,264375,0,1
2015-02-26,47,56,6,1,20,1,5,-0.8660254037844386,0.5000000000000001,4,8,1.1009689342378093,0.7504416106599834,0.75065101,3.828641396489095,0.0,8.284251797621916,2.933324813425374,3.4965075614664802,0.0,0.0,0,0,0.75,0,0,268335,0,0
2015-02-26,47,56,7,1,21,1,5,-0.8660254037844386,0.5000000000000001,4,8,1.3897813828572416,0.8005573398763576,0.800808642,3.9318256327243257,6.543911845564792,8.314097335405807,3.40452517175483,4.07753744390572,25.72952033268,26.683045579908622,1,1,0.8,0,0,391650,0,0
2015-02-26,47,56,8,0,10,1,5,-0.8660254037844386,0.5000000000000001,4,8,-0.5035774859071953,0.3767003153817878,0.376597222,0.0,0.0,8.119993827725105,1.5260563034950492,2.0794415416798357,0.0,0.0,0,0,0.75,1,0,381120,0,1
2015-02-26,47,56,8,1,22,1,5,-0.8660254037844386,0.5000000000000001,4,8,1.0986009216695012,0.7499978686817043,0.750206897,4.04305126783455,6.821107472256465,8.848078421168667,3.380994674344636,4.060443010546419,27.578087213742222,27.696718159909715,2,1,0.75,0,0,388080,0,0
2015-02-26,47,56,9,0,11,1,5,-0.8660254037844386,0.5000000000000001,4,8,-0.3726969044896274,0.40788951545530494,0.4078125,0.0,0.0,6.8679744089702925,1.0647107369924282,2.0794415416798357,0.0,0.0,0,0,0.75,1,0,390540,0,1
2015-02-26,47,56,9,1,23,1,5,-0.8660254037844386,0.5000000000000001,4,8,1.0994803642105822,0.7501627288387636,0.750371895,3.828641396489095,6.928537818164665,8.637816633739977,2.933324813425374,3.9512437185814275,26.52688670776547,27.376341532977,1,1,0.75,0,0,396180,0,0
2015-02-26,47,56,10,0,1,1,5,-0.8660254037844386,0.5000000000000001,4,8,-0.3602137470814204,0.4109078247852966,0.410833333,0.0,0.0,8.119993827725105,1.0647107369924282,2.0794415416798357,0.0,0.0,0,0,0.7,1,0,391950,0,1
2015-02-26,47,56,10,1,13,1,5,-0.8660254037844386,0.5000000000000001,4,8,0.8477001703117002,0.7000844782857143,0.700251773,0.0,7.3727463664043285,8.083637203141548,3.0828269804049246,3.9512437185814275,0.0,29.13151776894915,1,1,0.7,0,0,395190,0,0
2015-02-26,47,56,11,1,14,1,5,-0.8660254037844386,0.5000000000000001,4,8,1.3879552436400415,0.8002656087986634,0.800516667,3.9318256327243257,6.705639094860003,7.944846711001996,2.4518667957098,4.04305126783455,26.365403676968906,27.11124264411466,2,1,0.8,0,0,355140,0,0
2015-02-26,47,56,12,0,3,1,5,-0.8660254037844386,0.5000000000000001,4,8,0.36620468978063403,0.5905415803375105,0.590617284,0.0,0.0,8.237743803890933,1.5260563034950492,2.1972245773362196,0.0,0.0,0,0,0.8,1,0,262995,0,1
2015-02-26,47,56,12,1,15,1,5,-0.8660254037844386,0.5000000000000001,4,8,1.387238369876064,0.8001509986265665,0.800401961,4.1588830833596715,0.0,8.314097335405807,2.725235025856311,3.5263605246161616,0.0,0.0,0,0,0.8,0,0,267075,0,0
2015-02-28,48,58,1,0,0,1,0,0.0,1.0,4,9,1.2005500571029686,0.7686226211461988,0.768847222,0.0,0.0,8.119993827725105,1.3711807233098425,2.0794415416798357,0.0,0.0,0,0,0.5,1,0,408690,0,0
2015-02-28,48,58,1,1,12,1,0,0.0,1.0,4,9,0.20191378197911258,0.5503076447518798,0.550349708,3.4339872044851463,0.0,8.830689198760998,3.2831643147505627,4.04305126783455,0.0,0.0,2,1,0.5,0,0,415530,0,0
2015-02-28,48,58,2,0,4,1,0,0.0,1.0,4,9,0.22703114377926076,0.5565152464494569,0.5565625,0.0,0.0,6.8679744089702925,1.3609765531356006,2.0794415416798357,0.0,0.0,0,0,0.7,1,0,417660,0,1
2015-02-28,48,58,2,1,16,1,0,0.0,1.0,4,9,0.8475066798498503,0.7000438502556391,0.700211111,0.0,0.0,8.4252971767117,3.41213732170049,4.060443010546419,0.0,0.0,1,1,0.7,0,0,422220,0,0
2015-02-28,48,58,3,0,5,1,0,0.0,1.0,4,9,2.460851724561814,0.9213514034954051,0.921703704,0.0,0.0,8.748463629942055,1.5260563034950492,2.70805020110221,0.0,0.0,0,0,0.8,1,0,415290,0,0
2015-02-28,48,58,3,1,17,1,0,0.0,1.0,4,9,1.1013209315145234,0.7505075265463659,0.750716981,3.828641396489095,7.0431599159883405,8.398634855292102,3.380994674344636,4.04305126783455,26.96573361644562,28.475856627898146,2,1,0.75,0,0,419730,0,0
2015-02-28,48,58,4,1,18,1,0,0.0,1.0,4,9,0.0010313217823057425,0.5002578304227235,0.500258046,3.1780538303479458,0.0,8.848078421168667,3.2831643147505627,4.060443010546419,0.0,0.0,2,1,0.5,0,0,491820,0,0
2015-02-28,48,58,5,0,7,1,0,0.0,1.0,4,9,2.4594906586747953,0.9212527200066833,0.921604938,0.0,0.0,8.93075873555827,1.5260563034950492,2.8903717578961645,0.0,0.0,0,0,0.8,1,0,409020,0,0
2015-02-28,48,58,5,1,19,1,0,0.0,1.0,4,9,0.20213100761354647,0.5503614008053467,0.550403509,3.4339872044851463,6.413458957167357,8.830689198760998,3.3134584673541485,4.04305126783455,22.023735995403353,25.929943367980336,1,1,0.5,0,0,415860,0,0
2015-02-28,48,58,6,0,8,1,0,0.0,1.0,4,9,-0.9841678184233481,0.2720655806182122,0.271875,0.0,0.0,8.119993827725105,1.0647107369924282,2.0794415416798357,0.0,0.0,0,0,0.75,1,0,271695,0,1
2015-02-28,48,58,6,1,20,1,0,0.0,1.0,4,9,1.1009689342378093,0.7504416106599834,0.75065101,3.828641396489095,6.920671504248683,8.284251797621916,2.933324813425374,3.4965075614664802,26.496769412668964,24.19818024503112,0,0,0.75,0,0,275655,0,0
2015-02-28,48,58,7,1,21,1,0,0.0,1.0,4,9,1.3846217052252505,0.7997322407585631,0.799982853,3.6635616461296463,6.4692503167957724,6.734591659972948,3.40452517175483,4.07753744390572,23.700497339825056,26.378610400733702,1,1,0.8,0,0,392490,0,1
2015-02-28,48,58,8,0,10,1,0,0.0,1.0,4,9,-0.5035774859071953,0.3767003153817878,0.376597222,0.0,0.0,8.119993827725105,1.5260563034950492,2.0794415416798357,0.0,0.0,0,0,0.75,1,0,391440,0,1
2015-02-28,48,58,8,1,22,1,0,0.0,1.0,4,9,1.099768434602393,0.7502167147000836,0.750425926,4.04305126783455,0.0,8.4252971767117,3.380994674344636,4.060443010546419,0.0,0.0,2,1,0.75,0,0,396000,0,0
2015-02-28,48,58,9,0,11,1,0,0.0,1.0,4,9,-0.3726969044896274,0.40788951545530494,0.4078125,0.0,0.0,6.8679744089702925,1.0647107369924282,2.0794415416798357,0.0,0.0,0,0,0.75,1,0,397140,0,1
2015-02-28,48,58,9,1,23,1,0,0.0,1.0,4,9,1.09960628026814,0.7501863271077694,0.750395513,3.828641396489095,6.7357800142423265,8.738895704934043,2.933324813425374,3.9512437185814275,25.788886200172076,26.614708471021313,1,1,0.75,0,0,403380,0,0
2015-02-28,48,58,10,0,1,1,0,0.0,1.0,4,9,-0.3602137470814204,0.4109078247852966,0.410833333,0.0,0.0,8.119993827725105,1.0647107369924282,2.0794415416798357,0.0,0.0,0,0,0.7,1,0,398550,0,1
2015-02-28,48,58,10,1,13,1,0,0.0,1.0,4,9,0.8476279724727748,0.7000693189607351,0.700236601,3.713572066704308,7.278628942320682,8.71948076085107,3.0828269804049246,3.9318256327243257,27.02971312410761,28.618299846505607,1,1,0.7,0,0,404670,0,0
2015-02-28,48,58,11,1,14,1,0,0.0,1.0,4,9,1.3895960100485119,0.8005277406248955,0.800779018,3.9318256327243257,6.86171134048073,0.0,2.4518667957098,4.060443010546419,26.979052532857327,27.86158785284208,2,1,0.8,0,0,355140,0,0
2015-02-28,48,58,12,0,3,1,0,0.0,1.0,4,9,0.36620468978063403,0.5905415803375105,0.590617284,0.0,0.0,8.237743803890933,1.5260563034950492,2.1972245773362196,0.0,0.0,0,0,0.8,1,0,270855,0,1
2015-02-28,48,58,12,1,15,1,0,0.0,1.0,4,9,1.386356715648888,0.8000099765380116,0.800260821,4.143134726391533,0.0,7.438971592395862,2.725235025856311,3.5263605246161616,0.0,0.0,0,0,0.8,0,0,272555,0,0
2015-03-01,49,59,1,0,0,1,1,0.8660254037844386,0.5000000000000001,1,9,-0.2056616051950404,0.4487650605781119,0.448722222,0.0,0.0,8.119993827725105,1.3711807233098425,2.0794415416798357,0.0,0.0,0,0,0.6,1,0,418890,0,1
2015-03-01,49,59,1,1,12,1,1,0.8660254037844386,0.5000000000000001,1,9,0.846596920596049,0.6998527820116959,0.700019883,3.6635616461296463,0.0,8.830689198760998,3.2831643147505627,4.04305126783455,0.0,0.0,0,0,0.6,0,0,425730,0,0
2015-03-01,49,59,2,0,4,1,1,0.8660254037844386,0.5000000000000001,1,9,0.3430408376775138,0.5849289891395154,0.585,0.0,0.0,6.8679744089702925,1.3609765531356006,2.0794415416798357,0.0,0.0,0,0,0.7,1,0,423180,0,1
2015-03-01,49,59,2,1,16,1,1,0.8660254037844386,0.5000000000000001,1,9,0.769428550654583,0.6833972648053468,0.683550607,0.0,0.0,7.496097345175956,3.41213732170049,4.060443010546419,0.0,0.0,0,0,0.7,0,0,424980,0,1
2015-03-01,49,59,3,0,5,1,1,0.8660254037844386,0.5000000000000001,1,9,2.6825824132345417,0.9359910150175439,0.936355556,0.0,0.0,9.259225769705994,1.5260563034950492,3.2188758248682006,0.0,0.0,0,0,0.8,1,0,430230,0,0
2015-03-01,49,59,3,1,17,1,1,0.8660254037844386,0.5000000000000001,1,9,1.1000230945972098,0.750264432802005,0.750473684,3.828641396489095,0.0,8.830689198760998,3.380994674344636,4.04305126783455,0.0,0.0,0,0,0.75,0,0,437070,0,0
2015-03-01,49,59,4,0,6,1,1,0.8660254037844386,0.5000000000000001,1,9,0.7215067865183484,0.6729387353951546,0.673083333,0.0,0.0,6.8679744089702925,1.3711807233098425,2.0794415416798357,0.0,0.0,0,0,0.6,1,0,492780,0,0
2015-03-01,49,59,4,1,18,1,1,0.8660254037844386,0.5000000000000001,1,9,0.4061152483358378,0.6001560235054302,0.600239766,3.1780538303479458,0.0,8.830689198760998,3.2831643147505627,4.04305126783455,0.0,0.0,0,0,0.6,0,0,499620,0,0
2015-03-01,49,59,5,1,19,1,1,0.8660254037844386,0.5000000000000001,1,9,0.8821768934516172,0.7072731237126149,0.707446429,3.6635616461296463,0.0,8.812992231969966,3.3134584673541485,4.02535169073515,0.0,0.0,0,0,0.6,0,0,422580,0,0
2015-03-01,49,59,6,1,20,1,1,0.8660254037844386,0.5000000000000001,1,9,1.1009689342378093,0.7504416106599834,0.75065101,3.828641396489095,0.0,8.284251797621916,2.933324813425374,3.4965075614664802,0.0,0.0,0,0,0.75,0,0,279615,0,0
2015-03-01,49,59,7,0,9,1,1,0.8660254037844386,0.5000000000000001,1,9,-0.6166592563739621,0.3505416321904762,0.350416667,0.0,0.0,8.119993827725105,1.5260563034950492,2.0794415416798357,0.0,0.0,0,0,0.8,1,0,395850,0,1
2015-03-01,49,59,7,1,21,1,1,0.8660254037844386,0.5000000000000001,1,9,0.32049576185253553,0.5794450683575606,0.579511494,0.0,6.840546529288687,8.848078421168667,3.40452517175483,4.060443010546419,0.0,27.775649343167817,0,0,0.8,0,1,402810,0,1
2015-03-01,49,59,8,0,10,1,1,0.8660254037844386,0.5000000000000001,1,9,1.4719204758251054,0.8133491134135339,0.813611111,0.0,0.0,8.119993827725105,1.5260563034950492,2.0794415416798357,0.0,0.0,0,0,0.75,1,0,399360,0,0
2015-03-01,49,59,8,1,22,1,1,0.8660254037844386,0.5000000000000001,1,9,1.1014971322087592,0.7505405179615706,0.75075,4.04305126783455,6.434546518787453,8.738895704934043,3.380994674344636,4.04305126783455,26.015201460724004,26.015201460724004,0,0,0.75,0,0,405600,0,0
2015-03-01,49,59,9,0,11,1,1,0.8660254037844386,0.5000000000000001,1,9,-0.21228346070901183,0.4471275407418547,0.447083333,0.0,0.0,6.8679744089702925,1.0647107369924282,2.0794415416798357,0.0,0.0,0,0,0.75,1,0,404340,0,1
2015-03-01,49,59,9,1,23,1,1,0.8660254037844386,0.5000000000000001,1,9,1.09960628026814,0.7501863271077694,0.750395513,3.5553480614894135,6.79794041297493,8.738895704934043,2.933324813425374,3.9512437185814275,24.169044269390962,26.860319356058028,0,0,0.75,0,0,410580,0,0
2015-03-01,49,59,10,0,1,1,1,0.8660254037844386,0.5000000000000001,1,9,0.6831699800746885,0.664445836481203,0.664583333,0.0,0.0,8.119993827725105,1.0647107369924282,2.0794415416798357,0.0,0.0,0,0,0.7,1,0,408030,0,1
2015-03-01,49,59,10,1,13,1,1,0.8660254037844386,0.5000000000000001,1,9,0.8476279724727748,0.7000693189607351,0.700236601,3.4339872044851463,7.2399325913204695,8.637816633739977,3.0828269804049246,3.9512437185814275,24.86183587992948,28.606738174407962,0,0,0.7,0,0,413670,0,0
2015-03-01,49,59,11,1,14,1,1,0.8660254037844386,0.5000000000000001,1,9,0.7642725334920796,0.6822806274486216,0.682433036,3.9318256327243257,5.8522024797744745,0.0,2.4518667957098,4.04305126783455,23.00983971787014,23.660754655476687,0,0,0.8,0,1,355140,0,1
2015-03-01,49,59,12,1,15,1,1,0.8660254037844386,0.5000000000000001,1,9,1.387238369876064,0.8001509986265665,0.800401961,4.1588830833596715,7.009408932708637,8.314097335405807,2.725235025856311,3.5263605246161616,29.15131223459212,24.717702961195638,0,0,0.8,0,0,276635,0,0
2015-03-02,50,60,1,0,0,2,2,0.8660254037844387,-0.4999999999999998,1,9,0.15184212975036426,0.5378877652664996,0.537919444,0.0,0.0,8.119993827725105,1.3711807233098425,2.0794415416798357,0.0,0.0,0,0,0.65,1,0,429090,0,1
2015-03-02,50,60,1,1,12,2,2,0.8660254037844387,-0.4999999999999998,1,9,1.3883482596105863,0.8003284212798663,0.800579532,4.189654742026425,0.0,8.830689198760998,3.2831643147505627,4.04305126783455,0.0,0.0,0,0,0.65,0,0,435930,0,0
2015-03-02,50,60,2,0,4,2,2,0.8660254037844387,-0.4999999999999998,1,9,2.5637483563751493,0.9284917293233081,0.92885,0.0,0.0,7.0909098220799835,1.3609765531356006,2.302585092994046,0.0,0.0,0,0,0.7,1,0,426180,0,0
2015-03-02,50,60,3,0,5,2,2,0.8660254037844387,-0.4999999999999998,1,9,1.815865739671478,0.860069308705096,0.86037037,0.0,0.0,9.218407743053941,1.5260563034950492,3.1780538303479458,0.0,0.0,0,0,0.8,1,0,447150,0,0
2015-03-02,50,60,3,1,17,2,2,0.8660254037844387,-0.4999999999999998,1,9,1.385663613452625,0.7998990612765247,0.800149813,3.9318256327243257,7.116394144093465,8.45126704130007,3.380994674344636,4.04305126783455,27.980420908315974,28.77194636668745,0,0,0.8,0,0,451830,0,0
2015-03-02,50,60,4,0,6,2,2,0.8660254037844387,-0.4999999999999998,1,9,1.4282134210117379,0.8066227934269006,0.806879167,0.0,0.0,6.8679744089702925,1.3711807233098425,2.0794415416798357,0.0,0.0,0,0,0.65,1,0,500580,0,0
2015-03-02,50,60,4,1,18,2,2,0.8660254037844387,-0.4999999999999998,1,9,1.0988565628206324,0.7500457986065163,0.750254867,4.02535169073515,6.725033642166843,8.821879862683842,3.2831643147505627,4.04305126783455,27.070625541747063,27.189655793192657,0,0,0.65,0,0,507360,0,0
2015-03-02,50,60,5,1,19,2,2,0.8660254037844387,-0.4999999999999998,1,9,0.8508038051490749,0.7007357317593985,0.700903571,3.5553480614894135,0.0,8.812992231969966,3.3134584673541485,4.02535169073515,0.0,0.0,0,0,0.65,0,0,429300,0,0
2015-03-02,50,60,6,1,20,2,2,0.8660254037844387,-0.4999999999999998,1,9,1.1017480151789891,0.750587487689223,0.750797009,3.5553480614894135,6.854354502255021,7.9658927350845286,2.933324813425374,3.4965075614664802,24.369615992353623,23.966302346106495,0,0,0.75,0,0,282495,0,0
2015-03-02,50,60,7,0,9,2,2,0.8660254037844387,-0.4999999999999998,1,9,-0.6522050524312621,0.342492805978279,0.342361111,0.0,0.0,8.119993827725105,1.5260563034950492,2.0794415416798357,0.0,0.0,0,0,0.8,1,0,406170,0,1
2015-03-02,50,60,7,1,21,2,2,0.8660254037844387,-0.4999999999999998,1,9,1.3854514222617493,0.7998650956758563,0.800115819,0.0,6.424869023905388,8.865170419651774,3.40452517175483,4.07753744390572,0.0,26.19764401716421,0,0,0.8,0,0,413250,0,0
2015-03-02,50,60,8,0,10,2,2,0.8660254037844387,-0.4999999999999998,1,9,1.2259274291577404,0.7731049843508772,0.773333333,0.0,0.0,8.119993827725105,1.5260563034950492,2.0794415416798357,0.0,0.0,0,0,0.75,1,0,408960,0,0
2015-03-02,50,60,8,1,22,2,2,0.8660254037844387,-0.4999999999999998,1,9,1.1000230945972098,0.750264432802005,0.750473684,3.828641396489095,6.313548046277095,8.830689198760998,3.380994674344636,4.04305126783455,24.172311408699336,25.525998433034957,0,0,0.75,0,0,415800,0,0
2015-03-02,50,60,9,0,11,2,2,0.8660254037844387,-0.4999999999999998,1,9,1.3872261169703495,0.8001490392648287,0.8004,0.0,0.0,7.0909098220799835,1.0647107369924282,2.302585092994046,0.0,0.0,0,0,0.75,1,0,411780,0,0
2015-03-02,50,60,9,1,23,2,2,0.8660254037844387,-0.4999999999999998,1,9,1.09960628026814,0.7501863271077694,0.750395513,3.828641396489095,6.8416154764775925,8.738895704934043,2.933324813425374,3.9512437185814275,26.194092232102577,27.032890176381567,0,0,0.75,0,0,418020,0,0
2015-03-02,50,60,10,0,1,2,2,0.8660254037844387,-0.4999999999999998,1,9,0.5418838211571216,0.6322505336307436,0.632361111,0.0,0.0,8.119993827725105,1.0647107369924282,2.0794415416798357,0.0,0.0,0,0,0.7,1,0,417030,0,1
2015-03-02,50,60,10,1,13,2,2,0.8660254037844387,-0.4999999999999998,1,9,0.8471494932257949,0.6999688419715957,0.70013604,3.4339872044851463,7.321188556739479,8.188966863648876,3.0828269804049246,3.9318256327243257,25.140867825466444,28.785636829396296,0,0,0.7,0,0,420630,0,0
2015-03-02,50,60,11,1,14,2,2,0.8660254037844387,-0.4999999999999998,1,9,1.3866589391943844,0.8000583261119465,0.800309211,3.9318256327243257,6.450470422144176,0.0,2.4518667957098,4.04305126783455,25.362124948916573,26.079582618379277,0,0,0.8,0,0,355140,0,0
2015-03-02,50,60,12,0,3,2,2,0.8660254037844387,-0.4999999999999998,1,9,0.43708566433270335,0.6075643842238931,0.607654321,0.0,0.0,8.237743803890933,1.5260563034950492,2.1972245773362196,0.0,0.0,0,0,0.8,1,0,280415,0,1
2015-03-02,50,60,12,1,15,2,2,0.8660254037844387,-0.4999999999999998,1,9,1.387238369876064,0.8001509986265665,0.800401961,4.1588830833596715,6.943122422819428,8.314097335405807,2.725235025856311,3.5263605246161616,28.875634389958936,24.48395282940775,0,0,0.8,0,0,284495,0,0
2015-03-03,51,61,1,0,0,2,3,1.2246467991473532e-16,-1.0,1,9,0.22244978283313258,0.5553842481002507,0.555430556,0.0,0.0,8.119993827725105,1.3711807233098425,2.0794415416798357,0.0,0.0,0,0,0.7,1,0,439290,0,1
2015-03-03,51,61,1,1,12,2,3,1.2246467991473532e-16,-1.0,1,9,1.3882642283562674,0.8003149925079365,0.800566092,4.110873864173311,7.354362330421477,8.848078421168667,3.2831643147505627,4.060443010546419,30.232855891790376,29.86196912158576,0,0,0.7,0,0,446250,0,0
2015-03-03,51,61,2,0,4,2,3,1.2246467991473532e-16,-1.0,1,9,0.2709311601576769,0.5673214891294904,0.567377778,0.0,0.0,8.748463629942055,1.3609765531356006,2.70805020110221,0.0,0.0,0,0,0.4,1,0,432480,0,0
2015-03-03,51,61,2,1,16,2,3,1.2246467991473532e-16,-1.0,1,9,-0.8333597394331067,0.3029351399498747,0.30277037,0.0,5.062595033026967,8.594339400592892,2.7265447837383743,3.8066624897703196,0.0,19.271590613121287,1,1,0.4,0,1,437880,0,1
2015-03-03,51,61,3,0,5,2,3,1.2246467991473532e-16,-1.0,1,9,2.2267526866328193,0.9026263189206349,0.902962963,0.0,0.0,8.748463629942055,1.5260563034950492,2.70805020110221,0.0,0.0,0,0,0.8,1,0,458130,0,0
2015-03-03,51,61,3,1,17,2,3,1.2246467991473532e-16,-1.0,1,9,1.3868096155144782,0.8000824279598998,0.800333333,3.9318256327243257,7.053585727193677,8.830689198760998,3.380994674344636,4.04305126783455,27.733469164798553,28.51800871711008,0,0,0.8,0,0,464970,0,0
2015-03-03,51,61,4,0,6,2,3,1.2246467991473532e-16,-1.0,1,9,0.22244978283313258,0.5553842481002507,0.555430556,0.0,0.0,8.119993827725105,1.3711807233098425,2.0794415416798357,0.0,0.0,0,0,0.7,1,0,510720,0,1
2015-03-03,51,61,4,1,18,2,3,1.2246467991473532e-16,-1.0,1,9,1.1016044803645788,0.7505606161570593,0.750770115,3.9318256327243257,0.0,8.848078421168667,3.2831643147505627,4.060443010546419,0.0,0.0,0,0,0.7,0,0,517680,0,0
2015-03-03,51,61,5,0,7,2,3,1.2246467991473532e-16,-1.0,1,9,-0.5990282588140071,0.3545660442974102,0.354444444,0.0,0.0,8.119993827725105,1.5260563034950492,2.0794415416798357,0.0,0.0,0,0,0.7,1,0,432660,0,1
2015-03-03,51,61,5,1,19,2,3,1.2246467991473532e-16,-1.0,1,9,0.8496418814370696,0.7004920135371763,0.700659649,3.4339872044851463,6.352629396319567,8.830689198760998,3.3134584673541485,4.04305126783455,21.81484806179759,25.68400633487286,0,0,0.7,0,0,439500,0,0
2015-03-03,51,61,6,0,8,2,3,1.2246467991473532e-16,-1.0,1,9,-0.8024924132699591,0.30949262010693396,0.309333333,0.0,0.0,8.119993827725105,1.0647107369924282,2.0794415416798357,0.0,0.0,0,0,0.75,1,0,285855,0,1
2015-03-03,51,61,6,1,20,2,3,1.2246467991473532e-16,-1.0,1,9,1.0986310618578614,0.7500035199565581,0.750212553,3.828641396489095,5.998936561946683,8.045908742270779,3.005682604407159,3.4965075614664802,22.967776855981036,20.975327049604306,0,0,0.75,0,0,288975,0,0
2015-03-03,51,61,7,0,9,2,3,1.2246467991473532e-16,-1.0,1,9,7.030182600325532,0.9991160119197995,0.999533333,0.0,0.0,8.343077871169383,1.5260563034950492,2.302585092994046,0.0,0.0,0,0,0.8,1,0,417450,0,0
2015-03-03,51,61,7,1,21,2,3,1.2246467991473532e-16,-1.0,1,9,1.3854514222617493,0.7998650956758563,0.800115819,3.9318256327243257,0.0,8.865170419651774,3.40452517175483,4.07753744390572,0.0,0.0,0,0,0.8,0,0,424530,0,0
2015-03-03,51,61,8,0,10,2,3,1.2246467991473532e-16,-1.0,1,9,0.8597497773251435,0.702608373005848,0.702777778,0.0,0.0,8.119993827725105,1.5260563034950492,2.0794415416798357,0.0,0.0,0,0,0.75,1,0,419160,0,1
2015-03-03,51,61,8,1,22,2,3,1.2246467991473532e-16,-1.0,1,9,1.1000230945972098,0.750264432802005,0.750473684,4.04305126783455,0.0,8.830689198760998,3.380994674344636,4.04305126783455,0.0,0.0,0,0,0.75,0,0,426000,0,0
2015-03-03,51,61,9,1,23,2,3,1.2246467991473532e-16,-1.0,1,9,1.09960628026814,0.7501863271077694,0.750395513,3.5553480614894135,7.00033446027523,8.738895704934043,2.933324813425374,3.9512437185814275,24.88862555311708,27.66002756413161,0,0,0.75,0,0,424260,0,0
2015-03-03,51,61,10,0,1,2,3,1.2246467991473532e-16,-1.0,1,9,-0.1473653422751705,0.46322519216708435,0.463194444,0.0,0.0,8.119993827725105,1.0647107369924282,2.0794415416798357,0.0,0.0,0,0,0.7,1,0,423990,0,1
2015-03-03,51,61,10,1,13,2,3,1.2246467991473532e-16,-1.0,1,9,0.8464282289474516,0.6998173456407686,0.699984417,3.4339872044851463,0.0,8.525359754082631,3.0828269804049246,3.9318256327243257,0.0,0.0,0,0,0.7,0,0,429030,0,1
2015-03-03,51,61,11,1,14,2,3,1.2246467991473532e-16,-1.0,1,9,1.3891126260852624,0.8004505411729322,0.800701754,3.9318256327243257,0.0,0.0,2.4344901638739844,4.02535169073515,0.0,0.0,0,0,0.8,0,0,355140,0,0
2015-03-03,51,61,12,0,3,2,3,1.2246467991473532e-16,-1.0,1,9,0.557767062462055,0.6359357243675857,0.636049383,0.0,0.0,8.237743803890933,1.5260563034950492,2.1972245773362196,0.0,0.0,0,0,0.8,1,0,288275,0,1
2015-03-03,51,61,12,1,15,2,3,1.2246467991473532e-16,-1.0,1,9,1.387238369876064,0.8001509986265665,0.800401961,3.9318256327243257,0.0,8.314097335405807,2.725235025856311,3.5263605246161616,0.0,0.0,0,0,0.8,0,0,292355,0,0
2015-03-04,52,62,1,0,0,2,4,-0.8660254037844384,-0.5000000000000004,1,9,1.4282134210117379,0.8066227934269006,0.806879167,0.0,0.0,6.8679744089702925,1.3711807233098425,2.0794415416798357,0.0,0.0,0,0,0.7,1,0,447210,0,0
2015-03-04,52,62,1,1,12,2,4,-0.8660254037844384,-0.5000000000000004,1,9,1.1009727435500687,0.7504423240634921,0.750651724,3.9318256327243257,7.480428306074208,8.848078421168667,3.2891478778535324,4.060443010546419,29.411739757579177,30.373852831292606,0,0,0.7,0,0,454170,0,0
2015-03-04,52,62,2,0,4,2,4,-0.8660254037844384,-0.5000000000000004,1,9,0.16146517263466975,0.5402788220551379,0.5403125,0.0,0.0,6.8679744089702925,1.3609765531356006,2.0794415416798357,0.0,0.0,0,0,0.5,1,0,438840,0,0
2015-03-04,52,62,2,1,16,2,4,-0.8660254037844384,-0.5000000000000004,1,9,-0.38789139455135396,0.40422500742522977,0.404144928,0.0,5.568344503761097,8.616314282284044,2.7265447837383743,3.828641396489095,0.0,21.31919427701226,1,1,0.5,0,0,444360,0,1
2015-03-04,52,62,3,0,5,2,4,-0.8660254037844384,-0.5000000000000004,1,9,2.7304514027774296,0.9387997775538847,0.939166667,0.0,0.0,7.0909098220799835,1.5260563034950492,2.302585092994046,0.0,0.0,0,0,0.8,1,0,466170,0,0
2015-03-04,52,62,3,1,17,2,4,-0.8660254037844384,-0.5000000000000004,1,9,1.3868096155144782,0.8000824279598998,0.800333333,4.1588830833596715,7.064759027791802,8.830689198760998,3.380994674344636,4.04305126783455,29.381506808695846,28.563182944259232,0,0,0.8,0,0,473010,0,0
2015-03-04,52,62,4,0,6,2,4,-0.8660254037844384,-0.5000000000000004,1,9,1.422963920502764,0.8058026451695907,0.806058333,0.0,0.0,6.8679744089702925,1.3711807233098425,2.0794415416798357,0.0,0.0,0,0,0.7,1,0,518640,0,0
2015-03-04,52,62,4,1,18,2,4,-0.8660254037844384,-0.5000000000000004,1,9,1.3845780923207056,0.7997252555989975,0.799975862,4.110873864173311,0.0,8.848078421168667,3.2891478778535324,4.060443010546419,0.0,0.0,0,0,0.7,0,0,525600,0,0
2015-03-04,52,62,5,0,7,2,4,-0.8660254037844384,-0.5000000000000004,1,9,0.37226597654250554,0.5920064045680868,0.592083333,0.0,0.0,6.8679744089702925,1.5260563034950492,2.0794415416798357,0.0,0.0,0,0,0.7,1,0,440460,0,1
2015-03-04,52,62,5,1,19,2,4,-0.8660254037844384,-0.5000000000000004,1,9,0.8485205370169365,0.7002566992882207,0.700424138,3.713572066704308,6.375024819828097,8.848078421168667,3.3134584673541485,4.060443010546419,23.674114095460283,25.88542497173094,0,0,0.7,0,0,447420,0,0
2015-03-04,52,62,6,1,20,2,4,-0.8660254037844384,-0.5000000000000004,1,9,-0.6978607685248119,0.33228669351712614,0.332146465,0.0,3.970291913552122,8.284251797621916,2.933324813425374,3.4965075614664802,0.0,13.882155696964215,0,0,0.75,0,0,292935,0,1
2015-03-04,52,62,7,0,9,2,4,-0.8660254037844384,-0.5000000000000004,1,9,0.7756157009867436,0.6847344287752716,0.684888889,0.0,0.0,9.036106025364846,1.5260563034950492,2.995732273553991,0.0,0.0,0,0,0.8,1,0,432930,0,1
2015-03-04,52,62,7,1,21,2,4,-0.8660254037844384,-0.5000000000000004,1,9,1.3850766113111868,0.7998050888487886,0.800055762,3.9318256327243257,6.774223886357614,8.284251797621916,3.40452517175483,4.07753744390572,26.635067118194268,27.622151550023695,0,0,0.8,0,0,436890,0,0
2015-03-04,52,62,8,0,10,2,4,-0.8660254037844384,-0.5000000000000004,1,9,2.5875665949964155,0.9300570874954052,0.930416667,0.0,0.0,6.8679744089702925,1.5260563034950492,2.0794415416798357,0.0,0.0,0,0,0.8,1,0,426960,0,0
2015-03-04,52,62,8,1,22,2,4,-0.8660254037844384,-0.5000000000000004,1,9,-0.26832271860433415,0.43331891141854634,0.433263158,0.0,0.0,8.830689198760998,3.380994674344636,4.04305126783455,0.0,0.0,0,0,0.8,0,0,433800,0,1
2015-03-04,52,62,9,0,11,2,4,-0.8660254037844384,-0.5000000000000004,1,9,1.6104307221669623,0.8334711779448621,0.83375,0.0,0.0,6.8679744089702925,1.0647107369924282,2.0794415416798357,0.0,0.0,0,0,0.75,1,0,425220,0,0
2015-03-04,52,62,9,1,23,2,4,-0.8660254037844384,-0.5000000000000004,1,9,1.09960628026814,0.7501863271077694,0.750395513,3.5553480614894135,7.095893221097532,8.738895704934043,2.933324813425374,3.9512437185814275,25.22837020816498,28.037603517586156,0,0,0.75,0,0,431460,0,0
2015-03-04,52,62,10,1,13,2,4,-0.8660254037844384,-0.5000000000000004,1,9,0.8467798182914826,0.6998911998897244,0.700058333,3.4339872044851463,7.19668657083435,8.658866349732383,3.0828269804049246,3.970291913552122,24.713329598935243,28.57294649655277,0,0,0.7,0,0,434790,0,0
2015-03-04,52,62,11,1,14,2,4,-0.8660254037844384,-0.5000000000000004,1,9,1.3891126260852624,0.8004505411729322,0.800701754,3.6635616461296463,6.073044534100405,0.0,2.4344901638739844,4.02535169073515,22.24897303036753,24.446140083250924,0,0,0.8,0,0,355140,0,0
2015-03-04,52,62,12,0,3,2,4,-0.8660254037844384,-0.5000000000000004,1,9,2.046598997835985,0.8856035150342523,0.885925926,0.0,0.0,6.985641817639208,1.5260563034950492,2.1972245773362196,0.0,0.0,0,0,0.8,1,0,293435,0,0
2015-03-04,52,62,12,1,15,2,4,-0.8660254037844384,-0.5000000000000004,1,9,1.387238369876064,0.8001509986265665,0.800401961,3.9318256327243257,6.8690144506657065,8.314097335405807,2.725235025856311,3.5263605246161616,27.007767088681227,24.222621401845515,0,0,0.8,0,0,297515,0,0
2015-03-05,53,63,1,0,0,2,5,-0.8660254037844386,0.5000000000000001,1,9,1.4654434597684056,0.8123638262322473,0.812625,0.0,0.0,6.8679744089702925,1.3711807233098425,2.0794415416798357,0.0,0.0,0,0,0.7,1,0,455130,0,0
2015-03-05,53,63,1,1,12,2,5,-0.8660254037844386,0.5000000000000001,1,9,1.1009727435500687,0.7504423240634921,0.750651724,3.9318256327243257,7.2254814727822945,8.848078421168667,3.2891478778535324,4.060443010546419,28.409333263460137,29.338655743991513,0,0,0.7,0,0,462090,0,0
2015-03-05,53,63,2,0,4,2,5,-0.8660254037844386,0.5000000000000001,1,9,2.949683719465594,0.950248538011696,0.950625,0.0,0.0,6.8679744089702925,1.3609765531356006,2.0794415416798357,0.0,0.0,0,0,0.6,1,0,445320,0,0
2015-03-05,53,63,2,1,16,2,5,-0.8660254037844386,0.5000000000000001,1,9,0.4055297751234144,0.6000155199832915,0.600099145,0.0,0.0,7.186144304522325,2.7265447837383743,3.828641396489095,0.0,0.0,1,1,0.6,0,0,446640,0,0
2015-03-05,53,63,3,0,5,2,5,-0.8660254037844386,0.5000000000000001,1,9,1.4490490414218076,0.8098520373901421,0.810111111,0.0,0.0,7.496097345175956,1.5260563034950492,2.70805020110221,0.0,0.0,0,0,0.8,1,0,474810,0,0
2015-03-05,53,63,3,1,17,2,5,-0.8660254037844386,0.5000000000000001,1,9,1.3880697160254805,0.8002839055004177,0.800534979,4.1588830833596715,0.0,7.496097345175956,3.380994674344636,4.04305126783455,0.0,0.0,0,0,0.8,0,0,476610,0,0
2015-03-05,53,63,4,0,6,2,5,-0.8660254037844386,0.5000000000000001,1,9,1.4654434597684056,0.8123638262322473,0.812625,0.0,0.0,6.8679744089702925,1.3711807233098425,2.0794415416798357,0.0,0.0,0,0,0.7,1,0,526560,0,0
2015-03-05,53,63,4,1,18,2,5,-0.8660254037844386,0.5000000000000001,1,9,1.0977695278133037,0.7498419490492899,0.750050847,3.9318256327243257,7.0192966537150445,8.865170419651774,3.2891478778535324,4.07753744390572,27.5986505067729,28.621444935405215,0,0,0.7,0,0,533640,0,0
2015-03-05,53,63,5,1,19,2,5,-0.8660254037844386,0.5000000000000001,1,9,0.8485205370169365,0.7002566992882207,0.700424138,3.713572066704308,5.442417710521793,8.848078421168667,3.3134584673541485,4.060443010546419,20.210810385130543,22.09862695316226,0,0,0.7,0,0,454380,0,0
2015-03-05,53,63,6,1,20,2,5,-0.8660254037844386,0.5000000000000001,1,9,-1.0258408548961993,0.2638912353550543,0.26369382,0.0,7.280008252884188,7.878912912297132,3.114847754444153,3.6635616461296463,0.0,26.670759018773804,1,1,0.35,0,0,295575,0,1
2015-03-05,53,63,7,1,21,2,5,-0.8660254037844386,0.5000000000000001,1,9,-0.5487027862960536,0.36616542481871345,0.366053523,0.0,6.727431724850855,7.0909098220799835,3.40452517175483,4.07753744390572,0.0,27.4313547593986,0,0,0.8,0,1,438090,0,1
2015-03-05,53,63,8,0,10,2,5,-0.8660254037844386,0.5000000000000001,1,9,3.9219995155426313,0.9805830227301587,0.980984848,0.0,0.0,7.878912912297132,1.5260563034950492,3.091042453358316,0.0,0.0,0,0,0.8,1,0,436440,0,0
2015-03-05,53,63,9,0,11,2,5,-0.8660254037844386,0.5000000000000001,1,9,-0.187894202128901,0.4531641604010025,0.453125,0.0,0.0,6.8679744089702925,1.0647107369924282,2.0794415416798357,0.0,0.0,0,0,0.75,1,0,432420,0,1
2015-03-05,53,63,9,1,23,2,5,-0.8660254037844386,0.5000000000000001,1,9,1.09960628026814,0.7501863271077694,0.750395513,3.828641396489095,0.0,8.738895704934043,2.933324813425374,3.9512437185814275,0.0,0.0,0,0,0.75,0,0,438660,0,0
2015-03-05,53,63,10,1,13,2,5,-0.8660254037844386,0.5000000000000001,1,9,0.8485103596112311,0.7002545630743525,0.700422,3.4339872044851463,0.0,8.699681400989514,3.0828269804049246,3.912023005428146,0.0,0.0,0,0,0.7,0,0,440790,0,0
2015-03-05,53,63,11,0,2,2,5,-0.8660254037844386,0.5000000000000001,1,9,2.5405295322038013,0.9269346981888054,0.927291667,0.0,0.0,7.0909098220799835,1.0647107369924282,2.302585092994046,0.0,0.0,0,0,0.8,1,0,356340,0,0
2015-03-05,53,63,11,1,14,2,5,-0.8660254037844386,0.5000000000000001,1,9,1.3891126260852624,0.8004505411729322,0.800701754,3.9318256327243257,0.0,8.137688184977605,2.4344901638739844,4.02535169073515,0.0,0.0,0,0,0.8,0,0,359760,0,0
2015-03-05,53,63,12,0,3,2,5,-0.8660254037844386,0.5000000000000001,1,9,1.8884676228301474,0.8685807111478697,0.868888889,0.0,0.0,6.985641817639208,1.5260563034950492,2.1972245773362196,0.0,0.0,0,0,0.8,1,0,298595,0,0
2015-03-05,53,63,12,1,15,2,5,-0.8660254037844386,0.5000000000000001,1,9,1.387238369876064,0.8001509986265665,0.800401961,3.9318256327243257,6.866933284461882,8.314097335405807,2.725235025856311,3.5263605246161616,26.99958430605507,24.215282459499182,0,0,0.8,0,0,302675,0,0
2015-03-07,54,65,1,0,0,2,0,0.0,1.0,1,10,0.6844773410839464,0.6647372598162072,0.664875,0.0,0.0,6.8679744089702925,1.3711807233098425,2.0794415416798357,0.0,0.0,0,0,0.7,1,0,463050,0,1
2015-03-07,54,65,1,1,12,2,0,0.0,1.0,1,10,1.7326617033886085,0.8497525647451964,0.850045,4.2626798770413155,7.145196134997171,9.007121989469242,3.2891478778535324,4.060443010546419,30.457683782165823,29.01266170533255,0,0,0.7,0,0,471210,0,0
2015-03-07,54,65,2,0,4,2,0,0.0,1.0,1,10,0.11252459507749256,0.5281015037593985,0.528125,0.0,0.0,7.560601162768557,1.3609765531356006,2.0794415416798357,0.0,0.0,0,0,0.65,1,0,448560,0,1
2015-03-07,54,65,2,1,16,2,0,0.0,1.0,1,10,0.6195438442238803,0.6501147959565581,0.65024031,0.0,6.440946540632921,8.343077871169383,2.7788192719904172,3.8066624897703196,0.0,24.51850959484324,1,1,0.65,0,0,452760,0,0
2015-03-07,54,65,3,1,17,2,0,0.0,1.0,1,10,1.3883446019118972,0.8003278367685881,0.800578947,4.1588830833596715,0.0,8.830689198760998,3.380994674344636,4.04305126783455,0.0,0.0,1,1,0.8,0,0,483450,0,0
2015-03-07,54,65,4,0,6,2,0,0.0,1.0,1,10,0.6844773410839464,0.6647372598162072,0.664875,0.0,0.0,6.8679744089702925,1.3711807233098425,2.0794415416798357,0.0,0.0,0,0,0.7,1,0,534600,0,1
2015-03-07,54,65,4,1,18,2,0,0.0,1.0,1,10,1.3893928770829438,0.8004953017477026,0.800746552,4.110873864173311,7.086737934510577,8.848078421168667,3.2891478778535324,4.060443010546419,29.132685757225087,28.775295513757637,0,0,0.7,0,0,541560,0,0
2015-03-07,54,65,5,0,7,2,0,0.0,1.0,1,10,1.420996379486791,0.8054945697577276,0.80575,0.0,0.0,7.783640596221253,1.3711807233098425,2.302585092994046,0.0,0.0,0,0,0.35,1,0,456780,0,0
2015-03-07,54,65,5,1,19,2,0,0.0,1.0,1,10,-0.36795026905696626,0.40903640152046783,0.408960345,3.2188758248682006,6.295266001439646,8.848078421168667,3.3134584673541485,4.060443010546419,20.26367954314878,25.561568835076116,1,1,0.7,0,0,463740,0,1
2015-03-07,54,65,6,0,8,2,0,0.0,1.0,1,10,1.3692036575011062,0.7972514619883041,0.7975,0.0,0.0,6.8679744089702925,1.0647107369924282,2.0794415416798357,0.0,0.0,0,0,0.5,1,0,296535,0,0
2015-03-07,54,65,6,1,20,2,0,0.0,1.0,1,10,0.0021106160550251364,0.500527653817878,0.500528095,0.0,7.22983877815125,7.732369222284388,3.1531632815028194,3.6635616461296463,0.0,26.486960055335743,1,1,0.5,0,0,298815,0,0
2015-03-07,54,65,7,0,9,2,0,0.0,1.0,1,10,1.5517931018697337,0.825172560588137,0.825444444,0.0,0.0,8.699681400989514,1.5260563034950492,3.2188758248682006,0.0,0.0,0,0,0.8,1,0,444090,0,0
2015-03-07,54,65,8,0,10,2,0,0.0,1.0,1,10,0.3667148569773552,0.5906649341988304,0.590740741,0.0,0.0,8.188966863648876,1.5260563034950492,2.70805020110221,0.0,0.0,0,0,0.8,1,0,440040,0,1
2015-03-07,54,65,9,1,23,2,0,0.0,1.0,1,10,1.097430127529234,0.7497782792848788,0.749987124,3.828641396489095,0.0,8.15507488781144,2.933324813425374,3.9318256327243257,0.0,0.0,0,0,0.75,0,0,442140,0,1
2015-03-07,54,65,10,1,13,2,0,0.0,1.0,1,10,0.8485103596112311,0.7002545630743525,0.700422,3.4339872044851463,7.132497551660044,8.699681400989514,3.0828269804049246,3.912023005428146,24.492905328422225,27.902494508254016,0,0,0.7,0,0,446790,0,0
2015-03-07,54,65,11,0,2,2,0,0.0,1.0,1,10,0.6497410306309489,0.6569521021453634,0.657083333,0.0,0.0,6.8679744089702925,1.0647107369924282,2.0794415416798357,0.0,0.0,0,0,0.8,1,0,360720,0,1
2015-03-07,54,65,11,1,14,2,0,0.0,1.0,1,10,1.3849439557710048,0.7997838476090227,0.800034503,3.9318256327243257,6.156978985585555,8.137688184977605,2.4344901638739844,4.060443010546419,24.208167795670303,25.000062288102047,0,0,0.8,0,0,364140,0,0
2015-03-07,54,65,12,0,3,2,0,0.0,1.0,1,10,1.8884676228301474,0.8685807111478697,0.868888889,0.0,0.0,6.985641817639208,1.5260563034950492,2.1972245773362196,0.0,0.0,0,0,0.8,1,0,303755,0,0
2015-03-07,54,65,12,1,15,2,0,0.0,1.0,1,10,1.7363884904745794,0.8502277554285714,0.850520588,4.330733340286331,6.894670039433482,8.314097335405807,2.725235025856311,3.5263605246161616,29.858977410047853,24.313092257311986,0,0,0.8,0,0,307835,0,0
2015-03-08,55,66,1,0,0,2,1,0.8660254037844386,0.5000000000000001,2,10,2.0935823205596407,0.8902778477293233,0.890604167,0.0,0.0,6.8679744089702925,1.3711807233098425,2.0794415416798357,0.0,0.0,0,0,0.75,1,0,472170,0,0
2015-03-08,55,66,1,1,12,2,1,0.8660254037844386,0.5000000000000001,2,10,1.7328627663723652,0.849778233283208,0.85007069,4.189654742026425,7.134890851565884,8.848078421168667,3.2891478778535324,4.060443010546419,29.892729290103965,28.970817689252282,0,0,0.75,0,0,479130,0,0
2015-03-08,55,66,2,0,4,2,1,0.8660254037844386,0.5000000000000001,2,10,2.027742190000869,0.8836791979949874,0.884,0.0,0.0,7.0909098220799835,1.3609765531356006,2.302585092994046,0.0,0.0,0,0,0.7,1,0,453960,0,0
2015-03-08,55,66,2,1,16,2,1,0.8660254037844386,0.5000000000000001,2,10,0.8470068678772179,0.6999388880167083,0.700106061,3.4339872044851463,6.834108738813838,8.476579508530941,2.7788192719904172,3.8066624897703196,23.46824196314684,26.015145387054183,1,1,0.7,0,0,458760,0,0
2015-03-08,55,66,3,0,5,2,1,0.8660254037844386,0.5000000000000001,2,10,2.9779260899742868,0.9515668797192982,0.951944444,0.0,0.0,7.273092595999522,1.5260563034950492,2.4849066497880004,0.0,0.0,0,0,0.8,1,0,484890,0,0
2015-03-08,55,66,3,1,17,2,1,0.8660254037844386,0.5000000000000001,2,10,1.3879202446164107,0.8002600144761906,0.800511068,3.9318256327243257,7.153833801578843,8.119993827725105,3.40452517175483,4.04305126783455,28.127627113297404,28.923316821351,1,1,0.8,0,0,488250,0,0
2015-03-08,55,66,4,0,6,2,1,0.8660254037844386,0.5000000000000001,2,10,2.0935823205596407,0.8902778477293233,0.890604167,0.0,0.0,6.8679744089702925,1.3711807233098425,2.0794415416798357,0.0,0.0,0,0,0.75,1,0,542520,0,0
2015-03-08,55,66,4,1,18,2,1,0.8660254037844386,0.5000000000000001,2,10,1.7329685999435782,0.8497917429874686,0.850084211,4.189654742026425,6.9874902470009905,8.830689198760998,3.2891478778535324,4.04305126783455,29.275171648211096,28.25078130211891,0,0,0.75,0,0,549360,0,0
2015-03-08,55,66,5,0,7,2,1,0.8660254037844386,0.5000000000000001,2,10,1.7956423718438055,0.857617655582289,0.857916667,0.0,0.0,6.8679744089702925,1.3711807233098425,2.0794415416798357,0.0,0.0,0,0,0.5,1,0,464700,0,0
2015-03-08,55,66,5,1,19,2,1,0.8660254037844386,0.5000000000000001,2,10,0.00013547872368252205,0.5000338696808688,0.500033898,3.1780538303479458,6.568077911411976,8.865170419651774,3.2891478778535324,4.07753744390572,20.873705164386564,26.781583618272407,1,1,0.5,0,0,471780,0,0
2015-03-08,55,66,6,0,8,2,1,0.8660254037844386,0.5000000000000001,2,10,-0.9841678184233481,0.2720655806182122,0.271875,0.0,0.0,6.8679744089702925,1.0647107369924282,2.0794415416798357,0.0,0.0,0,0,0.6,1,0,299775,0,1
2015-03-08,55,66,6,1,20,2,1,0.8660254037844386,0.5000000000000001,2,10,0.40943619966452593,0.6009526824026734,0.601037091,3.1780538303479458,7.144407180321139,7.83241092718792,3.1531632815028194,3.6375861597263857,22.705310604984962,25.988396678585985,1,1,0.6,0,0,302295,0,0
2015-03-08,55,66,8,0,10,2,1,0.8660254037844386,0.5000000000000001,2,10,-0.19671798525441786,0.4509784878863826,0.4509375,0.0,0.0,6.8679744089702925,1.3609765531356006,2.0794415416798357,0.0,0.0,0,0,0.6,1,0,441000,0,1
2015-03-08,55,66,8,1,22,2,1,0.8660254037844386,0.5000000000000001,2,10,0.4073178986552335,0.6004445872314118,0.600528571,0.0,6.76849321164863,8.812992231969966,3.4170707308184456,4.02535169073515,0.0,27.245565593239196,1,1,0.6,0,0,447720,0,0
2015-03-08,55,66,9,0,11,2,1,0.8660254037844386,0.5000000000000001,2,10,2.5671252902618154,0.9287156161269842,0.929074074,0.0,0.0,6.985641817639208,1.0647107369924282,2.1972245773362196,0.0,0.0,0,0,0.75,1,0,443220,0,0
2015-03-08,55,66,9,1,23,2,1,0.8660254037844386,0.5000000000000001,2,10,1.0994803642105822,0.7501627288387636,0.750371895,3.828641396489095,0.0,8.637816633739977,2.933324813425374,3.9512437185814275,0.0,0.0,0,0,0.75,0,0,448860,0,0
2015-03-08,55,66,10,0,1,2,1,0.8660254037844386,0.5000000000000001,2,10,-0.23673578189922642,0.4410909220818714,0.441041667,0.0,0.0,6.8679744089702925,1.0647107369924282,2.0794415416798357,0.0,0.0,0,0,0.7,1,0,447750,0,1
2015-03-08,55,66,10,1,13,2,1,0.8660254037844386,0.5000000000000001,2,10,0.8485103596112311,0.7002545630743525,0.700422,3.4339872044851463,0.0,8.699681400989514,3.0828269804049246,3.912023005428146,0.0,0.0,0,0,0.7,0,0,453750,0,0
2015-03-08,55,66,11,0,2,2,1,0.8660254037844386,0.5000000000000001,2,10,1.1254331913889395,0.7549951263725981,0.755208333,0.0,0.0,6.8679744089702925,1.0647107369924282,2.0794415416798357,0.0,0.0,0,0,0.8,1,0,365100,0,1
2015-03-08,55,66,11,1,14,2,1,0.8660254037844386,0.5000000000000001,2,10,1.3849439557710048,0.7997838476090227,0.800034503,3.9318256327243257,0.0,8.137688184977605,2.4344901638739844,4.060443010546419,0.0,0.0,0,0,0.8,0,0,368520,0,0
2015-03-08,55,66,12,0,3,2,1,0.8660254037844386,0.5000000000000001,2,10,2.8473845472300816,0.9451833291361738,0.945555556,0.0,0.0,6.985641817639208,1.5260563034950492,2.1972245773362196,0.0,0.0,0,0,0.8,1,0,308915,0,0
2015-03-08,55,66,12,1,15,2,1,0.8660254037844386,0.5000000000000001,2,10,1.387238369876064,0.8001509986265665,0.800401961,4.1588830833596715,6.970730078143525,8.314097335405807,2.725235025856311,3.5263605246161616,28.990451400657548,24.58130737531986,0,0,0.8,0,0,312995,0,0
2015-03-09,56,67,1,0,0,2,2,0.8660254037844387,-0.4999999999999998,2,10,1.351168387170219,0.7943205795588972,0.794566667,6.8679744089702925,0.0,0.0,1.3711807233098425,2.0794415416798357,0.0,0.0,0,0,0.75,1,0,479130,0,0
2015-03-09,56,67,1,1,12,2,2,0.8660254037844387,-0.4999999999999998,2,10,1.7356534956020604,0.8501341367050961,0.850426891,4.189654742026425,7.187657164114956,8.87360810154911,3.2891478778535324,4.07753744390572,30.11380192169443,29.307941220635932,0,0,0.75,0,0,486270,0,0
2015-03-09,56,67,2,0,4,2,2,0.8660254037844387,-0.4999999999999998,2,10,0.7645812046981263,0.6823475355054303,0.6825,7.0909098220799835,0.0,0.0,1.3609765531356006,2.302585092994046,0.0,0.0,0,0,0.7,1,0,458760,0,1
2015-03-09,56,67,2,1,16,2,2,0.8660254037844387,-0.4999999999999998,2,10,0.8489589284033876,0.7003487083575606,0.700516224,3.4339872044851463,0.0,8.616314282284044,2.7788192719904172,3.8066624897703196,0.0,0.0,1,1,0.7,0,0,464280,0,0
2015-03-09,56,67,3,0,5,2,2,0.8660254037844387,-0.4999999999999998,2,10,1.3563747599254412,0.7951698694502924,0.795416667,7.273092595999522,0.0,0.0,1.5260563034950492,2.4849066497880004,0.0,0.0,0,0,0.8,1,0,488250,0,1
2015-03-09,56,67,3,1,17,2,2,0.8660254037844387,-0.4999999999999998,2,10,1.3899927996509487,0.8005910936541354,0.800842424,3.9318256327243257,6.872128101338986,8.548885638148727,3.40452517175483,4.060443010546419,27.020009420209778,27.90388451666152,1,1,0.8,0,0,493410,0,0
2015-03-09,56,67,4,0,6,2,2,0.8660254037844387,-0.4999999999999998,2,10,1.3561958427230845,0.7951407268170426,0.7953875,6.8679744089702925,0.0,0.0,1.3711807233098425,2.0794415416798357,0.0,0.0,0,0,0.75,1,0,549360,0,0
2015-03-09,56,67,4,1,18,2,2,0.8660254037844387,-0.4999999999999998,2,10,1.735804571001664,0.8501533836123643,0.850446154,4.189654742026425,6.984716320118265,8.85666093701725,3.2891478778535324,4.060443010546419,29.26354985229285,28.361042562673713,0,0,0.75,0,0,556380,0,0
2015-03-09,56,67,5,0,7,2,2,0.8660254037844387,-0.4999999999999998,2,10,1.849243129420856,0.8640382132230577,0.864342593,7.9658927350845286,0.0,0.0,1.3711807233098425,2.4849066497880004,0.0,0.0,0,0,0.6,1,0,471780,0,0
2015-03-09,56,67,5,1,19,2,2,0.8660254037844387,-0.4999999999999998,2,10,0.4052863689187782,0.5999571018279031,0.600040678,3.1780538303479458,6.824373670043086,8.865170419651774,3.2891478778535324,4.07753744390572,21.6882268818061,27.82663917080498,1,1,0.6,0,0,478860,0,0
2015-03-09,56,67,6,1,20,2,2,0.8660254037844387,-0.4999999999999998,2,10,0.6227166853050774,0.6508361638061821,0.650962281,3.58351893845611,0.0,8.4252971767117,3.1531632815028194,3.6375861597263857,0.0,0.0,1,1,0.65,0,0,306855,0,0
2015-03-09,56,67,7,1,21,2,2,0.8660254037844387,-0.4999999999999998,2,10,0.002441595745940686,0.5006103986332499,0.500610909,0.0,0.0,8.79497643168877,3.4170707308184456,4.007333185232471,0.0,0.0,1,1,0.5,0,0,450690,0,0
2015-03-09,56,67,8,0,10,2,2,0.8660254037844387,-0.4999999999999998,2,10,-1.0239453479817213,0.2642596073517126,0.2640625,6.8679744089702925,0.0,0.0,1.3609765531356006,2.0794415416798357,0.0,0.0,0,0,0.65,1,0,447720,0,1
2015-03-09,56,67,8,1,22,2,2,0.8660254037844387,-0.4999999999999998,2,10,0.6203395221437371,0.6502957636457811,0.650421429,3.295836866004329,6.860663671448287,8.812992231969966,3.4170707308184456,4.02535169073515,22.611628253615876,27.61658410942958,1,1,0.65,0,0,454440,0,0
2015-03-09,56,67,9,0,11,2,2,0.8660254037844387,-0.4999999999999998,2,10,1.6635585743193888,0.8407151211361737,0.841,8.188966863648876,0.0,0.0,1.0647107369924282,2.70805020110221,0.0,0.0,0,0,0.75,1,0,448860,0,0
2015-03-09,56,67,9,1,23,2,2,0.8660254037844387,-0.4999999999999998,2,10,1.09960628026814,0.7501863271077694,0.750395513,3.828641396489095,7.085064293952548,8.738895704934043,2.933324813425374,3.9512437185814275,27.126170452613508,27.994815787225562,0,0,0.75,0,0,455100,0,0
2015-03-09,56,67,10,0,1,2,2,0.8660254037844387,-0.4999999999999998,2,10,-0.0908198217066255,0.4773106380384294,0.477291667,6.8679744089702925,0.0,0.0,1.0647107369924282,2.0794415416798357,0.0,0.0,0,0,0.7,1,0,453750,0,1
2015-03-09,56,67,10,1,13,2,2,0.8660254037844387,-0.4999999999999998,2,10,0.8485103596112311,0.7002545630743525,0.700422,3.4339872044851463,0.0,8.699681400989514,3.0828269804049246,3.912023005428146,0.0,0.0,0,0,0.7,0,0,459750,0,0
2015-03-09,56,67,11,0,2,2,2,0.8660254037844387,-0.4999999999999998,2,10,3.1843266853980996,0.9602401837928154,0.960625,6.8679744089702925,0.0,0.0,1.0647107369924282,2.0794415416798357,0.0,0.0,0,0,0.8,1,0,368520,0,0
2015-03-09,56,67,11,1,14,2,2,0.8660254037844387,-0.4999999999999998,2,10,1.3849439557710048,0.7997838476090227,0.800034503,3.9318256327243257,5.8805329864007,8.137688184977605,2.4344901638739844,4.060443010546419,23.1212303300112,23.877569062918383,0,0,0.8,0,0,371940,0,0
2015-03-09,56,67,12,0,3,2,2,0.8660254037844387,-0.4999999999999998,2,10,2.2267526866328193,0.9026263189206349,0.902962963,6.985641817639208,0.0,0.0,1.5260563034950492,2.1972245773362196,0.0,0.0,0,0,0.8,1,0,312995,0,0
2015-03-09,56,67,12,1,15,2,2,0.8660254037844387,-0.4999999999999998,2,10,1.387238369876064,0.8001509986265665,0.800401961,4.1588830833596715,0.0,8.314097335405807,2.725235025856311,3.5263605246161616,0.0,0.0,0,0,0.8,0,0,317075,0,0
2015-03-10,57,68,1,0,0,2,3,1.2246467991473532e-16,-1.0,2,10,1.9965661744545269,0.8804360766349206,0.880754167,0.0,0.0,6.8679744089702925,1.3711807233098425,2.0794415416798357,0.0,0.0,0,0,0.75,1,0,487230,0,0
2015-03-10,57,68,1,1,12,2,3,1.2246467991473532e-16,-1.0,2,10,2.1941926705655574,0.8997267972698412,0.900061017,4.330733340286331,0.0,8.865170419651774,3.2891478778535324,4.07753744390572,0.0,0.0,0,0,0.75,0,0,494310,0,0
2015-03-10,57,68,2,0,4,2,3,1.2246467991473532e-16,-1.0,2,10,1.0501237575733553,0.7407986633249791,0.741,0.0,0.0,6.8679744089702925,1.3609765531356006,2.0794415416798357,0.0,0.0,0,0,0.7,1,0,465240,0,0
2015-03-10,57,68,2,1,16,2,3,1.2246467991473532e-16,-1.0,2,10,0.8467489887467826,0.6998847243040935,0.700051852,3.713572066704308,6.86484777797086,8.594339400592892,2.7788192719904172,3.8066624897703196,25.493106950449725,26.1321585343848,1,1,0.7,0,0,470640,0,0
2015-03-10,57,68,3,0,5,2,3,1.2246467991473532e-16,-1.0,2,10,2.133479920518541,0.8941149164778612,0.894444444,0.0,0.0,7.273092595999522,1.5260563034950492,2.4849066497880004,0.0,0.0,0,0,0.8,1,0,494850,0,0
2015-03-10,57,68,3,1,17,2,3,1.2246467991473532e-16,-1.0,2,10,1.3851769383299577,0.799821152417711,0.800071839,4.1588830833596715,6.6293632534374485,8.848078421168667,3.40452517175483,4.060443010546419,27.57074668816724,26.918151686793358,1,1,0.8,0,0,501810,0,0
2015-03-10,57,68,4,0,6,2,3,1.2246467991473532e-16,-1.0,2,10,2.004380386865106,0.8812562238930661,0.881575,0.0,0.0,6.8679744089702925,1.3711807233098425,2.0794415416798357,0.0,0.0,0,0,0.75,1,0,557340,0,0
2015-03-10,57,68,4,1,18,2,3,1.2246467991473532e-16,-1.0,2,10,1.7329685999435782,0.8497917429874686,0.850084211,4.189654742026425,7.007600613951853,8.679482094459956,3.2891478778535324,4.07753744390572,29.35942714247067,28.57375389532539,0,0,0.75,0,0,563220,0,0
2015-03-10,57,68,5,0,7,2,3,1.2246467991473532e-16,-1.0,2,10,2.302085987023086,0.9090496522406015,0.909391667,0.0,0.0,7.273092595999522,1.3711807233098425,2.4849066497880004,0.0,0.0,0,0,0.6,1,0,480300,0,0
2015-03-10,57,68,5,1,19,2,3,1.2246467991473532e-16,-1.0,2,10,0.6186819435993696,0.6499187179014203,0.650044068,3.295836866004329,0.0,8.865170419651774,3.2891478778535324,4.07753744390572,0.0,0.0,1,1,0.65,0,0,487380,0,0
2015-03-10,57,68,6,1,20,2,3,1.2246467991473532e-16,-1.0,2,10,0.8476750350245877,0.7000792006984128,0.700246491,3.4339872044851463,7.074116816197362,8.4252971767117,3.1531632815028194,3.6375861597263857,24.292426629854944,25.732709422887208,1,1,0.7,0,0,311415,0,0
2015-03-10,57,68,7,0,9,2,3,1.2246467991473532e-16,-1.0,2,10,0.24349336017553608,0.5605743525480368,0.560625,0.0,0.0,6.8679744089702925,1.3609765531356006,2.0794415416798357,0.0,0.0,0,0,0.5,1,0,451650,0,0
2015-03-10,57,68,7,1,21,2,3,1.2246467991473532e-16,-1.0,2,10,0.5334782070960653,0.6302939825430242,0.630402924,3.258096538021482,0.0,8.830689198760998,3.4170707308184456,4.04305126783455,0.0,0.0,1,1,0.6,0,0,458490,0,0
2015-03-10,57,68,8,0,10,2,3,1.2246467991473532e-16,-1.0,2,10,0.24349336017553608,0.5605743525480368,0.560625,0.0,0.0,6.8679744089702925,1.3609765531356006,2.0794415416798357,0.0,0.0,0,0,0.65,1,0,455400,0,1
2015-03-10,57,68,8,1,22,2,3,1.2246467991473532e-16,-1.0,2,10,0.8489067426232425,0.7003377565146199,0.700505263,3.4339872044851463,0.0,8.830689198760998,3.4170707308184456,4.04305126783455,0.0,0.0,1,1,0.7,0,0,462240,0,0
2015-03-10,57,68,9,0,11,2,3,1.2246467991473532e-16,-1.0,2,10,1.5258474885243831,0.821397939625731,0.821666667,0.0,0.0,7.496097345175956,1.0647107369924282,2.70805020110221,0.0,0.0,0,0,0.75,1,0,456900,0,0
2015-03-10,57,68,9,1,23,2,3,1.2246467991473532e-16,-1.0,2,10,1.09960628026814,0.7501863271077694,0.750395513,3.828641396489095,7.129297548929373,8.738895704934043,2.933324813425374,3.9512437185814275,27.29552372371924,28.169592158105154,0,0,0.75,0,0,463140,0,0
2015-03-10,57,68,10,0,1,2,3,1.2246467991473532e-16,-1.0,2,10,-0.4103233665001707,0.3988345864661654,0.39875,0.0,0.0,6.8679744089702925,1.0647107369924282,2.0794415416798357,0.0,0.0,0,0,0.7,1,0,460710,0,1
2015-03-10,57,68,10,1,13,2,3,1.2246467991473532e-16,-1.0,2,10,1.1007394819271172,0.7503986365914788,0.750608,3.5553480614894135,0.0,8.699681400989514,3.0828269804049246,3.912023005428146,0.0,0.0,0,0,0.75,0,0,466710,0,0
2015-03-10,57,68,11,0,2,2,3,1.2246467991473532e-16,-1.0,2,10,1.1418189109504955,0.7580134367017544,0.758229167,0.0,0.0,6.8679744089702925,1.0647107369924282,2.0794415416798357,0.0,0.0,0,0,0.8,1,0,372900,0,1
2015-03-10,57,68,11,1,14,2,3,1.2246467991473532e-16,-1.0,2,10,1.3849439557710048,0.7997838476090227,0.800034503,3.9318256327243257,5.82600010738045,8.137688184977605,2.4344901638739844,4.060443010546419,22.906816558453126,23.656141415455636,0,0,0.8,0,0,376320,0,0
2015-03-10,57,68,12,0,3,2,3,1.2246467991473532e-16,-1.0,2,10,2.437589199769166,0.9196491228070175,0.92,0.0,0.0,6.985641817639208,1.5260563034950492,2.1972245773362196,0.0,0.0,0,0,0.8,1,0,318155,0,0
2015-03-10,57,68,12,1,15,2,3,1.2246467991473532e-16,-1.0,2,10,1.387238369876064,0.8001509986265665,0.800401961,4.1588830833596715,0.0,8.314097335405807,2.725235025856311,3.5263605246161616,0.0,0.0,0,0,0.8,0,0,322235,0,0
2015-03-11,58,69,1,0,0,2,4,-0.8660254037844384,-0.5000000000000004,2,10,1.4654434597684056,0.8123638262322473,0.812625,0.0,0.0,7.560601162768557,1.3711807233098425,2.0794415416798357,0.0,0.0,0,0,0.75,1,0,496230,0,0
2015-03-11,58,69,1,1,12,2,4,-0.8660254037844384,-0.5000000000000004,2,10,1.0977695278133037,0.7498419490492899,0.750050847,3.828641396489095,0.0,8.865170419651774,3.2891478778535324,4.07753744390572,0.0,0.0,0,0,0.75,0,0,503310,0,0
2015-03-11,58,69,2,0,4,2,4,-0.8660254037844384,-0.5000000000000004,2,10,1.5096147591570106,0.8190041071578947,0.819270833,0.0,0.0,7.560601162768557,1.3609765531356006,2.0794415416798357,0.0,0.0,0,0,0.75,1,0,472560,0,0
2015-03-11,58,69,2,1,16,2,4,-0.8660254037844384,-0.5000000000000004,2,10,1.098248417500328,0.7499317679498748,0.750140741,3.828641396489095,0.0,8.594339400592892,2.7788192719904172,3.8066624897703196,0.0,0.0,1,1,0.75,0,0,477960,0,0
2015-03-11,58,69,3,0,5,2,4,-0.8660254037844384,-0.5000000000000004,2,10,1.303315725912626,0.7863924854001672,0.786631944,0.0,0.0,7.560601162768557,1.5260563034950492,2.0794415416798357,0.0,0.0,0,0,0.8,1,0,503730,0,1
2015-03-11,58,69,3,1,17,2,4,-0.8660254037844384,-0.5000000000000004,2,10,1.3851769383299577,0.799821152417711,0.800071839,4.1588830833596715,6.601230118728877,8.848078421168667,3.40452517175483,4.060443010546419,27.45374427014588,26.803918696601176,1,1,0.8,0,0,510690,0,0
2015-03-11,58,69,4,0,6,2,4,-0.8660254037844384,-0.5000000000000004,2,10,1.4699335304675725,0.813047282780284,0.813309028,0.0,0.0,7.560601162768557,1.3711807233098425,2.0794415416798357,0.0,0.0,0,0,0.75,1,0,565140,0,0
2015-03-11,58,69,4,1,18,2,4,-0.8660254037844384,-0.5000000000000004,2,10,1.0977695278133037,0.7498419490492899,0.750050847,3.828641396489095,0.0,8.865170419651774,3.2891478778535324,4.07753744390572,0.0,0.0,0,0,0.75,0,0,572220,0,0
2015-03-11,58,69,5,0,7,2,4,-0.8660254037844384,-0.5000000000000004,2,10,1.1452036343736522,0.7586337510442773,0.75885,0.0,0.0,7.273092595999522,1.3711807233098425,2.4849066497880004,0.0,0.0,0,0,0.7,1,0,488820,0,0
2015-03-11,58,69,5,1,19,2,4,-0.8660254037844384,-0.5000000000000004,2,10,0.8491525837986257,0.7003893473784462,0.700556897,3.4339872044851463,0.0,8.848078421168667,3.2891478778535324,4.060443010546419,0.0,0.0,1,1,0.7,0,0,495780,0,0
2015-03-11,58,69,6,0,8,2,4,-0.8660254037844384,-0.5000000000000004,2,10,-0.42713709624216983,0.39481017336006685,0.394722222,0.0,0.0,6.580639137284949,1.0647107369924282,1.791759469228055,0.0,0.0,0,0,0.7,1,0,312135,0,1
2015-03-11,58,69,6,1,20,2,4,-0.8660254037844384,-0.5000000000000004,2,10,0.8476750350245877,0.7000792006984128,0.700246491,3.713572066704308,7.029087564149662,8.4252971767117,3.1531632815028194,3.6375861597263857,26.10302323264481,25.568911638855663,1,1,0.7,0,0,316695,0,0
2015-03-11,58,69,7,0,9,2,4,-0.8660254037844384,-0.5000000000000004,2,10,0.5130451208113904,0.6255200501253132,0.625625,0.0,0.0,6.8679744089702925,1.3609765531356006,2.0794415416798357,0.0,0.0,0,0,0.65,1,0,459450,0,1
2015-03-11,58,69,7,1,21,2,4,-0.8660254037844384,-0.5000000000000004,2,10,0.6211087718272361,0.6504706793951546,0.650596491,3.295836866004329,6.8416154764775925,8.830689198760998,3.4170707308184456,4.04305126783455,22.548848510400624,27.661002126209212,1,1,0.65,0,0,466290,0,0
2015-03-11,58,69,8,0,10,2,4,-0.8660254037844384,-0.5000000000000004,2,10,0.5130451208113904,0.6255200501253132,0.625625,0.0,0.0,6.8679744089702925,1.3609765531356006,2.0794415416798357,0.0,0.0,0,0,0.7,1,0,463200,0,1
2015-03-11,58,69,8,1,22,2,4,-0.8660254037844384,-0.5000000000000004,2,10,0.8489067426232425,0.7003377565146199,0.700505263,3.4339872044851463,0.0,8.830689198760998,3.4170707308184456,4.04305126783455,0.0,0.0,1,1,0.7,0,0,470040,0,0
2015-03-11,58,69,9,0,11,2,4,-0.8660254037844384,-0.5000000000000004,2,10,0.023536963713656656,0.5058839692932331,0.505888889,0.0,0.0,7.496097345175956,1.0647107369924282,2.70805020110221,0.0,0.0,0,0,0.75,1,0,464940,0,1
2015-03-11,58,69,9,1,23,2,4,-0.8660254037844384,-0.5000000000000004,2,10,1.0993494237632624,0.750138187358396,0.750347333,3.828641396489095,0.0,8.525359754082631,2.933324813425374,3.9512437185814275,0.0,0.0,0,0,0.75,0,0,469980,0,0
2015-03-11,58,69,10,0,1,2,4,-0.8660254037844384,-0.5000000000000004,2,10,0.5246143476060059,0.628226120524645,0.628333333,0.0,0.0,6.8679744089702925,1.0647107369924282,2.0794415416798357,0.0,0.0,0,0,0.75,1,0,467670,0,1
2015-03-11,58,69,10,1,13,2,4,-0.8660254037844384,-0.5000000000000004,2,10,1.1007394819271172,0.7503986365914788,0.750608,3.5553480614894135,7.423568444259167,8.699681400989514,3.0828269804049246,3.912023005428146,26.393369677630808,29.04117053631229,0,0,0.75,0,0,473670,0,0
2015-03-11,58,69,11,0,2,2,4,-0.8660254037844384,-0.5000000000000004,2,10,1.9342157605167858,0.8737153070075188,0.874027778,0.0,0.0,7.783640596221253,1.0647107369924282,2.302585092994046,0.0,0.0,0,0,0.8,1,0,378720,0,0
2015-03-11,58,69,11,1,14,2,4,-0.8660254037844384,-0.5000000000000004,2,10,1.3849439557710048,0.7997838476090227,0.800034503,3.9318256327243257,6.329720905522696,8.137688184977605,2.4344901638739844,4.060443010546419,24.887358904325165,25.70147100953918,0,0,0.8,0,0,382140,0,0
2015-03-11,58,69,12,0,3,2,4,-0.8660254037844384,-0.5000000000000004,2,10,2.4766172232795567,0.9224862566215539,0.922839506,0.0,0.0,7.6783263565068856,1.5260563034950492,2.1972245773362196,0.0,0.0,0,0,0.8,1,0,324395,0,0
2015-03-11,58,69,12,1,15,2,4,-0.8660254037844384,-0.5000000000000004,2,10,1.387238369876064,0.8001509986265665,0.800401961,4.1588830833596715,0.0,8.314097335405807,2.725235025856311,3.5263605246161616,0.0,0.0,0,0,0.8,0,0,328475,0,0
