date,quarter,department,day,team,targeted_productivity,smv,wip,over_time,incentive,idle_time,idle_men,no_of_style_change,no_of_workers,actual_productivity,productivity_beta,productivity_clipped,logit_productivity,low_productivity,low_productivity_abs,productivity_gap,wip_missing_flag,wip_imputed,log_wip_imputed,outlier_flag,outlier_reason,idle_event,t,week_of_study,days_from_start,day_num,sin_dow,cos_dow,log_incentive,log_over_time,log_smv,log_workers,incentive_x_log_wip,log_wip_x_log_workers,incentive_x_workers,workers_per_smv,incentive_above_695,incentive_zero,dept_bin,team_dept_id,team_dept_idx,style_change_flag,cum_overtime_team,split,log_incentive_s,log_wip_imputed_s,log_over_time_s,log_smv_s,log_workers_s,incentive_x_log_wip_s,log_wip_x_log_workers_s,incentive_x_workers_s,workers_per_smv_s,targeted_productivity_s,no_of_style_change_s,sin_dow_s,cos_dow_s,quarter_s,week_of_study_s,t_s,split_code
2015-01-01,1,finishing,Thursday,1,0.75,3.94,,960,0,0.0,0,0,8.0,0.8865,0.8861771094402673,0.8865,2.052273179677888,0,0,0.13649999999999995,1,0.0,0.0,0,,0,0,1,0,5,-0.8660254037844386,0.5000000000000001,0.0,6.8679744089702925,1.3711807233098425,2.0794415416798357,0.0,0.0,0.0,2.030456852791878,0,1,0,finishing_team1,0,0,960,train,-0.9856129740972022,-1.1731446939116332,-0.8667014757335281,-1.0992948748235933,-1.329301807783477,-0.973454127137173,-1.168065122270806,-0.980051246628074,-0.6033955879065779,0.1762726874672926,-0.22888618729874646,-1.2647205579438707,0.6664451087488514,-1.1680598507996036,-1.448191081975262,-1.6511514189325383,0
2015-01-01,1,sweing,Thursday,1,0.75,28.08,681.0,6900,45,0.0,0,0,57.5,0.750427826,0.7502186131127819,0.750427826,1.0997785653529408,0,0,0.00042782600000002,0,681.0,6.525029657843462,0,,0,0,1,0,5,-0.8660254037844386,0.5000000000000001,3.828641396489095,8.839421607620602,3.3350575791576103,4.051784947803305,24.981998661338555,26.438016951620288,15.51283158083114,2.047720797720798,0,0,1,sweing_team1,12,0,7860,train,0.9277054058868384,0.7256152080350461,0.5801410320570825,1.071580054566176,0.9166677981010531,0.7953555477770645,0.7748129888225243,0.9767120277571898,-0.5824157131837854,0.1762726874672926,-0.22888618729874646,-1.2647205579438707,0.6664451087488514,-1.1680598507996036,-1.448191081975262,-1.6511514189325383,0
2015-01-01,1,finishing,Thursday,2,0.75,3.94,,960,0,0.0,0,0,8.0,0.755166667,0.7549534951812866,0.755166667,1.125208143446938,0,0,0.005166667000000014,1,0.0,0.0,0,,0,0,1,0,5,-0.8660254037844386,0.5000000000000001,0.0,6.8679744089702925,1.3711807233098425,2.0794415416798357,0.0,0.0,0.0,2.030456852791878,0,1,0,finishing_team2,4,0,960,train,-0.9856129740972022,-1.1731446939116332,-0.8667014757335281,-1.0992948748235933,-1.329301807783477,-0.973454127137173,-1.168065122270806,-0.980051246628074,-0.6033955879065779,0.1762726874672926,-0.22888618729874646,-1.2647205579438707,0.6664451087488514,-1.1680598507996036,-1.448191081975262,-1.6511514189325383,0
2015-01-01,1,sweing,Thursday,2,0.75,19.87,733.0,6000,34,0.0,0,0,55.0,0.753097531,0.7528860877827903,0.753097531,1.114064525129968,0,0,0.0030975309999999867,0,733.0,6.598509028614515,0,,0,0,1,0,5,-0.8660254037844386,0.5000000000000001,3.5553480614894135,8.699681400989514,2.9892110565637253,4.007333185232471,23.459996283605008,26.442424203423023,14.247464271858464,2.7679919476597883,0,0,1,sweing_team2,16,0,6960,train,0.7911302851503994,0.7469974377192647,0.477585878087085,0.6892803482072475,0.8660491749180281,0.6875926514823081,0.7751368691299347,0.8171006592005292,0.2928881964601851,0.1762726874672926,-0.22888618729874646,-1.2647205579438707,0.6664451087488514,-1.1680598507996036,-1.448191081975262,-1.6511514189325383,0
2015-01-01,1,sweing,Thursday,3,0.75,28.08,795.0,6900,45,0.0,0,0,57.5,0.753683478,0.7534715452698413,0.753683478,1.1172138321111116,0,0,0.003683478000000018,0,795.0,6.679599185844383,0,,0,0,1,0,5,-0.8660254037844386,0.5000000000000001,3.828641396489095,8.839421607620602,3.3350575791576103,4.051784947803305,25.573789954878663,27.06429943856348,15.51283158083114,2.047720797720798,0,0,1,sweing_team3,17,0,6900,train,0.9277054058868384,0.7705943785861225,0.5801410320570825,1.071580054566176,0.9166677981010531,0.8372563652310219,0.8208372627864023,0.9767120277571898,-0.5824157131837854,0.1762726874672926,-0.22888618729874646,-1.2647205579438707,0.6664451087488514,-1.1680598507996036,-1.448191081975262,-1.6511514189325383,0
2015-01-01,1,finishing,Thursday,4,0.75,3.94,,2160,0,0.0,0,0,18.0,0.593055556,0.5929778153517127,0.593055556,0.3762892957314602,1,1,-0.15694444399999996,1,0.0,0.0,0,,0,0,1,0,5,-0.8660254037844386,0.5000000000000001,0.0,7.6783263565068856,1.3711807233098425,2.8903717578961645,0.0,0.0,0.0,4.568527918781726,0,1,0,finishing_team4,6,0,2160,train,-0.9856129740972022,-1.1731446939116332,-0.2719852465748004,-1.0992948748235933,-0.40587000961859426,-0.973454127137173,-1.168065122270806,-0.980051246628074,2.4809755231719786,0.1762726874672926,-0.22888618729874646,-1.2647205579438707,0.6664451087488514,-1.1680598507996036,-1.448191081975262,-1.6511514189325383,0
2015-01-01,1,sweing,Thursday,4,0.65,23.69,861.0,7200,0,0.0,0,0,60.0,0.52118,0.521162305764411,0.52118,0.08469982355898335,1,1,-0.12882000000000005,0,861.0,6.759255270663693,0,,0,0,1,0,5,-0.8660254037844386,0.5000000000000001,0.0,8.881975184248867,3.165053018170694,4.0943445622221,0.0,27.67472006211296,0.0,2.5327142254115658,0,1,1,sweing_team4,18,0,9360,train,-0.9856129740972022,0.7937740095965593,0.6113710460115266,0.8836565408135304,0.9651317725418185,-0.973454127137173,0.8656958794604318,-0.980051246628074,0.006968775484568933,-0.7986763836723731,-0.22888618729874646,-1.2647205579438707,0.6664451087488514,-1.1680598507996036,-1.448191081975262,-1.6511514189325383,0
2015-01-01,1,sweing,Thursday,5,0.8,11.41,668.0,3660,50,0.0,0,0,30.5,0.707045902,0.7068729313216373,0.707045902,0.8802447238532843,1,0,-0.0929540980000001,0,668.0,6.505784060128229,0,,0,0,1,0,5,-0.8660254037844386,0.5000000000000001,3.9318256327243257,8.205491613120236,2.4344901638739844,3.417726683613366,25.579608528581506,22.23499178012675,13.437905380276934,2.6730937773882557,0,0,1,sweing_team5,19,0,3660,train,0.9792705109119583,0.7200148090871645,0.11490064234006199,0.07609033318004338,0.1946456668082843,0.8376683398532013,0.4659408967510113,0.7149842209961569,0.17756393355757186,0.663747223037126,-0.22888618729874646,-1.2647205579438707,0.6664451087488514,-1.1680598507996036,-1.448191081975262,-1.6511514189325383,0
2015-01-01,1,sweing,Thursday,6,0.8,25.9,1170.0,1920,50,0.0,0,0,56.0,0.800381944,0.8001309983492063,0.800381944,1.3871133019980066,0,0,0.0003819439999999119,0,1170.0,7.065613363597717,0,,0,0,1,0,5,-0.8660254037844386,0.5000000000000001,3.9318256327243257,7.560601162768557,3.254242968705492,4.02535169073515,27.780759733913047,28.44157869923894,15.826980958362665,2.1621621621621623,0,0,1,sweing_team6,20,0,1920,train,0.9792705109119583,0.8829231005590413,-0.358383611519654,0.9822473597811097,0.8865674150869745,0.9935172613394117,0.9220508195113956,1.0163383178655843,-0.44334173565601465,0.663747223037126,-0.22888618729874646,-1.2647205579438707,0.6664451087488514,-1.1680598507996036,-1.448191081975262,-1.6511514189325383,0
2015-01-01,1,finishing,Thursday,7,0.8,2.9,,960,0,0.0,0,0,8.0,0.540729167,0.540695140962406,0.540729167,0.1631414392792569,1,1,-0.2592708330000001,1,0.0,0.0,0,,0,0,1,0,5,-0.8660254037844386,0.5000000000000001,0.0,6.8679744089702925,1.0647107369924282,2.0794415416798357,0.0,0.0,0.0,2.7586206896551726,0,1,0,finishing_team7,9,0,960,train,-0.9856129740972022,-1.1731446939116332,-0.8667014757335281,-1.4380676486489155,-1.329301807783477,-0.973454127137173,-1.168065122270806,-0.980051246628074,0.28149984809940837,0.663747223037126,-0.22888618729874646,-1.2647205579438707,0.6664451087488514,-1.1680598507996036,-1.448191081975262,-1.6511514189325383,0
2015-01-01,1,sweing,Thursday,7,0.8,25.9,984.0,6720,38,0.0,0,0,56.0,0.800125,0.7998742690058479,0.800125,1.3855087275756837,0,0,0.00012499999999993072,0,984.0,6.892641641172089,0,,0,0,1,0,5,-0.8660254037844386,0.5000000000000001,3.6635616461296463,8.812992231969966,3.254242968705492,4.02535169073515,25.251617557114166,27.745306683923566,14.74712406636042,2.1621621621621623,0,0,1,sweing_team7,21,0,7680,train,0.8452087477209552,0.8325889583505627,0.5607445480062361,0.9822473597811097,0.8865674150869745,0.8144454740016479,0.8708831521179389,0.8801269307405657,-0.44334173565601465,0.663747223037126,-0.22888618729874646,-1.2647205579438707,0.6664451087488514,-1.1680598507996036,-1.448191081975262,-1.6511514189325383,0
2015-01-01,1,finishing,Thursday,8,0.75,2.9,,960,0,0.0,0,0,8.0,0.676666667,0.6765190757994987,0.676666667,0.737820499715635,1,1,-0.073333333,1,0.0,0.0,0,,0,0,1,0,5,-0.8660254037844386,0.5000000000000001,0.0,6.8679744089702925,1.0647107369924282,2.0794415416798357,0.0,0.0,0.0,2.7586206896551726,0,1,0,finishing_team8,10,0,960,train,-0.9856129740972022,-1.1731446939116332,-0.8667014757335281,-1.4380676486489155,-1.329301807783477,-0.973454127137173,-1.168065122270806,-0.980051246628074,0.28149984809940837,0.1762726874672926,-0.22888618729874646,-1.2647205579438707,0.6664451087488514,-1.1680598507996036,-1.448191081975262,-1.6511514189325383,0
2015-01-01,1,sweing,Thursday,8,0.8,26.16,1108.0,7080,98,0.0,0,0,59.0,0.940725424,0.9403572323341687,0.940725424,2.757886942446455,0,0,0.140725424,0,1108.0,7.011213987350367,0,,0,0,1,0,5,-0.8660254037844386,0.5000000000000001,4.59511985013459,8.865170419651774,3.264231526588998,4.07753744390572,32.21736856681496,28.588487560656645,18.73677324815823,2.2553516819571864,1,0,1,sweing_team8,22,0,8040,train,1.3107439726657701,0.8670930798961902,0.5990380513621463,0.9932887393999459,0.9459929771454892,1.3076441145920088,0.9328468641503114,1.3833747714680995,-0.33009389694785873,0.663747223037126,-0.22888618729874646,-1.2647205579438707,0.6664451087488514,-1.1680598507996036,-1.448191081975262,-1.6511514189325383,0
2015-01-01,1,sweing,Thursday,9,0.7,28.08,872.0,6900,44,0.0,0,0,57.5,0.721126957,0.7209422227000836,0.721126957,0.9491401516443645,0,0,0.021126957000000002,0,872.0,6.771935555839602,0,,0,0,1,0,5,-0.8660254037844386,0.5000000000000001,3.8066624897703196,8.839421607620602,3.3350575791576103,4.051784947803305,25.778473063556532,27.438426552644906,15.423777777418833,2.047720797720798,0,0,1,sweing_team9,23,0,6900,train,0.9167217064900888,0.7974639264704733,0.5801410320570825,1.071580054566176,0.9166677981010531,0.8517486189465434,0.8483311320143957,0.9654789262403234,-0.5824157131837854,-0.3112018481025408,-0.22888618729874646,-1.2647205579438707,0.6664451087488514,-1.1680598507996036,-1.448191081975262,-1.6511514189325383,0
2015-01-01,1,finishing,Thursday,10,0.65,3.94,,960,0,0.0,0,0,8.0,0.705916667,0.7057446397092731,0.705916667,0.8748055091700868,0,0,0.055916666999999975,1,0.0,0.0,0,,0,0,1,0,5,-0.8660254037844386,0.5000000000000001,0.0,6.8679744089702925,1.3711807233098425,2.0794415416798357,0.0,0.0,0.0,2.030456852791878,0,1,0,finishing_team10,1,0,960,train,-0.9856129740972022,-1.1731446939116332,-0.8667014757335281,-1.0992948748235933,-1.329301807783477,-0.973454127137173,-1.168065122270806,-0.980051246628074,-0.6033955879065779,-0.7986763836723731,-0.22888618729874646,-1.2647205579438707,0.6664451087488514,-1.1680598507996036,-1.448191081975262,-1.6511514189325383,0
2015-01-01,1,sweing,Thursday,10,0.75,19.31,578.0,6480,45,0.0,0,0,54.0,0.712205247,0.7120279660918964,0.712205247,0.9052538179243138,1,0,-0.037794753000000014,0,578.0,6.361302477572996,0,,0,0,1,0,5,-0.8660254037844386,0.5000000000000001,3.828641396489095,8.776630098427717,2.960623096440423,3.9889840465642745,24.355146001224615,25.375134098408473,15.272389450610566,2.7964785085447956,0,0,1,sweing_team10,13,0,7440,train,0.9277054058868384,0.6779711939756365,0.5340584259944958,0.6576791377091074,0.8451544323417699,0.7509722674404442,0.6967038086241547,0.9463830496090644,0.3275062678865777,0.1762726874672926,-0.22888618729874646,-1.2647205579438707,0.6664451087488514,-1.1680598507996036,-1.448191081975262,-1.6511514189325383,0
2015-01-01,1,finishing,Thursday,11,0.7,4.15,,1440,0,0.0,0,0,12.0,0.436326389,0.4363795833283207,0.436326389,-0.255868536275442,1,1,-0.263673611,1,0.0,0.0,0,,0,0,1,0,5,-0.8660254037844386,0.5000000000000001,0.0,7.273092595999522,1.423108334242607,2.4849066497880004,0.0,0.0,0.0,2.8915662650602405,0,1,0,finishing_team11,2,0,1440,train,-0.9856129740972022,-1.1731446939116332,-0.5693857707660099,-1.0418939495153812,-0.8675859087010354,-0.973454127137173,-1.168065122270806,-0.980051246628074,0.44306092399670066,-0.3112018481025408,-0.22888618729874646,-1.2647205579438707,0.6664451087488514,-1.1680598507996036,-1.448191081975262,-1.6511514189325383,0
2015-01-01,1,sweing,Thursday,11,0.8,11.41,968.0,3660,50,0.0,0,0,30.5,0.800570492,0.8003193888320802,0.800570492,1.3882917381213682,0,0,0.0005704919999999225,0,968.0,6.876264611890766,0,,0,0,1,0,5,-0.8660254037844386,0.5000000000000001,3.9318256327243257,8.205491613120236,2.4344901638739844,3.417726683613366,27.036273458427303,23.50119304764538,13.437905380276934,2.6730937773882557,0,0,1,sweing_team11,14,0,5100,train,0.9792705109119583,0.8278233023853054,0.11490064234006199,0.07609033318004338,0.1946456668082843,0.9408051247016822,0.5589915492035888,0.7149842209961569,0.17756393355757186,0.663747223037126,-0.22888618729874646,-1.2647205579438707,0.6664451087488514,-1.1680598507996036,-1.448191081975262,-1.6511514189325383,0
2015-01-01,1,sweing,Thursday,12,0.8,11.41,968.0,3660,50,0.0,0,0,30.5,0.800570492,0.8003193888320802,0.800570492,1.3882917381213682,0,0,0.0005704919999999225,0,968.0,6.876264611890766,0,,0,0,1,0,5,-0.8660254037844386,0.5000000000000001,3.9318256327243257,8.205491613120236,2.4344901638739844,3.417726683613366,27.036273458427303,23.50119304764538,13.437905380276934,2.6730937773882557,0,0,1,sweing_team12,15,0,3660,train,0.9792705109119583,0.8278233023853054,0.11490064234006199,0.07609033318004338,0.1946456668082843,0.9408051247016822,0.5589915492035888,0.7149842209961569,0.17756393355757186,0.663747223037126,-0.22888618729874646,-1.2647205579438707,0.6664451087488514,-1.1680598507996036,-1.448191081975262,-1.6511514189325383,0
2015-01-03,1,finishing,Saturday,1,0.8,3.94,,960,0,0.0,0,0,8.0,0.902916667,0.9025800615973265,0.902916667,2.2262265010916744,0,0,0.1029166669999999,1,0.0,0.0,0,,0,1,1,2,0,0.0,1.0,0.0,6.8679744089702925,1.3711807233098425,2.0794415416798357,0.0,0.0,0.0,2.030456852791878,0,1,0,finishing_team1,0,0,8820,train,-0.9856129740972022,-1.1731446939116332,-0.8667014757335281,-1.0992948748235933,-1.329301807783477,-0.973454127137173,-1.168065122270806,-0.980051246628074,-0.6033955879065779,0.663747223037126,-0.22888618729874646,-0.028538824941726406,1.3678317129691895,-1.1680598507996036,-1.448191081975262,-1.5662839684090883,0
2015-01-03,1,sweing,Saturday,1,0.8,28.08,772.0,6300,50,0.0,0,0,56.5,0.800725314,0.8004740814903927,0.800725314,1.3892600087789913,0,0,0.0007253139999999769,0,772.0,6.650279048587422,0,,0,1,1,2,0,0.0,1.0,3.9318256327243257,8.748463629942055,3.3350575791576103,4.034240638152395,26.14773762800557,26.82882599286483,15.86193074966573,2.012108262108262,0,0,1,sweing_team1,12,0,15120,train,0.9792705109119583,0.762062325267994,0.5133870917952844,1.071580054566176,0.8966895396954262,0.8778937942407548,0.8035327802214346,1.020746827537911,-0.6256935699417965,0.663747223037126,-0.22888618729874646,-0.028538824941726406,1.3678317129691895,-1.1680598507996036,-1.448191081975262,-1.5662839684090883,0
2015-01-03,1,finishing,Saturday,2,0.8,4.15,,960,0,0.0,0,0,8.0,0.782447917,0.7822119538279031,0.782447917,1.2786034199540388,1,0,-0.017552082999999996,1,0.0,0.0,0,,0,1,1,2,0,0.0,1.0,0.0,6.8679744089702925,1.423108334242607,2.0794415416798357,0.0,0.0,0.0,1.9277108433734937,0,1,0,finishing_team2,4,0,7920,train,-0.9856129740972022,-1.1731446939116332,-0.8667014757335281,-1.0418939495153812,-1.329301807783477,-0.973454127137173,-1.168065122270806,-0.980051246628074,-0.7282568762586739,0.663747223037126,-0.22888618729874646,-0.028538824941726406,1.3678317129691895,-1.1680598507996036,-1.448191081975262,-1.5662839684090883,0
2015-01-03,1,sweing,Saturday,2,0.75,19.87,944.0,6600,45,0.0,0,0,55.0,0.75024303,0.7500339714954052,0.75024303,1.0987934781844715,0,0,0.00024303000000003294,0,944.0,6.851184927493743,0,,0,1,1,2,0,0.0,1.0,3.828641396489095,8.79497643168877,2.9892110565637253,4.007333185232471,26.230730228404685,27.4549807181102,15.342641722505542,2.7679919476597883,0,0,1,sweing_team2,16,0,14520,train,0.9277054058868384,0.820525205428872,0.547522775860096,0.6892803482072475,0.8660491749180281,0.8837699499688162,0.8495476652282442,0.955244556605381,0.2928881964601851,0.1762726874672926,-0.22888618729874646,-0.028538824941726406,1.3678317129691895,-1.1680598507996036,-1.448191081975262,-1.5662839684090883,0
2015-01-03,1,finishing,Saturday,3,0.75,3.94,,1560,0,0.0,0,0,8.0,0.945277778,0.9449057831979951,0.945277778,2.8420404697747115,0,0,0.195277778,1,0.0,0.0,0,,0,1,1,2,0,0.0,1.0,0.0,7.353081920515432,1.3711807233098425,2.0794415416798357,0.0,0.0,0.0,2.030456852791878,0,1,0,finishing_team3,5,0,8460,train,-0.9856129740972022,-1.1731446939116332,-0.510681710642914,-1.0992948748235933,-1.329301807783477,-0.973454127137173,-1.168065122270806,-0.980051246628074,-0.6033955879065779,0.1762726874672926,-0.22888618729874646,-0.028538824941726406,1.3678317129691895,-1.1680598507996036,-1.448191081975262,-1.5662839684090883,0
2015-01-03,1,sweing,Saturday,3,0.8,28.08,913.0,6540,50,0.0,0,0,54.5,0.800322936,0.8000720396457812,0.800322936,1.386744669738769,0,0,0.0003229359999999959,0,913.0,6.81783057145415,0,,0,1,1,2,0,0.0,1.0,3.9318256327243257,8.785845337961213,3.3350575791576103,3.9982007016691985,26.806521000414964,27.259054974649693,15.72022800359934,1.940883190883191,0,0,1,sweing_team3,17,0,15000,train,0.9792705109119583,0.8108192091155672,0.5408214781754841,1.071580054566176,0.8556497280237044,0.9245378765892858,0.8351494658827454,1.0028726742643796,-0.7122492834578188,0.663747223037126,-0.22888618729874646,-0.028538824941726406,1.3678317129691895,-1.1680598507996036,-1.448191081975262,-1.5662839684090883,0
2015-01-03,1,finishing,Saturday,4,0.8,4.15,,6600,0,0.0,0,0,20.0,0.988024691,0.9876169844912281,0.988024691,4.378969138409771,0,0,0.18802469099999997,1,0.0,0.0,0,,0,1,1,2,0,0.0,1.0,0.0,8.79497643168877,1.423108334242607,2.995732273553991,0.0,0.0,0.0,4.8192771084337345,0,1,0,finishing_team4,6,0,15960,train,-0.9856129740972022,-1.1731446939116332,0.547522775860096,-1.0418939495153812,-0.28589266941854513,-0.973454127137173,-1.168065122270806,-0.980051246628074,2.78569652450745,0.663747223037126,-0.22888618729874646,-0.028538824941726406,1.3678317129691895,-1.1680598507996036,-1.448191081975262,-1.5662839684090883,0
2015-01-03,1,sweing,Saturday,4,0.7,23.69,544.0,13800,0,0.0,0,0,60.0,0.700134038,0.6999668416441103,0.700134038,0.8471399684401982,0,0,0.000134038000000003,0,544.0,6.300785794663244,0,,0,1,1,2,0,0.0,1.0,0.0,9.53249633228804,3.165053018170694,4.0943445622221,0.0,25.79758805610571,0.0,2.5327142254115658,0,1,1,sweing_team4,18,0,29760,train,-0.9856129740972022,0.6603610593198141,1.0887876615030239,0.8836565408135304,0.9651317725418185,-0.973454127137173,0.7277491229855408,-0.980051246628074,0.006968775484568933,-0.3112018481025408,-0.22888618729874646,-0.028538824941726406,1.3678317129691895,-1.1680598507996036,-1.448191081975262,-1.5662839684090883,0
2015-01-03,1,sweing,Saturday,5,0.8,11.61,659.0,7080,50,0.0,0,0,31.5,0.800148649,0.7998978982489557,0.800148649,1.3856563472960834,0,0,0.0001486490000000007,0,659.0,6.492239835020471,0,,0,1,1,2,0,0.0,1.0,3.9318256327243257,8.865170419651774,2.4518667957098,3.449987545831587,25.526354997127434,22.398146575372344,13.564749465280324,2.7131782945736433,0,0,1,sweing_team5,19,0,10740,train,0.9792705109119583,0.7160734888348288,0.5990380513621463,0.09529851025962122,0.2313821274960118,0.8338978104037267,0.4779308232641324,0.7309841269974787,0.22627633111997963,0.663747223037126,-0.22888618729874646,-0.028538824941726406,1.3678317129691895,-1.1680598507996036,-1.448191081975262,-1.5662839684090883,0
2015-01-03,1,sweing,Saturday,6,0.8,25.9,1152.0,6720,50,0.0,0,0,56.0,0.800125,0.7998742690058479,0.800125,1.3855087275756837,0,0,0.00012499999999993072,0,1152.0,7.050122520269059,0,,0,1,1,2,0,0.0,1.0,3.9318256327243257,8.812992231969966,3.254242968705492,4.02535169073515,27.71985243904091,28.37922260685501,15.826980958362665,2.1621621621621623,0,0,1,sweing_team6,20,0,8640,train,0.9792705109119583,0.878415321483365,0.5607445480062361,0.9822473597811097,0.8865674150869745,0.9892048196527736,0.9174683923494891,1.0163383178655843,-0.44334173565601465,0.663747223037126,-0.22888618729874646,-0.028538824941726406,1.3678317129691895,-1.1680598507996036,-1.448191081975262,-1.5662839684090883,0
2015-01-03,1,finishing,Saturday,7,0.8,3.94,,960,0,0.0,0,0,8.0,0.6253125,0.6252078111946534,0.6253125,0.5117123832031671,1,1,-0.1746875,1,0.0,0.0,0,,0,1,1,2,0,0.0,1.0,0.0,6.8679744089702925,1.3711807233098425,2.0794415416798357,0.0,0.0,0.0,2.030456852791878,0,1,0,finishing_team7,9,0,8640,train,-0.9856129740972022,-1.1731446939116332,-0.8667014757335281,-1.0992948748235933,-1.329301807783477,-0.973454127137173,-1.168065122270806,-0.980051246628074,-0.6033955879065779,0.663747223037126,-0.22888618729874646,-0.028538824941726406,1.3678317129691895,-1.1680598507996036,-1.448191081975262,-1.5662839684090883,0
2015-01-03,1,sweing,Saturday,7,0.8,25.9,1138.0,6720,38,0.0,0,0,56.0,0.800125,0.7998742690058479,0.800125,1.3855087275756837,0,0,0.00012499999999993072,0,1138.0,7.037905963447182,0,,0,1,1,2,0,0.0,1.0,3.6635616461296463,8.812992231969966,3.254242968705492,4.02535169073515,25.78380235675221,28.330046669197106,14.74712406636042,2.1621621621621623,0,0,1,sweing_team7,21,0,15360,train,0.8452087477209552,0.8748603478741109,0.5607445480062361,0.9822473597811097,0.8865674150869745,0.852125950860325,0.9138545489571172,0.8801269307405657,-0.44334173565601465,0.663747223037126,-0.22888618729874646,-0.028538824941726406,1.3678317129691895,-1.1680598507996036,-1.448191081975262,-1.5662839684090883,0
2015-01-03,1,finishing,Saturday,8,0.8,2.9,,960,0,0.0,0,0,8.0,0.628333333,0.628226120524645,0.628333333,0.5246143476060059,1,1,-0.171666667,1,0.0,0.0,0,,0,1,1,2,0,0.0,1.0,0.0,6.8679744089702925,1.0647107369924282,2.0794415416798357,0.0,0.0,0.0,2.7586206896551726,0,1,0,finishing_team8,10,0,9000,train,-0.9856129740972022,-1.1731446939116332,-0.8667014757335281,-1.4380676486489155,-1.329301807783477,-0.973454127137173,-1.168065122270806,-0.980051246628074,0.28149984809940837,0.663747223037126,-0.22888618729874646,-0.028538824941726406,1.3678317129691895,-1.1680598507996036,-1.448191081975262,-1.5662839684090883,0
2015-01-03,1,sweing,Saturday,8,0.8,26.16,1261.0,7080,50,0.0,0,0,59.0,0.800318644,0.8000677512314118,0.800318644,1.3867178601211287,0,0,0.00031864399999992354,0,1261.0,7.140453043101158,0,,0,1,1,2,0,0.0,1.0,3.9318256327243257,8.865170419651774,3.264231526588998,4.07753744390572,28.075016304129548,29.115464649695515,16.032166240341738,2.2553516819571864,0,0,1,sweing_team8,22,0,16080,train,0.9792705109119583,0.9047011751375774,0.5990380513621463,0.9932887393999459,0.9459929771454892,1.0143516179239997,0.9715733788210175,1.0422200546799745,-0.33009389694785873,0.663747223037126,-0.22888618729874646,-0.028538824941726406,1.3678317129691895,-1.1680598507996036,-1.448191081975262,-1.5662839684090883,0
2015-01-03,1,finishing,Saturday,9,0.8,4.15,,960,0,0.0,0,0,8.0,0.956270833,0.9558896543592316,0.956270833,3.0759481321106237,0,0,0.156270833,1,0.0,0.0,0,,0,1,1,2,0,0.0,1.0,0.0,6.8679744089702925,1.423108334242607,2.0794415416798357,0.0,0.0,0.0,1.9277108433734937,0,1,0,finishing_team9,11,0,7860,train,-0.9856129740972022,-1.1731446939116332,-0.8667014757335281,-1.0418939495153812,-1.329301807783477,-0.973454127137173,-1.168065122270806,-0.980051246628074,-0.7282568762586739,0.663747223037126,-0.22888618729874646,-0.028538824941726406,1.3678317129691895,-1.1680598507996036,-1.448191081975262,-1.5662839684090883,0
2015-01-03,1,sweing,Saturday,9,0.7,28.08,1072.0,6900,40,0.0,0,0,57.5,0.699965217,0.699798161680869,0.699965217,0.8463369101807844,1,1,-3.478299999992718e-05,0,1072.0,6.9782137426306985,0,,0,1,1,2,0,0.0,1.0,3.713572066704308,8.839421607620602,3.3350575791576103,4.051784947803305,25.914099630125488,28.27422140494523,15.046595402455326,2.047720797720798,0,0,1,sweing_team9,23,0,14760,train,0.870200865542169,0.857490128689246,0.5801410320570825,1.071580054566176,0.9166677981010531,0.861351436814508,0.9097520595699801,0.9179017566418343,-0.5824157131837854,-0.3112018481025408,-0.22888618729874646,-0.028538824941726406,1.3678317129691895,-1.1680598507996036,-1.448191081975262,-1.5662839684090883,0
2015-01-03,1,finishing,Saturday,10,0.7,4.15,,960,0,0.0,0,0,8.0,0.7018125,0.7016439014202172,0.7018125,0.8551382776061907,0,0,0.0018124999999999947,1,0.0,0.0,0,,0,1,1,2,0,0.0,1.0,0.0,6.8679744089702925,1.423108334242607,2.0794415416798357,0.0,0.0,0.0,1.9277108433734937,0,1,0,finishing_team10,1,0,8400,train,-0.9856129740972022,-1.1731446939116332,-0.8667014757335281,-1.0418939495153812,-1.329301807783477,-0.973454127137173,-1.168065122270806,-0.980051246628074,-0.7282568762586739,-0.3112018481025408,-0.22888618729874646,-0.028538824941726406,1.3678317129691895,-1.1680598507996036,-1.448191081975262,-1.5662839684090883,0
2015-01-03,1,sweing,Saturday,10,0.75,19.31,610.0,6480,56,0.0,0,0,54.0,0.787299691,0.7870596745497076,0.787299691,1.3072921066404004,0,0,0.03729969099999997,0,610.0,6.415096959171596,0,,0,1,1,2,0,0.0,1.0,4.04305126783455,8.776630098427717,2.960623096440423,3.9889840465642745,25.936565894060287,25.589719427298483,16.127667006833484,2.7964785085447956,0,0,1,sweing_team10,13,0,14880,train,1.0348542101784763,0.6936251924954209,0.5340584259944958,0.6576791377091074,0.8451544323417699,0.8629421239947354,0.712473264375132,1.0542663656047708,0.3275062678865777,0.1762726874672926,-0.22888618729874646,-0.028538824941726406,1.3678317129691895,-1.1680598507996036,-1.448191081975262,-1.5662839684090883,0
2015-01-03,1,finishing,Saturday,11,0.75,2.9,,5640,0,0.0,0,0,17.0,0.987880435,0.987472849005848,0.987880435,4.367250633433648,0,0,0.237880435,1,0.0,0.0,0,,0,1,1,2,0,0.0,1.0,0.0,8.637816633739977,1.0647107369924282,2.833213344056216,0.0,0.0,0.0,5.862068965517242,0,1,0,finishing_team11,2,0,10740,train,-0.9856129740972022,-1.1731446939116332,0.4321834067185993,-1.4380676486489155,-0.4709580971222859,-0.973454127137173,-1.168065122270806,-0.980051246628074,4.052941213576844,0.1762726874672926,-0.22888618729874646,-0.028538824941726406,1.3678317129691895,-1.1680598507996036,-1.448191081975262,-1.5662839684090883,0
2015-01-03,1,sweing,Saturday,11,0.8,11.61,1005.0,7080,50,0.0,0,0,29.5,0.800237288,0.799986463197995,0.800237288,1.386209758254657,0,0,0.00023728800000000216,0,1005.0,6.913737350659685,0,,0,1,1,2,0,0.0,1.0,3.9318256327243257,8.865170419651774,2.4518667957098,3.3843902633457743,27.18360973324732,23.398785372902648,13.306832388565546,2.5409130060292853,0,0,1,sweing_team11,14,0,17820,train,0.9792705109119583,0.838727733096209,0.5990380513621463,0.09529851025962122,0.15668443426756676,0.951237029366331,0.5514658096585348,0.6984508875999783,0.01693227982541468,0.663747223037126,-0.22888618729874646,-0.028538824941726406,1.3678317129691895,-1.1680598507996036,-1.448191081975262,-1.5662839684090883,0
2015-01-03,1,sweing,Saturday,12,0.8,26.16,844.0,7080,63,0.0,0,0,59.0,0.800318644,0.8000677512314118,0.800318644,1.3867178601211287,0,0,0.00031864399999992354,0,844.0,6.739336627357174,0,,0,1,1,2,0,0.0,1.0,4.1588830833596715,8.865170419651774,3.264231526588998,4.07753744390572,28.02811309258197,27.479897445134164,16.958001497225133,2.2553516819571864,0,0,1,sweing_team12,15,0,10740,train,1.0927397937785401,0.7879777568291664,0.5990380513621463,0.9932887393999459,0.9459929771454892,1.0110307125194895,0.8513787467206093,1.1590034039583281,-0.33009389694785873,0.663747223037126,-0.22888618729874646,-0.028538824941726406,1.3678317129691895,-1.1680598507996036,-1.448191081975262,-1.5662839684090883,0
2015-01-04,1,finishing,Sunday,1,0.8,3.94,,960,0,0.0,0,0,8.0,0.915229167,0.91488227546533,0.915229167,2.3747601035088164,0,0,0.11522916699999997,1,0.0,0.0,0,,0,2,1,3,1,0.8660254037844386,0.5000000000000001,0.0,6.8679744089702925,1.3711807233098425,2.0794415416798357,0.0,0.0,0.0,2.030456852791878,0,1,0,finishing_team1,0,0,16080,train,-0.9856129740972022,-1.1731446939116332,-0.8667014757335281,-1.0992948748235933,-1.329301807783477,-0.973454127137173,-1.168065122270806,-0.980051246628074,-0.6033955879065779,0.663747223037126,-0.22888618729874646,1.207642908060418,0.6664451087488514,-1.1680598507996036,-1.448191081975262,-1.4814165178856387,0
2015-01-04,1,sweing,Sunday,1,0.8,26.16,1033.0,7080,63,0.0,0,0,59.0,0.800318644,0.8000677512314118,0.800318644,1.3867178601211287,0,0,0.00031864399999992354,0,1033.0,6.9411900550683745,0,,0,2,1,3,1,0.8660254037844386,0.5000000000000001,4.1588830833596715,8.865170419651774,3.264231526588998,4.07753744390572,28.86759789840825,28.302962354807303,16.958001497225133,2.2553516819571864,0,0,1,sweing_team1,12,0,23160,train,1.0927397937785401,0.8467163702464718,0.5990380513621463,0.9932887393999459,0.9459929771454892,1.070469065175676,0.9118641757124742,1.1590034039583281,-0.33009389694785873,0.663747223037126,-0.22888618729874646,1.207642908060418,0.6664451087488514,-1.1680598507996036,-1.448191081975262,-1.4814165178856387,0
2015-01-04,1,finishing,Sunday,2,0.8,3.94,,960,0,0.0,0,0,8.0,0.792104167,0.7918601367852965,0.792104167,1.336174508221427,1,0,-0.007895833000000074,1,0.0,0.0,0,,0,2,1,3,1,0.8660254037844386,0.5000000000000001,0.0,6.8679744089702925,1.3711807233098425,2.0794415416798357,0.0,0.0,0.0,2.030456852791878,0,1,0,finishing_team2,4,0,15480,train,-0.9856129740972022,-1.1731446939116332,-0.8667014757335281,-1.0992948748235933,-1.329301807783477,-0.973454127137173,-1.168065122270806,-0.980051246628074,-0.6033955879065779,0.663747223037126,-0.22888618729874646,1.207642908060418,0.6664451087488514,-1.1680598507996036,-1.448191081975262,-1.4814165178856387,0
2015-01-04,1,sweing,Sunday,2,0.8,28.08,782.0,6660,50,0.0,0,0,55.5,0.800237838,0.799987012738513,0.800237838,1.3862131927120938,0,0,0.00023783799999999022,0,782.0,6.663132695990803,0,,0,2,1,3,1,0.8660254037844386,0.5000000000000001,3.9318256327243257,8.804024902413179,3.3350575791576103,4.0163830207523885,26.19827592834018,26.761693025197548,15.791717711832998,1.9764957264957266,0,0,1,sweing_team2,16,0,22140,train,0.9792705109119583,0.7658026899196646,0.5541634366312982,1.071580054566176,0.876354507880272,0.8814720761787778,0.7985993098460968,1.0118902694622154,-0.6689714266998076,0.663747223037126,-0.22888618729874646,1.207642908060418,0.6664451087488514,-1.1680598507996036,-1.448191081975262,-1.4814165178856387,0
2015-01-04,1,finishing,Sunday,3,0.75,4.15,,1560,0,0.0,0,0,8.0,0.991388889,0.9909783719665831,0.991388889,4.6990679003408005,0,0,0.241388889,1,0.0,0.0,0,,0,2,1,3,1,0.8660254037844386,0.5000000000000001,0.0,7.353081920515432,1.423108334242607,2.0794415416798357,0.0,0.0,0.0,1.9277108433734937,0,1,0,finishing_team3,5,0,16560,train,-0.9856129740972022,-1.1731446939116332,-0.510681710642914,-1.0418939495153812,-1.329301807783477,-0.973454127137173,-1.168065122270806,-0.980051246628074,-0.7282568762586739,0.1762726874672926,-0.22888618729874646,1.207642908060418,0.6664451087488514,-1.1680598507996036,-1.448191081975262,-1.4814165178856387,0
2015-01-04,1,sweing,Sunday,3,0.75,19.87,734.0,6600,45,0.0,0,0,55.0,0.75024303,0.7500339714954052,0.75024303,1.0987934781844715,0,0,0.00024303000000003294,0,734.0,6.5998704992128365,0,,0,2,1,3,1,0.8660254037844386,0.5000000000000001,3.828641396489095,8.79497643168877,2.9892110565637253,4.007333185232471,25.268537404753417,26.447880069732395,15.342641722505542,2.7679919476597883,0,0,1,sweing_team3,17,0,23160,train,0.9277054058868384,0.7473936207123435,0.547522775860096,0.6892803482072475,0.8660491749180281,0.8156434562210889,0.7755378100646851,0.955244556605381,0.2928881964601851,0.1762726874672926,-0.22888618729874646,1.207642908060418,0.6664451087488514,-1.1680598507996036,-1.448191081975262,-1.4814165178856387,0
2015-01-04,1,finishing,Sunday,4,0.8,3.94,,6600,0,0.0,0,0,20.0,0.861679012,0.8613768574369255,0.861679012,1.8267730594609601,0,0,0.06167901199999992,1,0.0,0.0,0,,0,2,1,3,1,0.8660254037844386,0.5000000000000001,0.0,8.79497643168877,1.3711807233098425,2.995732273553991,0.0,0.0,0.0,5.0761421319796955,0,1,0,finishing_team4,6,0,36360,train,-0.9856129740972022,-1.1731446939116332,0.547522775860096,-1.0992948748235933,-0.28589266941854513,-0.973454127137173,-1.168065122270806,-0.980051246628074,3.0978497453876903,0.663747223037126,-0.22888618729874646,1.207642908060418,0.6664451087488514,-1.1680598507996036,-1.448191081975262,-1.4814165178856387,0
2015-01-04,1,sweing,Sunday,4,0.8,28.08,878.0,4260,50,0.0,0,0,55.5,0.800598058,0.8003469318028403,0.800598058,1.3884640971453621,0,0,0.0005980579999999014,0,878.0,6.778784897685177,0,,0,2,1,3,1,0.8660254037844386,0.5000000000000001,3.9318256327243257,8.357259153499912,3.3350575791576103,4.0163830207523885,26.653000219443125,27.22619656439546,15.791717711832998,1.9764957264957266,0,0,1,sweing_team4,18,0,40620,train,0.9792705109119583,0.7994570600396778,0.22628264073924567,1.071580054566176,0.876354507880272,0.9136680880521653,0.8327347656363127,1.0118902694622154,-0.6689714266998076,0.663747223037126,-0.22888618729874646,1.207642908060418,0.6664451087488514,-1.1680598507996036,-1.448191081975262,-1.4814165178856387,0
2015-01-04,1,sweing,Sunday,5,0.7,45.67,884.0,6960,26,0.0,0,0,58.0,0.603432184,0.6033457744895572,0.603432184,0.4194255233938726,1,1,-0.09656781599999997,0,884.0,6.785587645007929,0,,0,2,1,3,1,0.8660254037844386,0.5000000000000001,3.295836866004329,8.848078421168667,3.821441627196908,4.060443010546419,22.36418991792063,27.552491925622583,13.382557766468492,1.2699802934092401,0,0,1,sweing_team5,19,0,17700,train,0.6614426260793346,0.8014366347721835,0.5864942561413656,1.6092303317714733,0.9265270070534614,0.6100058687860639,0.8567135729817937,0.7080027632615777,-1.5275588084889944,-0.3112018481025408,-0.22888618729874646,1.207642908060418,0.6664451087488514,-1.1680598507996036,-1.448191081975262,-1.4814165178856387,0
2015-01-04,1,sweing,Sunday,6,0.8,11.61,539.0,6975,50,0.0,0,0,31.0,0.879714482,0.8793972602105263,0.879714482,1.9867347391964705,0,0,0.07971448199999998,0,539.0,6.29156913955832,0,,0,2,1,3,1,0.8660254037844386,0.5000000000000001,3.9318256327243257,8.850230965588816,2.4518667957098,3.4339872044851463,24.737352812972734,21.605167921376893,13.501838913042048,2.670111972437554,0,0,1,sweing_team6,20,0,15615,train,0.9792705109119583,0.657679046200952,0.5880740056619771,0.09529851025962122,0.21316203446539977,0.7780337974486271,0.4196563743055998,0.7230486925444117,0.17394031829633855,0.663747223037126,-0.22888618729874646,1.207642908060418,0.6664451087488514,-1.1680598507996036,-1.448191081975262,-1.4814165178856387,0
2015-01-04,1,finishing,Sunday,7,0.8,2.9,,960,0,0.0,0,0,8.0,0.667604167,0.6674641468103593,0.667604167,0.6967379927636308,1,1,-0.13239583300000002,1,0.0,0.0,0,,0,2,1,3,1,0.8660254037844386,0.5000000000000001,0.0,6.8679744089702925,1.0647107369924282,2.0794415416798357,0.0,0.0,0.0,2.7586206896551726,0,1,0,finishing_team7,9,0,16320,train,-0.9856129740972022,-1.1731446939116332,-0.8667014757335281,-1.4380676486489155,-1.329301807783477,-0.973454127137173,-1.168065122270806,-0.980051246628074,0.28149984809940837,0.663747223037126,-0.22888618729874646,1.207642908060418,0.6664451087488514,-1.1680598507996036,-1.448191081975262,-1.4814165178856387,0
2015-01-04,1,sweing,Sunday,7,0.8,25.9,1227.0,7020,60,0.0,0,0,56.5,0.850436438,0.8501436757293234,0.850436438,1.7357283685895204,0,0,0.05043643799999997,0,1227.0,7.113142108707088,0,,0,2,1,3,1,0.8660254037844386,0.5000000000000001,4.110873864173311,8.85666093701725,3.254242968705492,4.034240638152395,29.2412299868346,28.696126959899157,16.584254401166543,2.1814671814671818,0,0,1,sweing_team7,21,0,23340,train,1.0687477527474374,0.8967537925460175,0.5927929532416565,0.9822473597811097,0.8966895396954262,1.0969234758826027,0.9407570728873058,1.111859554838011,-0.4198814611817876,0.663747223037126,-0.22888618729874646,1.207642908060418,0.6664451087488514,-1.1680598507996036,-1.448191081975262,-1.4814165178856387,0
2015-01-04,1,finishing,Sunday,8,0.8,2.9,,960,0,0.0,0,0,8.0,0.682708333,0.682555694459482,0.682708333,0.7655417400081476,1,1,-0.11729166700000004,1,0.0,0.0,0,,0,2,1,3,1,0.8660254037844386,0.5000000000000001,0.0,6.8679744089702925,1.0647107369924282,2.0794415416798357,0.0,0.0,0.0,2.7586206896551726,0,1,0,finishing_team8,10,0,17040,train,-0.9856129740972022,-1.1731446939116332,-0.8667014757335281,-1.4380676486489155,-1.329301807783477,-0.973454127137173,-1.168065122270806,-0.980051246628074,0.28149984809940837,0.663747223037126,-0.22888618729874646,1.207642908060418,0.6664451087488514,-1.1680598507996036,-1.448191081975262,-1.4814165178856387,0
2015-01-04,1,sweing,Sunday,8,0.8,25.9,1039.0,6780,45,0.0,0,0,56.5,0.850345133,0.8500524470075188,0.850345133,1.7350124637038384,0,0,0.050345132999999986,0,1039.0,6.946975992135418,0,,0,2,1,3,1,0.8660254037844386,0.5000000000000001,3.828641396489095,8.821879862683842,3.254242968705492,4.034240638152395,26.597479863905566,28.02577285974176,15.445660710628845,2.1814671814671818,0,0,1,sweing_team8,22,0,23820,train,0.9277054058868384,0.8484000568922304,0.5672671685051183,0.9822473597811097,0.8966895396954262,0.909737059820165,0.8914940623422712,0.968239203744663,-0.4198814611817876,0.663747223037126,-0.22888618729874646,1.207642908060418,0.6664451087488514,-1.1680598507996036,-1.448191081975262,-1.4814165178856387,0
2015-01-04,1,finishing,Sunday,9,0.8,3.94,,960,0,0.0,0,0,8.0,0.931645833,0.9312852266232248,0.931645833,2.6066013782401813,0,0,0.131645833,1,0.0,0.0,0,,0,2,1,3,1,0.8660254037844386,0.5000000000000001,0.0,6.8679744089702925,1.3711807233098425,2.0794415416798357,0.0,0.0,0.0,2.030456852791878,0,1,0,finishing_team9,11,0,15720,train,-0.9856129740972022,-1.1731446939116332,-0.8667014757335281,-1.0992948748235933,-1.329301807783477,-0.973454127137173,-1.168065122270806,-0.980051246628074,-0.6033955879065779,0.663747223037126,-0.22888618729874646,1.207642908060418,0.6664451087488514,-1.1680598507996036,-1.448191081975262,-1.4814165178856387,0
2015-01-04,1,sweing,Sunday,9,0.8,26.16,1278.0,7080,60,0.0,0,0,59.0,0.850569492,0.8502766185730994,0.850569492,1.7367722623718702,0,0,0.05056949199999994,0,1278.0,7.153833801578843,0,,0,2,1,3,1,0.8660254037844386,0.5000000000000001,4.110873864173311,8.865170419651774,3.264231526588998,4.07753744390572,29.40850840355007,29.170025193416134,16.76224210834007,2.2553516819571864,0,0,1,sweing_team9,23,0,22800,train,1.0687477527474374,0.9085949271950138,0.5990380513621463,0.9932887393999459,0.9459929771454892,1.1087673513827867,0.9755829263721112,1.1343106339253106,-0.33009389694785873,0.663747223037126,-0.22888618729874646,1.207642908060418,0.6664451087488514,-1.1680598507996036,-1.448191081975262,-1.4814165178856387,0
2015-01-04,1,finishing,Sunday,10,0.7,3.94,,4320,0,0.0,0,0,18.0,0.759228395,0.759011829924812,0.759228395,1.1472695180119532,0,0,0.05922839499999999,1,0.0,0.0,0,,0,2,1,3,1,0.8660254037844386,0.5000000000000001,0.0,8.371242135931933,1.3711807233098425,2.8903717578961645,0.0,0.0,0.0,4.568527918781726,0,1,0,finishing_team10,1,0,19200,train,-0.9856129740972022,-1.1731446939116332,0.2365447331666702,-1.0992948748235933,-0.40587000961859426,-0.973454127137173,-1.168065122270806,-0.980051246628074,2.4809755231719786,-0.3112018481025408,-0.22888618729874646,1.207642908060418,0.6664451087488514,-1.1680598507996036,-1.448191081975262,-1.4814165178856387,0
2015-01-04,1,sweing,Sunday,10,0.7,28.08,1202.0,6900,40,0.0,0,0,57.5,0.699965217,0.699798161680869,0.699965217,0.8463369101807844,1,1,-3.478299999992718e-05,0,1202.0,7.0925737159746784,0,,0,2,1,3,1,0.8660254037844386,0.5000000000000001,3.713572066704308,8.839421607620602,3.3350575791576103,4.051784947803305,26.33878363268474,28.737583423571554,15.046595402455326,2.047720797720798,0,0,1,sweing_team10,13,0,26100,train,0.870200865542169,0.8907684650585256,0.5801410320570825,1.071580054566176,0.9166677981010531,0.8914204950468513,0.9438036272480139,0.9179017566418343,-0.5824157131837854,-0.3112018481025408,-0.22888618729874646,1.207642908060418,0.6664451087488514,-1.1680598507996036,-1.448191081975262,-1.4814165178856387,0
2015-01-04,1,finishing,Sunday,11,0.75,4.15,,960,0,0.0,0,0,8.0,0.345833333,0.34596212720802005,0.345833333,-0.63683594911807,1,1,-0.404166667,1,0.0,0.0,0,,0,2,1,3,1,0.8660254037844386,0.5000000000000001,0.0,6.8679744089702925,1.423108334242607,2.0794415416798357,0.0,0.0,0.0,1.9277108433734937,0,1,0,finishing_team11,2,0,18780,train,-0.9856129740972022,-1.1731446939116332,-0.8667014757335281,-1.0418939495153812,-1.329301807783477,-0.973454127137173,-1.168065122270806,-0.980051246628074,-0.7282568762586739,0.1762726874672926,-0.22888618729874646,1.207642908060418,0.6664451087488514,-1.1680598507996036,-1.448191081975262,-1.4814165178856387,0
2015-01-04,1,sweing,Sunday,11,0.75,19.31,513.0,6480,45,0.0,0,0,54.0,0.750348457,0.7501393104193818,0.750348457,1.0993554156394447,0,0,0.0003484569999999687,0,513.0,6.2422232654551655,0,,0,2,1,3,1,0.8660254037844386,0.5000000000000001,3.828641396489095,8.776630098427717,2.960623096440423,3.9889840465642745,23.899234400248982,24.900129020993006,15.272389450610566,2.7964785085447956,0,0,1,sweing_team11,14,0,25260,train,0.9277054058868384,0.6433195762848342,0.5340584259944958,0.6576791377091074,0.8451544323417699,0.7186921900277697,0.661796615347991,0.9463830496090644,0.3275062678865777,0.1762726874672926,-0.22888618729874646,1.207642908060418,0.6664451087488514,-1.1680598507996036,-1.448191081975262,-1.4814165178856387,0
2015-01-04,1,sweing,Sunday,12,0.8,11.61,1216.0,6975,50,0.0,0,0,31.0,0.800030199,0.7997795472046784,0.800030199,1.3849171002207392,0,0,3.0199000000008525e-05,0,1216.0,7.104144092987527,0,,0,2,1,3,1,0.8660254037844386,0.5000000000000001,3.9318256327243257,8.850230965588816,2.4518667957098,3.4339872044851463,27.932255843375465,24.395539914137903,13.501838913042048,2.670111972437554,0,0,1,sweing_team12,15,0,17715,train,0.9792705109119583,0.8941354026932065,0.5880740056619771,0.09529851025962122,0.21316203446539977,1.0042436963121142,0.6247153496615783,0.7230486925444117,0.17394031829633855,0.663747223037126,-0.22888618729874646,1.207642908060418,0.6664451087488514,-1.1680598507996036,-1.448191081975262,-1.4814165178856387,0
2015-01-05,1,finishing,Monday,1,0.8,3.94,,1920,0,0.0,0,0,8.0,0.961059028,0.9606738491963241,0.961059028,3.1957452520363274,0,0,0.16105902799999994,1,0.0,0.0,0,,0,3,1,4,2,0.8660254037844387,-0.4999999999999998,0.0,7.560601162768557,1.3711807233098425,2.0794415416798357,0.0,0.0,0.0,2.030456852791878,0,1,0,finishing_team1,0,0,25080,train,-0.9856129740972022,-1.1731446939116332,-0.358383611519654,-1.0992948748235933,-1.329301807783477,-0.973454127137173,-1.168065122270806,-0.980051246628074,-0.6033955879065779,0.663747223037126,-0.22888618729874646,1.207642908060418,-0.7363280996918251,-1.1680598507996036,-1.448191081975262,-1.3965490673621888,0
2015-01-05,1,sweing,Monday,1,0.8,26.16,1138.0,7080,63,0.0,0,0,59.0,0.800318644,0.8000677512314118,0.800318644,1.3867178601211287,0,0,0.00031864399999992354,0,1138.0,7.037905963447182,0,,0,3,1,4,2,0.8660254037844387,-0.4999999999999998,4.1588830833596715,8.865170419651774,3.264231526588998,4.07753744390572,29.269828053656635,28.697325092643243,16.958001497225133,2.2553516819571864,0,0,1,sweing_team1,12,0,32160,train,1.0927397937785401,0.8748603478741109,0.5990380513621463,0.9932887393999459,0.9459929771454892,1.0989483153666006,0.9408451213172213,1.1590034039583281,-0.33009389694785873,0.663747223037126,-0.22888618729874646,1.207642908060418,-0.7363280996918251,-1.1680598507996036,-1.448191081975262,-1.3965490673621888,0
2015-01-05,1,finishing,Monday,2,0.8,3.94,,960,0,0.0,0,0,8.0,0.804416667,0.8041623506533,0.804416667,1.412515181142839,0,0,0.004416666999999985,1,0.0,0.0,0,,0,3,1,4,2,0.8660254037844387,-0.4999999999999998,0.0,6.8679744089702925,1.3711807233098425,2.0794415416798357,0.0,0.0,0.0,2.030456852791878,0,1,0,finishing_team2,4,0,23100,train,-0.9856129740972022,-1.1731446939116332,-0.8667014757335281,-1.0992948748235933,-1.329301807783477,-0.973454127137173,-1.168065122270806,-0.980051246628074,-0.6033955879065779,0.663747223037126,-0.22888618729874646,1.207642908060418,-0.7363280996918251,-1.1680598507996036,-1.448191081975262,-1.3965490673621888,0
2015-01-05,1,sweing,Monday,2,0.8,28.08,757.0,6900,50,0.0,0,0,57.5,0.800076522,0.7998258315054303,0.800076522,1.3852061632897437,0,0,7.652199999996778e-05,0,757.0,6.630683385642372,0,,0,3,1,4,2,0.8660254037844387,-0.4999999999999998,3.9318256327243257,8.839421607620602,3.3350575791576103,4.051784947803305,26.070690898147994,26.866103135595218,15.930911916059628,2.047720797720798,0,0,1,sweing_team2,16,0,30000,train,0.9792705109119583,0.7563600586112594,0.5801410320570825,1.071580054566176,0.9166677981010531,0.8724386261799427,0.8062722044674931,1.0294479993594776,-0.5824157131837854,0.663747223037126,-0.22888618729874646,1.207642908060418,-0.7363280996918251,-1.1680598507996036,-1.448191081975262,-1.3965490673621888,0
2015-01-05,1,finishing,Monday,3,0.75,4.15,,1920,0,0.0,0,0,8.0,0.875390625,0.8750770154553048,0.875390625,1.9466144763697995,0,0,0.12539062499999998,1,0.0,0.0,0,,0,3,1,4,2,0.8660254037844387,-0.4999999999999998,0.0,7.560601162768557,1.423108334242607,2.0794415416798357,0.0,0.0,0.0,1.9277108433734937,0,1,0,finishing_team3,5,0,25080,train,-0.9856129740972022,-1.1731446939116332,-0.358383611519654,-1.0418939495153812,-1.329301807783477,-0.973454127137173,-1.168065122270806,-0.980051246628074,-0.7282568762586739,0.1762726874672926,-0.22888618729874646,1.207642908060418,-0.7363280996918251,-1.1680598507996036,-1.448191081975262,-1.3965490673621888,0
2015-01-05,1,sweing,Monday,3,0.75,19.87,944.0,6600,45,0.0,0,0,55.0,0.75024303,0.7500339714954052,0.75024303,1.0987934781844715,0,0,0.00024303000000003294,0,944.0,6.851184927493743,0,,0,3,1,4,2,0.8660254037844387,-0.4999999999999998,3.828641396489095,8.79497643168877,2.9892110565637253,4.007333185232471,26.230730228404685,27.4549807181102,15.342641722505542,2.7679919476597883,0,0,1,sweing_team3,17,0,31680,train,0.9277054058868384,0.820525205428872,0.547522775860096,0.6892803482072475,0.8660491749180281,0.8837699499688162,0.8495476652282442,0.955244556605381,0.2928881964601851,0.1762726874672926,-0.22888618729874646,1.207642908060418,-0.7363280996918251,-1.1680598507996036,-1.448191081975262,-1.3965490673621888,0
2015-01-05,1,finishing,Monday,4,0.8,3.94,,3840,0,0.0,0,0,16.0,0.893663194,0.8933343191512114,0.893663194,2.1252614233233116,0,0,0.093663194,1,0.0,0.0,0,,0,3,1,4,2,0.8660254037844387,-0.4999999999999998,0.0,8.253488028345904,1.3711807233098425,2.772588722239781,0.0,0.0,0.0,4.060913705583756,0,1,0,finishing_team4,6,0,44460,train,-0.9856129740972022,-1.1731446939116332,0.15012514838699428,-1.0992948748235933,-0.5399932649055545,-0.973454127137173,-1.168065122270806,-0.980051246628074,1.8641013009562672,0.663747223037126,-0.22888618729874646,1.207642908060418,-0.7363280996918251,-1.1680598507996036,-1.448191081975262,-1.3965490673621888,0
2015-01-05,1,sweing,Monday,4,0.8,28.08,759.0,6900,50,0.0,0,0,57.5,0.800076522,0.7998258315054303,0.800076522,1.3852061632897437,0,0,7.652199999996778e-05,0,759.0,6.633318433280377,0,,0,3,1,4,2,0.8660254037844387,-0.4999999999999998,3.9318256327243257,8.839421607620602,3.3350575791576103,4.051784947803305,26.08105144599455,26.876779781951633,15.930911916059628,2.047720797720798,0,0,1,sweing_team4,18,0,51360,train,0.9792705109119583,0.7571268478914813,0.5801410320570825,1.071580054566176,0.9166677981010531,0.8731721878743783,0.807056810307777,1.0294479993594776,-0.5824157131837854,0.663747223037126,-0.22888618729874646,1.207642908060418,-0.7363280996918251,-1.1680598507996036,-1.448191081975262,-1.3965490673621888,0
2015-01-05,1,finishing,Monday,5,0.6,2.9,,960,0,0.0,0,0,8.0,0.759270833,0.7590542324711779,0.759270833,1.1475013502075733,0,0,0.159270833,1,0.0,0.0,0,,0,3,1,4,2,0.8660254037844387,-0.4999999999999998,0.0,6.8679744089702925,1.0647107369924282,2.0794415416798357,0.0,0.0,0.0,2.7586206896551726,0,1,0,finishing_team5,7,0,18660,train,-0.9856129740972022,-1.1731446939116332,-0.8667014757335281,-1.4380676486489155,-1.329301807783477,-0.973454127137173,-1.168065122270806,-0.980051246628074,0.28149984809940837,-1.2861509192422065,-0.22888618729874646,1.207642908060418,-0.7363280996918251,-1.1680598507996036,-1.448191081975262,-1.3965490673621888,0
2015-01-05,1,sweing,Monday,5,0.6,21.98,666.0,6960,23,0.0,0,0,58.0,0.600028736,0.5999451698045112,0.600028736,0.4052366541785397,0,1,2.873599999997367e-05,0,666.0,6.502790045915623,0,,0,3,1,4,2,0.8660254037844387,-0.4999999999999998,3.1780538303479458,8.848078421168667,3.090132948975475,4.060443010546419,20.666216813370642,26.40420839098892,12.904306462576592,2.6387625113739763,0,0,1,sweing_team5,19,0,25620,train,0.6025819432328481,0.7191435618391279,0.5864942561413656,0.8008396883007296,0.9265270070534614,0.4897836521497246,0.7723284638848765,0.647676923810132,0.1358431297077005,-1.2861509192422065,-0.22888618729874646,1.207642908060418,-0.7363280996918251,-1.1680598507996036,-1.448191081975262,-1.3965490673621888,0
2015-01-05,1,sweing,Monday,6,0.8,11.61,712.0,7200,50,0.0,0,0,32.0,0.800246011,0.7999951789106099,0.800246011,1.3862642295835754,0,0,0.00024601099999999043,0,712.0,6.569481420414296,0,,0,3,1,4,2,0.8660254037844387,-0.4999999999999998,3.9318256327243257,8.881975184248867,2.4518667957098,3.4657359027997265,25.83005544249114,22.76808762150557,13.626669258880947,2.756244616709733,0,0,1,sweing_team6,20,0,22815,train,0.9792705109119583,0.7385505092928565,0.6113710460115266,0.09529851025962122,0.2493152779723679,0.8554008251671701,0.5051170665531987,0.7387945887719063,0.2786123439436213,0.663747223037126,-0.22888618729874646,1.207642908060418,-0.7363280996918251,-1.1680598507996036,-1.448191081975262,-1.3965490673621888,0
2015-01-05,1,finishing,Monday,7,0.8,3.94,,960,0,0.0,0,0,8.0,0.676666667,0.6765190757994987,0.676666667,0.737820499715635,1,1,-0.12333333300000004,1,0.0,0.0,0,,0,3,1,4,2,0.8660254037844387,-0.4999999999999998,0.0,6.8679744089702925,1.3711807233098425,2.0794415416798357,0.0,0.0,0.0,2.030456852791878,0,1,0,finishing_team7,9,0,24300,train,-0.9856129740972022,-1.1731446939116332,-0.8667014757335281,-1.0992948748235933,-1.329301807783477,-0.973454127137173,-1.168065122270806,-0.980051246628074,-0.6033955879065779,0.663747223037126,-0.22888618729874646,1.207642908060418,-0.7363280996918251,-1.1680598507996036,-1.448191081975262,-1.3965490673621888,0
2015-01-05,1,sweing,Monday,7,0.8,25.9,1255.0,6780,50,0.0,0,0,56.5,0.800684366,0.8004331676992482,0.800684366,1.3890038615240754,0,0,0.0006843659999999918,0,1255.0,7.135687347028144,0,,0,3,1,4,2,0.8660254037844387,-0.4999999999999998,3.9318256327243257,8.821879862683842,3.254242968705492,4.034240638152395,28.056278418151898,28.787079876530793,15.86193074966573,2.1814671814671818,0,0,1,sweing_team7,21,0,31080,train,0.9792705109119583,0.9033143749109414,0.5672671685051183,0.9822473597811097,0.8966895396954262,1.0130249124648403,0.947441024682445,1.020746827537911,-0.4198814611817876,0.663747223037126,-0.22888618729874646,1.207642908060418,-0.7363280996918251,-1.1680598507996036,-1.448191081975262,-1.3965490673621888,0
2015-01-05,1,finishing,Monday,8,0.8,2.9,,960,0,0.0,0,0,8.0,0.664583333,0.664445836481203,0.664583333,0.6831699800746885,1,1,-0.135416667,1,0.0,0.0,0,,0,3,1,4,2,0.8660254037844387,-0.4999999999999998,0.0,6.8679744089702925,1.0647107369924282,2.0794415416798357,0.0,0.0,0.0,2.7586206896551726,0,1,0,finishing_team8,10,0,24780,train,-0.9856129740972022,-1.1731446939116332,-0.8667014757335281,-1.4380676486489155,-1.329301807783477,-0.973454127137173,-1.168065122270806,-0.980051246628074,0.28149984809940837,0.663747223037126,-0.22888618729874646,1.207642908060418,-0.7363280996918251,-1.1680598507996036,-1.448191081975262,-1.3965490673621888,0
2015-01-05,1,sweing,Monday,8,0.8,25.9,1047.0,6780,38,0.0,0,0,56.5,0.800684366,0.8004331676992482,0.800684366,1.3890038615240754,0,0,0.0006843659999999918,0,1047.0,6.954638864880987,0,,0,3,1,4,2,0.8660254037844387,-0.4999999999999998,3.6635616461296463,8.821879862683842,3.254242968705492,4.034240638152395,25.478748208060605,28.056686732376924,14.779689273192705,2.1814671814671818,0,0,1,sweing_team8,22,0,31560,train,0.8452087477209552,0.8506299249949013,0.5672671685051183,0.9822473597811097,0.8966895396954262,0.8305270893403505,0.8937658623256776,0.8842346528169733,-0.4198814611817876,0.663747223037126,-0.22888618729874646,1.207642908060418,-0.7363280996918251,-1.1680598507996036,-1.448191081975262,-1.3965490673621888,0
2015-01-05,1,finishing,Monday,9,0.8,2.9,,1920,0,0.0,0,0,8.0,0.820833333,0.8205653018111947,0.820833333,1.5201821518425678,0,0,0.02083333300000001,1,0.0,0.0,0,,0,3,1,4,2,0.8660254037844387,-0.4999999999999998,0.0,7.560601162768557,1.0647107369924282,2.0794415416798357,0.0,0.0,0.0,2.7586206896551726,0,1,0,finishing_team9,11,0,24720,train,-0.9856129740972022,-1.1731446939116332,-0.358383611519654,-1.4380676486489155,-1.329301807783477,-0.973454127137173,-1.168065122270806,-0.980051246628074,0.28149984809940837,0.663747223037126,-0.22888618729874646,1.207642908060418,-0.7363280996918251,-1.1680598507996036,-1.448191081975262,-1.3965490673621888,0
2015-01-05,1,sweing,Monday,9,0.8,26.16,1227.0,7080,75,0.0,0,0,59.0,0.850569492,0.8502766185730994,0.850569492,1.7367722623718702,0,0,0.05056949199999994,0,1227.0,7.113142108707088,0,,0,3,1,4,2,0.8660254037844387,-0.4999999999999998,4.330733340286331,8.865170419651774,3.264231526588998,4.07753744390572,30.805121684372402,29.00410329207564,17.658727354588407,2.2553516819571864,1,0,1,sweing_team9,23,0,31800,train,1.178619932744878,0.8967537925460175,0.5990380513621463,0.9932887393999459,0.9459929771454892,1.2076522771535696,0.9633896506489229,1.2473918207316324,-0.33009389694785873,0.663747223037126,-0.22888618729874646,1.207642908060418,-0.7363280996918251,-1.1680598507996036,-1.448191081975262,-1.3965490673621888,0
2015-01-05,1,finishing,Monday,10,0.75,2.9,,960,0,0.0,0,0,8.0,0.763375,0.763154970760234,0.763375,1.1700550756224855,0,0,0.013375000000000026,1,0.0,0.0,0,,0,3,1,4,2,0.8660254037844387,-0.4999999999999998,0.0,6.8679744089702925,1.0647107369924282,2.0794415416798357,0.0,0.0,0.0,2.7586206896551726,0,1,0,finishing_team10,1,0,27060,train,-0.9856129740972022,-1.1731446939116332,-0.8667014757335281,-1.4380676486489155,-1.329301807783477,-0.973454127137173,-1.168065122270806,-0.980051246628074,0.28149984809940837,0.1762726874672926,-0.22888618729874646,1.207642908060418,-0.7363280996918251,-1.1680598507996036,-1.448191081975262,-1.3965490673621888,0
2015-01-05,1,sweing,Monday,10,0.75,28.08,1083.0,7020,45,0.0,0,0,58.5,0.7504,0.7501908103592314,0.7504,1.099630202976674,0,0,0.00039999999999995595,0,1083.0,6.988413181999592,0,,0,3,1,4,2,0.8660254037844387,-0.4999999999999998,3.828641396489095,8.85666093701725,3.3350575791576103,4.069026754237811,26.756128004373718,28.436040207224533,15.578844274696543,2.0833333333333335,0,0,1,sweing_team10,13,0,34080,train,0.9277054058868384,0.8604581284549959,0.5927929532416565,1.071580054566176,0.9363015865590966,0.9209698826847942,0.9216438065753291,0.9850387612955512,-0.5391378564257743,0.1762726874672926,-0.22888618729874646,1.207642908060418,-0.7363280996918251,-1.1680598507996036,-1.448191081975262,-1.3965490673621888,0
2015-01-05,1,finishing,Monday,11,0.8,3.94,,2400,0,0.0,0,0,10.0,0.939513889,0.9391467094770258,0.939513889,2.7365058131839093,0,0,0.13951388899999995,1,0.0,0.0,0,,0,3,1,4,2,0.8660254037844387,-0.4999999999999998,0.0,7.783640596221253,1.3711807233098425,2.302585092994046,0.0,0.0,0.0,2.5380710659898478,0,1,0,finishing_team11,2,0,27660,train,-0.9856129740972022,-1.1731446939116332,-0.19469526447499352,-1.0992948748235933,-1.0752012122964671,-0.973454127137173,-1.168065122270806,-0.980051246628074,0.013478634309133644,0.663747223037126,-0.22888618729874646,1.207642908060418,-0.7363280996918251,-1.1680598507996036,-1.448191081975262,-1.3965490673621888,0
2015-01-05,1,sweing,Monday,11,0.8,19.31,678.0,4800,50,0.0,0,0,55.0,0.800250962,0.8000001257744361,0.800250962,1.3862951472103018,0,0,0.0002509619999999657,0,678.0,6.520621127558696,0,,0,3,1,4,2,0.8660254037844387,-0.4999999999999998,3.9318256327243257,8.476579508530941,2.960623096440423,4.007333185232471,25.637945290619076,26.13030143279394,15.75613533656385,2.8482651475919214,0,0,1,sweing_team11,14,0,32460,train,0.9792705109119583,0.724332341753945,0.3138516924601087,0.6576791377091074,0.8660491749180281,0.8417987791544775,0.752199577723444,1.007401966680143,0.3904395779727999,0.663747223037126,-0.22888618729874646,1.207642908060418,-0.7363280996918251,-1.1680598507996036,-1.448191081975262,-1.3965490673621888,0
2015-01-05,1,sweing,Monday,12,0.8,11.61,1037.0,7200,50,0.0,0,0,32.0,0.800246011,0.7999951789106099,0.800246011,1.3862642295835754,0,0,0.00024601099999999043,0,1037.0,6.945051063725834,0,,0,3,1,4,2,0.8660254037844387,-0.4999999999999998,3.9318256327243257,8.881975184248867,2.4518667957098,3.4657359027997265,27.30672979293658,24.069712818332054,13.626669258880947,2.756244616709733,0,0,1,sweing_team12,15,0,24915,train,0.9792705109119583,0.847839909725107,0.6113710460115266,0.09529851025962122,0.2493152779723679,0.9599543444101192,0.6007709542252369,0.7387945887719063,0.2786123439436213,0.663747223037126,-0.22888618729874646,1.207642908060418,-0.7363280996918251,-1.1680598507996036,-1.448191081975262,-1.3965490673621888,0
2015-01-06,1,finishing,Tuesday,1,0.8,3.94,,1440,0,0.0,0,0,8.0,0.936496212,0.9361315535104426,0.936496212,2.6849305709529125,0,0,0.13649621199999995,1,0.0,0.0,0,,0,4,1,5,3,1.2246467991473532e-16,-1.0,0.0,7.273092595999522,1.3711807233098425,2.0794415416798357,0.0,0.0,0.0,2.030456852791878,0,1,0,finishing_team1,0,0,33600,train,-0.9856129740972022,-1.1731446939116332,-0.5693857707660099,-1.0992948748235933,-1.329301807783477,-0.973454127137173,-1.168065122270806,-0.980051246628074,-0.6033955879065779,0.663747223037126,-0.22888618729874646,-0.028538824941726233,-1.4377147039121636,-1.1680598507996036,-1.448191081975262,-1.3116816168387389,0
2015-01-06,1,sweing,Tuesday,1,0.8,26.16,1187.0,10620,75,0.0,0,0,59.0,0.850502311,0.8502094936975773,0.850502311,1.7362450890344094,0,0,0.05050231099999991,0,1187.0,7.080026499922591,0,,0,4,1,5,3,1.2246467991473532e-16,-1.0,4.330733340286331,9.27058845232154,3.264231526588998,4.07753744390572,30.6617068133255,28.869073157279118,17.658727354588407,2.2553516819571864,1,0,1,sweing_team1,12,0,44220,train,1.178619932744878,0.8871172708157334,0.8965738126511332,0.9932887393999459,0.9459929771454892,1.1974980210881045,0.9534665503757738,1.2473918207316324,-0.33009389694785873,0.663747223037126,-0.22888618729874646,-0.028538824941726233,-1.4377147039121636,-1.1680598507996036,-1.448191081975262,-1.3116816168387389,0
2015-01-06,1,finishing,Tuesday,2,0.8,3.94,,1440,0,0.0,0,0,8.0,0.805909091,0.8056535278496241,0.805909091,1.4220112788060004,0,0,0.005909090999999922,1,0.0,0.0,0,,0,4,1,5,3,1.2246467991473532e-16,-1.0,0.0,7.273092595999522,1.3711807233098425,2.0794415416798357,0.0,0.0,0.0,2.030456852791878,0,1,0,finishing_team2,4,0,31440,train,-0.9856129740972022,-1.1731446939116332,-0.5693857707660099,-1.0992948748235933,-1.329301807783477,-0.973454127137173,-1.168065122270806,-0.980051246628074,-0.6033955879065779,0.663747223037126,-0.22888618729874646,-0.028538824941726233,-1.4377147039121636,-1.1680598507996036,-1.448191081975262,-1.3116816168387389,0
2015-01-06,1,sweing,Tuesday,2,0.8,28.08,716.0,10350,50,0.0,0,0,57.5,0.800594466,0.8003433428036758,0.800594466,1.3884416368142438,0,0,0.0005944659999999047,0,716.0,6.57507584059962,0,,0,4,1,5,3,1.2246467991473532e-16,-1.0,3.9318256327243257,9.24483841238375,3.3350575791576103,4.051784947803305,25.85205172717603,26.6407933216067,15.930911916059628,2.047720797720798,0,0,1,sweing_team2,16,0,41790,train,0.9792705109119583,0.7401784652224922,0.8776758921870157,1.071580054566176,0.9166677981010531,0.8569582362330433,0.7897146273007242,1.0294479993594776,-0.5824157131837854,0.663747223037126,-0.22888618729874646,-0.028538824941726233,-1.4377147039121636,-1.1680598507996036,-1.448191081975262,-1.3116816168387389,0
2015-01-06,1,finishing,Tuesday,3,0.75,4.15,,1800,0,0.0,0,0,10.0,0.899166667,0.8988331944294068,0.899166667,2.1843267767199452,0,0,0.14916666700000003,1,0.0,0.0,0,,0,4,1,5,3,1.2246467991473532e-16,-1.0,0.0,7.496097345175956,1.423108334242607,2.302585092994046,0.0,0.0,0.0,2.4096385542168672,0,1,0,finishing_team3,5,0,33480,train,-0.9856129740972022,-1.1731446939116332,-0.40572287846610844,-1.0418939495153812,-1.0752012122964671,-0.973454127137173,-1.168065122270806,-0.980051246628074,-0.14259797613098643,0.1762726874672926,-0.22888618729874646,-0.028538824941726233,-1.4377147039121636,-1.1680598507996036,-1.448191081975262,-1.3116816168387389,0
2015-01-06,1,sweing,Tuesday,3,0.8,19.87,963.0,9900,50,0.0,0,0,55.0,0.800273829,0.8000229736708437,0.800273829,1.386437952748211,0,0,0.0002738289999999477,0,963.0,6.871091294610546,0,,0,4,1,5,3,1.2246467991473532e-16,-1.0,3.9318256327243257,9.200391041122515,2.9892110565637253,4.007333185232471,27.015932876938713,27.534752163654783,15.75613533656385,2.7679919476597883,0,0,1,sweing_team3,17,0,43380,train,0.9792705109119583,0.8263178858697002,0.8450560248406661,0.6892803482072475,0.8660491749180281,0.9393649430005249,0.8554099126018826,1.007401966680143,0.2928881964601851,0.663747223037126,-0.22888618729874646,-0.028538824941726233,-1.4377147039121636,-1.1680598507996036,-1.448191081975262,-1.3116816168387389,0
2015-01-06,1,finishing,Tuesday,4,0.8,3.94,,4440,0,0.0,0,0,18.0,0.966781346,0.9663913866466165,0.966781346,3.3587865303963094,0,0,0.16678134599999994,1,0.0,0.0,0,,0,4,1,5,3,1.2246467991473532e-16,-1.0,0.0,8.398634855292102,1.3711807233098425,2.8903717578961645,0.0,0.0,0.0,4.568527918781726,0,1,0,finishing_team4,6,0,55800,train,-0.9856129740972022,-1.1731446939116332,0.2566482138997095,-1.0992948748235933,-0.40587000961859426,-0.973454127137173,-1.168065122270806,-0.980051246628074,2.4809755231719786,0.663747223037126,-0.22888618729874646,-0.028538824941726233,-1.4377147039121636,-1.1680598507996036,-1.448191081975262,-1.3116816168387389,0
2015-01-06,1,sweing,Tuesday,4,0.8,28.08,925.0,10350,50,0.0,0,0,57.5,0.800594466,0.8003433428036758,0.800594466,1.3884416368142438,0,0,0.0005944659999999047,0,925.0,6.8308742346461795,0,,0,4,1,5,3,1.2246467991473532e-16,-1.0,3.9318256327243257,9.24483841238375,3.3350575791576103,4.051784947803305,26.857806409698007,27.67723340427681,15.930911916059628,2.047720797720798,0,0,1,sweing_team4,18,0,66150,train,0.9792705109119583,0.814614867670736,0.8776758921870157,1.071580054566176,0.9166677981010531,0.9281690563580274,0.8658805800559706,1.0294479993594776,-0.5824157131837854,0.663747223037126,-0.22888618729874646,-0.028538824941726233,-1.4377147039121636,-1.1680598507996036,-1.448191081975262,-1.3116816168387389,0
2015-01-06,1,sweing,Tuesday,5,0.65,21.98,808.0,10440,35,0.0,0,0,58.0,0.649983281,0.6498579816842105,0.649983281,0.6184150105017383,1,1,-1.6718999999998374e-05,0,808.0,6.695798917058491,0,,0,4,1,5,3,1.2246467991473532e-16,-1.0,3.58351893845611,9.25349564229011,3.090132948975475,4.060443010546419,23.994522227373015,27.18790991279443,14.550674426814835,2.6387625113739763,0,0,1,sweing_team5,19,0,36060,train,0.8052083486457364,0.7753084414585706,0.8840294218361046,0.8008396883007296,0.9265270070534614,0.7254388892332012,0.8299211545595507,0.8553470936150195,0.1358431297077005,-0.7986763836723731,-0.22888618729874646,-0.028538824941726233,-1.4377147039121636,-1.1680598507996036,-1.448191081975262,-1.3116816168387389,0
2015-01-06,1,sweing,Tuesday,6,0.8,11.61,910.0,4470,38,0.0,0,0,31.5,0.80007657,0.79982587946533,0.80007657,1.3852064628435525,0,0,7.656999999994252e-05,0,910.0,6.814542897259958,0,,0,4,1,5,3,1.2246467991473532e-16,-1.0,3.6635616461296463,8.405367376233981,2.4518667957098,3.449987545831587,24.96549799430678,23.510088126081957,12.639242052533548,2.7131782945736433,0,0,1,sweing_team6,20,0,27285,train,0.8452087477209552,0.8098625078807932,0.2615892021696314,0.09529851025962122,0.2313821274960118,0.7941872449569419,0.5596452311050155,0.6142421314438091,0.22627633111997963,0.663747223037126,-0.22888618729874646,-0.028538824941726233,-1.4377147039121636,-1.1680598507996036,-1.448191081975262,-1.3116816168387389,0
2015-01-06,1,finishing,Tuesday,7,0.8,2.9,,1440,0,0.0,0,0,8.0,0.61625,0.6161528822055138,0.61625,0.4732507755700649,1,1,-0.18375000000000008,1,0.0,0.0,0,,0,4,1,5,3,1.2246467991473532e-16,-1.0,0.0,7.273092595999522,1.0647107369924282,2.0794415416798357,0.0,0.0,0.0,2.7586206896551726,0,1,0,finishing_team7,9,0,32520,train,-0.9856129740972022,-1.1731446939116332,-0.5693857707660099,-1.4380676486489155,-1.329301807783477,-0.973454127137173,-1.168065122270806,-0.980051246628074,0.28149984809940837,0.663747223037126,-0.22888618729874646,-0.028538824941726233,-1.4377147039121636,-1.1680598507996036,-1.448191081975262,-1.3116816168387389,0
2015-01-06,1,sweing,Tuesday,7,0.8,25.9,1035.0,10170,38,0.0,0,0,56.5,0.800128721,0.7998779868972431,0.800128721,1.3855319536101698,0,0,0.0001287209999999428,0,1035.0,6.943122422819428,0,,0,4,1,5,3,1.2246467991473532e-16,-1.0,3.6635616461296463,9.227295812625597,3.254242968705492,4.034240638152395,25.436557012624004,28.010226633805257,14.779689273192705,2.1814671814671818,0,0,1,sweing_team7,21,0,42690,train,0.8452087477209552,0.8472786822349093,0.8648014012827553,0.9822473597811097,0.8966895396954262,0.8275398105522866,0.8903516006312656,0.8842346528169733,-0.4198814611817876,0.663747223037126,-0.22888618729874646,-0.028538824941726233,-1.4377147039121636,-1.1680598507996036,-1.448191081975262,-1.3116816168387389,0
2015-01-06,1,finishing,Tuesday,8,0.8,2.9,,1440,0,0.0,0,0,8.0,0.681060606,0.6809093440066832,0.681060606,0.7579539249403462,1,1,-0.11893939400000009,1,0.0,0.0,0,,0,4,1,5,3,1.2246467991473532e-16,-1.0,0.0,7.273092595999522,1.0647107369924282,2.0794415416798357,0.0,0.0,0.0,2.7586206896551726,0,1,0,finishing_team8,10,0,33000,train,-0.9856129740972022,-1.1731446939116332,-0.5693857707660099,-1.4380676486489155,-1.329301807783477,-0.973454127137173,-1.168065122270806,-0.980051246628074,0.28149984809940837,0.663747223037126,-0.22888618729874646,-0.028538824941726233,-1.4377147039121636,-1.1680598507996036,-1.448191081975262,-1.3116816168387389,0
2015-01-06,1,sweing,Tuesday,8,0.8,25.9,1083.0,10170,38,0.0,0,0,56.5,0.800128721,0.7998779868972431,0.800128721,1.3855319536101698,0,0,0.0001287209999999428,0,1083.0,6.988413181999592,0,,0,4,1,5,3,1.2246467991473532e-16,-1.0,3.6635616461296463,9.227295812625597,3.254242968705492,4.034240638152395,25.602482500880544,28.192940455022647,14.779689273192705,2.1814671814671818,0,0,1,sweing_team8,22,0,43170,train,0.8452087477209552,0.8604581284549959,0.8648014012827553,0.9822473597811097,0.8966895396954262,0.8392878941592734,0.9037788816745865,0.8842346528169733,-0.4198814611817876,0.663747223037126,-0.22888618729874646,-0.028538824941726233,-1.4377147039121636,-1.1680598507996036,-1.448191081975262,-1.3116816168387389,0
2015-01-06,1,finishing,Tuesday,9,0.8,3.94,,1440,0,0.0,0,0,8.0,0.858143939,0.8578447377142856,0.858143939,1.7975032680809833,0,0,0.05814393899999992,1,0.0,0.0,0,,0,4,1,5,3,1.2246467991473532e-16,-1.0,0.0,7.273092595999522,1.3711807233098425,2.0794415416798357,0.0,0.0,0.0,2.030456852791878,0,1,0,finishing_team9,11,0,33240,train,-0.9856129740972022,-1.1731446939116332,-0.5693857707660099,-1.0992948748235933,-1.329301807783477,-0.973454127137173,-1.168065122270806,-0.980051246628074,-0.6033955879065779,0.663747223037126,-0.22888618729874646,-0.028538824941726233,-1.4377147039121636,-1.1680598507996036,-1.448191081975262,-1.3116816168387389,0
2015-01-06,1,sweing,Tuesday,9,0.8,26.16,1305.0,10620,75,0.0,0,0,59.0,0.850502311,0.8502094936975773,0.850502311,1.7362450890344094,0,0,0.05050231099999991,0,1305.0,7.174724309836376,0,,0,4,1,5,3,1.2246467991473532e-16,-1.0,4.330733340286331,9.27058845232154,3.264231526588998,4.07753744390572,31.071817775971233,29.255207023058446,17.658727354588407,2.2553516819571864,1,0,1,sweing_team9,23,0,43860,train,1.178619932744878,0.914673989128933,0.8965738126511332,0.9932887393999459,0.9459929771454892,1.2265352589948852,0.9818427722818017,1.2473918207316324,-0.33009389694785873,0.663747223037126,-0.22888618729874646,-0.028538824941726233,-1.4377147039121636,-1.1680598507996036,-1.448191081975262,-1.3116816168387389,0
2015-01-06,1,finishing,Tuesday,10,0.75,3.94,,1440,0,0.0,0,0,8.0,0.809640152,0.809381471839599,0.809640152,1.4459961447998129,0,0,0.059640151999999946,1,0.0,0.0,0,,0,4,1,5,3,1.2246467991473532e-16,-1.0,0.0,7.273092595999522,1.3711807233098425,2.0794415416798357,0.0,0.0,0.0,2.030456852791878,0,1,0,finishing_team10,1,0,35520,train,-0.9856129740972022,-1.1731446939116332,-0.5693857707660099,-1.0992948748235933,-1.329301807783477,-0.973454127137173,-1.168065122270806,-0.980051246628074,-0.6033955879065779,0.1762726874672926,-0.22888618729874646,-0.028538824941726233,-1.4377147039121636,-1.1680598507996036,-1.448191081975262,-1.3116816168387389,0
2015-01-06,1,sweing,Tuesday,10,0.75,28.08,1209.0,10530,45,0.0,0,0,58.5,0.750545455,0.7503361438429408,0.750545455,1.1004058601750817,0,0,0.000545455000000028,0,1209.0,7.098375638590786,0,,0,4,1,5,3,1.2246467991473532e-16,-1.0,3.828641396489095,9.262078567380597,3.3350575791576103,4.069026754237811,27.177134817738402,28.883480385055815,15.578844274696543,2.0833333333333335,0,0,1,sweing_team10,13,0,46050,train,0.9277054058868384,0.8924568034409299,0.8903284192784912,1.071580054566176,0.9363015865590966,0.9507785835329259,0.9545253093417017,0.9850387612955512,-0.5391378564257743,0.1762726874672926,-0.22888618729874646,-0.028538824941726233,-1.4377147039121636,-1.1680598507996036,-1.448191081975262,-1.3116816168387389,0
2015-01-06,1,finishing,Tuesday,11,0.8,4.15,,2700,0,0.0,0,0,15.0,0.888686869,0.8883621514820386,0.888686869,2.074119351221457,0,0,0.088686869,1,0.0,0.0,0,,0,4,1,5,3,1.2246467991473532e-16,-1.0,0.0,7.901377353792616,1.423108334242607,2.70805020110221,0.0,0.0,0.0,3.614457831325301,0,1,0,finishing_team11,2,0,35160,train,-0.9856129740972022,-1.1731446939116332,-0.10828841284827576,-1.0418939495153812,-0.6134853132140259,-0.973454127137173,-1.168065122270806,-0.980051246628074,1.3215492741882318,0.663747223037126,-0.22888618729874646,-0.028538824941726233,-1.4377147039121636,-1.1680598507996036,-1.448191081975262,-1.3116816168387389,0
2015-01-06,1,sweing,Tuesday,11,0.75,19.31,590.0,9900,45,0.0,0,0,55.0,0.750057851,0.749848947197995,0.750057851,1.0978068359017255,0,0,5.7850999999997654e-05,0,590.0,6.3818160174060985,0,,0,4,1,5,3,1.2246467991473532e-16,-1.0,3.828641396489095,9.200391041122515,2.960623096440423,4.007333185232471,24.43368498901816,25.574063108599585,15.342641722505542,2.8482651475919214,0,0,1,sweing_team11,14,0,45060,train,0.9277054058868384,0.6839405594689046,0.8450560248406661,0.6576791377091074,0.8660491749180281,0.7565330923908588,0.711322712162534,0.955244556605381,0.3904395779727999,0.1762726874672926,-0.22888618729874646,-0.028538824941726233,-1.4377147039121636,-1.1680598507996036,-1.448191081975262,-1.3116816168387389,0
2015-01-06,1,sweing,Tuesday,12,0.8,11.61,1101.0,5310,50,0.0,0,0,31.5,0.800140969,0.7998902246649958,0.800140969,1.3856084064384087,0,0,0.00014096899999993528,0,1101.0,7.00488198971286,0,,0,4,1,5,3,1.2246467991473532e-16,-1.0,3.9318256327243257,8.577535420422398,2.4518667957098,3.449987545831587,27.541974561362,24.166755624529355,13.564749465280324,2.7131782945736433,0,0,1,sweing_team12,15,0,30225,train,0.9792705109119583,0.8652504916101942,0.3879431034993313,0.09529851025962122,0.2313821274960118,0.9766104666045293,0.6079024400830766,0.7309841269974787,0.22627633111997963,0.663747223037126,-0.22888618729874646,-0.028538824941726233,-1.4377147039121636,-1.1680598507996036,-1.448191081975262,-1.3116816168387389,0
2015-01-07,1,finishing,Wednesday,1,0.8,3.94,,1440,0,0.0,0,0,8.0,0.951420455,0.9510433284711781,0.951420455,2.966623970052504,0,0,0.151420455,1,0.0,0.0,0,,0,5,1,6,4,-0.8660254037844384,-0.5000000000000004,0.0,7.273092595999522,1.3711807233098425,2.0794415416798357,0.0,0.0,0.0,2.030456852791878,0,1,0,finishing_team1,0,0,45660,train,-0.9856129740972022,-1.1731446939116332,-0.5693857707660099,-1.0992948748235933,-1.329301807783477,-0.973454127137173,-1.168065122270806,-0.980051246628074,-0.6033955879065779,0.663747223037126,-0.22888618729874646,-1.2647205579438705,-0.736328099691826,-1.1680598507996036,-1.448191081975262,-1.226814166315289,0
2015-01-07,1,sweing,Wednesday,1,0.8,26.16,1179.0,10620,75,0.0,0,0,59.0,0.850502311,0.8502094936975773,0.850502311,1.7362450890344094,0,0,0.05050231099999991,0,1179.0,7.07326971745971,0,,0,5,1,6,4,-0.8660254037844384,-0.5000000000000004,4.330733340286331,9.27058845232154,3.264231526588998,4.07753744390572,30.632444990240444,28.841522123786397,17.658727354588407,2.2553516819571864,1,0,1,sweing_team1,12,0,56280,train,1.178619932744878,0.8851510716902977,0.8965738126511332,0.9932887393999459,0.9459929771454892,1.1954261854243482,0.9514418788579001,1.2473918207316324,-0.33009389694785873,0.663747223037126,-0.22888618729874646,-1.2647205579438705,-0.736328099691826,-1.1680598507996036,-1.448191081975262,-1.226814166315289,0
2015-01-07,1,finishing,Wednesday,2,0.8,3.94,,1440,0,0.0,0,0,8.0,0.813371212,0.8131094148304093,0.813371212,1.470342342511465,0,0,0.01337121199999991,1,0.0,0.0,0,,0,5,1,6,4,-0.8660254037844384,-0.5000000000000004,0.0,7.273092595999522,1.3711807233098425,2.0794415416798357,0.0,0.0,0.0,2.030456852791878,0,1,0,finishing_team2,4,0,43230,train,-0.9856129740972022,-1.1731446939116332,-0.5693857707660099,-1.0992948748235933,-1.329301807783477,-0.973454127137173,-1.168065122270806,-0.980051246628074,-0.6033955879065779,0.663747223037126,-0.22888618729874646,-1.2647205579438705,-0.736328099691826,-1.1680598507996036,-1.448191081975262,-1.226814166315289,0
2015-01-07,1,sweing,Wednesday,2,0.8,28.08,776.0,10350,63,0.0,0,0,57.5,0.800594466,0.8003433428036758,0.800594466,1.3884416368142438,0,0,0.0005944659999999047,0,776.0,6.655440350367647,0,,0,5,1,6,4,-0.8660254037844384,-0.5000000000000004,4.1588830833596715,9.24483841238375,3.3350575791576103,4.051784947803305,27.679198285453374,26.966413032622388,16.850899876830514,2.047720797720798,0,0,1,sweing_team2,16,0,53580,train,1.0927397937785401,0.7635642453167951,0.8776758921870157,1.071580054566176,0.9166677981010531,0.986326368606246,0.8136437824348101,1.1454937802430607,-0.5824157131837854,0.663747223037126,-0.22888618729874646,-1.2647205579438705,-0.736328099691826,-1.1680598507996036,-1.448191081975262,-1.226814166315289,0
2015-01-07,1,finishing,Wednesday,3,0.75,4.15,,2700,0,0.0,0,0,15.0,0.83,0.8297243107769423,0.83,1.5836746650995812,0,0,0.07999999999999996,1,0.0,0.0,0,,0,5,1,6,4,-0.8660254037844384,-0.5000000000000004,0.0,7.901377353792616,1.423108334242607,2.70805020110221,0.0,0.0,0.0,3.614457831325301,0,1,0,finishing_team3,5,0,46080,train,-0.9856129740972022,-1.1731446939116332,-0.10828841284827576,-1.0418939495153812,-0.6134853132140259,-0.973454127137173,-1.168065122270806,-0.980051246628074,1.3215492741882318,0.1762726874672926,-0.22888618729874646,-1.2647205579438705,-0.736328099691826,-1.1680598507996036,-1.448191081975262,-1.226814166315289,0
2015-01-07,1,sweing,Wednesday,3,0.8,19.87,924.0,9900,50,0.0,0,0,55.0,0.800273829,0.8000229736708437,0.800273829,1.386437952748211,0,0,0.0002738289999999477,0,924.0,6.829793737512425,0,,0,5,1,6,4,-0.8660254037844384,-0.5000000000000004,3.9318256327243257,9.200391041122515,2.9892110565637253,4.007333185232471,26.85355808337143,27.36925909262645,15.75613533656385,2.7679919476597883,0,0,1,sweing_team3,17,0,55980,train,0.9792705109119583,0.814300446934077,0.8450560248406661,0.6892803482072475,0.8660491749180281,0.9278682605405865,0.843248150778863,1.007401966680143,0.2928881964601851,0.663747223037126,-0.22888618729874646,-1.2647205579438705,-0.736328099691826,-1.1680598507996036,-1.448191081975262,-1.226814166315289,0
2015-01-07,1,finishing,Wednesday,4,0.8,3.94,,4440,0,0.0,0,0,18.0,0.827186544,0.8269132051996658,0.827186544,1.5639065653903805,0,0,0.02718654399999998,1,0.0,0.0,0,,0,5,1,6,4,-0.8660254037844384,-0.5000000000000004,0.0,8.398634855292102,1.3711807233098425,2.8903717578961645,0.0,0.0,0.0,4.568527918781726,0,1,0,finishing_team4,6,0,70590,train,-0.9856129740972022,-1.1731446939116332,0.2566482138997095,-1.0992948748235933,-0.40587000961859426,-0.973454127137173,-1.168065122270806,-0.980051246628074,2.4809755231719786,0.663747223037126,-0.22888618729874646,-1.2647205579438705,-0.736328099691826,-1.1680598507996036,-1.448191081975262,-1.226814166315289,0
2015-01-07,1,sweing,Wednesday,4,0.8,28.08,990.0,10350,50,0.0,0,0,57.5,0.800594466,0.8003433428036758,0.800594466,1.3884416368142438,0,0,0.0005944659999999047,0,990.0,6.898714534329988,0,,0,5,1,6,4,-0.8660254037844384,-0.5000000000000004,3.9318256327243257,9.24483841238375,3.3350575791576103,4.051784947803305,27.12454263892651,27.95210770939013,15.930911916059628,2.047720797720798,0,0,1,sweing_team4,18,0,80940,train,0.9792705109119583,0.8343561481752348,0.8776758921870157,1.071580054566176,0.9166677981010531,0.9470548800787559,0.8860805546487674,1.0294479993594776,-0.5824157131837854,0.663747223037126,-0.22888618729874646,-1.2647205579438705,-0.736328099691826,-1.1680598507996036,-1.448191081975262,-1.226814166315289,0
2015-01-07,1,finishing,Wednesday,5,0.7,4.15,,1440,0,0.0,0,0,8.0,0.330113636,0.3302555627869674,0.330113636,-0.7070294151939001,1,1,-0.36988636399999997,1,0.0,0.0,0,,0,5,1,6,4,-0.8660254037844384,-0.5000000000000004,0.0,7.273092595999522,1.423108334242607,2.0794415416798357,0.0,0.0,0.0,1.9277108433734937,0,1,0,finishing_team5,7,0,37500,train,-0.9856129740972022,-1.1731446939116332,-0.5693857707660099,-1.0418939495153812,-1.329301807783477,-0.973454127137173,-1.168065122270806,-0.980051246628074,-0.7282568762586739,-0.3112018481025408,-0.22888618729874646,-1.2647205579438705,-0.736328099691826,-1.1680598507996036,-1.448191081975262,-1.226814166315289,0
2015-01-07,1,sweing,Wednesday,5,0.7,21.98,413.0,9720,40,0.0,0,0,58.0,0.700480831,0.7003133449256476,0.700480831,0.8487904247744137,0,0,0.0004808310000000704,0,413.0,6.025865973825314,0,,0,5,1,6,4,-0.8660254037844384,-0.5000000000000004,3.713572066704308,9.18204377282107,3.090132948975475,4.060443010546419,22.377487558101638,24.467685375908488,15.078747742409927,2.6387625113739763,0,0,1,sweing_team5,19,0,47220,train,0.870200865542169,0.5803603912109813,0.8315909887501515,0.8008396883007296,0.9265270070534614,0.6109473865134704,0.6300171784161815,0.9219574003636714,0.1358431297077005,-0.3112018481025408,-0.22888618729874646,-1.2647205579438705,-0.736328099691826,-1.1680598507996036,-1.448191081975262,-1.226814166315289,0
2015-01-07,1,finishing,Wednesday,6,0.8,2.9,,1800,0,0.0,0,0,10.0,0.666515152,0.6663760415973267,0.666515152,0.6918396525619037,1,1,-0.13348484800000004,1,0.0,0.0,0,,0,5,1,6,4,-0.8660254037844384,-0.5000000000000004,0.0,7.496097345175956,1.0647107369924282,2.302585092994046,0.0,0.0,0.0,3.4482758620689657,0,1,0,finishing_team6,8,0,29085,train,-0.9856129740972022,-1.1731446939116332,-0.40572287846610844,-1.4380676486489155,-1.0752012122964671,-0.973454127137173,-1.168065122270806,-0.980051246628074,1.1195979293166163,0.663747223037126,-0.22888618729874646,-1.2647205579438705,-0.736328099691826,-1.1680598507996036,-1.448191081975262,-1.226814166315289,0
2015-01-07,1,sweing,Wednesday,6,0.8,11.41,986.0,5490,50,0.0,0,0,30.5,0.800343766,0.8000928522439432,0.800343766,1.3868747887120865,0,0,0.0003437659999999676,0,986.0,6.894670039433482,0,,0,5,1,6,4,-0.8660254037844384,-0.5000000000000004,3.9318256327243257,8.610865667278873,2.4344901638739844,3.417726683613366,27.108640390221,23.564097768481428,13.437905380276934,2.6730937773882557,0,0,1,sweing_team6,20,0,34575,train,0.9792705109119583,0.8331792148682907,0.41240412785753683,0.07609033318004338,0.1946456668082843,0.9459289472923322,0.5636142939964545,0.7149842209961569,0.17756393355757186,0.663747223037126,-0.22888618729874646,-1.2647205579438705,-0.736328099691826,-1.1680598507996036,-1.448191081975262,-1.226814166315289,0
2015-01-07,1,finishing,Wednesday,7,0.8,2.9,,1440,0,0.0,0,0,8.0,0.804640152,0.8043856489490393,0.804640152,1.4139336927589383,0,0,0.0046401520000000085,1,0.0,0.0,0,,0,5,1,6,4,-0.8660254037844384,-0.5000000000000004,0.0,7.273092595999522,1.0647107369924282,2.0794415416798357,0.0,0.0,0.0,2.7586206896551726,0,1,0,finishing_team7,9,0,44130,train,-0.9856129740972022,-1.1731446939116332,-0.5693857707660099,-1.4380676486489155,-1.329301807783477,-0.973454127137173,-1.168065122270806,-0.980051246628074,0.28149984809940837,0.663747223037126,-0.22888618729874646,-1.2647205579438705,-0.736328099691826,-1.1680598507996036,-1.448191081975262,-1.226814166315289,0
2015-01-07,1,sweing,Wednesday,7,0.8,25.9,1066.0,10170,50,0.0,0,0,56.5,0.800128721,0.7998779868972431,0.800128721,1.3855319536101698,0,0,0.0001287209999999428,0,1066.0,6.9726062513017535,0,,0,5,1,6,4,-0.8660254037844384,-0.5000000000000004,3.9318256327243257,9.227295812625597,3.254242968705492,4.034240638152395,27.415071985762104,28.129171492836967,15.86193074966573,2.1814671814671818,0,0,1,sweing_team7,21,0,54300,train,0.9792705109119583,0.8558583691043503,0.8648014012827553,0.9822473597811097,0.8966895396954262,0.9676253366901638,0.8990926254767629,1.020746827537911,-0.4198814611817876,0.663747223037126,-0.22888618729874646,-1.2647205579438705,-0.736328099691826,-1.1680598507996036,-1.448191081975262,-1.226814166315289,0
2015-01-07,1,finishing,Wednesday,8,0.8,2.9,,1440,0,0.0,0,0,8.0,0.681060606,0.6809093440066832,0.681060606,0.7579539249403462,1,1,-0.11893939400000009,1,0.0,0.0,0,,0,5,1,6,4,-0.8660254037844384,-0.5000000000000004,0.0,7.273092595999522,1.0647107369924282,2.0794415416798357,0.0,0.0,0.0,2.7586206896551726,0,1,0,finishing_team8,10,0,44610,train,-0.9856129740972022,-1.1731446939116332,-0.5693857707660099,-1.4380676486489155,-1.329301807783477,-0.973454127137173,-1.168065122270806,-0.980051246628074,0.28149984809940837,0.663747223037126,-0.22888618729874646,-1.2647205579438705,-0.736328099691826,-1.1680598507996036,-1.448191081975262,-1.226814166315289,0
2015-01-07,1,sweing,Wednesday,8,0.8,25.9,1135.0,10170,60,0.0,0,0,56.5,0.850136766,0.8498442540818714,0.850136766,1.7333800406535405,0,0,0.050136765999999944,0,1135.0,7.035268599281097,0,,0,5,1,6,4,-0.8660254037844384,-0.5000000000000004,4.110873864173311,9.227295812625597,3.254242968705492,4.034240638152395,28.921101812223842,28.381966483537283,16.584254401166543,2.1814671814671818,0,0,1,sweing_team8,22,0,54780,train,1.0687477527474374,0.8740928844926421,0.8648014012827553,0.9822473597811097,0.8966895396954262,1.074257322539938,0.9176700344754959,1.111859554838011,-0.4198814611817876,0.663747223037126,-0.22888618729874646,-1.2647205579438705,-0.736328099691826,-1.1680598507996036,-1.448191081975262,-1.226814166315289,0
2015-01-07,1,finishing,Wednesday,9,0.8,3.94,,1440,0,0.0,0,0,8.0,0.880530303,0.8802123996558062,0.880530303,1.9944430642395194,0,0,0.08053030299999997,1,0.0,0.0,0,,0,5,1,6,4,-0.8660254037844384,-0.5000000000000004,0.0,7.273092595999522,1.3711807233098425,2.0794415416798357,0.0,0.0,0.0,2.030456852791878,0,1,0,finishing_team9,11,0,45300,train,-0.9856129740972022,-1.1731446939116332,-0.5693857707660099,-1.0992948748235933,-1.329301807783477,-0.973454127137173,-1.168065122270806,-0.980051246628074,-0.6033955879065779,0.663747223037126,-0.22888618729874646,-1.2647205579438705,-0.736328099691826,-1.1680598507996036,-1.448191081975262,-1.226814166315289,0
2015-01-07,1,sweing,Wednesday,9,0.8,26.16,1324.0,10620,75,0.0,0,0,59.0,0.850502311,0.8502094936975773,0.850502311,1.7362450890344094,0,0,0.05050231099999991,0,1324.0,7.1891677384203225,0,,0,5,1,6,4,-0.8660254037844384,-0.5000000000000004,4.330733340286331,9.27058845232154,3.264231526588998,4.07753744390572,31.13436841368777,29.314100643927866,17.658727354588407,2.2553516819571864,1,0,1,sweing_team9,23,0,55920,train,1.178619932744878,0.9188769743228564,0.8965738126511332,0.9932887393999459,0.9459929771454892,1.2309640548916796,0.9861707491901913,1.2473918207316324,-0.33009389694785873,0.663747223037126,-0.22888618729874646,-1.2647205579438705,-0.736328099691826,-1.1680598507996036,-1.448191081975262,-1.226814166315289,0
2015-01-07,1,finishing,Wednesday,10,0.75,3.94,,1440,0,0.0,0,0,8.0,0.805909091,0.8056535278496241,0.805909091,1.4220112788060004,0,0,0.055909090999999966,1,0.0,0.0,0,,0,5,1,6,4,-0.8660254037844384,-0.5000000000000004,0.0,7.273092595999522,1.3711807233098425,2.0794415416798357,0.0,0.0,0.0,2.030456852791878,0,1,0,finishing_team10,1,0,47490,train,-0.9856129740972022,-1.1731446939116332,-0.5693857707660099,-1.0992948748235933,-1.329301807783477,-0.973454127137173,-1.168065122270806,-0.980051246628074,-0.6033955879065779,0.1762726874672926,-0.22888618729874646,-1.2647205579438705,-0.736328099691826,-1.1680598507996036,-1.448191081975262,-1.226814166315289,0
2015-01-07,1,sweing,Wednesday,10,0.75,28.08,1144.0,10530,69,0.0,0,0,58.5,0.8,0.799749373433584,0.8,1.384728680511969,0,0,0.050000000000000044,0,1144.0,7.0431599159883405,0,,0,5,1,6,4,-0.8660254037844384,-0.5000000000000004,4.248495242049359,9.262078567380597,3.3350575791576103,4.069026754237811,29.92283139206923,28.65880613253189,17.287240805150887,2.0833333333333335,0,0,1,sweing_team10,13,0,58020,train,1.1375224131296902,0.8763892289574162,0.8903284192784912,1.071580054566176,0.9363015865590966,1.1451831518339886,0.9380144383427995,1.200533113275176,-0.5391378564257743,0.1762726874672926,-0.22888618729874646,-1.2647205579438705,-0.736328099691826,-1.1680598507996036,-1.448191081975262,-1.226814166315289,0
2015-01-07,1,sweing,Wednesday,11,0.8,31.83,568.0,9900,40,0.0,0,0,55.0,0.412119835,0.4121932520133667,0.412119835,-0.35490593633050405,1,1,-0.38788016500000005,0,568.0,6.343880434126331,0,,0,5,1,6,4,-0.8660254037844384,-0.5000000000000004,3.713572066704308,9.200391041122515,3.4604092412940015,4.007333185232471,23.55845717468354,25.422042586821423,14.881520578656506,1.7279296261388628,0,0,1,sweing_team11,14,0,54960,train,0.870200865542169,0.6729014426884933,0.8450560248406661,1.2101441299454128,0.8660491749180281,0.6945640143064485,0.700151021610241,0.8970794876026803,-0.9710394457586682,0.663747223037126,-0.22888618729874646,-1.2647205579438705,-0.736328099691826,-1.1680598507996036,-1.448191081975262,-1.226814166315289,0
2015-01-07,1,sweing,Wednesday,12,0.8,11.61,1120.0,5670,50,0.0,0,0,31.5,0.800246753,0.7999959202907269,0.800246753,1.3862688631319777,0,0,0.00024675299999998845,0,1120.0,7.02197642307216,0,,0,5,1,6,4,-0.8660254037844384,-0.5000000000000004,3.9318256327243257,8.643120748014027,2.4518667957098,3.449987545831587,27.609186892620993,24.22573120672199,13.564749465280324,2.7131782945736433,0,0,1,sweing_team12,15,0,35895,train,0.9792705109119583,0.8702249095532791,0.43607608921251995,0.09529851025962122,0.2313821274960118,0.9813693261103714,0.6122364401686629,0.7309841269974787,0.22627633111997963,0.663747223037126,-0.22888618729874646,-1.2647205579438705,-0.736328099691826,-1.1680598507996036,-1.448191081975262,-1.226814166315289,0
2015-01-08,2,finishing,Thursday,1,0.8,3.94,,1440,0,0.0,0,0,8.0,0.947689394,0.947315384481203,0.947689394,2.889308585807926,0,0,0.14768939399999992,1,0.0,0.0,0,,0,6,2,7,5,-0.8660254037844386,0.5000000000000001,0.0,7.273092595999522,1.3711807233098425,2.0794415416798357,0.0,0.0,0.0,2.030456852791878,0,1,0,finishing_team1,0,0,57720,train,-0.9856129740972022,-1.1731446939116332,-0.5693857707660099,-1.0992948748235933,-1.329301807783477,-0.973454127137173,-1.168065122270806,-0.980051246628074,-0.6033955879065779,0.663747223037126,-0.22888618729874646,-1.2647205579438707,0.6664451087488514,-0.22318069838746318,-0.9379765012964775,-1.1419467157918393,0
2015-01-08,2,sweing,Thursday,1,0.8,26.16,1189.0,10620,75,0.0,0,0,59.0,0.850502311,0.8502094936975773,0.850502311,1.7362450890344094,0,0,0.05050231099999991,0,1189.0,7.0817085861055755,0,,0,6,2,7,5,-0.8660254037844386,0.5000000000000001,4.330733340286331,9.27058845232154,3.264231526588998,4.07753744390572,30.66899148003939,28.875931926674117,17.658727354588407,2.2553516819571864,1,0,1,sweing_team1,12,0,68340,train,1.178619932744878,0.8876067517780202,0.8965738126511332,0.9932887393999459,0.9459929771454892,1.1980138000350464,0.953970587911984,1.2473918207316324,-0.33009389694785873,0.663747223037126,-0.22888618729874646,-1.2647205579438707,0.6664451087488514,-0.22318069838746318,-0.9379765012964775,-1.1419467157918393,0
2015-01-08,2,finishing,Thursday,2,0.8,3.94,,1440,0,0.0,0,0,8.0,0.835757576,0.8354770767719298,0.835757576,1.6249529996928707,0,0,0.03575757599999996,1,0.0,0.0,0,,0,6,2,7,5,-0.8660254037844386,0.5000000000000001,0.0,7.273092595999522,1.3711807233098425,2.0794415416798357,0.0,0.0,0.0,2.030456852791878,0,1,0,finishing_team2,4,0,55020,train,-0.9856129740972022,-1.1731446939116332,-0.5693857707660099,-1.0992948748235933,-1.329301807783477,-0.973454127137173,-1.168065122270806,-0.980051246628074,-0.6033955879065779,0.663747223037126,-0.22888618729874646,-1.2647205579438707,0.6664451087488514,-0.22318069838746318,-0.9379765012964775,-1.1419467157918393,0
2015-01-08,2,sweing,Thursday,2,0.8,28.08,783.0,10050,63,0.0,0,0,58.5,0.800497246,0.8002462040233919,0.800497246,1.3878338472468972,0,0,0.0004972460000000067,0,783.0,6.664409020350408,0,,0,6,2,7,5,-0.8660254037844386,0.5000000000000001,4.1588830833596715,9.21542741102474,3.3350575791576103,4.069026754237811,27.71649793532491,27.117658604989607,16.922606533937543,2.0833333333333335,0,0,1,sweing_team2,16,0,65070,train,1.0927397937785401,0.7661740956669139,0.8560911969478857,1.071580054566176,0.9363015865590966,0.9889673094876411,0.8247585234719227,1.154538741017943,-0.5391378564257743,0.663747223037126,-0.22888618729874646,-1.2647205579438707,0.6664451087488514,-0.22318069838746318,-0.9379765012964775,-1.1419467157918393,0
2015-01-08,2,finishing,Thursday,3,0.75,4.15,,2160,0,0.0,0,0,12.0,0.712626263,0.7124486303659148,0.712626263,0.9073062905468938,1,0,-0.03737373700000002,1,0.0,0.0,0,,0,6,2,7,5,-0.8660254037844386,0.5000000000000001,0.0,7.6783263565068856,1.423108334242607,2.4849066497880004,0.0,0.0,0.0,2.8915662650602405,0,1,0,finishing_team3,5,0,58140,train,-0.9856129740972022,-1.1731446939116332,-0.2719852465748004,-1.0418939495153812,-0.8675859087010354,-0.973454127137173,-1.168065122270806,-0.980051246628074,0.44306092399670066,0.1762726874672926,-0.22888618729874646,-1.2647205579438707,0.6664451087488514,-0.22318069838746318,-0.9379765012964775,-1.1419467157918393,0
2015-01-08,2,sweing,Thursday,3,0.8,19.87,857.0,9900,50,0.0,0,0,55.0,0.800273829,0.8000229736708437,0.800273829,1.386437952748211,0,0,0.0002738289999999477,0,857.0,6.754604099487962,0,,0,6,2,7,5,-0.8660254037844386,0.5000000000000001,3.9318256327243257,9.200391041122515,2.9892110565637253,4.007333185232471,26.557925537271583,27.067949160985403,15.75613533656385,2.7679919476597883,0,0,1,sweing_team3,17,0,68040,train,0.9792705109119583,0.7924205356985593,0.8450560248406661,0.6892803482072475,0.8660491749180281,0.9069364802275008,0.8211054737425454,1.007401966680143,0.2928881964601851,0.663747223037126,-0.22888618729874646,-1.2647205579438707,0.6664451087488514,-0.22318069838746318,-0.9379765012964775,-1.1419467157918393,0
2015-01-08,2,finishing,Thursday,4,0.8,3.94,,12600,0,0.0,0,0,20.0,0.919905405,0.9195546068337509,0.919905405,2.436310821327864,0,0,0.11990540499999991,1,0.0,0.0,0,,0,6,2,7,5,-0.8660254037844386,0.5000000000000001,0.0,9.441531454869693,1.3711807233098425,2.995732273553991,0.0,0.0,0.0,5.0761421319796955,0,1,0,finishing_team4,6,0,93540,train,-0.9856129740972022,-1.1731446939116332,1.0220286575312558,-1.0992948748235933,-0.28589266941854513,-0.973454127137173,-1.168065122270806,-0.980051246628074,3.0978497453876903,0.663747223037126,-0.22888618729874646,-1.2647205579438707,0.6664451087488514,-0.22318069838746318,-0.9379765012964775,-1.1419467157918393,0
2015-01-08,2,sweing,Thursday,4,0.8,28.08,942.0,10530,75,0.0,0,0,58.5,0.850181818,0.8498892684444445,0.850181818,1.7337328364564997,0,0,0.05018181799999999,0,942.0,6.849066282633458,0,,0,6,2,7,5,-0.8660254037844386,0.5000000000000001,4.330733340286331,9.262078567380597,3.3350575791576103,4.069026754237811,29.661479700031677,27.86903394558365,17.621869827094763,2.0833333333333335,1,0,1,sweing_team4,18,0,104070,train,1.178619932744878,0.8199086874790509,0.8903284192784912,1.071580054566176,0.9363015865590966,1.1266785714880356,0.8799756263706328,1.2427426723277184,-0.5391378564257743,0.663747223037126,-0.22888618729874646,-1.2647205579438707,0.6664451087488514,-0.22318069838746318,-0.9379765012964775,-1.1419467157918393,0
2015-01-08,2,finishing,Thursday,5,0.7,4.15,,3840,0,0.0,0,0,8.0,0.821354167,0.8210857006950709,0.821354167,1.5237205733890078,0,0,0.12135416700000001,1,0.0,0.0,0,,0,6,2,7,5,-0.8660254037844386,0.5000000000000001,0.0,8.253488028345904,1.423108334242607,2.0794415416798357,0.0,0.0,0.0,1.9277108433734937,0,1,0,finishing_team5,7,0,51060,train,-0.9856129740972022,-1.1731446939116332,0.15012514838699428,-1.0418939495153812,-1.329301807783477,-0.973454127137173,-1.168065122270806,-0.980051246628074,-0.7282568762586739,-0.3112018481025408,-0.22888618729874646,-1.2647205579438707,0.6664451087488514,-0.22318069838746318,-0.9379765012964775,-1.1419467157918393,0
2015-01-08,2,sweing,Thursday,5,0.7,42.41,724.0,10260,0,0.0,0,0,57.0,0.233705476,0.2339279442740184,0.233705476,-1.1862630953594384,1,1,-0.46629452399999993,0,724.0,6.586171654854675,1,productivity_extreme;,0,6,2,7,5,-0.8660254037844386,0.5000000000000001,0.0,9.236105579862208,3.747384183486499,4.04305126783455,0.0,26.62822965933617,0.0,1.3440226361707146,0,1,1,sweing_team5,19,0,61320,train,-0.9856129740972022,0.7434073068204182,0.8712668778780183,1.5273670278647633,0.9067224814303124,-0.973454127137173,0.7887913483549073,-0.980051246628074,-1.4375794276630276,-0.3112018481025408,-0.22888618729874646,-1.2647205579438707,0.6664451087488514,-0.22318069838746318,-0.9379765012964775,-1.1419467157918393,0
2015-01-08,2,sweing,Thursday,6,0.8,11.41,411.0,14640,50,0.0,0,0,30.5,0.800024932,0.7997742846048455,0.800024932,1.3848842364542486,0,0,2.4931999999977528e-05,0,411.0,6.021023349349527,0,,0,6,2,7,5,-0.8660254037844386,0.5000000000000001,3.9318256327243257,9.591581091193483,2.4344901638739844,3.417726683613366,23.67361394020414,20.578212163731,13.437905380276934,2.6730937773882557,0,0,1,sweing_team6,20,0,49215,train,0.9792705109119583,0.5789512050988909,1.132149888401862,0.07609033318004338,0.1946456668082843,0.7027175012930561,0.34418740603000486,0.7149842209961569,0.17756393355757186,0.663747223037126,-0.22888618729874646,-1.2647205579438707,0.6664451087488514,-0.22318069838746318,-0.9379765012964775,-1.1419467157918393,0
2015-01-08,2,finishing,Thursday,7,0.8,2.9,,1440,0,0.0,0,0,8.0,0.681060606,0.6809093440066832,0.681060606,0.7579539249403462,1,1,-0.11893939400000009,1,0.0,0.0,0,,0,6,2,7,5,-0.8660254037844386,0.5000000000000001,0.0,7.273092595999522,1.0647107369924282,2.0794415416798357,0.0,0.0,0.0,2.7586206896551726,0,1,0,finishing_team7,9,0,55740,train,-0.9856129740972022,-1.1731446939116332,-0.5693857707660099,-1.4380676486489155,-1.329301807783477,-0.973454127137173,-1.168065122270806,-0.980051246628074,0.28149984809940837,0.663747223037126,-0.22888618729874646,-1.2647205579438707,0.6664451087488514,-0.22318069838746318,-0.9379765012964775,-1.1419467157918393,0
2015-01-08,2,sweing,Thursday,7,0.8,25.9,1050.0,10170,60,0.0,0,0,56.5,0.850136766,0.8498442540818714,0.850136766,1.7333800406535405,0,0,0.050136765999999944,0,1050.0,6.957497370876951,0,,0,6,2,7,5,-0.8660254037844386,0.5000000000000001,4.110873864173311,9.227295812625597,3.254242968705492,4.034240638152395,28.601394101992586,28.068218633430245,16.584254401166543,2.1814671814671818,0,0,1,sweing_team7,21,0,65910,train,1.0687477527474374,0.8514617398446754,0.8648014012827553,0.9822473597811097,0.8966895396954262,1.0516209394919764,0.8946133191594027,1.111859554838011,-0.4198814611817876,0.663747223037126,-0.22888618729874646,-1.2647205579438707,0.6664451087488514,-0.22318069838746318,-0.9379765012964775,-1.1419467157918393,0
2015-01-08,2,finishing,Thursday,8,0.8,2.9,,1440,0,0.0,0,0,8.0,0.735984848,0.7357877010927318,0.735984848,1.0241886850086197,1,0,-0.06401515200000008,1,0.0,0.0,0,,0,6,2,7,5,-0.8660254037844386,0.5000000000000001,0.0,7.273092595999522,1.0647107369924282,2.0794415416798357,0.0,0.0,0.0,2.7586206896551726,0,1,0,finishing_team8,10,0,56220,train,-0.9856129740972022,-1.1731446939116332,-0.5693857707660099,-1.4380676486489155,-1.329301807783477,-0.973454127137173,-1.168065122270806,-0.980051246628074,0.28149984809940837,0.663747223037126,-0.22888618729874646,-1.2647205579438707,0.6664451087488514,-0.22318069838746318,-0.9379765012964775,-1.1419467157918393,0
2015-01-08,2,sweing,Thursday,8,0.8,25.9,1026.0,10170,60,0.0,0,0,56.5,0.850136766,0.8498442540818714,0.850136766,1.7333800406535405,0,0,0.050136765999999944,0,1026.0,6.934397209928558,0,,0,6,2,7,5,-0.8660254037844386,0.5000000000000001,4.110873864173311,9.227295812625597,3.254242968705492,4.034240638152395,28.50643225409164,27.975027025384374,16.584254401166543,2.1814671814671818,0,0,1,sweing_team8,22,0,66390,train,1.0687477527474374,0.8447396770131907,0.8648014012827553,0.9822473597811097,0.8966895396954262,1.044897320713833,0.8877648503146615,1.111859554838011,-0.4198814611817876,0.663747223037126,-0.22888618729874646,-1.2647205579438707,0.6664451087488514,-0.22318069838746318,-0.9379765012964775,-1.1419467157918393,0
2015-01-08,2,finishing,Thursday,9,0.8,3.94,,1440,0,0.0,0,0,8.0,0.891723485,0.8913962306265664,0.891723485,2.1050829162273805,0,0,0.09172348499999994,1,0.0,0.0,0,,0,6,2,7,5,-0.8660254037844386,0.5000000000000001,0.0,7.273092595999522,1.3711807233098425,2.0794415416798357,0.0,0.0,0.0,2.030456852791878,0,1,0,finishing_team9,11,0,57360,train,-0.9856129740972022,-1.1731446939116332,-0.5693857707660099,-1.0992948748235933,-1.329301807783477,-0.973454127137173,-1.168065122270806,-0.980051246628074,-0.6033955879065779,0.663747223037126,-0.22888618729874646,-1.2647205579438707,0.6664451087488514,-0.22318069838746318,-0.9379765012964775,-1.1419467157918393,0
2015-01-08,2,sweing,Thursday,9,0.8,26.16,1216.0,10620,88,0.0,0,0,59.0,0.900215716,0.8998813670309106,0.900215716,2.1959071276799675,0,0,0.10021571600000001,0,1216.0,7.104144092987527,0,,0,6,2,7,5,-0.8660254037844386,0.5000000000000001,4.48863636973214,9.27058845232154,3.264231526588998,4.07753744390572,31.887919551601556,28.96741354605828,18.302582869659837,2.2553516819571864,1,0,1,sweing_team9,23,0,67980,train,1.2575301092818796,0.8941354026932065,0.8965738126511332,0.9932887393999459,0.9459929771454892,1.284318014330773,0.9606933930374254,1.328606705283011,-0.33009389694785873,0.663747223037126,-0.22888618729874646,-1.2647205579438707,0.6664451087488514,-0.22318069838746318,-0.9379765012964775,-1.1419467157918393,0
2015-01-08,2,finishing,Thursday,10,0.75,3.94,,1440,0,0.0,0,0,8.0,0.779791667,0.7795579229172933,0.779791667,1.2630920221099216,0,0,0.02979166700000002,1,0.0,0.0,0,,0,6,2,7,5,-0.8660254037844386,0.5000000000000001,0.0,7.273092595999522,1.3711807233098425,2.0794415416798357,0.0,0.0,0.0,2.030456852791878,0,1,0,finishing_team10,1,0,59460,train,-0.9856129740972022,-1.1731446939116332,-0.5693857707660099,-1.0992948748235933,-1.329301807783477,-0.973454127137173,-1.168065122270806,-0.980051246628074,-0.6033955879065779,0.1762726874672926,-0.22888618729874646,-1.2647205579438707,0.6664451087488514,-0.22318069838746318,-0.9379765012964775,-1.1419467157918393,0
2015-01-08,2,sweing,Thursday,10,0.75,28.08,1066.0,10530,69,0.0,0,0,58.5,0.8,0.799749373433584,0.8,1.384728680511969,0,0,0.050000000000000044,0,1066.0,6.9726062513017535,0,,0,6,2,7,5,-0.8660254037844386,0.5000000000000001,4.248495242049359,9.262078567380597,3.3350575791576103,4.069026754237811,29.62308448333912,28.371721383312643,17.287240805150887,2.0833333333333335,0,0,1,sweing_team10,13,0,69990,train,1.1375224131296902,0.8558583691043503,0.8903284192784912,1.071580054566176,0.9363015865590966,1.1239600607845135,0.9169171421156478,1.200533113275176,-0.5391378564257743,0.1762726874672926,-0.22888618729874646,-1.2647205579438707,0.6664451087488514,-0.22318069838746318,-0.9379765012964775,-1.1419467157918393,0
2015-01-08,2,finishing,Thursday,11,0.8,4.15,,900,0,0.0,0,0,5.0,0.515606061,0.5155930233550542,0.515606061,0.062392325626632036,1,1,-0.2843939390000001,1,0.0,0.0,0,,0,6,2,7,5,-0.8660254037844386,0.5000000000000001,0.0,6.803505257608338,1.423108334242607,1.6094379124341003,0.0,0.0,0.0,1.2048192771084336,0,1,0,finishing_team11,2,0,55860,train,-0.9856129740972022,-1.1731446939116332,-0.9140153011788772,-1.0418939495153812,-1.8645097551743899,-0.973454127137173,-1.168065122270806,-0.980051246628074,-1.6067452264502047,0.663747223037126,-0.22888618729874646,-1.2647205579438707,0.6664451087488514,-0.22318069838746318,-0.9379765012964775,-1.1419467157918393,0
2015-01-08,2,sweing,Thursday,11,0.35,12.52,287.0,25920,38,0.0,0,0,54.0,0.349951389,0.35007674289390145,0.349951389,-0.618701894069268,1,1,-4.86109999999762e-05,0,287.0,5.662960480135946,0,,0,6,2,7,5,-0.8660254037844386,0.5000000000000001,3.6635616461296463,10.162808729968926,2.5273273656719524,3.9889840465642745,20.746604818573978,22.589459011586253,14.613888960015911,4.313099041533547,0,0,1,sweing_team11,14,0,81780,train,0.8452087477209552,0.47475621226518394,1.551373101669249,0.17871283382095418,0.8451544323417699,0.495475393762487,0.4919899996910226,0.8633208717309453,2.17056756790369,-3.7235235970913716,-0.22888618729874646,-1.2647205579438707,0.6664451087488514,-0.22318069838746318,-0.9379765012964775,-1.1419467157918393,0
2015-01-08,2,sweing,Thursday,12,0.8,11.61,548.0,15120,63,0.0,0,0,31.5,0.800107143,0.7998564269239765,0.800107143,1.385397270830838,0,0,0.00010714299999992072,0,548.0,6.3080984415095305,0,,0,6,2,7,5,-0.8660254037844386,0.5000000000000001,4.1588830833596715,9.623839785112668,2.4518667957098,3.449987545831587,26.234643896561494,21.762861061087523,14.348094842160537,2.7131782945736433,0,0,1,sweing_team12,15,0,51015,train,1.0927397937785401,0.6624890129594019,1.155824501467856,0.09529851025962122,0.2313821274960118,0.8840470508603024,0.43124493444511475,0.8297940352113188,0.22627633111997963,0.663747223037126,-0.22888618729874646,-1.2647205579438707,0.6664451087488514,-0.22318069838746318,-0.9379765012964775,-1.1419467157918393,0
2015-01-10,2,finishing,Saturday,1,0.8,3.94,,2160,0,0.0,0,0,8.0,0.985,0.984594820384294,0.985,4.15752641512825,0,0,0.18499999999999994,1,0.0,0.0,0,,0,7,2,9,0,0.0,1.0,0.0,7.6783263565068856,1.3711807233098425,2.0794415416798357,0.0,0.0,0.0,2.030456852791878,0,1,0,finishing_team1,0,0,70500,train,-0.9856129740972022,-1.1731446939116332,-0.2719852465748004,-1.0992948748235933,-1.329301807783477,-0.973454127137173,-1.168065122270806,-0.980051246628074,-0.6033955879065779,0.663747223037126,-0.22888618729874646,-0.028538824941726406,1.3678317129691895,-0.22318069838746318,-0.9379765012964775,-1.0570792652683894,0
2015-01-10,2,sweing,Saturday,1,0.8,26.16,1335.0,10620,63,0.0,0,0,59.0,0.800117103,0.7998663786031747,0.800117103,1.385459436523326,0,0,0.00011710300000000728,0,1335.0,7.197435354096591,0,,0,7,2,9,0,0.0,1.0,4.1588830833596715,9.27058845232154,3.264231526588998,4.07753744390572,29.93329213772714,29.34781215641967,16.958001497225133,2.2553516819571864,0,0,1,sweing_team1,12,0,81120,train,1.0927397937785401,0.9212828204191932,0.8965738126511332,0.9932887393999459,0.9459929771454892,1.1459238078710556,0.9886481422500427,1.1590034039583281,-0.33009389694785873,0.663747223037126,-0.22888618729874646,-0.028538824941726406,1.3678317129691895,-0.22318069838746318,-0.9379765012964775,-1.0570792652683894,0
2015-01-10,2,finishing,Saturday,2,0.8,3.94,,1440,0,0.0,0,0,8.0,0.817102273,0.8168373588203843,0.817102273,1.4950654960787069,0,0,0.017102273,1,0.0,0.0,0,,0,7,2,9,0,0.0,1.0,0.0,7.273092595999522,1.3711807233098425,2.0794415416798357,0.0,0.0,0.0,2.030456852791878,0,1,0,finishing_team2,4,0,66510,train,-0.9856129740972022,-1.1731446939116332,-0.5693857707660099,-1.0992948748235933,-1.329301807783477,-0.973454127137173,-1.168065122270806,-0.980051246628074,-0.6033955879065779,0.663747223037126,-0.22888618729874646,-0.028538824941726406,1.3678317129691895,-0.22318069838746318,-0.9379765012964775,-1.0570792652683894,0
2015-01-10,2,sweing,Saturday,2,0.8,28.08,749.0,10350,63,0.0,0,0,57.5,0.800594466,0.8003433428036758,0.800594466,1.3884416368142438,0,0,0.0005944659999999047,0,749.0,6.620073206530356,0,,0,7,2,9,0,0.0,1.0,4.1588830833596715,9.24483841238375,3.3350575791576103,4.051784947803305,27.532110469241715,26.823112971575654,16.850899876830514,2.047720797720798,0,0,1,sweing_team2,16,0,76860,train,1.0927397937785401,0.7532725350739296,0.8776758921870157,1.071580054566176,0.9166677981010531,0.9759120556481791,0.8031129414706214,1.1454937802430607,-0.5824157131837854,0.663747223037126,-0.22888618729874646,-0.028538824941726406,1.3678317129691895,-0.22318069838746318,-0.9379765012964775,-1.0570792652683894,0
2015-01-10,2,finishing,Saturday,3,0.75,4.15,,2760,0,0.0,0,0,12.0,0.930340376,0.9299808602305764,0.930340376,2.5863953755853317,0,0,0.18034037599999997,1,0.0,0.0,0,,0,7,2,9,0,0.0,1.0,0.0,7.923348211930154,1.423108334242607,2.4849066497880004,0.0,0.0,0.0,2.8915662650602405,0,1,0,finishing_team3,5,0,70800,train,-0.9856129740972022,-1.1731446939116332,-0.0921640289399516,-1.0418939495153812,-0.8675859087010354,-0.973454127137173,-1.168065122270806,-0.980051246628074,0.44306092399670066,0.1762726874672926,-0.22888618729874646,-0.028538824941726406,1.3678317129691895,-0.22318069838746318,-0.9379765012964775,-1.0570792652683894,0
2015-01-10,2,sweing,Saturday,3,0.75,19.87,1075.0,7080,45,0.0,0,0,56.0,0.750098351,0.7498894133634085,0.750098351,1.0980225802076966,0,0,9.835099999999652e-05,0,1075.0,6.98100574072173,0,,0,7,2,9,0,0.0,1.0,3.828641396489095,8.865170419651774,2.9892110565637253,4.02535169073515,26.727767568055235,28.101003261446,15.411628118575964,2.8183190739808754,0,0,1,sweing_team3,17,0,77880,train,0.9277054058868384,0.8583025899805429,0.5990380513621463,0.6892803482072475,0.8865674150869745,0.9189618682410758,0.8970225972935648,0.9639463880898149,0.3540478450643599,0.1762726874672926,-0.22888618729874646,-0.028538824941726406,1.3678317129691895,-0.22318069838746318,-0.9379765012964775,-1.0570792652683894,0
2015-01-10,2,finishing,Saturday,4,0.8,3.94,,6000,0,0.0,0,0,20.0,0.911589744,0.9112458929189642,0.911589744,2.328943071973701,0,0,0.11158974399999999,1,0.0,0.0,0,,0,7,2,9,0,0.0,1.0,0.0,8.699681400989514,1.3711807233098425,2.995732273553991,0.0,0.0,0.0,5.0761421319796955,0,1,0,finishing_team4,6,0,110070,train,-0.9856129740972022,-1.1731446939116332,0.477585878087085,-1.0992948748235933,-0.28589266941854513,-0.973454127137173,-1.168065122270806,-0.980051246628074,3.0978497453876903,0.663747223037126,-0.22888618729874646,-0.028538824941726406,1.3678317129691895,-0.22318069838746318,-0.9379765012964775,-1.0570792652683894,0
2015-01-10,2,sweing,Saturday,4,0.8,28.08,660.0,10440,63,0.0,0,0,58.0,0.801028213,0.8007767274419383,0.801028213,1.3911559975056287,0,0,0.001028213,0,660.0,6.493753839851687,0,,0,7,2,9,0,0.0,1.0,4.1588830833596715,9.25349564229011,3.3350575791576103,4.060443010546419,27.006762992061088,26.367517391234752,16.886907747507518,2.0655270655270654,0,0,1,sweing_team4,18,0,120510,train,1.0927397937785401,0.716514058734984,0.8840294218361046,1.071580054566176,0.9265270070534614,0.9387156842558875,0.7696321141387155,1.1500357543219026,-0.5607767848047801,0.663747223037126,-0.22888618729874646,-0.028538824941726406,1.3678317129691895,-0.22318069838746318,-0.9379765012964775,-1.0570792652683894,0
2015-01-10,2,finishing,Saturday,5,0.5,4.15,,1440,0,0.0,0,0,8.0,0.337973485,0.33810884549707604,0.337973485,-0.671733251497862,1,1,-0.16202651499999998,1,0.0,0.0,0,,0,7,2,9,0,0.0,1.0,0.0,7.273092595999522,1.423108334242607,2.0794415416798357,0.0,0.0,0.0,1.9277108433734937,0,1,0,finishing_team5,7,0,62760,train,-0.9856129740972022,-1.1731446939116332,-0.5693857707660099,-1.0418939495153812,-1.329301807783477,-0.973454127137173,-1.168065122270806,-0.980051246628074,-0.7282568762586739,-2.2610999903818723,-0.22888618729874646,-0.028538824941726406,1.3678317129691895,-0.22318069838746318,-0.9379765012964775,-1.0570792652683894,0
2015-01-10,2,sweing,Saturday,5,0.5,20.79,966.0,7680,0,0.0,0,0,56.0,0.388007813,0.38810137372431075,0.388007813,-0.4553000474686772,1,1,-0.11199218700000002,0,966.0,6.874198495453294,0,,0,7,2,9,0,0.0,1.0,0.0,8.946505025998682,3.0344721018699214,4.02535169073515,0.0,27.67106653612194,0.0,2.6936026936026938,0,1,1,sweing_team5,19,0,70440,train,-0.9856129740972022,0.8272220700155016,0.6587294120527539,0.7393120333613457,0.8865674150869745,-0.973454127137173,0.8654273889874416,-0.980051246628074,0.20248723438196115,-2.2610999903818723,-0.22888618729874646,-0.028538824941726406,1.3678317129691895,-0.22318069838746318,-0.9379765012964775,-1.0570792652683894,0
2015-01-10,2,sweing,Saturday,6,0.8,11.41,887.0,5490,50,0.0,0,0,30.5,0.800343766,0.8000928522439432,0.800343766,1.3868747887120865,0,0,0.0003437659999999676,0,887.0,6.78897174299217,0,,0,7,2,9,0,0.0,1.0,3.9318256327243257,8.610865667278873,2.4344901638739844,3.417726683613366,26.69305311893776,23.202849880321484,13.437905380276934,2.6730937773882557,0,0,1,sweing_team6,20,0,54705,train,0.9792705109119583,0.8024213949792136,0.41240412785753683,0.07609033318004338,0.1946456668082843,0.9165039682831618,0.5370668938692436,0.7149842209961569,0.17756393355757186,0.663747223037126,-0.22888618729874646,-0.028538824941726406,1.3678317129691895,-0.22318069838746318,-0.9379765012964775,-1.0570792652683894,0
2015-01-10,2,finishing,Saturday,7,0.8,2.9,,1440,0,0.0,0,0,8.0,0.670075758,0.6699336729891394,0.670075758,0.7078850867394777,1,1,-0.12992424200000008,1,0.0,0.0,0,,0,7,2,9,0,0.0,1.0,0.0,7.273092595999522,1.0647107369924282,2.0794415416798357,0.0,0.0,0.0,2.7586206896551726,0,1,0,finishing_team7,9,0,67350,train,-0.9856129740972022,-1.1731446939116332,-0.5693857707660099,-1.4380676486489155,-1.329301807783477,-0.973454127137173,-1.168065122270806,-0.980051246628074,0.28149984809940837,0.663747223037126,-0.22888618729874646,-0.028538824941726406,1.3678317129691895,-0.22318069838746318,-0.9379765012964775,-1.0570792652683894,0
2015-01-10,2,sweing,Saturday,7,0.8,25.9,970.0,10170,60,0.0,0,0,56.5,0.850136766,0.8498442540818714,0.850136766,1.7333800406535405,0,0,0.050136765999999944,0,970.0,6.878326468291325,0,,0,7,2,9,0,0.0,1.0,4.110873864173311,9.227295812625597,3.254242968705492,4.034240638152395,28.275932507750326,27.748824160860107,16.584254401166543,2.1814671814671818,0,0,1,sweing_team7,21,0,77520,train,1.0687477527474374,0.8284232950998592,0.8648014012827553,0.9822473597811097,0.8966895396954262,1.028577162069971,0.871141644612243,1.111859554838011,-0.4198814611817876,0.663747223037126,-0.22888618729874646,-0.028538824941726406,1.3678317129691895,-0.22318069838746318,-0.9379765012964775,-1.0570792652683894,0
2015-01-10,2,finishing,Saturday,8,0.8,2.9,,1440,0,0.0,0,0,8.0,0.628882576,0.6287749046750208,0.628882576,0.5269647258836027,1,1,-0.17111742400000007,1,0.0,0.0,0,,0,7,2,9,0,0.0,1.0,0.0,7.273092595999522,1.0647107369924282,2.0794415416798357,0.0,0.0,0.0,2.7586206896551726,0,1,0,finishing_team8,10,0,67830,train,-0.9856129740972022,-1.1731446939116332,-0.5693857707660099,-1.4380676486489155,-1.329301807783477,-0.973454127137173,-1.168065122270806,-0.980051246628074,0.28149984809940837,0.663747223037126,-0.22888618729874646,-0.028538824941726406,1.3678317129691895,-0.22318069838746318,-0.9379765012964775,-1.0570792652683894,0
2015-01-10,2,sweing,Saturday,8,0.8,25.9,1158.0,10170,60,0.0,0,0,56.5,0.850136766,0.8498442540818714,0.850136766,1.7333800406535405,0,0,0.050136765999999944,0,1158.0,7.055312843339752,0,,0,7,2,9,0,0.0,1.0,4.110873864173311,9.227295812625597,3.254242968705492,4.034240638152395,29.003501171251678,28.462829787479752,16.584254401166543,2.1814671814671818,0,0,1,sweing_team8,22,0,78000,train,1.0687477527474374,0.8799256866221554,0.8648014012827553,0.9822473597811097,0.8966895396954262,1.080091474780156,0.9236125203853887,1.111859554838011,-0.4198814611817876,0.663747223037126,-0.22888618729874646,-0.028538824941726406,1.3678317129691895,-0.22318069838746318,-0.9379765012964775,-1.0570792652683894,0
2015-01-10,2,finishing,Saturday,9,0.8,3.94,,1440,0,0.0,0,0,8.0,0.858143939,0.8578447377142856,0.858143939,1.7975032680809833,0,0,0.05814393899999992,1,0.0,0.0,0,,0,7,2,9,0,0.0,1.0,0.0,7.273092595999522,1.3711807233098425,2.0794415416798357,0.0,0.0,0.0,2.030456852791878,0,1,0,finishing_team9,11,0,69420,train,-0.9856129740972022,-1.1731446939116332,-0.5693857707660099,-1.0992948748235933,-1.329301807783477,-0.973454127137173,-1.168065122270806,-0.980051246628074,-0.6033955879065779,0.663747223037126,-0.22888618729874646,-0.028538824941726406,1.3678317129691895,-0.22318069838746318,-0.9379765012964775,-1.0570792652683894,0
2015-01-10,2,sweing,Saturday,9,0.8,26.16,1122.0,10620,75,0.0,0,0,59.0,0.851174114,0.8508807354586466,0.851174114,1.7415255534717693,0,0,0.05117411399999994,0,1122.0,7.023758954738443,0,,0,7,2,9,0,0.0,1.0,4.330733340286331,9.27058845232154,3.264231526588998,4.07753744390572,30.418027079420447,28.6396401349141,17.658727354588407,2.2553516819571864,1,0,1,sweing_team9,23,0,80040,train,1.178619932744878,0.8707436197859322,0.8965738126511332,0.9932887393999459,0.9459929771454892,1.1802446749185356,0.936605966696949,1.2473918207316324,-0.33009389694785873,0.663747223037126,-0.22888618729874646,-0.028538824941726406,1.3678317129691895,-0.22318069838746318,-0.9379765012964775,-1.0570792652683894,0
2015-01-10,2,finishing,Saturday,10,0.8,3.94,,1440,0,0.0,0,0,8.0,0.846950758,0.84666090774269,0.846950758,1.7086485111330396,0,0,0.046950757999999926,1,0.0,0.0,0,,0,7,2,9,0,0.0,1.0,0.0,7.273092595999522,1.3711807233098425,2.0794415416798357,0.0,0.0,0.0,2.030456852791878,0,1,0,finishing_team10,1,0,71430,train,-0.9856129740972022,-1.1731446939116332,-0.5693857707660099,-1.0992948748235933,-1.329301807783477,-0.973454127137173,-1.168065122270806,-0.980051246628074,-0.6033955879065779,0.663747223037126,-0.22888618729874646,-0.028538824941726406,1.3678317129691895,-0.22318069838746318,-0.9379765012964775,-1.0570792652683894,0
2015-01-10,2,sweing,Saturday,10,0.8,28.08,1082.0,10530,63,0.0,0,0,58.5,0.8,0.799749373433584,0.8,1.384728680511969,0,0,0.0,0,1082.0,6.9874902470009905,0,,0,7,2,9,0,0.0,1.0,4.1588830833596715,9.262078567380597,3.3350575791576103,4.069026754237811,29.06015498339311,28.4322847600228,16.922606533937543,2.0833333333333335,0,0,1,sweing_team10,13,0,81960,train,1.0927397937785401,0.8601895577266866,0.8903284192784912,1.071580054566176,0.9363015865590966,1.0841027555585678,0.9213678261120831,1.154538741017943,-0.5391378564257743,0.663747223037126,-0.22888618729874646,-0.028538824941726406,1.3678317129691895,-0.22318069838746318,-0.9379765012964775,-1.0570792652683894,0
2015-01-10,2,finishing,Saturday,11,0.8,4.15,,1440,0,0.0,0,0,8.0,0.817424242,0.8171590588404344,0.817424242,1.4972171614750094,0,0,0.017424241999999923,1,0.0,0.0,0,,0,7,2,9,0,0.0,1.0,0.0,7.273092595999522,1.423108334242607,2.0794415416798357,0.0,0.0,0.0,1.9277108433734937,0,1,0,finishing_team11,2,0,83220,train,-0.9856129740972022,-1.1731446939116332,-0.5693857707660099,-1.0418939495153812,-1.329301807783477,-0.973454127137173,-1.168065122270806,-0.980051246628074,-0.7282568762586739,0.663747223037126,-0.22888618729874646,-0.028538824941726406,1.3678317129691895,-0.22318069838746318,-0.9379765012964775,-1.0570792652683894,0
2015-01-10,2,sweing,Saturday,11,0.5,12.52,749.0,9540,38,0.0,0,0,53.0,0.673245283,0.6731005500985797,0.673245283,0.7222420933221455,0,1,0.17324528299999997,0,749.0,6.620073206530356,0,,0,7,2,9,0,0.0,1.0,3.6635616461296463,9.163353580751846,2.5273273656719524,3.970291913552122,24.253046294015117,26.28362311901054,14.545409178428235,4.233226837060703,0,0,1,sweing_team11,14,0,92760,train,0.8452087477209552,0.7532725350739296,0.8178742813572082,0.17871283382095418,0.8238691112946817,0.7437432641742823,0.7634668883031771,0.8546829437710834,2.0735034930023355,-2.2610999903818723,-0.22888618729874646,-0.028538824941726406,1.3678317129691895,-0.22318069838746318,-0.9379765012964775,-1.0570792652683894,0
2015-01-10,2,sweing,Saturday,12,0.8,11.61,893.0,4710,50,0.0,0,0,31.5,0.800346445,0.8000955290058479,0.800346445,1.3868915243862074,0,0,0.0003464449999999175,0,893.0,6.795705775173515,0,,0,7,2,9,0,0.0,1.0,3.9318256327243257,8.45765547870004,2.4518667957098,3.449987545831587,26.71953015927996,23.44510028948442,13.564749465280324,2.7131782945736433,0,0,1,sweing_team12,15,0,55725,train,0.9792705109119583,0.8043809738554545,0.2999633718412306,0.09529851025962122,0.2313821274960118,0.918378631946196,0.5548694022127154,0.7309841269974787,0.22627633111997963,0.663747223037126,-0.22888618729874646,-0.028538824941726406,1.3678317129691895,-0.22318069838746318,-0.9379765012964775,-1.0570792652683894,0
2015-01-11,2,finishing,Sunday,1,0.8,3.94,,1440,0,0.0,0,0,8.0,0.873068182,0.872756512675021,0.873068182,1.9255541342395543,0,0,0.07306818199999998,1,0.0,0.0,0,,0,8,2,10,1,0.8660254037844386,0.5000000000000001,0.0,7.273092595999522,1.3711807233098425,2.0794415416798357,0.0,0.0,0.0,2.030456852791878,0,1,0,finishing_team1,0,0,82560,train,-0.9856129740972022,-1.1731446939116332,-0.5693857707660099,-1.0992948748235933,-1.329301807783477,-0.973454127137173,-1.168065122270806,-0.980051246628074,-0.6033955879065779,0.663747223037126,-0.22888618729874646,1.207642908060418,0.6664451087488514,-0.22318069838746318,-0.9379765012964775,-0.9722118147449396,0
2015-01-11,2,sweing,Sunday,1,0.8,26.16,1383.0,10620,75,0.0,0,0,59.0,0.850502311,0.8502094936975773,0.850502311,1.7362450890344094,0,0,0.05050231099999991,0,1383.0,7.232733136177615,0,,0,8,2,10,1,0.8660254037844386,0.5000000000000001,4.330733340286331,9.27058845232154,3.264231526588998,4.07753744390572,31.323038534238112,29.49174018454187,17.658727354588407,2.2553516819571864,1,0,1,sweing_team1,12,0,93180,train,1.178619932744878,0.9315543466432212,0.8965738126511332,0.9932887393999459,0.9459929771454892,1.2443225350965936,0.9992251312853081,1.2473918207316324,-0.33009389694785873,0.663747223037126,-0.22888618729874646,1.207642908060418,0.6664451087488514,-0.22318069838746318,-0.9379765012964775,-0.9722118147449396,0
2015-01-11,2,finishing,Sunday,2,0.8,3.94,,1440,0,0.0,0,0,8.0,0.820833333,0.8205653018111947,0.820833333,1.5201821518425678,0,0,0.02083333300000001,1,0.0,0.0,0,,0,8,2,10,1,0.8660254037844386,0.5000000000000001,0.0,7.273092595999522,1.3711807233098425,2.0794415416798357,0.0,0.0,0.0,2.030456852791878,0,1,0,finishing_team2,4,0,78300,train,-0.9856129740972022,-1.1731446939116332,-0.5693857707660099,-1.0992948748235933,-1.329301807783477,-0.973454127137173,-1.168065122270806,-0.980051246628074,-0.6033955879065779,0.663747223037126,-0.22888618729874646,1.207642908060418,0.6664451087488514,-0.22318069838746318,-0.9379765012964775,-0.9722118147449396,0
2015-01-11,2,sweing,Sunday,2,0.8,28.08,805.0,10530,63,0.0,0,0,58.5,0.8,0.799749373433584,0.8,1.384728680511969,0,0,0.0,0,805.0,6.692083742506628,0,,0,8,2,10,1,0.8660254037844386,0.5000000000000001,4.1588830833596715,9.262078567380597,3.3350575791576103,4.069026754237811,27.831593869137095,27.230267789859365,16.922606533937543,2.0833333333333335,0,0,1,sweing_team2,16,0,88830,train,1.0927397937785401,0.7742273391743333,0.8903284192784912,1.071580054566176,0.9363015865590966,0.9971164893843377,0.8330339520258826,1.154538741017943,-0.5391378564257743,0.663747223037126,-0.22888618729874646,1.207642908060418,0.6664451087488514,-0.22318069838746318,-0.9379765012964775,-0.9722118147449396,0
2015-01-11,2,finishing,Sunday,3,0.75,4.15,,1440,0,0.0,0,0,8.0,0.93532197,0.9349582924979114,0.93532197,2.6654732033375703,0,0,0.18532196999999995,1,0.0,0.0,0,,0,8,2,10,1,0.8660254037844386,0.5000000000000001,0.0,7.273092595999522,1.423108334242607,2.0794415416798357,0.0,0.0,0.0,1.9277108433734937,0,1,0,finishing_team3,5,0,79320,train,-0.9856129740972022,-1.1731446939116332,-0.5693857707660099,-1.0418939495153812,-1.329301807783477,-0.973454127137173,-1.168065122270806,-0.980051246628074,-0.7282568762586739,0.1762726874672926,-0.22888618729874646,1.207642908060418,0.6664451087488514,-0.22318069838746318,-0.9379765012964775,-0.9722118147449396,0
2015-01-11,2,sweing,Sunday,3,0.8,19.87,1043.0,6420,0,0.0,0,0,55.0,0.690182815,0.6900239321136173,0.690182815,0.8002311870798725,1,1,-0.10981718500000004,0,1043.0,6.950814768442584,0,,0,8,2,10,1,0.8660254037844386,0.5000000000000001,0.0,8.76732914779405,2.9892110565637253,4.007333185232471,0.0,27.85423068598392,0.0,2.7679919476597883,0,1,1,sweing_team3,17,0,85740,train,-0.9856129740972022,0.8495171268377788,0.527232470549752,0.6892803482072475,0.8660491749180281,-0.973454127137173,0.8788877638012966,-0.980051246628074,0.2928881964601851,0.663747223037126,-0.22888618729874646,1.207642908060418,0.6664451087488514,-0.22318069838746318,-0.9379765012964775,-0.9722118147449396,0
2015-01-11,2,finishing,Sunday,4,0.8,3.94,,3600,0,0.0,0,0,20.0,0.925643939,0.925288346736842,0.925643939,2.5164693343205053,0,0,0.12564393899999993,1,0.0,0.0,0,,0,8,2,10,1,0.8660254037844386,0.5000000000000001,0.0,8.188966863648876,1.3711807233098425,2.995732273553991,0.0,0.0,0.0,5.0761421319796955,0,1,0,finishing_team4,6,0,124110,train,-0.9856129740972022,-1.1731446939116332,0.10277315042340172,-1.0992948748235933,-0.28589266941854513,-0.973454127137173,-1.168065122270806,-0.980051246628074,3.0978497453876903,0.663747223037126,-0.22888618729874646,1.207642908060418,0.6664451087488514,-0.22318069838746318,-0.9379765012964775,-0.9722118147449396,0
2015-01-11,2,sweing,Sunday,4,0.8,50.48,562.0,10440,0,0.0,0,0,58.0,0.473134796,0.4731572397794486,0.473134796,-0.10747437224551676,1,1,-0.326865204,0,562.0,6.333279628139691,1,smv_extreme;,0,8,2,10,1,0.8660254037844386,0.5000000000000001,0.0,9.25349564229011,3.9215772182329576,4.060443010546419,0.0,25.71592099991583,0.0,1.1489698890649762,0,1,1,sweing_team4,18,0,134550,train,-0.9856129740972022,0.6698166466965619,0.8840294218361046,1.719920492140998,0.9265270070534614,-0.973454127137173,0.7217475708963997,-0.980051246628074,-1.6746157606369512,0.663747223037126,-0.22888618729874646,1.207642908060418,0.6664451087488514,-0.22318069838746318,-0.9379765012964775,-0.9722118147449396,0
2015-01-11,2,finishing,Sunday,5,0.5,4.15,,1440,0,0.0,0,0,8.0,0.609138258,0.6090470815104428,0.609138258,0.4433084345976818,0,1,0.10913825799999999,1,0.0,0.0,0,,0,8,2,10,1,0.8660254037844386,0.5000000000000001,0.0,7.273092595999522,1.423108334242607,2.0794415416798357,0.0,0.0,0.0,1.9277108433734937,0,1,0,finishing_team5,7,0,71880,train,-0.9856129740972022,-1.1731446939116332,-0.5693857707660099,-1.0418939495153812,-1.329301807783477,-0.973454127137173,-1.168065122270806,-0.980051246628074,-0.7282568762586739,-2.2610999903818723,-0.22888618729874646,1.207642908060418,0.6664451087488514,-0.22318069838746318,-0.9379765012964775,-0.9722118147449396,0
2015-01-11,2,sweing,Sunday,5,0.6,20.79,1208.0,7980,0,0.0,0,0,57.0,0.452979626,0.4530189078496241,0.452979626,-0.18848037157748093,1,1,-0.14702037399999995,0,1208.0,7.097548850614793,0,,0,8,2,10,1,0.8660254037844386,0.5000000000000001,0.0,8.984818995876008,3.0344721018699214,4.04305126783455,0.0,28.69575387899579,0.0,2.741702741702742,0,1,1,sweing_team5,19,0,79860,train,-0.9856129740972022,0.8922162111465575,0.6868479841852843,0.7393120333613457,0.9067224814303124,-0.973454127137173,0.9407296559020553,-0.980051246628074,0.26094044350966455,-1.2861509192422065,-0.22888618729874646,1.207642908060418,0.6664451087488514,-0.22318069838746318,-0.9379765012964775,-0.9722118147449396,0
2015-01-11,2,finishing,Sunday,6,0.8,2.9,,1440,0,0.0,0,0,8.0,0.597348485,0.5972671579448623,0.597348485,0.3940910948631617,1,1,-0.202651515,1,0.0,0.0,0,,0,8,2,10,1,0.8660254037844386,0.5000000000000001,0.0,7.273092595999522,1.0647107369924282,2.0794415416798357,0.0,0.0,0.0,2.7586206896551726,0,1,0,finishing_team6,8,0,56145,train,-0.9856129740972022,-1.1731446939116332,-0.5693857707660099,-1.4380676486489155,-1.329301807783477,-0.973454127137173,-1.168065122270806,-0.980051246628074,0.28149984809940837,0.663747223037126,-0.22888618729874646,1.207642908060418,0.6664451087488514,-0.22318069838746318,-0.9379765012964775,-0.9722118147449396,0
2015-01-11,2,sweing,Sunday,6,0.8,11.41,887.0,5490,50,0.0,0,0,30.5,0.800343766,0.8000928522439432,0.800343766,1.3868747887120865,0,0,0.0003437659999999676,0,887.0,6.78897174299217,0,,0,8,2,10,1,0.8660254037844386,0.5000000000000001,3.9318256327243257,8.610865667278873,2.4344901638739844,3.417726683613366,26.69305311893776,23.202849880321484,13.437905380276934,2.6730937773882557,0,0,1,sweing_team6,20,0,61635,train,0.9792705109119583,0.8024213949792136,0.41240412785753683,0.07609033318004338,0.1946456668082843,0.9165039682831618,0.5370668938692436,0.7149842209961569,0.17756393355757186,0.663747223037126,-0.22888618729874646,1.207642908060418,0.6664451087488514,-0.22318069838746318,-0.9379765012964775,-0.9722118147449396,0
2015-01-11,2,finishing,Sunday,7,0.8,2.9,,1440,0,0.0,0,0,8.0,0.590435606,0.5903600541152881,0.590435606,0.36545401887574086,1,1,-0.20956439400000004,1,0.0,0.0,0,,0,8,2,10,1,0.8660254037844386,0.5000000000000001,0.0,7.273092595999522,1.0647107369924282,2.0794415416798357,0.0,0.0,0.0,2.7586206896551726,0,1,0,finishing_team7,9,0,78960,train,-0.9856129740972022,-1.1731446939116332,-0.5693857707660099,-1.4380676486489155,-1.329301807783477,-0.973454127137173,-1.168065122270806,-0.980051246628074,0.28149984809940837,0.663747223037126,-0.22888618729874646,1.207642908060418,0.6664451087488514,-0.22318069838746318,-0.9379765012964775,-0.9722118147449396,0
2015-01-11,2,sweing,Sunday,7,0.8,25.9,1012.0,10170,45,0.0,0,0,56.5,0.850136766,0.8498442540818714,0.850136766,1.7333800406535405,0,0,0.050136765999999944,0,1012.0,6.920671504248683,0,,0,8,2,10,1,0.8660254037844386,0.5000000000000001,3.828641396489095,9.227295812625597,3.254242968705492,4.034240638152395,26.496769412668964,27.919654225743308,15.445660710628845,2.1814671814671818,0,0,1,sweing_team7,21,0,89130,train,0.9277054058868384,0.8407455465743291,0.8648014012827553,0.9822473597811097,0.8966895396954262,0.9026064205575843,0.8836956116660346,0.968239203744663,-0.4198814611817876,0.663747223037126,-0.22888618729874646,1.207642908060418,0.6664451087488514,-0.22318069838746318,-0.9379765012964775,-0.9722118147449396,0
2015-01-11,2,finishing,Sunday,8,0.8,2.9,,1440,0,0.0,0,0,8.0,0.653598485,0.6534701654636591,0.653598485,0.6343279610804445,1,1,-0.1464015150000001,1,0.0,0.0,0,,0,8,2,10,1,0.8660254037844386,0.5000000000000001,0.0,7.273092595999522,1.0647107369924282,2.0794415416798357,0.0,0.0,0.0,2.7586206896551726,0,1,0,finishing_team8,10,0,79440,train,-0.9856129740972022,-1.1731446939116332,-0.5693857707660099,-1.4380676486489155,-1.329301807783477,-0.973454127137173,-1.168065122270806,-0.980051246628074,0.28149984809940837,0.663747223037126,-0.22888618729874646,1.207642908060418,0.6664451087488514,-0.22318069838746318,-0.9379765012964775,-0.9722118147449396,0
2015-01-11,2,sweing,Sunday,8,0.8,25.9,1209.0,10170,60,0.0,0,0,56.5,0.850136766,0.8498442540818714,0.850136766,1.7333800406535405,0,0,0.050136765999999944,0,1209.0,7.098375638590786,0,,0,8,2,10,1,0.8660254037844386,0.5000000000000001,4.110873864173311,9.227295812625597,3.254242968705492,4.034240638152395,29.180526890767403,28.63655546607391,16.584254401166543,2.1814671814671818,0,0,1,sweing_team8,22,0,89610,train,1.0687477527474374,0.8924568034409299,0.8648014012827553,0.9822473597811097,0.8966895396954262,1.092625492159344,0.9363792804223869,1.111859554838011,-0.4198814611817876,0.663747223037126,-0.22888618729874646,1.207642908060418,0.6664451087488514,-0.22318069838746318,-0.9379765012964775,-0.9722118147449396,0
2015-01-11,2,finishing,Sunday,9,0.8,3.94,,1440,0,0.0,0,0,8.0,0.858143939,0.8578447377142856,0.858143939,1.7975032680809833,0,0,0.05814393899999992,1,0.0,0.0,0,,0,8,2,10,1,0.8660254037844386,0.5000000000000001,0.0,7.273092595999522,1.3711807233098425,2.0794415416798357,0.0,0.0,0.0,2.030456852791878,0,1,0,finishing_team9,11,0,81480,train,-0.9856129740972022,-1.1731446939116332,-0.5693857707660099,-1.0992948748235933,-1.329301807783477,-0.973454127137173,-1.168065122270806,-0.980051246628074,-0.6033955879065779,0.663747223037126,-0.22888618729874646,1.207642908060418,0.6664451087488514,-0.22318069838746318,-0.9379765012964775,-0.9722118147449396,0
2015-01-11,2,sweing,Sunday,9,0.8,26.16,1095.0,10620,88,0.0,0,0,59.0,0.900215716,0.8998813670309106,0.900215716,2.1959071276799675,0,0,0.10021571600000001,0,1095.0,6.999422467507961,0,,0,8,2,10,1,0.8660254037844386,0.5000000000000001,4.48863636973214,9.27058845232154,3.264231526588998,4.07753744390572,31.41786225477651,28.540407196978677,18.302582869659837,2.2553516819571864,1,0,1,sweing_team9,23,0,92100,train,1.2575301092818796,0.8636617905023013,0.8965738126511332,0.9932887393999459,0.9459929771454892,1.2510363739920882,0.929313532345045,1.328606705283011,-0.33009389694785873,0.663747223037126,-0.22888618729874646,1.207642908060418,0.6664451087488514,-0.22318069838746318,-0.9379765012964775,-0.9722118147449396,0
2015-01-11,2,finishing,Sunday,10,0.8,3.94,,1440,0,0.0,0,0,8.0,0.828295455,0.8280211897911445,0.828295455,1.5716674728289972,0,0,0.02829545499999997,1,0.0,0.0,0,,0,8,2,10,1,0.8660254037844386,0.5000000000000001,0.0,7.273092595999522,1.3711807233098425,2.0794415416798357,0.0,0.0,0.0,2.030456852791878,0,1,0,finishing_team10,1,0,83400,train,-0.9856129740972022,-1.1731446939116332,-0.5693857707660099,-1.0992948748235933,-1.329301807783477,-0.973454127137173,-1.168065122270806,-0.980051246628074,-0.6033955879065779,0.663747223037126,-0.22888618729874646,1.207642908060418,0.6664451087488514,-0.22318069838746318,-0.9379765012964775,-0.9722118147449396,0
2015-01-11,2,sweing,Sunday,10,0.8,28.08,762.0,10530,38,0.0,0,0,58.5,0.8,0.799749373433584,0.8,1.384728680511969,0,0,0.0,0,762.0,6.637258031284457,0,,0,8,2,10,1,0.8660254037844386,0.5000000000000001,3.6635616461296463,9.262078567380597,3.3350575791576103,4.069026754237811,24.3160039588797,27.007180504076235,14.907130353901046,2.0833333333333335,0,0,1,sweing_team10,13,0,93930,train,0.8452087477209552,0.7582732565841903,0.8903284192784912,1.071580054566176,0.9363015865590966,0.74820087896452,0.8166397041061383,0.9003098628828258,-0.5391378564257743,0.663747223037126,-0.22888618729874646,1.207642908060418,0.6664451087488514,-0.22318069838746318,-0.9379765012964775,-0.9722118147449396,0
2015-01-11,2,finishing,Sunday,11,0.8,4.15,,1440,0,0.0,0,0,8.0,0.668087121,0.6679466973400168,0.668087121,0.6989128697413706,1,1,-0.13191287900000004,1,0.0,0.0,0,,0,8,2,10,1,0.8660254037844386,0.5000000000000001,0.0,7.273092595999522,1.423108334242607,2.0794415416798357,0.0,0.0,0.0,1.9277108433734937,0,1,0,finishing_team11,2,0,94200,train,-0.9856129740972022,-1.1731446939116332,-0.5693857707660099,-1.0418939495153812,-1.329301807783477,-0.973454127137173,-1.168065122270806,-0.980051246628074,-0.7282568762586739,0.663747223037126,-0.22888618729874646,1.207642908060418,0.6664451087488514,-0.22318069838746318,-0.9379765012964775,-0.9722118147449396,0
2015-01-11,2,sweing,Sunday,11,0.6,12.52,831.0,9540,30,0.0,0,0,53.0,0.600229846,0.6001461117928153,0.600229846,0.40607394432959726,0,1,0.000229845999999978,0,831.0,6.723832440821209,0,,0,8,2,10,1,0.8660254037844386,0.5000000000000001,3.4339872044851463,9.163353580751846,2.5273273656719524,3.970291913552122,23.08955456688216,26.695577567871872,13.633931629208833,4.233226837060703,0,0,1,sweing_team11,14,0,103740,train,0.7304816282848566,0.7834660949286867,0.8178742813572082,0.17871283382095418,0.8238691112946817,0.6613641298410334,0.7937406143139001,0.739710652320237,2.0735034930023355,-1.2861509192422065,-0.22888618729874646,1.207642908060418,0.6664451087488514,-0.22318069838746318,-0.9379765012964775,-0.9722118147449396,0
2015-01-11,2,sweing,Sunday,12,0.8,11.61,896.0,5670,50,0.0,0,0,31.5,0.800246753,0.7999959202907269,0.800246753,1.3862688631319777,0,0,0.00024675299999998845,0,896.0,6.799055862058796,0,,0,8,2,10,1,0.8660254037844386,0.5000000000000001,3.9318256327243257,8.643120748014027,2.4518667957098,3.449987545831587,26.73270211676736,23.456658047516093,13.564749465280324,2.7131782945736433,0,0,1,sweing_team12,15,0,61395,train,0.9792705109119583,0.8053558369563698,0.43607608921251995,0.09529851025962122,0.2313821274960118,0.9193112509154433,0.5557187592251625,0.7309841269974787,0.22627633111997963,0.663747223037126,-0.22888618729874646,1.207642908060418,0.6664451087488514,-0.22318069838746318,-0.9379765012964775,-0.9722118147449396,0
2015-01-12,2,finishing,Monday,1,0.8,3.94,,1440,0,0.0,0,0,8.0,0.955151515,0.9547712714619883,0.955151515,3.0497393334095966,0,0,0.1551515149999999,1,0.0,0.0,0,,0,9,2,11,2,0.8660254037844387,-0.4999999999999998,0.0,7.273092595999522,1.3711807233098425,2.0794415416798357,0.0,0.0,0.0,2.030456852791878,0,1,0,finishing_team1,0,0,94620,train,-0.9856129740972022,-1.1731446939116332,-0.5693857707660099,-1.0992948748235933,-1.329301807783477,-0.973454127137173,-1.168065122270806,-0.980051246628074,-0.6033955879065779,0.663747223037126,-0.22888618729874646,1.207642908060418,-0.7363280996918251,-0.22318069838746318,-0.9379765012964775,-0.8873443642214897,0
2015-01-12,2,sweing,Monday,1,0.8,26.16,1099.0,8220,75,0.0,0,0,59.0,0.850522167,0.8502293331094404,0.850522167,1.7364008799930384,0,0,0.05052216700000001,0,1099.0,7.003065458786462,0,,0,9,2,11,2,0.8660254037844387,-0.4999999999999998,4.330733340286331,9.014447135152134,3.264231526588998,4.07753744390572,30.32840906657412,28.555261630324583,17.658727354588407,2.2553516819571864,1,0,1,sweing_team1,12,0,102840,train,1.178619932744878,0.8647218877164868,0.7085920366563758,0.9932887393999459,0.9459929771454892,1.1738994176667812,0.9304051555728109,1.2473918207316324,-0.33009389694785873,0.663747223037126,-0.22888618729874646,1.207642908060418,-0.7363280996918251,-0.22318069838746318,-0.9379765012964775,-0.8873443642214897,0
2015-01-12,2,finishing,Monday,2,0.8,3.94,,1440,0,0.0,0,0,8.0,0.880530303,0.8802123996558062,0.880530303,1.9944430642395194,0,0,0.08053030299999997,1,0.0,0.0,0,,0,9,2,11,2,0.8660254037844387,-0.4999999999999998,0.0,7.273092595999522,1.3711807233098425,2.0794415416798357,0.0,0.0,0.0,2.030456852791878,0,1,0,finishing_team2,4,0,90270,train,-0.9856129740972022,-1.1731446939116332,-0.5693857707660099,-1.0992948748235933,-1.329301807783477,-0.973454127137173,-1.168065122270806,-0.980051246628074,-0.6033955879065779,0.663747223037126,-0.22888618729874646,1.207642908060418,-0.7363280996918251,-0.22318069838746318,-0.9379765012964775,-0.8873443642214897,0
2015-01-12,2,sweing,Monday,2,0.8,28.08,737.0,10530,63,0.0,0,0,58.5,0.8,0.799749373433584,0.8,1.384728680511969,0,0,0.0,0,737.0,6.6039438246004725,0,,0,9,2,11,2,0.8660254037844387,-0.4999999999999998,4.1588830833596715,9.262078567380597,3.3350575791576103,4.069026754237811,27.465030255588474,26.871624105782896,16.922606533937543,2.0833333333333335,0,0,1,sweing_team2,16,0,100800,train,1.0927397937785401,0.7485789435873633,0.8903284192784912,1.071580054566176,0.9363015865590966,0.9711625505139565,0.8066779297588139,1.154538741017943,-0.5391378564257743,0.663747223037126,-0.22888618729874646,1.207642908060418,-0.7363280996918251,-0.22318069838746318,-0.9379765012964775,-0.8873443642214897,0
2015-01-12,2,finishing,Monday,3,0.8,4.15,,1800,0,0.0,0,0,10.0,0.905454545,0.9051158193984963,0.905454545,2.255405916479864,0,0,0.10545454499999996,1,0.0,0.0,0,,0,9,2,11,2,0.8660254037844387,-0.4999999999999998,0.0,7.496097345175956,1.423108334242607,2.302585092994046,0.0,0.0,0.0,2.4096385542168672,0,1,0,finishing_team3,5,0,87540,train,-0.9856129740972022,-1.1731446939116332,-0.40572287846610844,-1.0418939495153812,-1.0752012122964671,-0.973454127137173,-1.168065122270806,-0.980051246628074,-0.14259797613098643,0.663747223037126,-0.22888618729874646,1.207642908060418,-0.7363280996918251,-0.22318069838746318,-0.9379765012964775,-0.8873443642214897,0
2015-01-12,2,sweing,Monday,3,0.8,19.87,941.0,9900,0,0.0,0,0,55.0,0.800273829,0.8000229736708437,0.800273829,1.386437952748211,0,0,0.0002738289999999477,0,941.0,6.848005274576363,0,,0,9,2,11,2,0.8660254037844387,-0.4999999999999998,0.0,9.200391041122515,2.9892110565637253,4.007333185232471,0.0,27.442238789456862,0.0,2.7679919476597883,0,1,1,sweing_team3,17,0,97440,train,-0.9856129740972022,0.8195999379928272,0.8450560248406661,0.6892803482072475,0.8660491749180281,-0.973454127137173,0.8486112858349264,-0.980051246628074,0.2928881964601851,0.663747223037126,-0.22888618729874646,1.207642908060418,-0.7363280996918251,-0.22318069838746318,-0.9379765012964775,-0.8873443642214897,0
2015-01-12,2,finishing,Monday,4,0.35,4.3,,3240,0,0.0,0,0,18.0,0.942213805,0.9418443699081035,0.942213805,2.7847173540846124,0,0,0.592213805,1,0.0,0.0,0,,0,9,2,11,2,0.8660254037844387,-0.4999999999999998,0.0,8.083637203141548,1.4586150226995167,2.8903717578961645,0.0,0.0,0.0,4.186046511627907,0,1,0,finishing_team4,6,0,137790,train,-0.9856129740972022,-1.1731446939116332,0.025471851023910256,-1.0026447575066062,-0.40587000961859426,-0.973454127137173,-1.168065122270806,-0.980051246628074,2.016167969688513,-3.7235235970913716,-0.22888618729874646,1.207642908060418,-0.7363280996918251,-0.22318069838746318,-0.9379765012964775,-0.8873443642214897,0
2015-01-12,2,sweing,Monday,4,0.35,22.4,581.0,7350,0,0.0,0,0,51.5,0.35063299,0.35075777446950707,0.35063299,-0.6157099919221372,0,1,0.0006329899999999999,0,581.0,6.366470447731438,0,,0,9,2,11,2,0.8660254037844387,-0.4999999999999998,0.0,8.902591637374087,3.109060958860994,3.9415818076696905,0.0,25.093964095844946,0.0,2.299107142857143,0,1,1,sweing_team4,18,0,145140,train,-0.9856129740972022,0.6794750544982493,0.6265014338615595,0.8217627629840334,0.7911760087682795,-0.973454127137173,0.6760411755501089,-0.980051246628074,-0.2769204136044681,-3.7235235970913716,-0.22888618729874646,1.207642908060418,-0.7363280996918251,-0.22318069838746318,-0.9379765012964775,-0.8873443642214897,0
2015-01-12,2,finishing,Monday,5,0.65,4.15,,1440,0,0.0,0,0,8.0,0.809564394,0.8093057771294904,0.809564394,1.4455055970903106,0,0,0.159564394,1,0.0,0.0,0,,0,9,2,11,2,0.8660254037844387,-0.4999999999999998,0.0,7.273092595999522,1.423108334242607,2.0794415416798357,0.0,0.0,0.0,1.9277108433734937,0,1,0,finishing_team5,7,0,81300,train,-0.9856129740972022,-1.1731446939116332,-0.5693857707660099,-1.0418939495153812,-1.329301807783477,-0.973454127137173,-1.168065122270806,-0.980051246628074,-0.7282568762586739,-0.7986763836723731,-0.22888618729874646,1.207642908060418,-0.7363280996918251,-0.22318069838746318,-0.9379765012964775,-0.8873443642214897,0
2015-01-12,2,sweing,Monday,5,0.65,20.79,1141.0,8460,0,0.0,0,0,59.0,0.650040783,0.6499154356457811,0.650040783,0.6186675176790828,0,1,4.078299999998869e-05,0,1141.0,7.040536390215956,0,,0,9,2,11,2,0.8660254037844387,-0.4999999999999998,0.0,9.0432226489245,3.0344721018699214,4.07753744390572,0.0,28.708050756286372,0.0,2.837902837902838,0,1,1,sweing_team5,19,0,89760,train,-0.9856129740972022,0.8756257924981904,0.729710348390962,0.7393120333613457,0.9459929771454892,-0.973454127137173,0.9416333293419501,-0.980051246628074,0.3778468617650708,-0.7986763836723731,-0.22888618729874646,1.207642908060418,-0.7363280996918251,-0.22318069838746318,-0.9379765012964775,-0.8873443642214897,0
2015-01-12,2,finishing,Monday,6,0.8,2.9,,1440,0,0.0,0,0,8.0,0.817424242,0.8171590588404344,0.817424242,1.4972171614750094,0,0,0.017424241999999923,1,0.0,0.0,0,,0,9,2,11,2,0.8660254037844387,-0.4999999999999998,0.0,7.273092595999522,1.0647107369924282,2.0794415416798357,0.0,0.0,0.0,2.7586206896551726,0,1,0,finishing_team6,8,0,63075,train,-0.9856129740972022,-1.1731446939116332,-0.5693857707660099,-1.4380676486489155,-1.329301807783477,-0.973454127137173,-1.168065122270806,-0.980051246628074,0.28149984809940837,0.663747223037126,-0.22888618729874646,1.207642908060418,-0.7363280996918251,-0.22318069838746318,-0.9379765012964775,-0.8873443642214897,0
2015-01-12,2,sweing,Monday,6,0.8,11.41,843.0,5670,50,0.0,0,0,31.5,0.800181818,0.7999310395388471,0.800181818,1.3858634139528563,0,0,0.00018181799999994475,0,843.0,6.738152494595957,0,,0,9,2,11,2,0.8660254037844387,-0.4999999999999998,3.9318256327243257,8.643120748014027,2.4344901638739844,3.449987545831587,26.493240695457743,23.246542188270094,13.564749465280324,2.7607361963190185,0,0,1,sweing_team6,20,0,68745,train,0.9792705109119583,0.7876331785017903,0.43607608921251995,0.07609033318004338,0.2313821274960118,0.9023565754900276,0.5402777560489541,0.7309841269974787,0.28407070110927696,0.663747223037126,-0.22888618729874646,1.207642908060418,-0.7363280996918251,-0.22318069838746318,-0.9379765012964775,-0.8873443642214897,0
2015-01-12,2,finishing,Monday,7,0.8,2.9,,1440,0,0.0,0,0,8.0,0.648106061,0.6479823299548872,0.648106061,0.6101820540623756,1,1,-0.15189393900000003,1,0.0,0.0,0,,0,9,2,11,2,0.8660254037844387,-0.4999999999999998,0.0,7.273092595999522,1.0647107369924282,2.0794415416798357,0.0,0.0,0.0,2.7586206896551726,0,1,0,finishing_team7,9,0,90570,train,-0.9856129740972022,-1.1731446939116332,-0.5693857707660099,-1.4380676486489155,-1.329301807783477,-0.973454127137173,-1.168065122270806,-0.980051246628074,0.28149984809940837,0.663747223037126,-0.22888618729874646,1.207642908060418,-0.7363280996918251,-0.22318069838746318,-0.9379765012964775,-0.8873443642214897,0
2015-01-12,2,sweing,Monday,7,0.8,25.9,1031.0,10170,60,0.0,0,0,56.5,0.850136766,0.8498442540818714,0.850136766,1.7333800406535405,0,0,0.050136765999999944,0,1031.0,6.939253946041508,0,,0,9,2,11,2,0.8660254037844387,-0.4999999999999998,4.110873864173311,9.227295812625597,3.254242968705492,4.034240638152395,28.526397683643555,27.99462026758002,16.584254401166543,2.1814671814671818,0,0,1,sweing_team7,21,0,100740,train,1.0687477527474374,0.8461529695603781,0.8648014012827553,0.9822473597811097,0.8966895396954262,1.046310940393907,0.8892047193281708,1.111859554838011,-0.4198814611817876,0.663747223037126,-0.22888618729874646,1.207642908060418,-0.7363280996918251,-0.22318069838746318,-0.9379765012964775,-0.8873443642214897,0
2015-01-12,2,finishing,Monday,8,0.8,2.9,,1440,0,0.0,0,0,8.0,0.725,0.724812030075188,0.725,0.9684579612091796,1,0,-0.07500000000000007,1,0.0,0.0,0,,0,9,2,11,2,0.8660254037844387,-0.4999999999999998,0.0,7.273092595999522,1.0647107369924282,2.0794415416798357,0.0,0.0,0.0,2.7586206896551726,0,1,0,finishing_team8,10,0,91050,train,-0.9856129740972022,-1.1731446939116332,-0.5693857707660099,-1.4380676486489155,-1.329301807783477,-0.973454127137173,-1.168065122270806,-0.980051246628074,0.28149984809940837,0.663747223037126,-0.22888618729874646,1.207642908060418,-0.7363280996918251,-0.22318069838746318,-0.9379765012964775,-0.8873443642214897,0
2015-01-12,2,sweing,Monday,8,0.8,25.9,1233.0,10170,60,0.0,0,0,56.5,0.850136766,0.8498442540818714,0.850136766,1.7333800406535405,0,0,0.050136765999999944,0,1233.0,7.1180162044653335,0,,0,9,2,11,2,0.8660254037844387,-0.4999999999999998,4.110873864173311,9.227295812625597,3.254242968705492,4.034240638152395,29.26126677969865,28.715790235081318,16.584254401166543,2.1814671814671818,0,0,1,sweing_team8,22,0,101220,train,1.0687477527474374,0.8981721366868569,0.8648014012827553,0.9822473597811097,0.8966895396954262,1.098342148325614,0.9422020884878984,1.111859554838011,-0.4198814611817876,0.663747223037126,-0.22888618729874646,1.207642908060418,-0.7363280996918251,-0.22318069838746318,-0.9379765012964775,-0.8873443642214897,0
2015-01-12,2,finishing,Monday,9,0.8,3.94,,1440,0,0.0,0,0,8.0,0.858143939,0.8578447377142856,0.858143939,1.7975032680809833,0,0,0.05814393899999992,1,0.0,0.0,0,,0,9,2,11,2,0.8660254037844387,-0.4999999999999998,0.0,7.273092595999522,1.3711807233098425,2.0794415416798357,0.0,0.0,0.0,2.030456852791878,0,1,0,finishing_team9,11,0,93540,train,-0.9856129740972022,-1.1731446939116332,-0.5693857707660099,-1.0992948748235933,-1.329301807783477,-0.973454127137173,-1.168065122270806,-0.980051246628074,-0.6033955879065779,0.663747223037126,-0.22888618729874646,1.207642908060418,-0.7363280996918251,-0.22318069838746318,-0.9379765012964775,-0.8873443642214897,0
2015-01-12,2,sweing,Monday,9,0.8,26.16,1093.0,10620,75,0.0,0,0,59.0,0.850502311,0.8502094936975773,0.850502311,1.7362450890344094,0,0,0.05050231099999991,0,1093.0,6.9975959829819265,0,,0,9,2,11,2,0.8660254037844387,-0.4999999999999998,4.330733340286331,9.27058845232154,3.264231526588998,4.07753744390572,30.30472222535353,28.532959637933057,17.658727354588407,2.2553516819571864,1,0,1,sweing_team9,23,0,104160,train,1.178619932744878,0.8631302901472965,0.8965738126511332,0.9932887393999459,0.9459929771454892,1.172222309502334,0.9287662258100168,1.2473918207316324,-0.33009389694785873,0.663747223037126,-0.22888618729874646,1.207642908060418,-0.7363280996918251,-0.22318069838746318,-0.9379765012964775,-0.8873443642214897,0
2015-01-12,2,finishing,Monday,10,0.8,3.94,,1440,0,0.0,0,0,8.0,0.24625,0.24646198830409355,0.24625,-1.117571687707838,1,1,-0.5537500000000001,1,0.0,0.0,0,,0,9,2,11,2,0.8660254037844387,-0.4999999999999998,0.0,7.273092595999522,1.3711807233098425,2.0794415416798357,0.0,0.0,0.0,2.030456852791878,0,1,0,finishing_team10,1,0,95370,train,-0.9856129740972022,-1.1731446939116332,-0.5693857707660099,-1.0992948748235933,-1.329301807783477,-0.973454127137173,-1.168065122270806,-0.980051246628074,-0.6033955879065779,0.663747223037126,-0.22888618729874646,1.207642908060418,-0.7363280996918251,-0.22318069838746318,-0.9379765012964775,-0.8873443642214897,0
2015-01-12,2,sweing,Monday,10,0.8,50.48,381.0,6930,45,0.0,0,0,58.5,0.688557555,0.6884000298913951,0.688557555,0.7926498896910843,1,1,-0.111442445,0,381.0,5.945420608606575,1,smv_extreme;,0,9,2,11,2,0.8660254037844387,-0.4999999999999998,3.828641396489095,8.843759381917984,3.9215772182329576,4.069026754237811,22.762883461650524,24.192075521617003,15.578844274696543,1.1588748019017434,0,0,1,sweing_team10,13,0,102300,train,0.9277054058868384,0.5569510824745547,0.5833245189122971,1.719920492140998,0.9363015865590966,0.6382347149658792,0.609763149754182,0.9850387612955512,-1.6625788923944298,0.663747223037126,-0.22888618729874646,1.207642908060418,-0.7363280996918251,-0.22318069838746318,-0.9379765012964775,-0.8873443642214897,0
2015-01-12,2,finishing,Monday,11,0.8,4.15,,1440,0,0.0,0,0,8.0,0.640577652,0.6404602103525481,0.640577652,0.5773621450584867,1,1,-0.159422348,1,0.0,0.0,0,,0,9,2,11,2,0.8660254037844387,-0.4999999999999998,0.0,7.273092595999522,1.423108334242607,2.0794415416798357,0.0,0.0,0.0,1.9277108433734937,0,1,0,finishing_team11,2,0,105180,train,-0.9856129740972022,-1.1731446939116332,-0.5693857707660099,-1.0418939495153812,-1.329301807783477,-0.973454127137173,-1.168065122270806,-0.980051246628074,-0.7282568762586739,0.663747223037126,-0.22888618729874646,1.207642908060418,-0.7363280996918251,-0.22318069838746318,-0.9379765012964775,-0.8873443642214897,0
2015-01-12,2,sweing,Monday,11,0.65,12.52,1004.0,9540,44,0.0,0,0,53.0,0.64998056,0.6498552629573935,0.64998056,0.6184030623121491,1,1,-1.9439999999981694e-05,0,1004.0,6.912742820493176,0,,0,9,2,11,2,0.8660254037844387,-0.4999999999999998,3.8066624897703196,9.163353580751846,2.5273273656719524,3.970291913552122,26.314478796200454,27.445606920669544,15.113561300757286,4.233226837060703,0,0,1,sweing_team11,14,0,114720,train,0.9167217064900888,0.8384383284343968,0.8178742813572082,0.17871283382095418,0.8238691112946817,0.8896996307355763,0.8488588032043413,0.9263487258331593,2.0735034930023355,-0.7986763836723731,-0.22888618729874646,1.207642908060418,-0.7363280996918251,-0.22318069838746318,-0.9379765012964775,-0.8873443642214897,0
2015-01-12,2,sweing,Monday,12,0.8,11.61,760.0,4470,50,0.0,0,0,31.5,0.80007657,0.79982587946533,0.80007657,1.3852064628435525,0,0,7.656999999994252e-05,0,760.0,6.634633357861686,0,,0,9,2,11,2,0.8660254037844387,-0.4999999999999998,3.9318256327243257,8.405367376233981,2.4518667957098,3.449987545831587,26.086221500168442,22.88940245578162,13.564749465280324,2.7131782945736433,0,0,1,sweing_team12,15,0,65865,train,0.9792705109119583,0.7575094861628756,0.2615892021696314,0.09529851025962122,0.2313821274960118,0.8735382451289071,0.5140322562399733,0.7309841269974787,0.22627633111997963,0.663747223037126,-0.22888618729874646,1.207642908060418,-0.7363280996918251,-0.22318069838746318,-0.9379765012964775,-0.8873443642214897,0
2015-01-13,2,finishing,Tuesday,1,0.8,3.94,,1440,0,0.0,0,0,2.0,0.951420455,0.9510433284711781,0.951420455,2.966623970052504,0,0,0.151420455,1,0.0,0.0,0,,0,10,2,12,3,1.2246467991473532e-16,-1.0,0.0,7.273092595999522,1.3711807233098425,0.6931471805599453,0.0,0.0,0.0,0.5076142131979695,0,1,0,finishing_team1,0,0,104280,train,-0.9856129740972022,-1.1731446939116332,-0.5693857707660099,-1.0992948748235933,-2.9079188935393216,-0.973454127137173,-1.168065122270806,-0.980051246628074,-2.454018254553712,0.663747223037126,-0.22888618729874646,-0.028538824941726233,-1.4377147039121636,-0.22318069838746318,-0.9379765012964775,-0.8024769136980399,0
2015-01-13,2,sweing,Tuesday,1,0.8,26.16,1073.0,10620,75,0.0,0,0,59.0,0.850502311,0.8502094936975773,0.850502311,1.7362450890344094,0,0,0.05050231099999991,0,1073.0,6.97914527506881,0,,0,10,2,12,3,1.2246467991473532e-16,-1.0,4.330733340286331,9.27058845232154,3.264231526588998,4.07753744390572,30.224817129442314,28.457726185550758,17.658727354588407,2.2553516819571864,1,0,1,sweing_team1,12,0,114900,train,1.178619932744878,0.857761201241188,0.8965738126511332,0.9932887393999459,0.9459929771454892,1.1665647594944784,0.9232374666703645,1.2473918207316324,-0.33009389694785873,0.663747223037126,-0.22888618729874646,-0.028538824941726233,-1.4377147039121636,-0.22318069838746318,-0.9379765012964775,-0.8024769136980399,0
2015-01-13,2,finishing,Tuesday,2,0.8,3.94,,1440,0,0.0,0,0,8.0,0.805909091,0.8056535278496241,0.805909091,1.4220112788060004,0,0,0.005909090999999922,1,0.0,0.0,0,,0,10,2,12,3,1.2246467991473532e-16,-1.0,0.0,7.273092595999522,1.3711807233098425,2.0794415416798357,0.0,0.0,0.0,2.030456852791878,0,1,0,finishing_team2,4,0,102240,train,-0.9856129740972022,-1.1731446939116332,-0.5693857707660099,-1.0992948748235933,-1.329301807783477,-0.973454127137173,-1.168065122270806,-0.980051246628074,-0.6033955879065779,0.663747223037126,-0.22888618729874646,-0.028538824941726233,-1.4377147039121636,-0.22318069838746318,-0.9379765012964775,-0.8024769136980399,0
2015-01-13,2,sweing,Tuesday,2,0.8,28.08,723.0,10530,50,0.0,0,0,58.5,0.8,0.799749373433584,0.8,1.384728680511969,0,0,0.0,0,723.0,6.584791392385716,0,,0,10,2,12,3,1.2246467991473532e-16,-1.0,3.9318256327243257,9.262078567380597,3.3350575791576103,4.069026754237811,25.890251582724662,26.793692346692325,15.99870369255329,2.0833333333333335,0,0,1,sweing_team2,16,0,112770,train,0.9792705109119583,0.7430056554613212,0.8903284192784912,1.071580054566176,0.9363015865590966,0.8596629147093622,0.8009508773413371,1.0379991434789078,-0.5391378564257743,0.663747223037126,-0.22888618729874646,-0.028538824941726233,-1.4377147039121636,-0.22318069838746318,-0.9379765012964775,-0.8024769136980399,0
2015-01-13,2,finishing,Tuesday,3,0.8,4.15,,1620,0,0.0,0,0,9.0,0.901262626,0.9009274024193817,0.901262626,2.2075717896206184,0,0,0.10126262599999991,1,0.0,0.0,0,,0,10,2,12,3,1.2246467991473532e-16,-1.0,0.0,7.390798521735676,1.423108334242607,2.1972245773362196,0.0,0.0,0.0,2.1686746987951806,0,1,0,finishing_team3,5,0,99060,train,-0.9856129740972022,-1.1731446939116332,-0.48300154658262584,-1.0418939495153812,-1.1951785524965162,-0.973454127137173,-1.168065122270806,-0.980051246628074,-0.43542742619483,0.663747223037126,-0.22888618729874646,-0.028538824941726233,-1.4377147039121636,-0.22318069838746318,-0.9379765012964775,-0.8024769136980399,0
2015-01-13,2,sweing,Tuesday,3,0.8,42.27,465.0,9900,54,0.0,0,0,55.0,0.705576584,0.7054048408220551,0.705576584,0.8731698082522716,1,0,-0.09442341600000004,0,465.0,6.144185634125646,0,,0,10,2,12,3,1.2246467991473532e-16,-1.0,4.007333185232471,9.200391041122515,3.7440776145786985,4.007333185232471,24.621798987860313,24.621798987860313,16.058719257465423,1.3011592145729831,0,0,1,sweing_team3,17,0,108960,train,1.0170045196843458,0.6147909820850268,0.8450560248406661,1.523711937413002,0.8660491749180281,0.7698521973051401,0.6413426860679339,1.0455694089523406,-1.4896688671864489,0.663747223037126,-0.22888618729874646,-0.028538824941726233,-1.4377147039121636,-0.22318069838746318,-0.9379765012964775,-0.8024769136980399,0
2015-01-13,2,finishing,Tuesday,4,0.35,4.3,,2160,0,0.0,0,0,12.0,0.952020202,0.9516425744294069,0.952020202,2.979569727621808,0,0,0.6020202020000001,1,0.0,0.0,0,,0,10,2,12,3,1.2246467991473532e-16,-1.0,0.0,7.6783263565068856,1.4586150226995167,2.4849066497880004,0.0,0.0,0.0,2.7906976744186047,0,1,0,finishing_team4,6,0,147300,train,-0.9856129740972022,-1.1731446939116332,-0.2719852465748004,-1.0026447575066062,-0.8675859087010354,-0.973454127137173,-1.168065122270806,-0.980051246628074,0.32048115420253415,-3.7235235970913716,-0.22888618729874646,-0.028538824941726233,-1.4377147039121636,-0.22318069838746318,-0.9379765012964775,-0.8024769136980399,0
2015-01-13,2,sweing,Tuesday,4,0.5,22.4,783.0,10170,23,0.0,0,0,56.5,0.500380799,0.5003804808721805,0.500380799,0.0015219237824850038,0,1,0.00038079899999998723,0,783.0,6.664409020350408,0,,0,10,2,12,3,1.2246467991473532e-16,-1.0,3.1780538303479458,9.227295812625597,3.109060958860994,4.034240638152395,21.179850614130014,26.885829699167008,12.82103391262556,2.522321428571429,0,0,1,sweing_team4,18,0,157470,train,0.6025819432328481,0.7661740956669139,0.8648014012827553,0.8217627629840334,0.8966895396954262,0.5261506557855126,0.8077218710079472,0.6371730601757238,-0.005660989996219663,-2.2610999903818723,-0.22888618729874646,-0.028538824941726233,-1.4377147039121636,-0.22318069838746318,-0.9379765012964775,-0.8024769136980399,0
2015-01-13,2,finishing,Tuesday,5,0.65,4.15,,1440,0,0.0,0,0,8.0,0.821354167,0.8210857006950709,0.821354167,1.5237205733890078,0,0,0.17135416699999995,1,0.0,0.0,0,,0,10,2,12,3,1.2246467991473532e-16,-1.0,0.0,7.273092595999522,1.423108334242607,2.0794415416798357,0.0,0.0,0.0,1.9277108433734937,0,1,0,finishing_team5,7,0,91200,train,-0.9856129740972022,-1.1731446939116332,-0.5693857707660099,-1.0418939495153812,-1.329301807783477,-0.973454127137173,-1.168065122270806,-0.980051246628074,-0.7282568762586739,-0.7986763836723731,-0.22888618729874646,-0.028538824941726233,-1.4377147039121636,-0.22318069838746318,-0.9379765012964775,-0.8024769136980399,0
2015-01-13,2,sweing,Tuesday,5,0.7,20.79,1297.0,10440,0,0.0,0,0,58.0,0.526810345,0.5267879470509608,0.526810345,0.10725448712173691,1,1,-0.17318965499999994,0,1297.0,7.168579897264035,0,,0,10,2,12,3,1.2246467991473532e-16,-1.0,0.0,9.25349564229011,3.0344721018699214,4.060443010546419,0.0,29.10761013938932,0.0,2.7898027898027897,0,1,1,sweing_team5,19,0,101640,train,-0.9856129740972022,0.9128859874147408,0.8840294218361046,0.7393120333613457,0.9265270070534614,-0.973454127137173,0.9709961662344915,-0.980051246628074,0.3193936526373674,-0.3112018481025408,-0.22888618729874646,-0.028538824941726233,-1.4377147039121636,-0.22318069838746318,-0.9379765012964775,-0.8024769136980399,0
2015-01-13,2,sweing,Tuesday,6,0.8,11.61,1004.0,5670,50,0.0,0,0,31.5,0.800246753,0.7999959202907269,0.800246753,1.3862688631319777,0,0,0.00024675299999998845,0,1004.0,6.912742820493176,0,,0,10,2,12,3,1.2246467991473532e-16,-1.0,3.9318256327243257,8.643120748014027,2.4518667957098,3.449987545831587,27.179699414046123,23.848876638238178,13.564749465280324,2.7131782945736433,0,0,1,sweing_team6,20,0,74415,train,0.9792705109119583,0.8384383284343968,0.43607608921251995,0.09529851025962122,0.2313821274960118,0.9509601655921854,0.5845421356558637,0.7309841269974787,0.22627633111997963,0.663747223037126,-0.22888618729874646,-0.028538824941726233,-1.4377147039121636,-0.22318069838746318,-0.9379765012964775,-0.8024769136980399,0
2015-01-13,2,finishing,Tuesday,7,0.8,2.9,,1440,0,0.0,0,0,8.0,0.670075758,0.6699336729891394,0.670075758,0.7078850867394777,1,1,-0.12992424200000008,1,0.0,0.0,0,,0,10,2,12,3,1.2246467991473532e-16,-1.0,0.0,7.273092595999522,1.0647107369924282,2.0794415416798357,0.0,0.0,0.0,2.7586206896551726,0,1,0,finishing_team7,9,0,102180,train,-0.9856129740972022,-1.1731446939116332,-0.5693857707660099,-1.4380676486489155,-1.329301807783477,-0.973454127137173,-1.168065122270806,-0.980051246628074,0.28149984809940837,0.663747223037126,-0.22888618729874646,-0.028538824941726233,-1.4377147039121636,-0.22318069838746318,-0.9379765012964775,-0.8024769136980399,0
2015-01-13,2,sweing,Tuesday,7,0.8,25.9,1126.0,10170,60,0.0,0,0,56.5,0.850136766,0.8498442540818714,0.850136766,1.7333800406535405,0,0,0.050136765999999944,0,1126.0,7.027314514039777,0,,0,10,2,12,3,1.2246467991473532e-16,-1.0,4.110873864173311,9.227295812625597,3.254242968705492,4.034240638152395,28.888403571091892,28.34987778961742,16.584254401166543,2.1814671814671818,0,0,1,sweing_team7,21,0,112350,train,1.0687477527474374,0.8717782746127115,0.8648014012827553,0.9822473597811097,0.8966895396954262,1.071942176900435,0.9153118991756902,1.111859554838011,-0.4198814611817876,0.663747223037126,-0.22888618729874646,-0.028538824941726233,-1.4377147039121636,-0.22318069838746318,-0.9379765012964775,-0.8024769136980399,0
2015-01-13,2,finishing,Tuesday,8,0.8,2.9,,1440,0,0.0,0,0,8.0,0.681060606,0.6809093440066832,0.681060606,0.7579539249403462,1,1,-0.11893939400000009,1,0.0,0.0,0,,0,10,2,12,3,1.2246467991473532e-16,-1.0,0.0,7.273092595999522,1.0647107369924282,2.0794415416798357,0.0,0.0,0.0,2.7586206896551726,0,1,0,finishing_team8,10,0,102660,train,-0.9856129740972022,-1.1731446939116332,-0.5693857707660099,-1.4380676486489155,-1.329301807783477,-0.973454127137173,-1.168065122270806,-0.980051246628074,0.28149984809940837,0.663747223037126,-0.22888618729874646,-0.028538824941726233,-1.4377147039121636,-0.22318069838746318,-0.9379765012964775,-0.8024769136980399,0
2015-01-13,2,sweing,Tuesday,8,0.8,25.9,1211.0,10260,60,0.0,0,0,57.0,0.850252525,0.849959916374269,0.850252525,1.734286708595908,0,0,0.05025252499999999,0,1211.0,7.10002716662926,0,,0,10,2,12,3,1.2246467991473532e-16,-1.0,4.110873864173311,9.236105579862208,3.254242968705492,4.04305126783455,29.18731611421671,28.70577383770018,16.620473788453822,2.200772200772201,0,0,1,sweing_team8,22,0,112920,train,1.0687477527474374,0.8929373920942894,0.8712668778780183,0.9822473597811097,0.9067224814303124,1.0931061920538994,0.9414660030523138,1.1164282092770923,-0.39642118670756105,0.663747223037126,-0.22888618729874646,-0.028538824941726233,-1.4377147039121636,-0.22318069838746318,-0.9379765012964775,-0.8024769136980399,0
2015-01-13,2,finishing,Tuesday,9,0.8,3.94,,1440,0,0.0,0,0,8.0,0.858143939,0.8578447377142856,0.858143939,1.7975032680809833,0,0,0.05814393899999992,1,0.0,0.0,0,,0,10,2,12,3,1.2246467991473532e-16,-1.0,0.0,7.273092595999522,1.3711807233098425,2.0794415416798357,0.0,0.0,0.0,2.030456852791878,0,1,0,finishing_team9,11,0,105600,train,-0.9856129740972022,-1.1731446939116332,-0.5693857707660099,-1.0992948748235933,-1.329301807783477,-0.973454127137173,-1.168065122270806,-0.980051246628074,-0.6033955879065779,0.663747223037126,-0.22888618729874646,-0.028538824941726233,-1.4377147039121636,-0.22318069838746318,-0.9379765012964775,-0.8024769136980399,0
2015-01-13,2,sweing,Tuesday,9,0.8,26.16,1156.0,10620,75,0.0,0,0,59.0,0.850502311,0.8502094936975773,0.850502311,1.7362450890344094,0,0,0.05050231099999991,0,1156.0,7.053585727193677,0,,0,10,2,12,3,1.2246467991473532e-16,-1.0,4.330733340286331,9.27058845232154,3.264231526588998,4.07753744390572,30.54719887732546,28.76125991643117,17.658727354588407,2.2553516819571864,1,0,1,sweing_team9,23,0,116220,train,1.178619932744878,0.8794231021043625,0.8965738126511332,0.9932887393999459,0.9459929771454892,1.1893904734175977,0.9455435663595059,1.2473918207316324,-0.33009389694785873,0.663747223037126,-0.22888618729874646,-0.028538824941726233,-1.4377147039121636,-0.22318069838746318,-0.9379765012964775,-0.8024769136980399,0
2015-01-13,2,finishing,Tuesday,10,0.8,3.94,,5400,0,0.0,0,0,20.0,0.912766667,0.9124218326917293,0.912766667,2.3435706837455608,0,0,0.11276666699999993,1,0.0,0.0,0,,0,10,2,12,3,1.2246467991473532e-16,-1.0,0.0,8.594339400592892,1.3711807233098425,2.995732273553991,0.0,0.0,0.0,5.0761421319796955,0,1,0,finishing_team10,1,0,107700,train,-0.9856129740972022,-1.1731446939116332,0.4002755224590608,-1.0992948748235933,-0.28589266941854513,-0.973454127137173,-1.168065122270806,-0.980051246628074,3.0978497453876903,0.663747223037126,-0.22888618729874646,-0.028538824941726233,-1.4377147039121636,-0.22318069838746318,-0.9379765012964775,-0.8024769136980399,0
2015-01-13,2,sweing,Tuesday,10,0.35,22.4,715.0,10170,23,0.0,0,0,56.5,0.35020649,0.35033163077694235,0.35020649,-0.6175818091188712,0,1,0.00020649000000000362,0,715.0,6.573680166960646,0,,0,10,2,12,3,1.2246467991473532e-16,-1.0,3.1780538303479458,9.227295812625597,3.109060958860994,4.034240638152395,20.891509434091603,26.519807671769062,12.82103391262556,2.522321428571429,0,0,1,sweing_team10,13,0,117870,train,0.6025819432328481,0.7397723292689639,0.8648014012827553,0.8217627629840334,0.8966895396954262,0.5057351287557468,0.7808236287339219,0.6371730601757238,-0.005660989996219663,-3.7235235970913716,-0.22888618729874646,-0.028538824941726233,-1.4377147039121636,-0.22318069838746318,-0.9379765012964775,-0.8024769136980399,0
2015-01-13,2,finishing,Tuesday,11,0.8,4.15,,1440,0,0.0,0,0,8.0,0.601278409,0.6011937988003341,0.601278409,0.41044175550735484,1,1,-0.1987215910000001,1,0.0,0.0,0,,0,10,2,12,3,1.2246467991473532e-16,-1.0,0.0,7.273092595999522,1.423108334242607,2.0794415416798357,0.0,0.0,0.0,1.9277108433734937,0,1,0,finishing_team11,2,0,116160,train,-0.9856129740972022,-1.1731446939116332,-0.5693857707660099,-1.0418939495153812,-1.329301807783477,-0.973454127137173,-1.168065122270806,-0.980051246628074,-0.7282568762586739,0.663747223037126,-0.22888618729874646,-0.028538824941726233,-1.4377147039121636,-0.22318069838746318,-0.9379765012964775,-0.8024769136980399,0
2015-01-13,2,sweing,Tuesday,11,0.7,27.13,530.0,9540,37,0.0,0,0,53.0,0.582301029,0.5822322729189641,0.582301029,0.33194386123740927,1,1,-0.11769897099999993,0,530.0,6.274762021241939,0,,0,10,2,12,3,1.2246467991473532e-16,-1.0,3.6375861597263857,9.163353580751846,3.3006401266708405,3.970291913552122,22.82498748404644,24.91263691240084,14.442278914810787,1.9535569480280133,0,0,1,sweing_team11,14,0,125700,train,0.8322278047655876,0.6527882358905256,0.8178742813572082,1.0335349070231856,0.8238691112946817,0.6426318889932314,0.6627157958022845,0.8416742605224589,-0.6968475987177305,-0.3112018481025408,-0.22888618729874646,-0.028538824941726233,-1.4377147039121636,-0.22318069838746318,-0.9379765012964775,-0.8024769136980399,0
2015-01-13,2,sweing,Tuesday,12,0.8,11.61,1063.0,5670,50,0.0,0,0,31.5,0.800246753,0.7999959202907269,0.800246753,1.3862688631319777,0,0,0.00024675299999998845,0,1063.0,6.96979066990159,0,,0,10,2,12,3,1.2246467991473532e-16,-1.0,3.9318256327243257,8.643120748014027,2.4518667957098,3.449987545831587,27.40400161064192,24.04569100821368,13.564749465280324,2.7131782945736433,0,0,1,sweing_team12,15,0,71535,train,0.9792705109119583,0.8550390451558575,0.43607608921251995,0.09529851025962122,0.2313821274960118,0.9668415168331955,0.599005638424387,0.7309841269974787,0.22627633111997963,0.663747223037126,-0.22888618729874646,-0.028538824941726233,-1.4377147039121636,-0.22318069838746318,-0.9379765012964775,-0.8024769136980399,0
2015-01-14,2,finishing,Wednesday,1,0.8,3.94,,1440,0,0.0,0,0,8.0,0.891723485,0.8913962306265664,0.891723485,2.1050829162273805,0,0,0.09172348499999994,1,0.0,0.0,0,,0,11,2,13,4,-0.8660254037844384,-0.5000000000000004,0.0,7.273092595999522,1.3711807233098425,2.0794415416798357,0.0,0.0,0.0,2.030456852791878,0,1,0,finishing_team1,0,0,116340,train,-0.9856129740972022,-1.1731446939116332,-0.5693857707660099,-1.0992948748235933,-1.329301807783477,-0.973454127137173,-1.168065122270806,-0.980051246628074,-0.6033955879065779,0.663747223037126,-0.22888618729874646,-1.2647205579438705,-0.736328099691826,-0.22318069838746318,-0.9379765012964775,-0.71760946317459,0
2015-01-14,2,sweing,Wednesday,1,0.8,26.16,1092.0,10620,63,0.0,0,0,59.0,0.800117103,0.7998663786031747,0.800117103,1.385459436523326,0,0,0.00011710300000000728,0,1092.0,6.996681488176539,0,,0,11,2,13,4,-0.8660254037844384,-0.5000000000000004,4.1588830833596715,9.27058845232154,3.264231526588998,4.07753744390572,29.09838028083318,28.52923075112183,16.958001497225133,2.2553516819571864,0,0,1,sweing_team1,12,0,126960,train,1.0927397937785401,0.8628641754845192,0.8965738126511332,0.9932887393999459,0.9459929771454892,1.0868092354065195,0.9284921972178748,1.1590034039583281,-0.33009389694785873,0.663747223037126,-0.22888618729874646,-1.2647205579438705,-0.736328099691826,-0.22318069838746318,-0.9379765012964775,-0.71760946317459,0
2015-01-14,2,finishing,Wednesday,2,0.8,3.94,,1260,0,0.0,0,0,8.0,0.247316017,0.2475271147301587,0.247316017,-1.1118448326364527,1,1,-0.5526839830000001,1,0.0,0.0,0,,0,11,2,13,4,-0.8660254037844384,-0.5000000000000004,0.0,7.139660335964919,1.3711807233098425,2.0794415416798357,0.0,0.0,0.0,2.030456852791878,0,1,0,finishing_team2,4,0,114030,train,-0.9856129740972022,-1.1731446939116332,-0.6673115310201029,-1.0992948748235933,-1.329301807783477,-0.973454127137173,-1.168065122270806,-0.980051246628074,-0.6033955879065779,0.663747223037126,-0.22888618729874646,-1.2647205579438705,-0.736328099691826,-0.22318069838746318,-0.9379765012964775,-0.71760946317459,0
2015-01-14,2,sweing,Wednesday,2,0.8,51.02,1086.0,4260,27,0.0,0,0,57.0,0.311207464,0.3113651854168755,0.311207464,-0.7937446551793435,1,1,-0.48879253600000006,0,1086.0,6.99117688712121,1,smv_extreme;,0,11,2,13,4,-0.8660254037844384,-0.5000000000000004,3.332204510175204,8.357259153499912,3.9322177127136655,4.04305126783455,23.296031154697936,28.26568657713101,13.472273669547864,1.1172089376715013,0,0,1,sweing_team2,16,0,118290,train,0.6796169273060471,0.8612623565950819,0.22628264073924567,1.7316825242845602,0.9067224814303124,0.6759833679221331,0.9091248517815691,0.7193193809505719,-1.7132130096466824,0.663747223037126,-0.22888618729874646,-1.2647205579438705,-0.736328099691826,-0.22318069838746318,-0.9379765012964775,-0.71760946317459,0
2015-01-14,2,finishing,Wednesday,3,0.8,4.15,,1440,0,0.0,0,0,7.0,0.820833333,0.8205653018111947,0.820833333,1.5201821518425678,0,0,0.02083333300000001,1,0.0,0.0,0,,0,11,2,13,4,-0.8660254037844384,-0.5000000000000004,0.0,7.273092595999522,1.423108334242607,1.9459101490553132,0.0,0.0,0.0,1.686746987951807,0,1,0,finishing_team3,5,0,110400,train,-0.9856129740972022,-1.1731446939116332,-0.5693857707660099,-1.0418939495153812,-1.4813582135467933,-0.973454127137173,-1.168065122270806,-0.980051246628074,-1.0210863263225174,0.663747223037126,-0.22888618729874646,-1.2647205579438705,-0.736328099691826,-0.22318069838746318,-0.9379765012964775,-0.71760946317459,0
2015-01-14,2,finishing,Wednesday,4,0.35,4.3,,2700,0,0.0,0,0,8.0,0.908080808,0.9077398883609022,0.908080808,2.2863459828213335,0,0,0.558080808,1,0.0,0.0,0,,0,11,2,13,4,-0.8660254037844384,-0.5000000000000004,0.0,7.901377353792616,1.4586150226995167,2.0794415416798357,0.0,0.0,0.0,1.8604651162790697,0,1,0,finishing_team4,6,0,160170,train,-0.9856129740972022,-1.1731446939116332,-0.10828841284827576,-1.0026447575066062,-1.329301807783477,-0.973454127137173,-1.168065122270806,-0.980051246628074,-0.8099767227881183,-3.7235235970913716,-0.22888618729874646,-1.2647205579438705,-0.736328099691826,-0.22318069838746318,-0.9379765012964775,-0.71760946317459,0
2015-01-14,2,sweing,Wednesday,4,0.6,22.4,816.0,5100,23,0.0,0,0,57.0,0.600369686,0.6002858349674185,0.600369686,0.4066562291399024,0,1,0.0003696859999999802,0,816.0,6.705639094860003,0,,0,11,2,13,4,-0.8660254037844384,-0.5000000000000004,3.1780538303479458,8.537191877922927,3.109060958860994,4.04305126783455,21.310882010350763,27.11124264411466,12.84903456803471,2.544642857142857,0,0,1,sweing_team4,18,0,165270,train,0.6025819432328481,0.7781718974146791,0.3583350306871081,0.8217627629840334,0.9067224814303124,0.5354281201107133,0.8242870270670154,0.6407050171803396,0.02146495236460491,-1.2861509192422065,-0.22888618729874646,-1.2647205579438705,-0.736328099691826,-0.22318069838746318,-0.9379765012964775,-0.71760946317459,0
2015-01-14,2,finishing,Wednesday,5,0.65,4.15,,1440,0,0.0,0,0,15.0,0.864583333,0.8642787521035923,0.864583333,1.8512922120070192,0,0,0.214583333,1,0.0,0.0,0,,0,11,2,13,4,-0.8660254037844384,-0.5000000000000004,0.0,7.273092595999522,1.423108334242607,2.70805020110221,0.0,0.0,0.0,3.614457831325301,0,1,0,finishing_team5,7,0,103080,train,-0.9856129740972022,-1.1731446939116332,-0.5693857707660099,-1.0418939495153812,-0.6134853132140259,-0.973454127137173,-1.168065122270806,-0.980051246628074,1.3215492741882318,-0.7986763836723731,-0.22888618729874646,-1.2647205579438705,-0.736328099691826,-0.22318069838746318,-0.9379765012964775,-0.71760946317459,0
2015-01-14,2,sweing,Wednesday,5,0.7,20.79,965.0,7320,0,0.0,0,0,58.0,0.700095563,0.6999283987869674,0.700095563,0.8469569254755109,0,0,9.556300000002071e-05,0,965.0,6.873163834212518,0,,0,11,2,13,4,-0.8660254037844384,-0.5000000000000004,0.0,8.898502209646642,3.0344721018699214,4.060443010546419,0.0,27.908090050968646,0.0,2.7898027898027897,0,1,1,sweing_team5,19,0,110400,train,-0.9856129740972022,0.8269209873570155,0.6235002082275909,0.7393120333613457,0.9265270070534614,-0.973454127137173,0.8828457830997067,-0.980051246628074,0.3193936526373674,-0.3112018481025408,-0.22888618729874646,-1.2647205579438705,-0.736328099691826,-0.22318069838746318,-0.9379765012964775,-0.71760946317459,0
2015-01-14,2,sweing,Wednesday,6,0.8,11.61,972.0,5670,38,0.0,0,0,31.5,0.800246753,0.7999959202907269,0.800246753,1.3862688631319777,0,0,0.00024675299999998845,0,972.0,6.880384082186005,0,,0,11,2,13,4,-0.8660254037844384,-0.5000000000000004,3.6635616461296463,8.643120748014027,2.4518667957098,3.449987545831587,25.206711234137575,23.737239394079612,12.639242052533548,2.7131782945736433,0,0,1,sweing_team6,20,0,80085,train,0.8452087477209552,0.8290220532606302,0.43607608921251995,0.09529851025962122,0.2313821274960118,0.8112659550359079,0.5763381331221122,0.6142421314438091,0.22627633111997963,0.663747223037126,-0.22888618729874646,-1.2647205579438705,-0.736328099691826,-0.22318069838746318,-0.9379765012964775,-0.71760946317459,0
2015-01-14,2,finishing,Wednesday,7,0.8,2.9,,1440,0,0.0,0,0,8.0,0.837594697,0.8373126630008354,0.837594697,1.6383673718803453,0,0,0.037594696999999955,1,0.0,0.0,0,,0,11,2,13,4,-0.8660254037844384,-0.5000000000000004,0.0,7.273092595999522,1.0647107369924282,2.0794415416798357,0.0,0.0,0.0,2.7586206896551726,0,1,0,finishing_team7,9,0,113790,train,-0.9856129740972022,-1.1731446939116332,-0.5693857707660099,-1.4380676486489155,-1.329301807783477,-0.973454127137173,-1.168065122270806,-0.980051246628074,0.28149984809940837,0.663747223037126,-0.22888618729874646,-1.2647205579438705,-0.736328099691826,-0.22318069838746318,-0.9379765012964775,-0.71760946317459,0
2015-01-14,2,sweing,Wednesday,7,0.8,25.9,1150.0,10170,70,0.0,0,0,56.5,0.900144811,0.8998105212664996,0.900144811,2.1951210287553202,0,0,0.10014481099999994,0,1150.0,7.048386408721883,0,,0,11,2,13,4,-0.8660254037844384,-0.5000000000000004,4.2626798770413155,9.227295812625597,3.254242968705492,4.034240638152395,30.045014910070275,28.434886883466838,17.196676387394533,2.1814671814671818,1,0,1,sweing_team7,21,0,123960,train,1.1446110171625363,0.8779101193365637,0.8648014012827553,0.9822473597811097,0.8966895396954262,1.1538341565708419,0.921559051070106,1.1891094653287433,-0.4198814611817876,0.663747223037126,-0.22888618729874646,-1.2647205579438705,-0.736328099691826,-0.22318069838746318,-0.9379765012964775,-0.71760946317459,0
2015-01-14,2,finishing,Wednesday,8,0.8,2.9,,1440,0,0.0,0,0,8.0,0.667329545,0.6671897542355889,0.667329545,0.695501999540226,1,1,-0.13267045500000008,1,0.0,0.0,0,,0,11,2,13,4,-0.8660254037844384,-0.5000000000000004,0.0,7.273092595999522,1.0647107369924282,2.0794415416798357,0.0,0.0,0.0,2.7586206896551726,0,1,0,finishing_team8,10,0,114360,train,-0.9856129740972022,-1.1731446939116332,-0.5693857707660099,-1.4380676486489155,-1.329301807783477,-0.973454127137173,-1.168065122270806,-0.980051246628074,0.28149984809940837,0.663747223037126,-0.22888618729874646,-1.2647205579438705,-0.736328099691826,-0.22318069838746318,-0.9379765012964775,-0.71760946317459,0
2015-01-14,2,sweing,Wednesday,8,0.8,25.9,1218.0,10170,60,0.0,0,0,56.5,0.850136766,0.8498442540818714,0.850136766,1.7333800406535405,0,0,0.050136765999999944,0,1218.0,7.105786129481271,0,,0,11,2,13,4,-0.8660254037844384,-0.5000000000000004,4.110873864173311,9.227295812625597,3.254242968705492,4.034240638152395,29.21099048408979,28.666451169572962,16.584254401166543,2.1814671814671818,0,0,1,sweing_team8,22,0,124530,train,1.0687477527474374,0.8946132293415662,0.8648014012827553,0.9822473597811097,0.8966895396954262,1.094782417204924,0.9385762571491335,1.111859554838011,-0.4198814611817876,0.663747223037126,-0.22888618729874646,-1.2647205579438705,-0.736328099691826,-0.22318069838746318,-0.9379765012964775,-0.71760946317459,0
2015-01-14,2,finishing,Wednesday,9,0.8,3.94,,1440,0,0.0,0,0,8.0,0.858143939,0.8578447377142856,0.858143939,1.7975032680809833,0,0,0.05814393899999992,1,0.0,0.0,0,,0,11,2,13,4,-0.8660254037844384,-0.5000000000000004,0.0,7.273092595999522,1.3711807233098425,2.0794415416798357,0.0,0.0,0.0,2.030456852791878,0,1,0,finishing_team9,11,0,117660,train,-0.9856129740972022,-1.1731446939116332,-0.5693857707660099,-1.0992948748235933,-1.329301807783477,-0.973454127137173,-1.168065122270806,-0.980051246628074,-0.6033955879065779,0.663747223037126,-0.22888618729874646,-1.2647205579438705,-0.736328099691826,-0.22318069838746318,-0.9379765012964775,-0.71760946317459,0
2015-01-14,2,sweing,Wednesday,9,0.8,26.16,1232.0,10620,75,0.0,0,0,59.0,0.850502311,0.8502094936975773,0.850502311,1.7362450890344094,0,0,0.05050231099999991,0,1232.0,7.117205503164344,0,,0,11,2,13,4,-0.8660254037844384,-0.5000000000000004,4.330733340286331,9.27058845232154,3.264231526588998,4.07753744390572,30.822719162223176,29.02067193512446,17.658727354588407,2.2553516819571864,1,0,1,sweing_team9,23,0,128280,train,1.178619932744878,0.8979362255564111,0.8965738126511332,0.9932887393999459,0.9459929771454892,1.2088982378750672,0.9646072477920438,1.2473918207316324,-0.33009389694785873,0.663747223037126,-0.22888618729874646,-1.2647205579438705,-0.736328099691826,-0.22318069838746318,-0.9379765012964775,-0.71760946317459,0
2015-01-14,2,finishing,Wednesday,10,0.8,3.94,,1260,0,0.0,0,0,8.0,0.332359307,0.33249935770426065,0.332359307,-0.6969024241372159,1,1,-0.46764069300000005,1,0.0,0.0,0,,0,11,2,13,4,-0.8660254037844384,-0.5000000000000004,0.0,7.139660335964919,1.3711807233098425,2.0794415416798357,0.0,0.0,0.0,2.030456852791878,0,1,0,finishing_team10,1,0,119130,train,-0.9856129740972022,-1.1731446939116332,-0.6673115310201029,-1.0992948748235933,-1.329301807783477,-0.973454127137173,-1.168065122270806,-0.980051246628074,-0.6033955879065779,0.663747223037126,-0.22888618729874646,-1.2647205579438705,-0.736328099691826,-0.22318069838746318,-0.9379765012964775,-0.71760946317459,0
2015-01-14,2,sweing,Wednesday,10,0.5,22.4,947.0,3390,23,0.0,0,0,56.5,0.499980334,0.49998035042940686,0.499980334,-7.859828241301806e-05,1,1,-1.966599999997376e-05,0,947.0,6.854354502255021,0,,0,11,2,13,4,-0.8660254037844384,-0.5000000000000004,3.1780538303479458,8.128880142125638,3.109060958860994,4.034240638152395,21.78350758045426,27.652115481300044,12.82103391262556,2.522321428571429,0,0,1,sweing_team10,13,0,122520,train,0.6025819432328481,0.8214475401581407,0.05867558447635768,0.8217627629840334,0.8966895396954262,0.5688916028505738,0.8640347130668924,0.6371730601757238,-0.005660989996219663,-2.2610999903818723,-0.22888618729874646,-1.2647205579438705,-0.736328099691826,-0.22318069838746318,-0.9379765012964775,-0.71760946317459,0
2015-01-14,2,finishing,Wednesday,11,0.8,4.15,,1980,0,0.0,0,0,7.0,0.934607438,0.934244357433584,0.934607438,2.653792542796004,0,0,0.13460743799999997,1,0.0,0.0,0,,0,11,2,13,4,-0.8660254037844384,-0.5000000000000004,0.0,7.591357046698551,1.423108334242607,1.9459101490553132,0.0,0.0,0.0,1.686746987951807,0,1,0,finishing_team11,2,0,127680,train,-0.9856129740972022,-1.1731446939116332,-0.33581190872941213,-1.0418939495153812,-1.4813582135467933,-0.973454127137173,-1.168065122270806,-0.980051246628074,-1.0210863263225174,0.663747223037126,-0.22888618729874646,-1.2647205579438705,-0.736328099691826,-0.22318069838746318,-0.9379765012964775,-0.71760946317459,0
2015-01-14,2,sweing,Wednesday,11,0.35,14.61,838.0,7200,23,0.0,0,0,55.0,0.35003125,0.35015653717627404,0.35003125,-0.6183512038888339,0,1,3.125000000003819e-05,0,838.0,6.732210706467206,0,,0,11,2,13,4,-0.8660254037844384,-0.5000000000000004,3.1780538303479458,8.881975184248867,2.681706225762608,4.007333185232471,21.395328022397553,26.978211374003372,12.735520578808488,3.7645448323066395,0,0,1,sweing_team11,14,0,134880,train,0.6025819432328481,0.7859041397638322,0.6113710460115266,0.34936365441627226,0.8660491749180281,0.5414071822802845,0.8145108194466354,0.6263865477191417,1.5039413341184842,-3.7235235970913716,-0.22888618729874646,-1.2647205579438705,-0.736328099691826,-0.22318069838746318,-0.9379765012964775,-0.71760946317459,0
2015-01-14,2,sweing,Wednesday,12,0.8,11.61,1159.0,2970,50,0.0,0,0,31.5,0.800313433,0.8000625445847953,0.800313433,1.3866853106269175,0,0,0.0003134329999999741,0,1159.0,7.05617528410041,0,,0,11,2,13,4,-0.8660254037844384,-0.5000000000000004,3.9318256327243257,7.9966538754626075,2.4518667957098,3.449987545831587,27.743650851021844,24.343716851351076,13.564749465280324,2.7131782945736433,0,0,1,sweing_team12,15,0,74505,train,0.9792705109119583,0.8801766537472128,-0.03836509882751366,0.09529851025962122,0.2313821274960118,0.9908898274029588,0.6209069742254557,0.7309841269974787,0.22627633111997963,0.663747223037126,-0.22888618729874646,-1.2647205579438705,-0.736328099691826,-0.22318069838746318,-0.9379765012964775,-0.71760946317459,0
2015-01-15,3,finishing,Thursday,1,0.8,3.94,,1440,0,0.0,0,0,8.0,0.884261364,0.8839403436457811,0.884261364,2.030285237970897,0,0,0.08426136399999995,1,0.0,0.0,0,,0,12,3,14,5,-0.8660254037844386,0.5000000000000001,0.0,7.273092595999522,1.3711807233098425,2.0794415416798357,0.0,0.0,0.0,2.030456852791878,0,1,0,finishing_team1,0,0,128400,train,-0.9856129740972022,-1.1731446939116332,-0.5693857707660099,-1.0992948748235933,-1.329301807783477,-0.973454127137173,-1.168065122270806,-0.980051246628074,-0.6033955879065779,0.663747223037126,-0.22888618729874646,-1.2647205579438707,0.6664451087488514,0.7216984540246772,-0.42776192061769297,-0.6327420126511402,0
2015-01-15,3,sweing,Thursday,1,0.8,26.16,1160.0,10620,75,0.0,0,0,59.0,0.850502311,0.8502094936975773,0.850502311,1.7362450890344094,0,0,0.05050231099999991,0,1160.0,7.057036981697891,0,,0,12,3,14,5,-0.8660254037844386,0.5000000000000001,4.330733340286331,9.27058845232154,3.264231526588998,4.07753744390572,30.562145340272675,28.775332535900553,17.658727354588407,2.2553516819571864,1,0,1,sweing_team1,12,0,139020,train,1.178619932744878,0.8804274046144879,0.8965738126511332,0.9932887393999459,0.9459929771454892,1.190448733352088,0.9465777356159535,1.2473918207316324,-0.33009389694785873,0.663747223037126,-0.22888618729874646,-1.2647205579438707,0.6664451087488514,0.7216984540246772,-0.42776192061769297,-0.6327420126511402,0
2015-01-15,3,sweing,Thursday,2,0.5,22.94,1044.0,9810,23,0.0,0,0,54.5,0.499998888,0.49999888892898914,0.499998888,-4.444284043455081e-06,1,1,-1.112000000025315e-06,0,1044.0,6.951772164398911,0,,0,12,3,14,5,-0.8660254037844386,0.5000000000000001,3.1780538303479458,9.19125948416339,3.1328821117012247,3.9982007016691985,22.09310615477419,27.79458034554413,12.706497054439641,2.375762859633827,0,0,1,sweing_team2,16,0,128100,train,0.6025819432328481,0.8497957255794681,0.8383543871910161,0.8480947314758638,0.8556497280237044,0.5908122250161747,0.8745041770530237,0.6227255676922353,-0.1837651503444082,-2.2610999903818723,-0.22888618729874646,-1.2647205579438707,0.6664451087488514,0.7216984540246772,-0.42776192061769297,-0.6327420126511402,0
2015-01-15,3,sweing,Thursday,3,0.5,22.52,1102.0,10170,30,0.0,0,0,56.5,0.660683293,0.6605490546599833,0.660683293,0.665741944521993,0,1,0.16068329299999995,0,1102.0,7.005789019253503,0,,0,12,3,14,5,-0.8660254037844386,0.5000000000000001,3.4339872044851463,9.227295812625597,3.1144038032714896,4.034240638152395,24.05778984943907,28.263038763794295,13.853530731229316,2.5088809946714035,0,0,1,sweing_team3,17,0,120570,train,0.7304816282848566,0.8655144339080783,0.8648014012827553,0.8276687580304326,0.8966895396954262,0.7299184500376154,0.9089302691627752,0.7674105248859032,-0.021994372696609716,-2.2610999903818723,-0.22888618729874646,-1.2647205579438707,0.6664451087488514,0.7216984540246772,-0.42776192061769297,-0.6327420126511402,0
2015-01-15,3,finishing,Thursday,4,0.35,4.3,,3600,0,0.0,0,0,20.0,0.988636364,0.9882281464862155,0.988636364,4.430202201906168,0,0,0.638636364,1,0.0,0.0,0,,0,12,3,14,5,-0.8660254037844386,0.5000000000000001,0.0,8.188966863648876,1.4586150226995167,2.995732273553991,0.0,0.0,0.0,4.651162790697675,0,1,0,finishing_team4,6,0,168870,train,-0.9856129740972022,-1.1731446939116332,0.10277315042340172,-1.0026447575066062,-0.28589266941854513,-0.973454127137173,-1.168065122270806,-0.980051246628074,2.581396908183839,-3.7235235970913716,-0.22888618729874646,-1.2647205579438707,0.6664451087488514,0.7216984540246772,-0.42776192061769297,-0.6327420126511402,0
2015-01-15,3,sweing,Thursday,4,0.65,22.52,872.0,10080,26,0.0,0,0,56.0,0.650130952,0.6500055293166249,0.650130952,0.6190635131832938,0,1,0.0001309520000000175,0,872.0,6.771935555839602,0,,0,12,3,14,5,-0.8660254037844386,0.5000000000000001,3.295836866004329,9.218407743053941,3.1144038032714896,4.02535169073515,22.319194859141678,27.259422239248416,13.266902500957762,2.4866785079928952,0,0,1,sweing_team4,18,0,178950,train,0.6614426260793346,0.7974639264704733,0.8582784587067249,0.8276687580304326,0.8865674150869745,0.6068200670265469,0.8351764554391536,0.693414196702245,-0.048975771847696824,-0.7986763836723731,-0.22888618729874646,-1.2647205579438707,0.6664451087488514,0.7216984540246772,-0.42776192061769297,-0.6327420126511402,0
2015-01-15,3,finishing,Thursday,5,0.65,4.15,,1440,0,0.0,0,0,8.0,0.860653409,0.8603521112481203,0.860653409,1.8182175629992918,0,0,0.21065340899999996,1,0.0,0.0,0,,0,12,3,14,5,-0.8660254037844386,0.5000000000000001,0.0,7.273092595999522,1.423108334242607,2.0794415416798357,0.0,0.0,0.0,1.9277108433734937,0,1,0,finishing_team5,7,0,111840,train,-0.9856129740972022,-1.1731446939116332,-0.5693857707660099,-1.0418939495153812,-1.329301807783477,-0.973454127137173,-1.168065122270806,-0.980051246628074,-0.7282568762586739,-0.7986763836723731,-0.22888618729874646,-1.2647205579438707,0.6664451087488514,0.7216984540246772,-0.42776192061769297,-0.6327420126511402,0
2015-01-15,3,sweing,Thursday,5,0.7,20.79,391.0,10440,0,0.0,0,0,58.0,0.700060345,0.6998932102088554,0.700060345,0.8467893892751054,0,0,6.03450000000727e-05,0,391.0,5.971261839790462,0,,0,12,3,14,5,-0.8660254037844386,0.5000000000000001,0.0,9.25349564229011,3.0344721018699214,4.060443010546419,0.0,24.245968401519733,0.0,2.7898027898027897,0,1,1,sweing_team5,19,0,122280,train,-0.9856129740972022,0.5644707867765755,0.8840294218361046,0.7393120333613457,0.9265270070534614,-0.973454127137173,0.613723631998308,-0.980051246628074,0.3193936526373674,-0.3112018481025408,-0.22888618729874646,-1.2647205579438707,0.6664451087488514,0.7216984540246772,-0.42776192061769297,-0.6327420126511402,0
2015-01-15,3,sweing,Thursday,6,0.8,11.61,1084.0,4950,38,0.0,0,0,31.5,0.80003139,0.7997807372096909,0.80003139,1.3849245316273653,0,0,3.13899999999645e-05,0,1084.0,6.98933526597456,0,,0,12,3,14,5,-0.8660254037844386,0.5000000000000001,3.6635616461296463,8.507344855361422,2.4518667957098,3.449987545831587,25.60586061236575,24.113119621253738,12.639242052533548,2.7131782945736433,0,0,1,sweing_team6,20,0,85035,train,0.8452087477209552,0.860726451538523,0.3364303400605799,0.09529851025962122,0.2313821274960118,0.8395270758340053,0.6039608351994191,0.6142421314438091,0.22627633111997963,0.663747223037126,-0.22888618729874646,-1.2647205579438707,0.6664451087488514,0.7216984540246772,-0.42776192061769297,-0.6327420126511402,0
2015-01-15,3,finishing,Thursday,7,0.8,2.9,,1440,0,0.0,0,0,8.0,0.689299242,0.6891410972698413,0.689299242,0.7961069153748268,1,1,-0.11070075800000001,1,0.0,0.0,0,,0,12,3,14,5,-0.8660254037844386,0.5000000000000001,0.0,7.273092595999522,1.0647107369924282,2.0794415416798357,0.0,0.0,0.0,2.7586206896551726,0,1,0,finishing_team7,9,0,125400,train,-0.9856129740972022,-1.1731446939116332,-0.5693857707660099,-1.4380676486489155,-1.329301807783477,-0.973454127137173,-1.168065122270806,-0.980051246628074,0.28149984809940837,0.663747223037126,-0.22888618729874646,-1.2647205579438707,0.6664451087488514,0.7216984540246772,-0.42776192061769297,-0.6327420126511402,0
2015-01-15,3,sweing,Thursday,7,0.8,25.9,1281.0,10170,60,0.0,0,0,56.5,0.850136766,0.8498442540818714,0.850136766,1.7333800406535405,0,0,0.050136765999999944,0,1281.0,7.156176637480615,0,,0,12,3,14,5,-0.8660254037844386,0.5000000000000001,4.110873864173311,9.227295812625597,3.254242968705492,4.034240638152395,29.418139506426712,28.86973860472106,16.584254401166543,2.1814671814671818,0,0,1,sweing_team7,21,0,135570,train,1.0687477527474374,0.9092766839226294,0.8648014012827553,0.9822473597811097,0.8966895396954262,1.1094492659156965,0.9535154528056118,1.111859554838011,-0.4198814611817876,0.663747223037126,-0.22888618729874646,-1.2647205579438707,0.6664451087488514,0.7216984540246772,-0.42776192061769297,-0.6327420126511402,0
2015-01-15,3,finishing,Thursday,8,0.8,2.9,,1440,0,0.0,0,0,8.0,0.606912879,0.6068235616407687,0.606912879,0.43397961236778815,1,1,-0.19308712100000003,1,0.0,0.0,0,,0,12,3,14,5,-0.8660254037844386,0.5000000000000001,0.0,7.273092595999522,1.0647107369924282,2.0794415416798357,0.0,0.0,0.0,2.7586206896551726,0,1,0,finishing_team8,10,0,125970,train,-0.9856129740972022,-1.1731446939116332,-0.5693857707660099,-1.4380676486489155,-1.329301807783477,-0.973454127137173,-1.168065122270806,-0.980051246628074,0.28149984809940837,0.663747223037126,-0.22888618729874646,-1.2647205579438707,0.6664451087488514,0.7216984540246772,-0.42776192061769297,-0.6327420126511402,0
2015-01-15,3,sweing,Thursday,8,0.8,25.9,1177.0,8970,60,0.0,0,0,56.5,0.850415628,0.8501228831144528,0.850415628,1.7355651698167778,0,0,0.05041562799999999,0,1177.0,7.071573364211532,0,,0,12,3,14,5,-0.8660254037844386,0.5000000000000001,4.110873864173311,9.101752431559284,3.254242968705492,4.034240638152395,29.070346121521325,28.528428641578213,16.584254401166543,2.1814671814671818,0,0,1,sweing_team8,22,0,134940,train,1.0687477527474374,0.8846574390639225,0.7726652789342329,0.9822473597811097,0.8966895396954262,1.0848243224741674,0.9284332517577124,1.111859554838011,-0.4198814611817876,0.663747223037126,-0.22888618729874646,-1.2647205579438707,0.6664451087488514,0.7216984540246772,-0.42776192061769297,-0.6327420126511402,0
2015-01-15,3,finishing,Thursday,9,0.8,3.94,,1440,0,0.0,0,0,8.0,0.858143939,0.8578447377142856,0.858143939,1.7975032680809833,0,0,0.05814393899999992,1,0.0,0.0,0,,0,12,3,14,5,-0.8660254037844386,0.5000000000000001,0.0,7.273092595999522,1.3711807233098425,2.0794415416798357,0.0,0.0,0.0,2.030456852791878,0,1,0,finishing_team9,11,0,129720,train,-0.9856129740972022,-1.1731446939116332,-0.5693857707660099,-1.0992948748235933,-1.329301807783477,-0.973454127137173,-1.168065122270806,-0.980051246628074,-0.6033955879065779,0.663747223037126,-0.22888618729874646,-1.2647205579438707,0.6664451087488514,0.7216984540246772,-0.42776192061769297,-0.6327420126511402,0
2015-01-15,3,sweing,Thursday,9,0.8,26.16,1369.0,10620,63,0.0,0,0,59.0,0.800117103,0.7998663786031747,0.800117103,1.385459436523326,0,0,0.00011710300000000728,0,1369.0,7.222566018822171,0,,0,12,3,14,5,-0.8660254037844386,0.5000000000000001,4.1588830833596715,9.27058845232154,3.264231526588998,4.07753744390572,30.037807634127937,29.450283382828466,16.958001497225133,2.2553516819571864,0,0,1,sweing_team9,23,0,140340,train,1.0927397937785401,0.928595752465845,0.8965738126511332,0.9932887393999459,0.9459929771454892,1.1533238571512718,0.996178552082628,1.1590034039583281,-0.33009389694785873,0.663747223037126,-0.22888618729874646,-1.2647205579438707,0.6664451087488514,0.7216984540246772,-0.42776192061769297,-0.6327420126511402,0
2015-01-15,3,finishing,Thursday,10,0.8,3.94,,3420,0,0.0,0,0,19.0,0.953110048,0.9527315099482039,0.953110048,3.003489231291409,0,0,0.15311004799999994,1,0.0,0.0,0,,0,12,3,14,5,-0.8660254037844386,0.5000000000000001,0.0,8.137688184977605,1.3711807233098425,2.9444389791664403,0.0,0.0,0.0,4.822335025380711,0,1,0,finishing_team10,1,0,125940,train,-0.9856129740972022,-1.1731446939116332,0.06513979554799705,-1.0992948748235933,-0.34430196053005174,-0.973454127137173,-1.168065122270806,-0.980051246628074,2.7894126342798344,0.663747223037126,-0.22888618729874646,-1.2647205579438707,0.6664451087488514,0.7216984540246772,-0.42776192061769297,-0.6327420126511402,0
2015-01-15,3,sweing,Thursday,10,0.6,22.52,1076.0,10170,23,0.0,0,0,56.5,0.600291767,0.6002079810626566,0.600291767,0.40633177102742296,0,1,0.00029176699999999833,0,1076.0,6.981934677156389,0,,0,12,3,14,5,-0.8660254037844386,0.5000000000000001,3.1780538303479458,9.227295812625597,3.1144038032714896,4.034240638152395,22.18896424397601,28.16680460750973,12.82103391262556,2.5088809946714035,0,0,1,sweing_team10,13,0,136110,train,0.6025819432328481,0.8585729071049206,0.8648014012827553,0.8276687580304326,0.8966895396954262,0.5975993006980482,0.9018582094040208,0.6371730601757238,-0.021994372696609716,-1.2861509192422065,-0.22888618729874646,-1.2647205579438707,0.6664451087488514,0.7216984540246772,-0.42776192061769297,-0.6327420126511402,0
2015-01-15,3,sweing,Thursday,11,0.5,14.89,917.0,9900,30,0.0,0,0,55.0,0.500025069,0.5000250480568086,0.500025069,0.00010019222731815623,0,1,2.5068999999988684e-05,0,917.0,6.822197390620491,0,,0,12,3,14,5,-0.8660254037844386,0.5000000000000001,3.4339872044851463,9.200391041122515,2.7006898466959175,4.007333185232471,23.427338545862717,27.338817999639865,13.76113088219701,3.6937541974479515,0,0,1,sweing_team11,14,0,144780,train,0.7304816282848566,0.8120899376128904,0.8450560248406661,0.3703482017062146,0.8660491749180281,0.6852803736192573,0.841011094446324,0.7557553586318858,1.4179135660158233,-2.2610999903818723,-0.22888618729874646,-1.2647205579438707,0.6664451087488514,0.7216984540246772,-0.42776192061769297,-0.6327420126511402,0
2015-01-15,3,sweing,Thursday,12,0.8,11.61,1216.0,4950,50,0.0,0,0,31.5,0.80003139,0.7997807372096909,0.80003139,1.3849245316273653,0,0,3.13899999999645e-05,0,1216.0,7.104144092987527,0,,0,12,3,14,5,-0.8660254037844386,0.5000000000000001,3.9318256327243257,8.507344855361422,2.4518667957098,3.449987545831587,27.932255843375465,24.509208644600005,13.564749465280324,2.7131782945736433,0,0,1,sweing_team12,15,0,79455,train,0.9792705109119583,0.8941354026932065,0.3364303400605799,0.09529851025962122,0.2313821274960118,1.0042436963121142,0.6330686421469683,0.7309841269974787,0.22627633111997963,0.663747223037126,-0.22888618729874646,-1.2647205579438707,0.6664451087488514,0.7216984540246772,-0.42776192061769297,-0.6327420126511402,0
2015-01-17,3,finishing,Saturday,1,0.8,3.94,,1440,0,0.0,0,0,8.0,0.884261364,0.8839403436457811,0.884261364,2.030285237970897,0,0,0.08426136399999995,1,0.0,0.0,0,,0,13,3,16,0,0.0,1.0,0.0,7.273092595999522,1.3711807233098425,2.0794415416798357,0.0,0.0,0.0,2.030456852791878,0,1,0,finishing_team1,0,0,140460,train,-0.9856129740972022,-1.1731446939116332,-0.5693857707660099,-1.0992948748235933,-1.329301807783477,-0.973454127137173,-1.168065122270806,-0.980051246628074,-0.6033955879065779,0.663747223037126,-0.22888618729874646,-0.028538824941726406,1.3678317129691895,0.7216984540246772,-0.42776192061769297,-0.5478745621276903,0
2015-01-17,3,sweing,Saturday,1,0.8,48.68,171.0,10620,63,0.0,0,0,59.0,0.800117103,0.7998663786031747,0.800117103,1.385459436523326,0,0,0.00011710300000000728,0,171.0,5.147494476813453,0,,0,13,3,16,0,0.0,1.0,4.1588830833596715,9.27058845232154,3.8852682681193262,4.07753744390572,21.40782770130681,20.989101471504735,16.958001497225133,1.2119967132292522,0,0,1,sweing_team1,12,0,151080,train,1.0927397937785401,0.32475747980747705,0.8965738126511332,1.679784477869309,0.9459929771454892,0.542292201661149,0.37438285690730516,1.1590034039583281,-1.5980229030608748,0.663747223037126,-0.22888618729874646,-0.028538824941726406,1.3678317129691895,0.7216984540246772,-0.42776192061769297,-0.5478745621276903,0
2015-01-17,3,finishing,Saturday,2,0.8,3.94,,1800,0,0.0,0,0,10.0,0.980909091,0.9805073290192147,0.980909091,3.9180315726035895,0,0,0.18090909099999997,1,0.0,0.0,0,,0,13,3,16,0,0.0,1.0,0.0,7.496097345175956,1.3711807233098425,2.302585092994046,0.0,0.0,0.0,2.5380710659898478,0,1,0,finishing_team2,4,0,129900,train,-0.9856129740972022,-1.1731446939116332,-0.40572287846610844,-1.0992948748235933,-1.0752012122964671,-0.973454127137173,-1.168065122270806,-0.980051246628074,0.013478634309133644,0.663747223037126,-0.22888618729874646,-0.028538824941726406,1.3678317129691895,0.7216984540246772,-0.42776192061769297,-0.5478745621276903,0
2015-01-17,3,sweing,Saturday,2,0.6,22.94,865.0,6570,23,0.0,0,0,56.5,0.77011398,0.7698883208688387,0.77011398,1.2076807139798316,0,0,0.17011398,0,865.0,6.763884908562435,0,,0,13,3,16,0,0.0,1.0,3.1780538303479458,8.790421306897867,3.1328821117012247,4.034240638152395,21.495990341689513,27.287139369908274,12.82103391262556,2.4629468177855274,0,0,1,sweing_team2,16,0,136470,train,0.6025819432328481,0.7951212173892623,0.5441797757633746,0.8480947314758638,0.8966895396954262,0.5485344136390177,0.8372133331126909,0.6371730601757238,-0.07781552368660934,-1.2861509192422065,-0.22888618729874646,-0.028538824941726406,1.3678317129691895,0.7216984540246772,-0.42776192061769297,-0.5478745621276903,0
2015-01-17,3,sweing,Saturday,3,0.6,22.52,1140.0,10170,30,0.0,0,0,56.5,0.600291767,0.6002079810626566,0.600291767,0.40633177102742296,0,1,0.00029176699999999833,0,1140.0,7.039660349862076,0,,0,13,3,16,0,0.0,1.0,3.4339872044851463,9.227295812625597,3.1144038032714896,4.034240638152395,24.174103565347796,28.399683862203695,13.853530731229316,2.5088809946714035,0,0,1,sweing_team3,17,0,130740,train,0.7304816282848566,0.875370867940961,0.8648014012827553,0.8276687580304326,0.8966895396954262,0.738153853009715,0.9189720499504052,0.7674105248859032,-0.021994372696609716,-1.2861509192422065,-0.22888618729874646,-0.028538824941726406,1.3678317129691895,0.7216984540246772,-0.42776192061769297,-0.5478745621276903,0
2015-01-17,3,sweing,Saturday,4,0.7,22.52,825.0,10170,50,0.0,0,0,56.5,0.7005417,0.7003741630743526,0.7005417,0.8490802249224684,0,0,0.0005417000000000893,0,825.0,6.716594773520978,0,,0,13,3,16,0,0.0,1.0,3.9318256327243257,9.227295812625597,3.1144038032714896,4.034240638152395,26.40847949515202,27.096359585340313,15.86193074966573,2.5088809946714035,0,0,1,sweing_team4,18,0,189120,train,0.9792705109119583,0.7813599600643355,0.8648014012827553,0.8276687580304326,0.8966895396954262,0.8963551969297873,0.8231933002125501,1.020746827537911,-0.021994372696609716,-0.3112018481025408,-0.22888618729874646,-0.028538824941726406,1.3678317129691895,0.7216984540246772,-0.42776192061769297,-0.5478745621276903,0
2015-01-17,3,finishing,Saturday,5,0.65,4.15,,2700,0,0.0,0,0,15.0,0.98719697,0.9867899549874686,0.98719697,4.313479679235759,0,0,0.33719696999999993,1,0.0,0.0,0,,0,13,3,16,0,0.0,1.0,0.0,7.901377353792616,1.423108334242607,2.70805020110221,0.0,0.0,0.0,3.614457831325301,0,1,0,finishing_team5,7,0,124980,train,-0.9856129740972022,-1.1731446939116332,-0.10828841284827576,-1.0418939495153812,-0.6134853132140259,-0.973454127137173,-1.168065122270806,-0.980051246628074,1.3215492741882318,-0.7986763836723731,-0.22888618729874646,-0.028538824941726406,1.3678317129691895,0.7216984540246772,-0.42776192061769297,-0.5478745621276903,0
2015-01-17,3,sweing,Saturday,5,0.7,41.19,1052.0,10440,21,0.0,0,0,58.0,0.452012539,0.4520526287752715,0.452012539,-0.19238063602731686,1,1,-0.24798746099999996,0,1052.0,6.959398512133975,0,,0,13,3,16,0,0.0,1.0,3.091042453358316,9.25349564229011,3.718195508447989,4.060443010546419,21.511796250844817,28.258241046201547,12.55100172504103,1.4081087642631707,0,0,1,sweing_team5,19,0,135420,train,0.5590990338607028,0.8520149650369064,0.8840294218361046,1.4951017854313964,0.9265270070534614,0.5496535252606985,0.908577694288827,0.6031116404526964,-1.3596992592319825,-0.3112018481025408,-0.22888618729874646,-0.028538824941726406,1.3678317129691895,0.7216984540246772,-0.42776192061769297,-0.5478745621276903,0
2015-01-17,3,finishing,Saturday,6,0.8,2.9,,900,0,0.0,0,0,5.0,0.465757576,0.4657861828705096,0.465757576,-0.13706947164158034,1,1,-0.33424242400000004,1,0.0,0.0,0,,0,13,3,16,0,0.0,1.0,0.0,6.803505257608338,1.0647107369924282,1.6094379124341003,0.0,0.0,0.0,1.7241379310344829,0,1,0,finishing_team6,8,0,85935,train,-0.9856129740972022,-1.1731446939116332,-0.9140153011788772,-1.4380676486489155,-1.8645097551743899,-0.973454127137173,-1.168065122270806,-0.980051246628074,-0.9756472737264034,0.663747223037126,-0.22888618729874646,-0.028538824941726406,1.3678317129691895,0.7216984540246772,-0.42776192061769297,-0.5478745621276903,0
2015-01-17,3,sweing,Saturday,6,0.8,11.41,1067.0,5490,63,0.0,0,0,30.5,0.800343766,0.8000928522439432,0.800343766,1.3868747887120865,0,0,0.0003437659999999676,0,1067.0,6.97354301952014,0,,0,13,3,16,0,0.0,1.0,4.1588830833596715,8.610865667278873,2.4344901638739844,3.417726683613366,29.002150094963234,23.833664057139707,14.21392568802658,2.6730937773882557,0,0,1,sweing_team6,20,0,91425,train,1.0927397937785401,0.8561309652493124,0.41240412785753683,0.07609033318004338,0.1946456668082843,1.0799958140268693,0.5834241928508668,0.8128701569369569,0.17756393355757186,0.663747223037126,-0.22888618729874646,-0.028538824941726406,1.3678317129691895,0.7216984540246772,-0.42776192061769297,-0.5478745621276903,0
2015-01-17,3,finishing,Saturday,7,0.8,2.9,,1440,0,0.0,0,0,8.0,0.661837121,0.661701918726817,0.661837121,0.6708877766086994,1,1,-0.13816287900000002,1,0.0,0.0,0,,0,13,3,16,0,0.0,1.0,0.0,7.273092595999522,1.0647107369924282,2.0794415416798357,0.0,0.0,0.0,2.7586206896551726,0,1,0,finishing_team7,9,0,137010,train,-0.9856129740972022,-1.1731446939116332,-0.5693857707660099,-1.4380676486489155,-1.329301807783477,-0.973454127137173,-1.168065122270806,-0.980051246628074,0.28149984809940837,0.663747223037126,-0.22888618729874646,-0.028538824941726406,1.3678317129691895,0.7216984540246772,-0.42776192061769297,-0.5478745621276903,0
2015-01-17,3,sweing,Saturday,7,0.8,25.9,1396.0,10170,50,0.0,0,0,56.5,0.800128721,0.7998779868972431,0.800128721,1.3855319536101698,0,0,0.0001287209999999428,0,1396.0,7.242082359256962,0,,0,13,3,16,0,0.0,1.0,3.9318256327243257,9.227295812625597,3.254242968705492,4.034240638152395,28.474605054427183,29.216302958561013,15.86193074966573,2.1814671814671818,0,0,1,sweing_team7,21,0,147180,train,0.9792705109119583,0.9342749365605529,0.8648014012827553,0.9822473597811097,0.8966895396954262,1.0426438477449533,0.9789837887399218,1.020746827537911,-0.4198814611817876,0.663747223037126,-0.22888618729874646,-0.028538824941726406,1.3678317129691895,0.7216984540246772,-0.42776192061769297,-0.5478745621276903,0
2015-01-17,3,finishing,Saturday,8,0.8,2.9,,1440,0,0.0,0,0,8.0,0.675568182,0.6754215084979114,0.675568182,0.7328095616754575,1,1,-0.12443181800000003,1,0.0,0.0,0,,0,13,3,16,0,0.0,1.0,0.0,7.273092595999522,1.0647107369924282,2.0794415416798357,0.0,0.0,0.0,2.7586206896551726,0,1,0,finishing_team8,10,0,136380,train,-0.9856129740972022,-1.1731446939116332,-0.5693857707660099,-1.4380676486489155,-1.329301807783477,-0.973454127137173,-1.168065122270806,-0.980051246628074,0.28149984809940837,0.663747223037126,-0.22888618729874646,-0.028538824941726406,1.3678317129691895,0.7216984540246772,-0.42776192061769297,-0.5478745621276903,0
2015-01-17,3,sweing,Saturday,8,0.8,25.9,1292.0,10170,50,0.0,0,0,56.5,0.800128721,0.7998779868972431,0.800128721,1.3855319536101698,0,0,0.0001287209999999428,0,1292.0,7.164720378771857,0,,0,13,3,16,0,0.0,1.0,3.9318256327243257,9.227295812625597,3.254242968705492,4.034240638152395,28.17043123655753,28.90420611304005,15.86193074966573,2.1814671814671818,0,0,1,sweing_team8,22,0,146550,train,0.9792705109119583,0.9117628815687836,0.8648014012827553,0.9822473597811097,0.8966895396954262,1.0211073166131956,0.9560484025188765,1.020746827537911,-0.4198814611817876,0.663747223037126,-0.22888618729874646,-0.028538824941726406,1.3678317129691895,0.7216984540246772,-0.42776192061769297,-0.5478745621276903,0
2015-01-17,3,finishing,Saturday,9,0.8,3.94,,1800,0,0.0,0,0,10.0,0.82680303,0.8265300115956558,0.82680303,1.5612316213443047,0,0,0.02680302999999995,1,0.0,0.0,0,,0,13,3,16,0,0.0,1.0,0.0,7.496097345175956,1.3711807233098425,2.302585092994046,0.0,0.0,0.0,2.5380710659898478,0,1,0,finishing_team9,11,0,142140,train,-0.9856129740972022,-1.1731446939116332,-0.40572287846610844,-1.0992948748235933,-1.0752012122964671,-0.973454127137173,-1.168065122270806,-0.980051246628074,0.013478634309133644,0.663747223037126,-0.22888618729874646,-0.028538824941726406,1.3678317129691895,0.7216984540246772,-0.42776192061769297,-0.5478745621276903,0
2015-01-17,3,sweing,Saturday,9,0.8,26.16,1128.0,10620,63,0.0,0,0,59.0,0.800117103,0.7998663786031747,0.800117103,1.385459436523326,0,0,0.00011710300000000728,0,1128.0,7.029087564149662,0,,0,13,3,16,0,0.0,1.0,4.1588830833596715,9.27058845232154,3.264231526588998,4.07753744390572,29.233153361995868,28.661367739312293,16.958001497225133,2.2553516819571864,0,0,1,sweing_team9,23,0,152760,train,1.0927397937785401,0.8722942257469328,0.8965738126511332,0.9932887393999459,0.9459929771454892,1.0963516236321456,0.9382026858105268,1.1590034039583281,-0.33009389694785873,0.663747223037126,-0.22888618729874646,-0.028538824941726406,1.3678317129691895,0.7216984540246772,-0.42776192061769297,-0.5478745621276903,0
2015-01-17,3,finishing,Saturday,10,0.8,3.94,,1440,0,0.0,0,0,8.0,0.974621212,0.9742247030509608,0.974621212,3.632225427666515,0,0,0.17462121199999991,1,0.0,0.0,0,,0,13,3,16,0,0.0,1.0,0.0,7.273092595999522,1.3711807233098425,2.0794415416798357,0.0,0.0,0.0,2.030456852791878,0,1,0,finishing_team10,1,0,137550,train,-0.9856129740972022,-1.1731446939116332,-0.5693857707660099,-1.0992948748235933,-1.329301807783477,-0.973454127137173,-1.168065122270806,-0.980051246628074,-0.6033955879065779,0.663747223037126,-0.22888618729874646,-0.028538824941726406,1.3678317129691895,0.7216984540246772,-0.42776192061769297,-0.5478745621276903,0
2015-01-17,3,sweing,Saturday,10,0.65,22.52,1163.0,9720,35,0.0,0,0,54.0,0.650198653,0.6500731737577277,0.650198653,0.6193608668189786,0,1,0.00019865299999999309,0,1163.0,7.059617628291383,0,,0,13,3,16,0,0.0,1.0,3.58351893845611,9.18204377282107,3.1144038032714896,3.9889840465642745,25.298273469240776,28.160702094098248,14.294599876062367,2.3978685612788633,0,0,1,sweing_team10,13,0,147270,train,0.8052083486457364,0.8811783633885875,0.8315909887501515,0.8276687580304326,0.8451544323417699,0.817748869773949,0.9014097476396035,0.8230462674372697,-0.1569013684520442,-0.7986763836723731,-0.22888618729874646,-0.028538824941726406,1.3678317129691895,0.7216984540246772,-0.42776192061769297,-0.5478745621276903,0
2015-01-17,3,finishing,Saturday,11,0.8,4.15,,1260,0,0.0,0,0,7.0,0.313852814,0.3140083254335839,0.313852814,-0.7814459917752269,1,1,-0.48614718600000006,1,0.0,0.0,0,,0,13,3,16,0,0.0,1.0,0.0,7.139660335964919,1.423108334242607,1.9459101490553132,0.0,0.0,0.0,1.686746987951807,0,1,0,finishing_team11,2,0,146040,train,-0.9856129740972022,-1.1731446939116332,-0.6673115310201029,-1.0418939495153812,-1.4813582135467933,-0.973454127137173,-1.168065122270806,-0.980051246628074,-1.0210863263225174,0.663747223037126,-0.22888618729874646,-0.028538824941726406,1.3678317129691895,0.7216984540246772,-0.42776192061769297,-0.5478745621276903,0
2015-01-17,3,sweing,Saturday,11,0.6,14.89,1027.0,10080,38,0.0,0,0,56.0,0.600273268,0.6001894975171261,0.600273268,0.4062547434846928,0,1,0.0002732680000000487,0,1027.0,6.93537044601511,0,,0,13,3,16,0,0.0,1.0,3.6635616461296463,9.218407743053941,2.7006898466959175,4.02535169073515,25.408157167722017,27.917305150741512,14.74712406636042,3.760913364674278,0,0,1,sweing_team11,14,0,156120,train,0.8452087477209552,0.8450228851751723,0.8582784587067249,0.3703482017062146,0.8865674150869745,0.8255290058480802,0.883522982742668,0.8801269307405657,1.4995282213391914,-1.2861509192422065,-0.22888618729874646,-0.028538824941726406,1.3678317129691895,0.7216984540246772,-0.42776192061769297,-0.5478745621276903,0
2015-01-17,3,sweing,Saturday,12,0.8,11.61,1039.0,5670,63,0.0,0,0,31.5,0.800246753,0.7999959202907269,0.800246753,1.3862688631319777,0,0,0.00024675299999998845,0,1039.0,6.946975992135418,0,,0,13,3,16,0,0.0,1.0,4.1588830833596715,8.643120748014027,2.4518667957098,3.449987545831587,28.891660934197763,23.96698065405823,14.348094842160537,2.7131782945736433,0,0,1,sweing_team12,15,0,85125,train,1.0927397937785401,0.8484000568922304,0.43607608921251995,0.09529851025962122,0.2313821274960118,1.0721728091830829,0.5932213685797588,0.8297940352113188,0.22627633111997963,0.663747223037126,-0.22888618729874646,-0.028538824941726406,1.3678317129691895,0.7216984540246772,-0.42776192061769297,-0.5478745621276903,0
2015-01-18,3,sweing,Sunday,1,0.8,49.1,1381.0,10350,24,0.0,0,0,57.5,0.403242161,0.4033229946165413,0.403242161,-0.3916382210628705,1,1,-0.39675783900000006,0,1381.0,7.231287004327616,1,smv_extreme;,0,14,3,17,1,0.8660254037844386,0.5000000000000001,3.2188758248682006,9.24483841238375,3.893859034800475,4.051784947803305,23.276614920913755,29.299619837380284,13.042192616048922,1.1710794297352343,0,0,1,sweing_team1,12,0,161430,train,0.6229822535086641,0.9311335275337778,0.8776758921870157,1.6892807352119272,0.9166677981010531,0.6746086331527728,0.9851065830644279,0.6650696583186599,-1.6477473133990626,0.663747223037126,-0.22888618729874646,1.207642908060418,0.6664451087488514,0.7216984540246772,-0.42776192061769297,-0.4630071116042404,0
2015-01-18,3,sweing,Sunday,2,0.65,22.94,1025.0,10170,26,0.0,0,0,56.5,0.650243497,0.6501179802940684,0.650243497,0.6195578434612582,0,1,0.0002434969999999259,0,1025.0,6.933423025730715,0,,0,14,3,17,1,0.8660254037844386,0.5000000000000001,3.295836866004329,9.227295812625597,3.1328821117012247,4.034240638152395,22.85143121580657,27.97109693190439,13.296199021555495,2.4629468177855274,0,0,1,sweing_team2,16,0,146640,train,0.6614426260793346,0.8444561929542714,0.8648014012827553,0.8480947314758638,0.8966895396954262,0.6445041942964314,0.8874760354383119,0.6971096120282098,-0.07781552368660934,-0.7986763836723731,-0.22888618729874646,1.207642908060418,0.6664451087488514,0.7216984540246772,-0.42776192061769297,-0.4630071116042404,0
2015-01-18,3,sweing,Sunday,3,0.65,22.52,1138.0,10170,35,0.0,0,0,56.5,0.650416734,0.6502910725680868,0.650416734,0.6203188940326659,0,1,0.0004167339999999742,0,1138.0,7.037905963447182,0,,0,14,3,17,1,0.8660254037844386,0.5000000000000001,3.58351893845611,9.227295812625597,3.1144038032714896,4.034240638152395,25.22046930708617,28.392606245233708,14.45677772910837,2.5088809946714035,0,0,1,sweing_team3,17,0,140910,train,0.8052083486457364,0.8748603478741109,0.8648014012827553,0.8276687580304326,0.8966895396954262,0.8122400729545559,0.9184519297343219,0.8435031173105839,-0.021994372696609716,-0.7986763836723731,-0.22888618729874646,1.207642908060418,0.6664451087488514,0.7216984540246772,-0.42776192061769297,-0.4630071116042404,0
2015-01-18,3,sweing,Sunday,4,0.7,22.52,882.0,10170,50,0.0,0,0,56.5,0.7005417,0.7003741630743526,0.7005417,0.8490802249224684,0,0,0.0005417000000000893,0,882.0,6.78332520060396,0,,0,14,3,17,1,0.8660254037844386,0.5000000000000001,3.9318256327243257,9.227295812625597,3.1144038032714896,4.034240638152395,26.670851898839526,27.365566186079743,15.86193074966573,2.5088809946714035,0,0,1,sweing_team4,18,0,199290,train,0.9792705109119583,0.8007782716780821,0.8648014012827553,0.8276687580304326,0.8966895396954262,0.9149320470995527,0.8429767663059261,1.020746827537911,-0.021994372696609716,-0.3112018481025408,-0.22888618729874646,1.207642908060418,0.6664451087488514,0.7216984540246772,-0.42776192061769297,-0.4630071116042404,0
2015-01-18,3,finishing,Sunday,5,0.6,4.15,,1440,0,0.0,0,0,8.0,0.852793561,0.8524988295371763,0.852793561,1.7543357250902423,0,0,0.25279356100000006,1,0.0,0.0,0,,0,14,3,17,1,0.8660254037844386,0.5000000000000001,0.0,7.273092595999522,1.423108334242607,2.0794415416798357,0.0,0.0,0.0,1.9277108433734937,0,1,0,finishing_team5,7,0,136860,train,-0.9856129740972022,-1.1731446939116332,-0.5693857707660099,-1.0418939495153812,-1.329301807783477,-0.973454127137173,-1.168065122270806,-0.980051246628074,-0.7282568762586739,-1.2861509192422065,-0.22888618729874646,1.207642908060418,0.6664451087488514,0.7216984540246772,-0.42776192061769297,-0.4630071116042404,0
2015-01-18,3,sweing,Sunday,5,0.6,20.4,1031.0,10440,30,0.0,0,0,58.0,0.600062696,0.5999791014335839,0.600062696,0.4053780315062824,0,1,6.269599999997322e-05,0,1031.0,6.939253946041508,0,,0,14,3,17,1,0.8660254037844386,0.5000000000000001,3.4339872044851463,9.25349564229011,3.0155349008501706,4.060443010546419,23.8293092593796,28.1764451836109,13.94350934275755,2.843137254901961,0,0,1,sweing_team5,19,0,147300,train,0.7304816282848566,0.8461529695603781,0.8840294218361046,0.7183787987727416,0.9265270070534614,0.7137412544614766,0.9025666764694429,0.7787602801901629,0.3842079462877916,-1.2861509192422065,-0.22888618729874646,1.207642908060418,0.6664451087488514,0.7216984540246772,-0.42776192061769297,-0.4630071116042404,0
2015-01-18,3,finishing,Sunday,6,0.8,2.9,,1800,0,0.0,0,0,10.0,0.804848485,0.804593807903091,0.804848485,1.415257135170254,0,0,0.0048484849999999025,1,0.0,0.0,0,,0,14,3,17,1,0.8660254037844386,0.5000000000000001,0.0,7.496097345175956,1.0647107369924282,2.302585092994046,0.0,0.0,0.0,3.4482758620689657,0,1,0,finishing_team6,8,0,93225,train,-0.9856129740972022,-1.1731446939116332,-0.40572287846610844,-1.4380676486489155,-1.0752012122964671,-0.973454127137173,-1.168065122270806,-0.980051246628074,1.1195979293166163,0.663747223037126,-0.22888618729874646,1.207642908060418,0.6664451087488514,0.7216984540246772,-0.42776192061769297,-0.4630071116042404,0
2015-01-18,3,sweing,Sunday,6,0.8,11.41,1140.0,5490,63,0.0,0,0,30.5,0.800343766,0.8000928522439432,0.800343766,1.3868747887120865,0,0,0.0003437659999999676,0,1140.0,7.039660349862076,0,,0,14,3,17,1,0.8660254037844386,0.5000000000000001,4.1588830833596715,8.610865667278873,2.4344901638739844,3.417726683613366,29.277124341639215,24.059635021298618,14.21392568802658,2.6730937773882557,0,0,1,sweing_team6,20,0,98715,train,1.0927397937785401,0.875370867940961,0.41240412785753683,0.07609033318004338,0.1946456668082843,1.0994649171385205,0.6000303566494,0.8128701569369569,0.17756393355757186,0.663747223037126,-0.22888618729874646,1.207642908060418,0.6664451087488514,0.7216984540246772,-0.42776192061769297,-0.4630071116042404,0
2015-01-18,3,finishing,Sunday,7,0.8,2.9,,1440,0,0.0,0,0,8.0,0.692045455,0.6918850160233918,0.692045455,0.8089467420906956,1,1,-0.10795454500000001,1,0.0,0.0,0,,0,14,3,17,1,0.8660254037844386,0.5000000000000001,0.0,7.273092595999522,1.0647107369924282,2.0794415416798357,0.0,0.0,0.0,2.7586206896551726,0,1,0,finishing_team7,9,0,148620,train,-0.9856129740972022,-1.1731446939116332,-0.5693857707660099,-1.4380676486489155,-1.329301807783477,-0.973454127137173,-1.168065122270806,-0.980051246628074,0.28149984809940837,0.663747223037126,-0.22888618729874646,1.207642908060418,0.6664451087488514,0.7216984540246772,-0.42776192061769297,-0.4630071116042404,0
2015-01-18,3,sweing,Sunday,7,0.8,48.84,624.0,10170,50,0.0,0,0,56.5,0.800128721,0.7998779868972431,0.800128721,1.3855319536101698,0,0,0.0001287209999999428,0,624.0,6.437751649736401,0,,0,14,3,17,1,0.8660254037844386,0.5000000000000001,3.9318256327243257,9.227295812625597,3.888549649242504,4.034240638152395,25.312116953546898,25.971439323699215,15.86193074966573,1.1568386568386568,0,0,1,sweing_team7,21,0,158790,train,0.9792705109119583,0.7002176250652491,0.8648014012827553,1.683411725674011,0.8966895396954262,0.818729035104479,0.7405251123122498,1.020746827537911,-1.6650533018365863,0.663747223037126,-0.22888618729874646,1.207642908060418,0.6664451087488514,0.7216984540246772,-0.42776192061769297,-0.4630071116042404,0
2015-01-18,3,finishing,Sunday,8,0.8,2.9,,1440,0,0.0,0,0,8.0,0.639867424,0.6397505756925647,0.639867424,0.5742817380685487,1,1,-0.16013257600000008,1,0.0,0.0,0,,0,14,3,17,1,0.8660254037844386,0.5000000000000001,0.0,7.273092595999522,1.0647107369924282,2.0794415416798357,0.0,0.0,0.0,2.7586206896551726,0,1,0,finishing_team8,10,0,147990,train,-0.9856129740972022,-1.1731446939116332,-0.5693857707660099,-1.4380676486489155,-1.329301807783477,-0.973454127137173,-1.168065122270806,-0.980051246628074,0.28149984809940837,0.663747223037126,-0.22888618729874646,1.207642908060418,0.6664451087488514,0.7216984540246772,-0.42776192061769297,-0.4630071116042404,0
2015-01-18,3,sweing,Sunday,8,0.8,25.9,1288.0,10170,38,0.0,0,0,56.5,0.800128721,0.7998779868972431,0.800128721,1.3855319536101698,0,0,0.0001287209999999428,0,1288.0,7.161622002939187,0,,0,14,3,17,1,0.8660254037844386,0.5000000000000001,3.6635616461296463,9.227295812625597,3.254242968705492,4.034240638152395,26.237043694046182,28.89170651934362,14.779689273192705,2.1814671814671818,0,0,1,sweing_team8,22,0,158160,train,0.8452087477209552,0.9108612654688225,0.8648014012827553,0.9822473597811097,0.8966895396954262,0.8842169646076489,0.9551298318471505,0.8842346528169733,-0.4198814611817876,0.663747223037126,-0.22888618729874646,1.207642908060418,0.6664451087488514,0.7216984540246772,-0.42776192061769297,-0.4630071116042404,0
2015-01-18,3,finishing,Sunday,9,0.8,3.94,,1800,0,0.0,0,0,10.0,0.582045455,0.5819769124310777,0.582045455,0.330894113164257,1,1,-0.217954545,1,0.0,0.0,0,,0,14,3,17,1,0.8660254037844386,0.5000000000000001,0.0,7.496097345175956,1.3711807233098425,2.302585092994046,0.0,0.0,0.0,2.5380710659898478,0,1,0,finishing_team9,11,0,154560,train,-0.9856129740972022,-1.1731446939116332,-0.40572287846610844,-1.0992948748235933,-1.0752012122964671,-0.973454127137173,-1.168065122270806,-0.980051246628074,0.013478634309133644,0.663747223037126,-0.22888618729874646,1.207642908060418,0.6664451087488514,0.7216984540246772,-0.42776192061769297,-0.4630071116042404,0
2015-01-18,3,sweing,Sunday,9,0.8,26.16,1381.0,3660,50,0.0,0,0,59.0,0.800015009,0.7997643698947369,0.800015009,1.384822323051975,0,0,1.5008999999954753e-05,0,1381.0,7.231287004327616,0,,0,14,3,17,1,0.8660254037844386,0.5000000000000001,3.9318256327243257,8.205491613120236,3.264231526588998,4.07753744390572,28.432159601201622,29.485843527774676,16.032166240341738,2.2553516819571864,0,0,1,sweing_team9,23,0,158220,train,0.9792705109119583,0.9311335275337778,0.11490064234006199,0.9932887393999459,0.9459929771454892,1.0396385666487822,0.9987917975226973,1.0422200546799745,-0.33009389694785873,0.663747223037126,-0.22888618729874646,1.207642908060418,0.6664451087488514,0.7216984540246772,-0.42776192061769297,-0.4630071116042404,0
2015-01-18,3,finishing,Sunday,10,0.7,3.94,,1440,0,0.0,0,0,8.0,0.235795455,0.2360161772598162,0.235795455,-1.1746462641310875,1,1,-0.46420454499999997,1,0.0,0.0,0,,0,14,3,17,1,0.8660254037844386,0.5000000000000001,0.0,7.273092595999522,1.3711807233098425,2.0794415416798357,0.0,0.0,0.0,2.030456852791878,0,1,0,finishing_team10,1,0,148710,train,-0.9856129740972022,-1.1731446939116332,-0.5693857707660099,-1.0992948748235933,-1.329301807783477,-0.973454127137173,-1.168065122270806,-0.980051246628074,-0.6033955879065779,-0.3112018481025408,-0.22888618729874646,1.207642908060418,0.6664451087488514,0.7216984540246772,-0.42776192061769297,-0.4630071116042404,0
2015-01-18,3,sweing,Sunday,10,0.7,22.52,1002.0,10080,40,0.0,0,0,56.0,0.700094156,0.699926992962406,0.700094156,0.8469502319945114,0,0,9.415600000006741e-05,0,1002.0,6.910750787961936,0,,0,14,3,17,1,0.8660254037844386,0.5000000000000001,3.713572066704308,9.218407743053941,3.1144038032714896,4.02535169073515,25.66357108613023,27.818202368571846,14.94843359737501,2.4866785079928952,0,0,1,sweing_team10,13,0,158790,train,0.870200865542169,0.837858654211898,0.8582784587067249,0.8276687580304326,0.8865674150869745,0.8436131718154478,0.8762401132831985,0.905519786649594,-0.048975771847696824,-0.3112018481025408,-0.22888618729874646,1.207642908060418,0.6664451087488514,0.7216984540246772,-0.42776192061769297,-0.4630071116042404,0
2015-01-18,3,finishing,Sunday,11,0.65,4.15,,2160,0,0.0,0,0,12.0,0.838383838,0.8381011447351713,0.838383838,1.644167000945844,0,0,0.18838383800000003,1,0.0,0.0,0,,0,14,3,17,1,0.8660254037844386,0.5000000000000001,0.0,7.6783263565068856,1.423108334242607,2.4849066497880004,0.0,0.0,0.0,2.8915662650602405,0,1,0,finishing_team11,2,0,158280,train,-0.9856129740972022,-1.1731446939116332,-0.2719852465748004,-1.0418939495153812,-0.8675859087010354,-0.973454127137173,-1.168065122270806,-0.980051246628074,0.44306092399670066,-0.7986763836723731,-0.22888618729874646,1.207642908060418,0.6664451087488514,0.7216984540246772,-0.42776192061769297,-0.4630071116042404,0
2015-01-18,3,sweing,Sunday,11,0.65,14.89,1140.0,10260,44,0.0,0,0,57.0,0.650299575,0.6501740114452799,0.650299575,0.6198041816848233,0,1,0.00029957499999999637,0,1140.0,7.039660349862076,0,,0,14,3,17,1,0.8660254037844386,0.5000000000000001,3.8066624897703196,9.236105579862208,2.7006898466959175,4.04305126783455,26.79761099454337,28.46170770263448,15.390531605484117,3.828072531900604,0,0,1,sweing_team11,14,0,168540,train,0.9167217064900888,0.875370867940961,0.8712668778780183,0.3703482017062146,0.9067224814303124,0.9239070181538632,0.9235300605666869,0.96128530833654,1.5811428766625595,-0.7986763836723731,-0.22888618729874646,1.207642908060418,0.6664451087488514,0.7216984540246772,-0.42776192061769297,-0.4630071116042404,0
2015-01-18,3,sweing,Sunday,12,0.8,26.87,585.0,5670,56,0.0,0,0,31.5,0.662255892,0.6621203398763577,0.662255892,0.6727575247568715,1,1,-0.13774410800000003,0,585.0,6.373319789577012,0,,0,14,3,17,1,0.8660254037844386,0.5000000000000001,4.04305126783455,8.643120748014027,3.2910104226273997,3.449987545831587,25.767658655564368,21.987873899642683,13.948476521187807,1.172311127651656,0,0,1,sweing_team12,15,0,90795,train,1.0348542101784763,0.6814681880674536,0.43607608921251995,1.0228902054355575,0.2313821274960118,0.8509829224246469,0.44778068746864114,0.779386831975954,-1.6462505020914937,0.663747223037126,-0.22888618729874646,1.207642908060418,0.6664451087488514,0.7216984540246772,-0.42776192061769297,-0.4630071116042404,0
2015-01-19,3,sweing,Monday,1,0.5,22.94,1492.0,10170,30,0.0,0,0,56.5,0.549969429,0.5499276834452799,0.549969429,0.20037851162882508,0,1,0.04996942900000001,0,1492.0,7.30854279753919,0,,0,15,3,18,2,0.8660254037844387,-0.4999999999999998,3.4339872044851463,9.227295812625597,3.1328821117012247,4.034240638152395,25.097442450181653,29.484420359508597,13.853530731229316,2.4629468177855274,0,0,1,sweing_team1,12,0,171600,train,0.7304816282848566,0.9536146824151035,0.8648014012827553,0.8480947314758638,0.8966895396954262,0.8035293569819477,0.9986872116727968,0.7674105248859032,-0.07781552368660934,-2.2610999903818723,-0.22888618729874646,1.207642908060418,-0.7363280996918251,0.7216984540246772,-0.42776192061769297,-0.37813966108079056,0
2015-01-19,3,sweing,Monday,2,0.7,22.94,1006.0,10170,38,0.0,0,0,56.5,0.750517565,0.7503082771428572,0.750517565,1.100257109881738,0,0,0.05051756500000004,0,1006.0,6.914730892718563,0,,0,15,3,18,2,0.8660254037844387,-0.4999999999999998,3.6635616461296463,9.227295812625597,3.1328821117012247,4.034240638152395,25.332542891871537,27.895688369293016,14.779689273192705,2.4629468177855274,0,0,1,sweing_team2,16,0,156810,train,0.8452087477209552,0.839016850222294,0.8648014012827553,0.8480947314758638,0.8966895396954262,0.8201752603572141,0.8819344077907181,0.8842346528169733,-0.07781552368660934,-0.3112018481025408,-0.22888618729874646,1.207642908060418,-0.7363280996918251,0.7216984540246772,-0.42776192061769297,-0.37813966108079056,0
2015-01-19,3,sweing,Monday,3,0.7,22.52,1095.0,10170,50,0.0,0,0,56.5,0.750062751,0.7498538431044277,0.750062751,1.0978329370624174,0,0,0.050062751000000016,0,1095.0,6.999422467507961,0,,0,15,3,18,2,0.8660254037844387,-0.4999999999999998,3.9318256327243257,9.227295812625597,3.1144038032714896,4.034240638152395,27.52050867201435,28.237354562017533,15.86193074966573,2.5088809946714035,0,0,1,sweing_team3,17,0,151080,train,0.9792705109119583,0.8636617905023013,0.8648014012827553,0.8276687580304326,0.8966895396954262,0.9750906093155478,0.9070427874532244,1.020746827537911,-0.021994372696609716,-0.3112018481025408,-0.22888618729874646,1.207642908060418,-0.7363280996918251,0.7216984540246772,-0.42776192061769297,-0.37813966108079056,0
2015-01-19,3,finishing,Monday,4,0.7,4.3,,5040,0,0.0,0,0,28.0,0.977272727,0.9768740029172933,0.977272727,3.7434002809301554,0,0,0.27727272700000005,1,0.0,0.0,0,,0,15,3,18,2,0.8660254037844387,-0.4999999999999998,0.0,8.525359754082631,1.4586150226995167,3.332204510175204,0.0,0.0,0.0,6.511627906976744,0,1,0,finishing_team4,6,0,204330,train,-0.9856129740972022,-1.1731446939116332,0.34965145055303015,-1.0026447575066062,0.09725887220905148,-0.973454127137173,-1.168065122270806,-0.980051246628074,4.842312662165144,-0.3112018481025408,-0.22888618729874646,1.207642908060418,-0.7363280996918251,0.7216984540246772,-0.42776192061769297,-0.37813966108079056,0
2015-01-19,3,sweing,Monday,4,0.7,22.52,930.0,10260,63,0.0,0,0,57.0,0.750068049,0.7498591366783626,0.750068049,1.097861158659612,0,0,0.05006804900000006,0,930.0,6.836259277277067,0,,0,15,3,18,2,0.8660254037844387,-0.4999999999999998,4.1588830833596715,9.236105579862208,3.1144038032714896,4.04305126783455,28.43120306172821,27.639346738240754,16.814577522952984,2.5310834813499112,0,0,1,sweing_team4,18,0,214590,train,1.0927397937785401,0.816181895493439,0.8712668778780183,0.8276687580304326,0.9067224814303124,1.0395708404312787,0.8630963631353726,1.1409121377662224,0.004987026454476854,-0.3112018481025408,-0.22888618729874646,1.207642908060418,-0.7363280996918251,0.7216984540246772,-0.42776192061769297,-0.37813966108079056,0
2015-01-19,3,finishing,Monday,5,0.65,4.15,,1440,0,0.0,0,0,8.0,0.958901515,0.958518138629908,0.958901515,3.1401322300096273,0,0,0.30890151499999996,1,0.0,0.0,0,,0,15,3,18,2,0.8660254037844387,-0.4999999999999998,0.0,7.273092595999522,1.423108334242607,2.0794415416798357,0.0,0.0,0.0,1.9277108433734937,0,1,0,finishing_team5,7,0,148740,train,-0.9856129740972022,-1.1731446939116332,-0.5693857707660099,-1.0418939495153812,-1.329301807783477,-0.973454127137173,-1.168065122270806,-0.980051246628074,-0.7282568762586739,-0.7986763836723731,-0.22888618729874646,1.207642908060418,-0.7363280996918251,0.7216984540246772,-0.42776192061769297,-0.37813966108079056,0
2015-01-19,3,sweing,Monday,5,0.65,20.4,1255.0,8280,35,0.0,0,0,58.0,0.650066445,0.6499410762071846,0.650066445,0.618780212784271,0,1,6.644499999997056e-05,0,1255.0,7.135687347028144,0,,0,15,3,18,2,0.8660254037844387,-0.4999999999999998,3.58351893845611,9.0217190130337,3.0155349008501706,4.060443010546419,25.57087074697699,28.974051813684948,14.550674426814835,2.843137254901961,0,0,1,sweing_team5,19,0,157020,train,0.8052083486457364,0.9033143749109414,0.7139288582753951,0.7183787987727416,0.9265270070534614,0.8370496754761483,0.9611812263303322,0.8553470936150195,0.3842079462877916,-0.7986763836723731,-0.22888618729874646,1.207642908060418,-0.7363280996918251,0.7216984540246772,-0.42776192061769297,-0.37813966108079056,0
2015-01-19,3,sweing,Monday,6,0.8,11.41,1028.0,4380,50,0.0,0,0,31.0,0.800358775,0.800107848705096,0.800358775,1.386968551884649,0,0,0.00035877499999992235,0,1028.0,6.9363427358340495,0,,0,15,3,18,2,0.8660254037844387,-0.4999999999999998,3.9318256327243257,8.385032287813898,2.4344901638739844,3.4339872044851463,27.272490166113492,23.81931220077762,13.501838913042048,2.716914986853637,0,0,1,sweing_team6,20,0,103095,train,0.9792705109119583,0.8453058179767197,0.24666530750686824,0.07609033318004338,0.21316203446539977,0.9575300634704258,0.5823695030218043,0.7230486925444117,0.2308173173334244,0.663747223037126,-0.22888618729874646,1.207642908060418,-0.7363280996918251,0.7216984540246772,-0.42776192061769297,-0.37813966108079056,0
2015-01-19,3,sweing,Monday,7,0.8,48.84,1040.0,10260,30,0.0,0,0,57.0,0.576460393,0.5763965163141186,0.576460393,0.3079979825462572,1,1,-0.22353960700000008,0,1040.0,6.947937068614969,0,,0,15,3,18,2,0.8660254037844387,-0.4999999999999998,3.4339872044851463,9.236105579862208,3.888549649242504,4.04305126783455,23.85912699119184,28.090865774098422,13.883786320821294,1.167076167076167,0,0,1,sweing_team7,21,0,169050,train,0.7304816282848566,0.8486797266527935,0.8712668778780183,1.683411725674011,0.9067224814303124,0.715852450336093,0.8962776131933906,0.7712269156105733,-1.652612247191163,0.663747223037126,-0.22888618729874646,1.207642908060418,-0.7363280996918251,0.7216984540246772,-0.42776192061769297,-0.37813966108079056,0
2015-01-19,3,finishing,Monday,8,0.8,2.9,,1440,0,0.0,0,0,8.0,0.683806818,0.6836532617610693,0.683806818,0.7706119769105783,1,1,-0.11619318200000006,1,0.0,0.0,0,,0,15,3,18,2,0.8660254037844387,-0.4999999999999998,0.0,7.273092595999522,1.0647107369924282,2.0794415416798357,0.0,0.0,0.0,2.7586206896551726,0,1,0,finishing_team8,10,0,159600,train,-0.9856129740972022,-1.1731446939116332,-0.5693857707660099,-1.4380676486489155,-1.329301807783477,-0.973454127137173,-1.168065122270806,-0.980051246628074,0.28149984809940837,0.663747223037126,-0.22888618729874646,1.207642908060418,-0.7363280996918251,0.7216984540246772,-0.42776192061769297,-0.37813966108079056,0
2015-01-19,3,sweing,Monday,8,0.8,25.9,1380.0,3630,50,0.0,0,0,56.5,0.800162602,0.799911839592314,0.800162602,1.3857434496240089,0,0,0.00016260199999995617,0,1380.0,7.2305631534092925,0,,0,15,3,18,2,0.8660254037844387,-0.4999999999999998,3.9318256327243257,8.197263371414335,3.254242968705492,4.034240638152395,28.429313545606686,29.1698317102111,15.86193074966573,2.1814671814671818,0,0,1,sweing_team8,22,0,163230,train,0.9792705109119583,0.9309228895488535,0.10886194656742208,0.9822473597811097,0.8966895396954262,1.0394370563236912,0.9755687076701332,1.020746827537911,-0.4198814611817876,0.663747223037126,-0.22888618729874646,1.207642908060418,-0.7363280996918251,0.7216984540246772,-0.42776192061769297,-0.37813966108079056,0
2015-01-19,3,finishing,Monday,9,0.8,3.94,,1800,0,0.0,0,0,10.0,0.964106061,0.9637183366382623,0.964106061,3.2794865979126744,0,0,0.16410606099999991,1,0.0,0.0,0,,0,15,3,18,2,0.8660254037844387,-0.4999999999999998,0.0,7.496097345175956,1.3711807233098425,2.302585092994046,0.0,0.0,0.0,2.5380710659898478,0,1,0,finishing_team9,11,0,160020,train,-0.9856129740972022,-1.1731446939116332,-0.40572287846610844,-1.0992948748235933,-1.0752012122964671,-0.973454127137173,-1.168065122270806,-0.980051246628074,0.013478634309133644,0.663747223037126,-0.22888618729874646,1.207642908060418,-0.7363280996918251,0.7216984540246772,-0.42776192061769297,-0.37813966108079056,0
2015-01-19,3,sweing,Monday,9,0.8,26.16,1196.0,10620,63,0.0,0,0,59.0,0.800117103,0.7998663786031747,0.800117103,1.385459436523326,0,0,0.00011710300000000728,0,1196.0,7.087573705557973,0,,0,15,3,18,2,0.8660254037844387,-0.4999999999999998,4.1588830833596715,9.27058845232154,3.264231526588998,4.07753744390572,29.476390386109873,28.899847170854247,16.958001497225133,2.2553516819571864,0,0,1,sweing_team9,23,0,170640,train,1.0927397937785401,0.8893134802099673,0.8965738126511332,0.9932887393999459,0.9459929771454892,1.1135736244569245,0.9557280723906443,1.1590034039583281,-0.33009389694785873,0.663747223037126,-0.22888618729874646,1.207642908060418,-0.7363280996918251,0.7216984540246772,-0.42776192061769297,-0.37813966108079056,0
2015-01-19,3,finishing,Monday,10,0.7,3.94,,1440,0,0.0,0,0,8.0,0.538399621,0.5383675411161237,0.538399621,0.1537724579111298,1,1,-0.1616003789999999,1,0.0,0.0,0,,0,15,3,18,2,0.8660254037844387,-0.4999999999999998,0.0,7.273092595999522,1.3711807233098425,2.0794415416798357,0.0,0.0,0.0,2.030456852791878,0,1,0,finishing_team10,1,0,160230,train,-0.9856129740972022,-1.1731446939116332,-0.5693857707660099,-1.0992948748235933,-1.329301807783477,-0.973454127137173,-1.168065122270806,-0.980051246628074,-0.6033955879065779,-0.3112018481025408,-0.22888618729874646,1.207642908060418,-0.7363280996918251,0.7216984540246772,-0.42776192061769297,-0.37813966108079056,0
2015-01-19,3,sweing,Monday,10,0.7,22.52,938.0,10080,63,0.0,0,0,56.0,0.750057359,0.7498484556090226,0.750057359,1.0978042151509284,0,0,0.05005735900000008,0,938.0,6.844815479208263,0,,0,15,3,18,2,0.8660254037844387,-0.4999999999999998,4.1588830833596715,9.218407743053941,3.1144038032714896,4.02535169073515,28.466787305197666,27.552789562001106,16.740967051171666,2.4866785079928952,0,0,1,sweing_team10,13,0,170310,train,1.0927397937785401,0.8186717191405062,0.8582784587067249,0.8276687580304326,0.8865674150869745,1.0420903247598359,0.8567354456966026,1.1316270329134215,-0.048975771847696824,-0.3112018481025408,-0.22888618729874646,1.207642908060418,-0.7363280996918251,0.7216984540246772,-0.42776192061769297,-0.37813966108079056,0
2015-01-19,3,finishing,Monday,11,0.7,4.15,,1440,0,0.0,0,0,8.0,0.409545455,0.4096210227067669,0.409545455,-0.36553226771072655,1,1,-0.29045454499999995,1,0.0,0.0,0,,0,15,3,18,2,0.8660254037844387,-0.4999999999999998,0.0,7.273092595999522,1.423108334242607,2.0794415416798357,0.0,0.0,0.0,1.9277108433734937,0,1,0,finishing_team11,2,0,169980,train,-0.9856129740972022,-1.1731446939116332,-0.5693857707660099,-1.0418939495153812,-1.329301807783477,-0.973454127137173,-1.168065122270806,-0.980051246628074,-0.7282568762586739,-0.3112018481025408,-0.22888618729874646,1.207642908060418,-0.7363280996918251,0.7216984540246772,-0.42776192061769297,-0.37813966108079056,0
2015-01-19,3,sweing,Monday,11,0.7,14.89,1484.0,10260,50,0.0,0,0,57.0,0.700170388,0.7000031612765246,0.700170388,0.8473129141302631,0,0,0.0001703880000000213,0,1484.0,7.3031700512368,0,,0,15,3,18,2,0.8660254037844387,-0.4999999999999998,3.9318256327243257,9.236105579862208,2.7006898466959175,4.04305126783455,28.71479120759748,29.527090934864262,15.896572609290468,3.828072531900604,0,0,1,sweing_team11,14,0,180240,train,0.9792705109119583,0.9520512327792773,0.8712668778780183,0.3703482017062146,0.9067224814303124,1.0596498366278815,1.0018229887243808,1.0251164952105658,1.5811428766625595,-0.3112018481025408,-0.22888618729874646,1.207642908060418,-0.7363280996918251,0.7216984540246772,-0.42776192061769297,-0.37813966108079056,0
2015-01-19,3,finishing,Monday,12,0.8,2.9,,1440,0,0.0,0,0,8.0,0.793844697,0.7935992127084378,0.793844697,1.3467587159220749,1,0,-0.006155303000000001,1,0.0,0.0,0,,0,15,3,18,2,0.8660254037844387,-0.4999999999999998,0.0,7.273092595999522,1.0647107369924282,2.0794415416798357,0.0,0.0,0.0,2.7586206896551726,0,1,0,finishing_team12,3,0,92235,train,-0.9856129740972022,-1.1731446939116332,-0.5693857707660099,-1.4380676486489155,-1.329301807783477,-0.973454127137173,-1.168065122270806,-0.980051246628074,0.28149984809940837,0.663747223037126,-0.22888618729874646,1.207642908060418,-0.7363280996918251,0.7216984540246772,-0.42776192061769297,-0.37813966108079056,0
2015-01-19,3,sweing,Monday,12,0.35,15.26,1111.0,6120,23,0.0,0,0,34.0,0.35021836,0.35034349086048455,0.35021836,-0.617529700052994,0,1,0.00021836000000002853,0,1111.0,7.013915474810528,0,,0,15,3,18,2,0.8660254037844387,-0.4999999999999998,3.1780538303479458,8.71948076085107,2.725235025856311,3.5263605246161616,22.29060094045833,24.733594653366268,11.206963572444185,2.2280471821756227,0,0,1,sweing_team12,15,0,98355,train,0.6025819432328481,0.8678792029230485,0.49211660226491494,0.39748051090269754,0.31835044575563654,0.604795521244744,0.6495583306763817,0.43357685999237666,-0.3632754778173688,-3.7235235970913716,-0.22888618729874646,1.207642908060418,-0.7363280996918251,0.7216984540246772,-0.42776192061769297,-0.37813966108079056,0
2015-01-20,3,sweing,Tuesday,2,0.7,22.94,1363.0,10260,50,0.0,0,0,57.0,0.750031898,0.7498230158796992,0.750031898,1.0976685959812815,0,0,0.050031898000000075,0,1363.0,7.218176838403408,0,,0,16,3,19,3,1.2246467991473532e-16,-1.0,3.9318256327243257,9.236105579862208,3.1328821117012247,4.04305126783455,28.38061271477155,29.18345901796088,15.896572609290468,2.4847428073234523,0,0,1,sweing_team2,16,0,167070,train,0.9792705109119583,0.9273185169253845,0.8712668778780183,0.8480947314758638,0.9067224814303124,1.0359888734170586,0.9765701518400433,1.0251164952105658,-0.05132811702215975,-0.3112018481025408,-0.22888618729874646,-0.028538824941726233,-1.4377147039121636,0.7216984540246772,-0.42776192061769297,-0.2932722105573407,0
2015-01-20,3,sweing,Tuesday,3,0.7,22.52,1134.0,8460,50,0.0,0,0,57.0,0.750037968,0.7498290808086884,0.750037968,1.0977009272768896,0,0,0.050037968000000044,0,1134.0,7.034387929915503,0,,0,16,3,19,3,1.2246467991473532e-16,-1.0,3.9318256327243257,9.0432226489245,3.1144038032714896,4.04305126783455,27.657986773368386,28.440391038484933,15.896572609290468,2.5310834813499112,0,0,1,sweing_team3,17,0,159540,train,0.9792705109119583,0.8738366129098376,0.729710348390962,0.8276687580304326,0.9067224814303124,0.9848245220845123,0.9219635406475313,1.0251164952105658,0.004987026454476854,-0.3112018481025408,-0.22888618729874646,-0.028538824941726233,-1.4377147039121636,0.7216984540246772,-0.42776192061769297,-0.2932722105573407,0
2015-01-20,3,sweing,Tuesday,4,0.7,22.52,983.0,10260,63,0.0,0,0,57.0,0.750068049,0.7498591366783626,0.750068049,1.097861158659612,0,0,0.05006804900000006,0,983.0,6.891625897052253,0,,0,16,3,19,3,1.2246467991473532e-16,-1.0,4.1588830833596715,9.236105579862208,3.1144038032714896,4.04305126783455,28.661466360094035,27.86319682051853,16.814577522952984,2.5310834813499112,0,0,1,sweing_team4,18,0,224850,train,1.0927397937785401,0.8322933805054775,0.8712668778780183,0.8276687580304326,0.9067224814303124,1.0558742577618325,0.8795466674762692,1.1409121377662224,0.004987026454476854,-0.3112018481025408,-0.22888618729874646,-0.028538824941726233,-1.4377147039121636,0.7216984540246772,-0.42776192061769297,-0.2932722105573407,0
2015-01-20,3,finishing,Tuesday,5,0.7,4.15,,1440,0,0.0,0,0,8.0,1.033570076,0.9995822890559732,0.999,7.780303087908306,0,0,0.333570076,1,0.0,0.0,0,,0,16,3,19,3,1.2246467991473532e-16,-1.0,0.0,7.273092595999522,1.423108334242607,2.0794415416798357,0.0,0.0,0.0,1.9277108433734937,0,1,0,finishing_team5,7,0,158460,train,-0.9856129740972022,-1.1731446939116332,-0.5693857707660099,-1.0418939495153812,-1.329301807783477,-0.973454127137173,-1.168065122270806,-0.980051246628074,-0.7282568762586739,-0.3112018481025408,-0.22888618729874646,-0.028538824941726233,-1.4377147039121636,0.7216984540246772,-0.42776192061769297,-0.2932722105573407,0
2015-01-20,3,sweing,Tuesday,5,0.7,20.4,1352.0,10260,50,0.0,0,0,57.0,0.700063796,0.6998966583258146,0.700063796,0.8468058055952166,0,0,6.379600000006036e-05,0,1352.0,7.210079628170788,0,,0,16,3,19,3,1.2246467991473532e-16,-1.0,3.9318256327243257,9.236105579862208,3.0155349008501706,4.04305126783455,28.34877589602538,29.150721581863966,15.896572609290468,2.794117647058824,0,0,1,sweing_team5,19,0,168720,train,0.9792705109119583,0.9249622581934643,0.8712668778780183,0.7183787987727416,0.9067224814303124,1.0337347193847848,0.9741643417476143,1.0251164952105658,0.3246372493385295,-0.3112018481025408,-0.22888618729874646,-0.028538824941726233,-1.4377147039121636,0.7216984540246772,-0.42776192061769297,-0.2932722105573407,0
2015-01-20,3,sweing,Tuesday,6,0.8,11.41,1047.0,5580,63,0.0,0,0,31.0,0.800261486,0.8000106409824562,0.800261486,1.386360868587213,0,0,0.00026148599999997746,0,1047.0,6.954638864880987,0,,0,16,3,19,3,1.2246467991473532e-16,-1.0,4.1588830833596715,8.627123250788433,2.4344901638739844,3.4339872044851463,28.923529926029246,23.882140873816414,14.281551293206844,2.716914986853637,0,0,1,sweing_team6,20,0,108675,train,1.0927397937785401,0.8506299249949013,0.424335547025999,0.07609033318004338,0.21316203446539977,1.0744292411781948,0.5869866592109199,0.8214003404779381,0.2308173173334244,0.663747223037126,-0.22888618729874646,-0.028538824941726233,-1.4377147039121636,0.7216984540246772,-0.42776192061769297,-0.2932722105573407,0
2015-01-20,3,sweing,Tuesday,7,0.35,22.94,1450.0,10080,30,0.0,0,0,56.0,0.400332792,0.40041605616708437,0.400332792,-0.40373184078487834,0,1,0.050332792000000015,0,1450.0,7.280008252884188,0,,0,16,3,19,3,1.2246467991473532e-16,-1.0,3.4339872044851463,9.218407743053941,3.1328821117012247,4.02535169073515,24.999455188950567,29.30459352931321,13.823006199537154,2.4411508282476024,0,0,1,sweing_team7,21,0,179130,train,0.7304816282848566,0.9453112336873114,0.8582784587067249,0.8480947314758638,0.8865674150869745,0.7965915287467664,0.9854720899481508,0.7635602102433567,-0.10430293035105892,-3.7235235970913716,-0.22888618729874646,-0.028538824941726233,-1.4377147039121636,0.7216984540246772,-0.42776192061769297,-0.2932722105573407,0
2015-01-20,3,finishing,Tuesday,8,0.8,2.9,,1440,0,0.0,0,0,8.0,0.639867424,0.6397505756925647,0.639867424,0.5742817380685487,1,1,-0.16013257600000008,1,0.0,0.0,0,,0,16,3,19,3,1.2246467991473532e-16,-1.0,0.0,7.273092595999522,1.0647107369924282,2.0794415416798357,0.0,0.0,0.0,2.7586206896551726,0,1,0,finishing_team8,10,0,164670,train,-0.9856129740972022,-1.1731446939116332,-0.5693857707660099,-1.4380676486489155,-1.329301807783477,-0.973454127137173,-1.168065122270806,-0.980051246628074,0.28149984809940837,0.663747223037126,-0.22888618729874646,-0.028538824941726233,-1.4377147039121636,0.7216984540246772,-0.42776192061769297,-0.2932722105573407,0
2015-01-20,3,sweing,Tuesday,8,0.8,25.9,1434.0,10170,50,0.0,0,0,56.5,0.800128721,0.7998779868972431,0.800128721,1.3855319536101698,0,0,0.0001287209999999428,0,1434.0,7.268920128193722,0,,0,16,3,19,3,1.2246467991473532e-16,-1.0,3.9318256327243257,9.227295812625597,3.254242968705492,4.034240638152395,28.580126482257867,29.324572976643033,15.86193074966573,2.1814671814671818,0,0,1,sweing_team8,22,0,174840,train,0.9792705109119583,0.9420846297247173,0.8648014012827553,0.9822473597811097,0.8966895396954262,1.050115120359603,0.9869403404209413,1.020746827537911,-0.4198814611817876,0.663747223037126,-0.22888618729874646,-0.028538824941726233,-1.4377147039121636,0.7216984540246772,-0.42776192061769297,-0.2932722105573407,0
2015-01-20,3,finishing,Tuesday,9,0.8,3.94,,1800,0,0.0,0,0,10.0,0.72830303,0.728112300651629,0.72830303,0.9850661844378811,1,0,-0.07169697000000008,1,0.0,0.0,0,,0,16,3,19,3,1.2246467991473532e-16,-1.0,0.0,7.496097345175956,1.3711807233098425,2.302585092994046,0.0,0.0,0.0,2.5380710659898478,0,1,0,finishing_team9,11,0,172440,train,-0.9856129740972022,-1.1731446939116332,-0.40572287846610844,-1.0992948748235933,-1.0752012122964671,-0.973454127137173,-1.168065122270806,-0.980051246628074,0.013478634309133644,0.663747223037126,-0.22888618729874646,-0.028538824941726233,-1.4377147039121636,0.7216984540246772,-0.42776192061769297,-0.2932722105573407,0
2015-01-20,3,sweing,Tuesday,9,0.8,26.16,399.0,10620,63,0.0,0,0,59.0,0.800117103,0.7998663786031747,0.800117103,1.385459436523326,0,0,0.00011710300000000728,0,399.0,5.991464547107982,0,,0,16,3,19,3,1.2246467991473532e-16,-1.0,4.1588830833596715,9.27058845232154,3.264231526588998,4.07753744390572,24.9178005495166,24.43042103466642,16.958001497225133,2.2553516819571864,0,0,1,sweing_team9,23,0,183060,train,1.0927397937785401,0.5703497011381615,0.8965738126511332,0.9932887393999459,0.9459929771454892,0.790810105162914,0.6272786949264397,1.1590034039583281,-0.33009389694785873,0.663747223037126,-0.22888618729874646,-0.028538824941726233,-1.4377147039121636,0.7216984540246772,-0.42776192061769297,-0.2932722105573407,0
2015-01-20,3,sweing,Tuesday,10,0.7,22.52,1108.0,10080,63,0.0,0,0,56.0,0.750057359,0.7498484556090226,0.750057359,1.0978042151509284,0,0,0.05005735900000008,0,1108.0,7.011213987350367,0,,0,16,3,19,3,1.2246467991473532e-16,-1.0,4.1588830833596715,9.218407743053941,3.1144038032714896,4.02535169073515,29.158819245806153,28.22260207808673,16.740967051171666,2.4866785079928952,0,0,1,sweing_team10,13,0,180390,train,1.0927397937785401,0.8670930798961902,0.8582784587067249,0.8276687580304326,0.8865674150869745,1.0910885177583933,0.9059586562883998,1.1316270329134215,-0.048975771847696824,-0.3112018481025408,-0.22888618729874646,-0.028538824941726233,-1.4377147039121636,0.7216984540246772,-0.42776192061769297,-0.2932722105573407,0
2015-01-20,3,finishing,Tuesday,11,0.7,4.15,,2700,0,0.0,0,0,15.0,0.362666667,0.36278139827234757,0.362666667,-0.563312326279975,1,1,-0.33733333299999996,1,0.0,0.0,0,,0,16,3,19,3,1.2246467991473532e-16,-1.0,0.0,7.901377353792616,1.423108334242607,2.70805020110221,0.0,0.0,0.0,3.614457831325301,0,1,0,finishing_team11,2,0,182940,train,-0.9856129740972022,-1.1731446939116332,-0.10828841284827576,-1.0418939495153812,-0.6134853132140259,-0.973454127137173,-1.168065122270806,-0.980051246628074,1.3215492741882318,-0.3112018481025408,-0.22888618729874646,-0.028538824941726233,-1.4377147039121636,0.7216984540246772,-0.42776192061769297,-0.2932722105573407,0
2015-01-20,3,sweing,Tuesday,11,0.7,14.89,1501.0,10260,50,0.0,0,0,57.0,0.700170388,0.7000031612765246,0.700170388,0.8473129141302631,0,0,0.0001703880000000213,0,1501.0,7.31455283232408,0,,0,16,3,19,3,1.2246467991473532e-16,-1.0,3.9318256327243257,9.236105579862208,2.7006898466959175,4.04305126783455,28.759546318048134,29.573112102370672,15.896572609290468,3.828072531900604,0,0,1,sweing_team11,14,0,193200,train,0.9792705109119583,0.9553635806818164,0.8712668778780183,0.3703482017062146,0.9067224814303124,1.062818649237318,1.0052049942340522,1.0251164952105658,1.5811428766625595,-0.3112018481025408,-0.22888618729874646,-0.028538824941726233,-1.4377147039121636,0.7216984540246772,-0.42776192061769297,-0.2932722105573407,0
2015-01-20,3,sweing,Tuesday,12,0.5,15.26,1352.0,3720,23,0.0,0,0,34.0,0.500290419,0.5002901763776108,0.500290419,0.0011607056407551765,0,1,0.00029041900000004173,0,1352.0,7.210079628170788,0,,0,16,3,19,3,1.2246467991473532e-16,-1.0,3.1780538303479458,8.221747728346623,2.725235025856311,3.5263605246161616,22.914021179421866,25.42534018012064,11.206963572444185,2.2280471821756227,0,0,1,sweing_team12,15,0,102075,train,0.6025819432328481,0.9249622581934643,0.12683098393743322,0.39748051090269754,0.31835044575563654,0.6489357745993555,0.7003933552864792,0.43357685999237666,-0.3632754778173688,-2.2610999903818723,-0.22888618729874646,-0.028538824941726233,-1.4377147039121636,0.7216984540246772,-0.42776192061769297,-0.2932722105573407,0
2015-01-21,3,finishing,Wednesday,1,0.65,3.94,,2400,0,0.0,0,0,8.0,0.505128205,0.5051239207852966,0.505128205,0.020496400660037162,1,1,-0.14487179500000003,1,0.0,0.0,0,,0,17,3,20,4,-0.8660254037844384,-0.5000000000000004,0.0,7.783640596221253,1.3711807233098425,2.0794415416798357,0.0,0.0,0.0,2.030456852791878,0,1,0,finishing_team1,0,0,174000,train,-0.9856129740972022,-1.1731446939116332,-0.19469526447499352,-1.0992948748235933,-1.329301807783477,-0.973454127137173,-1.168065122270806,-0.980051246628074,-0.6033955879065779,-0.7986763836723731,-0.22888618729874646,-1.2647205579438705,-0.736328099691826,0.7216984540246772,-0.42776192061769297,-0.20840476003389088,0
2015-01-21,3,sweing,Wednesday,1,0.65,22.94,1595.0,10260,34,0.0,0,0,57.0,0.700029771,0.6998626617510443,0.700029771,0.8466439542320409,0,0,0.050029770999999945,0,1595.0,7.375255778009754,0,,0,17,3,20,4,-0.8660254037844384,-0.5000000000000004,3.5553480614894135,9.236105579862208,3.1328821117012247,4.04305126783455,26.221601333335574,29.818537223886427,14.374454487597884,2.4847428073234523,0,0,1,sweing_team1,12,0,184260,train,0.7911302851503994,0.9730279171280815,0.8712668778780183,0.8480947314758638,0.9067224814303124,0.883123593440725,1.0232408059735616,0.8331189978945567,-0.05132811702215975,-0.7986763836723731,-0.22888618729874646,-1.2647205579438705,-0.736328099691826,0.7216984540246772,-0.42776192061769297,-0.20840476003389088,0
2015-01-21,3,finishing,Wednesday,2,0.7,3.94,,5100,0,0.0,0,0,17.0,0.912202112,0.9118577493333333,0.912202112,2.336532007079203,0,0,0.21220211200000005,1,0.0,0.0,0,,0,17,3,20,4,-0.8660254037844384,-0.5000000000000004,0.0,8.537191877922927,1.3711807233098425,2.833213344056216,0.0,0.0,0.0,4.314720812182741,0,1,0,finishing_team2,4,0,172170,train,-0.9856129740972022,-1.1731446939116332,0.3583350306871081,-1.0992948748235933,-0.4709580971222859,-0.973454127137173,-1.168065122270806,-0.980051246628074,2.172538412064123,-0.3112018481025408,-0.22888618729874646,-1.2647205579438705,-0.736328099691826,0.7216984540246772,-0.42776192061769297,-0.20840476003389088,0
2015-01-21,3,sweing,Wednesday,2,0.7,22.94,1422.0,10500,60,0.0,0,0,57.0,0.800415742,0.8001647681136174,0.800415742,1.3873244801662608,0,0,0.10041574200000003,0,1422.0,7.260522598089852,0,,0,17,3,20,4,-0.8660254037844384,-0.5000000000000004,4.110873864173311,9.259225769705994,3.1328821117012247,4.04305126783455,29.847092588727282,29.35466509534858,16.620473788453822,2.4847428073234523,0,0,1,sweing_team2,16,0,182670,train,1.0687477527474374,0.9396409790023867,0.8882347548148589,0.8480947314758638,0.9067224814303124,1.1398205893771667,0.9891517513167136,1.1164282092770923,-0.05132811702215975,-0.3112018481025408,-0.22888618729874646,-1.2647205579438705,-0.736328099691826,0.7216984540246772,-0.42776192061769297,-0.20840476003389088,0
2015-01-21,3,sweing,Wednesday,3,0.7,22.52,1139.0,10260,63,0.0,0,0,57.0,0.750068049,0.7498591366783626,0.750068049,1.097861158659612,0,0,0.05006804900000006,0,1139.0,7.038783541388542,0,,0,17,3,20,4,-0.8660254037844384,-0.5000000000000004,4.1588830833596715,9.236105579862208,3.1144038032714896,4.04305126783455,29.273477797711287,28.458162721023907,16.814577522952984,2.5310834813499112,0,0,1,sweing_team3,17,0,169800,train,1.0927397937785401,0.8751157198637055,0.8712668778780183,0.8276687580304326,0.9067224814303124,1.0992067295424375,0.9232695468077307,1.1409121377662224,0.004987026454476854,-0.3112018481025408,-0.22888618729874646,-1.2647205579438705,-0.736328099691826,0.7216984540246772,-0.42776192061769297,-0.20840476003389088,0
2015-01-21,3,finishing,Wednesday,4,0.75,4.3,,6000,0,0.0,0,0,20.0,0.978525641,0.9781258702055138,0.978525641,3.800333712766188,0,0,0.22852564099999995,1,0.0,0.0,0,,0,17,3,20,4,-0.8660254037844384,-0.5000000000000004,0.0,8.699681400989514,1.4586150226995167,2.995732273553991,0.0,0.0,0.0,4.651162790697675,0,1,0,finishing_team4,6,0,230850,train,-0.9856129740972022,-1.1731446939116332,0.477585878087085,-1.0026447575066062,-0.28589266941854513,-0.973454127137173,-1.168065122270806,-0.980051246628074,2.581396908183839,0.1762726874672926,-0.22888618729874646,-1.2647205579438705,-0.736328099691826,0.7216984540246772,-0.42776192061769297,-0.20840476003389088,0
2015-01-21,3,sweing,Wednesday,4,0.75,22.52,825.0,10080,94,0.0,0,0,56.0,0.900556277,0.900221643518797,0.900556277,2.199689712709,0,0,0.15055627699999996,0,825.0,6.716594773520978,0,,0,17,3,20,4,-0.8660254037844384,-0.5000000000000004,4.553876891600541,9.218407743053941,3.1144038032714896,4.02535169073515,30.58654572938215,27.036656127575537,18.330956045003965,2.4866785079928952,1,0,1,sweing_team4,18,0,240930,train,1.2901332905892304,0.7813599600643355,0.8582784587067249,0.8276687580304326,0.8865674150869745,1.1921763631111633,0.8188058099760458,1.33218565134465,-0.048975771847696824,0.1762726874672926,-0.22888618729874646,-1.2647205579438705,-0.736328099691826,0.7216984540246772,-0.42776192061769297,-0.20840476003389088,0
2015-01-21,3,finishing,Wednesday,5,0.7,4.15,,2400,0,0.0,0,0,8.0,0.758173077,0.7579573935605681,0.758173077,1.1415134047125122,0,0,0.05817307700000007,1,0.0,0.0,0,,0,17,3,20,4,-0.8660254037844384,-0.5000000000000004,0.0,7.783640596221253,1.423108334242607,2.0794415416798357,0.0,0.0,0.0,1.9277108433734937,0,1,0,finishing_team5,7,0,171120,train,-0.9856129740972022,-1.1731446939116332,-0.19469526447499352,-1.0418939495153812,-1.329301807783477,-0.973454127137173,-1.168065122270806,-0.980051246628074,-0.7282568762586739,-0.3112018481025408,-0.22888618729874646,-1.2647205579438705,-0.736328099691826,0.7216984540246772,-0.42776192061769297,-0.20840476003389088,0
2015-01-21,3,sweing,Wednesday,5,0.7,20.4,1404.0,10440,50,0.0,0,0,58.0,0.750344828,0.7501356844511279,0.750344828,1.0993360700468882,0,0,0.050344828000000064,0,1404.0,7.247792581767846,0,,0,17,3,20,4,-0.8660254037844384,-0.5000000000000004,3.9318256327243257,9.25349564229011,3.0155349008501706,4.060443010546419,28.497056653664036,29.429248730529437,15.964953909082741,2.843137254901961,0,0,1,sweing_team5,19,0,181560,train,0.9792705109119583,0.9359365905458075,0.8840294218361046,0.7183787987727416,0.9265270070534614,1.0442334966151576,0.9946327566623048,1.0337420008373779,0.3842079462877916,-0.3112018481025408,-0.22888618729874646,-1.2647205579438705,-0.736328099691826,0.7216984540246772,-0.42776192061769297,-0.20840476003389088,0
2015-01-21,3,sweing,Wednesday,6,0.8,11.61,916.0,5760,75,0.0,0,0,89.0,0.850410511,0.8501177703893066,0.850410511,1.735525043499003,0,0,0.050410510999999936,0,916.0,6.821107472256465,0,,0,17,3,20,4,-0.8660254037844384,-0.5000000000000004,4.330733340286331,8.658866349732383,2.4518667957098,4.48863636973214,29.540397547777292,30.61747108182203,19.43908717882078,7.665805340223946,1,0,1,sweing_team6,20,0,114435,train,1.178619932744878,0.8117727753324828,0.4476317656173736,0.09529851025962122,1.4141242820446922,1.1181055471567822,1.0819528912118341,1.4719635052172486,6.244917805838731,0.663747223037126,-0.22888618729874646,-1.2647205579438705,-0.736328099691826,0.7216984540246772,-0.42776192061769297,-0.20840476003389088,0
2015-01-21,3,sweing,Wednesday,7,0.5,22.52,1720.0,10080,23,0.0,0,0,56.0,0.500241342,0.5002411403776108,0.500241342,0.0009645615852272023,0,1,0.00024134200000003325,0,1720.0,7.450660796211539,0,,0,17,3,20,4,-0.8660254037844384,-0.5000000000000004,3.1780538303479458,9.218407743053941,3.1144038032714896,4.02535169073515,23.67860108202336,29.991530033124217,12.792784359238421,2.4866785079928952,0,0,1,sweing_team7,21,0,189210,train,0.6025819432328481,0.994970503211963,0.8582784587067249,0.8276687580304326,0.8865674150869745,0.7030706077366031,1.0359537088762147,0.6336097075861137,-0.048975771847696824,-2.2610999903818723,-0.22888618729874646,-1.2647205579438705,-0.736328099691826,0.7216984540246772,-0.42776192061769297,-0.20840476003389088,0
2015-01-21,3,finishing,Wednesday,8,0.8,2.9,,2400,0,0.0,0,0,8.0,0.594871795,0.5947925370258981,0.594871795,0.38381347727002146,1,1,-0.20512820500000006,1,0.0,0.0,0,,0,17,3,20,4,-0.8660254037844384,-0.5000000000000004,0.0,7.783640596221253,1.0647107369924282,2.0794415416798357,0.0,0.0,0.0,2.7586206896551726,0,1,0,finishing_team8,10,0,177240,train,-0.9856129740972022,-1.1731446939116332,-0.19469526447499352,-1.4380676486489155,-1.329301807783477,-0.973454127137173,-1.168065122270806,-0.980051246628074,0.28149984809940837,0.663747223037126,-0.22888618729874646,-1.2647205579438705,-0.736328099691826,0.7216984540246772,-0.42776192061769297,-0.20840476003389088,0
2015-01-21,3,sweing,Wednesday,8,0.8,25.9,562.0,7470,38,0.0,0,0,56.5,0.800436542,0.8001855507368422,0.800436542,1.3874544569614122,0,0,0.0004365419999999842,0,562.0,6.333279628139691,0,,0,17,3,20,4,-0.8660254037844384,-0.5000000000000004,3.6635616461296463,8.918784137975802,3.254242968705492,4.034240638152395,23.2023603398668,25.54997404862383,14.779689273192705,2.1814671814671818,0,0,1,sweing_team8,22,0,184710,train,0.8452087477209552,0.6698166466965619,0.6383850887695,0.9822473597811097,0.8966895396954262,0.6693511586350986,0.7095524543013126,0.8842346528169733,-0.4198814611817876,0.663747223037126,-0.22888618729874646,-1.2647205579438705,-0.736328099691826,0.7216984540246772,-0.42776192061769297,-0.20840476003389088,0
2015-01-21,3,finishing,Wednesday,9,0.8,3.94,,2400,0,0.0,0,0,8.0,0.827147436,0.826874129871345,0.827147436,1.5636335796160152,0,0,0.027147435999999914,1,0.0,0.0,0,,0,17,3,20,4,-0.8660254037844384,-0.5000000000000004,0.0,7.783640596221253,1.3711807233098425,2.0794415416798357,0.0,0.0,0.0,2.030456852791878,0,1,0,finishing_team9,11,0,185460,train,-0.9856129740972022,-1.1731446939116332,-0.19469526447499352,-1.0992948748235933,-1.329301807783477,-0.973454127137173,-1.168065122270806,-0.980051246628074,-0.6033955879065779,0.663747223037126,-0.22888618729874646,-1.2647205579438705,-0.736328099691826,0.7216984540246772,-0.42776192061769297,-0.20840476003389088,0
2015-01-21,3,sweing,Wednesday,9,0.8,54.56,757.0,4140,29,0.0,0,0,58.0,0.520237649,0.5202207420250627,0.520237649,0.08092710648736028,1,1,-0.279762351,0,757.0,6.630683385642372,1,smv_extreme;,0,17,3,20,4,-0.8660254037844384,-0.5000000000000004,3.4011973816621555,8.328692583545568,3.9993010135352067,4.060443010546419,22.552262969877592,26.923512008377834,13.81036813585888,1.063049853372434,0,0,1,sweing_team9,23,0,189600,train,0.7140953010772004,0.7563600586112594,0.20531767259806685,1.8058365912773862,0.9265270070534614,0.623322074522915,0.810491070145505,0.761966065503492,-1.7790294153624,0.663747223037126,-0.22888618729874646,-1.2647205579438705,-0.736328099691826,0.7216984540246772,-0.42776192061769297,-0.20840476003389088,0
2015-01-21,3,sweing,Wednesday,10,0.7,22.52,1206.0,10080,75,0.0,0,0,56.0,0.800020563,0.7997699192548037,0.800020563,1.3848569763046459,0,0,0.10002056300000006,0,1206.0,7.095893221097532,0,,0,17,3,20,4,-0.8660254037844384,-0.5000000000000004,4.330733340286331,9.218407743053941,3.1144038032714896,4.02535169073515,30.730421351718846,28.563465774821037,17.432724773444665,2.4866785079928952,1,0,1,sweing_team10,13,0,190470,train,1.178619932744878,0.8917344289777859,0.8582784587067249,0.8276687580304326,0.8865674150869745,1.2023632419203156,0.9310080620915401,1.218884223753347,-0.048975771847696824,-0.3112018481025408,-0.22888618729874646,-1.2647205579438705,-0.736328099691826,0.7216984540246772,-0.42776192061769297,-0.20840476003389088,0
2015-01-21,3,finishing,Wednesday,11,0.7,4.15,,2700,0,0.0,0,0,9.0,0.470769231,0.4707936510242272,0.470769231,-0.11695853968739851,1,1,-0.22923076899999995,1,0.0,0.0,0,,0,17,3,20,4,-0.8660254037844384,-0.5000000000000004,0.0,7.901377353792616,1.423108334242607,2.1972245773362196,0.0,0.0,0.0,2.1686746987951806,0,1,0,finishing_team11,2,0,195900,train,-0.9856129740972022,-1.1731446939116332,-0.10828841284827576,-1.0418939495153812,-1.1951785524965162,-0.973454127137173,-1.168065122270806,-0.980051246628074,-0.43542742619483,-0.3112018481025408,-0.22888618729874646,-1.2647205579438705,-0.736328099691826,0.7216984540246772,-0.42776192061769297,-0.20840476003389088,0
2015-01-21,3,sweing,Wednesday,11,0.7,14.89,1735.0,10260,50,0.0,0,0,57.0,0.700170388,0.7000031612765246,0.700170388,0.8473129141302631,0,0,0.0001703880000000213,0,1735.0,7.459338895220295,0,,0,17,3,20,4,-0.8660254037844384,-0.5000000000000004,3.9318256327243257,9.236105579862208,2.7006898466959175,4.04305126783455,29.328819871404708,30.158489577527988,15.896572609290468,3.828072531900604,0,0,1,sweing_team11,14,0,206160,train,0.9792705109119583,0.9974957984653173,0.8712668778780183,0.3703482017062146,0.9067224814303124,1.103125134819203,1.048223238956848,1.0251164952105658,1.5811428766625595,-0.3112018481025408,-0.22888618729874646,-1.2647205579438705,-0.736328099691826,0.7216984540246772,-0.42776192061769297,-0.20840476003389088,0
2015-01-21,3,sweing,Wednesday,12,0.6,15.26,1245.0,6360,23,0.0,0,0,34.0,0.60017284,0.6000891534168756,0.60017284,0.40583659448245135,0,1,0.00017284000000006294,0,1245.0,7.1276936993473985,0,,0,17,3,20,4,-0.8660254037844384,-0.5000000000000004,3.1780538303479458,8.757940876678804,2.725235025856311,3.5263605246161616,22.65219426275792,25.134817692934,11.206963572444185,2.2280471821756227,0,0,1,sweing_team12,15,0,108435,train,0.6025819432328481,0.9009882525050081,0.5203424307183535,0.39748051090269754,0.31835044575563654,0.6303975467487205,0.6790434264257702,0.43357685999237666,-0.3632754778173688,-1.2861509192422065,-0.22888618729874646,-1.2647205579438705,-0.736328099691826,0.7216984540246772,-0.42776192061769297,-0.20840476003389088,0
2015-01-22,4,finishing,Thursday,1,0.7,3.94,,15000,0,0.0,0,0,25.0,0.649662222,0.6495371909039265,0.649662222,0.6170055025910397,1,1,-0.050337777999999944,1,0.0,0.0,0,,0,18,4,21,5,-0.8660254037844386,0.5000000000000001,0.0,9.61587214452889,1.3711807233098425,3.2188758248682006,0.0,0.0,0.0,6.345177664974619,0,1,0,finishing_team1,0,0,199260,train,-0.9856129740972022,-1.1731446939116332,1.1499770605162034,-1.0992948748235933,-0.031792073931535665,-0.973454127137173,-1.168065122270806,-0.980051246628074,4.640035300926968,-0.3112018481025408,-0.22888618729874646,-1.2647205579438707,0.6664451087488514,1.6665776064368176,0.08245266006109153,-0.12353730951044103,0
2015-01-22,4,sweing,Thursday,1,0.7,22.94,1384.0,12180,63,0.0,0,0,57.0,0.750162367,0.749953375883041,0.750162367,1.0983636421669454,0,0,0.050162367000000097,0,1384.0,7.233455418621439,0,,0,18,4,21,5,-0.8660254037844386,0.5000000000000001,4.1588830833596715,9.407632639699958,3.1328821117012247,4.04305126783455,30.083095374741053,29.245231101082105,16.814577522952984,2.4847428073234523,0,0,1,sweing_team1,12,0,211440,train,1.0927397937785401,0.9317645282077702,0.9971503616352826,0.8480947314758638,0.9067224814303124,1.156530381770755,0.9811096613044816,1.1409121377662224,-0.05132811702215975,-0.3112018481025408,-0.22888618729874646,-1.2647205579438707,0.6664451087488514,1.6665776064368176,0.08245266006109153,-0.12353730951044103,0
2015-01-22,4,finishing,Thursday,2,0.7,3.94,,15000,0,0.0,0,0,25.0,0.649662222,0.6495371909039265,0.649662222,0.6170055025910397,1,1,-0.050337777999999944,1,0.0,0.0,0,,0,18,4,21,5,-0.8660254037844386,0.5000000000000001,0.0,9.61587214452889,1.3711807233098425,3.2188758248682006,0.0,0.0,0.0,6.345177664974619,0,1,0,finishing_team2,4,0,197670,train,-0.9856129740972022,-1.1731446939116332,1.1499770605162034,-1.0992948748235933,-0.031792073931535665,-0.973454127137173,-1.168065122270806,-0.980051246628074,4.640035300926968,-0.3112018481025408,-0.22888618729874646,-1.2647205579438707,0.6664451087488514,1.6665776064368176,0.08245266006109153,-0.12353730951044103,0
2015-01-22,4,sweing,Thursday,2,0.7,22.94,1510.0,10620,60,0.0,0,0,57.0,0.800302791,0.800051911475355,0.800302791,1.3866188394264831,0,0,0.10030279100000006,0,1510.0,7.32052696227274,0,,0,18,4,21,5,-0.8660254037844386,0.5000000000000001,4.110873864173311,9.27058845232154,3.1328821117012247,4.04305126783455,30.09376296118305,29.59726581603381,16.620473788453822,2.4847428073234523,0,0,1,sweing_team2,16,0,208290,train,1.0687477527474374,0.9571020307717556,0.8965738126511332,0.8480947314758638,0.9067224814303124,1.1572856828322267,1.0069800033681942,1.1164282092770923,-0.05132811702215975,-0.3112018481025408,-0.22888618729874646,-1.2647205579438707,0.6664451087488514,1.6665776064368176,0.08245266006109153,-0.12353730951044103,0
2015-01-22,4,finishing,Thursday,3,0.7,3.94,,12000,0,0.0,0,0,20.0,0.460578704,0.4606116374135339,0.460578704,-0.15788058289802476,1,1,-0.23942129599999995,1,0.0,0.0,0,,0,18,4,21,5,-0.8660254037844386,0.5000000000000001,0.0,9.392745258631441,1.3711807233098425,2.995732273553991,0.0,0.0,0.0,5.0761421319796955,0,1,0,finishing_team3,5,0,181800,train,-0.9856129740972022,-1.1731446939116332,0.9862245322372879,-1.0992948748235933,-0.28589266941854513,-0.973454127137173,-1.168065122270806,-0.980051246628074,3.0978497453876903,-0.3112018481025408,-0.22888618729874646,-1.2647205579438707,0.6664451087488514,1.6665776064368176,0.08245266006109153,-0.12353730951044103,0
2015-01-22,4,sweing,Thursday,3,0.7,22.52,1244.0,10260,63,0.0,0,0,57.0,0.750068049,0.7498591366783626,0.750068049,1.097861158659612,0,0,0.05006804900000006,0,1244.0,7.126890808898808,0,,0,18,4,21,5,-0.8660254037844386,0.5000000000000001,4.1588830833596715,9.236105579862208,3.1144038032714896,4.04305126783455,29.63990562208078,28.81438492063673,16.814577522952984,2.5310834813499112,0,0,1,sweing_team3,17,0,192060,train,1.0927397937785401,0.9007546143042059,0.8712668778780183,0.8276687580304326,0.9067224814303124,1.1251510540814336,0.9494476189218292,1.1409121377662224,0.004987026454476854,-0.3112018481025408,-0.22888618729874646,-1.2647205579438707,0.6664451087488514,1.6665776064368176,0.08245266006109153,-0.12353730951044103,0
2015-01-22,4,finishing,Thursday,4,0.75,4.3,,9000,0,0.0,0,0,15.0,0.670216049,0.6700738467869674,0.670216049,0.7085190741202245,1,1,-0.07978395100000002,1,0.0,0.0,0,,0,18,4,21,5,-0.8660254037844386,0.5000000000000001,0.0,9.105090961257085,1.4586150226995167,2.70805020110221,0.0,0.0,0.0,3.488372093023256,0,1,0,finishing_team4,6,0,249930,train,-0.9856129740972022,-1.1731446939116332,0.7751154214912374,-1.0026447575066062,-0.6134853132140259,-0.973454127137173,-1.168065122270806,-0.980051246628074,1.1683245619455234,0.1762726874672926,-0.22888618729874646,-1.2647205579438707,0.6664451087488514,1.6665776064368176,0.08245266006109153,-0.12353730951044103,0
2015-01-22,4,sweing,Thursday,4,0.75,22.52,759.0,10080,81,0.0,0,0,56.0,0.849983766,0.8496913819014202,0.849983766,1.7321825690118404,0,0,0.09998376600000003,0,759.0,6.633318433280377,0,,0,18,4,21,5,-0.8660254037844386,0.5000000000000001,4.406719247264253,9.218407743053941,3.1144038032714896,4.02535169073515,29.2311720131694,26.701439570589798,17.738594772570288,2.4866785079928952,1,0,1,sweing_team4,18,0,260010,train,1.2165929935214597,0.7571268478914813,0.8582784587067249,0.8276687580304326,0.8865674150869745,1.096211337459644,0.7941714014182684,1.2574661665731766,-0.048975771847696824,0.1762726874672926,-0.22888618729874646,-1.2647205579438707,0.6664451087488514,1.6665776064368176,0.08245266006109153,-0.12353730951044103,0
2015-01-22,4,finishing,Thursday,5,0.7,4.15,,9000,0,0.0,0,0,15.0,0.742901235,0.7426983099916458,0.742901235,1.0600406316731479,0,0,0.04290123500000009,1,0.0,0.0,0,,0,18,4,21,5,-0.8660254037844386,0.5000000000000001,0.0,9.105090961257085,1.423108334242607,2.70805020110221,0.0,0.0,0.0,3.614457831325301,0,1,0,finishing_team5,7,0,190560,train,-0.9856129740972022,-1.1731446939116332,0.7751154214912374,-1.0418939495153812,-0.6134853132140259,-0.973454127137173,-1.168065122270806,-0.980051246628074,1.3215492741882318,-0.3112018481025408,-0.22888618729874646,-1.2647205579438707,0.6664451087488514,1.6665776064368176,0.08245266006109153,-0.12353730951044103,0
2015-01-22,4,sweing,Thursday,5,0.7,20.4,1480.0,10440,40,0.0,0,0,58.0,0.700250784,0.7000834901119465,0.700250784,0.8476954639692984,0,0,0.0002507840000000039,0,1480.0,7.300472814267799,0,,0,18,4,21,5,-0.8660254037844386,0.5000000000000001,3.713572066704308,9.25349564229011,3.0155349008501706,4.060443010546419,27.110831916799086,29.64315381237783,15.078747742409927,2.843137254901961,0,0,1,sweing_team5,19,0,201000,train,0.870200865542169,0.9512663466298892,0.8840294218361046,0.7183787987727416,0.9265270070534614,0.9460841147577819,1.0103522223898354,0.9219574003636714,0.3842079462877916,-0.3112018481025408,-0.22888618729874646,-1.2647205579438707,0.6664451087488514,1.6665776064368176,0.08245266006109153,-0.12353730951044103,0
2015-01-22,4,finishing,Thursday,6,0.8,2.9,,4800,0,0.0,0,0,8.0,0.626822917,0.6267169663592315,0.626822917,0.5181580941770627,1,1,-0.173177083,1,0.0,0.0,0,,0,18,4,21,5,-0.8660254037844386,0.5000000000000001,0.0,8.476579508530941,1.0647107369924282,2.0794415416798357,0.0,0.0,0.0,2.7586206896551726,0,1,0,finishing_team6,8,0,119235,train,-0.9856129740972022,-1.1731446939116332,0.3138516924601087,-1.4380676486489155,-1.329301807783477,-0.973454127137173,-1.168065122270806,-0.980051246628074,0.28149984809940837,0.663747223037126,-0.22888618729874646,-1.2647205579438707,0.6664451087488514,1.6665776064368176,0.08245266006109153,-0.12353730951044103,0
2015-01-22,4,sweing,Thursday,6,0.8,11.61,955.0,6360,63,0.0,0,0,32.0,0.800191989,0.7999412020417711,0.800191989,1.385926914386421,0,0,0.000191988999999948,0,955.0,6.862757913051401,0,,0,18,4,21,5,-0.8660254037844386,0.5000000000000001,4.1588830833596715,8.757940876678804,2.4518667957098,3.4657359027997265,28.541407789782195,23.784506491485164,14.413590417546041,2.756244616709733,0,0,1,sweing_team6,20,0,125595,train,1.0927397937785401,0.8238929021406063,0.5203424307183535,0.09529851025962122,0.2493152779723679,1.0473737064807775,0.579811699581057,0.8380555402680391,0.2786123439436213,0.663747223037126,-0.22888618729874646,-1.2647205579438707,0.6664451087488514,1.6665776064368176,0.08245266006109153,-0.12353730951044103,0
2015-01-22,4,finishing,Thursday,7,0.6,3.94,,6000,0,0.0,0,0,10.0,0.957638889,0.957256567455305,0.957638889,3.10885589219055,0,0,0.35763888900000007,1,0.0,0.0,0,,0,18,4,21,5,-0.8660254037844386,0.5000000000000001,0.0,8.699681400989514,1.3711807233098425,2.302585092994046,0.0,0.0,0.0,2.5380710659898478,0,1,0,finishing_team7,9,0,195210,train,-0.9856129740972022,-1.1731446939116332,0.477585878087085,-1.0992948748235933,-1.0752012122964671,-0.973454127137173,-1.168065122270806,-0.980051246628074,0.013478634309133644,-1.2861509192422065,-0.22888618729874646,-1.2647205579438707,0.6664451087488514,1.6665776064368176,0.08245266006109153,-0.12353730951044103,0
2015-01-22,4,sweing,Thursday,7,0.6,22.52,1859.0,10260,23,0.0,0,0,57.0,0.60041361,0.6003297222723476,0.60041361,0.40683913989612785,0,1,0.0004136100000000642,0,1859.0,7.528331766707247,0,,0,18,4,21,5,-0.8660254037844386,0.5000000000000001,3.1780538303479458,9.236105579862208,3.1144038032714896,4.04305126783455,23.925443607314083,30.437431294064854,12.84903456803471,2.5310834813499112,0,0,1,sweing_team7,21,0,205470,train,0.6025819432328481,1.0175724731731655,0.8712668778780183,0.8276687580304326,0.9067224814303124,0.7205478901923976,1.0687221196528551,0.6407050171803396,0.004987026454476854,-1.2861509192422065,-0.22888618729874646,-1.2647205579438707,0.6664451087488514,1.6665776064368176,0.08245266006109153,-0.12353730951044103,0
2015-01-22,4,finishing,Thursday,8,0.8,2.9,,4800,0,0.0,0,0,8.0,0.397743056,0.397828483689223,0.397743056,-0.4145213486484135,1,1,-0.40225694400000006,1,0.0,0.0,0,,0,18,4,21,5,-0.8660254037844386,0.5000000000000001,0.0,8.476579508530941,1.0647107369924282,2.0794415416798357,0.0,0.0,0.0,2.7586206896551726,0,1,0,finishing_team8,10,0,189510,train,-0.9856129740972022,-1.1731446939116332,0.3138516924601087,-1.4380676486489155,-1.329301807783477,-0.973454127137173,-1.168065122270806,-0.980051246628074,0.28149984809940837,0.663747223037126,-0.22888618729874646,-1.2647205579438707,0.6664451087488514,1.6665776064368176,0.08245266006109153,-0.12353730951044103,0
2015-01-22,4,sweing,Thursday,8,0.8,40.99,980.0,10770,30,0.0,0,0,56.5,0.555500132,0.5554537659749375,0.555500132,0.22273131294822163,1,1,-0.244499868,0,980.0,6.8885724595653635,0,,0,18,4,21,5,-0.8660254037844386,0.5000000000000001,3.4339872044851463,9.28461261635077,3.7133281345162463,4.034240638152395,23.65526968331623,27.790158955235988,13.853530731229316,1.3783849719443766,0,0,1,sweing_team8,22,0,200280,train,0.7304816282848566,0.8314048413007188,0.9068661281986203,1.4897213767724102,0.8966895396954262,0.7014186660996709,0.8741792577345283,0.7674105248859032,-1.3958208665298586,0.663747223037126,-0.22888618729874646,-1.2647205579438707,0.6664451087488514,1.6665776064368176,0.08245266006109153,-0.12353730951044103,0
2015-01-22,4,sweing,Thursday,9,0.5,29.12,970.0,10440,30,0.0,0,0,58.0,0.500547544,0.5005470865697577,0.500547544,0.0021883471523381614,0,1,0.0005475440000000109,0,970.0,6.878326468291325,0,,0,18,4,21,5,-0.8660254037844386,0.5000000000000001,3.4339872044851463,9.25349564229011,3.3714252233284854,4.060443010546419,23.620085080383916,27.929052632429947,13.94350934275755,1.9917582417582418,0,0,1,sweing_team9,23,0,200040,train,0.7304816282848566,0.8284232950998592,0.8840294218361046,1.1117809494117135,0.9265270070534614,0.6989274776676178,0.8843862821752502,0.7787602801901629,-0.6504237738035172,-2.2610999903818723,-0.22888618729874646,-1.2647205579438707,0.6664451087488514,1.6665776064368176,0.08245266006109153,-0.12353730951044103,0
2015-01-22,4,finishing,Thursday,10,0.75,3.94,,8400,0,0.0,0,0,14.0,0.940701058,0.9403328866900585,0.940701058,2.757452944563683,0,0,0.19070105800000003,1,0.0,0.0,0,,0,18,4,21,5,-0.8660254037844386,0.5000000000000001,0.0,9.036106025364846,1.3711807233098425,2.6390573296152584,0.0,0.0,0.0,3.553299492385787,0,1,0,finishing_team10,1,0,198870,train,-0.9856129740972022,-1.1731446939116332,0.7244874677147257,-1.0992948748235933,-0.692049670668871,-0.973454127137173,-1.168065122270806,-0.980051246628074,1.2472270787405562,0.1762726874672926,-0.22888618729874646,-1.2647205579438707,0.6664451087488514,1.6665776064368176,0.08245266006109153,-0.12353730951044103,0
2015-01-22,4,sweing,Thursday,10,0.75,22.52,1328.0,10080,55,0.0,0,0,56.0,0.800020563,0.7997699192548037,0.800020563,1.3848569763046459,0,0,0.05002056300000002,0,1328.0,7.192182058713246,0,,0,18,4,21,5,-0.8660254037844386,0.5000000000000001,4.02535169073515,9.218407743053941,3.1144038032714896,4.02535169073515,28.951062210116373,28.951062210116373,16.203456234104326,2.4866785079928952,0,0,1,sweing_team10,13,0,208950,train,1.0260090552853378,0.9197541305664219,0.8582784587067249,0.8276687580304326,0.8865674150869745,1.0763786196537115,0.9594917653681945,1.0638262951214992,-0.048975771847696824,0.1762726874672926,-0.22888618729874646,-1.2647205579438707,0.6664451087488514,1.6665776064368176,0.08245266006109153,-0.12353730951044103,0
2015-01-22,4,sweing,Thursday,11,0.7,14.89,1863.0,10260,50,0.0,0,0,57.0,0.700170388,0.7000031612765246,0.700170388,0.8473129141302631,0,0,0.0001703880000000213,0,1863.0,7.530479995245536,0,,0,18,4,21,5,-0.8660254037844386,0.5000000000000001,3.9318256327243257,9.236105579862208,2.7006898466959175,4.04305126783455,29.60853427202416,30.446116692180183,15.896572609290468,3.828072531900604,0,0,1,sweing_team11,14,0,216420,train,0.9792705109119583,1.0181975998657036,0.8712668778780183,0.3703482017062146,0.9067224814303124,1.1229298568006432,1.0693603925579405,1.0251164952105658,1.5811428766625595,-0.3112018481025408,-0.22888618729874646,-1.2647205579438707,0.6664451087488514,1.6665776064368176,0.08245266006109153,-0.12353730951044103,0
2015-01-22,4,finishing,Thursday,12,0.6,4.08,,5400,0,0.0,0,0,9.0,0.327407407,0.3275515946299081,0.327407407,-0.7192798043718162,1,1,-0.272592593,1,0.0,0.0,0,,0,18,4,21,5,-0.8660254037844386,0.5000000000000001,0.0,8.594339400592892,1.4060969884160703,2.1972245773362196,0.0,0.0,0.0,2.2058823529411766,0,1,0,finishing_team12,3,0,113835,train,-0.9856129740972022,-1.1731446939116332,0.4002755224590608,-1.0606983384260422,-1.1951785524965162,-0.973454127137173,-1.168065122270806,-0.980051246628074,-0.3902111140526185,-1.2861509192422065,-0.22888618729874646,-1.2647205579438707,0.6664451087488514,1.6665776064368176,0.08245266006109153,-0.12353730951044103,0
2015-01-22,4,sweing,Thursday,12,0.6,15.26,1492.0,6960,23,0.0,0,0,34.0,0.600436426,0.6003525192113618,0.600436426,0.4069341541975653,0,1,0.0004364260000000453,0,1492.0,7.30854279753919,0,,0,18,4,21,5,-0.8660254037844386,0.5000000000000001,3.1780538303479458,8.848078421168667,2.725235025856311,3.5263605246161616,23.226942431981314,25.77255681370997,11.206963572444185,2.2280471821756227,0,0,1,sweing_team12,15,0,120795,train,0.6025819432328481,0.9536146824151035,0.5864942561413656,0.39748051090269754,0.31835044575563654,0.6710916535791271,0.7259096259826775,0.43357685999237666,-0.3632754778173688,-1.2861509192422065,-0.22888618729874646,-1.2647205579438707,0.6664451087488514,1.6665776064368176,0.08245266006109153,-0.12353730951044103,0
2015-01-24,4,finishing,Saturday,1,0.7,3.94,,1440,0,0.0,0,0,8.0,0.578314394,0.5782489684411027,0.578314394,0.3155893498531366,1,1,-0.121685606,1,0.0,0.0,0,,0,19,4,23,0,0.0,1.0,0.0,7.273092595999522,1.3711807233098425,2.0794415416798357,0.0,0.0,0.0,2.030456852791878,0,1,0,finishing_team1,0,0,212880,train,-0.9856129740972022,-1.1731446939116332,-0.5693857707660099,-1.0992948748235933,-1.329301807783477,-0.973454127137173,-1.168065122270806,-0.980051246628074,-0.6033955879065779,-0.3112018481025408,-0.22888618729874646,-0.028538824941726406,1.3678317129691895,1.6665776064368176,0.08245266006109153,-0.03866985898699119,0
2015-01-24,4,sweing,Saturday,1,0.7,22.94,1472.0,10260,75,0.0,0,0,57.0,0.800643806,0.8003926415839598,0.800643806,1.3887501802343194,0,0,0.100643806,0,1472.0,7.29505641646263,0,,0,19,4,23,0,0.0,1.0,4.330733340286331,9.236105579862208,3.1328821117012247,4.04305126783455,31.59294404204444,29.494287093503807,17.509376922098006,2.4847428073234523,1,0,1,sweing_team1,12,0,223140,train,1.178619932744878,0.9496901945654945,0.8712668778780183,0.8480947314758638,0.9067224814303124,1.263432754418609,0.9994122986391285,1.2285530007658507,-0.05132811702215975,-0.3112018481025408,-0.22888618729874646,-0.028538824941726406,1.3678317129691895,1.6665776064368176,0.08245266006109153,-0.03866985898699119,0
2015-01-24,4,finishing,Saturday,2,0.75,3.94,,1440,0,0.0,0,0,8.0,0.578314394,0.5782489684411027,0.578314394,0.3155893498531366,1,1,-0.17168560600000005,1,0.0,0.0,0,,0,19,4,23,0,0.0,1.0,0.0,7.273092595999522,1.3711807233098425,2.0794415416798357,0.0,0.0,0.0,2.030456852791878,0,1,0,finishing_team2,4,0,209730,train,-0.9856129740972022,-1.1731446939116332,-0.5693857707660099,-1.0992948748235933,-1.329301807783477,-0.973454127137173,-1.168065122270806,-0.980051246628074,-0.6033955879065779,0.1762726874672926,-0.22888618729874646,-0.028538824941726406,1.3678317129691895,1.6665776064368176,0.08245266006109153,-0.03866985898699119,0
2015-01-24,4,sweing,Saturday,2,0.75,22.94,1606.0,10260,94,0.0,0,0,57.0,0.90064806,0.9003133498412699,0.90064806,2.2007111013293885,0,0,0.15064805999999997,0,1606.0,7.382124365737512,0,,0,19,4,23,0,0.0,1.0,4.553876891600541,9.236105579862208,3.1328821117012247,4.04305126783455,33.617285560053354,29.846307276207376,18.411557740148027,2.4847428073234523,1,0,1,sweing_team2,16,0,219990,train,1.2901332905892304,0.9750266511790132,0.8712668778780183,0.8480947314758638,0.9067224814303124,1.4067629543327616,1.0252815727563735,1.3423526177098353,-0.05132811702215975,0.1762726874672926,-0.22888618729874646,-0.028538824941726406,1.3678317129691895,1.6665776064368176,0.08245266006109153,-0.03866985898699119,0
2015-01-24,4,finishing,Saturday,3,0.75,3.94,,1440,0,0.0,0,0,8.0,0.895454545,0.8951241736173768,0.895454545,2.1441854056754694,0,0,0.145454545,1,0.0,0.0,0,,0,19,4,23,0,0.0,1.0,0.0,7.273092595999522,1.3711807233098425,2.0794415416798357,0.0,0.0,0.0,2.030456852791878,0,1,0,finishing_team3,5,0,193500,train,-0.9856129740972022,-1.1731446939116332,-0.5693857707660099,-1.0992948748235933,-1.329301807783477,-0.973454127137173,-1.168065122270806,-0.980051246628074,-0.6033955879065779,0.1762726874672926,-0.22888618729874646,-0.028538824941726406,1.3678317129691895,1.6665776064368176,0.08245266006109153,-0.03866985898699119,0
2015-01-24,4,sweing,Saturday,3,0.75,22.52,1266.0,10260,69,0.0,0,0,57.0,0.80035194,0.8001010194152046,0.80035194,1.3869258520974934,0,0,0.050351939999999984,0,1266.0,7.144407180321139,0,,0,19,4,23,0,0.0,1.0,4.248495242049359,9.236105579862208,3.1144038032714896,4.04305126783455,30.352979912857638,28.885204508323643,17.176884074756718,2.5310834813499112,0,0,1,sweing_team3,17,0,203760,train,1.1375224131296902,0.9058518146892413,0.8712668778780183,0.8276687580304326,0.9067224814303124,1.1756391163680853,0.9546520117855354,1.1866128952936064,0.004987026454476854,0.1762726874672926,-0.22888618729874646,-0.028538824941726406,1.3678317129691895,1.6665776064368176,0.08245266006109153,-0.03866985898699119,0
2015-01-24,4,finishing,Saturday,4,0.75,4.3,,2160,0,0.0,0,0,12.0,0.651515152,0.6513885729256474,0.651515152,0.6251484379052085,1,1,-0.09848484800000001,1,0.0,0.0,0,,0,19,4,23,0,0.0,1.0,0.0,7.6783263565068856,1.4586150226995167,2.4849066497880004,0.0,0.0,0.0,2.7906976744186047,0,1,0,finishing_team4,6,0,262170,train,-0.9856129740972022,-1.1731446939116332,-0.2719852465748004,-1.0026447575066062,-0.8675859087010354,-0.973454127137173,-1.168065122270806,-0.980051246628074,0.32048115420253415,0.1762726874672926,-0.22888618729874646,-0.028538824941726406,1.3678317129691895,1.6665776064368176,0.08245266006109153,-0.03866985898699119,0
2015-01-24,4,sweing,Saturday,4,0.75,22.52,727.0,10260,94,0.0,0,0,57.0,0.900321106,0.8999866689857978,0.900321106,2.1970764637315003,0,0,0.15032110600000004,0,727.0,6.590301048196686,0,,0,19,4,23,0,0.0,1.0,4.553876891600541,9.236105579862208,3.1144038032714896,4.04305126783455,30.01141965207371,26.644925008322975,18.411557740148027,2.5310834813499112,1,0,1,sweing_team4,18,0,272430,train,1.2901332905892304,0.7446089452662682,0.8712668778780183,0.8276687580304326,0.9067224814303124,1.1514554991150825,0.7900182568693728,1.3423526177098353,0.004987026454476854,0.1762726874672926,-0.22888618729874646,-0.028538824941726406,1.3678317129691895,1.6665776064368176,0.08245266006109153,-0.03866985898699119,0
2015-01-24,4,finishing,Saturday,5,0.7,4.15,,2700,0,0.0,0,0,15.0,0.966666667,0.9662768034519632,0.966666667,3.355264413743608,0,0,0.2666666670000001,1,0.0,0.0,0,,0,19,4,23,0,0.0,1.0,0.0,7.901377353792616,1.423108334242607,2.70805020110221,0.0,0.0,0.0,3.614457831325301,0,1,0,finishing_team5,7,0,203700,train,-0.9856129740972022,-1.1731446939116332,-0.10828841284827576,-1.0418939495153812,-0.6134853132140259,-0.973454127137173,-1.168065122270806,-0.980051246628074,1.3215492741882318,-0.3112018481025408,-0.22888618729874646,-0.028538824941726406,1.3678317129691895,1.6665776064368176,0.08245266006109153,-0.03866985898699119,0
2015-01-24,4,sweing,Saturday,5,0.7,20.4,1382.0,10440,50,0.0,0,0,58.0,0.700250784,0.7000834901119465,0.700250784,0.8476954639692984,0,0,0.0002507840000000039,0,1382.0,7.232010331664759,0,,0,19,4,23,0,0.0,1.0,3.9318256327243257,9.25349564229011,3.0155349008501706,4.060443010546419,28.43500359816665,29.36516580340766,15.964953909082741,2.843137254901961,0,0,1,sweing_team5,19,0,214140,train,0.9792705109119583,0.9313440131584826,0.8840294218361046,0.7183787987727416,0.9265270070534614,1.0398399312159397,0.9899234277959406,1.0337420008373779,0.3842079462877916,-0.3112018481025408,-0.22888618729874646,-0.028538824941726406,1.3678317129691895,1.6665776064368176,0.08245266006109153,-0.03866985898699119,0
2015-01-24,4,sweing,Saturday,6,0.8,11.61,1009.0,5640,63,0.0,0,0,32.0,0.800537143,0.8002860676925647,0.800537143,1.388083244190813,0,0,0.0005371429999999622,0,1009.0,6.917705609835305,0,,0,19,4,23,0,0.0,1.0,4.1588830833596715,8.637816633739977,2.4518667957098,3.4657359027997265,28.769928836406347,23.97494069700529,14.413590417546041,2.756244616709733,0,0,1,sweing_team6,20,0,131235,train,1.0927397937785401,0.8398824820856089,0.4321834067185993,0.09529851025962122,0.2493152779723679,1.0635537665180024,0.5938063365534729,0.8380555402680391,0.2786123439436213,0.663747223037126,-0.22888618729874646,-0.028538824941726406,1.3678317129691895,1.6665776064368176,0.08245266006109153,-0.03866985898699119,0
2015-01-24,4,finishing,Saturday,7,0.65,3.94,,2160,0,0.0,0,0,12.0,0.870580808,0.8702712166817044,0.870580808,1.9033589174087404,0,0,0.22058080800000002,1,0.0,0.0,0,,0,19,4,23,0,0.0,1.0,0.0,7.6783263565068856,1.3711807233098425,2.4849066497880004,0.0,0.0,0.0,3.0456852791878175,0,1,0,finishing_team7,9,0,207630,train,-0.9856129740972022,-1.1731446939116332,-0.2719852465748004,-1.0992948748235933,-0.8675859087010354,-0.973454127137173,-1.168065122270806,-0.980051246628074,0.6303528565248452,-0.7986763836723731,-0.22888618729874646,-0.028538824941726406,1.3678317129691895,1.6665776064368176,0.08245266006109153,-0.03866985898699119,0
2015-01-24,4,sweing,Saturday,7,0.65,22.52,1295.0,10170,26,0.0,0,0,56.5,0.650416734,0.6502910725680868,0.650416734,0.6203188940326659,0,1,0.0004167339999999742,0,1295.0,7.16703787691222,0,,0,19,4,23,0,0.0,1.0,3.295836866004329,9.227295812625597,3.1144038032714896,4.034240638152395,23.62138765477669,28.91355545821674,13.296199021555495,2.5088809946714035,0,0,1,sweing_team7,21,0,217800,train,0.6614426260793346,0.9124372650999706,0.8648014012827553,0.8276687580304326,0.8966895396954262,0.6990197043232776,0.956735467593768,0.6971096120282098,-0.021994372696609716,-0.7986763836723731,-0.22888618729874646,-0.028538824941726406,1.3678317129691895,1.6665776064368176,0.08245266006109153,-0.03866985898699119,0
2015-01-24,4,finishing,Saturday,8,0.8,2.9,,1620,0,0.0,0,0,9.0,0.910521886,0.9101789270309105,0.910521886,2.3158215899354415,0,0,0.1105218859999999,1,0.0,0.0,0,,0,19,4,23,0,0.0,1.0,0.0,7.390798521735676,1.0647107369924282,2.1972245773362196,0.0,0.0,0.0,3.103448275862069,0,1,0,finishing_team8,10,0,201900,train,-0.9856129740972022,-1.1731446939116332,-0.48300154658262584,-1.4380676486489155,-1.1951785524965162,-0.973454127137173,-1.168065122270806,-0.980051246628074,0.700548888708012,0.663747223037126,-0.22888618729874646,-0.028538824941726406,1.3678317129691895,1.6665776064368176,0.08245266006109153,-0.03866985898699119,0
2015-01-24,4,sweing,Saturday,8,0.35,15.09,1448.0,9360,23,0.0,0,0,52.0,0.34998951,0.3501148320467836,0.34998951,-0.6185344903598482,1,1,-1.0489999999974131e-05,0,1448.0,7.278628942320682,0,,0,19,4,23,0,0.0,1.0,3.1780538303479458,9.144307401371744,2.7140322727797574,3.9512437185814275,23.13187458982366,28.759636888229576,12.557265234475967,3.4459907223326707,0,0,1,sweing_team8,22,0,211260,train,0.6025819432328481,0.9449098593292397,0.8038963153447267,0.3850969565461105,0.8021783312721362,0.6643605300504916,0.9454242931941872,0.6039017093171194,1.1168209310355781,-3.7235235970913716,-0.22888618729874646,-0.028538824941726406,1.3678317129691895,1.6665776064368176,0.08245266006109153,-0.03866985898699119,0
2015-01-24,4,finishing,Saturday,9,0.6,3.94,,1440,0,0.0,0,0,8.0,0.261174242,0.26137376226566417,0.261174242,-1.0388406031278077,1,1,-0.338825758,1,0.0,0.0,0,,0,19,4,23,0,0.0,1.0,0.0,7.273092595999522,1.3711807233098425,2.0794415416798357,0.0,0.0,0.0,2.030456852791878,0,1,0,finishing_team9,11,0,201480,train,-0.9856129740972022,-1.1731446939116332,-0.5693857707660099,-1.0992948748235933,-1.329301807783477,-0.973454127137173,-1.168065122270806,-0.980051246628074,-0.6033955879065779,-1.2861509192422065,-0.22888618729874646,-0.028538824941726406,1.3678317129691895,1.6665776064368176,0.08245266006109153,-0.03866985898699119,0
2015-01-24,4,sweing,Saturday,9,0.6,29.12,925.0,6660,23,0.0,0,0,58.0,0.600125217,0.6000415702021721,0.600125217,0.4056383202845083,0,1,0.0001252170000000108,0,925.0,6.8308742346461795,0,,0,19,4,23,0,0.0,1.0,3.1780538303479458,8.804024902413179,3.3714252233284854,4.060443010546419,21.708886026042382,27.7363755419907,12.904306462576592,1.9917582417582418,0,0,1,sweing_team9,23,0,208140,train,0.6025819432328481,0.814614867670736,0.5541634366312982,1.1117809494117135,0.9265270070534614,0.5636081453822515,0.8702268199807673,0.647676923810132,-0.6504237738035172,-1.2861509192422065,-0.22888618729874646,-0.028538824941726406,1.3678317129691895,1.6665776064368176,0.08245266006109153,-0.03866985898699119,0
2015-01-24,4,finishing,Saturday,10,0.75,3.94,,1800,0,0.0,0,0,10.0,0.937242424,0.936877142108605,0.937242424,2.6974692026683895,0,0,0.18724242400000002,1,0.0,0.0,0,,0,19,4,23,0,0.0,1.0,0.0,7.496097345175956,1.3711807233098425,2.302585092994046,0.0,0.0,0.0,2.5380710659898478,0,1,0,finishing_team10,1,0,210750,train,-0.9856129740972022,-1.1731446939116332,-0.40572287846610844,-1.0992948748235933,-1.0752012122964671,-0.973454127137173,-1.168065122270806,-0.980051246628074,0.013478634309133644,0.1762726874672926,-0.22888618729874646,-0.028538824941726406,1.3678317129691895,1.6665776064368176,0.08245266006109153,-0.03866985898699119,0
2015-01-24,4,sweing,Saturday,10,0.75,22.52,1332.0,10080,69,0.0,0,0,56.0,0.80062987,0.8003787172263993,0.80062987,1.3886630268687945,0,0,0.050629869999999966,0,1332.0,7.195187320178709,0,,0,19,4,23,0,0.0,1.0,4.248495242049359,9.218407743053941,3.1144038032714896,4.02535169073515,30.568719095433124,28.963159444437476,17.101687505663627,2.4866785079928952,0,0,1,sweing_team10,13,0,220830,train,1.1375224131296902,0.9206286507241391,0.8582784587067249,0.8276687580304326,0.8865674150869745,1.1909141773658338,0.9603807674370807,1.177127722712802,-0.048975771847696824,0.1762726874672926,-0.22888618729874646,-0.028538824941726406,1.3678317129691895,1.6665776064368176,0.08245266006109153,-0.03866985898699119,0
2015-01-24,4,finishing,Saturday,11,0.75,4.15,,1800,0,0.0,0,0,10.0,0.896022727,0.8956918809456975,0.896022727,2.1502472687015524,0,0,0.14602272699999996,1,0.0,0.0,0,,0,19,4,23,0,0.0,1.0,0.0,7.496097345175956,1.423108334242607,2.302585092994046,0.0,0.0,0.0,2.4096385542168672,0,1,0,finishing_team11,2,0,218220,train,-0.9856129740972022,-1.1731446939116332,-0.40572287846610844,-1.0418939495153812,-1.0752012122964671,-0.973454127137173,-1.168065122270806,-0.980051246628074,-0.14259797613098643,0.1762726874672926,-0.22888618729874646,-0.028538824941726406,1.3678317129691895,1.6665776064368176,0.08245266006109153,-0.03866985898699119,0
2015-01-24,4,sweing,Saturday,11,0.75,42.97,1282.0,10260,56,0.0,0,0,57.0,0.750041201,0.7498323111077695,0.750041201,1.0977181477666254,0,0,4.120100000004623e-05,0,1282.0,7.1569563646156364,0,,0,19,4,23,0,0.0,1.0,4.04305126783455,9.236105579862208,3.7605021977869035,4.04305126783455,28.935941503795803,28.935941503795803,16.346263554338563,1.326506865254829,0,0,1,sweing_team11,14,0,228480,train,1.0348542101784763,0.909503581683417,0.8712668778780183,1.5418677172961437,0.9067224814303124,1.0753080227013245,0.9583805742607727,1.081839777579017,-1.458865331956711,0.1762726874672926,-0.22888618729874646,-0.028538824941726406,1.3678317129691895,1.6665776064368176,0.08245266006109153,-0.03866985898699119,0
2015-01-24,4,finishing,Saturday,12,0.7,4.08,,1620,0,0.0,0,0,9.0,0.858585859,0.8582862885246448,0.858585859,1.8011288073096594,0,0,0.158585859,1,0.0,0.0,0,,0,19,4,23,0,0.0,1.0,0.0,7.390798521735676,1.4060969884160703,2.1972245773362196,0.0,0.0,0.0,2.2058823529411766,0,1,0,finishing_team12,3,0,122415,train,-0.9856129740972022,-1.1731446939116332,-0.48300154658262584,-1.0606983384260422,-1.1951785524965162,-0.973454127137173,-1.168065122270806,-0.980051246628074,-0.3902111140526185,-0.3112018481025408,-0.22888618729874646,-0.028538824941726406,1.3678317129691895,1.6665776064368176,0.08245266006109153,-0.03866985898699119,0
2015-01-24,4,sweing,Saturday,12,0.75,15.26,1316.0,6120,40,0.0,0,0,34.0,0.750079323,0.7498704012598163,0.750079323,1.097921214776029,0,0,7.932300000002002e-05,0,1316.0,7.183111701743281,0,,0,19,4,23,0,0.0,1.0,3.713572066704308,8.71948076085107,2.725235025856311,3.5263605246161616,26.675002967610695,25.330241548935923,13.095393941343326,2.2280471821756227,0,0,1,sweing_team12,15,0,128535,train,0.870200865542169,0.9171146896728146,0.49211660226491494,0.39748051090269754,0.31835044575563654,0.9152259567543891,0.6934047430444253,0.6717803867206463,-0.3632754778173688,0.1762726874672926,-0.22888618729874646,-0.028538824941726406,1.3678317129691895,1.6665776064368176,0.08245266006109153,-0.03866985898699119,0
2015-01-25,4,finishing,Sunday,1,0.7,3.94,,1440,0,0.0,0,0,8.0,0.970075758,0.9696830464227235,0.970075758,3.4652621817930767,0,0,0.27007575800000005,1,0.0,0.0,0,,0,20,4,24,1,0.8660254037844386,0.5000000000000001,0.0,7.273092595999522,1.3711807233098425,2.0794415416798357,0.0,0.0,0.0,2.030456852791878,0,1,0,finishing_team1,0,0,224580,train,-0.9856129740972022,-1.1731446939116332,-0.5693857707660099,-1.0992948748235933,-1.329301807783477,-0.973454127137173,-1.168065122270806,-0.980051246628074,-0.6033955879065779,-0.3112018481025408,-0.22888618729874646,1.207642908060418,0.6664451087488514,1.6665776064368176,0.08245266006109153,0.04619759153645866,0
2015-01-25,4,sweing,Sunday,1,0.7,22.94,1682.0,10530,75,0.0,0,0,58.5,0.800909609,0.8006582225263158,0.800909609,1.3904133412360262,0,0,0.10090960900000001,0,1682.0,7.428333194190806,0,,0,20,4,24,1,0.8660254037844386,0.5000000000000001,4.330733340286331,9.262078567380597,3.1328821117012247,4.069026754237811,32.17013022683778,30.226086506555205,17.621869827094763,2.5501307759372276,1,0,1,sweing_team1,12,0,235110,train,1.178619932744878,0.9884732522189914,0.8903284192784912,0.8480947314758638,0.9363015865590966,1.3042994809655633,1.0531908049442835,1.2427426723277184,0.028134102971189533,-0.3112018481025408,-0.22888618729874646,1.207642908060418,0.6664451087488514,1.6665776064368176,0.08245266006109153,0.04619759153645866,0
2015-01-25,4,finishing,Sunday,2,0.75,3.94,,1440,0,0.0,0,0,8.0,0.970075758,0.9696830464227235,0.970075758,3.4652621817930767,0,0,0.220075758,1,0.0,0.0,0,,0,20,4,24,1,0.8660254037844386,0.5000000000000001,0.0,7.273092595999522,1.3711807233098425,2.0794415416798357,0.0,0.0,0.0,2.030456852791878,0,1,0,finishing_team2,4,0,221430,train,-0.9856129740972022,-1.1731446939116332,-0.5693857707660099,-1.0992948748235933,-1.329301807783477,-0.973454127137173,-1.168065122270806,-0.980051246628074,-0.6033955879065779,0.1762726874672926,-0.22888618729874646,1.207642908060418,0.6664451087488514,1.6665776064368176,0.08245266006109153,0.04619759153645866,0
2015-01-25,4,sweing,Sunday,2,0.75,22.94,1636.0,10530,81,0.0,0,0,58.5,0.850223776,0.8499311913918128,0.850223776,1.7340614819347562,0,0,0.10022377599999999,0,1636.0,7.400620577371135,0,,0,20,4,24,1,0.8660254037844386,0.5000000000000001,4.406719247264253,9.262078567380597,3.1328821117012247,4.069026754237811,32.61245714000127,30.113323127286023,17.931058515532953,2.5501307759372276,1,0,1,sweing_team2,16,0,231960,train,1.2165929935214597,0.9804089815023131,0.8903284192784912,0.8480947314758638,0.9363015865590966,1.335617716711422,1.0449040449457587,1.2817432292046973,0.028134102971189533,0.1762726874672926,-0.22888618729874646,1.207642908060418,0.6664451087488514,1.6665776064368176,0.08245266006109153,0.04619759153645866,0
2015-01-25,4,finishing,Sunday,3,0.75,3.94,,1620,0,0.0,0,0,9.0,0.961784512,0.9613987271111111,0.961784512,3.215103979140722,0,0,0.21178451200000004,1,0.0,0.0,0,,0,20,4,24,1,0.8660254037844386,0.5000000000000001,0.0,7.390798521735676,1.3711807233098425,2.1972245773362196,0.0,0.0,0.0,2.284263959390863,0,1,0,finishing_team3,5,0,205380,train,-0.9856129740972022,-1.1731446939116332,-0.48300154658262584,-1.0992948748235933,-1.1951785524965162,-0.973454127137173,-1.168065122270806,-0.980051246628074,-0.2949584767987221,0.1762726874672926,-0.22888618729874646,1.207642908060418,0.6664451087488514,1.6665776064368176,0.08245266006109153,0.04619759153645866,0
2015-01-25,4,sweing,Sunday,3,0.75,22.52,1495.0,10350,55,0.0,0,0,57.5,0.800513307,0.8002622516056809,0.800513307,1.3879342403870332,0,0,0.05051330700000001,0,1495.0,7.310550158534422,0,,0,20,4,24,1,0.8660254037844386,0.5000000000000001,4.02535169073515,9.24483841238375,3.1144038032714896,4.051784947803305,29.42753544086065,29.620777092510835,16.309859390135262,2.5532859680284195,0,0,1,sweing_team3,17,0,215730,train,1.0260090552853378,0.9541988171648814,0.8776758921870157,0.8276687580304326,0.9166677981010531,1.1101145297305302,1.0087078010511545,1.0772478156811174,0.03196842560556396,0.1762726874672926,-0.22888618729874646,1.207642908060418,0.6664451087488514,1.6665776064368176,0.08245266006109153,0.04619759153645866,0
2015-01-25,4,finishing,Sunday,4,0.75,4.3,,2160,0,0.0,0,0,12.0,0.952020202,0.9516425744294069,0.952020202,2.979569727621808,0,0,0.20202020200000004,1,0.0,0.0,0,,0,20,4,24,1,0.8660254037844386,0.5000000000000001,0.0,7.6783263565068856,1.4586150226995167,2.4849066497880004,0.0,0.0,0.0,2.7906976744186047,0,1,0,finishing_team4,6,0,274590,train,-0.9856129740972022,-1.1731446939116332,-0.2719852465748004,-1.0026447575066062,-0.8675859087010354,-0.973454127137173,-1.168065122270806,-0.980051246628074,0.32048115420253415,0.1762726874672926,-0.22888618729874646,1.207642908060418,0.6664451087488514,1.6665776064368176,0.08245266006109153,0.04619759153645866,0
2015-01-25,4,sweing,Sunday,4,0.75,22.52,867.0,10260,94,0.0,0,0,57.0,0.900321106,0.8999866689857978,0.900321106,2.1970764637315003,0,0,0.15032110600000004,0,867.0,6.7661917146603505,0,,0,20,4,24,1,0.8660254037844386,0.5000000000000001,4.553876891600541,9.236105579862208,3.1144038032714896,4.04305126783455,30.81240409353081,27.35605999036916,18.411557740148027,2.5310834813499112,1,0,1,sweing_team4,18,0,284850,train,1.2901332905892304,0.7957924895749792,0.8712668778780183,0.8276687580304326,0.9067224814303124,1.2081678962579774,0.8422781745923473,1.3423526177098353,0.004987026454476854,0.1762726874672926,-0.22888618729874646,1.207642908060418,0.6664451087488514,1.6665776064368176,0.08245266006109153,0.04619759153645866,0
2015-01-25,4,finishing,Sunday,5,0.7,4.15,,3060,0,0.0,0,0,17.0,0.973796791,0.9734009707903091,0.973796791,3.5999213754724693,0,0,0.2737967910000001,1,0.0,0.0,0,,0,20,4,24,1,0.8660254037844386,0.5000000000000001,0.0,8.026496938945412,1.423108334242607,2.833213344056216,0.0,0.0,0.0,4.096385542168674,0,1,0,finishing_team5,7,0,217200,train,-0.9856129740972022,-1.1731446939116332,-0.0164633137636399,-1.0418939495153812,-0.4709580971222859,-0.973454127137173,-1.168065122270806,-0.980051246628074,1.9072081743159188,-0.3112018481025408,-0.22888618729874646,1.207642908060418,0.6664451087488514,1.6665776064368176,0.08245266006109153,0.04619759153645866,0
2015-01-25,4,sweing,Sunday,5,0.7,20.4,1217.0,10440,50,0.0,0,0,58.0,0.700250784,0.7000834901119465,0.700250784,0.8476954639692984,0,0,0.0002507840000000039,0,1217.0,7.1049654482698426,0,,0,20,4,24,1,0.8660254037844386,0.5000000000000001,3.9318256327243257,9.25349564229011,3.0155349008501706,4.060443010546419,27.935485269128048,28.849307294601086,15.964953909082741,2.843137254901961,0,0,1,sweing_team5,19,0,227640,train,0.9792705109119583,0.8943744140934747,0.8840294218361046,0.7183787987727416,0.9265270070534614,1.0044723505360225,0.9520139958209333,1.0337420008373779,0.3842079462877916,-0.3112018481025408,-0.22888618729874646,1.207642908060418,0.6664451087488514,1.6665776064368176,0.08245266006109153,0.04619759153645866,0
2015-01-25,4,sweing,Sunday,6,0.8,11.61,1181.0,5760,63,0.0,0,0,32.0,0.800386364,0.8001354146566415,0.800386364,1.3871409177172653,0,0,0.0003863639999999169,0,1181.0,7.074963197966044,0,,0,20,4,24,1,0.8660254037844386,0.5000000000000001,4.1588830833596715,8.658866349732383,2.4518667957098,3.4657359027997265,29.42394475941322,24.519953966177688,14.413590417546041,2.756244616709733,0,0,1,sweing_team6,20,0,136995,train,1.0927397937785401,0.8856438683592431,0.4476317656173736,0.09529851025962122,0.2493152779723679,1.109860297386279,0.6338582947948255,0.8380555402680391,0.2786123439436213,0.663747223037126,-0.22888618729874646,1.207642908060418,0.6664451087488514,1.6665776064368176,0.08245266006109153,0.04619759153645866,0
2015-01-25,4,finishing,Sunday,7,0.65,3.94,,2520,0,0.0,0,0,14.0,0.749188312,0.7489801346299081,0.749188312,1.0931803797412478,0,0,0.099188312,1,0.0,0.0,0,,0,20,4,24,1,0.8660254037844386,0.5000000000000001,0.0,7.83241092718792,1.3711807233098425,2.6390573296152584,0.0,0.0,0.0,3.553299492385787,0,1,0,finishing_team7,9,0,220320,train,-0.9856129740972022,-1.1731446939116332,-0.1589027826829887,-1.0992948748235933,-0.692049670668871,-0.973454127137173,-1.168065122270806,-0.980051246628074,1.2472270787405562,-0.7986763836723731,-0.22888618729874646,1.207642908060418,0.6664451087488514,1.6665776064368176,0.08245266006109153,0.04619759153645866,0
2015-01-25,4,sweing,Sunday,7,0.7,22.52,360.0,10170,40,0.0,0,0,56.5,0.7005417,0.7003741630743526,0.7005417,0.8490802249224684,0,0,0.0005417000000000893,0,360.0,5.8888779583328805,0,,0,20,4,24,1,0.8660254037844386,0.5000000000000001,3.713572066704308,9.227295812625597,3.1144038032714896,4.034240638152395,21.868772690295682,23.757150772626414,14.981443344206097,2.5088809946714035,0,0,1,sweing_team7,21,0,230490,train,0.870200865542169,0.5404973768641239,0.8648014012827553,0.8276687580304326,0.8966895396954262,0.5749286599037204,0.5778013813532887,0.9096835822764119,-0.021994372696609716,-0.3112018481025408,-0.22888618729874646,1.207642908060418,0.6664451087488514,1.6665776064368176,0.08245266006109153,0.04619759153645866,0
2015-01-25,4,finishing,Sunday,8,0.8,2.9,,720,0,0.0,0,0,4.0,0.329545455,0.3296878564578112,0.329545455,-0.7095971724747927,1,1,-0.47045454500000006,1,0.0,0.0,0,,0,20,4,24,1,0.8660254037844386,0.5000000000000001,0.0,6.580639137284949,1.0647107369924282,1.3862943611198906,0.0,0.0,0.0,1.3793103448275863,0,1,0,finishing_team8,10,0,211980,train,-0.9856129740972022,-1.1731446939116332,-1.0775764539457442,-1.4380676486489155,-2.1186103506613994,-0.973454127137173,-1.168065122270806,-0.980051246628074,-1.3946963143350073,0.663747223037126,-0.22888618729874646,1.207642908060418,0.6664451087488514,1.6665776064368176,0.08245266006109153,0.04619759153645866,0
2015-01-25,4,sweing,Sunday,8,0.5,15.09,1557.0,720,23,0.0,0,0,52.0,0.500061916,0.5000618642740184,0.500061916,0.0002474570973365198,0,1,6.191600000005071e-05,0,1557.0,7.351158226430694,0,,0,20,4,24,1,0.8660254037844386,0.5000000000000001,3.1780538303479458,6.580639137284949,2.7140322727797574,3.9512437185814275,23.362376559001877,29.046217766482467,12.557265234475967,3.4459907223326707,0,0,1,sweing_team8,22,0,212700,train,0.6025819432328481,0.9660156172501169,-1.0775764539457442,0.3850969565461105,0.8021783312721362,0.6806808460786955,0.966484560930392,0.6039017093171194,1.1168209310355781,-2.2610999903818723,-0.22888618729874646,1.207642908060418,0.6664451087488514,1.6665776064368176,0.08245266006109153,0.04619759153645866,0
2015-01-25,4,sweing,Sunday,9,0.65,29.12,1086.0,10440,26,0.0,0,0,58.0,0.650407524,0.6502818702623225,0.650407524,0.6202784290361607,0,1,0.00040752399999999245,0,1086.0,6.99117688712121,0,,0,20,4,24,1,0.8660254037844386,0.5000000000000001,3.295836866004329,9.25349564229011,3.3714252233284854,4.060443010546419,23.04177852133147,28.38727532680499,13.382557766468492,1.9917582417582418,0,0,1,sweing_team9,23,0,218580,train,0.6614426260793346,0.8612623565950819,0.8840294218361046,1.1117809494117135,0.9265270070534614,0.6579814248483385,0.9180601709747245,0.7080027632615777,-0.6504237738035172,-0.7986763836723731,-0.22888618729874646,1.207642908060418,0.6664451087488514,1.6665776064368176,0.08245266006109153,0.04619759153645866,0
2015-01-25,4,finishing,Sunday,10,0.75,3.94,,3420,0,0.0,0,0,19.0,0.955151515,0.9547712714619883,0.955151515,3.0497393334095966,0,0,0.20515151499999995,1,0.0,0.0,0,,0,20,4,24,1,0.8660254037844386,0.5000000000000001,0.0,8.137688184977605,1.3711807233098425,2.9444389791664403,0.0,0.0,0.0,4.822335025380711,0,1,0,finishing_team10,1,0,224250,train,-0.9856129740972022,-1.1731446939116332,0.06513979554799705,-1.0992948748235933,-0.34430196053005174,-0.973454127137173,-1.168065122270806,-0.980051246628074,2.7894126342798344,0.1762726874672926,-0.22888618729874646,1.207642908060418,0.6664451087488514,1.6665776064368176,0.08245266006109153,0.04619759153645866,0
2015-01-25,4,sweing,Sunday,10,0.75,22.52,1413.0,10080,69,0.0,0,0,56.0,0.800020563,0.7997699192548037,0.800020563,1.3848569763046459,0,0,0.05002056300000002,0,1413.0,7.254177846456518,0,,0,20,4,24,1,0.8660254037844386,0.5000000000000001,4.248495242049359,9.218407743053941,3.1144038032714896,4.02535169073515,30.819340065650383,29.20061705912721,17.101687505663627,2.4866785079928952,0,0,1,sweing_team10,13,0,234330,train,1.1375224131296902,0.9377946793499852,0.8582784587067249,0.8276687580304326,0.8865674150869745,1.208658986452815,0.9778310626970225,1.177127722712802,-0.048975771847696824,0.1762726874672926,-0.22888618729874646,1.207642908060418,0.6664451087488514,1.6665776064368176,0.08245266006109153,0.04619759153645866,0
2015-01-25,4,sweing,Sunday,11,0.75,42.97,532.0,10260,40,0.0,0,0,57.0,0.59114168,0.591065538245614,0.59114168,0.3683720020807968,1,1,-0.15885832,0,532.0,6.278521424165844,0,,0,20,4,24,1,0.8660254037844386,0.5000000000000001,3.713572066704308,9.236105579862208,3.7605021977869035,4.04305126783455,23.31574178098683,25.384384004100102,15.014162252483823,1.326506865254829,0,0,1,sweing_team11,14,0,238740,train,0.870200865542169,0.6538822084701892,0.8712668778780183,1.5418677172961437,0.9067224814303124,0.6773789466726985,0.6973835660859503,0.9138106920024626,-1.458865331956711,0.1762726874672926,-0.22888618729874646,1.207642908060418,0.6664451087488514,1.6665776064368176,0.08245266006109153,0.04619759153645866,0
2015-01-25,4,finishing,Sunday,12,0.7,4.08,,1620,0,0.0,0,0,9.0,0.618181818,0.6180830863224729,0.618181818,0.481419810821122,1,1,-0.0818181819999999,1,0.0,0.0,0,,0,20,4,24,1,0.8660254037844386,0.5000000000000001,0.0,7.390798521735676,1.4060969884160703,2.1972245773362196,0.0,0.0,0.0,2.2058823529411766,0,1,0,finishing_team12,3,0,130155,train,-0.9856129740972022,-1.1731446939116332,-0.48300154658262584,-1.0606983384260422,-1.1951785524965162,-0.973454127137173,-1.168065122270806,-0.980051246628074,-0.3902111140526185,-0.3112018481025408,-0.22888618729874646,1.207642908060418,0.6664451087488514,1.6665776064368176,0.08245266006109153,0.04619759153645866,0
2015-01-25,4,sweing,Sunday,12,0.7,15.26,1296.0,6120,40,0.0,0,0,34.0,0.70043672,0.7002692707769425,0.70043672,0.8485804312711388,0,0,0.00043672000000005706,0,1296.0,7.167809184316444,0,,0,20,4,24,1,0.8660254037844386,0.5000000000000001,3.713572066704308,8.71948076085107,2.725235025856311,3.5263605246161616,26.618175966344136,25.276279355554678,13.095393941343326,2.2280471821756227,0,0,1,sweing_team12,15,0,136275,train,0.870200865542169,0.912661712749715,0.49211660226491494,0.39748051090269754,0.31835044575563654,0.9112024136024071,0.6894391670884502,0.6717803867206463,-0.3632754778173688,-0.3112018481025408,-0.22888618729874646,1.207642908060418,0.6664451087488514,1.6665776064368176,0.08245266006109153,0.04619759153645866,0
2015-01-26,4,finishing,Monday,1,0.7,3.94,,1800,0,0.0,0,0,10.0,0.910378788,0.910035948578112,0.910378788,2.3140739407709208,0,0,0.2103787880000001,1,0.0,0.0,0,,0,21,4,25,2,0.8660254037844387,-0.4999999999999998,0.0,7.496097345175956,1.3711807233098425,2.302585092994046,0.0,0.0,0.0,2.5380710659898478,0,1,0,finishing_team1,0,0,236910,train,-0.9856129740972022,-1.1731446939116332,-0.40572287846610844,-1.0992948748235933,-1.0752012122964671,-0.973454127137173,-1.168065122270806,-0.980051246628074,0.013478634309133644,-0.3112018481025408,-0.22888618729874646,1.207642908060418,-0.7363280996918251,1.6665776064368176,0.08245266006109153,0.13106504205990852,0
2015-01-26,4,sweing,Monday,1,0.7,22.94,1745.0,10440,60,0.0,0,0,58.0,0.800023511,0.79977286479198,0.800023511,1.3848753701493324,0,0,0.10002351100000006,0,1745.0,7.465082736399547,0,,0,21,4,25,2,0.8660254037844387,-0.4999999999999998,4.110873864173311,9.25349564229011,3.1328821117012247,4.060443010546419,30.688013514956285,30.31154302016428,16.69196904902047,2.528334786399302,0,0,1,sweing_team1,12,0,247350,train,1.0687477527474374,0.9991672353608116,0.8840294218361046,0.8480947314758638,0.9265270070534614,1.1993606241964627,1.059470836840974,1.125446504837156,0.0016466963067394112,-0.3112018481025408,-0.22888618729874646,1.207642908060418,-0.7363280996918251,1.6665776064368176,0.08245266006109153,0.13106504205990852,0
2015-01-26,4,finishing,Monday,2,0.75,3.94,,1800,0,0.0,0,0,10.0,0.910378788,0.910035948578112,0.910378788,2.3140739407709208,0,0,0.16037878800000005,1,0.0,0.0,0,,0,21,4,25,2,0.8660254037844387,-0.4999999999999998,0.0,7.496097345175956,1.3711807233098425,2.302585092994046,0.0,0.0,0.0,2.5380710659898478,0,1,0,finishing_team2,4,0,233760,train,-0.9856129740972022,-1.1731446939116332,-0.40572287846610844,-1.0992948748235933,-1.0752012122964671,-0.973454127137173,-1.168065122270806,-0.980051246628074,0.013478634309133644,0.1762726874672926,-0.22888618729874646,1.207642908060418,-0.7363280996918251,1.6665776064368176,0.08245266006109153,0.13106504205990852,0
2015-01-26,4,sweing,Monday,2,0.75,22.94,1764.0,10260,55,0.0,0,0,57.0,0.800034024,0.7997833690091897,0.800034024,1.384940966946512,0,0,0.05003402400000001,0,1764.0,7.475905969367397,0,,0,21,4,25,2,0.8660254037844387,-0.4999999999999998,4.02535169073515,9.236105579862208,3.1328821117012247,4.04305126783455,30.09315073357005,30.225471107662738,16.274703256706697,2.4847428073234523,0,0,1,sweing_team2,16,0,244020,train,1.0260090552853378,1.0023167567954119,0.8712668778780183,0.8480947314758638,0.9067224814303124,1.1572423350545007,1.0531455804843721,1.0728132783496216,-0.05132811702215975,0.1762726874672926,-0.22888618729874646,1.207642908060418,-0.7363280996918251,1.6665776064368176,0.08245266006109153,0.13106504205990852,0
2015-01-26,4,finishing,Monday,3,0.75,3.94,,1800,0,0.0,0,0,10.0,1.059621212,0.9995822890559732,0.999,7.780303087908306,0,0,0.3096212119999999,1,0.0,0.0,0,,0,21,4,25,2,0.8660254037844387,-0.4999999999999998,0.0,7.496097345175956,1.3711807233098425,2.302585092994046,0.0,0.0,0.0,2.5380710659898478,0,1,0,finishing_team3,5,0,217530,train,-0.9856129740972022,-1.1731446939116332,-0.40572287846610844,-1.0992948748235933,-1.0752012122964671,-0.973454127137173,-1.168065122270806,-0.980051246628074,0.013478634309133644,0.1762726874672926,-0.22888618729874646,1.207642908060418,-0.7363280996918251,1.6665776064368176,0.08245266006109153,0.13106504205990852,0
2015-01-26,4,sweing,Monday,3,0.75,22.52,1584.0,10260,69,0.0,0,0,57.0,0.80035194,0.8001010194152046,0.80035194,1.3869258520974934,0,0,0.050351939999999984,0,1584.0,7.368339686311381,0,,0,21,4,25,2,0.8660254037844387,-0.4999999999999998,4.248495242049359,9.236105579862208,3.1144038032714896,4.04305126783455,31.30435609909737,29.79057511057686,17.176884074756718,2.5310834813499112,0,0,1,sweing_team3,17,0,227790,train,1.1375224131296902,0.9710153595944507,0.8712668778780183,0.8276687580304326,0.9067224814303124,1.2429997557435133,1.0211859250046718,1.1866128952936064,0.004987026454476854,0.1762726874672926,-0.22888618729874646,1.207642908060418,-0.7363280996918251,1.6665776064368176,0.08245266006109153,0.13106504205990852,0
2015-01-26,4,finishing,Monday,4,0.75,4.3,,2160,0,0.0,0,0,12.0,0.963699495,0.9633121102923976,0.963699495,3.2679307414717176,0,0,0.21369949499999996,1,0.0,0.0,0,,0,21,4,25,2,0.8660254037844387,-0.4999999999999998,0.0,7.6783263565068856,1.4586150226995167,2.4849066497880004,0.0,0.0,0.0,2.7906976744186047,0,1,0,finishing_team4,6,0,287010,train,-0.9856129740972022,-1.1731446939116332,-0.2719852465748004,-1.0026447575066062,-0.8675859087010354,-0.973454127137173,-1.168065122270806,-0.980051246628074,0.32048115420253415,0.1762726874672926,-0.22888618729874646,1.207642908060418,-0.7363280996918251,1.6665776064368176,0.08245266006109153,0.13106504205990852,0
2015-01-26,4,sweing,Monday,4,0.8,22.52,1016.0,10170,60,0.0,0,0,56.5,0.850312684,0.8500200251161236,0.850312684,1.734758123756923,0,0,0.050312683999999996,0,1016.0,6.92461239604856,0,,0,21,4,25,2,0.8660254037844387,-0.4999999999999998,4.110873864173311,9.227295812625597,3.1144038032714896,4.034240638152395,28.466208118446556,27.93555273159293,16.584254401166543,2.5088809946714035,0,0,1,sweing_team4,18,0,297180,train,1.0687477527474374,0.8418923317569101,0.8648014012827553,0.8276687580304326,0.8966895396954262,1.0420493163864533,0.8848639617382373,1.111859554838011,-0.021994372696609716,0.663747223037126,-0.22888618729874646,1.207642908060418,-0.7363280996918251,1.6665776064368176,0.08245266006109153,0.13106504205990852,0
2015-01-26,4,finishing,Monday,5,0.7,4.15,,2700,0,0.0,0,0,15.0,0.959191919,0.95880830002005,0.959191919,3.1474543799348194,0,0,0.25919191900000005,1,0.0,0.0,0,,0,21,4,25,2,0.8660254037844387,-0.4999999999999998,0.0,7.901377353792616,1.423108334242607,2.70805020110221,0.0,0.0,0.0,3.614457831325301,0,1,0,finishing_team5,7,0,230340,train,-0.9856129740972022,-1.1731446939116332,-0.10828841284827576,-1.0418939495153812,-0.6134853132140259,-0.973454127137173,-1.168065122270806,-0.980051246628074,1.3215492741882318,-0.3112018481025408,-0.22888618729874646,1.207642908060418,-0.7363280996918251,1.6665776064368176,0.08245266006109153,0.13106504205990852,0
2015-01-26,4,sweing,Monday,5,0.75,20.4,1118.0,10320,56,0.0,0,0,58.0,0.750031447,0.7498225652564745,0.750031447,1.0976661937921888,0,0,3.1447000000017766e-05,0,1118.0,7.020190708311925,0,,0,21,4,25,2,0.8660254037844387,-0.4999999999999998,4.04305126783455,9.241935933565934,3.0155349008501706,4.060443010546419,28.38299094368086,28.50508429426807,16.416579261759637,2.843137254901961,0,0,1,sweing_team5,19,0,240660,train,1.0348542101784763,0.8697052730518614,0.8755457667976807,0.7183787987727416,0.9265270070534614,1.036157260036599,0.9267177213724481,1.0907092862291332,0.3842079462877916,0.1762726874672926,-0.22888618729874646,1.207642908060418,-0.7363280996918251,1.6665776064368176,0.08245266006109153,0.13106504205990852,0
2015-01-26,4,sweing,Monday,6,0.8,11.61,1072.0,5760,50,0.0,0,0,32.0,0.800386364,0.8001354146566415,0.800386364,1.3871409177172653,0,0,0.0003863639999999169,0,1072.0,6.9782137426306985,0,,0,21,4,25,2,0.8660254037844387,-0.4999999999999998,3.9318256327243257,8.658866349732383,2.4518667957098,3.4657359027997265,27.437119663904532,24.184645905245663,13.626669258880947,2.756244616709733,0,0,1,sweing_team6,20,0,142755,train,0.9792705109119583,0.857490128689246,0.4476317656173736,0.09529851025962122,0.2493152779723679,0.9691863865859863,0.6092171617911623,0.7387945887719063,0.2786123439436213,0.663747223037126,-0.22888618729874646,1.207642908060418,-0.7363280996918251,1.6665776064368176,0.08245266006109153,0.13106504205990852,0
2015-01-26,4,finishing,Monday,7,0.65,3.94,,1440,0,0.0,0,0,8.0,0.646306818,0.6461845900818713,0.646306818,0.6023098698996477,1,1,-0.003693182000000017,1,0.0,0.0,0,,0,21,4,25,2,0.8660254037844387,-0.4999999999999998,0.0,7.273092595999522,1.3711807233098425,2.0794415416798357,0.0,0.0,0.0,2.030456852791878,0,1,0,finishing_team7,9,0,231930,train,-0.9856129740972022,-1.1731446939116332,-0.5693857707660099,-1.0992948748235933,-1.329301807783477,-0.973454127137173,-1.168065122270806,-0.980051246628074,-0.6033955879065779,-0.7986763836723731,-0.22888618729874646,1.207642908060418,-0.7363280996918251,1.6665776064368176,0.08245266006109153,0.13106504205990852,0
2015-01-26,4,sweing,Monday,8,0.6,15.09,1519.0,360,23,0.0,0,0,52.0,0.600143365,0.6000597030409357,0.600143365,0.4057138769684533,0,1,0.0001433650000000064,0,1519.0,7.326465613840322,0,,0,21,4,25,2,0.8660254037844387,-0.4999999999999998,3.1780538303479458,5.8888779583328805,2.7140322727797574,3.9512437185814275,23.28390210697775,28.948651236089397,12.557265234475967,3.4459907223326707,0,0,1,sweing_team8,22,0,213060,train,0.6025819432328481,0.9588301567818197,-1.5852590739177195,0.3850969565461105,0.8021783312721362,0.6751245904781905,0.9593145876066401,0.6039017093171194,1.1168209310355781,-1.2861509192422065,-0.22888618729874646,1.207642908060418,-0.7363280996918251,1.6665776064368176,0.08245266006109153,0.13106504205990852,0
2015-01-26,4,sweing,Monday,9,0.7,29.12,1143.0,10440,40,0.0,0,0,58.0,0.70061442,0.7004468223224728,0.70061442,0.8494264923645606,0,0,0.0006144200000000044,0,1143.0,7.042286171939743,0,,0,21,4,25,2,0.8660254037844387,-0.4999999999999998,3.713572066704308,9.25349564229011,3.3714252233284854,4.060443010546419,26.15203721385344,28.59480166512043,15.078747742409927,1.9917582417582418,0,0,1,sweing_team9,23,0,229020,train,0.870200865542169,0.8761349726166735,0.8840294218361046,1.1117809494117135,0.9265270070534614,0.8781982194050074,0.9333108753269549,0.9219574003636714,-0.6504237738035172,-0.3112018481025408,-0.22888618729874646,1.207642908060418,-0.7363280996918251,1.6665776064368176,0.08245266006109153,0.13106504205990852,0
2015-01-26,4,finishing,Monday,10,0.75,3.94,,3780,0,0.0,0,0,21.0,0.997792208,0.9973763414937342,0.997792208,5.940558452468582,0,0,0.247792208,1,0.0,0.0,0,,0,21,4,25,2,0.8660254037844387,-0.4999999999999998,0.0,8.237743803890933,1.3711807233098425,3.044522437723423,0.0,0.0,0.0,5.32994923857868,0,1,0,finishing_team10,1,0,238110,train,-0.9856129740972022,-1.1731446939116332,0.138570482753928,-1.0992948748235933,-0.23033377158642934,-0.973454127137173,-1.168065122270806,-0.980051246628074,3.406286856495546,0.1762726874672926,-0.22888618729874646,1.207642908060418,-0.7363280996918251,1.6665776064368176,0.08245266006109153,0.13106504205990852,0
2015-01-26,4,sweing,Monday,10,0.75,22.52,1250.0,10080,55,0.0,0,0,56.0,0.800020563,0.7997699192548037,0.800020563,1.3848569763046459,0,0,0.05002056300000002,0,1250.0,7.1316985104669115,0,,0,21,4,25,2,0.8660254037844387,-0.4999999999999998,4.02535169073515,9.218407743053941,3.1144038032714896,4.02535169073515,28.70759465692133,28.70759465692133,16.203456234104326,2.4866785079928952,0,0,1,sweing_team10,13,0,248190,train,1.0260090552853378,0.9021536379771586,0.8582784587067249,0.8276687580304326,0.8865674150869745,1.0591402965932932,0.9415998114924667,1.0638262951214992,-0.048975771847696824,0.1762726874672926,-0.22888618729874646,1.207642908060418,-0.7363280996918251,1.6665776064368176,0.08245266006109153,0.13106504205990852,0
2015-01-26,4,sweing,Monday,11,0.35,28.08,749.0,10260,23,0.0,0,0,57.0,0.350066986,0.35019224332163745,0.350066986,-0.6181942898630057,0,1,6.698600000004662e-05,0,749.0,6.620073206530356,0,,0,21,4,25,2,0.8660254037844387,-0.4999999999999998,3.1780538303479458,9.236105579862208,3.3350575791576103,4.04305126783455,21.038949011197605,26.76529537082009,12.84903456803471,2.0299145299145303,0,0,1,sweing_team11,14,0,249000,train,0.6025819432328481,0.7532725350739296,0.8712668778780183,1.071580054566176,0.9067224814303124,0.5161743475702908,0.7988640391739976,0.6407050171803396,-0.6040546415627907,-3.7235235970913716,-0.22888618729874646,1.207642908060418,-0.7363280996918251,1.6665776064368176,0.08245266006109153,0.13106504205990852,0
2015-01-26,4,finishing,Monday,12,0.7,4.08,,1620,0,0.0,0,0,9.0,0.769292929,0.7690679557928154,0.769292929,1.2030558483218834,0,0,0.06929292900000006,1,0.0,0.0,0,,0,21,4,25,2,0.8660254037844387,-0.4999999999999998,0.0,7.390798521735676,1.4060969884160703,2.1972245773362196,0.0,0.0,0.0,2.2058823529411766,0,1,0,finishing_team12,3,0,137895,train,-0.9856129740972022,-1.1731446939116332,-0.48300154658262584,-1.0606983384260422,-1.1951785524965162,-0.973454127137173,-1.168065122270806,-0.980051246628074,-0.3902111140526185,-0.3112018481025408,-0.22888618729874646,1.207642908060418,-0.7363280996918251,1.6665776064368176,0.08245266006109153,0.13106504205990852,0
2015-01-26,4,sweing,Monday,12,0.7,15.26,1337.0,6120,40,0.0,0,0,34.0,0.70043672,0.7002692707769425,0.70043672,0.8485804312711388,0,0,0.00043672000000005706,0,1337.0,7.198931240688173,0,,0,21,4,25,2,0.8660254037844387,-0.4999999999999998,3.713572066704308,8.71948076085107,2.725235025856311,3.5263605246161616,26.733749965544586,25.38602694658882,13.095393941343326,2.2280471821756227,0,0,1,sweing_team12,15,0,144015,train,0.870200865542169,0.9217181179775027,0.49211660226491494,0.39748051090269754,0.31835044575563654,0.9193854421392973,0.6975043027132457,0.6717803867206463,-0.3632754778173688,-0.3112018481025408,-0.22888618729874646,1.207642908060418,-0.7363280996918251,1.6665776064368176,0.08245266006109153,0.13106504205990852,0
2015-01-27,4,finishing,Tuesday,1,0.75,3.94,,1200,0,0.0,0,0,10.0,0.77815,0.777917627401838,0.77815,1.2535722804068983,0,0,0.02815000000000001,1,0.0,0.0,0,,0,22,4,26,3,1.2246467991473532e-16,-1.0,0.0,7.0909098220799835,1.3711807233098425,2.302585092994046,0.0,0.0,0.0,2.5380710659898478,0,1,0,finishing_team1,0,0,248550,train,-0.9856129740972022,-1.1731446939116332,-0.7030894690818731,-1.0992948748235933,-1.0752012122964671,-0.973454127137173,-1.168065122270806,-0.980051246628074,0.013478634309133644,0.1762726874672926,-0.22888618729874646,-0.028538824941726233,-1.4377147039121636,1.6665776064368176,0.08245266006109153,0.21593249258335837,0
2015-01-27,4,sweing,Tuesday,1,0.75,22.94,1871.0,6960,55,0.0,0,0,58.0,0.800263218,0.8000123715355054,0.800263218,1.3863716850104917,0,0,0.050263218,0,1871.0,7.534762657037537,0,,0,22,4,26,3,1.2246467991473532e-16,-1.0,4.02535169073515,8.848078421168667,3.1328821117012247,4.060443010546419,30.33006960079412,30.594474366894232,16.34471113763675,2.528334786399302,0,0,1,sweing_team1,12,0,255510,train,1.0260090552853378,1.0194438388731348,0.5864942561413656,0.8480947314758638,0.9265270070534614,1.1740169890842518,1.0802629076498285,1.0816439582682211,0.0016466963067394112,0.1762726874672926,-0.22888618729874646,-0.028538824941726233,-1.4377147039121636,1.6665776064368176,0.08245266006109153,0.21593249258335837,0
2015-01-27,4,finishing,Tuesday,2,0.75,3.94,,1200,0,0.0,0,0,10.0,0.788,0.7877593984962407,0.788,1.3114721674780874,0,0,0.038000000000000034,1,0.0,0.0,0,,0,22,4,26,3,1.2246467991473532e-16,-1.0,0.0,7.0909098220799835,1.3711807233098425,2.302585092994046,0.0,0.0,0.0,2.5380710659898478,0,1,0,finishing_team2,4,0,245220,train,-0.9856129740972022,-1.1731446939116332,-0.7030894690818731,-1.0992948748235933,-1.0752012122964671,-0.973454127137173,-1.168065122270806,-0.980051246628074,0.013478634309133644,0.1762726874672926,-0.22888618729874646,-0.028538824941726233,-1.4377147039121636,1.6665776064368176,0.08245266006109153,0.21593249258335837,0
2015-01-27,4,sweing,Tuesday,2,0.75,22.52,1635.0,6840,119,0.0,0,0,57.0,1.000230409,0.9995822890559732,0.999,7.780303087908306,0,0,0.25023040900000004,0,1635.0,7.400009517162692,0,,0,22,4,26,3,1.2246467991473532e-16,-1.0,4.787491742782046,8.830689198760998,3.1144038032714896,4.04305126783455,35.42748445992494,29.91861786035236,19.35607456040239,2.5310834813499112,1,0,1,sweing_team2,16,0,252060,train,1.4068795570357813,0.9802311652037968,0.5737323286730242,0.8276687580304326,0.9067224814303124,1.5349311353905541,1.0305955360310302,1.461492428922423,0.004987026454476854,0.1762726874672926,-0.22888618729874646,-0.028538824941726233,-1.4377147039121636,1.6665776064368176,0.08245266006109153,0.21593249258335837,0
2015-01-27,4,finishing,Tuesday,3,0.75,3.94,,1440,0,0.0,0,0,12.0,0.861875,0.8615726817042607,0.861875,1.8284140086328207,0,0,0.11187499999999995,1,0.0,0.0,0,,0,22,4,26,3,1.2246467991473532e-16,-1.0,0.0,7.273092595999522,1.3711807233098425,2.4849066497880004,0.0,0.0,0.0,3.0456852791878175,0,1,0,finishing_team3,5,0,229230,train,-0.9856129740972022,-1.1731446939116332,-0.5693857707660099,-1.0992948748235933,-0.8675859087010354,-0.973454127137173,-1.168065122270806,-0.980051246628074,0.6303528565248452,0.1762726874672926,-0.22888618729874646,-0.028538824941726233,-1.4377147039121636,1.6665776064368176,0.08245266006109153,0.21593249258335837,0
2015-01-27,4,sweing,Tuesday,3,0.75,22.52,1299.0,6840,119,0.0,0,0,57.0,1.000230409,0.9995822890559732,0.999,7.780303087908306,0,0,0.25023040900000004,0,1299.0,7.170119543449628,0,,0,22,4,26,3,1.2246467991473532e-16,-1.0,4.787491742782046,8.830689198760998,3.1144038032714896,4.04305126783455,34.32688810902527,28.989160910669305,19.35607456040239,2.5310834813499112,1,0,1,sweing_team3,17,0,236070,train,1.4068795570357813,0.9133340188557743,0.5737323286730242,0.8276687580304326,0.9067224814303124,1.4570052056025835,0.962291564290362,1.461492428922423,0.004987026454476854,0.1762726874672926,-0.22888618729874646,-0.028538824941726233,-1.4377147039121636,1.6665776064368176,0.08245266006109153,0.21593249258335837,0
2015-01-27,4,finishing,Tuesday,4,0.8,4.3,,1440,0,0.0,0,0,12.0,0.940625,0.9402568922305764,0.940625,2.756099294515432,0,0,0.140625,1,0.0,0.0,0,,0,22,4,26,3,1.2246467991473532e-16,-1.0,0.0,7.273092595999522,1.4586150226995167,2.4849066497880004,0.0,0.0,0.0,2.7906976744186047,0,1,0,finishing_team4,6,0,298620,train,-0.9856129740972022,-1.1731446939116332,-0.5693857707660099,-1.0026447575066062,-0.8675859087010354,-0.973454127137173,-1.168065122270806,-0.980051246628074,0.32048115420253415,0.663747223037126,-0.22888618729874646,-0.028538824941726233,-1.4377147039121636,1.6665776064368176,0.08245266006109153,0.21593249258335837,0
2015-01-27,4,sweing,Tuesday,4,0.8,22.52,1106.0,6780,60,0.0,0,0,56.5,0.850312684,0.8500200251161236,0.850312684,1.734758123756923,0,0,0.050312683999999996,0,1106.0,7.009408932708637,0,,0,22,4,26,3,1.2246467991473532e-16,-1.0,4.110873864173311,8.821879862683842,3.1144038032714896,4.034240638152395,28.814795984774882,28.277642365761594,16.584254401166543,2.5088809946714035,0,0,1,sweing_team4,18,0,305400,train,1.0687477527474374,0.8665678155595875,0.5672671685051183,0.8276687580304326,0.8966895396954262,1.0667305117895043,0.910003459283551,1.111859554838011,-0.021994372696609716,0.663747223037126,-0.22888618729874646,-0.028538824941726233,-1.4377147039121636,1.6665776064368176,0.08245266006109153,0.21593249258335837,0
2015-01-27,4,finishing,Tuesday,5,0.5,4.15,,1440,0,0.0,0,0,12.0,0.926388889,0.9260326743893066,0.926388889,2.5272860696485924,0,0,0.42638888900000005,1,0.0,0.0,0,,0,22,4,26,3,1.2246467991473532e-16,-1.0,0.0,7.273092595999522,1.423108334242607,2.4849066497880004,0.0,0.0,0.0,2.8915662650602405,0,1,0,finishing_team5,7,0,242100,train,-0.9856129740972022,-1.1731446939116332,-0.5693857707660099,-1.0418939495153812,-0.8675859087010354,-0.973454127137173,-1.168065122270806,-0.980051246628074,0.44306092399670066,-2.2610999903818723,-0.22888618729874646,-0.028538824941726233,-1.4377147039121636,1.6665776064368176,0.08245266006109153,0.21593249258335837,0
2015-01-27,4,sweing,Tuesday,5,0.5,20.79,1455.0,6960,30,0.0,0,0,58.0,0.500035345,0.5000353154720134,0.500035345,0.00014126188828854008,0,1,3.5345000000019944e-05,0,1455.0,7.283448228756631,0,,0,22,4,26,3,1.2246467991473532e-16,-1.0,3.4339872044851463,8.848078421168667,3.0344721018699214,4.060443010546419,25.011268022080273,29.57402645313156,13.94350934275755,2.7898027898027897,0,0,1,sweing_team5,19,0,249060,train,0.7304816282848566,0.9463122541566067,0.5864942561413656,0.7393120333613457,0.9265270070534614,0.7974279171323085,1.0052721880815498,0.7787602801901629,0.3193936526373674,-2.2610999903818723,-0.22888618729874646,-0.028538824941726233,-1.4377147039121636,1.6665776064368176,0.08245266006109153,0.21593249258335837,0
2015-01-27,4,finishing,Tuesday,6,0.8,2.9,,960,0,0.0,0,0,8.0,0.6225,0.6223976608187135,0.6225,0.4997375854145776,1,1,-0.1775,1,0.0,0.0,0,,0,22,4,26,3,1.2246467991473532e-16,-1.0,0.0,6.8679744089702925,1.0647107369924282,2.0794415416798357,0.0,0.0,0.0,2.7586206896551726,0,1,0,finishing_team6,8,0,143715,train,-0.9856129740972022,-1.1731446939116332,-0.8667014757335281,-1.4380676486489155,-1.329301807783477,-0.973454127137173,-1.168065122270806,-0.980051246628074,0.28149984809940837,0.663747223037126,-0.22888618729874646,-0.028538824941726233,-1.4377147039121636,1.6665776064368176,0.08245266006109153,0.21593249258335837,0
2015-01-27,4,sweing,Tuesday,6,0.8,30.4,338.0,3840,34,0.0,0,0,32.0,0.622828125,0.6227255116959064,0.622828125,0.5011328223108584,1,1,-0.1771718750000001,0,338.0,5.82600010738045,0,,0,22,4,26,3,1.2246467991473532e-16,-1.0,3.5553480614894135,8.253488028345904,3.414442608412176,3.4657359027997265,20.713458188012197,20.191377741863487,12.32189742365327,1.0526315789473684,0,0,1,sweing_team6,20,0,147555,train,0.7911302851503994,0.5222001508943475,0.15012514838699428,1.1593324863260668,0.2493152779723679,0.493128500640632,0.31575970162845474,0.5742127975416951,-1.7916901422800007,0.663747223037126,-0.22888618729874646,-0.028538824941726233,-1.4377147039121636,1.6665776064368176,0.08245266006109153,0.21593249258335837,0
2015-01-27,4,finishing,Tuesday,7,0.5,4.15,,960,0,0.0,0,0,8.0,0.803541667,0.8032880816474519,0.803541667,1.4069730912482763,0,0,0.30354166699999996,1,0.0,0.0,0,,0,22,4,26,3,1.2246467991473532e-16,-1.0,0.0,6.8679744089702925,1.423108334242607,2.0794415416798357,0.0,0.0,0.0,1.9277108433734937,0,1,0,finishing_team7,9,0,232890,train,-0.9856129740972022,-1.1731446939116332,-0.8667014757335281,-1.0418939495153812,-1.329301807783477,-0.973454127137173,-1.168065122270806,-0.980051246628074,-0.7282568762586739,-2.2610999903818723,-0.22888618729874646,-0.028538824941726233,-1.4377147039121636,1.6665776064368176,0.08245266006109153,0.21593249258335837,0
2015-01-27,4,finishing,Tuesday,8,0.65,3.94,,960,0,0.0,0,0,8.0,0.845458333,0.8451697295472013,0.845458333,1.697207982956496,0,0,0.19545833299999993,1,0.0,0.0,0,,0,22,4,26,3,1.2246467991473532e-16,-1.0,0.0,6.8679744089702925,1.3711807233098425,2.0794415416798357,0.0,0.0,0.0,2.030456852791878,0,1,0,finishing_team8,10,0,214020,train,-0.9856129740972022,-1.1731446939116332,-0.8667014757335281,-1.0992948748235933,-1.329301807783477,-0.973454127137173,-1.168065122270806,-0.980051246628074,-0.6033955879065779,-0.7986763836723731,-0.22888618729874646,-0.028538824941726233,-1.4377147039121636,1.6665776064368176,0.08245266006109153,0.21593249258335837,0
2015-01-27,4,sweing,Tuesday,8,0.65,15.09,976.0,240,23,0.0,0,0,52.0,0.650307143,0.650181573122807,0.650307143,0.6198374276269765,0,1,0.0003071430000000097,0,976.0,6.884486652042782,0,,0,22,4,26,3,1.2246467991473532e-16,-1.0,3.1780538303479458,5.484796933490655,2.7140322727797574,3.9512437185814275,21.879269174503868,27.202284639541727,12.557265234475967,3.4459907223326707,0,0,1,sweing_team8,22,0,214260,train,0.6025819432328481,0.8302158861698217,-1.8818136069194566,0.3850969565461105,0.8021783312721362,0.5756718463505581,0.8309775250884514,0.6039017093171194,1.1168209310355781,-0.7986763836723731,-0.22888618729874646,-0.028538824941726233,-1.4377147039121636,1.6665776064368176,0.08245266006109153,0.21593249258335837,0
2015-01-27,4,sweing,Tuesday,9,0.7,29.12,1294.0,6960,50,0.0,0,0,58.0,0.700386207,0.7002187999766082,0.700386207,0.8483399822903442,0,0,0.0003862070000000273,0,1294.0,7.166265974133638,0,,0,22,4,26,3,1.2246467991473532e-16,-1.0,3.9318256327243257,8.848078421168667,3.3714252233284854,4.060443010546419,28.1765082480188,29.098214586387556,15.964953909082741,1.9917582417582418,0,0,1,sweing_team9,23,0,235980,train,0.9792705109119583,0.9122126441984532,0.5864942561413656,1.1117809494117135,0.9265270070534614,1.0215375894994037,0.9703057054369911,1.0337420008373779,-0.6504237738035172,-0.3112018481025408,-0.22888618729874646,-0.028538824941726233,-1.4377147039121636,1.6665776064368176,0.08245266006109153,0.21593249258335837,0
2015-01-27,4,finishing,Tuesday,10,0.8,3.94,,1440,0,0.0,0,0,12.0,0.979527778,0.9791271699983292,0.979527778,3.848213218629996,0,0,0.17952777799999997,1,0.0,0.0,0,,0,22,4,26,3,1.2246467991473532e-16,-1.0,0.0,7.273092595999522,1.3711807233098425,2.4849066497880004,0.0,0.0,0.0,3.0456852791878175,0,1,0,finishing_team10,1,0,249630,train,-0.9856129740972022,-1.1731446939116332,-0.5693857707660099,-1.0992948748235933,-0.8675859087010354,-0.973454127137173,-1.168065122270806,-0.980051246628074,0.6303528565248452,0.663747223037126,-0.22888618729874646,-0.028538824941726233,-1.4377147039121636,1.6665776064368176,0.08245266006109153,0.21593249258335837,0
2015-01-27,4,sweing,Tuesday,10,0.8,22.52,1134.0,6720,70,0.0,0,0,56.0,0.900129762,0.8997954848387636,0.900129762,2.19495424930865,0,0,0.10012976200000001,0,1134.0,7.034387929915503,0,,0,22,4,26,3,1.2246467991473532e-16,-1.0,4.2626798770413155,8.812992231969966,3.1144038032714896,4.02535169073515,29.98534387615313,28.3158853469723,17.15878565011096,2.4866785079928952,1,0,1,sweing_team10,13,0,256350,train,1.1446110171625363,0.8738366129098376,0.5607445480062361,0.8276687580304326,0.8865674150869745,1.149609246325045,0.9128138611088167,1.184329989527079,-0.048975771847696824,0.663747223037126,-0.22888618729874646,-0.028538824941726233,-1.4377147039121636,1.6665776064368176,0.08245266006109153,0.21593249258335837,0
2015-01-27,4,sweing,Tuesday,11,0.5,48.18,1282.0,6480,23,0.0,0,0,54.0,0.37046657,0.3705747850626566,0.37046657,-0.5297517723026929,1,1,-0.12953343,0,1282.0,7.1569563646156364,0,,0,22,4,26,3,1.2246467991473532e-16,-1.0,3.1780538303479458,8.776630098427717,3.874943997186725,3.9889840465642745,22.74519258819983,28.54898476040842,12.677206028380441,1.1207970112079702,0,0,1,sweing_team11,14,0,255480,train,0.6025819432328481,0.909503581683417,0.5340584259944958,1.6683720001138562,0.8451544323417699,0.6369821415212376,0.9299438806901822,0.6190308454383995,-1.7088526312047203,-2.2610999903818723,-0.22888618729874646,-0.028538824941726233,-1.4377147039121636,1.6665776064368176,0.08245266006109153,0.21593249258335837,0
2015-01-27,4,finishing,Tuesday,12,0.7,4.15,,1080,0,0.0,0,0,9.0,0.823555556,0.8232852506065163,0.823555556,1.5387658919497875,0,0,0.12355555600000001,1,0.0,0.0,0,,0,22,4,26,3,1.2246467991473532e-16,-1.0,0.0,6.985641817639208,1.423108334242607,2.1972245773362196,0.0,0.0,0.0,2.1686746987951806,0,1,0,finishing_team12,3,0,145095,train,-0.9856129740972022,-1.1731446939116332,-0.7803455191751631,-1.0418939495153812,-1.1951785524965162,-0.973454127137173,-1.168065122270806,-0.980051246628074,-0.43542742619483,-0.3112018481025408,-0.22888618729874646,-0.028538824941726233,-1.4377147039121636,1.6665776064368176,0.08245266006109153,0.21593249258335837,0
2015-01-27,4,sweing,Tuesday,12,0.7,15.26,1462.0,4080,40,0.0,0,0,34.0,0.700164706,0.6999974840233919,0.700164706,0.8472858795749206,0,0,0.00016470600000006996,0,1462.0,7.288244401020124,0,,0,22,4,26,3,1.2246467991473532e-16,-1.0,3.713572066704308,8.314097335405807,2.725235025856311,3.5263605246161616,27.065420822942404,25.70097734951213,13.095393941343326,2.2280471821756227,0,0,1,sweing_team12,15,0,149175,train,0.870200865542169,0.9477079228438443,0.19460623917250247,0.39748051090269754,0.31835044575563654,0.9428688563130504,0.7206493912817066,0.6717803867206463,-0.3632754778173688,-0.3112018481025408,-0.22888618729874646,-0.028538824941726233,-1.4377147039121636,1.6665776064368176,0.08245266006109153,0.21593249258335837,0
2015-01-28,4,finishing,Wednesday,1,0.75,3.94,,1200,0,0.0,0,0,10.0,0.9456,0.9452277360066833,0.9456,2.8482419546261,0,0,0.1956,1,0.0,0.0,0,,0,23,4,27,4,-0.8660254037844384,-0.5000000000000004,0.0,7.0909098220799835,1.3711807233098425,2.302585092994046,0.0,0.0,0.0,2.5380710659898478,0,1,0,finishing_team1,0,0,256710,train,-0.9856129740972022,-1.1731446939116332,-0.7030894690818731,-1.0992948748235933,-1.0752012122964671,-0.973454127137173,-1.168065122270806,-0.980051246628074,0.013478634309133644,0.1762726874672926,-0.22888618729874646,-1.2647205579438705,-0.736328099691826,1.6665776064368176,0.08245266006109153,0.3007999431068082,0
2015-01-28,4,sweing,Wednesday,1,0.75,22.94,1868.0,6960,81,0.0,0,0,58.0,0.850362069,0.8500693688588137,0.850362069,1.7351452285062192,0,0,0.100362069,0,1868.0,7.533158807455563,0,,0,23,4,27,4,-0.8660254037844384,-0.5000000000000004,4.406719247264253,8.848078421168667,3.1328821117012247,4.060443010546419,33.19651590951266,30.58796202706914,17.893232366994514,2.528334786399302,1,0,1,sweing_team1,12,0,263670,train,1.2165929935214597,1.0189771244772323,0.5864942561413656,0.8480947314758638,0.9265270070534614,1.3769710454116209,1.079784328544545,1.2769719005220008,0.0016466963067394112,0.1762726874672926,-0.22888618729874646,-1.2647205579438705,-0.736328099691826,1.6665776064368176,0.08245266006109153,0.3007999431068082,0
2015-01-28,4,finishing,Wednesday,2,0.8,3.94,,1800,0,0.0,0,0,15.0,0.902222222,0.9018861967518798,0.902222222,2.218360281855625,0,0,0.10222222199999997,1,0.0,0.0,0,,0,23,4,27,4,-0.8660254037844384,-0.5000000000000004,0.0,7.496097345175956,1.3711807233098425,2.70805020110221,0.0,0.0,0.0,3.8071065989847717,0,1,0,finishing_team2,4,0,253860,train,-0.9856129740972022,-1.1731446939116332,-0.40572287846610844,-1.0992948748235933,-0.6134853132140259,-0.973454127137173,-1.168065122270806,-0.980051246628074,1.555664189848412,0.663747223037126,-0.22888618729874646,-1.2647205579438705,-0.736328099691826,1.6665776064368176,0.08245266006109153,0.3007999431068082,0
2015-01-28,4,sweing,Wednesday,2,0.8,22.52,1559.0,6840,90,0.0,0,0,57.0,1.000230409,0.9995822890559732,0.999,7.780303087908306,0,0,0.200230409,0,1559.0,7.352441100243583,0,,0,23,4,27,4,-0.8660254037844384,-0.5000000000000004,4.51085950651685,8.830689198760998,3.1144038032714896,4.04305126783455,33.165828833138974,29.726296312018675,18.237636246846485,2.5310834813499112,1,0,1,sweing_team2,16,0,260700,train,1.2686358597734448,0.9663889288644547,0.5737323286730242,0.8276687580304326,0.9067224814303124,1.3747982970130463,1.0164622019298812,1.3204144442084078,0.004987026454476854,0.663747223037126,-0.22888618729874646,-1.2647205579438705,-0.736328099691826,1.6665776064368176,0.08245266006109153,0.3007999431068082,0
2015-01-28,4,sweing,Wednesday,3,0.8,22.52,1350.0,6840,113,0.0,0,0,57.0,1.000230409,0.9995822890559732,0.999,7.780303087908306,0,0,0.200230409,0,1350.0,7.208600337960199,0,,0,23,4,27,4,-0.8660254037844384,-0.5000000000000004,4.736198448394496,8.830689198760998,3.1144038032714896,4.04305126783455,34.14136173574313,29.144740735702552,19.148693141497397,2.5310834813499112,1,0,1,sweing_team3,17,0,242910,train,1.3812463381577667,0.9245317901216707,0.5737323286730242,0.8276687580304326,0.9067224814303124,1.4438693132962146,0.9737248210712304,1.4353336749780667,0.004987026454476854,0.663747223037126,-0.22888618729874646,-1.2647205579438705,-0.736328099691826,1.6665776064368176,0.08245266006109153,0.3007999431068082,0
2015-01-28,4,finishing,Wednesday,4,0.8,4.3,,1440,0,0.0,0,0,12.0,0.722638889,0.7224528915989974,0.722638889,0.9566615371392411,1,0,-0.0773611110000001,1,0.0,0.0,0,,0,23,4,27,4,-0.8660254037844384,-0.5000000000000004,0.0,7.273092595999522,1.4586150226995167,2.4849066497880004,0.0,0.0,0.0,2.7906976744186047,0,1,0,finishing_team4,6,0,306840,train,-0.9856129740972022,-1.1731446939116332,-0.5693857707660099,-1.0026447575066062,-0.8675859087010354,-0.973454127137173,-1.168065122270806,-0.980051246628074,0.32048115420253415,0.663747223037126,-0.22888618729874646,-1.2647205579438705,-0.736328099691826,1.6665776064368176,0.08245266006109153,0.3007999431068082,0
2015-01-28,4,sweing,Wednesday,4,0.8,22.52,1342.0,6780,50,0.0,0,0,56.5,0.800489676,0.8002386403475356,0.800489676,1.3877865312412259,0,0,0.0004896759999999389,0,1342.0,7.202661196523238,0,,0,23,4,27,4,-0.8660254037844384,-0.5000000000000004,3.9318256327243257,8.821879862683842,3.1144038032714896,4.034240638152395,28.31960791631893,29.0572685018574,15.86193074966573,2.5088809946714035,0,0,1,sweing_team4,18,0,313620,train,0.9792705109119583,0.9228035215613989,0.5672671685051183,0.8276687580304326,0.8966895396954262,1.031669528148412,0.9672966578403355,1.020746827537911,-0.021994372696609716,0.663747223037126,-0.22888618729874646,-1.2647205579438705,-0.736328099691826,1.6665776064368176,0.08245266006109153,0.3007999431068082,0
2015-01-28,4,sweing,Wednesday,5,0.6,20.79,1045.0,6960,88,0.0,0,0,58.0,0.800534483,0.8002834099147869,0.800534483,1.388066615315452,0,0,0.20053448299999999,0,1045.0,6.952728644624869,0,,0,23,4,27,4,-0.8660254037844384,-0.5000000000000004,4.48863636973214,8.848078421168667,3.0344721018699214,4.060443010546419,31.20827066314163,28.231158429292925,18.225852174363318,2.7898027898027897,1,0,1,sweing_team5,19,0,256020,train,1.2575301092818796,0.8500740578469498,0.5864942561413656,0.7393120333613457,0.9265270070534614,1.2361965831454822,0.9065874457887532,1.3189280205250458,0.3193936526373674,-1.2861509192422065,-0.22888618729874646,-1.2647205579438705,-0.736328099691826,1.6665776064368176,0.08245266006109153,0.3007999431068082,0
2015-01-28,4,finishing,Wednesday,6,0.35,2.9,,1800,0,0.0,0,0,15.0,0.977555556,0.9771565956357562,0.977555556,3.7559844949178314,0,0,0.627555556,1,0.0,0.0,0,,0,23,4,27,4,-0.8660254037844384,-0.5000000000000004,0.0,7.496097345175956,1.0647107369924282,2.70805020110221,0.0,0.0,0.0,5.172413793103448,0,1,0,finishing_team6,8,0,149355,train,-0.9856129740972022,-1.1731446939116332,-0.40572287846610844,-1.4380676486489155,-0.6134853132140259,-0.973454127137173,-1.168065122270806,-0.980051246628074,3.2148431323596354,-3.7235235970913716,-0.22888618729874646,-1.2647205579438705,-0.736328099691826,1.6665776064368176,0.08245266006109153,0.3007999431068082,0
2015-01-28,4,sweing,Wednesday,6,0.35,18.79,511.0,1800,23,0.0,0,0,32.0,0.437995338,0.4380471380517962,0.437995338,-0.24909144513040676,0,1,0.08799533800000003,0,511.0,6.238324625039508,0,,0,23,4,27,4,-0.8660254037844384,-0.5000000000000004,3.1780538303479458,7.496097345175956,2.933324813425374,3.4657359027997265,19.82573146956072,21.620385626319063,11.014295260867067,1.703033528472592,0,0,1,sweing_team6,20,0,151155,train,0.6025819432328481,0.6421850861014123,-0.40572287846610844,0.6275035398673704,0.2493152779723679,0.4302744580332697,0.4207746936518399,0.40927399340947773,-1.00129423470032,-3.7235235970913716,-0.22888618729874646,-1.2647205579438705,-0.736328099691826,1.6665776064368176,0.08245266006109153,0.3007999431068082,0
2015-01-28,4,finishing,Wednesday,7,0.6,3.94,,960,0,0.0,0,0,8.0,0.406354167,0.40643240077861315,0.406354167,-0.37873348742988844,1,1,-0.193645833,1,0.0,0.0,0,,0,23,4,27,4,-0.8660254037844384,-0.5000000000000004,0.0,6.8679744089702925,1.3711807233098425,2.0794415416798357,0.0,0.0,0.0,2.030456852791878,0,1,0,finishing_team7,9,0,233850,train,-0.9856129740972022,-1.1731446939116332,-0.8667014757335281,-1.0992948748235933,-1.329301807783477,-0.973454127137173,-1.168065122270806,-0.980051246628074,-0.6033955879065779,-1.2861509192422065,-0.22888618729874646,-1.2647205579438705,-0.736328099691826,1.6665776064368176,0.08245266006109153,0.3007999431068082,0
2015-01-28,4,sweing,Wednesday,7,0.6,23.54,958.0,6600,0,0.0,0,0,55.0,0.285333333,0.2855126702322473,0.285333333,-0.9172788569989156,1,1,-0.31466666699999996,0,958.0,6.8658910748834385,0,,0,23,4,27,4,-0.8660254037844384,-0.5000000000000004,0.0,8.79497643168877,3.1587011018321305,4.007333185232471,0.0,27.513913150571845,0.0,2.336448598130841,0,1,1,sweing_team7,21,0,240450,train,-0.9856129740972022,0.8248046408398828,0.547522775860096,0.8766351148560375,0.8660491749180281,-0.973454127137173,0.8538784943245694,-0.980051246628074,-0.23154150068308815,-1.2861509192422065,-0.22888618729874646,-1.2647205579438705,-0.736328099691826,1.6665776064368176,0.08245266006109153,0.3007999431068082,0
2015-01-28,4,finishing,Wednesday,8,0.65,4.15,,960,0,0.0,0,0,8.0,0.553333333,0.5532887771662489,0.553333333,0.21396771433202488,1,1,-0.09666666700000004,1,0.0,0.0,0,,0,23,4,27,4,-0.8660254037844384,-0.5000000000000004,0.0,6.8679744089702925,1.423108334242607,2.0794415416798357,0.0,0.0,0.0,1.9277108433734937,0,1,0,finishing_team8,10,0,215220,train,-0.9856129740972022,-1.1731446939116332,-0.8667014757335281,-1.0418939495153812,-1.329301807783477,-0.973454127137173,-1.168065122270806,-0.980051246628074,-0.7282568762586739,-0.7986763836723731,-0.22888618729874646,-1.2647205579438705,-0.736328099691826,1.6665776064368176,0.08245266006109153,0.3007999431068082,0
2015-01-28,4,sweing,Wednesday,8,0.7,38.09,336.0,6240,0,0.0,0,0,52.0,0.467693269,0.4677202587502089,0.467693269,-0.12929880107069097,1,1,-0.23230673099999993,0,336.0,5.820082930352362,0,,0,23,4,27,4,-0.8660254037844384,-0.5000000000000004,0.0,8.738895704934043,3.6399517804905126,3.9512437185814275,0.0,22.996566120177757,0.0,1.36518771331058,0,1,1,sweing_team8,22,0,221460,train,-0.9856129740972022,0.5204782738971834,0.506365204208124,1.4086109512942657,0.8021783312721362,-0.973454127137173,0.5219075041543992,-0.980051246628074,-1.411858732380411,-0.3112018481025408,-0.22888618729874646,-1.2647205579438705,-0.736328099691826,1.6665776064368176,0.08245266006109153,0.3007999431068082,0
2015-01-28,4,sweing,Wednesday,9,0.7,29.12,1340.0,6960,63,0.0,0,0,58.0,0.750593103,0.7503837520367586,0.750593103,1.100660014671362,0,0,0.050593103000000084,0,1340.0,7.201170883281678,0,,0,23,4,27,4,-0.8660254037844384,-0.5000000000000004,4.1588830833596715,8.848078421168667,3.3714252233284854,4.060443010546419,29.948827766862394,29.239943980771475,16.886907747507518,1.9917582417582418,0,0,1,sweing_team9,23,0,242940,train,1.0927397937785401,0.9223698458276784,0.5864942561413656,1.1117809494117135,0.9265270070534614,1.147023782756686,0.980721121182844,1.1500357543219026,-0.6504237738035172,-0.3112018481025408,-0.22888618729874646,-1.2647205579438705,-0.736328099691826,1.6665776064368176,0.08245266006109153,0.3007999431068082,0
2015-01-28,4,finishing,Wednesday,10,0.8,3.94,,1200,0,0.0,0,0,10.0,0.840533333,0.840248844,0.840533333,1.6600807612850594,0,0,0.04053333299999995,1,0.0,0.0,0,,0,23,4,27,4,-0.8660254037844384,-0.5000000000000004,0.0,7.0909098220799835,1.3711807233098425,2.302585092994046,0.0,0.0,0.0,2.5380710659898478,0,1,0,finishing_team10,1,0,257550,train,-0.9856129740972022,-1.1731446939116332,-0.7030894690818731,-1.0992948748235933,-1.0752012122964671,-0.973454127137173,-1.168065122270806,-0.980051246628074,0.013478634309133644,0.663747223037126,-0.22888618729874646,-1.2647205579438705,-0.736328099691826,1.6665776064368176,0.08245266006109153,0.3007999431068082,0
2015-01-28,4,sweing,Wednesday,10,0.8,22.52,1175.0,6720,60,0.0,0,0,56.0,0.850532143,0.8502393007752715,0.850532143,1.7364791584990642,0,0,0.050532142999999974,0,1175.0,7.069874128458572,0,,0,23,4,27,4,-0.8660254037844384,-0.5000000000000004,4.110873864173311,8.812992231969966,3.1144038032714896,4.02535169073515,29.063360777675413,28.458729776275405,16.547713059548975,2.4866785079928952,0,0,1,sweing_team10,13,0,264270,train,1.0687477527474374,0.8841629676391382,0.5607445480062361,0.8276687580304326,0.8865674150869745,1.0843297365947608,0.923311218588104,1.1072502896048104,-0.048975771847696824,0.663747223037126,-0.22888618729874646,-1.2647205579438705,-0.736328099691826,1.6665776064368176,0.08245266006109153,0.3007999431068082,0
2015-01-28,4,finishing,Wednesday,11,0.5,2.9,,960,0,0.0,0,0,8.0,0.259375,0.2595760233918129,0.259375,-1.048173342743709,1,1,-0.24062499999999998,1,0.0,0.0,0,,0,23,4,27,4,-0.8660254037844384,-0.5000000000000004,0.0,6.8679744089702925,1.0647107369924282,2.0794415416798357,0.0,0.0,0.0,2.7586206896551726,0,1,0,finishing_team11,2,0,256440,train,-0.9856129740972022,-1.1731446939116332,-0.8667014757335281,-1.4380676486489155,-1.329301807783477,-0.973454127137173,-1.168065122270806,-0.980051246628074,0.28149984809940837,-2.2610999903818723,-0.22888618729874646,-1.2647205579438705,-0.736328099691826,1.6665776064368176,0.08245266006109153,0.3007999431068082,0
2015-01-28,4,sweing,Wednesday,11,0.5,20.1,1413.0,5880,46,0.0,0,0,54.0,0.500567308,0.5005668340584796,0.500567308,0.002267337205248443,0,1,0.0005673080000000441,0,1413.0,7.254177846456518,0,,0,23,4,27,4,-0.8660254037844384,-0.5000000000000004,3.8501476017100584,8.679482094459956,3.0007198150650303,3.9889840465642745,27.929655437912796,28.936799700455033,15.358177360139125,2.6865671641791042,0,0,1,sweing_team11,14,0,262320,train,0.9384528782854576,0.9377946793499852,0.4627616335753051,0.702002161810015,0.8451544323417699,1.0040595788440356,0.9584436414532662,0.957204196598064,0.19393736200208764,-2.2610999903818723,-0.22888618729874646,-1.2647205579438705,-0.736328099691826,1.6665776064368176,0.08245266006109153,0.3007999431068082,0
2015-01-28,4,finishing,Wednesday,12,0.75,4.08,,1080,0,0.0,0,0,9.0,0.755555556,0.755342059294904,0.755555556,1.1273096307003434,0,0,0.005555556000000017,1,0.0,0.0,0,,0,23,4,27,4,-0.8660254037844384,-0.5000000000000004,0.0,6.985641817639208,1.4060969884160703,2.1972245773362196,0.0,0.0,0.0,2.2058823529411766,0,1,0,finishing_team12,3,0,150255,train,-0.9856129740972022,-1.1731446939116332,-0.7803455191751631,-1.0606983384260422,-1.1951785524965162,-0.973454127137173,-1.168065122270806,-0.980051246628074,-0.3902111140526185,0.1762726874672926,-0.22888618729874646,-1.2647205579438705,-0.736328099691826,1.6665776064368176,0.08245266006109153,0.3007999431068082,0
2015-01-28,4,sweing,Wednesday,12,0.75,15.26,1429.0,3600,45,0.0,0,0,35.0,0.750283333,0.7500742408253969,0.750283333,1.0990082789402598,0,0,0.00028333300000005224,0,1429.0,7.265429723253953,0,,0,23,4,27,4,-0.8660254037844384,-0.5000000000000004,3.828641396489095,8.188966863648876,2.725235025856311,3.5553480614894135,27.816725001732394,25.831131482458506,13.612152767145625,2.293577981651376,0,0,1,sweing_team12,15,0,153855,train,0.9277054058868384,0.9410689345802173,0.10277315042340172,0.39748051090269754,0.3513594676960609,0.9960637234756935,0.7302141637240795,0.7369635021806167,-0.2836396837305439,0.1762726874672926,-0.22888618729874646,-1.2647205579438705,-0.736328099691826,1.6665776064368176,0.08245266006109153,0.3007999431068082,0
2015-01-29,0,finishing,Thursday,1,0.75,3.94,,1200,0,0.0,0,0,10.0,0.853666667,0.8533712061253134,0.853666667,1.761290448681675,0,0,0.10366666700000005,1,0.0,0.0,0,,0,24,5,28,5,-0.8660254037844386,0.5000000000000001,0.0,7.0909098220799835,1.3711807233098425,2.302585092994046,0.0,0.0,0.0,2.5380710659898478,0,1,0,finishing_team1,0,0,264870,train,-0.9856129740972022,-1.1731446939116332,-0.7030894690818731,-1.0992948748235933,-1.0752012122964671,-0.973454127137173,-1.168065122270806,-0.980051246628074,0.013478634309133644,0.1762726874672926,-0.22888618729874646,-1.2647205579438707,0.6664451087488514,,0.592667240739876,0.38566739363025804,0
2015-01-29,0,sweing,Thursday,1,0.75,22.94,1579.0,6960,81,0.0,0,0,58.0,0.850362069,0.8500693688588137,0.850362069,1.7351452285062192,0,0,0.100362069,0,1579.0,7.365180126021013,0,,0,24,5,28,5,-0.8660254037844386,0.5000000000000001,4.406719247264253,8.848078421168667,3.1328821117012247,4.060443010546419,32.45628102090495,29.905894164117417,17.893232366994514,2.528334786399302,1,0,1,sweing_team1,12,0,271830,train,1.2165929935214597,0.970095939039799,0.5864942561413656,0.8480947314758638,0.9265270070534614,1.3245599212886872,1.0296604965024487,1.2769719005220008,0.0016466963067394112,0.1762726874672926,-0.22888618729874646,-1.2647205579438707,0.6664451087488514,,0.592667240739876,0.38566739363025804,0
2015-01-29,0,finishing,Thursday,2,0.8,3.94,,1200,0,0.0,0,0,10.0,0.773333333,0.7731049843508772,0.773333333,1.2259274291577404,1,0,-0.02666666700000009,1,0.0,0.0,0,,0,24,5,28,5,-0.8660254037844386,0.5000000000000001,0.0,7.0909098220799835,1.3711807233098425,2.302585092994046,0.0,0.0,0.0,2.5380710659898478,0,1,0,finishing_team2,4,0,261900,train,-0.9856129740972022,-1.1731446939116332,-0.7030894690818731,-1.0992948748235933,-1.0752012122964671,-0.973454127137173,-1.168065122270806,-0.980051246628074,0.013478634309133644,0.663747223037126,-0.22888618729874646,-1.2647205579438707,0.6664451087488514,,0.592667240739876,0.38566739363025804,0
2015-01-29,0,sweing,Thursday,2,0.8,22.52,1416.0,6840,113,0.0,0,0,57.0,1.000230409,0.9995822890559732,0.999,7.780303087908306,0,0,0.200230409,0,1416.0,7.256297239690681,0,,0,24,5,28,5,-0.8660254037844386,0.5000000000000001,4.736198448394496,8.830689198760998,3.1144038032714896,4.04305126783455,34.36726372771226,29.337581754715753,19.148693141497397,2.5310834813499112,1,0,1,sweing_team2,16,0,268740,train,1.3812463381577667,0.938411415073883,0.5737323286730242,0.8276687580304326,0.9067224814303124,1.4598639354397092,0.9878963300557089,1.4353336749780667,0.004987026454476854,0.663747223037126,-0.22888618729874646,-1.2647205579438707,0.6664451087488514,,0.592667240739876,0.38566739363025804,0
2015-01-29,0,finishing,Thursday,3,0.8,3.94,,960,0,0.0,0,0,8.0,0.4925,0.4925062656641604,0.4925,-0.029977182011502262,1,1,-0.30750000000000005,1,0.0,0.0,0,,0,24,5,28,5,-0.8660254037844386,0.5000000000000001,0.0,6.8679744089702925,1.3711807233098425,2.0794415416798357,0.0,0.0,0.0,2.030456852791878,0,1,0,finishing_team3,5,0,243870,train,-0.9856129740972022,-1.1731446939116332,-0.8667014757335281,-1.0992948748235933,-1.329301807783477,-0.973454127137173,-1.168065122270806,-0.980051246628074,-0.6033955879065779,0.663747223037126,-0.22888618729874646,-1.2647205579438707,0.6664451087488514,,0.592667240739876,0.38566739363025804,0
2015-01-29,0,sweing,Thursday,3,0.8,22.52,1287.0,6840,100,0.0,0,0,57.0,0.950185965,0.9498098697911446,0.950185965,2.9404434295203643,0,0,0.15018596499999992,0,1287.0,7.160845906664299,0,,0,24,5,28,5,-0.8660254037844386,0.5000000000000001,4.61512051684126,8.830689198760998,3.1144038032714896,4.04305126783455,33.04816686178516,28.951667121706944,18.6591688568243,2.5310834813499112,1,0,1,sweing_team3,17,0,250710,train,1.3207390699493387,0.9106354242751299,0.5737323286730242,0.8276687580304326,0.9067224814303124,1.3664674330128739,0.9595362191368193,1.373585880116962,0.004987026454476854,0.663747223037126,-0.22888618729874646,-1.2647205579438707,0.6664451087488514,,0.592667240739876,0.38566739363025804,0
2015-01-29,0,finishing,Thursday,4,0.8,4.3,,1200,0,0.0,0,0,10.0,0.989,0.9885914786967419,0.989,4.461920622353098,0,0,0.18899999999999995,1,0.0,0.0,0,,0,24,5,28,5,-0.8660254037844386,0.5000000000000001,0.0,7.0909098220799835,1.4586150226995167,2.302585092994046,0.0,0.0,0.0,2.3255813953488373,0,1,0,finishing_team4,6,0,314820,train,-0.9856129740972022,-1.1731446939116332,-0.7030894690818731,-1.0026447575066062,-1.0752012122964671,-0.973454127137173,-1.168065122270806,-0.980051246628074,-0.24474778429279193,0.663747223037126,-0.22888618729874646,-1.2647205579438707,0.6664451087488514,,0.592667240739876,0.38566739363025804,0
2015-01-29,0,sweing,Thursday,4,0.8,22.52,1444.0,6900,88,0.0,0,0,57.5,0.9008,0.9004651629072682,0.9008,2.2024037730579997,0,0,0.1008,0,1444.0,7.275864600546533,0,,0,24,5,28,5,-0.8660254037844386,0.5000000000000001,4.48863636973214,8.839421607620602,3.1144038032714896,4.051784947803305,32.65871046725977,29.480238670749348,18.186989279043154,2.5532859680284195,1,0,1,sweing_team4,18,0,321720,train,1.2575301092818796,0.9441054459255823,0.5801410320570825,0.8276687580304326,0.9166677981010531,1.338892608118667,0.9983799075518933,1.3140259182942224,0.03196842560556396,0.663747223037126,-0.22888618729874646,-1.2647205579438707,0.6664451087488514,,0.592667240739876,0.38566739363025804,0
2015-01-29,0,sweing,Thursday,5,0.65,20.79,1015.0,7080,81,0.0,0,0,59.0,0.800473729,0.8002227066700084,0.800473729,1.3876868595048812,0,0,0.150473729,0,1015.0,6.923628628138427,0,,0,24,5,28,5,-0.8660254037844386,0.5000000000000001,4.406719247264253,8.865170419651774,3.0344721018699214,4.07753744390572,30.510487536527407,28.23135497893203,17.968562735500022,2.837902837902838,1,0,1,sweing_team5,19,0,263100,train,1.2165929935214597,0.841606058872566,0.5990380513621463,0.7393120333613457,0.9459929771454892,1.1867911868007446,0.9066018898369681,1.2864739503424623,0.3778468617650708,-0.7986763836723731,-0.22888618729874646,-1.2647205579438707,0.6664451087488514,,0.592667240739876,0.38566739363025804,0
2015-01-29,0,finishing,Thursday,6,0.5,2.9,,1200,0,0.0,0,0,10.0,0.899,0.8986666666666666,0.899,2.1824967706259755,0,0,0.399,1,0.0,0.0,0,,0,24,5,28,5,-0.8660254037844386,0.5000000000000001,0.0,7.0909098220799835,1.0647107369924282,2.302585092994046,0.0,0.0,0.0,3.4482758620689657,0,1,0,finishing_team6,8,0,152355,train,-0.9856129740972022,-1.1731446939116332,-0.7030894690818731,-1.4380676486489155,-1.0752012122964671,-0.973454127137173,-1.168065122270806,-0.980051246628074,1.1195979293166163,-2.2610999903818723,-0.22888618729874646,-1.2647205579438707,0.6664451087488514,,0.592667240739876,0.38566739363025804,0
2015-01-29,0,sweing,Thursday,6,0.5,18.79,717.0,3960,23,0.0,0,0,33.0,0.500117677,0.5001175786900585,0.500117677,0.0004703147689031588,0,1,0.00011767699999998271,0,717.0,6.576469569048224,0,,0,24,5,28,5,-0.8660254037844386,0.5000000000000001,3.1780538303479458,8.284251797621916,2.933324813425374,3.4965075614664802,20.90037430408041,22.99467557593132,11.112089248559103,1.7562533262373603,0,0,1,sweing_team6,20,0,156315,train,0.6025819432328481,0.7405840351326963,0.1727026382223141,0.6275035398673704,0.28435593563553735,0.5063627914185956,0.5217685717586309,0.4216095675162655,-0.9366192896356608,-2.2610999903818723,-0.22888618729874646,-1.2647205579438707,0.6664451087488514,,0.592667240739876,0.38566739363025804,0
2015-01-29,0,sweing,Thursday,7,0.65,23.54,830.0,6600,0,0.0,0,0,55.0,0.48792,0.4879300918964077,0.48792,-0.048289013703071156,1,1,-0.16208,0,830.0,6.7226297948554485,0,,0,24,5,28,5,-0.8660254037844386,0.5000000000000001,0.0,8.79497643168877,3.1587011018321305,4.007333185232471,0.0,26.9398174689568,0.0,2.336448598130841,0,1,1,sweing_team7,21,0,247050,train,-0.9856129740972022,0.7831161293261122,0.547522775860096,0.8766351148560375,0.8660491749180281,-0.973454127137173,0.8116893265241184,-0.980051246628074,-0.23154150068308815,-0.7986763836723731,-0.22888618729874646,-1.2647205579438707,0.6664451087488514,,0.592667240739876,0.38566739363025804,0
2015-01-29,0,finishing,Thursday,8,0.65,4.15,,960,0,0.0,0,0,8.0,0.877552083,0.8772366677259817,0.877552083,1.9665184425363817,0,0,0.22755208299999996,1,0.0,0.0,0,,0,24,5,28,5,-0.8660254037844386,0.5000000000000001,0.0,6.8679744089702925,1.423108334242607,2.0794415416798357,0.0,0.0,0.0,1.9277108433734937,0,1,0,finishing_team8,10,0,222420,train,-0.9856129740972022,-1.1731446939116332,-0.8667014757335281,-1.0418939495153812,-1.329301807783477,-0.973454127137173,-1.168065122270806,-0.980051246628074,-0.7282568762586739,-0.7986763836723731,-0.22888618729874646,-1.2647205579438707,0.6664451087488514,,0.592667240739876,0.38566739363025804,0
2015-01-29,0,sweing,Thursday,9,0.7,29.12,1170.0,6960,53,0.0,0,0,58.0,0.850170115,0.8498775752213867,0.850170115,1.7336411835545447,0,0,0.150170115,0,1170.0,7.065613363597717,0,,0,24,5,28,5,-0.8660254037844386,0.5000000000000001,3.9889840465642745,8.848078421168667,3.3714252233284854,4.060443010546419,28.184618986582638,28.689520397443726,16.19704239105308,1.9917582417582418,0,0,1,sweing_team9,23,0,249900,train,1.0078347540586252,0.8829231005590413,0.5864942561413656,1.1117809494117135,0.9265270070534614,1.0221118571165348,0.9402715695453676,1.0630172634199073,-0.6504237738035172,-0.3112018481025408,-0.22888618729874646,-1.2647205579438707,0.6664451087488514,,0.592667240739876,0.38566739363025804,0
2015-01-29,0,finishing,Thursday,10,0.8,3.94,,1200,0,0.0,0,0,10.0,0.85695,0.8566517961570593,0.85695,1.7877548681194477,0,0,0.056949999999999945,1,0.0,0.0,0,,0,24,5,28,5,-0.8660254037844386,0.5000000000000001,0.0,7.0909098220799835,1.3711807233098425,2.302585092994046,0.0,0.0,0.0,2.5380710659898478,0,1,0,finishing_team10,1,0,265470,train,-0.9856129740972022,-1.1731446939116332,-0.7030894690818731,-1.0992948748235933,-1.0752012122964671,-0.973454127137173,-1.168065122270806,-0.980051246628074,0.013478634309133644,0.663747223037126,-0.22888618729874646,-1.2647205579438707,0.6664451087488514,,0.592667240739876,0.38566739363025804,0
2015-01-29,0,sweing,Thursday,10,0.8,22.52,1088.0,6720,88,0.0,0,0,56.0,0.900129762,0.8997954848387636,0.900129762,2.19495424930865,0,0,0.10012976200000001,0,1088.0,6.9930151229329605,0,,0,24,5,28,5,-0.8660254037844386,0.5000000000000001,4.48863636973214,8.812992231969966,3.1144038032714896,4.02535169073515,31.389102014883758,28.149345248434663,18.068339999996553,2.4866785079928952,1,0,1,sweing_team10,13,0,272190,train,1.2575301092818796,0.8617972765314961,0.5607445480062361,0.8276687580304326,0.8865674150869745,1.2490000521082876,0.9005751552837842,1.2990596917506712,-0.048975771847696824,0.663747223037126,-0.22888618729874646,-1.2647205579438707,0.6664451087488514,,0.592667240739876,0.38566739363025804,0
2015-01-29,0,finishing,Thursday,11,0.6,2.9,,960,0,0.0,0,0,8.0,0.864583333,0.8642787521035923,0.864583333,1.8512922120070192,0,0,0.26458333300000003,1,0.0,0.0,0,,0,24,5,28,5,-0.8660254037844386,0.5000000000000001,0.0,6.8679744089702925,1.0647107369924282,2.0794415416798357,0.0,0.0,0.0,2.7586206896551726,0,1,0,finishing_team11,2,0,263280,train,-0.9856129740972022,-1.1731446939116332,-0.8667014757335281,-1.4380676486489155,-1.329301807783477,-0.973454127137173,-1.168065122270806,-0.980051246628074,0.28149984809940837,-1.2861509192422065,-0.22888618729874646,-1.2647205579438707,0.6664451087488514,,0.592667240739876,0.38566739363025804,0
2015-01-29,0,sweing,Thursday,11,0.6,20.1,1601.0,4320,46,0.0,0,0,51.0,0.60059761,0.6005135685547202,0.60059761,0.40760543590516607,0,1,0.0005976100000000262,0,1601.0,7.379008127628304,0,,0,24,5,28,5,-0.8660254037844386,0.5000000000000001,3.8501476017100584,8.371242135931933,3.0007198150650303,3.9318256327243257,28.410270445587145,29.0129733002901,15.138109030175695,2.5373134328358207,0,0,1,sweing_team11,14,0,267600,train,0.9384528782854576,0.9741198372215364,0.2365447331666702,0.702002161810015,0.7800663448380777,1.0380887406820347,0.9640414901888031,0.929445136384979,0.01255792651478149,-1.2861509192422065,-0.22888618729874646,-1.2647205579438707,0.6664451087488514,,0.592667240739876,0.38566739363025804,0
2015-01-29,0,finishing,Thursday,12,0.75,4.08,,1080,0,0.0,0,0,9.0,0.634666667,0.634554163518797,0.634666667,0.5518045696002807,1,1,-0.11533333300000004,1,0.0,0.0,0,,0,24,5,28,5,-0.8660254037844386,0.5000000000000001,0.0,6.985641817639208,1.4060969884160703,2.1972245773362196,0.0,0.0,0.0,2.2058823529411766,0,1,0,finishing_team12,3,0,154935,train,-0.9856129740972022,-1.1731446939116332,-0.7803455191751631,-1.0606983384260422,-1.1951785524965162,-0.973454127137173,-1.168065122270806,-0.980051246628074,-0.3902111140526185,0.1762726874672926,-0.22888618729874646,-1.2647205579438707,0.6664451087488514,,0.592667240739876,0.38566739363025804,0
2015-01-29,0,sweing,Thursday,12,0.75,15.26,1436.0,4200,45,0.0,0,0,35.0,0.750646667,0.7504372712882207,0.750646667,1.1009457637457079,0,0,0.0006466670000000452,0,1436.0,7.270312886079025,0,,0,24,5,28,5,-0.8660254037844386,0.5000000000000001,3.828641396489095,8.343077871169383,2.725235025856311,3.5553480614894135,27.83542088107026,25.848492825942564,13.612152767145625,2.293577981651376,0,0,1,sweing_team12,15,0,159135,train,0.9277054058868384,0.9424899172045305,0.21587501627695377,0.39748051090269754,0.3513594676960609,0.9973874547232267,0.731490014870407,0.7369635021806167,-0.2836396837305439,0.1762726874672926,-0.22888618729874646,-1.2647205579438707,0.6664451087488514,,0.592667240739876,0.38566739363025804,0
2015-01-31,0,finishing,Saturday,1,0.75,3.94,,1800,0,0.0,0,0,15.0,0.971866667,0.9714724592581454,0.971866667,3.5279429572500653,0,0,0.22186666700000002,1,0.0,0.0,0,,0,25,5,30,0,0.0,1.0,0.0,7.496097345175956,1.3711807233098425,2.70805020110221,0.0,0.0,0.0,3.8071065989847717,0,1,0,finishing_team1,0,0,273630,train,-0.9856129740972022,-1.1731446939116332,-0.40572287846610844,-1.0992948748235933,-0.6134853132140259,-0.973454127137173,-1.168065122270806,-0.980051246628074,1.555664189848412,0.1762726874672926,-0.22888618729874646,-0.028538824941726406,1.3678317129691895,,0.592667240739876,0.4705348441537079,0
2015-01-31,0,sweing,Saturday,1,0.75,22.94,1502.0,6960,81,0.0,0,0,58.0,0.850362069,0.8500693688588137,0.850362069,1.7351452285062192,0,0,0.100362069,0,1502.0,7.315218389752975,0,,0,25,5,30,0,0.0,1.0,4.406719247264253,8.848078421168667,3.1328821117012247,4.060443010546419,32.23611367606585,29.703027381293097,17.893232366994514,2.528334786399302,1,0,1,sweing_team1,12,0,280590,train,1.2165929935214597,0.9555572554733032,0.5864942561413656,0.8480947314758638,0.9265270070534614,1.3089713314832498,1.0147522137617822,1.2769719005220008,0.0016466963067394112,0.1762726874672926,-0.22888618729874646,-0.028538824941726406,1.3678317129691895,,0.592667240739876,0.4705348441537079,0
2015-01-31,0,finishing,Saturday,2,0.8,3.94,,1200,0,0.0,0,0,10.0,0.971866667,0.9714724592581454,0.971866667,3.5279429572500653,0,0,0.17186666699999997,1,0.0,0.0,0,,0,25,5,30,0,0.0,1.0,0.0,7.0909098220799835,1.3711807233098425,2.302585092994046,0.0,0.0,0.0,2.5380710659898478,0,1,0,finishing_team2,4,0,269940,train,-0.9856129740972022,-1.1731446939116332,-0.7030894690818731,-1.0992948748235933,-1.0752012122964671,-0.973454127137173,-1.168065122270806,-0.980051246628074,0.013478634309133644,0.663747223037126,-0.22888618729874646,-0.028538824941726406,1.3678317129691895,,0.592667240739876,0.4705348441537079,0
2015-01-31,0,sweing,Saturday,2,0.8,22.52,1397.0,6840,113,0.0,0,0,57.0,1.000230409,0.9995822890559732,0.999,7.780303087908306,0,0,0.200230409,0,1397.0,7.242797922793756,0,,0,25,5,30,0,0.0,1.0,4.736198448394496,8.830689198760998,3.1144038032714896,4.04305126783455,34.303328283970664,29.28300332442074,19.148693141497397,2.5310834813499112,1,0,1,sweing_team2,16,0,276780,train,1.3812463381577667,0.9344831629475895,0.5737323286730242,0.8276687580304326,0.9067224814303124,1.4553370906106329,0.9838854680552774,1.4353336749780667,0.004987026454476854,0.663747223037126,-0.22888618729874646,-0.028538824941726406,1.3678317129691895,,0.592667240739876,0.4705348441537079,0
2015-01-31,0,finishing,Saturday,3,0.8,3.94,,960,0,0.0,0,0,8.0,0.971866667,0.9714724592581454,0.971866667,3.5279429572500653,0,0,0.17186666699999997,1,0.0,0.0,0,,0,25,5,30,0,0.0,1.0,0.0,6.8679744089702925,1.3711807233098425,2.0794415416798357,0.0,0.0,0.0,2.030456852791878,0,1,0,finishing_team3,5,0,251670,train,-0.9856129740972022,-1.1731446939116332,-0.8667014757335281,-1.0992948748235933,-1.329301807783477,-0.973454127137173,-1.168065122270806,-0.980051246628074,-0.6033955879065779,0.663747223037126,-0.22888618729874646,-0.028538824941726406,1.3678317129691895,,0.592667240739876,0.4705348441537079,0
2015-01-31,0,sweing,Saturday,3,0.8,22.52,1136.0,6960,113,0.0,0,0,58.0,1.000457471,0.9995822890559732,0.999,7.780303087908306,0,0,0.200457471,0,1136.0,7.036148493750536,0,,0,25,5,30,0,0.0,1.0,4.736198448394496,8.848078421168667,3.1144038032714896,4.060443010546419,33.324595578774556,28.56987997261608,19.231063886344224,2.575488454706927,1,0,1,sweing_team3,17,0,258630,train,1.3812463381577667,0.8743489305834837,0.5864942561413656,0.8276687580304326,0.9265270070534614,1.3860395175231357,0.9314794289311565,1.4457237863874626,0.05894982475665054,0.663747223037126,-0.22888618729874646,-0.028538824941726406,1.3678317129691895,,0.592667240739876,0.4705348441537079,0
2015-01-31,0,finishing,Saturday,4,0.8,3.94,,1200,0,0.0,0,0,10.0,0.971866667,0.9714724592581454,0.971866667,3.5279429572500653,0,0,0.17186666699999997,1,0.0,0.0,0,,0,25,5,30,0,0.0,1.0,0.0,7.0909098220799835,1.3711807233098425,2.302585092994046,0.0,0.0,0.0,2.5380710659898478,0,1,0,finishing_team4,6,0,322920,train,-0.9856129740972022,-1.1731446939116332,-0.7030894690818731,-1.0992948748235933,-1.0752012122964671,-0.973454127137173,-1.168065122270806,-0.980051246628074,0.013478634309133644,0.663747223037126,-0.22888618729874646,-0.028538824941726406,1.3678317129691895,,0.592667240739876,0.4705348441537079,0
2015-01-31,0,sweing,Saturday,4,0.8,22.52,1432.0,6660,88,0.0,0,0,57.5,0.900537069,0.9002024515655805,0.900537069,2.199476065981367,0,0,0.10053706899999992,0,1432.0,7.267525427828172,0,,0,25,5,30,0,0.0,1.0,4.48863636973214,8.804024902413179,3.1144038032714896,4.051784947803305,32.621278953302664,29.44645013625196,18.186989279043154,2.5532859680284195,1,0,1,sweing_team4,18,0,329580,train,1.2575301092818796,0.9416787769902162,0.5541634366312982,0.8276687580304326,0.9166677981010531,1.336242330815735,0.9958968542956289,1.3140259182942224,0.03196842560556396,0.663747223037126,-0.22888618729874646,-0.028538824941726406,1.3678317129691895,,0.592667240739876,0.4705348441537079,0
2015-01-31,0,finishing,Saturday,5,0.7,3.94,,240,0,0.0,0,0,2.0,0.971866667,0.9714724592581454,0.971866667,3.5279429572500653,0,0,0.27186666700000006,1,0.0,0.0,0,,0,25,5,30,0,0.0,1.0,0.0,5.484796933490655,1.3711807233098425,0.6931471805599453,0.0,0.0,0.0,0.5076142131979695,0,1,0,finishing_team5,7,0,263340,train,-0.9856129740972022,-1.1731446939116332,-1.8818136069194566,-1.0992948748235933,-2.9079188935393216,-0.973454127137173,-1.168065122270806,-0.980051246628074,-2.454018254553712,-0.3112018481025408,-0.22888618729874646,-0.028538824941726406,1.3678317129691895,,0.592667240739876,0.4705348441537079,0
2015-01-31,0,sweing,Saturday,5,0.7,50.89,282.0,5880,56,0.0,0,0,59.0,0.656763743,0.6566327791378446,0.656763743,0.6483244371333269,1,1,-0.043236257,0,282.0,5.645446897643238,1,smv_extreme;,0,25,5,30,0,0.0,1.0,4.04305126783455,8.679482094459956,3.9296664406007413,4.07753744390572,22.82483123700912,23.019521112721684,16.48569293222587,1.1593633326783257,0,0,1,sweing_team5,19,0,269220,train,1.0348542101784763,0.46965982344852675,0.4627616335753051,1.7288623410070258,0.9459929771454892,0.6426208261765597,0.5235944216200896,1.0994271718982718,-1.6619852091700495,-0.3112018481025408,-0.22888618729874646,-0.028538824941726406,1.3678317129691895,,0.592667240739876,0.4705348441537079,0
2015-01-31,0,finishing,Saturday,6,0.6,3.94,,1200,0,0.0,0,0,10.0,0.971866667,0.9714724592581454,0.971866667,3.5279429572500653,0,0,0.37186666700000004,1,0.0,0.0,0,,0,25,5,30,0,0.0,1.0,0.0,7.0909098220799835,1.3711807233098425,2.302585092994046,0.0,0.0,0.0,2.5380710659898478,0,1,0,finishing_team6,8,0,157515,train,-0.9856129740972022,-1.1731446939116332,-0.7030894690818731,-1.0992948748235933,-1.0752012122964671,-0.973454127137173,-1.168065122270806,-0.980051246628074,0.013478634309133644,-1.2861509192422065,-0.22888618729874646,-0.028538824941726406,1.3678317129691895,,0.592667240739876,0.4705348441537079,0
2015-01-31,0,sweing,Saturday,6,0.6,18.79,799.0,3960,23,0.0,0,0,33.0,0.600710606,0.6006264701553885,0.600710606,0.40807608344607404,0,1,0.000710606000000058,0,799.0,6.684611727667927,0,,0,25,5,30,0,0.0,1.0,3.1780538303479458,8.284251797621916,2.933324813425374,3.4965075614664802,21.244055905503856,23.37279545125842,11.112089248559103,1.7562533262373603,0,0,1,sweing_team6,20,0,161475,train,0.6025819432328481,0.7720530100284999,0.1727026382223141,0.6275035398673704,0.28435593563553735,0.5306966067361262,0.5495558611943967,0.4216095675162655,-0.9366192896356608,-1.2861509192422065,-0.22888618729874646,-0.028538824941726406,1.3678317129691895,,0.592667240739876,0.4705348441537079,0
2015-01-31,0,finishing,Saturday,7,0.7,3.94,,1200,0,0.0,0,0,10.0,0.971866667,0.9714724592581454,0.971866667,3.5279429572500653,0,0,0.27186666700000006,1,0.0,0.0,0,,0,25,5,30,0,0.0,1.0,0.0,7.0909098220799835,1.3711807233098425,2.302585092994046,0.0,0.0,0.0,2.5380710659898478,0,1,0,finishing_team7,9,0,248250,train,-0.9856129740972022,-1.1731446939116332,-0.7030894690818731,-1.0992948748235933,-1.0752012122964671,-0.973454127137173,-1.168065122270806,-0.980051246628074,0.013478634309133644,-0.3112018481025408,-0.22888618729874646,-0.028538824941726406,1.3678317129691895,,0.592667240739876,0.4705348441537079,0
2015-01-31,0,sweing,Saturday,7,0.7,23.54,1109.0,6720,0,0.0,0,0,56.0,0.388830357,0.3889232305530493,0.388830357,-0.4518406234760227,1,1,-0.31116964299999994,0,1109.0,7.01211529430638,0,,0,25,5,30,0,0.0,1.0,0.0,8.812992231969966,3.1587011018321305,4.02535169073515,0.0,28.226230155565986,0.0,2.3789294817332203,0,1,1,sweing_team7,21,0,254970,train,-0.9856129740972022,0.8673553569427573,0.5607445480062361,0.8766351148560375,0.8865674150869745,-0.973454127137173,0.9062252766000781,-0.980051246628074,-0.1799169374815182,-0.3112018481025408,-0.22888618729874646,-0.028538824941726406,1.3678317129691895,,0.592667240739876,0.4705348441537079,0
2015-01-31,0,finishing,Saturday,8,0.65,3.94,,960,0,0.0,0,0,8.0,0.971866667,0.9714724592581454,0.971866667,3.5279429572500653,0,0,0.321866667,1,0.0,0.0,0,,0,25,5,30,0,0.0,1.0,0.0,6.8679744089702925,1.3711807233098425,2.0794415416798357,0.0,0.0,0.0,2.030456852791878,0,1,0,finishing_team8,10,0,223380,train,-0.9856129740972022,-1.1731446939116332,-0.8667014757335281,-1.0992948748235933,-1.329301807783477,-0.973454127137173,-1.168065122270806,-0.980051246628074,-0.6033955879065779,-0.7986763836723731,-0.22888618729874646,-0.028538824941726406,1.3678317129691895,,0.592667240739876,0.4705348441537079,0
2015-01-31,0,sweing,Saturday,8,0.5,23.54,1144.0,6480,0,0.0,0,0,54.0,0.286984568,0.28716252575438594,0.286984568,-0.9092051007669468,1,1,-0.213015432,0,1144.0,7.0431599159883405,0,,0,25,5,30,0,0.0,1.0,0.0,8.776630098427717,3.1587011018321305,3.9889840465642745,0.0,28.095052542278466,0.0,2.2939677145284625,0,1,1,sweing_team8,22,0,229860,train,-0.9856129740972022,0.8763892289574162,0.5340584259944958,0.8766351148560375,0.8451544323417699,-0.973454127137173,0.8965852905909849,-0.980051246628074,-0.2831660638846576,-2.2610999903818723,-0.22888618729874646,-0.028538824941726406,1.3678317129691895,,0.592667240739876,0.4705348441537079,0
2015-01-31,0,finishing,Saturday,9,0.75,3.94,,240,0,0.0,0,0,2.0,0.971866667,0.9714724592581454,0.971866667,3.5279429572500653,0,0,0.22186666700000002,1,0.0,0.0,0,,0,25,5,30,0,0.0,1.0,0.0,5.484796933490655,1.3711807233098425,0.6931471805599453,0.0,0.0,0.0,0.5076142131979695,0,1,0,finishing_team9,11,0,250140,train,-0.9856129740972022,-1.1731446939116332,-1.8818136069194566,-1.0992948748235933,-2.9079188935393216,-0.973454127137173,-1.168065122270806,-0.980051246628074,-2.454018254553712,0.1762726874672926,-0.22888618729874646,-0.028538824941726406,1.3678317129691895,,0.592667240739876,0.4705348441537079,0
2015-01-31,0,sweing,Saturday,9,0.75,29.12,1082.0,6840,81,0.0,0,0,57.0,0.850610526,0.8503176182923977,0.850610526,1.737094354431423,0,0,0.10061052599999998,0,1082.0,6.9874902470009905,0,,0,25,5,30,0,0.0,1.0,4.406719247264253,8.830689198760998,3.3714252233284854,4.04305126783455,30.791907761530517,28.25078130211891,17.816591839642655,1.9574175824175823,1,0,1,sweing_team9,23,0,256980,train,1.2165929935214597,0.8601895577266866,0.5737323286730242,1.1117809494117135,0.9067224814303124,1.2067166868958346,0.9080294922992815,1.267304589401512,-0.6921559928201709,0.1762726874672926,-0.22888618729874646,-0.028538824941726406,1.3678317129691895,,0.592667240739876,0.4705348441537079,0
2015-01-31,0,finishing,Saturday,10,0.8,3.94,,1200,0,0.0,0,0,10.0,0.971866667,0.9714724592581454,0.971866667,3.5279429572500653,0,0,0.17186666699999997,1,0.0,0.0,0,,0,25,5,30,0,0.0,1.0,0.0,7.0909098220799835,1.3711807233098425,2.302585092994046,0.0,0.0,0.0,2.5380710659898478,0,1,0,finishing_team10,1,0,273390,train,-0.9856129740972022,-1.1731446939116332,-0.7030894690818731,-1.0992948748235933,-1.0752012122964671,-0.973454127137173,-1.168065122270806,-0.980051246628074,0.013478634309133644,0.663747223037126,-0.22888618729874646,-0.028538824941726406,1.3678317129691895,,0.592667240739876,0.4705348441537079,0
2015-01-31,0,sweing,Saturday,10,0.8,22.52,1116.0,6720,93,0.0,0,0,56.0,0.920236905,0.9198858298913951,0.920236905,2.4407968207437056,0,0,0.12023690499999995,0,1116.0,7.018401799069201,0,,0,25,5,30,0,0.0,1.0,4.543294782270004,8.812992231969966,3.1144038032714896,4.02535169073515,31.88666827358551,28.251535548141824,18.288359333318745,2.4866785079928952,1,0,1,sweing_team10,13,0,280110,train,1.2848450062647483,0.8691847069676562,0.5607445480062361,0.8276687580304326,0.8865674150869745,1.2842294196314137,0.9080849203630044,1.3268125716073431,-0.048975771847696824,0.663747223037126,-0.22888618729874646,-0.028538824941726406,1.3678317129691895,,0.592667240739876,0.4705348441537079,0
2015-01-31,0,finishing,Saturday,11,0.65,3.94,,600,0,0.0,0,0,5.0,0.971866667,0.9714724592581454,0.971866667,3.5279429572500653,0,0,0.321866667,1,0.0,0.0,0,,0,25,5,30,0,0.0,1.0,0.0,6.398594934535208,1.3711807233098425,1.6094379124341003,0.0,0.0,0.0,1.2690355329949239,0,1,0,finishing_team11,2,0,268200,train,-0.9856129740972022,-1.1731446939116332,-1.2111784550622335,-1.0992948748235933,-1.8645097551743899,-0.973454127137173,-1.168065122270806,-0.980051246628074,-1.5287069212301447,-0.7986763836723731,-0.22888618729874646,-0.028538824941726406,1.3678317129691895,,0.592667240739876,0.4705348441537079,0
2015-01-31,0,sweing,Saturday,11,0.65,20.1,1417.0,6480,49,0.0,0,0,54.0,0.650148148,0.6500227109507101,0.650148148,0.6191390382559534,0,1,0.0001481479999999591,0,1417.0,7.257002707092073,0,,0,25,5,30,0,0.0,1.0,3.912023005428146,8.776630098427717,3.0007198150650303,3.9889840465642745,28.38956154059852,28.948068024464032,15.604997358445301,2.6865671641791042,0,0,1,sweing_team11,14,0,274680,train,0.9693743814879545,0.9386167035222327,0.5340584259944958,0.702002161810015,0.8451544323417699,1.0366224804361144,0.9592717285259786,0.9883376686242898,0.19393736200208764,-0.7986763836723731,-0.22888618729874646,-0.028538824941726406,1.3678317129691895,,0.592667240739876,0.4705348441537079,0
2015-01-31,0,finishing,Saturday,12,0.75,4.08,,1080,0,0.0,0,0,9.0,0.971866667,0.9714724592581454,0.971866667,3.5279429572500653,0,0,0.22186666700000002,1,0.0,0.0,0,,0,25,5,30,0,0.0,1.0,0.0,6.985641817639208,1.4060969884160703,2.1972245773362196,0.0,0.0,0.0,2.2058823529411766,0,1,0,finishing_team12,3,0,160215,train,-0.9856129740972022,-1.1731446939116332,-0.7803455191751631,-1.0606983384260422,-1.1951785524965162,-0.973454127137173,-1.168065122270806,-0.980051246628074,-0.3902111140526185,0.1762726874672926,-0.22888618729874646,-0.028538824941726406,1.3678317129691895,,0.592667240739876,0.4705348441537079,0
2015-01-31,0,sweing,Saturday,12,0.75,15.26,1209.0,4200,45,0.0,0,0,35.0,0.750646667,0.7504372712882207,0.750646667,1.1009457637457079,0,0,0.0006466670000000452,0,1209.0,7.098375638590786,0,,0,25,5,30,0,0.0,1.0,3.828641396489095,8.343077871169383,2.725235025856311,3.5553480614894135,27.177134817738402,25.23719606638743,13.612152767145625,2.293577981651376,0,0,1,sweing_team12,15,0,164415,train,0.9277054058868384,0.8924568034409299,0.21587501627695377,0.39748051090269754,0.3513594676960609,0.9507785835329259,0.6865670126764332,0.7369635021806167,-0.2836396837305439,0.1762726874672926,-0.22888618729874646,-0.028538824941726406,1.3678317129691895,,0.592667240739876,0.4705348441537079,0
2015-02-01,1,finishing,Sunday,1,0.75,3.94,,2280,0,0.0,0,0,19.0,0.950438596,0.9500622897376776,0.950438596,2.945751116562799,0,0,0.20043859600000002,1,0.0,0.0,0,,0,26,5,31,1,0.8660254037844386,0.5000000000000001,0.0,7.732369222284388,1.3711807233098425,2.9444389791664403,0.0,0.0,0.0,4.822335025380711,0,1,0,finishing_team1,0,0,282870,train,-0.9856129740972022,-1.1731446939116332,-0.2323232584154199,-1.0992948748235933,-0.34430196053005174,-0.973454127137173,-1.168065122270806,-0.980051246628074,2.7894126342798344,0.1762726874672926,-0.22888618729874646,1.207642908060418,0.6664451087488514,-1.1680598507996036,0.592667240739876,0.5554022946771577,0
2015-02-01,1,sweing,Sunday,1,0.8,22.94,1582.0,3060,113,0.0,0,0,58.5,1.000402055,0.9995822890559732,0.999,7.780303087908306,0,0,0.20040205499999986,0,1582.0,7.367077059881012,0,,0,26,5,31,1,0.8660254037844386,0.5000000000000001,4.736198448394496,8.026496938945412,3.1328821117012247,4.069026754237811,34.89193894021113,29.97683365718747,19.27171819989681,2.5501307759372276,1,0,1,sweing_team1,12,0,285930,train,1.3812463381577667,0.9706479398947961,-0.0164633137636399,0.8480947314758638,0.9363015865590966,1.497012708227529,1.034873700978037,1.4508518551923444,0.028134102971189533,0.663747223037126,-0.22888618729874646,1.207642908060418,0.6664451087488514,-1.1680598507996036,0.592667240739876,0.5554022946771577,0
2015-02-01,1,finishing,Sunday,2,0.8,3.94,,1200,0,0.0,0,0,10.0,0.912766667,0.9124218326917293,0.912766667,2.3435706837455608,0,0,0.11276666699999993,1,0.0,0.0,0,,0,26,5,31,1,0.8660254037844386,0.5000000000000001,0.0,7.0909098220799835,1.3711807233098425,2.302585092994046,0.0,0.0,0.0,2.5380710659898478,0,1,0,finishing_team2,4,0,277980,train,-0.9856129740972022,-1.1731446939116332,-0.7030894690818731,-1.0992948748235933,-1.0752012122964671,-0.973454127137173,-1.168065122270806,-0.980051246628074,0.013478634309133644,0.663747223037126,-0.22888618729874646,1.207642908060418,0.6664451087488514,-1.1680598507996036,0.592667240739876,0.5554022946771577,0
2015-02-01,1,sweing,Sunday,2,0.8,22.52,1396.0,6900,113,0.0,0,0,57.5,1.000671304,0.9995822890559732,0.999,7.780303087908306,0,0,0.20067130399999988,0,1396.0,7.242082359256962,0,,0,26,5,31,1,0.8660254037844386,0.5000000000000001,4.736198448394496,8.839421607620602,3.1144038032714896,4.051784947803305,34.29993923305797,29.343360293989203,19.190057583014184,2.5532859680284195,1,0,1,sweing_team2,16,0,284880,train,1.3812463381577667,0.9342749365605529,0.5801410320570825,0.8276687580304326,0.9166677981010531,1.4550971343875774,0.9883209835949294,1.4405513181661436,0.03196842560556396,0.663747223037126,-0.22888618729874646,1.207642908060418,0.6664451087488514,-1.1680598507996036,0.592667240739876,0.5554022946771577,0
2015-02-01,1,sweing,Sunday,3,0.8,22.52,1124.0,6840,100,0.0,0,0,57.0,0.950185965,0.9498098697911446,0.950185965,2.9404434295203643,0,0,0.15018596499999992,0,1124.0,7.025538314638521,0,,0,26,5,31,1,0.8660254037844386,0.5000000000000001,4.61512051684126,8.830689198760998,3.1144038032714896,4.04305126783455,32.4237060177426,28.40461159021948,18.6591688568243,2.5310834813499112,1,0,1,sweing_team3,17,0,265470,train,1.3207390699493387,0.8712614070461537,0.5737323286730242,0.8276687580304326,0.9067224814303124,1.3222535013126466,0.9193341790358359,1.373585880116962,0.004987026454476854,0.663747223037126,-0.22888618729874646,1.207642908060418,0.6664451087488514,-1.1680598507996036,0.592667240739876,0.5554022946771577,0
2015-02-01,1,finishing,Sunday,4,0.8,4.3,,1440,0,0.0,0,0,12.0,0.845069444,0.844781165433584,0.845069444,1.6942416608705457,0,0,0.0450694439999999,1,0.0,0.0,0,,0,26,5,31,1,0.8660254037844386,0.5000000000000001,0.0,7.273092595999522,1.4586150226995167,2.4849066497880004,0.0,0.0,0.0,2.7906976744186047,0,1,0,finishing_team4,6,0,331020,train,-0.9856129740972022,-1.1731446939116332,-0.5693857707660099,-1.0026447575066062,-0.8675859087010354,-0.973454127137173,-1.168065122270806,-0.980051246628074,0.32048115420253415,0.663747223037126,-0.22888618729874646,1.207642908060418,0.6664451087488514,-1.1680598507996036,0.592667240739876,0.5554022946771577,0
2015-02-01,1,sweing,Sunday,4,0.8,22.52,1472.0,7020,60,0.0,0,0,58.5,0.85011396,0.8498214671345029,0.85011396,1.7332014833075202,0,0,0.0501139599999999,0,1472.0,7.29505641646263,0,,0,26,5,31,1,0.8660254037844386,0.5000000000000001,4.110873864173311,8.85666093701725,3.1144038032714896,4.069026754237811,29.989056760106042,29.683779732260653,16.727255736618176,2.5976909413854354,0,0,1,sweing_team4,18,0,338040,train,1.0687477527474374,0.9496901945654945,0.5927929532416565,0.8276687580304326,0.9363015865590966,1.1498721310184101,1.0133377417133085,1.129897510058615,0.08593122390773765,0.663747223037126,-0.22888618729874646,1.207642908060418,0.6664451087488514,-1.1680598507996036,0.592667240739876,0.5554022946771577,0
2015-02-01,1,finishing,Sunday,6,0.6,2.9,,1200,0,0.0,0,0,10.0,0.314166667,0.31432191623391814,0.314166667,-0.7799905802647167,1,1,-0.28583333299999997,1,0.0,0.0,0,,0,26,5,31,1,0.8660254037844386,0.5000000000000001,0.0,7.0909098220799835,1.0647107369924282,2.302585092994046,0.0,0.0,0.0,3.4482758620689657,0,1,0,finishing_team6,8,0,162675,train,-0.9856129740972022,-1.1731446939116332,-0.7030894690818731,-1.4380676486489155,-1.0752012122964671,-0.973454127137173,-1.168065122270806,-0.980051246628074,1.1195979293166163,-1.2861509192422065,-0.22888618729874646,1.207642908060418,0.6664451087488514,-1.1680598507996036,0.592667240739876,0.5554022946771577,0
2015-02-01,1,sweing,Sunday,6,0.65,18.79,881.0,3960,26,0.0,0,0,33.0,0.651007071,0.6508809163876358,0.651007071,0.6229136235489227,0,1,0.0010070709999999705,0,881.0,6.782192056006791,0,,0,26,5,31,1,0.8660254037844386,0.5000000000000001,3.295836866004329,8.284251797621916,2.933324813425374,3.4965075614664802,22.35299861050888,23.71398580714564,11.523918523344124,1.7562533262373603,0,0,1,sweing_team6,20,0,166635,train,0.6614426260793346,0.800448530721024,0.1727026382223141,0.6275035398673704,0.28435593563553735,0.6092134865154061,0.5746292725392215,0.4735570405496103,-0.9366192896356608,-0.7986763836723731,-0.22888618729874646,1.207642908060418,0.6664451087488514,-1.1680598507996036,0.592667240739876,0.5554022946771577,0
2015-02-01,1,finishing,Sunday,7,0.7,3.94,,2160,0,0.0,0,0,18.0,0.892194444,0.8918667961771095,0.892194444,2.109952953908622,0,0,0.19219444400000008,1,0.0,0.0,0,,0,26,5,31,1,0.8660254037844386,0.5000000000000001,0.0,7.6783263565068856,1.3711807233098425,2.8903717578961645,0.0,0.0,0.0,4.568527918781726,0,1,0,finishing_team7,9,0,257130,train,-0.9856129740972022,-1.1731446939116332,-0.2719852465748004,-1.0992948748235933,-0.40587000961859426,-0.973454127137173,-1.168065122270806,-0.980051246628074,2.4809755231719786,-0.3112018481025408,-0.22888618729874646,1.207642908060418,0.6664451087488514,-1.1680598507996036,0.592667240739876,0.5554022946771577,0
2015-02-01,1,sweing,Sunday,7,0.7,24.26,1400.0,6720,0,0.0,0,0,56.0,0.411553571,0.41162746108270676,0.411553571,-0.35724159724301324,1,1,-0.28844642899999995,0,1400.0,7.244941546337007,0,,0,26,5,31,1,0.8660254037844386,0.5000000000000001,0.0,8.812992231969966,3.1888289035159043,4.02535169073515,0.0,29.163437702825,0.0,2.308326463314097,0,1,1,sweing_team7,21,0,263850,train,-0.9856129740972022,0.9351069496033177,0.5607445480062361,0.9099384704906748,0.8865674150869745,-0.973454127137173,0.9750988245841454,-0.980051246628074,-0.26571670616607335,-0.3112018481025408,-0.22888618729874646,1.207642908060418,0.6664451087488514,-1.1680598507996036,0.592667240739876,0.5554022946771577,0
2015-02-01,1,finishing,Sunday,8,0.65,4.15,,960,0,0.0,0,0,8.0,1.0115625,0.9995822890559732,0.999,7.780303087908306,0,0,0.3615624999999999,1,0.0,0.0,0,,0,26,5,31,1,0.8660254037844386,0.5000000000000001,0.0,6.8679744089702925,1.423108334242607,2.0794415416798357,0.0,0.0,0.0,1.9277108433734937,0,1,0,finishing_team8,10,0,230820,train,-0.9856129740972022,-1.1731446939116332,-0.8667014757335281,-1.0418939495153812,-1.329301807783477,-0.973454127137173,-1.168065122270806,-0.980051246628074,-0.7282568762586739,-0.7986763836723731,-0.22888618729874646,1.207642908060418,0.6664451087488514,-1.1680598507996036,0.592667240739876,0.5554022946771577,0
2015-02-01,1,sweing,Sunday,8,0.6,24.26,1196.0,6600,0,0.0,0,0,55.0,0.466821212,0.4668489302857143,0.466821212,-0.13279910128357986,1,1,-0.133178788,0,1196.0,7.087573705557973,0,,0,26,5,31,1,0.8660254037844386,0.5000000000000001,0.0,8.79497643168877,3.1888289035159043,4.007333185232471,0.0,28.40226931306354,0.0,2.2671063478977738,0,1,1,sweing_team8,22,0,237420,train,-0.9856129740972022,0.8893134802099673,0.547522775860096,0.9099384704906748,0.8660491749180281,-0.973454127137173,0.919162049672854,-0.980051246628074,-0.3158091306411332,-1.2861509192422065,-0.22888618729874646,1.207642908060418,0.6664451087488514,-1.1680598507996036,0.592667240739876,0.5554022946771577,0
2015-02-01,1,sweing,Sunday,9,0.75,29.12,1282.0,6960,45,0.0,0,0,58.0,0.750593103,0.7503837520367586,0.750593103,1.100660014671362,0,0,0.0005931030000000392,0,1282.0,7.1569563646156364,0,,0,26,5,31,1,0.8660254037844386,0.5000000000000001,3.828641396489095,8.848078421168667,3.3714252233284854,4.060443010546419,27.401419410433526,29.06041344748927,15.545980198262827,1.9917582417582418,0,0,1,sweing_team9,23,0,263940,train,0.9277054058868384,0.909503581683417,0.5864942561413656,1.1117809494117135,0.9265270070534614,0.966658688358457,0.9675277737383213,0.9808933402950712,-0.6504237738035172,0.1762726874672926,-0.22888618729874646,1.207642908060418,0.6664451087488514,-1.1680598507996036,0.592667240739876,0.5554022946771577,0
2015-02-01,1,finishing,Sunday,10,0.8,3.94,,1200,0,0.0,0,0,10.0,0.8865,0.8861771094402673,0.8865,2.052273179677888,0,0,0.08649999999999991,1,0.0,0.0,0,,0,26,5,31,1,0.8660254037844386,0.5000000000000001,0.0,7.0909098220799835,1.3711807233098425,2.302585092994046,0.0,0.0,0.0,2.5380710659898478,0,1,0,finishing_team10,1,0,281310,train,-0.9856129740972022,-1.1731446939116332,-0.7030894690818731,-1.0992948748235933,-1.0752012122964671,-0.973454127137173,-1.168065122270806,-0.980051246628074,0.013478634309133644,0.663747223037126,-0.22888618729874646,1.207642908060418,0.6664451087488514,-1.1680598507996036,0.592667240739876,0.5554022946771577,0
2015-02-01,1,sweing,Sunday,10,0.8,22.52,1282.0,6720,75,0.0,0,0,56.0,0.850532143,0.8502393007752715,0.850532143,1.7364791584990642,0,0,0.050532142999999974,0,1282.0,7.1569563646156364,0,,0,26,5,31,1,0.8660254037844386,0.5000000000000001,4.330733340286331,8.812992231969966,3.1144038032714896,4.02535169073515,30.99486954321539,28.80926640282324,17.432724773444665,2.4866785079928952,1,0,1,sweing_team10,13,0,288030,train,1.178619932744878,0.909503581683417,0.5607445480062361,0.8276687580304326,0.8865674150869745,1.2210870648607333,0.9490714690676526,1.218884223753347,-0.048975771847696824,0.663747223037126,-0.22888618729874646,1.207642908060418,0.6664451087488514,-1.1680598507996036,0.592667240739876,0.5554022946771577,0
2015-02-01,1,sweing,Sunday,11,0.7,20.1,1192.0,6120,75,0.0,0,0,54.0,0.700508929,0.7003414194519632,0.700508929,0.848924196481358,0,0,0.0005089289999999913,0,1192.0,7.084226422097916,0,,0,26,5,31,1,0.8660254037844386,0.5000000000000001,4.330733340286331,8.71948076085107,3.0007198150650303,3.9889840465642745,30.67989555631679,28.258866179997696,17.275226204326184,2.6865671641791042,1,0,1,sweing_team11,14,0,280800,train,1.178619932744878,0.8883394328955975,0.49211660226491494,0.702002161810015,0.8451544323417699,1.198785845373649,0.908623634147753,1.1990176111228013,0.19393736200208764,-0.3112018481025408,-0.22888618729874646,1.207642908060418,0.6664451087488514,-1.1680598507996036,0.592667240739876,0.5554022946771577,0
2015-02-01,1,finishing,Sunday,12,0.75,4.08,,1080,0,0.0,0,0,9.0,0.702666667,0.7024973548304094,0.702666667,0.8592185195623349,1,0,-0.04733333299999998,1,0.0,0.0,0,,0,26,5,31,1,0.8660254037844386,0.5000000000000001,0.0,6.985641817639208,1.4060969884160703,2.1972245773362196,0.0,0.0,0.0,2.2058823529411766,0,1,0,finishing_team12,3,0,165495,train,-0.9856129740972022,-1.1731446939116332,-0.7803455191751631,-1.0606983384260422,-1.1951785524965162,-0.973454127137173,-1.168065122270806,-0.980051246628074,-0.3902111140526185,0.1762726874672926,-0.22888618729874646,1.207642908060418,0.6664451087488514,-1.1680598507996036,0.592667240739876,0.5554022946771577,0
2015-02-01,1,sweing,Sunday,12,0.75,15.26,1276.0,1440,45,0.0,0,0,35.0,0.750450658,0.7502414260384295,0.750450658,1.0999003089999395,0,0,0.0004506579999999927,0,1276.0,7.152268856032539,0,,0,26,5,31,1,0.8660254037844386,0.5000000000000001,3.828641396489095,7.273092595999522,2.725235025856311,3.5553480614894135,27.383472621025884,25.428805212546393,13.612152767145625,2.293577981651376,0,0,1,sweing_team12,15,0,166935,train,0.9277054058868384,0.9081395337320155,-0.5693857707660099,0.39748051090269754,0.3513594676960609,0.9653879952018277,0.7006479937363503,0.7369635021806167,-0.2836396837305439,0.1762726874672926,-0.22888618729874646,1.207642908060418,0.6664451087488514,-1.1680598507996036,0.592667240739876,0.5554022946771577,0
2015-02-02,1,finishing,Monday,1,0.75,3.94,,2280,0,0.0,0,0,19.0,0.504596491,0.5045926509908104,0.504596491,0.018371120630622205,1,1,-0.24540350899999996,1,0.0,0.0,0,,0,27,5,32,2,0.8660254037844387,-0.4999999999999998,0.0,7.732369222284388,1.3711807233098425,2.9444389791664403,0.0,0.0,0.0,4.822335025380711,0,1,0,finishing_team1,0,0,288210,train,-0.9856129740972022,-1.1731446939116332,-0.2323232584154199,-1.0992948748235933,-0.34430196053005174,-0.973454127137173,-1.168065122270806,-0.980051246628074,2.7894126342798344,0.1762726874672926,-0.22888618729874646,1.207642908060418,-0.7363280996918251,-1.1680598507996036,0.592667240739876,0.6402697452006076,0
2015-02-02,1,sweing,Monday,1,0.8,22.94,16882.0,7020,113,0.0,0,0,58.5,1.000602279,0.9995822890559732,0.999,7.780303087908306,0,0,0.20060227899999994,0,16882.0,9.734062477477194,0,,0,27,5,32,2,0.8660254037844387,-0.4999999999999998,4.736198448394496,8.85666093701725,3.1328821117012247,4.069026754237811,46.10245160240257,39.60816064827709,19.27171819989681,2.5501307759372276,1,0,1,sweing_team1,12,0,295230,train,1.3812463381577667,1.65943208879467,0.5927929532416565,0.8480947314758638,0.9363015865590966,2.290754775323225,1.7426610674061984,1.4508518551923444,0.028134102971189533,0.663747223037126,-0.22888618729874646,1.207642908060418,-0.7363280996918251,-1.1680598507996036,0.592667240739876,0.6402697452006076,0
2015-02-02,1,sweing,Monday,2,0.8,22.52,21385.0,7020,88,0.0,0,0,58.5,0.900158405,0.8998241039097744,0.900158405,2.1952717023928834,0,0,0.10015840499999995,0,21385.0,9.970491781316602,0,,0,27,5,32,2,0.8660254037844387,-0.4999999999999998,4.48863636973214,8.85666093701725,3.1144038032714896,4.069026754237811,44.75391203373309,40.570197811085464,18.26438147848496,2.5976909413854354,1,0,1,sweing_team2,16,0,291900,train,1.2575301092818796,1.7282321564289689,0.5927929532416565,0.8276687580304326,0.9363015865590966,2.1952736303434723,1.8133592952308903,1.32378804410617,0.08593122390773765,0.663747223037126,-0.22888618729874646,1.207642908060418,-0.7363280996918251,-1.1680598507996036,0.592667240739876,0.6402697452006076,0
2015-02-02,1,sweing,Monday,3,0.8,22.52,21266.0,6840,70,0.0,0,0,57.0,0.90014152,0.899807233015873,0.90014152,2.1950845545873037,0,0,0.10014151999999998,0,21266.0,9.964911854523127,0,,0,27,5,32,2,0.8660254037844387,-0.4999999999999998,4.2626798770413155,8.830689198760998,3.1144038032714896,4.04305126783455,42.47722923876619,40.288649507289264,17.234233281244716,2.5310834813499112,1,0,1,sweing_team3,17,0,272310,train,1.1446110171625363,1.7266084180236558,0.5737323286730242,0.8276687580304326,0.9067224814303124,2.0340768178290145,1.7926688615398125,1.1938468306642138,0.004987026454476854,0.663747223037126,-0.22888618729874646,1.207642908060418,-0.7363280996918251,-1.1680598507996036,0.592667240739876,0.6402697452006076,0
2015-02-02,1,finishing,Monday,4,0.8,4.3,,1440,0,0.0,0,0,12.0,0.809236111,0.808977768384294,0.809236111,1.4433816191484772,0,0,0.009236110999999991,1,0.0,0.0,0,,0,27,5,32,2,0.8660254037844387,-0.4999999999999998,0.0,7.273092595999522,1.4586150226995167,2.4849066497880004,0.0,0.0,0.0,2.7906976744186047,0,1,0,finishing_team4,6,0,339480,train,-0.9856129740972022,-1.1731446939116332,-0.5693857707660099,-1.0026447575066062,-0.8675859087010354,-0.973454127137173,-1.168065122270806,-0.980051246628074,0.32048115420253415,0.663747223037126,-0.22888618729874646,1.207642908060418,-0.7363280996918251,-1.1680598507996036,0.592667240739876,0.6402697452006076,0
2015-02-02,1,sweing,Monday,4,0.8,22.52,23122.0,5940,50,0.0,0,0,56.5,0.800393224,0.8001422689256474,0.800393224,1.387183779219849,0,0,0.0003932239999999698,0,23122.0,10.048583072153967,0,,0,27,5,32,2,0.8660254037844387,-0.4999999999999998,3.9318256327243257,8.689632748355741,3.1144038032714896,4.034240638152395,39.50927649565472,40.538402185533776,15.86193074966573,2.5088809946714035,0,0,1,sweing_team4,18,0,345420,train,0.9792705109119583,1.7509564380810851,0.4702111851272547,0.8276687580304326,0.8966895396954262,1.8239357639497593,1.8110226969517556,1.020746827537911,-0.021994372696609716,0.663747223037126,-0.22888618729874646,1.207642908060418,-0.7363280996918251,-1.1680598507996036,0.592667240739876,0.6402697452006076,0
2015-02-02,1,sweing,Monday,5,0.5,30.1,839.0,6960,0,0.0,0,0,58.0,0.500801724,0.5008010542222223,0.500801724,0.0032042196303696336,0,1,0.0008017240000000037,0,839.0,6.733401891837359,0,,0,27,5,32,2,0.8660254037844387,-0.4999999999999998,0.0,8.848078421168667,3.40452517175483,4.060443010546419,0.0,27.34059464891104,0.0,1.9269102990033222,0,1,1,sweing_team5,19,0,276180,train,-0.9856129740972022,0.7862507703747619,0.5864942561413656,1.1483697243081041,0.9265270070534614,-0.973454127137173,0.8411416569233197,-0.980051246628074,-0.7292297315745003,-2.2610999903818723,-0.22888618729874646,1.207642908060418,-0.7363280996918251,-1.1680598507996036,0.592667240739876,0.6402697452006076,0
2015-02-02,1,finishing,Monday,6,0.6,2.9,,1200,0,0.0,0,0,10.0,0.280333333,0.2805168473416875,0.280333333,-0.941899325723635,1,1,-0.31966666699999996,1,0.0,0.0,0,,0,27,5,32,2,0.8660254037844387,-0.4999999999999998,0.0,7.0909098220799835,1.0647107369924282,2.302585092994046,0.0,0.0,0.0,3.4482758620689657,0,1,0,finishing_team6,8,0,167835,train,-0.9856129740972022,-1.1731446939116332,-0.7030894690818731,-1.4380676486489155,-1.0752012122964671,-0.973454127137173,-1.168065122270806,-0.980051246628074,1.1195979293166163,-1.2861509192422065,-0.22888618729874646,1.207642908060418,-0.7363280996918251,-1.1680598507996036,0.592667240739876,0.6402697452006076,0
2015-02-02,1,sweing,Monday,6,0.7,18.79,2984.0,3960,30,0.0,0,0,33.0,0.700354545,0.700187164427736,0.700354545,0.8481892785228362,0,0,0.0003545450000000949,0,2984.0,8.001355025826703,0,,0,27,5,32,2,0.8660254037844387,-0.4999999999999998,3.4339872044851463,8.284251797621916,2.933324813425374,3.4965075614664802,27.476550777231814,27.97679834978089,12.006962226461454,1.7562533262373603,0,0,1,sweing_team6,20,0,171795,train,0.7304816282848566,1.1552205214122289,0.1727026382223141,0.6275035398673704,0.28435593563553735,0.9719782422614041,0.8878950214770422,0.5344873854230128,-0.9366192896356608,-0.3112018481025408,-0.22888618729874646,1.207642908060418,-0.7363280996918251,-1.1680598507996036,0.592667240739876,0.6402697452006076,0
2015-02-02,1,sweing,Monday,7,0.7,24.26,2698.0,6720,0,0.0,0,0,56.0,0.295307738,0.29547874239599,0.295307738,-0.8689216084010484,1,1,-0.40469226199999997,0,2698.0,7.900636613018005,0,,0,27,5,32,2,0.8660254037844387,-0.4999999999999998,0.0,8.812992231969966,3.1888289035159043,4.02535169073515,0.0,31.80284094809605,0.0,2.308326463314097,0,1,1,sweing_team7,21,0,270570,train,-0.9856129740972022,1.125911829550731,0.5607445480062361,0.9099384704906748,0.8865674150869745,-0.973454127137173,1.1690634022213326,-0.980051246628074,-0.26571670616607335,-0.3112018481025408,-0.22888618729874646,1.207642908060418,-0.7363280996918251,-1.1680598507996036,0.592667240739876,0.6402697452006076,0
2015-02-02,1,finishing,Monday,8,0.65,4.15,,960,0,0.0,0,0,8.0,0.561979167,0.5619273882472848,0.561979167,0.24898796224561626,1,1,-0.08802083300000008,1,0.0,0.0,0,,0,27,5,32,2,0.8660254037844387,-0.4999999999999998,0.0,6.8679744089702925,1.423108334242607,2.0794415416798357,0.0,0.0,0.0,1.9277108433734937,0,1,0,finishing_team8,10,0,238380,train,-0.9856129740972022,-1.1731446939116332,-0.8667014757335281,-1.0418939495153812,-1.329301807783477,-0.973454127137173,-1.168065122270806,-0.980051246628074,-0.7282568762586739,-0.7986763836723731,-0.22888618729874646,1.207642908060418,-0.7363280996918251,-1.1680598507996036,0.592667240739876,0.6402697452006076,0
2015-02-02,1,sweing,Monday,8,0.65,24.26,1435.0,6600,0,0.0,0,0,55.0,0.260978788,0.2611784715522139,0.260978788,-1.0398524149619155,1,1,-0.389021212,0,1435.0,7.269616749608169,0,,0,27,5,32,2,0.8660254037844387,-0.4999999999999998,0.0,8.79497643168877,3.1888289035159043,4.007333185232471,0.0,29.13177644462663,0.0,2.2671063478977738,0,1,1,sweing_team8,22,0,244980,train,-0.9856129740972022,0.9422873440230348,0.547522775860096,0.9099384704906748,0.8660491749180281,-0.973454127137173,0.9727721006987704,-0.980051246628074,-0.3158091306411332,-0.7986763836723731,-0.22888618729874646,1.207642908060418,-0.7363280996918251,-1.1680598507996036,0.592667240739876,0.6402697452006076,0
2015-02-02,1,finishing,Monday,9,0.75,3.94,,960,0,0.0,0,0,8.0,0.994270833,0.9938579083274854,0.994270833,5.086428899647133,0,0,0.24427083299999997,1,0.0,0.0,0,,0,27,5,32,2,0.8660254037844387,-0.4999999999999998,0.0,6.8679744089702925,1.3711807233098425,2.0794415416798357,0.0,0.0,0.0,2.030456852791878,0,1,0,finishing_team9,11,0,264900,train,-0.9856129740972022,-1.1731446939116332,-0.8667014757335281,-1.0992948748235933,-1.329301807783477,-0.973454127137173,-1.168065122270806,-0.980051246628074,-0.6033955879065779,0.1762726874672926,-0.22888618729874646,1.207642908060418,-0.7363280996918251,-1.1680598507996036,0.592667240739876,0.6402697452006076,0
2015-02-02,1,sweing,Monday,9,0.75,29.12,8992.0,6960,55,0.0,0,0,58.0,0.799963218,0.7997126221620718,0.799963218,1.3844992164344994,0,0,0.04996321800000003,0,8992.0,9.104201775914515,0,,0,27,5,32,2,0.8660254037844387,-0.4999999999999998,4.02535169073515,8.848078421168667,3.3714252233284854,4.060443010546419,36.64761401147145,36.96709246761639,16.34471113763675,1.9917582417582418,0,0,1,sweing_team9,23,0,271860,train,1.0260090552853378,1.476144915149166,0.5864942561413656,1.1117809494117135,0.9265270070534614,1.6213204185172148,1.5485741369264792,1.0816439582682211,-0.6504237738035172,0.1762726874672926,-0.22888618729874646,1.207642908060418,-0.7363280996918251,-1.1680598507996036,0.592667240739876,0.6402697452006076,0
2015-02-02,1,finishing,Monday,10,0.8,3.94,,1200,0,0.0,0,0,10.0,0.85695,0.8566517961570593,0.85695,1.7877548681194477,0,0,0.056949999999999945,1,0.0,0.0,0,,0,27,5,32,2,0.8660254037844387,-0.4999999999999998,0.0,7.0909098220799835,1.3711807233098425,2.302585092994046,0.0,0.0,0.0,2.5380710659898478,0,1,0,finishing_team10,1,0,289230,train,-0.9856129740972022,-1.1731446939116332,-0.7030894690818731,-1.0992948748235933,-1.0752012122964671,-0.973454127137173,-1.168065122270806,-0.980051246628074,0.013478634309133644,0.663747223037126,-0.22888618729874646,1.207642908060418,-0.7363280996918251,-1.1680598507996036,0.592667240739876,0.6402697452006076,0
2015-02-02,1,sweing,Monday,10,0.8,22.52,21540.0,6720,88,0.0,0,0,56.0,0.900129762,0.8997954848387636,0.900129762,2.19495424930865,0,0,0.10012976200000001,0,21540.0,9.977713374888099,0,,0,27,5,32,2,0.8660254037844387,-0.4999999999999998,4.48863636973214,8.812992231969966,3.1144038032714896,4.02535169073515,44.78632714128553,40.16380540327653,18.068339999996553,2.4866785079928952,1,0,1,sweing_team10,13,0,295950,train,1.2575301092818796,1.7303336138967111,0.5607445480062361,0.8276687580304326,0.8865674150869745,2.1975687291716093,1.7834943127289364,1.2990596917506712,-0.048975771847696824,0.663747223037126,-0.22888618729874646,1.207642908060418,-0.7363280996918251,-1.1680598507996036,0.592667240739876,0.6402697452006076,0
2015-02-02,1,sweing,Monday,11,0.7,20.55,9792.0,6480,60,0.0,0,0,54.0,0.700398148,0.7002307310008353,0.700398148,0.8483968210391796,0,0,0.0003981480000000426,0,9792.0,9.189423123720795,0,,0,27,5,32,2,0.8660254037844387,-0.4999999999999998,4.110873864173311,8.776630098427717,3.022860940942244,3.9889840465642745,37.77655934613369,36.65646223765109,16.398210261625373,2.627737226277372,0,0,1,sweing_team11,14,0,287280,train,1.0687477527474374,1.5009440174505488,0.5340584259944958,0.7264770238321334,0.8451544323417699,1.7012535518693588,1.5257465294115942,1.0883922505117904,0.12244473779541239,-0.3112018481025408,-0.22888618729874646,1.207642908060418,-0.7363280996918251,-1.1680598507996036,0.592667240739876,0.6402697452006076,0
2015-02-02,1,finishing,Monday,12,0.75,4.08,,1080,0,0.0,0,0,9.0,0.740444444,0.7402435714486215,0.740444444,1.0472349039784783,1,0,-0.00955555600000002,1,0.0,0.0,0,,0,27,5,32,2,0.8660254037844387,-0.4999999999999998,0.0,6.985641817639208,1.4060969884160703,2.1972245773362196,0.0,0.0,0.0,2.2058823529411766,0,1,0,finishing_team12,3,0,168015,train,-0.9856129740972022,-1.1731446939116332,-0.7803455191751631,-1.0606983384260422,-1.1951785524965162,-0.973454127137173,-1.168065122270806,-0.980051246628074,-0.3902111140526185,0.1762726874672926,-0.22888618729874646,1.207642908060418,-0.7363280996918251,-1.1680598507996036,0.592667240739876,0.6402697452006076,0
2015-02-02,1,sweing,Monday,12,0.8,15.26,12261.0,3600,63,0.0,0,0,35.0,0.800401961,0.8001509986265665,0.800401961,1.387238369876064,0,0,0.00040196100000000623,0,12261.0,9.414260328322634,0,,0,27,5,32,2,0.8660254037844387,-0.4999999999999998,4.1588830833596715,8.188966863648876,2.725235025856311,3.5553480614894135,39.152808021805065,33.470972208658566,14.786276908383924,2.293577981651376,0,0,1,sweing_team12,15,0,171615,train,1.0927397937785401,1.5663708263617666,0.10277315042340172,0.39748051090269754,0.3513594676960609,1.7986965949827478,1.2916511030503393,0.8850656063756488,-0.2836396837305439,0.663747223037126,-0.22888618729874646,1.207642908060418,-0.7363280996918251,-1.1680598507996036,0.592667240739876,0.6402697452006076,0
2015-02-03,1,finishing,Tuesday,1,0.8,3.94,,1200,0,0.0,0,0,10.0,0.99485,0.9944365914786968,0.99485,5.185965373236429,0,0,0.19484999999999997,1,0.0,0.0,0,,0,28,5,33,3,1.2246467991473532e-16,-1.0,0.0,7.0909098220799835,1.3711807233098425,2.302585092994046,0.0,0.0,0.0,2.5380710659898478,0,1,0,finishing_team1,0,0,296430,train,-0.9856129740972022,-1.1731446939116332,-0.7030894690818731,-1.0992948748235933,-1.0752012122964671,-0.973454127137173,-1.168065122270806,-0.980051246628074,0.013478634309133644,0.663747223037126,-0.22888618729874646,-0.028538824941726233,-1.4377147039121636,-1.1680598507996036,0.592667240739876,0.7251371957240574,0
2015-02-03,1,sweing,Tuesday,1,0.8,22.52,1500.0,6900,113,0.0,0,0,57.5,1.000018551,0.9995822890559732,0.999,7.780303087908306,0,0,0.20001855099999988,0,1500.0,7.313886831633462,0,,0,28,5,33,3,1.2246467991473532e-16,-1.0,4.736198448394496,8.839421607620602,3.1144038032714896,4.051784947803305,34.64001946371533,29.634296574349264,19.190057583014184,2.5532859680284195,1,0,1,sweing_team1,12,0,303330,train,1.3812463381577667,0.95516977690278,0.5801410320570825,0.8276687580304326,0.9166677981010531,1.4791759605210817,1.0097013213059176,1.4405513181661436,0.03196842560556396,0.663747223037126,-0.22888618729874646,-0.028538824941726233,-1.4377147039121636,-1.1680598507996036,0.592667240739876,0.7251371957240574,0
2015-02-03,1,finishing,Tuesday,2,0.8,3.94,,2400,0,0.0,0,0,20.0,1.001416667,0.9995822890559732,0.999,7.780303087908306,0,0,0.20141666699999994,1,0.0,0.0,0,,0,28,5,33,3,1.2246467991473532e-16,-1.0,0.0,7.783640596221253,1.3711807233098425,2.995732273553991,0.0,0.0,0.0,5.0761421319796955,0,1,0,finishing_team2,4,0,294300,train,-0.9856129740972022,-1.1731446939116332,-0.19469526447499352,-1.0992948748235933,-0.28589266941854513,-0.973454127137173,-1.168065122270806,-0.980051246628074,3.0978497453876903,0.663747223037126,-0.22888618729874646,-0.028538824941726233,-1.4377147039121636,-1.1680598507996036,0.592667240739876,0.7251371957240574,0
2015-02-03,1,sweing,Tuesday,2,0.8,22.52,1452.0,6960,100,0.0,0,0,58.0,0.949981609,0.9496056845146198,0.949981609,2.936168448769863,0,0,0.1499816089999999,0,1452.0,7.2813856635702825,0,,0,28,5,33,3,1.2246467991473532e-16,-1.0,4.61512051684126,8.848078421168667,3.1144038032714896,4.060443010546419,33.60447236697702,29.565651524736854,18.73943384543747,2.575488454706927,1,0,1,sweing_team2,16,0,301260,train,1.3207390699493387,0.9457120551879655,0.5864942561413656,0.8276687580304326,0.9265270070534614,1.405855737092572,1.0046567309884622,1.3837103748695045,0.05894982475665054,0.663747223037126,-0.22888618729874646,-0.028538824941726233,-1.4377147039121636,-1.1680598507996036,0.592667240739876,0.7251371957240574,0
2015-02-03,1,sweing,Tuesday,3,0.8,22.52,1112.0,6840,100,0.0,0,0,57.0,0.950185965,0.9498098697911446,0.950185965,2.9404434295203643,0,0,0.15018596499999992,0,1112.0,7.014814351275545,0,,0,28,5,33,3,1.2246467991473532e-16,-1.0,4.61512051684126,8.830689198760998,3.1144038032714896,4.04305126783455,32.37421363440428,28.36125405654859,18.6591688568243,2.5310834813499112,1,0,1,sweing_team3,17,0,279150,train,1.3207390699493387,0.8681407727055747,0.5737323286730242,0.8276687580304326,0.9067224814303124,1.3187492738218787,0.9161479187624455,1.373585880116962,0.004987026454476854,0.663747223037126,-0.22888618729874646,-0.028538824941726233,-1.4377147039121636,-1.1680598507996036,0.592667240739876,0.7251371957240574,0
2015-02-03,1,finishing,Tuesday,4,0.8,4.3,,1440,0,0.0,0,0,12.0,0.5375,0.537468671679198,0.5375,0.15015618148688187,1,1,-0.26250000000000007,1,0.0,0.0,0,,0,28,5,33,3,1.2246467991473532e-16,-1.0,0.0,7.273092595999522,1.4586150226995167,2.4849066497880004,0.0,0.0,0.0,2.7906976744186047,0,1,0,finishing_team4,6,0,346860,train,-0.9856129740972022,-1.1731446939116332,-0.5693857707660099,-1.0026447575066062,-0.8675859087010354,-0.973454127137173,-1.168065122270806,-0.980051246628074,0.32048115420253415,0.663747223037126,-0.22888618729874646,-0.028538824941726233,-1.4377147039121636,-1.1680598507996036,0.592667240739876,0.7251371957240574,0
2015-02-03,1,sweing,Tuesday,4,0.8,22.52,340.0,5460,63,0.0,0,0,56.5,0.800434622,0.8001836323408522,0.800434622,1.3874424586784895,0,0,0.0004346219999999956,0,340.0,5.831882477283517,0,,0,28,5,33,3,1.2246467991473532e-16,-1.0,4.1588830833596715,8.605387202152153,3.1144038032714896,4.034240638152395,24.254117378916114,23.527217286786026,16.777935144214123,2.5088809946714035,0,0,1,sweing_team4,18,0,352320,train,1.0927397937785401,0.5239118991447076,0.40838348950201164,0.8276687580304326,0.8966895396954262,0.7438191005939866,0.5609040195933592,1.136290127875332,-0.021994372696609716,0.663747223037126,-0.22888618729874646,-0.028538824941726233,-1.4377147039121636,-1.1680598507996036,0.592667240739876,0.7251371957240574,0
2015-02-03,1,sweing,Tuesday,5,0.6,30.1,415.0,6960,0,0.0,0,0,58.0,0.415172414,0.41524328082205514,0.415172414,-0.34233132876320754,1,1,-0.184827586,0,415.0,6.030685260261263,0,,0,28,5,33,3,1.2246467991473532e-16,-1.0,0.0,8.848078421168667,3.40452517175483,4.060443010546419,0.0,24.48725381383316,0.0,1.9269102990033222,0,1,1,sweing_team5,19,0,283140,train,-0.9856129740972022,0.5817627860383482,0.5864942561413656,1.1483697243081041,0.9265270070534614,-0.973454127137173,0.6314552246123735,-0.980051246628074,-0.7292297315745003,-1.2861509192422065,-0.22888618729874646,-0.028538824941726233,-1.4377147039121636,-1.1680598507996036,0.592667240739876,0.7251371957240574,0
2015-02-03,1,finishing,Tuesday,6,0.7,2.9,,960,0,0.0,0,0,8.0,0.495416667,0.4954204960167084,0.495416667,-0.018318528176023464,1,1,-0.20458333299999998,1,0.0,0.0,0,,0,28,5,33,3,1.2246467991473532e-16,-1.0,0.0,6.8679744089702925,1.0647107369924282,2.0794415416798357,0.0,0.0,0.0,2.7586206896551726,0,1,0,finishing_team6,8,0,172755,train,-0.9856129740972022,-1.1731446939116332,-0.8667014757335281,-1.4380676486489155,-1.329301807783477,-0.973454127137173,-1.168065122270806,-0.980051246628074,0.28149984809940837,-0.3112018481025408,-0.22888618729874646,-0.028538824941726233,-1.4377147039121636,-1.1680598507996036,0.592667240739876,0.7251371957240574,0
2015-02-03,1,sweing,Tuesday,6,0.7,18.79,913.0,4020,30,0.0,0,0,33.5,0.700184577,0.7000173384227235,0.700184577,0.8473804256683641,0,0,0.0001845770000000746,0,913.0,6.81783057145415,0,,0,28,5,33,3,1.2246467991473532e-16,-1.0,3.4339872044851463,8.299285906897275,2.933324813425374,3.5115454388310208,23.412342944721203,23.941121845912512,12.058602104913904,1.7828632251197447,0,0,1,sweing_team6,20,0,176775,train,0.7304816282848566,0.8108192091155672,0.18373615125844797,0.6275035398673704,0.3014800405925738,0.6842186345350537,0.5913210553899605,0.5410011554670539,-0.9042818171033308,-0.3112018481025408,-0.22888618729874646,-0.028538824941726233,-1.4377147039121636,-1.1680598507996036,0.592667240739876,0.7251371957240574,0
2015-02-03,1,sweing,Tuesday,7,0.7,24.26,1639.0,6720,0,0.0,0,0,56.0,0.541517857,0.541483172073517,0.541517857,0.1663149963022138,1,1,-0.15848214299999996,0,1639.0,7.402451520818244,0,,0,28,5,33,3,1.2246467991473532e-16,-1.0,0.0,8.812992231969966,3.1888289035159043,4.02535169073515,0.0,29.797470744910697,0.0,2.308326463314097,0,1,1,sweing_team7,21,0,277290,train,-0.9856129740972022,0.9809417793871354,0.5607445480062361,0.9099384704906748,0.8865674150869745,-0.973454127137173,1.021692671673071,-0.980051246628074,-0.26571670616607335,-0.3112018481025408,-0.22888618729874646,-0.028538824941726233,-1.4377147039121636,-1.1680598507996036,0.592667240739876,0.7251371957240574,0
2015-02-03,1,finishing,Tuesday,8,0.7,4.15,,960,0,0.0,0,0,8.0,0.976979167,0.9765806881637427,0.976979167,3.7304964027259606,0,0,0.276979167,1,0.0,0.0,0,,0,28,5,33,3,1.2246467991473532e-16,-1.0,0.0,6.8679744089702925,1.423108334242607,2.0794415416798357,0.0,0.0,0.0,1.9277108433734937,0,1,0,finishing_team8,10,0,245940,train,-0.9856129740972022,-1.1731446939116332,-0.8667014757335281,-1.0418939495153812,-1.329301807783477,-0.973454127137173,-1.168065122270806,-0.980051246628074,-0.7282568762586739,-0.3112018481025408,-0.22888618729874646,-0.028538824941726233,-1.4377147039121636,-1.1680598507996036,0.592667240739876,0.7251371957240574,0
2015-02-03,1,sweing,Tuesday,8,0.7,24.26,1363.0,6660,0,0.0,0,0,55.5,0.586465465,0.5863932298579783,0.586465465,0.3490749133675534,1,1,-0.11353453499999999,0,1363.0,7.218176838403408,0,,0,28,5,33,3,1.2246467991473532e-16,-1.0,0.0,8.804024902413179,3.1888289035159043,4.0163830207523885,0.0,28.990962894551604,0.0,2.2877164056059356,0,1,1,sweing_team8,22,0,252600,train,-0.9856129740972022,0.9273185169253845,0.5541634366312982,0.9099384704906748,0.876354507880272,-0.973454127137173,0.9624239885583344,-0.980051246628074,-0.29076291840360297,-0.3112018481025408,-0.22888618729874646,-0.028538824941726233,-1.4377147039121636,-1.1680598507996036,0.592667240739876,0.7251371957240574,0
2015-02-03,1,finishing,Tuesday,9,0.75,3.94,,1320,0,0.0,0,0,11.0,0.919954545,0.9196037057811194,0.919954545,2.4369747393382455,0,0,0.16995454499999996,1,0.0,0.0,0,,0,28,5,33,3,1.2246467991473532e-16,-1.0,0.0,7.186144304522325,1.3711807233098425,2.3978952727983707,0.0,0.0,0.0,2.7918781725888326,0,1,0,finishing_team9,11,0,273180,train,-0.9856129740972022,-1.1731446939116332,-0.6331970075950265,-1.0992948748235933,-0.9666685063248263,-0.973454127137173,-1.168065122270806,-0.980051246628074,0.3219157454169894,0.1762726874672926,-0.22888618729874646,-0.028538824941726233,-1.4377147039121636,-1.1680598507996036,0.592667240739876,0.7251371957240574,0
2015-02-03,1,sweing,Tuesday,9,0.75,29.12,1070.0,6960,34,0.0,0,0,58.0,0.750593103,0.7503837520367586,0.750593103,1.100660014671362,0,0,0.0005931030000000392,0,1070.0,6.976348070447749,0,,0,28,5,33,3,1.2246467991473532e-16,-1.0,3.5553480614894135,8.848078421168667,3.3714252233284854,4.060443010546419,24.803345588541813,28.32706376178856,14.43628818633445,1.9917582417582418,0,0,1,sweing_team9,23,0,280140,train,0.7911302851503994,0.8569472248685861,0.5864942561413656,1.1117809494117135,0.9265270070534614,0.7827063083026796,0.9136353409309595,0.8409185998032516,-0.6504237738035172,0.1762726874672926,-0.22888618729874646,-0.028538824941726233,-1.4377147039121636,-1.1680598507996036,0.592667240739876,0.7251371957240574,0
2015-02-03,1,sweing,Tuesday,10,0.8,22.52,1188.0,6720,90,0.0,0,0,56.0,0.999995238,0.9995775310342523,0.999,7.768972009485575,0,0,0.19999523799999996,0,1188.0,7.080867896690782,0,,0,28,5,33,3,1.2246467991473532e-16,-1.0,4.51085950651685,8.812992231969966,3.1144038032714896,4.02535169073515,31.940800266177583,28.50298355981648,18.157795941226325,2.4866785079928952,1,0,1,sweing_team10,13,0,302670,train,1.2686358597734448,0.8873621142155099,0.5607445480062361,0.8276687580304326,0.8865674150869745,1.2880621470891822,0.9265633425099684,1.310343518275951,-0.048975771847696824,0.663747223037126,-0.22888618729874646,-0.028538824941726233,-1.4377147039121636,-1.1680598507996036,0.592667240739876,0.7251371957240574,0
2015-02-03,1,sweing,Tuesday,11,0.7,25.31,946.0,5760,60,0.0,0,0,54.0,0.700513566,0.700346052578112,0.700513566,0.8489462734538228,0,0,0.0005135660000000764,0,946.0,6.853299093186078,0,,0,28,5,33,3,1.2246467991473532e-16,-1.0,4.110873864173311,8.658866349732383,3.2311995745570328,3.9889840465642745,28.173048125541303,27.337700749052676,16.398210261625373,2.133544053733702,0,0,1,sweing_team11,14,0,293040,train,1.0687477527474374,0.8211404199571082,0.4476317656173736,0.9567751279067022,0.8451544323417699,1.0212926011701051,0.8409289898877852,1.0883922505117904,-0.4781196692108545,-0.3112018481025408,-0.22888618729874646,-0.028538824941726233,-1.4377147039121636,-1.1680598507996036,0.592667240739876,0.7251371957240574,0
2015-02-03,1,finishing,Tuesday,12,0.8,4.08,,1080,0,0.0,0,0,9.0,0.778222222,0.7779897890659984,0.778222222,1.2539900234856927,1,0,-0.021777778000000025,1,0.0,0.0,0,,0,28,5,33,3,1.2246467991473532e-16,-1.0,0.0,6.985641817639208,1.4060969884160703,2.1972245773362196,0.0,0.0,0.0,2.2058823529411766,0,1,0,finishing_team12,3,0,172695,train,-0.9856129740972022,-1.1731446939116332,-0.7803455191751631,-1.0606983384260422,-1.1951785524965162,-0.973454127137173,-1.168065122270806,-0.980051246628074,-0.3902111140526185,0.663747223037126,-0.22888618729874646,-0.028538824941726233,-1.4377147039121636,-1.1680598507996036,0.592667240739876,0.7251371957240574,0
2015-02-03,1,sweing,Tuesday,12,0.8,15.26,1029.0,2040,50,0.0,0,0,35.0,0.800259023,0.8000081800401002,0.800259023,1.3863454871546776,0,0,0.00025902299999991385,0,1029.0,6.937314081223682,0,,0,28,5,33,3,1.2246467991473532e-16,-1.0,3.9318256327243257,7.621195162809845,2.725235025856311,3.5553480614894135,27.276309326814676,24.66456617062183,13.979008641420819,2.293577981651376,0,0,1,sweing_team12,15,0,174735,train,0.9792705109119583,0.8455884759527731,-0.31391375453498715,0.39748051090269754,0.3513594676960609,0.9578004729156381,0.6444855626086565,0.7832381038246665,-0.2836396837305439,0.663747223037126,-0.22888618729874646,-0.028538824941726233,-1.4377147039121636,-1.1680598507996036,0.592667240739876,0.7251371957240574,0
2015-02-04,1,finishing,Wednesday,1,0.8,3.94,,1200,0,0.0,0,0,10.0,0.929183333,0.9288247838496241,0.929183333,2.5687754437132706,0,0,0.12918333299999996,1,0.0,0.0,0,,0,29,5,34,4,-0.8660254037844384,-0.5000000000000004,0.0,7.0909098220799835,1.3711807233098425,2.302585092994046,0.0,0.0,0.0,2.5380710659898478,0,1,0,finishing_team1,0,0,304530,train,-0.9856129740972022,-1.1731446939116332,-0.7030894690818731,-1.0992948748235933,-1.0752012122964671,-0.973454127137173,-1.168065122270806,-0.980051246628074,0.013478634309133644,0.663747223037126,-0.22888618729874646,-1.2647205579438705,-0.736328099691826,-1.1680598507996036,0.592667240739876,0.8100046462475072,0
2015-02-04,1,sweing,Wednesday,1,0.8,22.52,1532.0,6900,88,0.0,0,0,57.5,0.900147246,0.8998129542322473,0.900147246,2.195148016556175,0,0,0.10014724599999991,0,1532.0,7.334981878871814,0,,0,29,5,34,4,-0.8660254037844384,-0.5000000000000004,4.48863636973214,8.839421607620602,3.1144038032714896,4.051784947803305,32.92406643283021,29.719769169222822,18.186989279043154,2.5532859680284195,1,0,1,sweing_team1,12,0,311430,train,1.2575301092818796,0.961308358936305,0.5801410320570825,0.8276687580304326,0.9166677981010531,1.3576807045220012,1.0159825349832547,1.3140259182942224,0.03196842560556396,0.663747223037126,-0.22888618729874646,-1.2647205579438705,-0.736328099691826,-1.1680598507996036,0.592667240739876,0.8100046462475072,0
2015-02-04,1,finishing,Wednesday,2,0.8,3.94,,2160,0,0.0,0,0,18.0,0.966759259,0.9663693180985797,0.966759259,3.3581072758926322,0,0,0.166759259,1,0.0,0.0,0,,0,29,5,34,4,-0.8660254037844384,-0.5000000000000004,0.0,7.6783263565068856,1.3711807233098425,2.8903717578961645,0.0,0.0,0.0,4.568527918781726,0,1,0,finishing_team2,4,0,303420,train,-0.9856129740972022,-1.1731446939116332,-0.2719852465748004,-1.0992948748235933,-0.40587000961859426,-0.973454127137173,-1.168065122270806,-0.980051246628074,2.4809755231719786,0.663747223037126,-0.22888618729874646,-1.2647205579438705,-0.736328099691826,-1.1680598507996036,0.592667240739876,0.8100046462475072,0
2015-02-04,1,sweing,Wednesday,2,0.8,22.52,1263.0,6900,100,0.0,0,0,57.5,1.05028058,0.9995822890559732,0.999,7.780303087908306,0,0,0.25028057999999986,0,1263.0,7.142036574706803,0,,0,29,5,34,4,-0.8660254037844384,-0.5000000000000004,4.61512051684126,8.839421607620602,3.1144038032714896,4.051784947803305,32.96135952796004,28.937996290057697,18.699475842435625,2.5532859680284195,1,0,1,sweing_team2,16,0,310320,train,1.3207390699493387,0.9051619770762551,0.5801410320570825,0.8276687580304326,0.9166677981010531,1.3603211813055993,0.9585315764807394,1.37867013754182,0.03196842560556396,0.663747223037126,-0.22888618729874646,-1.2647205579438705,-0.736328099691826,-1.1680598507996036,0.592667240739876,0.8100046462475072,0
2015-02-04,1,sweing,Wednesday,3,0.8,22.52,968.0,6840,113,0.0,0,0,57.0,1.000230409,0.9995822890559732,0.999,7.780303087908306,0,0,0.200230409,0,968.0,6.876264611890766,0,,0,29,5,34,4,-0.8660254037844384,-0.5000000000000004,4.736198448394496,8.830689198760998,3.1144038032714896,4.04305126783455,32.567353785587024,27.801090357070816,19.148693141497397,2.5310834813499112,1,0,1,sweing_team3,17,0,285990,train,1.3812463381577667,0.8278233023853054,0.5737323286730242,0.8276687580304326,0.9067224814303124,1.3324242472560552,0.8749825850562151,1.4353336749780667,0.004987026454476854,0.663747223037126,-0.22888618729874646,-1.2647205579438705,-0.736328099691826,-1.1680598507996036,0.592667240739876,0.8100046462475072,0
2015-02-04,1,sweing,Wednesday,4,0.35,30.1,287.0,6060,23,150.0,15,0,55.5,0.350706422,0.35083114512280705,0.350706422,-0.6153878201810546,0,1,0.0007064220000000399,0,287.0,5.662960480135946,0,,1,29,5,34,4,-0.8660254037844384,-0.5000000000000004,3.1780538303479458,8.709630081951286,3.40452517175483,4.0163830207523885,17.997193245005086,22.744618319609806,12.764281443246581,1.8438538205980066,0,0,1,sweing_team4,18,0,358380,train,0.6025819432328481,0.47475621226518394,0.4848872019682386,1.1483697243081041,0.876354507880272,0.30080779099874316,0.5033923535000465,0.6300143962507776,-0.8301634705915228,-3.7235235970913716,-0.22888618729874646,-1.2647205579438705,-0.736328099691826,-1.1680598507996036,0.592667240739876,0.8100046462475072,0
2015-02-04,1,sweing,Wednesday,5,0.65,30.1,326.0,5820,0,90.0,10,0,58.5,0.650834808,0.6507087972999165,0.650834808,0.6221562601754027,0,1,0.0008348080000000202,0,326.0,5.7899601708972535,0,,1,29,5,34,4,-0.8660254037844384,-0.5000000000000004,0.0,8.669227347271736,3.40452517175483,4.069026754237811,0.0,23.559502841352252,0.0,1.9435215946843853,0,1,1,sweing_team5,19,0,288960,train,-0.9856129740972022,0.5117126604381561,0.4552356880928589,1.1483697243081041,0.9363015865590966,-0.973454127137173,0.5632766217966945,-0.980051246628074,-0.7090429837710958,-0.7986763836723731,-0.22888618729874646,-1.2647205579438705,-0.736328099691826,-1.1680598507996036,0.592667240739876,0.8100046462475072,0
2015-02-04,1,finishing,Wednesday,6,0.7,2.9,,960,0,0.0,0,0,8.0,0.531666667,0.5316402119732665,0.531666667,0.12673018887461526,1,1,-0.16833333299999997,1,0.0,0.0,0,,0,29,5,34,4,-0.8660254037844384,-0.5000000000000004,0.0,6.8679744089702925,1.0647107369924282,2.0794415416798357,0.0,0.0,0.0,2.7586206896551726,0,1,0,finishing_team6,8,0,177735,train,-0.9856129740972022,-1.1731446939116332,-0.8667014757335281,-1.4380676486489155,-1.329301807783477,-0.973454127137173,-1.168065122270806,-0.980051246628074,0.28149984809940837,-0.3112018481025408,-0.22888618729874646,-1.2647205579438705,-0.736328099691826,-1.1680598507996036,0.592667240739876,0.8100046462475072,0
2015-02-04,1,sweing,Wednesday,6,0.7,18.79,941.0,3360,30,0.0,0,0,33.0,0.700710417,0.7005427391244778,0.700710417,0.8498836704393438,0,0,0.0007104170000000742,0,941.0,6.848005274576363,0,,0,29,5,34,4,-0.8660254037844384,-0.5000000000000004,3.4339872044851463,8.119993827725105,2.933324813425374,3.4965075614664802,23.515962489142023,23.944102223518595,12.006962226461454,1.7562533262373603,0,0,1,sweing_team6,20,0,181095,train,0.7304816282848566,0.8195999379928272,0.05215393001810756,0.6275035398673704,0.28435593563553735,0.6915552473964336,0.5915400775058872,0.5344873854230128,-0.9366192896356608,-0.3112018481025408,-0.22888618729874646,-1.2647205579438705,-0.736328099691826,-1.1680598507996036,0.592667240739876,0.8100046462475072,0
2015-02-04,1,finishing,Wednesday,7,0.7,3.94,,960,0,0.0,0,0,8.0,0.779791667,0.7795579229172933,0.779791667,1.2630920221099216,0,0,0.07979166700000007,1,0.0,0.0,0,,0,29,5,34,4,-0.8660254037844384,-0.5000000000000004,0.0,6.8679744089702925,1.3711807233098425,2.0794415416798357,0.0,0.0,0.0,2.030456852791878,0,1,0,finishing_team7,9,0,278250,train,-0.9856129740972022,-1.1731446939116332,-0.8667014757335281,-1.0992948748235933,-1.329301807783477,-0.973454127137173,-1.168065122270806,-0.980051246628074,-0.6033955879065779,-0.3112018481025408,-0.22888618729874646,-1.2647205579438705,-0.736328099691826,-1.1680598507996036,0.592667240739876,0.8100046462475072,0
2015-02-04,1,sweing,Wednesday,7,0.7,24.26,1471.0,6960,0,0.0,0,0,58.0,0.700612069,0.7004444732865497,0.700612069,0.8494152969653769,0,0,0.0006120689999999929,0,1471.0,7.294377299288821,0,,0,29,5,34,4,-0.8660254037844384,-0.5000000000000004,0.0,8.848078421168667,3.1888289035159043,4.060443010546419,0.0,29.61840332118576,0.0,2.3907666941467434,0,1,1,sweing_team7,21,0,285210,train,-0.9856129740972022,0.949492573937548,0.5864942561413656,0.9099384704906748,0.9265270070534614,-0.973454127137173,1.0085333572433353,-0.980051246628074,-0.1655318572159536,-0.3112018481025408,-0.22888618729874646,-1.2647205579438705,-0.736328099691826,-1.1680598507996036,0.592667240739876,0.8100046462475072,0
2015-02-04,1,finishing,Wednesday,8,0.7,4.15,,3000,0,0.0,0,0,25.0,0.915766667,0.915419326426065,0.915766667,2.3816764447821077,0,0,0.21576666700000002,1,0.0,0.0,0,,0,29,5,34,4,-0.8660254037844384,-0.5000000000000004,0.0,8.006700845440367,1.423108334242607,3.2188758248682006,0.0,0.0,0.0,6.024096385542168,0,1,0,finishing_team8,10,0,255600,train,-0.9856129740972022,-1.1731446939116332,-0.030991640766719373,-1.0418939495153812,-0.031792073931535665,-0.973454127137173,-1.168065122270806,-0.980051246628074,4.249843774826668,-0.3112018481025408,-0.22888618729874646,-1.2647205579438705,-0.736328099691826,-1.1680598507996036,0.592667240739876,0.8100046462475072,0
2015-02-04,1,sweing,Wednesday,8,0.7,29.12,1248.0,6840,0,0.0,0,0,57.0,0.700135088,0.6999678907669173,0.700135088,0.8471449639525952,0,0,0.00013508800000006094,0,1248.0,7.130098510125578,0,,0,29,5,34,4,-0.8660254037844384,-0.5000000000000004,0.0,8.830689198760998,3.3714252233284854,4.04305126783455,0.0,28.827353821148453,0.0,1.9574175824175823,0,1,1,sweing_team8,22,0,262440,train,-0.9856129740972022,0.9016880436962845,0.5737323286730242,1.1117809494117135,0.9067224814303124,-0.973454127137173,0.9504006780327028,-0.980051246628074,-0.6921559928201709,-0.3112018481025408,-0.22888618729874646,-1.2647205579438705,-0.736328099691826,-1.1680598507996036,0.592667240739876,0.8100046462475072,0
2015-02-04,1,finishing,Wednesday,9,0.75,3.94,,960,0,0.0,0,0,8.0,0.755166667,0.7549534951812866,0.755166667,1.125208143446938,0,0,0.005166667000000014,1,0.0,0.0,0,,0,29,5,34,4,-0.8660254037844384,-0.5000000000000004,0.0,6.8679744089702925,1.3711807233098425,2.0794415416798357,0.0,0.0,0.0,2.030456852791878,0,1,0,finishing_team9,11,0,281100,train,-0.9856129740972022,-1.1731446939116332,-0.8667014757335281,-1.0992948748235933,-1.329301807783477,-0.973454127137173,-1.168065122270806,-0.980051246628074,-0.6033955879065779,0.1762726874672926,-0.22888618729874646,-1.2647205579438705,-0.736328099691826,-1.1680598507996036,0.592667240739876,0.8100046462475072,0
2015-02-04,1,sweing,Wednesday,9,0.8,22.52,1086.0,6960,50,0.0,0,0,58.0,0.799963218,0.7997126221620718,0.799963218,1.3844992164344994,1,0,-3.678200000001297e-05,0,1086.0,6.99117688712121,0,,0,29,5,34,4,-0.8660254037844384,-0.5000000000000004,3.9318256327243257,8.848078421168667,3.1144038032714896,4.060443010546419,27.488088487693034,28.38727532680499,15.964953909082741,2.575488454706927,0,0,1,sweing_team9,23,0,288060,train,0.9792705109119583,0.8612623565950819,0.5864942561413656,0.8276687580304326,0.9265270070534614,0.9727951510350703,0.9180601709747245,1.0337420008373779,0.05894982475665054,0.663747223037126,-0.22888618729874646,-1.2647205579438705,-0.736328099691826,-1.1680598507996036,0.592667240739876,0.8100046462475072,0
2015-02-04,1,sweing,Wednesday,10,0.8,22.52,1108.0,6720,113,0.0,0,0,56.0,0.999995238,0.9995775310342523,0.999,7.768972009485575,0,0,0.19999523799999996,0,1108.0,7.011213987350367,0,,0,29,5,34,4,-0.8660254037844384,-0.5000000000000004,4.736198448394496,8.812992231969966,3.1144038032714896,4.02535169073515,33.206500808250595,28.22260207808673,19.064864431901974,2.4866785079928952,1,0,1,sweing_team10,13,0,309390,train,1.3812463381577667,0.8670930798961902,0.5607445480062361,0.8276687580304326,0.8865674150869745,1.377678009883524,0.9059586562883998,1.424759658273204,-0.048975771847696824,0.663747223037126,-0.22888618729874646,-1.2647205579438705,-0.736328099691826,-1.1680598507996036,0.592667240739876,0.8100046462475072,0
2015-02-04,1,sweing,Wednesday,11,0.7,10.05,1042.0,6120,60,0.0,0,0,53.0,0.700278846,0.7001115286683375,0.700278846,0.8478290057136115,0,0,0.00027884600000005477,0,1042.0,6.949856455000773,0,,0,29,5,34,4,-0.8660254037844384,-0.5000000000000004,4.110873864173311,8.71948076085107,2.307572634505085,3.970291913552122,28.56998326061886,27.592958883637586,16.32136926056006,5.273631840796019,0,0,1,sweing_team11,14,0,299160,train,1.0687477527474374,0.8492382611111502,0.49211660226491494,-0.06420465618582306,0.8238691112946817,1.0493969460928803,0.8596874105087821,1.0786996519640568,3.337847577115394,-0.3112018481025408,-0.22888618729874646,-1.2647205579438705,-0.736328099691826,-1.1680598507996036,0.592667240739876,0.8100046462475072,0
2015-02-04,1,finishing,Wednesday,12,0.8,4.08,,1080,0,0.0,0,0,9.0,0.687555556,0.6873988679832915,0.687555556,0.7879866783296118,1,1,-0.11244444400000009,1,0.0,0.0,0,,0,29,5,34,4,-0.8660254037844384,-0.5000000000000004,0.0,6.985641817639208,1.4060969884160703,2.1972245773362196,0.0,0.0,0.0,2.2058823529411766,0,1,0,finishing_team12,3,0,175815,train,-0.9856129740972022,-1.1731446939116332,-0.7803455191751631,-1.0606983384260422,-1.1951785524965162,-0.973454127137173,-1.168065122270806,-0.980051246628074,-0.3902111140526185,0.663747223037126,-0.22888618729874646,-1.2647205579438705,-0.736328099691826,-1.1680598507996036,0.592667240739876,0.8100046462475072,0
2015-02-04,1,sweing,Wednesday,12,0.8,15.26,1094.0,4080,38,0.0,0,0,34.0,0.800401961,0.8001509986265665,0.800401961,1.387238369876064,0,0,0.00040196100000000623,0,1094.0,6.9985096422506015,0,,0,29,5,34,4,-0.8660254037844384,-0.5000000000000004,3.6635616461296463,8.314097335405807,2.725235025856311,3.5263605246161616,25.639471505417816,24.679268133578095,12.919039168409387,2.2280471821756227,0,0,1,sweing_team12,15,0,179895,train,0.8452087477209552,0.8633961616719288,0.19460623917250247,0.39748051090269754,0.31835044575563654,0.8419068403043721,0.6455659810859616,0.6495352832950346,-0.3632754778173688,0.663747223037126,-0.22888618729874646,-1.2647205579438705,-0.736328099691826,-1.1680598507996036,0.592667240739876,0.8100046462475072,0
2015-02-05,1,finishing,Thursday,1,0.8,3.94,,1440,0,0.0,0,0,12.0,0.845458333,0.8451697295472013,0.845458333,1.697207982956496,0,0,0.045458332999999906,1,0.0,0.0,0,,0,30,6,35,5,-0.8660254037844386,0.5000000000000001,0.0,7.273092595999522,1.3711807233098425,2.4849066497880004,0.0,0.0,0.0,3.0456852791878175,0,1,0,finishing_team1,0,0,312870,train,-0.9856129740972022,-1.1731446939116332,-0.5693857707660099,-1.0992948748235933,-0.8675859087010354,-0.973454127137173,-1.168065122270806,-0.980051246628074,0.6303528565248452,0.663747223037126,-0.22888618729874646,-1.2647205579438707,0.6664451087488514,-1.1680598507996036,1.1028818214186604,0.8948720967709571,0
2015-02-05,1,sweing,Thursday,1,0.8,22.52,1485.0,6900,113,0.0,0,0,57.5,1.000018551,0.9995822890559732,0.999,7.780303087908306,0,0,0.20001855099999988,0,1485.0,7.303843225277705,0,,0,30,6,35,5,-0.8660254037844386,0.5000000000000001,4.736198448394496,8.839421607620602,3.1144038032714896,4.051784947803305,34.592450950876916,29.593602041295345,19.190057583014184,2.5532859680284195,1,0,1,sweing_team1,12,0,319770,train,1.3812463381577667,0.9522471239771608,0.5801410320570825,0.8276687580304326,0.9166677981010531,1.475807949543638,1.006710759734817,1.4405513181661436,0.03196842560556396,0.663747223037126,-0.22888618729874646,-1.2647205579438707,0.6664451087488514,-1.1680598507996036,1.1028818214186604,0.8948720967709571,0
2015-02-05,1,finishing,Thursday,2,0.8,3.94,,2640,0,0.0,0,0,22.0,0.999924242,0.9995065943458645,0.999,7.613685366979091,0,0,0.19992424199999992,1,0.0,0.0,0,,0,30,6,35,5,-0.8660254037844386,0.5000000000000001,0.0,7.878912912297132,1.3711807233098425,3.091042453358316,0.0,0.0,0.0,5.583756345177665,0,1,0,finishing_team2,4,0,312960,train,-0.9856129740972022,-1.1731446939116332,-0.12477503693422305,-1.0992948748235933,-0.1773599634469038,-0.973454127137173,-1.168065122270806,-0.980051246628074,3.7147239676034016,0.663747223037126,-0.22888618729874646,-1.2647205579438707,0.6664451087488514,-1.1680598507996036,1.1028818214186604,0.8948720967709571,0
2015-02-05,1,sweing,Thursday,2,0.8,22.52,1300.0,6780,113,0.0,0,0,56.5,1.000446018,0.9995822890559732,0.999,7.780303087908306,0,0,0.20044601800000006,0,1300.0,7.170888478512505,0,,0,30,6,35,5,-0.8660254037844386,0.5000000000000001,4.736198448394496,8.821879862683842,3.1144038032714896,4.034240638152395,33.96275088554089,28.929089711673946,19.106964250867396,2.5088809946714035,1,0,1,sweing_team2,16,0,319740,train,1.3812463381577667,0.9135577761628136,0.5672671685051183,0.8276687580304326,0.8966895396954262,1.4312230633237775,0.9578770494707071,1.4300700607732608,-0.021994372696609716,0.663747223037126,-0.22888618729874646,-1.2647205579438707,0.6664451087488514,-1.1680598507996036,1.1028818214186604,0.8948720967709571,0
2015-02-05,1,sweing,Thursday,3,0.8,22.52,1063.0,6840,100,0.0,0,0,57.0,0.950185965,0.9498098697911446,0.950185965,2.9404434295203643,0,0,0.15018596499999992,0,1063.0,6.96979066990159,0,,0,30,6,35,5,-0.8660254037844386,0.5000000000000001,4.61512051684126,8.830689198760998,3.1144038032714896,4.04305126783455,32.16642391875161,28.179221004487044,18.6591688568243,2.5310834813499112,1,0,1,sweing_team3,17,0,292830,train,1.3207390699493387,0.8550390451558575,0.5737323286730242,0.8276687580304326,0.9067224814303124,1.3040370618657187,0.9027706661117239,1.373585880116962,0.004987026454476854,0.663747223037126,-0.22888618729874646,-1.2647205579438707,0.6664451087488514,-1.1680598507996036,1.1028818214186604,0.8948720967709571,0
2015-02-05,1,sweing,Thursday,4,0.5,30.1,417.0,6360,23,0.0,0,1,53.0,0.500720126,0.5007195243909774,0.500720126,0.0028780995506259583,0,1,0.0007201260000000431,0,417.0,6.035481432524756,0,,0,30,6,35,5,-0.8660254037844386,0.5000000000000001,3.1780538303479458,8.757940876678804,3.40452517175483,3.970291913552122,19.181084884629207,23.96262312594702,12.617801423463796,1.760797342192691,0,0,1,sweing_team4,18,1,364740,train,0.6025819432328481,0.5831584547255859,0.5203424307183535,1.1483697243081041,0.8238691112946817,0.3846313078680305,0.5929011423691002,0.6115376454623297,-0.9310972096085454,-2.2610999903818723,3.393677892448722,-1.2647205579438707,0.6664451087488514,-1.1680598507996036,1.1028818214186604,0.8948720967709571,0
2015-02-05,1,sweing,Thursday,5,0.7,30.1,557.0,6960,0,0.0,0,0,58.0,0.562212644,0.5621606701954888,0.562212644,0.24993568291383456,1,1,-0.13778735599999992,0,557.0,6.324358962381311,0,,0,30,6,35,5,-0.8660254037844386,0.5000000000000001,0.0,8.848078421168667,3.40452517175483,4.060443010546419,0.0,25.679699144987797,0.0,1.9269102990033222,0,1,1,sweing_team5,19,0,295920,train,-0.9856129740972022,0.6672207654011689,0.5864942561413656,1.1483697243081041,0.9265270070534614,-0.973454127137173,0.7190856976851201,-0.980051246628074,-0.7292297315745003,-0.3112018481025408,-0.22888618729874646,-1.2647205579438707,0.6664451087488514,-1.1680598507996036,1.1028818214186604,0.8948720967709571,0
2015-02-05,1,finishing,Thursday,6,0.7,2.9,,960,0,0.0,0,0,8.0,0.9425,0.9421303258145364,0.9425,2.789950129669779,0,0,0.24250000000000005,1,0.0,0.0,0,,0,30,6,35,5,-0.8660254037844386,0.5000000000000001,0.0,6.8679744089702925,1.0647107369924282,2.0794415416798357,0.0,0.0,0.0,2.7586206896551726,0,1,0,finishing_team6,8,0,182055,train,-0.9856129740972022,-1.1731446939116332,-0.8667014757335281,-1.4380676486489155,-1.329301807783477,-0.973454127137173,-1.168065122270806,-0.980051246628074,0.28149984809940837,-0.3112018481025408,-0.22888618729874646,-1.2647205579438707,0.6664451087488514,-1.1680598507996036,1.1028818214186604,0.8948720967709571,0
2015-02-05,1,sweing,Thursday,6,0.7,18.79,766.0,2760,30,0.0,0,0,33.0,0.700079032,0.6999118815973266,0.700079032,0.8468782841515439,0,0,7.903200000003441e-05,0,766.0,6.642486801367256,0,,0,30,6,35,5,-0.8660254037844386,0.5000000000000001,3.4339872044851463,7.923348211930154,2.933324813425374,3.4965075614664802,22.810214681856625,23.225505327921905,12.006962226461454,1.7562533262373603,0,0,1,sweing_team6,20,0,184815,train,0.7304816282848566,0.7597948096636898,-0.0921640289399516,0.6275035398673704,0.28435593563553735,0.6415859248254655,0.5387317983634206,0.5344873854230128,-0.9366192896356608,-0.3112018481025408,-0.22888618729874646,-1.2647205579438707,0.6664451087488514,-1.1680598507996036,1.1028818214186604,0.8948720967709571,0
2015-02-05,1,finishing,Thursday,7,0.7,3.94,,1200,0,0.0,0,0,10.0,0.8471,0.8468100250626566,0.8471,1.7097975605318974,0,0,0.1471,1,0.0,0.0,0,,0,30,6,35,5,-0.8660254037844386,0.5000000000000001,0.0,7.0909098220799835,1.3711807233098425,2.302585092994046,0.0,0.0,0.0,2.5380710659898478,0,1,0,finishing_team7,9,0,286410,train,-0.9856129740972022,-1.1731446939116332,-0.7030894690818731,-1.0992948748235933,-1.0752012122964671,-0.973454127137173,-1.168065122270806,-0.980051246628074,0.013478634309133644,-0.3112018481025408,-0.22888618729874646,-1.2647205579438707,0.6664451087488514,-1.1680598507996036,1.1028818214186604,0.8948720967709571,0
2015-02-05,1,sweing,Thursday,7,0.07,24.26,1608.0,6960,0,0.0,0,0,58.0,0.522844828,0.52282574293066,0.522844828,0.09136647805323045,0,1,0.452844828,0,1608.0,7.3833681469923835,0,,0,30,6,35,5,-0.8660254037844386,0.5000000000000001,0.0,8.848078421168667,3.1888289035159043,4.060443010546419,0.0,29.97974558674629,0.0,2.3907666941467434,0,1,1,sweing_team7,21,0,293370,train,-0.9856129740972022,0.9753885870011291,0.5864942561413656,0.9099384704906748,0.9265270070534614,-0.973454127137173,1.0350876929809634,-0.980051246628074,-0.1655318572159536,-6.453380996282435,-0.22888618729874646,-1.2647205579438707,0.6664451087488514,-1.1680598507996036,1.1028818214186604,0.8948720967709571,0
2015-02-05,1,sweing,Thursday,8,0.7,24.26,1167.0,6840,0,0.0,0,0,57.0,0.496549708,0.496552590449457,0.496549708,-0.013789856721450063,1,1,-0.20345029199999998,0,1167.0,7.0630481633881725,0,,0,30,6,35,5,-0.8660254037844386,0.5000000000000001,0.0,8.830689198760998,3.1888289035159043,4.04305126783455,0.0,28.556265831763042,0.0,2.34954657873042,0,1,1,sweing_team8,22,0,269280,train,-0.9856129740972022,0.8821766366264991,0.5737323286730242,0.9099384704906748,0.9067224814303124,-0.973454127137173,0.930478952370713,-0.980051246628074,-0.21562428169101347,-0.3112018481025408,-0.22888618729874646,-1.2647205579438707,0.6664451087488514,-1.1680598507996036,1.1028818214186604,0.8948720967709571,0
2015-02-05,1,sweing,Thursday,9,0.8,29.12,1069.0,6960,50,0.0,0,0,58.0,0.799963218,0.7997126221620718,0.799963218,1.3844992164344994,1,0,-3.678200000001297e-05,0,1069.0,6.975413927455952,0,,0,30,6,35,5,-0.8660254037844386,0.5000000000000001,3.9318256327243257,8.848078421168667,3.3714252233284854,4.060443010546419,27.42611127883357,28.323270727406666,15.964953909082741,1.9917582417582418,0,0,1,sweing_team9,23,0,295020,train,0.9792705109119583,0.856675392655015,0.5864942561413656,1.1117809494117135,0.9265270070534614,0.9684069558333608,0.9133565982594237,1.0337420008373779,-0.6504237738035172,0.663747223037126,-0.22888618729874646,-1.2647205579438707,0.6664451087488514,-1.1680598507996036,1.1028818214186604,0.8948720967709571,0
2015-02-05,1,finishing,Thursday,10,0.8,3.94,,960,0,0.0,0,0,8.0,0.771583333,0.7713564463391813,0.771583333,1.2159863269757576,1,0,-0.028416667000000007,1,0.0,0.0,0,,0,30,6,35,5,-0.8660254037844386,0.5000000000000001,0.0,6.8679744089702925,1.3711807233098425,2.0794415416798357,0.0,0.0,0.0,2.030456852791878,0,1,0,finishing_team10,1,0,310350,train,-0.9856129740972022,-1.1731446939116332,-0.8667014757335281,-1.0992948748235933,-1.329301807783477,-0.973454127137173,-1.168065122270806,-0.980051246628074,-0.6033955879065779,0.663747223037126,-0.22888618729874646,-1.2647205579438707,0.6664451087488514,-1.1680598507996036,1.1028818214186604,0.8948720967709571,0
2015-02-05,1,sweing,Thursday,10,0.8,22.52,1039.0,6720,113,0.0,0,0,56.0,0.999995238,0.9995775310342523,0.999,7.768972009485575,0,0,0.19999523799999996,0,1039.0,6.946975992135418,0,,0,30,6,35,5,-0.8660254037844386,0.5000000000000001,4.736198448394496,8.812992231969966,3.1144038032714896,4.02535169073515,32.90225691498558,27.9640215554388,19.064864431901974,2.4866785079928952,1,0,1,sweing_team10,13,0,317070,train,1.3812463381577667,0.8484000568922304,0.5607445480062361,0.8276687580304326,0.8865674150869745,1.3561365171776756,0.8869560798725108,1.424759658273204,-0.048975771847696824,0.663747223037126,-0.22888618729874646,-1.2647205579438707,0.6664451087488514,-1.1680598507996036,1.1028818214186604,0.8948720967709571,0
2015-02-05,1,sweing,Thursday,11,0.75,10.05,668.0,2520,34,0.0,0,0,26.0,0.7504,0.7501908103592314,0.7504,1.099630202976674,0,0,0.00039999999999995595,0,668.0,6.505784060128229,0,,0,30,6,35,5,-0.8660254037844386,0.5000000000000001,3.5553480614894135,7.83241092718792,2.307572634505085,3.258096538021482,23.130326746645625,21.196472523419125,11.583667210600046,2.587064676616915,0,0,1,sweing_team11,14,0,301680,train,0.7911302851503994,0.7200148090871645,-0.1589027826829887,-0.06420465618582306,0.012869788394213738,0.6642509375384723,0.3896221495659088,0.48109364251076275,0.07301773834388355,0.1762726874672926,-0.22888618729874646,-1.2647205579438707,0.6664451087488514,-1.1680598507996036,1.1028818214186604,0.8948720967709571,0
2015-02-05,1,finishing,Thursday,12,0.8,4.08,,1080,0,0.0,0,0,9.0,0.906666667,0.9063269287652465,0.906666667,2.269589334979732,0,0,0.10666666699999994,1,0.0,0.0,0,,0,30,6,35,5,-0.8660254037844386,0.5000000000000001,0.0,6.985641817639208,1.4060969884160703,2.1972245773362196,0.0,0.0,0.0,2.2058823529411766,0,1,0,finishing_team12,3,0,180975,train,-0.9856129740972022,-1.1731446939116332,-0.7803455191751631,-1.0606983384260422,-1.1951785524965162,-0.973454127137173,-1.168065122270806,-0.980051246628074,-0.3902111140526185,0.663747223037126,-0.22888618729874646,-1.2647205579438707,0.6664451087488514,-1.1680598507996036,1.1028818214186604,0.8948720967709571,0
2015-02-05,1,sweing,Thursday,12,0.8,15.26,1083.0,720,38,0.0,0,0,34.0,0.800612676,0.8003615375906432,0.800612676,1.3885555048149814,0,0,0.0006126759999999232,0,1083.0,6.988413181999592,0,,0,30,6,35,5,-0.8660254037844386,0.5000000000000001,3.6635616461296463,6.580639137284949,2.725235025856311,3.5263605246161616,25.602482500880544,24.64366437471058,12.919039168409387,2.2280471821756227,0,0,1,sweing_team12,15,0,181695,train,0.8452087477209552,0.8604581284549959,-1.0775764539457442,0.39748051090269754,0.31835044575563654,0.8392878941592734,0.6429495305441935,0.6495352832950346,-0.3632754778173688,0.663747223037126,-0.22888618729874646,-1.2647205579438707,0.6664451087488514,-1.1680598507996036,1.1028818214186604,0.8948720967709571,0
2015-02-07,1,finishing,Saturday,1,0.8,3.94,,1200,0,0.0,0,0,10.0,0.870083333,0.869774157283208,0.870083333,1.8989633937728796,0,0,0.07008333299999991,1,0.0,0.0,0,,0,31,6,37,0,0.0,1.0,0.0,7.0909098220799835,1.3711807233098425,2.302585092994046,0.0,0.0,0.0,2.5380710659898478,0,1,0,finishing_team1,0,0,320970,train,-0.9856129740972022,-1.1731446939116332,-0.7030894690818731,-1.0992948748235933,-1.0752012122964671,-0.973454127137173,-1.168065122270806,-0.980051246628074,0.013478634309133644,0.663747223037126,-0.22888618729874646,-0.028538824941726406,1.3678317129691895,-1.1680598507996036,1.1028818214186604,0.9797395472944069,0
2015-02-07,1,sweing,Saturday,1,0.8,22.52,1534.0,6780,88,0.0,0,0,57.0,0.900135693,0.8998014108838763,0.900135693,2.1950199765288154,0,0,0.10013569299999991,0,1534.0,7.336285660021297,0,,0,31,6,37,0,0.0,1.0,4.48863636973214,8.821879862683842,3.1144038032714896,4.04305126783455,32.92991863231595,29.660979038945538,18.1477869654938,2.5310834813499112,1,0,1,sweing_team1,12,0,327750,train,1.2575301092818796,0.9616877545095612,0.5672671685051183,0.8276687580304326,0.9067224814303124,1.3580950599629023,1.0116621633958893,1.309081002401556,0.004987026454476854,0.663747223037126,-0.22888618729874646,-0.028538824941726406,1.3678317129691895,-1.1680598507996036,1.1028818214186604,0.9797395472944069,0
2015-02-07,1,finishing,Saturday,2,0.8,3.94,,3000,0,0.0,0,0,25.0,1.050666667,0.9995822890559732,0.999,7.780303087908306,0,0,0.25066666699999995,1,0.0,0.0,0,,0,31,6,37,0,0.0,1.0,0.0,8.006700845440367,1.3711807233098425,3.2188758248682006,0.0,0.0,0.0,6.345177664974619,0,1,0,finishing_team2,4,0,322740,train,-0.9856129740972022,-1.1731446939116332,-0.030991640766719373,-1.0992948748235933,-0.031792073931535665,-0.973454127137173,-1.168065122270806,-0.980051246628074,4.640035300926968,0.663747223037126,-0.22888618729874646,-0.028538824941726406,1.3678317129691895,-1.1680598507996036,1.1028818214186604,0.9797395472944069,0
2015-02-07,1,sweing,Saturday,2,0.8,22.52,1186.0,6900,113,0.0,0,0,58.0,1.000018551,0.9995822890559732,0.999,7.780303087908306,0,0,0.20001855099999988,0,1186.0,7.079184394609668,0,,0,31,6,37,0,0.0,1.0,4.736198448394496,8.839421607620602,3.1144038032714896,4.060443010546419,33.52842214564884,28.744624795462112,19.231063886344224,2.575488454706927,1,0,1,sweing_team2,16,0,329640,train,1.3812463381577667,0.8868722212320168,0.5801410320570825,0.8276687580304326,0.9265270070534614,1.400471125193091,0.9443210838841629,1.4457237863874626,0.05894982475665054,0.663747223037126,-0.22888618729874646,-0.028538824941726406,1.3678317129691895,-1.1680598507996036,1.1028818214186604,0.9797395472944069,0
2015-02-07,1,sweing,Saturday,3,0.8,22.52,1060.0,6840,100,0.0,0,0,57.0,0.950185965,0.9498098697911446,0.950185965,2.9404434295203643,0,0,0.15018596499999992,0,1060.0,6.966967138613983,0,,0,31,6,37,0,0.0,1.0,4.61512051684126,8.830689198760998,3.1144038032714896,4.04305126783455,32.15339298157624,28.167805322734914,18.6591688568243,2.5310834813499112,1,0,1,sweing_team3,17,0,299670,train,1.3207390699493387,0.8542174078190286,0.5737323286730242,0.8276687580304326,0.9067224814303124,1.3031144276096907,0.9019317500069339,1.373585880116962,0.004987026454476854,0.663747223037126,-0.22888618729874646,-0.028538824941726406,1.3678317129691895,-1.1680598507996036,1.1028818214186604,0.9797395472944069,0
2015-02-07,1,finishing,Saturday,4,0.8,4.3,,960,0,0.0,0,0,8.0,0.447916667,0.447960178556391,0.447916667,-0.20891584265812718,1,1,-0.35208333300000005,1,0.0,0.0,0,,0,31,6,37,0,0.0,1.0,0.0,6.8679744089702925,1.4586150226995167,2.0794415416798357,0.0,0.0,0.0,1.8604651162790697,0,1,0,finishing_team4,6,0,365700,train,-0.9856129740972022,-1.1731446939116332,-0.8667014757335281,-1.0026447575066062,-1.329301807783477,-0.973454127137173,-1.168065122270806,-0.980051246628074,-0.8099767227881183,0.663747223037126,-0.22888618729874646,-0.028538824941726406,1.3678317129691895,-1.1680598507996036,1.1028818214186604,0.9797395472944069,0
2015-02-07,1,sweing,Saturday,4,0.6,30.1,486.0,6780,30,0.0,0,1,57.0,0.600224189,0.6001404595187969,0.600224189,0.4060503903733854,0,1,0.00022418899999998576,0,486.0,6.18826412308259,0,,0,31,6,37,0,0.0,1.0,3.4339872044851463,8.821879862683842,3.40452517175483,4.04305126783455,21.250419816640107,25.019469108524124,13.883786320821294,1.893687707641196,0,0,1,sweing_team4,18,1,372480,train,0.7304816282848566,0.6276176620786172,0.5672671685051183,1.1483697243081041,0.9067224814303124,0.5311471930859492,0.670566684762216,0.7712269156105733,-0.7696032271813092,-1.2861509192422065,3.393677892448722,-0.028538824941726406,1.3678317129691895,-1.1680598507996036,1.1028818214186604,0.9797395472944069,0
2015-02-07,1,sweing,Saturday,5,0.7,30.1,687.0,7500,0,0.0,0,0,59.0,0.545657673,0.5456195295806182,0.545657673,0.18298701292178235,1,1,-0.15434232699999995,0,687.0,6.5337888379333435,0,,0,31,6,37,0,0.0,1.0,0.0,8.922791623969637,3.40452517175483,4.07753744390572,0.0,26.641768637246447,0.0,1.9601328903654485,0,1,1,sweing_team5,19,0,303420,train,-0.9856129740972022,0.7281640975881539,0.6413261774728777,1.1483697243081041,0.9459929771454892,-0.973454127137173,0.7897863013378252,-0.980051246628074,-0.6888562359676913,-0.3112018481025408,-0.22888618729874646,-0.028538824941726406,1.3678317129691895,-1.1680598507996036,1.1028818214186604,0.9797395472944069,0
2015-02-07,1,finishing,Saturday,6,0.75,2.9,,960,0,0.0,0,0,8.0,0.845833333,0.8455444162639932,0.845833333,1.7000741284034946,0,0,0.09583333299999997,1,0.0,0.0,0,,0,31,6,37,0,0.0,1.0,0.0,6.8679744089702925,1.0647107369924282,2.0794415416798357,0.0,0.0,0.0,2.7586206896551726,0,1,0,finishing_team6,8,0,185775,train,-0.9856129740972022,-1.1731446939116332,-0.8667014757335281,-1.4380676486489155,-1.329301807783477,-0.973454127137173,-1.168065122270806,-0.980051246628074,0.28149984809940837,0.1762726874672926,-0.22888618729874646,-0.028538824941726406,1.3678317129691895,-1.1680598507996036,1.1028818214186604,0.9797395472944069,0
2015-02-07,1,sweing,Saturday,6,0.75,18.79,813.0,1560,34,0.0,0,0,33.0,0.750520115,0.7503108250125313,0.750520115,1.1002707097532298,0,0,0.0005201150000000432,0,813.0,6.70196036600254,0,,0,31,6,37,0,0.0,1.0,3.5553480614894135,7.353081920515432,2.933324813425374,3.4965075614664802,23.82780179544601,23.43345509637654,12.431301380642926,1.7562533262373603,0,0,1,sweing_team6,20,0,187335,train,0.7911302851503994,0.7771014006949762,-0.510681710642914,0.6275035398673704,0.28435593563553735,0.7136345209360105,0.5540136197676798,0.5880128342399801,-0.9366192896356608,0.1762726874672926,-0.22888618729874646,-0.028538824941726406,1.3678317129691895,-1.1680598507996036,1.1028818214186604,0.9797395472944069,0
2015-02-07,1,finishing,Saturday,7,0.7,3.94,,1200,0,0.0,0,0,10.0,0.715766667,0.7155864108036759,0.715766667,0.9226728827490517,0,0,0.015766667000000067,1,0.0,0.0,0,,0,31,6,37,0,0.0,1.0,0.0,7.0909098220799835,1.3711807233098425,2.302585092994046,0.0,0.0,0.0,2.5380710659898478,0,1,0,finishing_team7,9,0,294570,train,-0.9856129740972022,-1.1731446939116332,-0.7030894690818731,-1.0992948748235933,-1.0752012122964671,-0.973454127137173,-1.168065122270806,-0.980051246628074,0.013478634309133644,-0.3112018481025408,-0.22888618729874646,-0.028538824941726406,1.3678317129691895,-1.1680598507996036,1.1028818214186604,0.9797395472944069,0
2015-02-07,1,sweing,Saturday,7,0.7,24.26,658.0,6960,0,270.0,45,0,58.0,0.662270115,0.6621345509941521,0.662270115,0.6728210481567194,1,1,-0.03772988499999996,0,658.0,6.490723534502507,0,,1,31,6,37,0,0.0,1.0,0.0,8.848078421168667,3.1888289035159043,4.060443010546419,0.0,26.355213009059856,0.0,2.3907666941467434,0,1,1,sweing_team7,21,0,301530,train,-0.9856129740972022,0.7156322508981782,0.5864942561413656,0.9099384704906748,0.9265270070534614,-0.973454127137173,0.7687278891795637,-0.980051246628074,-0.1655318572159536,-0.3112018481025408,-0.22888618729874646,-0.028538824941726406,1.3678317129691895,-1.1680598507996036,1.1028818214186604,0.9797395472944069,0
2015-02-07,1,sweing,Saturday,8,0.7,24.26,652.0,6840,0,300.0,37,0,57.0,0.365318713,0.36543122869507105,0.365318713,-0.5518675631913379,1,1,-0.33468128699999994,0,652.0,6.481577129276431,0,,1,31,6,37,0,0.0,1.0,0.0,8.830689198760998,3.1888289035159043,4.04305126783455,0.0,26.205348630088498,0.0,2.34954657873042,0,1,1,sweing_team8,22,0,276120,train,-0.9856129740972022,0.7129706802385947,0.5737323286730242,0.9099384704906748,0.9067224814303124,-0.973454127137173,0.7577146493413086,-0.980051246628074,-0.21562428169101347,-0.3112018481025408,-0.22888618729874646,-0.028538824941726406,1.3678317129691895,-1.1680598507996036,1.1028818214186604,0.9797395472944069,0
2015-02-07,1,finishing,Saturday,9,0.8,3.94,,960,0,0.0,0,0,8.0,0.771583333,0.7713564463391813,0.771583333,1.2159863269757576,1,0,-0.028416667000000007,1,0.0,0.0,0,,0,31,6,37,0,0.0,1.0,0.0,6.8679744089702925,1.3711807233098425,2.0794415416798357,0.0,0.0,0.0,2.030456852791878,0,1,0,finishing_team9,11,0,295980,train,-0.9856129740972022,-1.1731446939116332,-0.8667014757335281,-1.0992948748235933,-1.329301807783477,-0.973454127137173,-1.168065122270806,-0.980051246628074,-0.6033955879065779,0.663747223037126,-0.22888618729874646,-0.028538824941726406,1.3678317129691895,-1.1680598507996036,1.1028818214186604,0.9797395472944069,0
2015-02-07,1,sweing,Saturday,9,0.8,29.12,829.0,6960,50,0.0,0,0,58.0,0.799963218,0.7997126221620718,0.799963218,1.3844992164344994,1,0,-3.678200000001297e-05,0,829.0,6.721425700790643,0,,0,31,6,37,0,0.0,1.0,3.9318256327243257,8.848078421168667,3.3714252233284854,4.060443010546419,26.427473858820715,27.291966007682433,15.964953909082741,1.9917582417582418,0,0,1,sweing_team9,23,0,302940,train,0.9792705109119583,0.7827657423319817,0.5864942561413656,1.1117809494117135,0.9265270070534614,0.8977000618736007,0.8375680332741571,1.0337420008373779,-0.6504237738035172,0.663747223037126,-0.22888618729874646,-0.028538824941726406,1.3678317129691895,-1.1680598507996036,1.1028818214186604,0.9797395472944069,0
2015-02-07,1,sweing,Saturday,10,0.8,22.52,1142.0,6720,88,0.0,0,0,56.0,0.900129762,0.8997954848387636,0.900129762,2.19495424930865,0,0,0.10012976200000001,0,1142.0,7.04141166379481,0,,0,31,6,37,0,0.0,1.0,4.48863636973214,8.812992231969966,3.1144038032714896,4.02535169073515,31.606336488365482,28.34415834601864,18.068339999996553,2.4866785079928952,1,0,1,sweing_team10,13,0,323790,train,1.2575301092818796,0.8758804939266758,0.5607445480062361,0.8276687580304326,0.8865674150869745,1.264380984740152,0.9148915884619164,1.2990596917506712,-0.048975771847696824,0.663747223037126,-0.22888618729874646,-0.028538824941726406,1.3678317129691895,-1.1680598507996036,1.1028818214186604,0.9797395472944069,0
2015-02-07,1,sweing,Saturday,11,0.75,10.05,677.0,3240,45,0.0,0,0,27.0,0.750027778,0.7498188993216374,0.750027778,1.097646651478523,0,0,2.777799999997832e-05,0,677.0,6.519147287940395,0,,0,31,6,37,0,0.0,1.0,3.828641396489095,8.083637203141548,2.307572634505085,3.295836866004329,24.95947717641821,21.486045966506094,12.618577461259058,2.6865671641791042,0,0,1,sweing_team11,14,0,304920,train,0.9277054058868384,0.723903459784686,0.025471851023910256,-0.06420465618582306,0.05584588946384742,0.7937609507650093,0.41090233503356816,0.6116355336041168,0.19393736200208764,0.1762726874672926,-0.22888618729874646,-0.028538824941726406,1.3678317129691895,-1.1680598507996036,1.1028818214186604,0.9797395472944069,0
2015-02-07,1,finishing,Saturday,12,0.8,4.08,,1080,0,0.0,0,0,9.0,0.899111111,0.8987776848421053,0.899111111,2.1837164742210553,0,0,0.09911111099999992,1,0.0,0.0,0,,0,31,6,37,0,0.0,1.0,0.0,6.985641817639208,1.4060969884160703,2.1972245773362196,0.0,0.0,0.0,2.2058823529411766,0,1,0,finishing_team12,3,0,182775,train,-0.9856129740972022,-1.1731446939116332,-0.7803455191751631,-1.0606983384260422,-1.1951785524965162,-0.973454127137173,-1.168065122270806,-0.980051246628074,-0.3902111140526185,0.663747223037126,-0.22888618729874646,-0.028538824941726406,1.3678317129691895,-1.1680598507996036,1.1028818214186604,0.9797395472944069,0
2015-02-07,1,sweing,Saturday,12,0.8,15.26,1021.0,4080,63,0.0,0,0,34.0,0.800401961,0.8001509986265665,0.800401961,1.387238369876064,0,0,0.00040196100000000623,0,1021.0,6.92951677076365,0,,0,31,6,37,0,0.0,1.0,4.1588830833596715,8.314097335405807,2.725235025856311,3.5263605246161616,28.81905007378608,24.435974395086593,14.665721131653491,2.2280471821756227,0,0,1,sweing_team12,15,0,186855,train,1.0927397937785401,0.8433194869640807,0.19460623917250247,0.39748051090269754,0.31835044575563654,1.067031715624432,0.6276868005125399,0.8698588973237311,-0.3632754778173688,0.663747223037126,-0.22888618729874646,-0.028538824941726406,1.3678317129691895,-1.1680598507996036,1.1028818214186604,0.9797395472944069,0
2015-02-08,2,finishing,Sunday,1,0.8,3.94,,1200,0,0.0,0,0,10.0,0.893066667,0.892738290502924,0.893066667,2.1190217388694697,0,0,0.09306666699999999,1,0.0,0.0,0,,0,32,6,38,1,0.8660254037844386,0.5000000000000001,0.0,7.0909098220799835,1.3711807233098425,2.302585092994046,0.0,0.0,0.0,2.5380710659898478,0,1,0,finishing_team1,0,0,328950,train,-0.9856129740972022,-1.1731446939116332,-0.7030894690818731,-1.0992948748235933,-1.0752012122964671,-0.973454127137173,-1.168065122270806,-0.980051246628074,0.013478634309133644,0.663747223037126,-0.22888618729874646,1.207642908060418,0.6664451087488514,-0.22318069838746318,1.1028818214186604,1.0646069978178567,0
2015-02-08,2,sweing,Sunday,1,0.8,22.52,1615.0,6780,88,0.0,0,0,56.5,0.900135693,0.8998014108838763,0.900135693,2.1950199765288154,0,0,0.10013569299999991,0,1615.0,7.38770923908104,0,,0,32,6,38,1,0.8660254037844386,0.5000000000000001,4.48863636973214,8.821879862683842,3.1144038032714896,4.034240638152395,33.16074037954531,29.803796835154643,18.108239252662237,2.5088809946714035,1,0,1,sweing_team1,12,0,335730,train,1.2575301092818796,0.9766518290124035,0.5672671685051183,0.8276687580304326,0.8966895396954262,1.3744380173545276,1.0221575636612354,1.304092518406773,-0.021994372696609716,0.663747223037126,-0.22888618729874646,1.207642908060418,0.6664451087488514,-0.22318069838746318,1.1028818214186604,1.0646069978178567,0
2015-02-08,2,finishing,Sunday,2,0.8,3.94,,2160,0,0.0,0,0,18.0,0.875555556,0.8752418086683375,0.875555556,1.9481228064898075,0,0,0.07555555599999997,1,0.0,0.0,0,,0,32,6,38,1,0.8660254037844386,0.5000000000000001,0.0,7.6783263565068856,1.3711807233098425,2.8903717578961645,0.0,0.0,0.0,4.568527918781726,0,1,0,finishing_team2,4,0,331800,train,-0.9856129740972022,-1.1731446939116332,-0.2719852465748004,-1.0992948748235933,-0.40587000961859426,-0.973454127137173,-1.168065122270806,-0.980051246628074,2.4809755231719786,0.663747223037126,-0.22888618729874646,1.207642908060418,0.6664451087488514,-0.22318069838746318,1.1028818214186604,1.0646069978178567,0
2015-02-08,2,sweing,Sunday,2,0.8,22.52,1233.0,6900,113,0.0,0,0,57.5,1.000018551,0.9995822890559732,0.999,7.780303087908306,0,0,0.20001855099999988,0,1233.0,7.1180162044653335,0,,0,32,6,38,1,0.8660254037844386,0.5000000000000001,4.736198448394496,8.839421607620602,3.1144038032714896,4.051784947803305,33.71233730323559,28.84067091547265,19.190057583014184,2.5532859680284195,1,0,1,sweing_team2,16,0,338700,train,1.3812463381577667,0.8981721366868569,0.5801410320570825,0.8276687580304326,0.9166677981010531,1.4134929379996968,0.9513793252252359,1.4405513181661436,0.03196842560556396,0.663747223037126,-0.22888618729874646,1.207642908060418,0.6664451087488514,-0.22318069838746318,1.1028818214186604,1.0646069978178567,0
2015-02-08,2,sweing,Sunday,3,0.8,22.52,1283.0,6720,88,0.0,0,0,56.0,0.900129762,0.8997954848387636,0.900129762,2.19495424930865,0,0,0.10012976200000001,0,1283.0,7.157735484249907,0,,0,32,6,38,1,0.8660254037844386,0.5000000000000001,4.48863636973214,8.812992231969966,3.1144038032714896,4.02535169073515,32.12847181952642,28.812402633360335,18.068339999996553,2.4866785079928952,1,0,1,sweing_team3,17,0,306390,train,1.2575301092818796,0.9097303026636954,0.5607445480062361,0.8276687580304326,0.8865674150869745,1.3013499253718435,0.949301944510384,1.2990596917506712,-0.048975771847696824,0.663747223037126,-0.22888618729874646,1.207642908060418,0.6664451087488514,-0.22318069838746318,1.1028818214186604,1.0646069978178567,0
2015-02-08,2,sweing,Sunday,4,0.65,30.1,712.0,6780,44,0.0,0,1,56.5,0.568259587,0.5682025614469507,0.568259587,0.2745213913708464,1,1,-0.08174041300000001,0,712.0,6.569481420414296,0,,0,32,6,38,1,0.8660254037844386,0.5000000000000001,3.8066624897703196,8.821879862683842,3.40452517175483,4.034240638152395,25.00779850033414,26.502868917822475,15.356992511961801,1.8770764119601329,0,0,1,sweing_team4,18,1,379260,train,0.9167217064900888,0.7385505092928565,0.5672671685051183,1.1483697243081041,0.8966895396954262,0.7971822633031223,0.7795788328654479,0.9570547417814479,-0.7897899749847138,-0.7986763836723731,3.393677892448722,1.207642908060418,0.6664451087488514,-0.22318069838746318,1.1028818214186604,1.0646069978178567,0
2015-02-08,2,sweing,Sunday,5,0.7,30.1,754.0,7020,0,0.0,0,0,58.5,0.700618234,0.7004506331361738,0.700618234,0.8494446546375338,0,0,0.0006182340000000508,0,754.0,6.626717749249025,0,,0,32,6,38,1,0.8660254037844386,0.5000000000000001,0.0,8.85666093701725,3.40452517175483,4.069026754237811,0.0,26.96429181447685,0.0,1.9435215946843853,0,1,1,sweing_team5,19,0,310440,train,-0.9856129740972022,0.7552060728419632,0.5927929532416565,1.1483697243081041,0.9363015865590966,-0.973454127137173,0.8134878982657606,-0.980051246628074,-0.7090429837710958,-0.3112018481025408,-0.22888618729874646,1.207642908060418,0.6664451087488514,-0.22318069838746318,1.1028818214186604,1.0646069978178567,0
2015-02-08,2,finishing,Sunday,6,0.75,2.9,,960,0,0.0,0,0,8.0,0.610208333,0.610116262546366,0.610208333,0.447800947757771,1,1,-0.139791667,1,0.0,0.0,0,,0,32,6,38,1,0.8660254037844386,0.5000000000000001,0.0,6.8679744089702925,1.0647107369924282,2.0794415416798357,0.0,0.0,0.0,2.7586206896551726,0,1,0,finishing_team6,8,0,188295,train,-0.9856129740972022,-1.1731446939116332,-0.8667014757335281,-1.4380676486489155,-1.329301807783477,-0.973454127137173,-1.168065122270806,-0.980051246628074,0.28149984809940837,0.1762726874672926,-0.22888618729874646,1.207642908060418,0.6664451087488514,-0.22318069838746318,1.1028818214186604,1.0646069978178567,0
2015-02-08,2,sweing,Sunday,6,0.75,18.79,670.0,3960,34,0.0,0,0,33.0,0.75065101,0.7504416106599834,0.75065101,1.1009689342378093,0,0,0.0006510100000000074,0,670.0,6.508769136971682,0,,0,32,6,38,1,0.8660254037844386,0.5000000000000001,3.5553480614894135,8.284251797621916,2.933324813425374,3.4965075614664802,23.140939733814392,22.757960503261142,12.431301380642926,1.7562533262373603,0,0,1,sweing_team6,20,0,192255,train,0.7911302851503994,0.7208834555932789,0.1727026382223141,0.6275035398673704,0.28435593563553735,0.6650023727874425,0.5043728444581166,0.5880128342399801,-0.9366192896356608,0.1762726874672926,-0.22888618729874646,1.207642908060418,0.6664451087488514,-0.22318069838746318,1.1028818214186604,1.0646069978178567,0
2015-02-08,2,finishing,Sunday,7,0.7,4.15,,1440,0,0.0,0,0,12.0,0.928680556,0.9283224268805347,0.928680556,2.5612012042579466,0,0,0.22868055600000003,1,0.0,0.0,0,,0,32,6,38,1,0.8660254037844386,0.5000000000000001,0.0,7.273092595999522,1.423108334242607,2.4849066497880004,0.0,0.0,0.0,2.8915662650602405,0,1,0,finishing_team7,9,0,302970,train,-0.9856129740972022,-1.1731446939116332,-0.5693857707660099,-1.0418939495153812,-0.8675859087010354,-0.973454127137173,-1.168065122270806,-0.980051246628074,0.44306092399670066,-0.3112018481025408,-0.22888618729874646,1.207642908060418,0.6664451087488514,-0.22318069838746318,1.1028818214186604,1.0646069978178567,0
2015-02-08,2,sweing,Sunday,7,0.7,24.26,148.0,6960,0,0.0,0,0,58.0,0.355534483,0.35565517265497076,0.355534483,-0.5942723836895754,1,1,-0.34446551699999994,0,148.0,5.003946305945459,0,,0,32,6,38,1,0.8660254037844386,0.5000000000000001,0.0,8.848078421168667,3.1888289035159043,4.060443010546419,0.0,20.318238803125812,0.0,2.3907666941467434,0,1,1,sweing_team7,21,0,309930,train,-0.9856129740972022,0.2829854841025534,0.5864942561413656,0.9099384704906748,0.9265270070534614,-0.973454127137173,0.32508247267923646,-0.980051246628074,-0.1655318572159536,-0.3112018481025408,-0.22888618729874646,1.207642908060418,0.6664451087488514,-0.22318069838746318,1.1028818214186604,1.0646069978178567,0
2015-02-08,2,finishing,Sunday,8,0.7,4.15,,1800,0,0.0,0,0,15.0,0.840888889,0.8406041029607352,0.840888889,1.66272977755462,0,0,0.14088888900000007,1,0.0,0.0,0,,0,32,6,38,1,0.8660254037844386,0.5000000000000001,0.0,7.496097345175956,1.423108334242607,2.70805020110221,0.0,0.0,0.0,3.614457831325301,0,1,0,finishing_team8,10,0,277920,train,-0.9856129740972022,-1.1731446939116332,-0.40572287846610844,-1.0418939495153812,-0.6134853132140259,-0.973454127137173,-1.168065122270806,-0.980051246628074,1.3215492741882318,-0.3112018481025408,-0.22888618729874646,1.207642908060418,0.6664451087488514,-0.22318069838746318,1.1028818214186604,1.0646069978178567,0
2015-02-08,2,sweing,Sunday,8,0.7,24.26,154.0,6840,0,0.0,0,0,57.0,0.353259649,0.35338223910108607,0.353259649,-0.6042050316433425,1,1,-0.34674035099999995,0,154.0,5.043425116919247,0,,0,32,6,38,1,0.8660254037844386,0.5000000000000001,0.0,8.830689198760998,3.1888289035159043,4.04305126783455,0.0,20.390826313188974,0.0,2.34954657873042,0,1,1,sweing_team8,22,0,284760,train,-0.9856129740972022,0.2944736745299261,0.5737323286730242,0.9099384704906748,0.9067224814303124,-0.973454127137173,0.33041678669751384,-0.980051246628074,-0.21562428169101347,-0.3112018481025408,-0.22888618729874646,1.207642908060418,0.6664451087488514,-0.22318069838746318,1.1028818214186604,1.0646069978178567,0
2015-02-08,2,finishing,Sunday,9,0.8,3.94,,960,0,0.0,0,0,8.0,0.607416667,0.6073269287652464,0.607416667,0.4360898578487191,1,1,-0.19258333300000008,1,0.0,0.0,0,,0,32,6,38,1,0.8660254037844386,0.5000000000000001,0.0,6.8679744089702925,1.3711807233098425,2.0794415416798357,0.0,0.0,0.0,2.030456852791878,0,1,0,finishing_team9,11,0,303900,train,-0.9856129740972022,-1.1731446939116332,-0.8667014757335281,-1.0992948748235933,-1.329301807783477,-0.973454127137173,-1.168065122270806,-0.980051246628074,-0.6033955879065779,0.663747223037126,-0.22888618729874646,1.207642908060418,0.6664451087488514,-0.22318069838746318,1.1028818214186604,1.0646069978178567,0
2015-02-08,2,sweing,Sunday,9,0.8,29.12,909.0,6960,50,0.0,0,0,58.0,0.799963218,0.7997126221620718,0.799963218,1.3844992164344994,1,0,-3.678200000001297e-05,0,909.0,6.813444599510896,0,,0,32,6,38,1,0.8660254037844386,0.5000000000000001,3.9318256327243257,8.848078421168667,3.3714252233284854,4.060443010546419,26.789276123504067,27.665603501829263,15.964953909082741,1.9917582417582418,0,0,1,sweing_team9,23,0,310860,train,0.9792705109119583,0.809542907229812,0.5864942561413656,1.1117809494117135,0.9265270070534614,0.9233168812023191,0.86502592129163,1.0337420008373779,-0.6504237738035172,0.663747223037126,-0.22888618729874646,1.207642908060418,0.6664451087488514,-0.22318069838746318,1.1028818214186604,1.0646069978178567,0
2015-02-08,2,sweing,Sunday,10,0.8,22.52,1388.0,6720,88,0.0,0,0,56.0,0.9008,0.9004651629072682,0.9008,2.2024037730579997,0,0,0.1008,0,1388.0,7.236339342754344,0,,0,32,6,38,1,0.8660254037844386,0.5000000000000001,4.48863636973214,8.812992231969966,3.1144038032714896,4.02535169073515,32.48129595761072,29.12881080808948,18.068339999996553,2.4866785079928952,1,0,1,sweing_team10,13,0,330510,train,1.2575301092818796,0.9326037396429603,0.5607445480062361,0.8276687580304326,0.8865674150869745,1.3263310630881222,0.9725541618751425,1.2990596917506712,-0.048975771847696824,0.663747223037126,-0.22888618729874646,1.207642908060418,0.6664451087488514,-0.22318069838746318,1.1028818214186604,1.0646069978178567,0
2015-02-08,2,sweing,Sunday,11,0.75,10.05,629.0,3240,45,0.0,0,0,27.0,0.750027778,0.7498188993216374,0.750027778,1.097646651478523,0,0,2.777799999997832e-05,0,629.0,6.4457198193855785,0,,0,32,6,38,1,0.8660254037844386,0.5000000000000001,3.828641396489095,8.083637203141548,2.307572634505085,3.295836866004329,24.67834973066984,21.244041008665754,12.618577461259058,2.6865671641791042,0,0,1,sweing_team11,14,0,308160,train,0.9277054058868384,0.7025363334566477,0.025471851023910256,-0.06420465618582306,0.05584588946384742,0.7738561804275905,0.3931178644273019,0.6116355336041168,0.19393736200208764,0.1762726874672926,-0.22888618729874646,1.207642908060418,0.6664451087488514,-0.22318069838746318,1.1028818214186604,1.0646069978178567,0
2015-02-08,2,finishing,Sunday,12,0.8,4.08,,1080,0,0.0,0,0,9.0,0.891555556,0.8912284419181288,0.891555556,2.1033508972864143,0,0,0.09155555599999998,1,0.0,0.0,0,,0,32,6,38,1,0.8660254037844386,0.5000000000000001,0.0,6.985641817639208,1.4060969884160703,2.1972245773362196,0.0,0.0,0.0,2.2058823529411766,0,1,0,finishing_team12,3,0,187935,train,-0.9856129740972022,-1.1731446939116332,-0.7803455191751631,-1.0606983384260422,-1.1951785524965162,-0.973454127137173,-1.168065122270806,-0.980051246628074,-0.3902111140526185,0.663747223037126,-0.22888618729874646,1.207642908060418,0.6664451087488514,-0.22318069838746318,1.1028818214186604,1.0646069978178567,0
2015-02-08,2,sweing,Sunday,12,0.8,15.26,1026.0,2880,63,0.0,0,0,34.0,0.800355208,0.800104284685046,0.800355208,1.3869462678943096,0,0,0.00035520799999999575,0,1026.0,6.934397209928558,0,,0,32,6,38,1,0.8660254037844386,0.5000000000000001,4.1588830833596715,7.9658927350845286,2.725235025856311,3.5263605246161616,28.839347249668382,24.453184583100516,14.665721131653491,2.2280471821756227,0,0,1,sweing_team12,15,0,190815,train,1.0927397937785401,0.8447396770131907,-0.060940659318095815,0.39748051090269754,0.31835044575563654,1.0684688240624214,0.6289515435392669,0.8698588973237311,-0.3632754778173688,0.663747223037126,-0.22888618729874646,1.207642908060418,0.6664451087488514,-0.22318069838746318,1.1028818214186604,1.0646069978178567,0
2015-02-09,2,finishing,Monday,1,0.8,3.94,,1200,0,0.0,0,0,10.0,0.962016667,0.9616306881637426,0.962016667,3.2213725077639763,0,0,0.16201666699999995,1,0.0,0.0,0,,0,33,6,39,2,0.8660254037844387,-0.4999999999999998,0.0,7.0909098220799835,1.3711807233098425,2.302585092994046,0.0,0.0,0.0,2.5380710659898478,0,1,0,finishing_team1,0,0,336930,train,-0.9856129740972022,-1.1731446939116332,-0.7030894690818731,-1.0992948748235933,-1.0752012122964671,-0.973454127137173,-1.168065122270806,-0.980051246628074,0.013478634309133644,0.663747223037126,-0.22888618729874646,1.207642908060418,-0.7363280996918251,-0.22318069838746318,1.1028818214186604,1.1494744483413066,0
2015-02-09,2,sweing,Monday,1,0.8,22.52,1506.0,3600,70,0.0,0,0,57.0,0.900509044,0.900174449978279,0.900509044,2.199164415056691,0,0,0.10050904399999994,0,1506.0,7.317876198626496,0,,0,33,6,39,2,0.8660254037844387,-0.4999999999999998,4.2626798770413155,8.188966863648876,3.1144038032714896,4.04305126783455,31.19376361456476,29.586548642713133,17.234233281244716,2.5310834813499112,1,0,1,sweing_team1,12,0,340530,train,1.1446110171625363,0.9563306681902881,0.10277315042340172,0.8276687580304326,0.9067224814303124,1.2351694352288936,1.0061924192806417,1.1938468306642138,0.004987026454476854,0.663747223037126,-0.22888618729874646,1.207642908060418,-0.7363280996918251,-0.22318069838746318,1.1028818214186604,1.1494744483413066,0
2015-02-09,2,finishing,Monday,2,0.8,3.94,,2160,0,0.0,0,0,18.0,1.057962963,0.9995822890559732,0.999,7.780303087908306,0,0,0.257962963,1,0.0,0.0,0,,0,33,6,39,2,0.8660254037844387,-0.4999999999999998,0.0,7.6783263565068856,1.3711807233098425,2.8903717578961645,0.0,0.0,0.0,4.568527918781726,0,1,0,finishing_team2,4,0,340860,train,-0.9856129740972022,-1.1731446939116332,-0.2719852465748004,-1.0992948748235933,-0.40587000961859426,-0.973454127137173,-1.168065122270806,-0.980051246628074,2.4809755231719786,0.663747223037126,-0.22888618729874646,1.207642908060418,-0.7363280996918251,-0.22318069838746318,1.1028818214186604,1.1494744483413066,0
2015-02-09,2,sweing,Monday,2,0.8,22.52,1413.0,360,70,0.0,0,0,57.0,0.900477825,0.900143257059315,0.900477825,2.198817336883109,0,0,0.10047782499999991,0,1413.0,7.254177846456518,0,,0,33,6,39,2,0.8660254037844387,-0.4999999999999998,4.2626798770413155,5.8888779583328805,3.1144038032714896,4.04305126783455,30.922237930569104,29.32901293921333,17.234233281244716,2.5310834813499112,1,0,1,sweing_team2,16,0,341220,train,1.1446110171625363,0.9377946793499852,-1.5852590739177195,0.8276687580304326,0.9067224814303124,1.215944501973954,0.9872666245786257,1.1938468306642138,0.004987026454476854,0.663747223037126,-0.22888618729874646,1.207642908060418,-0.7363280996918251,-0.22318069838746318,1.1028818214186604,1.1494744483413066,0
2015-02-09,2,sweing,Monday,3,0.8,22.52,1271.0,5400,50,0.0,0,0,57.0,0.800161172,0.7999104107869675,0.800161172,1.3857345225653668,0,0,0.00016117199999998721,0,1271.0,7.148345743900068,0,,0,33,6,39,2,0.8660254037844387,-0.4999999999999998,3.9318256327243257,8.594339400592892,3.1144038032714896,4.04305126783455,28.106049027442126,28.90112832279488,15.896572609290468,2.5310834813499112,0,0,1,sweing_team3,17,0,311790,train,0.9792705109119583,0.906997922367993,0.4002755224590608,0.8276687580304326,0.9067224814303124,1.0165488392904058,0.9558222217387966,1.0251164952105658,0.004987026454476854,0.663747223037126,-0.22888618729874646,1.207642908060418,-0.7363280996918251,-0.22318069838746318,1.1028818214186604,1.1494744483413066,0
2015-02-09,2,sweing,Monday,4,0.7,30.1,767.0,3300,50,0.0,0,1,57.0,0.790003236,0.7897609609490392,0.790003236,1.3234851540353325,0,0,0.09000323600000004,0,767.0,6.643789733147672,0,,0,33,6,39,2,0.8660254037844387,-0.4999999999999998,3.9318256327243257,8.101980731853192,3.40452517175483,4.04305126783455,26.122222771220727,26.861182503828864,15.896572609290468,1.893687707641196,0,0,1,sweing_team4,18,1,382560,train,0.9792705109119583,0.7601739580736365,0.0389341426343857,1.1483697243081041,0.9067224814303124,0.8760872564153835,0.8059105968715417,1.0251164952105658,-0.7696032271813092,-0.3112018481025408,3.393677892448722,1.207642908060418,-0.7363280996918251,-0.22318069838746318,1.1028818214186604,1.1494744483413066,0
2015-02-09,2,sweing,Monday,5,0.7,30.1,773.0,7020,40,0.0,0,0,58.0,0.700618234,0.7004506331361738,0.700618234,0.8494446546375338,0,0,0.0006182340000000508,0,773.0,6.651571873589727,0,,0,33,6,39,2,0.8660254037844387,-0.4999999999999998,3.713572066704308,8.85666093701725,3.40452517175483,4.060443010546419,24.70109150943885,27.00832852326456,15.078747742409927,1.9269102990033222,0,0,1,sweing_team5,19,0,317460,train,0.870200865542169,0.7624385326422639,0.5927929532416565,1.1483697243081041,0.9265270070534614,0.7754663749863484,0.8167240697889424,0.9219574003636714,-0.7292297315745003,-0.3112018481025408,-0.22888618729874646,1.207642908060418,-0.7363280996918251,-0.22318069838746318,1.1028818214186604,1.1494744483413066,0
2015-02-09,2,finishing,Monday,6,0.75,2.9,,960,0,0.0,0,0,8.0,0.888125,0.8878007518796992,0.888125,2.0684710474806414,0,0,0.13812500000000005,1,0.0,0.0,0,,0,33,6,39,2,0.8660254037844387,-0.4999999999999998,0.0,6.8679744089702925,1.0647107369924282,2.0794415416798357,0.0,0.0,0.0,2.7586206896551726,0,1,0,finishing_team6,8,0,193215,train,-0.9856129740972022,-1.1731446939116332,-0.8667014757335281,-1.4380676486489155,-1.329301807783477,-0.973454127137173,-1.168065122270806,-0.980051246628074,0.28149984809940837,0.1762726874672926,-0.22888618729874646,1.207642908060418,-0.7363280996918251,-0.22318069838746318,1.1028818214186604,1.1494744483413066,0
2015-02-09,2,sweing,Monday,6,0.75,18.79,708.0,4080,0,0.0,0,0,34.0,0.612517157,0.6124231577042607,0.612517157,0.45750934590644543,1,1,-0.13748284300000002,0,708.0,6.5638555265321274,0,,0,33,6,39,2,0.8660254037844387,-0.4999999999999998,0.0,8.314097335405807,2.933324813425374,3.5263605246161616,0.0,23.146521018046524,0.0,1.809473124002129,0,1,1,sweing_team6,20,0,197295,train,-0.9856129740972022,0.7369133946318943,0.19460623917250247,0.6275035398673704,0.31835044575563654,-0.973454127137173,0.5329273960492263,-0.980051246628074,-0.8719443445710011,0.1762726874672926,-0.22888618729874646,1.207642908060418,-0.7363280996918251,-0.22318069838746318,1.1028818214186604,1.1494744483413066,0
2015-02-09,2,sweing,Monday,7,0.35,30.1,842.0,6960,0,0.0,0,1,58.0,0.350301724,0.3504267852163742,0.350301724,-0.6171637566294966,0,1,0.0003017240000000032,0,842.0,6.736966958001855,0,,0,33,6,39,2,0.8660254037844387,-0.4999999999999998,0.0,8.848078421168667,3.40452517175483,4.060443010546419,0.0,27.355070396900803,0.0,1.9269102990033222,0,1,1,sweing_team7,21,1,316890,train,-0.9856129740972022,0.7872881916641495,0.5864942561413656,1.1483697243081041,0.9265270070534614,-0.973454127137173,0.8422054513055717,-0.980051246628074,-0.7292297315745003,-3.7235235970913716,3.393677892448722,1.207642908060418,-0.7363280996918251,-0.22318069838746318,1.1028818214186604,1.1494744483413066,0
2015-02-09,2,finishing,Monday,8,0.35,4.15,,1800,0,0.0,0,0,15.0,0.707111111,0.7069380858446116,0.707111111,0.8805591911944841,0,0,0.35711111100000004,1,0.0,0.0,0,,0,33,6,39,2,0.8660254037844387,-0.4999999999999998,0.0,7.496097345175956,1.423108334242607,2.70805020110221,0.0,0.0,0.0,3.614457831325301,0,1,0,finishing_team8,10,0,286560,train,-0.9856129740972022,-1.1731446939116332,-0.40572287846610844,-1.0418939495153812,-0.6134853132140259,-0.973454127137173,-1.168065122270806,-0.980051246628074,1.3215492741882318,-3.7235235970913716,-0.22888618729874646,1.207642908060418,-0.7363280996918251,-0.22318069838746318,1.1028818214186604,1.1494744483413066,0
2015-02-09,2,sweing,Monday,8,0.35,30.1,901.0,6960,0,0.0,0,1,58.0,0.350301724,0.3504267852163742,0.350301724,-0.6171637566294966,0,1,0.0003017240000000032,0,901.0,6.804614520062624,0,,0,33,6,39,2,0.8660254037844387,-0.4999999999999998,0.0,8.848078421168667,3.40452517175483,4.060443010546419,0.0,27.629749467450957,0.0,1.9269102990033222,0,1,1,sweing_team8,22,1,293520,train,-0.9856129740972022,0.8069733862212404,0.5864942561413656,1.1483697243081041,0.9265270070534614,-0.973454127137173,0.8623910784925096,-0.980051246628074,-0.7292297315745003,-3.7235235970913716,3.393677892448722,1.207642908060418,-0.7363280996918251,-0.22318069838746318,1.1028818214186604,1.1494744483413066,0
2015-02-09,2,finishing,Monday,9,0.8,3.94,,960,0,0.0,0,0,8.0,0.697708333,0.6975431631311613,0.697708333,0.835625815153098,1,1,-0.10229166700000003,1,0.0,0.0,0,,0,33,6,39,2,0.8660254037844387,-0.4999999999999998,0.0,6.8679744089702925,1.3711807233098425,2.0794415416798357,0.0,0.0,0.0,2.030456852791878,0,1,0,finishing_team9,11,0,311820,train,-0.9856129740972022,-1.1731446939116332,-0.8667014757335281,-1.0992948748235933,-1.329301807783477,-0.973454127137173,-1.168065122270806,-0.980051246628074,-0.6033955879065779,0.663747223037126,-0.22888618729874646,1.207642908060418,-0.7363280996918251,-0.22318069838746318,1.1028818214186604,1.1494744483413066,0
2015-02-09,2,sweing,Monday,9,0.8,29.12,1073.0,6960,50,0.0,0,0,58.0,0.799963218,0.7997126221620718,0.799963218,1.3844992164344994,1,0,-3.678200000001297e-05,0,1073.0,6.97914527506881,0,,0,33,6,39,2,0.8660254037844387,-0.4999999999999998,3.9318256327243257,8.848078421168667,3.3714252233284854,4.060443010546419,27.440782287022415,28.338421651741218,15.964953909082741,1.9917582417582418,0,0,1,sweing_team9,23,0,318780,train,0.9792705109119583,0.857761201241188,0.5864942561413656,1.1117809494117135,0.9265270070534614,0.9694457126428924,0.9144700100295386,1.0337420008373779,-0.6504237738035172,0.663747223037126,-0.22888618729874646,1.207642908060418,-0.7363280996918251,-0.22318069838746318,1.1028818214186604,1.1494744483413066,0
2015-02-09,2,sweing,Monday,10,0.8,22.52,1127.0,120,88,0.0,0,0,56.0,0.9008,0.9004651629072682,0.9008,2.2024037730579997,0,0,0.1008,0,1127.0,7.028201432058005,0,,0,33,6,39,2,0.8660254037844387,-0.4999999999999998,4.48863636973214,4.795790545596741,3.1144038032714896,4.02535169073515,31.547040561739067,28.29098251736189,18.068339999996553,2.4866785079928952,1,0,1,sweing_team10,13,0,330630,train,1.2575301092818796,0.8720363645307092,-2.3874744893547892,0.8276687580304326,0.8865674150869745,1.2601826333543553,0.9109838009101682,1.2990596917506712,-0.048975771847696824,0.663747223037126,-0.22888618729874646,1.207642908060418,-0.7363280996918251,-0.22318069838746318,1.1028818214186604,1.1494744483413066,0
2015-02-09,2,sweing,Monday,11,0.75,10.05,103.0,0,45,0.0,0,0,54.0,0.750648148,0.7504387510509607,0.750648148,1.100953665050699,0,0,0.000648148000000015,0,103.0,4.6443908991413725,0,,0,33,6,39,2,0.8660254037844387,-0.4999999999999998,3.828641396489095,0.0,2.307572634505085,3.9889840465642745,17.781707257929867,18.526401202683243,15.272389450610566,5.3731343283582085,0,0,1,sweing_team11,14,0,308160,train,0.9277054058868384,0.1783561682576714,-5.90709886711144,-0.06420465618582306,0.8451544323417699,0.28555065709548366,0.19340383509819398,0.9463830496090644,3.458767200773598,0.1762726874672926,-0.22888618729874646,1.207642908060418,-0.7363280996918251,-0.22318069838746318,1.1028818214186604,1.1494744483413066,0
2015-02-09,2,finishing,Monday,12,0.8,4.08,,1080,0,0.0,0,0,9.0,0.272,0.2721904761904762,0.272,-0.9835372695170325,1,1,-0.528,1,0.0,0.0,0,,0,33,6,39,2,0.8660254037844387,-0.4999999999999998,0.0,6.985641817639208,1.4060969884160703,2.1972245773362196,0.0,0.0,0.0,2.2058823529411766,0,1,0,finishing_team12,3,0,191895,train,-0.9856129740972022,-1.1731446939116332,-0.7803455191751631,-1.0606983384260422,-1.1951785524965162,-0.973454127137173,-1.168065122270806,-0.980051246628074,-0.3902111140526185,0.663747223037126,-0.22888618729874646,1.207642908060418,-0.7363280996918251,-0.22318069838746318,1.1028818214186604,1.1494744483413066,0
2015-02-09,2,sweing,Monday,12,0.8,15.26,970.0,4080,63,0.0,0,0,34.0,0.800401961,0.8001509986265665,0.800401961,1.387238369876064,0,0,0.00040196100000000623,0,970.0,6.878326468291325,0,,0,33,6,39,2,0.8660254037844387,-0.4999999999999998,4.1588830833596715,8.314097335405807,2.725235025856311,3.5263605246161616,28.606155590801865,24.255458933205027,14.665721131653491,2.2280471821756227,0,0,1,sweing_team12,15,0,195975,train,1.0927397937785401,0.8284232950998592,0.19460623917250247,0.39748051090269754,0.31835044575563654,1.0519580689421466,0.6144210725933321,0.8698588973237311,-0.3632754778173688,0.663747223037126,-0.22888618729874646,1.207642908060418,-0.7363280996918251,-0.22318069838746318,1.1028818214186604,1.1494744483413066,0
2015-02-10,2,finishing,Tuesday,1,0.8,3.94,,1440,0,0.0,0,0,12.0,0.853666667,0.8533712061253134,0.853666667,1.761290448681675,0,0,0.053666667,1,0.0,0.0,0,,0,34,6,40,3,1.2246467991473532e-16,-1.0,0.0,7.273092595999522,1.3711807233098425,2.4849066497880004,0.0,0.0,0.0,3.0456852791878175,0,1,0,finishing_team1,0,0,341970,train,-0.9856129740972022,-1.1731446939116332,-0.5693857707660099,-1.0992948748235933,-0.8675859087010354,-0.973454127137173,-1.168065122270806,-0.980051246628074,0.6303528565248452,0.663747223037126,-0.22888618729874646,-0.028538824941726233,-1.4377147039121636,-0.22318069838746318,1.1028818214186604,1.2343418988647565,0
2015-02-10,2,sweing,Tuesday,1,0.8,22.52,1546.0,0,88,0.0,0,0,57.0,0.90047076,0.9001361979615705,0.90047076,2.1987388049081953,0,0,0.10047075999999999,0,1546.0,7.344072850573066,0,,0,34,6,40,3,1.2246467991473532e-16,-1.0,4.48863636973214,0.0,3.1144038032714896,4.04305126783455,32.96487249904465,29.692463049578734,18.1477869654938,2.5310834813499112,1,0,1,sweing_team1,12,0,341970,train,1.2575301092818796,0.9639537986417503,-5.90709886711144,0.8276687580304326,0.9067224814303124,1.36056991149434,1.0139758617046772,1.309081002401556,0.004987026454476854,0.663747223037126,-0.22888618729874646,-0.028538824941726233,-1.4377147039121636,-0.22318069838746318,1.1028818214186604,1.2343418988647565,0
2015-02-10,2,finishing,Tuesday,2,0.8,3.94,,2160,0,0.0,0,0,18.0,0.966759259,0.9663693180985797,0.966759259,3.3581072758926322,0,0,0.166759259,1,0.0,0.0,0,,0,34,6,40,3,1.2246467991473532e-16,-1.0,0.0,7.6783263565068856,1.3711807233098425,2.8903717578961645,0.0,0.0,0.0,4.568527918781726,0,1,0,finishing_team2,4,0,343380,train,-0.9856129740972022,-1.1731446939116332,-0.2719852465748004,-1.0992948748235933,-0.40587000961859426,-0.973454127137173,-1.168065122270806,-0.980051246628074,2.4809755231719786,0.663747223037126,-0.22888618729874646,-0.028538824941726233,-1.4377147039121636,-0.22318069838746318,1.1028818214186604,1.2343418988647565,0
2015-02-10,2,sweing,Tuesday,2,0.8,22.52,1512.0,0,88,0.0,0,0,57.0,0.899984058,0.8996499025630744,0.899984058,2.193340644280419,0,0,0.09998405799999999,0,1512.0,7.321849713788356,0,,0,34,6,40,3,1.2246467991473532e-16,-1.0,4.48863636973214,0.0,3.1144038032714896,4.04305126783455,32.86512091902327,29.60261376822605,18.1477869654938,2.5310834813499112,1,0,1,sweing_team2,16,0,343380,train,1.2575301092818796,0.9574869466525704,-5.90709886711144,0.8276687580304326,0.9067224814303124,1.3535071635444387,1.0073730139057278,1.309081002401556,0.004987026454476854,0.663747223037126,-0.22888618729874646,-0.028538824941726233,-1.4377147039121636,-0.22318069838746318,1.1028818214186604,1.2343418988647565,0
2015-02-10,2,sweing,Tuesday,3,0.8,22.52,813.0,0,88,0.0,0,0,57.0,0.90047076,0.9001361979615705,0.90047076,2.1987388049081953,0,0,0.10047075999999999,0,813.0,6.70196036600254,0,,0,34,6,40,3,1.2246467991473532e-16,-1.0,4.48863636973214,0.0,3.1144038032714896,4.04305126783455,30.082663047342322,27.096369354743477,18.1477869654938,2.5310834813499112,1,0,1,sweing_team3,17,0,311790,train,1.2575301092818796,0.7771014006949762,-5.90709886711144,0.8276687580304326,0.9067224814303124,1.156499771534322,0.8231940181468642,1.309081002401556,0.004987026454476854,0.663747223037126,-0.22888618729874646,-0.028538824941726233,-1.4377147039121636,-0.22318069838746318,1.1028818214186604,1.2343418988647565,0
2015-02-10,2,finishing,Tuesday,4,0.7,4.15,,1800,0,0.0,0,0,15.0,0.796755556,0.7965076399131162,0.796755556,1.364608259552552,0,0,0.09675555600000008,1,0.0,0.0,0,,0,34,6,40,3,1.2246467991473532e-16,-1.0,0.0,7.496097345175956,1.423108334242607,2.70805020110221,0.0,0.0,0.0,3.614457831325301,0,1,0,finishing_team4,6,0,384360,train,-0.9856129740972022,-1.1731446939116332,-0.40572287846610844,-1.0418939495153812,-0.6134853132140259,-0.973454127137173,-1.168065122270806,-0.980051246628074,1.3215492741882318,-0.3112018481025408,-0.22888618729874646,-0.028538824941726233,-1.4377147039121636,-0.22318069838746318,1.1028818214186604,1.2343418988647565,0
2015-02-10,2,sweing,Tuesday,4,0.7,30.1,855.0,7020,40,0.0,0,1,58.0,0.700618234,0.7004506331361738,0.700618234,0.8494446546375338,0,0,0.0006182340000000508,0,855.0,6.752270376141742,0,,0,34,6,40,3,1.2246467991473532e-16,-1.0,3.713572066704308,8.85666093701725,3.40452517175483,4.060443010546419,25.075042655674963,27.417209054124378,15.078747742409927,1.9269102990033222,0,0,1,sweing_team4,18,1,391380,train,0.870200865542169,0.7917414306914712,0.5927929532416565,1.1483697243081041,0.9265270070534614,0.8019433760611802,0.8467718995831915,0.9219574003636714,-0.7292297315745003,-0.3112018481025408,3.393677892448722,-0.028538824941726233,-1.4377147039121636,-0.22318069838746318,1.1028818214186604,1.2343418988647565,0
2015-02-10,2,sweing,Tuesday,5,0.75,30.1,855.0,7020,45,0.0,0,0,58.0,0.750356125,0.7501469720133668,0.750356125,1.0993962930818257,0,0,0.00035612500000004044,0,855.0,6.752270376141742,0,,0,34,6,40,3,1.2246467991473532e-16,-1.0,3.828641396489095,8.85666093701725,3.40452517175483,4.060443010546419,25.852021882383266,27.417209054124378,15.545980198262827,1.9269102990033222,0,0,1,sweing_team5,19,0,324480,train,0.9277054058868384,0.7917414306914712,0.5927929532416565,1.1483697243081041,0.9265270070534614,0.8569561231211622,0.8467718995831915,0.9808933402950712,-0.7292297315745003,0.1762726874672926,-0.22888618729874646,-0.028538824941726233,-1.4377147039121636,-0.22318069838746318,1.1028818214186604,1.2343418988647565,0
2015-02-10,2,finishing,Tuesday,6,0.75,2.9,,960,0,0.0,0,0,8.0,0.628333333,0.628226120524645,0.628333333,0.5246143476060059,1,1,-0.12166666699999995,1,0.0,0.0,0,,0,34,6,40,3,1.2246467991473532e-16,-1.0,0.0,6.8679744089702925,1.0647107369924282,2.0794415416798357,0.0,0.0,0.0,2.7586206896551726,0,1,0,finishing_team6,8,0,198255,train,-0.9856129740972022,-1.1731446939116332,-0.8667014757335281,-1.4380676486489155,-1.329301807783477,-0.973454127137173,-1.168065122270806,-0.980051246628074,0.28149984809940837,0.1762726874672926,-0.22888618729874646,-0.028538824941726233,-1.4377147039121636,-0.22318069838746318,1.1028818214186604,1.2343418988647565,0
2015-02-10,2,sweing,Tuesday,6,0.75,18.79,640.0,2400,0,0.0,0,0,34.0,0.750797009,0.750587487689223,0.750797009,1.1017480151789891,0,0,0.0007970090000000152,0,640.0,6.46302945692067,0,,0,34,6,40,3,1.2246467991473532e-16,-1.0,0.0,7.783640596221253,2.933324813425374,3.5263605246161616,0.0,22.79097194631648,0.0,1.809473124002129,0,1,1,sweing_team6,20,0,200655,train,-0.9856129740972022,0.707573375032291,-0.19469526447499352,0.6275035398673704,0.31835044575563654,-0.973454127137173,0.5067987907855278,-0.980051246628074,-0.8719443445710011,0.1762726874672926,-0.22888618729874646,-0.028538824941726233,-1.4377147039121636,-0.22318069838746318,1.1028818214186604,1.2343418988647565,0
2015-02-10,2,sweing,Tuesday,7,0.5,30.1,1025.0,6960,23,0.0,0,1,58.0,0.500801724,0.5008010542222223,0.500801724,0.0032042196303696336,0,1,0.0008017240000000037,0,1025.0,6.933423025730715,0,,0,34,6,40,3,1.2246467991473532e-16,-1.0,3.1780538303479458,8.848078421168667,3.40452517175483,4.060443010546419,22.034791604346143,28.152769063989886,12.904306462576592,1.9269102990033222,0,0,1,sweing_team7,21,1,323850,train,0.6025819432328481,0.8444561929542714,0.5864942561413656,1.1483697243081041,0.9265270070534614,0.5866833583716883,0.9008267647865255,0.647676923810132,-0.7292297315745003,-2.2610999903818723,3.393677892448722,-0.028538824941726233,-1.4377147039121636,-0.22318069838746318,1.1028818214186604,1.2343418988647565,0
2015-02-10,2,finishing,Tuesday,8,0.35,4.15,,960,0,0.0,0,0,8.0,0.703770833,0.7036005983859649,0.703770833,0.8645029887524643,0,0,0.353770833,1,0.0,0.0,0,,0,34,6,40,3,1.2246467991473532e-16,-1.0,0.0,6.8679744089702925,1.423108334242607,2.0794415416798357,0.0,0.0,0.0,1.9277108433734937,0,1,0,finishing_team8,10,0,294480,train,-0.9856129740972022,-1.1731446939116332,-0.8667014757335281,-1.0418939495153812,-1.329301807783477,-0.973454127137173,-1.168065122270806,-0.980051246628074,-0.7282568762586739,-3.7235235970913716,-0.22888618729874646,-0.028538824941726233,-1.4377147039121636,-0.22318069838746318,1.1028818214186604,1.2343418988647565,0
2015-02-10,2,sweing,Tuesday,8,0.5,30.1,1061.0,6960,30,0.0,0,1,58.0,0.393548851,0.393637782619883,0.393548851,-0.43204637295614545,1,1,-0.10645114900000002,0,1061.0,6.967909201801884,0,,0,34,6,40,3,1.2246467991473532e-16,-1.0,3.4339872044851463,8.848078421168667,3.40452517175483,4.060443010546419,23.92771104100198,28.29279821657854,13.94350934275755,1.9269102990033222,0,0,1,sweing_team8,22,1,301440,train,0.7304816282848566,0.854491544780864,0.5864942561413656,1.1483697243081041,0.9265270070534614,0.7207084321369694,0.9111172330912131,0.7787602801901629,-0.7292297315745003,-2.2610999903818723,3.393677892448722,-0.028538824941726233,-1.4377147039121636,-0.22318069838746318,1.1028818214186604,1.2343418988647565,0
2015-02-10,2,finishing,Tuesday,9,0.8,3.94,,960,0,0.0,0,0,8.0,0.6895,0.6893416875522139,0.6895,0.7970434317663961,1,1,-0.11050000000000004,1,0.0,0.0,0,,0,34,6,40,3,1.2246467991473532e-16,-1.0,0.0,6.8679744089702925,1.3711807233098425,2.0794415416798357,0.0,0.0,0.0,2.030456852791878,0,1,0,finishing_team9,11,0,319740,train,-0.9856129740972022,-1.1731446939116332,-0.8667014757335281,-1.0992948748235933,-1.329301807783477,-0.973454127137173,-1.168065122270806,-0.980051246628074,-0.6033955879065779,0.663747223037126,-0.22888618729874646,-0.028538824941726233,-1.4377147039121636,-0.22318069838746318,1.1028818214186604,1.2343418988647565,0
2015-02-10,2,sweing,Tuesday,9,0.8,29.12,1263.0,2160,38,0.0,0,0,58.0,0.8008,0.8005487050960736,0.8008,1.389727303224891,0,0,0.0007999999999999119,0,1263.0,7.142036574706803,0,,0,34,6,40,3,1.2246467991473532e-16,-1.0,3.6635616461296463,7.6783263565068856,3.3714252233284854,4.060443010546419,26.165291270350995,28.999832490835125,14.875683279733057,1.9917582417582418,0,0,1,sweing_team9,23,0,321900,train,0.8452087477209552,0.9051619770762551,-0.2719852465748004,1.1117809494117135,0.9265270070534614,0.8791366512607827,0.9630757978262164,0.8963431802370329,-0.6504237738035172,0.663747223037126,-0.22888618729874646,-0.028538824941726233,-1.4377147039121636,-0.22318069838746318,1.1028818214186604,1.2343418988647565,0
2015-02-10,2,sweing,Tuesday,10,0.8,22.52,1268.0,0,88,0.0,0,0,56.0,0.90063244,0.9002977428905597,0.90063244,2.2005372183246275,0,0,0.10063243999999993,0,1268.0,7.1459844677143876,0,,0,34,6,40,3,1.2246467991473532e-16,-1.0,4.48863636973214,0.0,3.1144038032714896,4.02535169073515,32.07572577932376,28.765100659081227,18.068339999996553,2.4866785079928952,1,0,1,sweing_team10,13,0,330630,train,1.2575301092818796,0.906310799584819,-5.90709886711144,0.8276687580304326,0.8865674150869745,1.2976153280128155,0.9458258150182759,1.2990596917506712,-0.048975771847696824,0.663747223037126,-0.22888618729874646,-0.028538824941726233,-1.4377147039121636,-0.22318069838746318,1.1028818214186604,1.2343418988647565,0
2015-02-10,2,sweing,Tuesday,11,0.8,10.05,13.0,3240,34,0.0,0,0,54.0,0.750648148,0.7504387510509607,0.750648148,1.100953665050699,1,0,-0.04935185200000003,0,13.0,2.639057329615259,0,,0,34,6,40,3,1.2246467991473532e-16,-1.0,3.5553480614894135,8.083637203141548,2.307572634505085,3.9889840465642745,9.382767361007039,10.527157585803783,14.18222669726449,5.3731343283582085,0,0,1,sweing_team11,14,0,311400,train,0.7911302851503994,-0.4051886080126979,0.025471851023910256,-0.06420465618582306,0.8451544323417699,-0.3091225854297917,-0.39444491910217205,0.8088716979428567,3.458767200773598,0.663747223037126,-0.22888618729874646,-0.028538824941726233,-1.4377147039121636,-0.22318069838746318,1.1028818214186604,1.2343418988647565,0
2015-02-10,2,finishing,Tuesday,12,0.8,4.08,,1080,0,0.0,0,0,9.0,1.004888889,0.9995822890559732,0.999,7.780303087908306,0,0,0.20488888900000002,1,0.0,0.0,0,,0,34,6,40,3,1.2246467991473532e-16,-1.0,0.0,6.985641817639208,1.4060969884160703,2.1972245773362196,0.0,0.0,0.0,2.2058823529411766,0,1,0,finishing_team12,3,0,197055,train,-0.9856129740972022,-1.1731446939116332,-0.7803455191751631,-1.0606983384260422,-1.1951785524965162,-0.973454127137173,-1.168065122270806,-0.980051246628074,-0.3902111140526185,0.663747223037126,-0.22888618729874646,-0.028538824941726233,-1.4377147039121636,-0.22318069838746318,1.1028818214186604,1.2343418988647565,0
2015-02-10,2,sweing,Tuesday,12,0.8,15.26,900.0,4080,50,0.0,0,0,34.0,0.800401961,0.8001509986265665,0.800401961,1.387238369876064,0,0,0.00040196100000000623,0,900.0,6.803505257608338,0,,0,34,6,40,3,1.2246467991473532e-16,-1.0,3.9318256327243257,8.314097335405807,2.725235025856311,3.5263605246161616,26.75019636423918,23.99161236944855,13.865034700913025,2.2280471821756227,0,0,1,sweing_team12,15,0,201135,train,0.9792705109119583,0.8066505948809126,0.19460623917250247,0.39748051090269754,0.31835044575563654,0.9205499025783059,0.5950315051251022,0.7688616168589856,-0.3632754778173688,0.663747223037126,-0.22888618729874646,-0.028538824941726233,-1.4377147039121636,-0.22318069838746318,1.1028818214186604,1.2343418988647565,0
2015-02-11,2,finishing,Wednesday,1,0.8,3.94,,1440,0,0.0,0,0,12.0,0.618361111,0.6182622295371764,0.618361111,0.4821787789742606,1,1,-0.18163888900000003,1,0.0,0.0,0,,0,35,6,41,4,-0.8660254037844384,-0.5000000000000004,0.0,7.273092595999522,1.3711807233098425,2.4849066497880004,0.0,0.0,0.0,3.0456852791878175,0,1,0,finishing_team1,0,0,343410,train,-0.9856129740972022,-1.1731446939116332,-0.5693857707660099,-1.0992948748235933,-0.8675859087010354,-0.973454127137173,-1.168065122270806,-0.980051246628074,0.6303528565248452,0.663747223037126,-0.22888618729874646,-1.2647205579438705,-0.736328099691826,-0.22318069838746318,1.1028818214186604,1.3192093493882064,0
2015-02-11,2,sweing,Wednesday,1,0.8,22.52,1498.0,0,113,0.0,0,0,57.0,1.000065789,0.9995822890559732,0.999,7.780303087908306,0,0,0.20006578899999994,0,1498.0,7.312553498102598,0,,0,35,6,41,4,-0.8660254037844384,-0.5000000000000004,4.736198448394496,0.0,3.1144038032714896,4.04305126783455,34.633704531515264,29.565028691611683,19.148693141497397,2.5310834813499112,1,0,1,sweing_team1,12,0,343410,train,1.3812463381577667,0.95478178169401,-5.90709886711144,0.8276687580304326,0.9067224814303124,1.478728842044961,1.0046109602013427,1.4353336749780667,0.004987026454476854,0.663747223037126,-0.22888618729874646,-1.2647205579438705,-0.736328099691826,-0.22318069838746318,1.1028818214186604,1.3192093493882064,0
2015-02-11,2,finishing,Wednesday,2,0.8,3.94,,2160,0,0.0,0,0,18.0,0.912037037,0.9116928122406015,0.912037037,2.3344815987755805,0,0,0.112037037,1,0.0,0.0,0,,0,35,6,41,4,-0.8660254037844384,-0.5000000000000004,0.0,7.6783263565068856,1.3711807233098425,2.8903717578961645,0.0,0.0,0.0,4.568527918781726,0,1,0,finishing_team2,4,0,345540,train,-0.9856129740972022,-1.1731446939116332,-0.2719852465748004,-1.0992948748235933,-0.40587000961859426,-0.973454127137173,-1.168065122270806,-0.980051246628074,2.4809755231719786,0.663747223037126,-0.22888618729874646,-1.2647205579438705,-0.736328099691826,-0.22318069838746318,1.1028818214186604,1.3192093493882064,0
2015-02-11,2,sweing,Wednesday,2,0.8,22.52,1557.0,0,90,0.0,0,0,57.5,1.000344928,0.9995822890559732,0.999,7.780303087908306,0,0,0.20034492800000003,0,1557.0,7.351158226430694,0,,0,35,6,41,4,-0.8660254037844384,-0.5000000000000004,4.51085950651685,0.0,3.1144038032714896,4.051784947803305,33.160041969604436,29.78531225077232,18.277032650160415,2.5532859680284195,1,0,1,sweing_team2,16,0,345540,train,1.2686358597734448,0.9660156172501169,-5.90709886711144,0.8276687580304326,0.9166677981010531,1.3743885675776213,1.020799167740135,1.32538384226742,0.03196842560556396,0.663747223037126,-0.22888618729874646,-1.2647205579438705,-0.736328099691826,-0.22318069838746318,1.1028818214186604,1.3192093493882064,0
2015-02-11,2,sweing,Wednesday,3,0.8,22.52,11.0,6840,0,0.0,0,1,57.0,0.536901754,0.5368709254670008,0.536901754,0.14775190943472416,1,1,-0.2630982460000001,0,11.0,2.4849066497880004,0,,0,35,6,41,4,-0.8660254037844384,-0.5000000000000004,0.0,8.830689198760998,3.1144038032714896,4.04305126783455,0.0,10.04660498087588,0.0,2.5310834813499112,0,1,1,sweing_team3,17,1,318630,train,-0.9856129740972022,-0.45004589526839384,0.5737323286730242,0.8276687580304326,0.9067224814303124,-0.973454127137173,-0.42975978931546477,-0.980051246628074,0.004987026454476854,0.663747223037126,3.393677892448722,-1.2647205579438705,-0.736328099691826,-0.22318069838746318,1.1028818214186604,1.3192093493882064,0
2015-02-11,2,finishing,Wednesday,4,0.7,4.15,,1800,0,0.0,0,0,15.0,1.033155556,0.9995822890559732,0.999,7.780303087908306,0,0,0.33315555600000013,1,0.0,0.0,0,,0,35,6,41,4,-0.8660254037844384,-0.5000000000000004,0.0,7.496097345175956,1.423108334242607,2.70805020110221,0.0,0.0,0.0,3.614457831325301,0,1,0,finishing_team4,6,0,393180,train,-0.9856129740972022,-1.1731446939116332,-0.40572287846610844,-1.0418939495153812,-0.6134853132140259,-0.973454127137173,-1.168065122270806,-0.980051246628074,1.3215492741882318,-0.3112018481025408,-0.22888618729874646,-1.2647205579438705,-0.736328099691826,-0.22318069838746318,1.1028818214186604,1.3192093493882064,0
2015-02-11,2,sweing,Wednesday,4,0.7,30.1,667.0,5940,40,0.0,0,1,59.5,0.700588406,0.7004208300551379,0.700588406,0.8493026171894215,0,0,0.0005884060000000968,0,667.0,6.504288173536645,0,,0,35,6,41,4,-0.8660254037844384,-0.5000000000000004,3.713572066704308,8.689632748355741,3.40452517175483,4.085976312551584,24.15414287504087,26.57636740708014,15.173567499507033,1.9767441860465116,0,0,1,sweing_team4,18,1,399120,train,0.870200865542169,0.7195795115288547,0.4702111851272547,1.1483697243081041,0.9556025828702426,0.7367405688841538,0.7849800929614098,0.933917809874145,-0.6686694881642867,-0.3112018481025408,3.393677892448722,-1.2647205579438705,-0.736328099691826,-0.22318069838746318,1.1028818214186604,1.3192093493882064,0
2015-02-11,2,finishing,Wednesday,5,0.7,4.15,,240,0,0.0,0,0,2.0,0.87,0.8696908939014202,0.87,1.898228486823932,0,0,0.17000000000000004,1,0.0,0.0,0,,0,35,6,41,4,-0.8660254037844384,-0.5000000000000004,0.0,5.484796933490655,1.423108334242607,0.6931471805599453,0.0,0.0,0.0,0.48192771084337344,0,1,0,finishing_team5,7,0,324720,train,-0.9856129740972022,-1.1731446939116332,-1.8818136069194566,-1.0418939495153812,-2.9079188935393216,-0.973454127137173,-1.168065122270806,-0.980051246628074,-2.4852335766417357,-0.3112018481025408,-0.22888618729874646,-1.2647205579438705,-0.736328099691826,-0.22318069838746318,1.1028818214186604,1.3192093493882064,0
2015-02-11,2,sweing,Wednesday,5,0.75,30.1,788.0,7380,56,0.0,0,0,59.5,0.750406233,0.7501970381520467,0.750406233,1.0996634350637098,0,0,0.0004062329999999781,0,788.0,6.670766320845874,0,,0,35,6,41,4,-0.8660254037844384,-0.5000000000000004,4.04305126783455,8.906664409770052,3.40452517175483,4.085976312551584,26.970250230923927,27.256593173543123,16.519811710803623,1.9767441860465116,0,0,1,sweing_team5,19,0,332100,train,1.0348542101784763,0.7680240469925614,0.6294904361696468,1.1483697243081041,0.9556025828702426,0.9361304577480825,0.8349685529386099,1.1037308589807981,-0.6686694881642867,0.1762726874672926,-0.22888618729874646,-1.2647205579438705,-0.736328099691826,-0.22318069838746318,1.1028818214186604,1.3192093493882064,0
2015-02-11,2,sweing,Wednesday,6,0.8,18.79,656.0,3480,38,0.0,0,0,34.0,0.800947475,0.8006960568922306,0.800947475,1.3906504086821248,0,0,0.0009474749999999199,0,656.0,6.487684018484611,0,,0,35,6,41,4,-0.8660254037844384,-0.5000000000000004,3.6635616461296463,8.15507488781144,2.933324813425374,3.5263605246161616,23.76803034232848,22.87791281896728,12.919039168409387,1.809473124002129,0,0,1,sweing_team6,20,0,204135,train,0.8452087477209552,0.7147477627902707,0.07789987390441286,0.6275035398673704,0.31835044575563654,0.7094025006724922,0.5131879053224349,0.6495352832950346,-0.8719443445710011,0.663747223037126,-0.22888618729874646,-1.2647205579438705,-0.736328099691826,-0.22318069838746318,1.1028818214186604,1.3192093493882064,0
2015-02-11,2,sweing,Wednesday,7,0.6,30.1,829.0,3360,23,0.0,0,1,58.0,0.600070513,0.5999869119030911,0.600070513,0.4054105746684215,0,1,7.051300000004979e-05,0,829.0,6.721425700790643,0,,0,35,6,41,4,-0.8660254037844384,-0.5000000000000004,3.1780538303479458,8.119993827725105,3.40452517175483,4.060443010546419,21.36105269379683,27.291966007682433,12.904306462576592,1.9269102990033222,0,0,1,sweing_team7,21,1,327210,train,0.6025819432328481,0.7827657423319817,0.05215393001810756,1.1483697243081041,0.9265270070534614,0.5389803735344474,0.8375680332741571,0.647676923810132,-0.7292297315745003,-1.2861509192422065,3.393677892448722,-1.2647205579438705,-0.736328099691826,-0.22318069838746318,1.1028818214186604,1.3192093493882064,0
2015-02-11,2,finishing,Wednesday,8,0.35,4.15,,1440,0,0.0,0,0,12.0,0.994375,0.9939619883040935,0.994375,5.103624196450069,0,0,0.644375,1,0.0,0.0,0,,0,35,6,41,4,-0.8660254037844384,-0.5000000000000004,0.0,7.273092595999522,1.423108334242607,2.4849066497880004,0.0,0.0,0.0,2.8915662650602405,0,1,0,finishing_team8,10,0,302880,train,-0.9856129740972022,-1.1731446939116332,-0.5693857707660099,-1.0418939495153812,-0.8675859087010354,-0.973454127137173,-1.168065122270806,-0.980051246628074,0.44306092399670066,-3.7235235970913716,-0.22888618729874646,-1.2647205579438705,-0.736328099691826,-0.22318069838746318,1.1028818214186604,1.3192093493882064,0
2015-02-11,2,sweing,Wednesday,8,0.6,30.1,1069.0,4560,30,0.0,0,1,58.0,0.714410494,0.7142313707802841,0.714410494,0.9160244638894063,0,0,0.11441049400000003,0,1069.0,6.975413927455952,0,,0,35,6,41,4,-0.8660254037844384,-0.5000000000000004,3.4339872044851463,8.4252971767117,3.40452517175483,4.060443010546419,23.95348217287122,28.323270727406666,13.94350934275755,1.9269102990033222,0,0,1,sweing_team8,22,1,307440,train,0.7304816282848566,0.856675392655015,0.27621565654421004,1.1483697243081041,0.9265270070534614,0.7225331151017613,0.9133565982594237,0.7787602801901629,-0.7292297315745003,-1.2861509192422065,3.393677892448722,-1.2647205579438705,-0.736328099691826,-0.22318069838746318,1.1028818214186604,1.3192093493882064,0
2015-02-11,2,finishing,Wednesday,9,0.8,3.94,,960,0,0.0,0,0,8.0,0.54175,0.5417151211361738,0.54175,0.1672492594987952,1,1,-0.2582500000000001,1,0.0,0.0,0,,0,35,6,41,4,-0.8660254037844384,-0.5000000000000004,0.0,6.8679744089702925,1.3711807233098425,2.0794415416798357,0.0,0.0,0.0,2.030456852791878,0,1,0,finishing_team9,11,0,322860,train,-0.9856129740972022,-1.1731446939116332,-0.8667014757335281,-1.0992948748235933,-1.329301807783477,-0.973454127137173,-1.168065122270806,-0.980051246628074,-0.6033955879065779,0.663747223037126,-0.22888618729874646,-1.2647205579438705,-0.736328099691826,-0.22318069838746318,1.1028818214186604,1.3192093493882064,0
2015-02-11,2,sweing,Wednesday,9,0.8,29.12,609.0,3240,50,0.0,0,0,58.0,0.800144144,0.7998933970125314,0.800144144,1.3856282255711485,0,0,0.0001441439999999572,0,609.0,6.413458957167357,0,,0,35,6,41,4,-0.8660254037844384,-0.5000000000000004,3.9318256327243257,8.083637203141548,3.3714252233284854,4.060443010546419,25.216602322216037,26.04148459605652,15.964953909082741,1.9917582417582418,0,0,1,sweing_team9,23,0,326100,train,0.9792705109119583,0.6931485398688358,0.025471851023910256,1.1117809494117135,0.9265270070534614,0.8119662773970522,0.7456726022581718,1.0337420008373779,-0.6504237738035172,0.663747223037126,-0.22888618729874646,-1.2647205579438705,-0.736328099691826,-0.22318069838746318,1.1028818214186604,1.3192093493882064,0
2015-02-11,2,sweing,Wednesday,10,0.8,22.52,598.0,0,75,0.0,0,0,56.0,0.850364583,0.850071880758563,0.850364583,1.7351649373234714,0,0,0.05036458299999991,0,598.0,6.395261598115449,0,,0,35,6,41,4,-0.8660254037844384,-0.5000000000000004,4.330733340286331,0.0,3.1144038032714896,4.02535169073515,27.69617262281142,25.7431770866676,17.432724773444665,2.4866785079928952,1,0,1,sweing_team10,13,0,330630,train,1.178619932744878,0.6878531745600276,-5.90709886711144,0.8276687580304326,0.8865674150869745,0.9875282088813653,0.7237505673556645,1.218884223753347,-0.048975771847696824,0.663747223037126,-0.22888618729874646,-1.2647205579438705,-0.736328099691826,-0.22318069838746318,1.1028818214186604,1.3192093493882064,0
2015-02-11,2,sweing,Wednesday,11,0.35,11.41,434.0,3240,0,0.0,0,1,52.0,0.507903226,0.5078966234720135,0.507903226,0.03158912045225459,0,1,0.15790322600000006,0,434.0,6.075346031088684,0,,0,35,6,41,4,-0.8660254037844384,-0.5000000000000004,0.0,8.083637203141548,2.4344901638739844,3.9512437185814275,0.0,24.00517284354777,0.0,4.557405784399649,0,1,1,sweing_team11,14,1,314640,train,-0.9856129740972022,0.5947589079387602,0.025471851023910256,0.07609033318004338,0.8021783312721362,-0.973454127137173,0.5960280378208649,-0.980051246628074,2.4674594359192246,-3.7235235970913716,3.393677892448722,-1.2647205579438705,-0.736328099691826,-0.22318069838746318,1.1028818214186604,1.3192093493882064,0
2015-02-11,2,finishing,Wednesday,12,0.8,4.08,,1080,0,0.0,0,0,9.0,1.02,0.9995822890559732,0.999,7.780303087908306,0,0,0.21999999999999997,1,0.0,0.0,0,,0,35,6,41,4,-0.8660254037844384,-0.5000000000000004,0.0,6.985641817639208,1.4060969884160703,2.1972245773362196,0.0,0.0,0.0,2.2058823529411766,0,1,0,finishing_team12,3,0,202215,train,-0.9856129740972022,-1.1731446939116332,-0.7803455191751631,-1.0606983384260422,-1.1951785524965162,-0.973454127137173,-1.168065122270806,-0.980051246628074,-0.3902111140526185,0.663747223037126,-0.22888618729874646,-1.2647205579438705,-0.736328099691826,-0.22318069838746318,1.1028818214186604,1.3192093493882064,0
2015-02-11,2,sweing,Wednesday,12,0.8,15.26,854.0,4080,50,0.0,0,0,34.0,0.800401961,0.8001509986265665,0.800401961,1.387238369876064,0,0,0.00040196100000000623,0,854.0,6.75110146893676,0,,0,35,6,41,4,-0.8660254037844384,-0.5000000000000004,3.9318256327243257,8.314097335405807,2.725235025856311,3.5263605246161616,26.5441538046884,23.80681771773677,13.865034700913025,2.2280471821756227,0,0,1,sweing_team12,15,0,206295,train,0.9792705109119583,0.7914012829455911,0.19460623917250247,0.39748051090269754,0.31835044575563654,0.9059613951607017,0.5814513079221524,0.7688616168589856,-0.3632754778173688,0.663747223037126,-0.22888618729874646,-1.2647205579438705,-0.736328099691826,-0.22318069838746318,1.1028818214186604,1.3192093493882064,0
2015-02-12,2,finishing,Thursday,1,0.8,3.94,,1440,0,0.0,0,0,12.0,0.664875,0.6647372598162072,0.664875,0.6844773410839464,1,1,-0.13512500000000005,1,0.0,0.0,0,,0,36,7,42,5,-0.8660254037844386,0.5000000000000001,0.0,7.273092595999522,1.3711807233098425,2.4849066497880004,0.0,0.0,0.0,3.0456852791878175,0,1,0,finishing_team1,0,0,344850,train,-0.9856129740972022,-1.1731446939116332,-0.5693857707660099,-1.0992948748235933,-0.8675859087010354,-0.973454127137173,-1.168065122270806,-0.980051246628074,0.6303528565248452,0.663747223037126,-0.22888618729874646,-1.2647205579438707,0.6664451087488514,-0.22318069838746318,1.613096402097445,1.4040767999116561,0
2015-02-12,2,sweing,Thursday,1,0.8,22.52,1397.0,0,138,0.0,0,0,57.0,1.100483918,0.9995822890559732,0.999,7.780303087908306,0,0,0.30048391799999985,0,1397.0,7.242797922793756,0,,0,36,7,42,5,-0.8660254037844386,0.5000000000000001,4.9344739331306915,0.0,3.1144038032714896,4.04305126783455,35.739397552958906,29.28300332442074,19.95033109144058,2.5310834813499112,1,0,1,sweing_team1,12,0,344850,train,1.480332173042666,0.9344831629475895,-5.90709886711144,0.8276687580304326,0.9067224814303124,1.5570156332792167,0.9838854680552774,1.5364509785231282,0.004987026454476854,0.663747223037126,-0.22888618729874646,-1.2647205579438707,0.6664451087488514,-0.22318069838746318,1.613096402097445,1.4040767999116561,0
2015-02-12,2,finishing,Thursday,2,0.8,3.94,,2160,0,0.0,0,0,18.0,0.601944444,0.6018592773801169,0.601944444,0.4132181422647053,1,1,-0.19805555600000002,1,0.0,0.0,0,,0,36,7,42,5,-0.8660254037844386,0.5000000000000001,0.0,7.6783263565068856,1.3711807233098425,2.8903717578961645,0.0,0.0,0.0,4.568527918781726,0,1,0,finishing_team2,4,0,347700,train,-0.9856129740972022,-1.1731446939116332,-0.2719852465748004,-1.0992948748235933,-0.40587000961859426,-0.973454127137173,-1.168065122270806,-0.980051246628074,2.4809755231719786,0.663747223037126,-0.22888618729874646,-1.2647205579438707,0.6664451087488514,-0.22318069838746318,1.613096402097445,1.4040767999116561,0
2015-02-12,2,sweing,Thursday,2,0.8,22.52,1327.0,0,113,0.0,0,0,57.5,1.000344928,0.9995822890559732,0.999,7.780303087908306,0,0,0.20034492800000003,0,1327.0,7.191429330036379,0,,0,36,7,42,5,-0.8660254037844386,0.5000000000000001,4.736198448394496,0.0,3.1144038032714896,4.051784947803305,34.060036434656965,29.138125112632604,19.190057583014184,2.5532859680284195,1,0,1,sweing_team2,16,0,347700,train,1.3812463381577667,0.9195350892587764,-5.90709886711144,0.8276687580304326,0.9166677981010531,1.4381112079769978,0.9732386518824684,1.4405513181661436,0.03196842560556396,0.663747223037126,-0.22888618729874646,-1.2647205579438707,0.6664451087488514,-0.22318069838746318,1.613096402097445,1.4040767999116561,0
2015-02-12,2,sweing,Thursday,3,0.35,30.1,770.0,6960,0,0.0,0,1,58.0,0.350301724,0.3504267852163742,0.350301724,-0.6171637566294966,0,1,0.0003017240000000032,0,770.0,6.647688373563329,0,,0,36,7,42,5,-0.8660254037844386,0.5000000000000001,0.0,8.848078421168667,3.40452517175483,4.060443010546419,0.0,26.992559792725913,0.0,1.9269102990033222,0,1,1,sweing_team3,17,1,325590,train,-0.9856129740972022,0.7613084482570581,0.5864942561413656,1.1483697243081041,0.9265270070534614,-0.973454127137173,0.8155652566502971,-0.980051246628074,-0.7292297315745003,-3.7235235970913716,3.393677892448722,-1.2647205579438707,0.6664451087488514,-0.22318069838746318,1.613096402097445,1.4040767999116561,0
2015-02-12,2,finishing,Thursday,4,0.7,4.15,,1800,0,0.0,0,0,15.0,1.096633333,0.9995822890559732,0.999,7.780303087908306,0,0,0.39663333300000003,1,0.0,0.0,0,,0,36,7,42,5,-0.8660254037844386,0.5000000000000001,0.0,7.496097345175956,1.423108334242607,2.70805020110221,0.0,0.0,0.0,3.614457831325301,0,1,0,finishing_team4,6,0,400920,train,-0.9856129740972022,-1.1731446939116332,-0.40572287846610844,-1.0418939495153812,-0.6134853132140259,-0.973454127137173,-1.168065122270806,-0.980051246628074,1.3215492741882318,-0.3112018481025408,-0.22888618729874646,-1.2647205579438707,0.6664451087488514,-0.22318069838746318,1.613096402097445,1.4040767999116561,0
2015-02-12,2,sweing,Thursday,4,0.7,30.1,419.0,7080,0,0.0,0,1,59.0,0.637711864,0.6375968164945698,0.637711864,0.5649487758752417,1,1,-0.06228813599999994,0,419.0,6.040254711277414,0,,0,36,7,42,5,-0.8660254037844386,0.5000000000000001,0.0,8.865170419651774,3.40452517175483,4.07753744390572,0.0,24.629364755961586,0.0,1.9601328903654485,0,1,1,sweing_team4,18,1,408000,train,-0.9856129740972022,0.5845474614844235,0.5990380513621463,1.1483697243081041,0.9459929771454892,-0.973454127137173,0.6418986795550576,-0.980051246628074,-0.6888562359676913,-0.3112018481025408,3.393677892448722,-1.2647205579438707,0.6664451087488514,-0.22318069838746318,1.613096402097445,1.4040767999116561,0
2015-02-12,2,finishing,Thursday,5,0.7,4.15,,240,0,0.0,0,0,2.0,0.58,0.5799331662489556,0.58,0.32249903969908267,1,1,-0.12,1,0.0,0.0,0,,0,36,7,42,5,-0.8660254037844386,0.5000000000000001,0.0,5.484796933490655,1.423108334242607,0.6931471805599453,0.0,0.0,0.0,0.48192771084337344,0,1,0,finishing_team5,7,0,332340,train,-0.9856129740972022,-1.1731446939116332,-1.8818136069194566,-1.0418939495153812,-2.9079188935393216,-0.973454127137173,-1.168065122270806,-0.980051246628074,-2.4852335766417357,-0.3112018481025408,-0.22888618729874646,-1.2647205579438707,0.6664451087488514,-0.22318069838746318,1.613096402097445,1.4040767999116561,0
2015-02-12,2,sweing,Thursday,5,0.75,30.1,610.0,7080,56,0.0,0,0,59.0,0.750799435,0.7505899116624896,0.750799435,1.1017609633872931,0,0,0.000799435000000015,0,610.0,6.415096959171596,0,,0,36,7,42,5,-0.8660254037844386,0.5000000000000001,4.04305126783455,8.865170419651774,3.40452517175483,4.07753744390572,25.936565894060287,26.157798057307904,16.48569293222587,1.9601328903654485,0,0,1,sweing_team5,19,0,339420,train,1.0348542101784763,0.6936251924954209,0.5990380513621463,1.1483697243081041,0.9459929771454892,0.8629421239947354,0.7542202508319792,1.0994271718982718,-0.6888562359676913,0.1762726874672926,-0.22888618729874646,-1.2647205579438707,0.6664451087488514,-0.22318069838746318,1.613096402097445,1.4040767999116561,0
2015-02-12,2,sweing,Thursday,6,0.8,18.79,779.0,3960,0,0.0,0,0,33.0,0.688017677,0.6878606029172933,0.688017677,0.7901363318138881,1,1,-0.111982323,0,779.0,6.659293919683638,0,,0,36,7,42,5,-0.8660254037844386,0.5000000000000001,0.0,8.284251797621916,2.933324813425374,3.4965075614664802,0.0,23.284271544201594,0.0,1.7562533262373603,0,1,1,sweing_team6,20,0,208095,train,-0.9856129740972022,0.7646856199741162,0.1727026382223141,0.6275035398673704,0.28435593563553735,-0.973454127137173,0.5430504125579163,-0.980051246628074,-0.9366192896356608,0.663747223037126,-0.22888618729874646,-1.2647205579438707,0.6664451087488514,-0.22318069838746318,1.613096402097445,1.4040767999116561,0
2015-02-12,2,sweing,Thursday,7,0.65,30.1,909.0,7080,0,0.0,0,1,59.0,0.535677966,0.5356481598462823,0.535677966,0.14283498626334712,1,1,-0.11432203400000007,0,909.0,6.813444599510896,0,,0,36,7,42,5,-0.8660254037844386,0.5000000000000001,0.0,8.865170419651774,3.40452517175483,4.07753744390572,0.0,27.782075476482888,0.0,1.9601328903654485,0,1,1,sweing_team7,21,1,334290,train,-0.9856129740972022,0.809542907229812,0.5990380513621463,1.1483697243081041,0.9459929771454892,-0.973454127137173,0.8735852187050646,-0.980051246628074,-0.6888562359676913,-0.7986763836723731,3.393677892448722,-1.2647205579438707,0.6664451087488514,-0.22318069838746318,1.613096402097445,1.4040767999116561,0
2015-02-12,2,finishing,Thursday,8,0.35,4.15,,1440,0,0.0,0,0,12.0,0.755486111,0.7552726723107769,0.755486111,1.1269341968759161,0,0,0.405486111,1,0.0,0.0,0,,0,36,7,42,5,-0.8660254037844386,0.5000000000000001,0.0,7.273092595999522,1.423108334242607,2.4849066497880004,0.0,0.0,0.0,2.8915662650602405,0,1,0,finishing_team8,10,0,308880,train,-0.9856129740972022,-1.1731446939116332,-0.5693857707660099,-1.0418939495153812,-0.8675859087010354,-0.973454127137173,-1.168065122270806,-0.980051246628074,0.44306092399670066,-3.7235235970913716,-0.22888618729874646,-1.2647205579438707,0.6664451087488514,-0.22318069838746318,1.613096402097445,1.4040767999116561,0
2015-02-12,2,sweing,Thursday,8,0.65,30.1,1193.0,7080,0,0.0,0,1,59.0,0.463403955,0.46343452813700914,0.463403955,-0.1465234701238209,1,1,-0.18659604500000004,0,1193.0,7.085064293952548,0,,0,36,7,42,5,-0.8660254037844386,0.5000000000000001,0.0,8.865170419651774,3.40452517175483,4.07753744390572,0.0,28.889614951070953,0.0,1.9601328903654485,0,1,1,sweing_team8,22,1,315960,train,-0.9856129740972022,0.8885832505583466,0.5990380513621463,1.1483697243081041,0.9459929771454892,-0.973454127137173,0.954976126589216,-0.980051246628074,-0.6888562359676913,-0.7986763836723731,3.393677892448722,-1.2647205579438707,0.6664451087488514,-0.22318069838746318,1.613096402097445,1.4040767999116561,0
2015-02-12,2,finishing,Thursday,9,0.8,3.94,,960,0,0.0,0,0,8.0,0.656666667,0.6565357842372598,0.656666667,0.6478942689815335,1,1,-0.14333333300000006,1,0.0,0.0,0,,0,36,7,42,5,-0.8660254037844386,0.5000000000000001,0.0,6.8679744089702925,1.3711807233098425,2.0794415416798357,0.0,0.0,0.0,2.030456852791878,0,1,0,finishing_team9,11,0,327060,train,-0.9856129740972022,-1.1731446939116332,-0.8667014757335281,-1.0992948748235933,-1.329301807783477,-0.973454127137173,-1.168065122270806,-0.980051246628074,-0.6033955879065779,0.663747223037126,-0.22888618729874646,-1.2647205579438707,0.6664451087488514,-0.22318069838746318,1.613096402097445,1.4040767999116561,0
2015-02-12,2,sweing,Thursday,9,0.8,29.12,14.0,6960,0,0.0,0,0,58.0,0.497885057,0.49788682386967426,0.497885057,-0.008452754849395623,1,1,-0.302114943,0,14.0,2.70805020110221,0,,0,36,7,42,5,-0.8660254037844386,0.5000000000000001,0.0,8.848078421168667,3.3714252233284854,4.060443010546419,0.0,10.995883511274293,0.0,1.9917582417582418,0,1,1,sweing_team9,23,0,334020,train,-0.9856129740972022,-0.38511193330485,0.5864942561413656,1.1117809494117135,0.9265270070534614,-0.973454127137173,-0.35999916841046575,-0.980051246628074,-0.6504237738035172,0.663747223037126,-0.22888618729874646,-1.2647205579438707,0.6664451087488514,-0.22318069838746318,1.613096402097445,1.4040767999116561,0
2015-02-12,2,sweing,Thursday,10,0.8,22.52,10.0,6000,0,0.0,0,0,50.0,0.441392,0.4414409624060151,0.441392,-0.23531602972451082,1,1,-0.35860800000000004,0,10.0,2.3978952727983707,0,,0,36,7,42,5,-0.8660254037844386,0.5000000000000001,0.0,8.699681400989514,3.1144038032714896,3.912023005428146,0.0,9.380621471794626,0.0,2.2202486678507993,0,1,1,sweing_team10,13,0,336630,train,-0.9856129740972022,-0.47536588955263104,0.477585878087085,0.8276687580304326,0.7575164689463868,-0.973454127137173,-0.47870161367811975,-0.980051246628074,-0.3727525616607389,0.663747223037126,-0.22888618729874646,-1.2647205579438707,0.6664451087488514,-0.22318069838746318,1.613096402097445,1.4040767999116561,0
2015-02-12,2,sweing,Thursday,11,0.5,11.41,1039.0,2280,0,0.0,0,2,55.0,0.50012336,0.5001232569423559,0.50012336,0.0004930277794106771,0,1,0.0001233600000000168,0,1039.0,6.946975992135418,0,,0,36,7,42,5,-0.8660254037844386,0.5000000000000001,0.0,7.732369222284388,2.4344901638739844,4.007333185232471,0.0,27.838847430297534,0.0,4.820333041191937,0,1,1,sweing_team11,14,1,316920,train,-0.9856129740972022,0.8484000568922304,-0.2323232584154199,0.07609033318004338,0.8660491749180281,-0.973454127137173,0.8777572784549438,-0.980051246628074,2.7869797385743387,-2.2610999903818723,7.01624197219619,-1.2647205579438707,0.6664451087488514,-0.22318069838746318,1.613096402097445,1.4040767999116561,0
2015-02-12,2,finishing,Thursday,12,0.8,4.08,,1080,0,0.0,0,0,9.0,0.838666667,0.8383837374536341,0.838666667,1.6462511406647367,0,0,0.03866666699999999,1,0.0,0.0,0,,0,36,7,42,5,-0.8660254037844386,0.5000000000000001,0.0,6.985641817639208,1.4060969884160703,2.1972245773362196,0.0,0.0,0.0,2.2058823529411766,0,1,0,finishing_team12,3,0,207375,train,-0.9856129740972022,-1.1731446939116332,-0.7803455191751631,-1.0606983384260422,-1.1951785524965162,-0.973454127137173,-1.168065122270806,-0.980051246628074,-0.3902111140526185,0.663747223037126,-0.22888618729874646,-1.2647205579438707,0.6664451087488514,-0.22318069838746318,1.613096402097445,1.4040767999116561,0
2015-02-12,2,sweing,Thursday,12,0.8,15.26,894.0,4080,50,0.0,0,0,34.0,0.800401961,0.8001509986265665,0.800401961,1.387238369876064,0,0,0.00040196100000000623,0,894.0,6.796823718274855,0,,0,36,7,42,5,-0.8660254037844386,0.5000000000000001,3.9318256327243257,8.314097335405807,2.725235025856311,3.5263605246161616,26.72392571662174,23.96805085289929,13.865034700913025,2.2280471821756227,0,0,1,sweing_team12,15,0,211455,train,0.9792705109119583,0.8047062912325077,0.19460623917250247,0.39748051090269754,0.31835044575563654,0.918689852215566,0.5933000153975824,0.7688616168589856,-0.3632754778173688,0.663747223037126,-0.22888618729874646,-1.2647205579438707,0.6664451087488514,-0.22318069838746318,1.613096402097445,1.4040767999116561,0
2015-02-14,2,finishing,Saturday,1,0.8,3.94,,1440,0,0.0,0,0,12.0,0.796208333,0.795960874075188,0.796208333,1.361238262261227,1,0,-0.0037916669999999986,1,0.0,0.0,0,,0,37,7,44,0,0.0,1.0,0.0,7.273092595999522,1.3711807233098425,2.4849066497880004,0.0,0.0,0.0,3.0456852791878175,0,1,0,finishing_team1,0,0,346290,train,-0.9856129740972022,-1.1731446939116332,-0.5693857707660099,-1.0992948748235933,-0.8675859087010354,-0.973454127137173,-1.168065122270806,-0.980051246628074,0.6303528565248452,0.663747223037126,-0.22888618729874646,-0.028538824941726406,1.3678317129691895,-0.22318069838746318,1.613096402097445,1.488944250435106,0
2015-02-14,2,sweing,Saturday,1,0.8,22.52,1416.0,6840,113,0.0,0,0,57.0,1.000230409,0.9995822890559732,0.999,7.780303087908306,0,0,0.200230409,0,1416.0,7.256297239690681,0,,0,37,7,44,0,0.0,1.0,4.736198448394496,8.830689198760998,3.1144038032714896,4.04305126783455,34.36726372771226,29.337581754715753,19.148693141497397,2.5310834813499112,1,0,1,sweing_team1,12,0,353130,train,1.3812463381577667,0.938411415073883,0.5737323286730242,0.8276687580304326,0.9067224814303124,1.4598639354397092,0.9878963300557089,1.4353336749780667,0.004987026454476854,0.663747223037126,-0.22888618729874646,-0.028538824941726406,1.3678317129691895,-0.22318069838746318,1.613096402097445,1.488944250435106,0
2015-02-14,2,sweing,Saturday,2,0.8,22.52,674.0,3660,63,0.0,0,0,57.0,0.80037492,0.8001239802172097,0.80037492,1.387069417688144,0,0,0.0003749199999999453,0,674.0,6.51471269087253,0,,0,37,7,44,0,0.0,1.0,4.1588830833596715,8.205491613120236,3.1144038032714896,4.04305126783455,27.09392840301833,26.339317404410018,16.814577522952984,2.5310834813499112,0,0,1,sweing_team2,16,0,351360,train,1.0927397937785401,0.7226130081644958,0.11490064234006199,0.8276687580304326,0.9067224814303124,0.9448872890305547,0.7675597523108538,1.1409121377662224,0.004987026454476854,0.663747223037126,-0.22888618729874646,-0.028538824941726406,1.3678317129691895,-0.22318069838746318,1.613096402097445,1.488944250435106,0
2015-02-14,2,sweing,Saturday,3,0.5,30.1,1261.0,6960,30,0.0,0,1,58.0,0.500801724,0.5008010542222223,0.500801724,0.0032042196303696336,0,1,0.0008017240000000037,0,1261.0,7.140453043101158,0,,0,37,7,44,0,0.0,1.0,3.4339872044851463,8.848078421168667,3.40452517175483,4.060443010546419,24.520224384236403,28.993402650995005,13.94350934275755,1.9269102990033222,0,0,1,sweing_team3,17,1,332550,train,0.7304816282848566,0.9047011751375774,0.5864942561413656,1.1483697243081041,0.9265270070534614,0.762660373142024,0.9626032814833279,0.7787602801901629,-0.7292297315745003,-2.2610999903818723,3.393677892448722,-0.028538824941726406,1.3678317129691895,-0.22318069838746318,1.613096402097445,1.488944250435106,0
2015-02-14,2,finishing,Saturday,4,0.75,4.15,,2400,0,0.0,0,0,20.0,0.902916667,0.9025800615973265,0.902916667,2.2262265010916744,0,0,0.15291666699999995,1,0.0,0.0,0,,0,37,7,44,0,0.0,1.0,0.0,7.783640596221253,1.423108334242607,2.995732273553991,0.0,0.0,0.0,4.8192771084337345,0,1,0,finishing_team4,6,0,410400,train,-0.9856129740972022,-1.1731446939116332,-0.19469526447499352,-1.0418939495153812,-0.28589266941854513,-0.973454127137173,-1.168065122270806,-0.980051246628074,2.78569652450745,0.1762726874672926,-0.22888618729874646,-0.028538824941726406,1.3678317129691895,-0.22318069838746318,1.613096402097445,1.488944250435106,0
2015-02-14,2,sweing,Saturday,4,0.75,30.1,481.0,7140,0,0.0,0,1,59.0,0.750392157,0.7501829739114452,0.750392157,1.0995883877408519,0,0,0.0003921569999999486,0,481.0,6.1779441140506,0,,0,37,7,44,0,0.0,1.0,0.0,8.87360810154911,3.40452517175483,4.07753744390572,0.0,25.19079845139827,0.0,1.9601328903654485,0,1,1,sweing_team4,18,1,417540,train,-0.9856129740972022,0.6246145769793618,0.6052304550159893,1.1483697243081041,0.9459929771454892,-0.973454127137173,0.6831573427781827,-0.980051246628074,-0.6888562359676913,0.1762726874672926,3.393677892448722,-0.028538824941726406,1.3678317129691895,-0.22318069838746318,1.613096402097445,1.488944250435106,0
2015-02-14,2,sweing,Saturday,5,0.75,30.1,664.0,7140,56,0.0,0,0,59.0,0.750392157,0.7501829739114452,0.750392157,1.0995883877408519,0,0,0.0003921569999999486,0,664.0,6.499787040655854,0,,0,37,7,44,0,0.0,1.0,4.04305126783455,8.87360810154911,3.40452517175483,4.07753744390572,26.27897223537823,26.503125035687393,16.48569293222587,1.9601328903654485,0,0,1,sweing_team5,19,0,346560,train,1.0348542101784763,0.7182696982290628,0.6052304550159893,1.1483697243081041,0.9459929771454892,0.8871856466001726,0.7795976544659682,1.0994271718982718,-0.6888562359676913,0.1762726874672926,-0.22888618729874646,-0.028538824941726406,1.3678317129691895,-0.22318069838746318,1.613096402097445,1.488944250435106,0
2015-02-14,2,finishing,Saturday,6,0.8,2.9,,960,0,0.0,0,0,8.0,0.483333333,0.48334725669841266,0.483333333,-0.06663561913969508,1,1,-0.31666666700000007,1,0.0,0.0,0,,0,37,7,44,0,0.0,1.0,0.0,6.8679744089702925,1.0647107369924282,2.0794415416798357,0.0,0.0,0.0,2.7586206896551726,0,1,0,finishing_team6,8,0,209055,train,-0.9856129740972022,-1.1731446939116332,-0.8667014757335281,-1.4380676486489155,-1.329301807783477,-0.973454127137173,-1.168065122270806,-0.980051246628074,0.28149984809940837,0.663747223037126,-0.22888618729874646,-0.028538824941726406,1.3678317129691895,-0.22318069838746318,1.613096402097445,1.488944250435106,0
2015-02-14,2,sweing,Saturday,6,0.8,18.79,822.0,4080,0,0.0,0,0,34.0,0.557252451,0.5572046210492899,0.557252451,0.22982477040567473,1,1,-0.24274754900000006,0,822.0,6.71295620067707,0,,0,37,7,44,0,0.0,1.0,0.0,8.314097335405807,2.933324813425374,3.5263605246161616,0.0,23.672303749544906,0.0,1.809473124002129,0,1,1,sweing_team6,20,0,213135,train,-0.9856129740972022,0.7803011485985486,0.19460623917250247,0.6275035398673704,0.31835044575563654,-0.973454127137173,0.5715661397223392,-0.980051246628074,-0.8719443445710011,0.663747223037126,-0.22888618729874646,-0.028538824941726406,1.3678317129691895,-0.22318069838746318,1.613096402097445,1.488944250435106,0
2015-02-14,2,finishing,Saturday,7,0.7,4.15,,1800,0,0.0,0,0,15.0,0.929277778,0.9289191499482038,0.929277778,2.570203743606896,0,0,0.22927777800000004,1,0.0,0.0,0,,0,37,7,44,0,0.0,1.0,0.0,7.496097345175956,1.423108334242607,2.70805020110221,0.0,0.0,0.0,3.614457831325301,0,1,0,finishing_team7,9,0,336090,train,-0.9856129740972022,-1.1731446939116332,-0.40572287846610844,-1.0418939495153812,-0.6134853132140259,-0.973454127137173,-1.168065122270806,-0.980051246628074,1.3215492741882318,-0.3112018481025408,-0.22888618729874646,-0.028538824941726406,1.3678317129691895,-0.22318069838746318,1.613096402097445,1.488944250435106,0
2015-02-14,2,sweing,Saturday,7,0.7,30.1,957.0,7200,0,0.0,0,1,60.0,0.602,0.6019147869674185,0.602,0.413449799937102,1,1,-0.09799999999999998,0,957.0,6.86484777797086,0,,0,37,7,44,0,0.0,1.0,0.0,8.881975184248867,3.40452517175483,4.0943445622221,0.0,28.10705217021746,0.0,1.9933554817275747,0,1,1,sweing_team7,21,1,343290,train,-0.9856129740972022,0.8245010452323063,0.6113710460115266,1.1483697243081041,0.9651317725418185,-0.973454127137173,0.8974671197579228,-0.980051246628074,-0.6484827403608823,-0.3112018481025408,3.393677892448722,-0.028538824941726406,1.3678317129691895,-0.22318069838746318,1.613096402097445,1.488944250435106,0
2015-02-14,2,finishing,Saturday,8,0.7,4.15,,960,0,0.0,0,0,8.0,0.725625,0.7254365079365079,0.725625,0.971591018608274,0,0,0.02562500000000001,1,0.0,0.0,0,,0,37,7,44,0,0.0,1.0,0.0,6.8679744089702925,1.423108334242607,2.0794415416798357,0.0,0.0,0.0,1.9277108433734937,0,1,0,finishing_team8,10,0,316920,train,-0.9856129740972022,-1.1731446939116332,-0.8667014757335281,-1.0418939495153812,-1.329301807783477,-0.973454127137173,-1.168065122270806,-0.980051246628074,-0.7282568762586739,-0.3112018481025408,-0.22888618729874646,-0.028538824941726406,1.3678317129691895,-0.22318069838746318,1.613096402097445,1.488944250435106,0
2015-02-14,2,sweing,Saturday,8,0.7,30.1,824.0,5160,0,0.0,0,1,60.0,0.700206125,0.7000388684210527,0.700206125,0.8474829549587769,0,0,0.00020612500000005696,0,824.0,6.715383386334681,0,,0,37,7,44,0,0.0,1.0,0.0,8.548885638148727,3.40452517175483,4.0943445622221,0.0,27.495093451076034,0.0,1.9933554817275747,0,1,1,sweing_team8,22,1,322080,train,-0.9856129740972022,0.7810074507983726,0.3669170659463742,1.1483697243081041,0.9651317725418185,-0.973454127137173,0.852495471449795,-0.980051246628074,-0.6484827403608823,-0.3112018481025408,3.393677892448722,-0.028538824941726406,1.3678317129691895,-0.22318069838746318,1.613096402097445,1.488944250435106,0
2015-02-14,2,finishing,Saturday,9,0.8,3.94,,960,0,0.0,0,0,8.0,0.238041667,0.2382605127251462,0.238041667,-1.1622399506901944,1,1,-0.561958333,1,0.0,0.0,0,,0,37,7,44,0,0.0,1.0,0.0,6.8679744089702925,1.3711807233098425,2.0794415416798357,0.0,0.0,0.0,2.030456852791878,0,1,0,finishing_team9,11,0,334980,train,-0.9856129740972022,-1.1731446939116332,-0.8667014757335281,-1.0992948748235933,-1.329301807783477,-0.973454127137173,-1.168065122270806,-0.980051246628074,-0.6033955879065779,0.663747223037126,-0.22888618729874646,-0.028538824941726406,1.3678317129691895,-0.22318069838746318,1.613096402097445,1.488944250435106,0
2015-02-14,2,sweing,Saturday,11,0.6,11.41,1039.0,2280,23,0.0,0,2,55.0,0.600447507,0.6003635909540519,0.600447507,0.40698030025245124,0,1,0.00044750700000006916,0,1039.0,6.946975992135418,0,,0,37,7,44,0,0.0,1.0,3.1780538303479458,7.732369222284388,2.4344901638739844,4.007333185232471,22.077863661141187,27.838847430297534,12.735520578808488,4.820333041191937,0,0,1,sweing_team11,14,1,319200,train,0.6025819432328481,0.8484000568922304,-0.2323232584154199,0.07609033318004338,0.8660491749180281,0.5897330051117401,0.8777572784549438,0.6263865477191417,2.7869797385743387,-1.2861509192422065,7.01624197219619,-0.028538824941726406,1.3678317129691895,-0.22318069838746318,1.613096402097445,1.488944250435106,0
2015-02-14,2,finishing,Saturday,12,0.8,4.08,,1080,0,0.0,0,0,9.0,0.800888889,0.8006375198362573,0.800888889,1.3902836339567668,0,0,0.0008888889999999483,1,0.0,0.0,0,,0,37,7,44,0,0.0,1.0,0.0,6.985641817639208,1.4060969884160703,2.1972245773362196,0.0,0.0,0.0,2.2058823529411766,0,1,0,finishing_team12,3,0,212535,train,-0.9856129740972022,-1.1731446939116332,-0.7803455191751631,-1.0606983384260422,-1.1951785524965162,-0.973454127137173,-1.168065122270806,-0.980051246628074,-0.3902111140526185,0.663747223037126,-0.22888618729874646,-0.028538824941726406,1.3678317129691895,-0.22318069838746318,1.613096402097445,1.488944250435106,0
2015-02-14,2,sweing,Saturday,12,0.8,15.26,942.0,4080,63,0.0,0,0,34.0,0.800401961,0.8001509986265665,0.800401961,1.387238369876064,0,0,0.00040196100000000623,0,942.0,6.849066282633458,0,,0,37,7,44,0,0.0,1.0,4.1588830833596715,8.314097335405807,2.725235025856311,3.5263605246161616,28.484465899653397,24.152276969558184,14.665721131653491,2.2280471821756227,0,0,1,sweing_team12,15,0,216615,train,1.0927397937785401,0.8199086874790509,0.19460623917250247,0.39748051090269754,0.31835044575563654,1.0433420288102637,0.6068384320724517,0.8698588973237311,-0.3632754778173688,0.663747223037126,-0.22888618729874646,-0.028538824941726406,1.3678317129691895,-0.22318069838746318,1.613096402097445,1.488944250435106,0
2015-02-15,3,finishing,Sunday,1,0.8,3.94,,960,0,0.0,0,0,8.0,1.1204375,0.9995822890559732,0.999,7.780303087908306,0,0,0.32043749999999993,1,0.0,0.0,0,,0,38,7,45,1,0.8660254037844386,0.5000000000000001,0.0,6.8679744089702925,1.3711807233098425,2.0794415416798357,0.0,0.0,0.0,2.030456852791878,0,1,0,finishing_team1,0,0,354090,train,-0.9856129740972022,-1.1731446939116332,-0.8667014757335281,-1.0992948748235933,-1.329301807783477,-0.973454127137173,-1.168065122270806,-0.980051246628074,-0.6033955879065779,0.663747223037126,-0.22888618729874646,1.207642908060418,0.6664451087488514,0.7216984540246772,1.613096402097445,1.573811700958556,0
2015-02-15,3,sweing,Sunday,1,0.8,22.52,1420.0,6840,113,0.0,0,0,57.0,1.000230409,0.9995822890559732,0.999,7.780303087908306,0,0,0.200230409,0,1420.0,7.259116128097101,0,,0,38,7,45,1,0.8660254037844386,0.5000000000000001,4.736198448394496,8.830689198760998,3.1144038032714896,4.04305126783455,34.380614542608946,29.348978665061214,19.148693141497397,2.5310834813499112,1,0,1,sweing_team1,12,0,360930,train,1.3812463381577667,0.9392317013491706,0.5737323286730242,0.8276687580304326,0.9067224814303124,1.4608092181161425,0.9887338666865692,1.4353336749780667,0.004987026454476854,0.663747223037126,-0.22888618729874646,1.207642908060418,0.6664451087488514,0.7216984540246772,1.613096402097445,1.573811700958556,0
2015-02-15,3,finishing,Sunday,2,0.8,3.94,,960,0,0.0,0,0,8.0,1.108125,0.9995822890559732,0.999,7.780303087908306,0,0,0.308125,1,0.0,0.0,0,,0,38,7,45,1,0.8660254037844386,0.5000000000000001,0.0,6.8679744089702925,1.3711807233098425,2.0794415416798357,0.0,0.0,0.0,2.030456852791878,0,1,0,finishing_team2,4,0,352320,train,-0.9856129740972022,-1.1731446939116332,-0.8667014757335281,-1.0992948748235933,-1.329301807783477,-0.973454127137173,-1.168065122270806,-0.980051246628074,-0.6033955879065779,0.663747223037126,-0.22888618729874646,1.207642908060418,0.6664451087488514,0.7216984540246772,1.613096402097445,1.573811700958556,0
2015-02-15,3,sweing,Sunday,2,0.8,22.52,12.0,6900,0,0.0,0,0,57.5,0.432122899,0.432179605015873,0.432122899,-0.2729639085090215,1,1,-0.36787710100000004,0,12.0,2.5649493574615367,0,,0,38,7,45,1,0.8660254037844386,0.5000000000000001,0.0,8.839421607620602,3.1144038032714896,4.051784947803305,0.0,10.392623198440413,0.0,2.5532859680284195,0,1,1,sweing_team2,16,0,359220,train,-0.9856129740972022,-0.42675375841334373,0.5801410320570825,0.8276687580304326,0.9166677981010531,-0.973454127137173,-0.4043315878669269,-0.980051246628074,0.03196842560556396,0.663747223037126,-0.22888618729874646,1.207642908060418,0.6664451087488514,0.7216984540246772,1.613096402097445,1.573811700958556,0
2015-02-15,3,sweing,Sunday,3,0.6,30.1,1361.0,6960,30,0.0,0,1,58.0,0.475718391,0.4757386763876358,0.475718391,-0.0971215649002985,1,1,-0.12428160899999996,0,1361.0,7.216709486709457,0,,0,38,7,45,1,0.8660254037844386,0.5000000000000001,3.4339872044851463,8.848078421168667,3.40452517175483,4.060443010546419,24.782088035846844,29.303037594453453,13.94350934275755,1.9269102990033222,0,0,1,sweing_team3,17,1,339510,train,0.7304816282848566,0.9268915229185178,0.5864942561413656,1.1483697243081041,0.9265270070534614,0.7812012019506386,0.9853577473411831,0.7787602801901629,-0.7292297315745003,-1.2861509192422065,3.393677892448722,1.207642908060418,0.6664451087488514,0.7216984540246772,1.613096402097445,1.573811700958556,0
2015-02-15,3,finishing,Sunday,4,0.75,4.15,,2400,0,0.0,0,0,20.0,0.287041667,0.28721957705263157,0.287041667,-0.9089264107025774,1,1,-0.462958333,1,0.0,0.0,0,,0,38,7,45,1,0.8660254037844386,0.5000000000000001,0.0,7.783640596221253,1.423108334242607,2.995732273553991,0.0,0.0,0.0,4.8192771084337345,0,1,0,finishing_team4,6,0,419940,train,-0.9856129740972022,-1.1731446939116332,-0.19469526447499352,-1.0418939495153812,-0.28589266941854513,-0.973454127137173,-1.168065122270806,-0.980051246628074,2.78569652450745,0.1762726874672926,-0.22888618729874646,1.207642908060418,0.6664451087488514,0.7216984540246772,1.613096402097445,1.573811700958556,0
2015-02-15,3,sweing,Sunday,4,0.75,30.1,919.0,7140,0,0.0,0,1,59.5,0.598627451,0.5985450554686718,0.598627451,0.3994064935787941,1,1,-0.15137254899999997,0,919.0,6.824373670043086,0,,0,38,7,45,1,0.8660254037844386,0.5000000000000001,0.0,8.87360810154911,3.40452517175483,4.085976312551584,0.0,27.88422916379677,0.0,1.9767441860465116,0,1,1,sweing_team4,18,1,427080,train,-0.9856129740972022,0.8127232270107537,0.6052304550159893,1.1483697243081041,0.9556025828702426,-0.973454127137173,0.8810922932111748,-0.980051246628074,-0.6686694881642867,0.1762726874672926,3.393677892448722,1.207642908060418,0.6664451087488514,0.7216984540246772,1.613096402097445,1.573811700958556,0
2015-02-15,3,finishing,Sunday,5,0.75,4.15,,240,0,0.0,0,0,2.0,0.760833333,0.7606154271244779,0.760833333,1.1560565278635149,0,0,0.010833333,1,0.0,0.0,0,,0,38,7,45,1,0.8660254037844386,0.5000000000000001,0.0,5.484796933490655,1.423108334242607,0.6931471805599453,0.0,0.0,0.0,0.48192771084337344,0,1,0,finishing_team5,7,0,346800,train,-0.9856129740972022,-1.1731446939116332,-1.8818136069194566,-1.0418939495153812,-2.9079188935393216,-0.973454127137173,-1.168065122270806,-0.980051246628074,-2.4852335766417357,0.1762726874672926,-0.22888618729874646,1.207642908060418,0.6664451087488514,0.7216984540246772,1.613096402097445,1.573811700958556,0
2015-02-15,3,sweing,Sunday,5,0.8,30.1,679.0,7140,0,0.0,0,0,59.5,0.722568627,0.7223826882974103,0.722568627,0.9563114489355116,1,0,-0.07743137300000003,0,679.0,6.522092798170152,0,,0,38,7,45,1,0.8660254037844386,0.5000000000000001,0.0,8.87360810154911,3.40452517175483,4.085976312551584,0.0,26.64911668158652,0.0,1.9767441860465116,0,1,1,sweing_team5,19,0,353940,train,-0.9856129740972022,0.7247605925500998,0.6052304550159893,1.1483697243081041,0.9556025828702426,-0.973454127137173,0.7903262947319514,-0.980051246628074,-0.6686694881642867,0.663747223037126,-0.22888618729874646,1.207642908060418,0.6664451087488514,0.7216984540246772,1.613096402097445,1.573811700958556,0
2015-02-15,3,finishing,Sunday,6,0.8,2.9,,960,0,0.0,0,0,8.0,0.604166667,0.6040796438863827,0.604166667,0.4224929798792497,1,1,-0.19583333300000005,1,0.0,0.0,0,,0,38,7,45,1,0.8660254037844386,0.5000000000000001,0.0,6.8679744089702925,1.0647107369924282,2.0794415416798357,0.0,0.0,0.0,2.7586206896551726,0,1,0,finishing_team6,8,0,214095,train,-0.9856129740972022,-1.1731446939116332,-0.8667014757335281,-1.4380676486489155,-1.329301807783477,-0.973454127137173,-1.168065122270806,-0.980051246628074,0.28149984809940837,0.663747223037126,-0.22888618729874646,1.207642908060418,0.6664451087488514,0.7216984540246772,1.613096402097445,1.573811700958556,0
2015-02-15,3,sweing,Sunday,6,0.75,18.79,814.0,4080,0,0.0,0,0,34.0,0.681598039,0.6814463280233919,0.681598039,0.7604265167281344,1,1,-0.06840196099999996,0,814.0,6.703188113240863,0,,0,38,7,45,1,0.8660254037844386,0.5000000000000001,0.0,8.314097335405807,2.933324813425374,3.5263605246161616,0.0,23.63785795160887,0.0,1.809473124002129,0,1,1,sweing_team6,20,0,218175,train,-0.9856129740972022,0.7774586706765848,0.19460623917250247,0.6275035398673704,0.31835044575563654,-0.973454127137173,0.5690347854626178,-0.980051246628074,-0.8719443445710011,0.1762726874672926,-0.22888618729874646,1.207642908060418,0.6664451087488514,0.7216984540246772,1.613096402097445,1.573811700958556,0
2015-02-15,3,sweing,Sunday,7,0.7,30.1,881.0,7080,0,0.0,0,1,59.0,0.700632768,0.700465154994152,0.700632768,0.8495138667766903,0,0,0.0006327680000000058,0,881.0,6.782192056006791,0,,0,38,7,45,1,0.8660254037844386,0.5000000000000001,0.0,8.865170419651774,3.40452517175483,4.07753744390572,0.0,27.65464206012761,0.0,1.9601328903654485,0,1,1,sweing_team7,21,1,350370,train,-0.9856129740972022,0.800448530721024,0.5990380513621463,1.1483697243081041,0.9459929771454892,-0.973454127137173,0.864220386398936,-0.980051246628074,-0.6888562359676913,-0.3112018481025408,3.393677892448722,1.207642908060418,0.6664451087488514,0.7216984540246772,1.613096402097445,1.573811700958556,0
2015-02-15,3,finishing,Sunday,8,0.7,4.15,,960,0,0.0,0,0,8.0,0.605208333,0.6051204396558062,0.605208333,0.4268467041441004,1,1,-0.09479166699999997,1,0.0,0.0,0,,0,38,7,45,1,0.8660254037844386,0.5000000000000001,0.0,6.8679744089702925,1.423108334242607,2.0794415416798357,0.0,0.0,0.0,1.9277108433734937,0,1,0,finishing_team8,10,0,323040,train,-0.9856129740972022,-1.1731446939116332,-0.8667014757335281,-1.0418939495153812,-1.329301807783477,-0.973454127137173,-1.168065122270806,-0.980051246628074,-0.7282568762586739,-0.3112018481025408,-0.22888618729874646,1.207642908060418,0.6664451087488514,0.7216984540246772,1.613096402097445,1.573811700958556,0
2015-02-15,3,sweing,Sunday,8,0.7,30.1,507.0,5880,40,2.0,10,1,59.0,0.700573099,0.7004055358429406,0.700573099,0.8492297301850881,0,0,0.0005730990000000213,0,507.0,6.230481447578482,0,,1,38,7,45,1,0.8660254037844386,0.5000000000000001,3.713572066704308,8.679482094459956,3.40452517175483,4.07753744390572,23.13734186584687,25.405021396061173,15.142229152629165,1.9601328903654485,0,0,1,sweing_team8,22,1,328920,train,0.870200865542169,0.6399027499822276,0.4627616335753051,1.1483697243081041,0.9459929771454892,0.664747631613356,0.6989001676217081,0.9299648419113952,-0.6888562359676913,-0.3112018481025408,3.393677892448722,1.207642908060418,0.6664451087488514,0.7216984540246772,1.613096402097445,1.573811700958556,0
2015-02-15,3,sweing,Sunday,9,0.5,18.79,1688.0,5280,0,0.0,0,1,54.0,0.283054487,0.28323572803007524,0.283054487,-0.9284675044659559,1,1,-0.21694551299999998,0,1688.0,7.4318919168078,0,,0,38,7,45,1,0.8660254037844386,0.5000000000000001,0.0,8.571870752706934,2.933324813425374,3.9889840465642745,0.0,29.6456982919363,0.0,2.873869079297499,0,1,1,sweing_team9,23,1,340260,train,-0.9856129740972022,0.9895088275591243,0.38378581130867345,0.6275035398673704,0.8451544323417699,-0.973454127137173,1.0105392112115508,-0.980051246628074,0.4215545567221881,-2.2610999903818723,3.393677892448722,1.207642908060418,0.6664451087488514,0.7216984540246772,1.613096402097445,1.573811700958556,0
2015-02-15,3,finishing,Sunday,11,0.6,2.9,,1200,0,0.0,0,0,10.0,0.715333333,0.7151534388203843,0.715333333,0.9205464659563577,0,0,0.11533333300000004,1,0.0,0.0,0,,0,38,7,45,1,0.8660254037844386,0.5000000000000001,0.0,7.0909098220799835,1.0647107369924282,2.302585092994046,0.0,0.0,0.0,3.4482758620689657,0,1,0,finishing_team11,2,0,320400,train,-0.9856129740972022,-1.1731446939116332,-0.7030894690818731,-1.4380676486489155,-1.0752012122964671,-0.973454127137173,-1.168065122270806,-0.980051246628074,1.1195979293166163,-1.2861509192422065,-0.22888618729874646,1.207642908060418,0.6664451087488514,0.7216984540246772,1.613096402097445,1.573811700958556,0
2015-02-15,3,sweing,Sunday,11,0.65,11.41,700.0,2640,23,0.0,0,2,53.0,0.650223718,0.650098217817878,0.650223718,0.6194709630449203,0,1,0.00022371799999998387,0,700.0,6.55250788703459,0,,0,38,7,45,1,0.8660254037844386,0.5000000000000001,3.1780538303479458,7.878912912297132,2.4344901638739844,3.970291913552122,20.824222788775405,26.015369077379933,12.617801423463796,4.645048203330412,0,0,1,sweing_team11,14,1,323040,train,0.6025819432328481,0.7336112728041766,-0.12477503693422305,0.07609033318004338,0.8238691112946817,0.5009710075642745,0.7437534239139926,0.6115376454623297,2.5739662034709294,-0.7986763836723731,7.01624197219619,1.207642908060418,0.6664451087488514,0.7216984540246772,1.613096402097445,1.573811700958556,0
2015-02-15,3,finishing,Sunday,12,0.8,4.08,,1080,0,0.0,0,0,9.0,0.876444444,0.8761299540718462,0.876444444,1.956281429987698,0,0,0.07644444399999994,1,0.0,0.0,0,,0,38,7,45,1,0.8660254037844386,0.5000000000000001,0.0,6.985641817639208,1.4060969884160703,2.1972245773362196,0.0,0.0,0.0,2.2058823529411766,0,1,0,finishing_team12,3,0,217695,train,-0.9856129740972022,-1.1731446939116332,-0.7803455191751631,-1.0606983384260422,-1.1951785524965162,-0.973454127137173,-1.168065122270806,-0.980051246628074,-0.3902111140526185,0.663747223037126,-0.22888618729874646,1.207642908060418,0.6664451087488514,0.7216984540246772,1.613096402097445,1.573811700958556,0
2015-02-15,3,sweing,Sunday,12,0.8,15.26,1120.0,1440,50,0.0,0,0,34.0,0.800806306,0.8005550058279032,0.800806306,1.3897667645374676,0,0,0.0008063059999999789,0,1120.0,7.02197642307216,0,,0,38,7,45,1,0.8660254037844386,0.5000000000000001,3.9318256327243257,7.273092595999522,2.725235025856311,3.5263605246161616,27.609186892620993,24.76202046310706,13.865034700913025,2.2280471821756227,0,0,1,sweing_team12,15,0,219135,train,0.9792705109119583,0.8702249095532791,-0.5693857707660099,0.39748051090269754,0.31835044575563654,0.9813693261103714,0.6516472877882767,0.7688616168589856,-0.3632754778173688,0.663747223037126,-0.22888618729874646,1.207642908060418,0.6664451087488514,0.7216984540246772,1.613096402097445,1.573811700958556,0
2015-02-16,3,sweing,Monday,1,0.8,22.52,1422.0,6840,113,0.0,0,0,57.0,1.000230409,0.9995822890559732,0.999,7.780303087908306,0,0,0.200230409,0,1422.0,7.260522598089852,0,,0,39,7,46,2,0.8660254037844387,-0.4999999999999998,4.736198448394496,8.830689198760998,3.1144038032714896,4.04305126783455,34.387275863606334,29.35466509534858,19.148693141497397,2.5310834813499112,1,0,1,sweing_team1,12,0,367770,train,1.3812463381577667,0.9396409790023867,0.5737323286730242,0.8276687580304326,0.9067224814303124,1.4612808620861713,0.9891517513167136,1.4353336749780667,0.004987026454476854,0.663747223037126,-0.22888618729874646,1.207642908060418,-0.7363280996918251,0.7216984540246772,1.613096402097445,1.6586791514820058,0
2015-02-16,3,finishing,Monday,3,0.5,4.15,,960,0,0.0,0,0,8.0,0.864583333,0.8642787521035923,0.864583333,1.8512922120070192,0,0,0.364583333,1,0.0,0.0,0,,0,39,7,46,2,0.8660254037844387,-0.4999999999999998,0.0,6.8679744089702925,1.423108334242607,2.0794415416798357,0.0,0.0,0.0,1.9277108433734937,0,1,0,finishing_team3,5,0,340470,train,-0.9856129740972022,-1.1731446939116332,-0.8667014757335281,-1.0418939495153812,-1.329301807783477,-0.973454127137173,-1.168065122270806,-0.980051246628074,-0.7282568762586739,-2.2610999903818723,-0.22888618729874646,1.207642908060418,-0.7363280996918251,0.7216984540246772,1.613096402097445,1.6586791514820058,0
2015-02-16,3,sweing,Monday,3,0.65,30.1,1263.0,600,63,0.0,0,1,58.0,0.802243319,0.8019908183157896,0.802243319,1.3987837575550695,0,0,0.152243319,0,1263.0,7.142036574706803,0,,0,39,7,46,2,0.8660254037844387,-0.4999999999999998,4.1588830833596715,6.398594934535208,3.40452517175483,4.060443010546419,29.702895091284176,28.999832490835125,16.886907747507518,1.9269102990033222,0,0,1,sweing_team3,17,1,341070,train,1.0927397937785401,0.9051619770762551,-1.2111784550622335,1.1483697243081041,0.9265270070534614,1.129610920726015,0.9630757978262164,1.1500357543219026,-0.7292297315745003,-0.7986763836723731,3.393677892448722,1.207642908060418,-0.7363280996918251,0.7216984540246772,1.613096402097445,1.6586791514820058,0
2015-02-16,3,finishing,Monday,4,0.75,4.15,,1800,0,0.0,0,0,15.0,0.722333333,0.722147590867168,0.722333333,0.9551394671734489,1,0,-0.027666666999999978,1,0.0,0.0,0,,0,39,7,46,2,0.8660254037844387,-0.4999999999999998,0.0,7.496097345175956,1.423108334242607,2.70805020110221,0.0,0.0,0.0,3.614457831325301,0,1,0,finishing_team4,6,0,428880,train,-0.9856129740972022,-1.1731446939116332,-0.40572287846610844,-1.0418939495153812,-0.6134853132140259,-0.973454127137173,-1.168065122270806,-0.980051246628074,1.3215492741882318,0.1762726874672926,-0.22888618729874646,1.207642908060418,-0.7363280996918251,0.7216984540246772,1.613096402097445,1.6586791514820058,0
2015-02-16,3,sweing,Monday,4,0.75,30.1,912.0,7020,0,0.0,0,1,58.0,0.750356125,0.7501469720133668,0.750356125,1.0993962930818257,0,0,0.00035612500000004044,0,912.0,6.816735880594968,0,,0,39,7,46,2,0.8660254037844387,-0.4999999999999998,0.0,8.85666093701725,3.40452517175483,4.060443010546419,0.0,27.678967561102827,0.0,1.9269102990033222,0,1,1,sweing_team4,18,1,435900,train,-0.9856129740972022,0.8105006580564248,0.5927929532416565,1.1483697243081041,0.9265270070534614,-0.973454127137173,0.8660080198463542,-0.980051246628074,-0.7292297315745003,0.1762726874672926,3.393677892448722,1.207642908060418,-0.7363280996918251,0.7216984540246772,1.613096402097445,1.6586791514820058,0
2015-02-16,3,finishing,Monday,5,0.75,4.15,,1200,0,0.0,0,0,10.0,0.629416667,0.6293085494837093,0.629416667,0.5292516293340368,1,1,-0.12058333300000001,1,0.0,0.0,0,,0,39,7,46,2,0.8660254037844387,-0.4999999999999998,0.0,7.0909098220799835,1.423108334242607,2.302585092994046,0.0,0.0,0.0,2.4096385542168672,0,1,0,finishing_team5,7,0,355140,train,-0.9856129740972022,-1.1731446939116332,-0.7030894690818731,-1.0418939495153812,-1.0752012122964671,-0.973454127137173,-1.168065122270806,-0.980051246628074,-0.14259797613098643,0.1762726874672926,-0.22888618729874646,1.207642908060418,-0.7363280996918251,0.7216984540246772,1.613096402097445,1.6586791514820058,0
2015-02-16,3,sweing,Monday,5,0.8,30.1,461.0,0,0,0.0,0,0,59.0,0.800980392,0.8007289463926484,0.800980392,1.3908565194174678,0,0,0.0009803919999999966,0,461.0,6.135564891081739,0,zero_incentive_zero_OT;,0,39,7,46,2,0.8660254037844387,-0.4999999999999998,0.0,0.0,3.40452517175483,4.07753744390572,0.0,25.017995582899108,0.0,1.9601328903654485,0,1,1,sweing_team5,19,0,355140,train,-0.9856129740972022,0.6122823772088666,-5.90709886711144,1.1483697243081041,0.9459929771454892,-0.973454127137173,0.6704583982485861,-0.980051246628074,-0.6888562359676913,0.663747223037126,-0.22888618729874646,1.207642908060418,-0.7363280996918251,0.7216984540246772,1.613096402097445,1.6586791514820058,0
2015-02-16,3,finishing,Monday,6,0.8,2.9,,960,0,0.0,0,0,8.0,0.773333333,0.7731049843508772,0.773333333,1.2259274291577404,1,0,-0.02666666700000009,1,0.0,0.0,0,,0,39,7,46,2,0.8660254037844387,-0.4999999999999998,0.0,6.8679744089702925,1.0647107369924282,2.0794415416798357,0.0,0.0,0.0,2.7586206896551726,0,1,0,finishing_team6,8,0,219135,train,-0.9856129740972022,-1.1731446939116332,-0.8667014757335281,-1.4380676486489155,-1.329301807783477,-0.973454127137173,-1.168065122270806,-0.980051246628074,0.28149984809940837,0.663747223037126,-0.22888618729874646,1.207642908060418,-0.7363280996918251,0.7216984540246772,1.613096402097445,1.6586791514820058,0
2015-02-16,3,sweing,Monday,6,0.75,18.79,895.0,3960,0,0.0,0,0,33.0,0.75065101,0.7504416106599834,0.75065101,1.1009689342378093,0,0,0.0006510100000000074,0,895.0,6.79794041297493,0,,0,39,7,46,2,0.8660254037844387,-0.4999999999999998,0.0,8.284251797621916,2.933324813425374,3.4965075614664802,0.0,23.769050056365412,0.0,1.7562533262373603,0,1,1,sweing_team6,20,0,223095,train,-0.9856129740972022,0.8050312453293323,0.1727026382223141,0.6275035398673704,0.28435593563553735,-0.973454127137173,0.5786758364214012,-0.980051246628074,-0.9366192896356608,0.1762726874672926,-0.22888618729874646,1.207642908060418,-0.7363280996918251,0.7216984540246772,1.613096402097445,1.6586791514820058,0
2015-02-16,3,finishing,Monday,7,0.7,4.15,,1800,0,0.0,0,0,15.0,0.258,0.25820217209690893,0.258,-1.0553338460714827,1,1,-0.44199999999999995,1,0.0,0.0,0,,0,39,7,46,2,0.8660254037844387,-0.4999999999999998,0.0,7.496097345175956,1.423108334242607,2.70805020110221,0.0,0.0,0.0,3.614457831325301,0,1,0,finishing_team7,9,0,352170,train,-0.9856129740972022,-1.1731446939116332,-0.40572287846610844,-1.0418939495153812,-0.6134853132140259,-0.973454127137173,-1.168065122270806,-0.980051246628074,1.3215492741882318,-0.3112018481025408,-0.22888618729874646,1.207642908060418,-0.7363280996918251,0.7216984540246772,1.613096402097445,1.6586791514820058,0
2015-02-16,3,sweing,Monday,7,0.7,30.1,784.0,600,30,0.0,0,1,59.0,0.700459889,0.7002924204210526,0.700459889,0.8486907267150163,0,0,0.0004598890000000466,0,784.0,6.665683717782408,0,,0,39,7,46,2,0.8660254037844387,-0.4999999999999998,3.4339872044851463,6.398594934535208,3.40452517175483,4.07753744390572,22.88987259600977,27.179574948490455,14.002211408181312,1.9601328903654485,0,0,1,sweing_team7,21,1,352770,train,0.7304816282848566,0.7665450279841468,-1.2111784550622335,1.1483697243081041,0.9459929771454892,0.6472259735320417,0.8293086343492576,0.7861648629804329,-0.6888562359676913,-0.3112018481025408,3.393677892448722,1.207642908060418,-0.7363280996918251,0.7216984540246772,1.613096402097445,1.6586791514820058,0
2015-02-16,3,sweing,Monday,8,0.7,30.1,7.0,7080,27,2.0,10,2,59.0,0.621971751,0.6218698531294904,0.621971751,0.497492391253077,1,1,-0.07802824899999994,0,7.0,2.0794415416798357,0,,1,39,7,46,2,0.8660254037844387,-0.4999999999999998,3.332204510175204,8.865170419651774,3.40452517175483,4.07753744390572,6.929124483831227,8.479000748612567,13.587188660990911,1.9601328903654485,0,0,1,sweing_team8,22,1,336000,train,0.6796169273060471,-0.5680347672406181,0.5990380513621463,1.1483697243081041,0.9459929771454892,-0.4828487679809695,-0.5449599556250261,0.7338145705463842,-0.6888562359676913,-0.3112018481025408,7.01624197219619,1.207642908060418,-0.7363280996918251,0.7216984540246772,1.613096402097445,1.6586791514820058,0
2015-02-16,3,finishing,Monday,9,0.8,3.94,,1200,0,0.0,0,0,10.0,0.960433333,0.9600486769156225,0.960433333,3.17932219812541,0,0,0.16043333299999996,1,0.0,0.0,0,,0,39,7,46,2,0.8660254037844387,-0.4999999999999998,0.0,7.0909098220799835,1.3711807233098425,2.302585092994046,0.0,0.0,0.0,2.5380710659898478,0,1,0,finishing_team9,11,0,341460,train,-0.9856129740972022,-1.1731446939116332,-0.7030894690818731,-1.0992948748235933,-1.0752012122964671,-0.973454127137173,-1.168065122270806,-0.980051246628074,0.013478634309133644,0.663747223037126,-0.22888618729874646,1.207642908060418,-0.7363280996918251,0.7216984540246772,1.613096402097445,1.6586791514820058,0
2015-02-16,3,sweing,Monday,9,0.6,18.79,2103.0,5400,0,0.0,0,1,54.0,0.329964879,0.33010693006182124,0.329964879,-0.7077014700764905,1,1,-0.270035121,0,2103.0,7.651595573857601,0,,0,39,7,46,2,0.8660254037844387,-0.4999999999999998,0.0,8.594339400592892,2.933324813425374,3.9889840465642745,0.0,30.522092674879787,0.0,2.873869079297499,0,1,1,sweing_team9,23,1,346860,train,-0.9856129740972022,1.0534417928010142,0.4002755224590608,0.6275035398673704,0.8451544323417699,-0.973454127137173,1.0749437187970448,-0.980051246628074,0.4215545567221881,-1.2861509192422065,3.393677892448722,1.207642908060418,-0.7363280996918251,0.7216984540246772,1.613096402097445,1.6586791514820058,0
2015-02-16,3,sweing,Monday,10,0.6,18.22,1131.0,5280,0,0.0,0,1,44.0,0.35542803,0.35554880858813703,0.35542803,-0.5947365531499981,1,1,-0.24457196999999997,0,1131.0,7.0317412587631285,0,,0,39,7,46,2,0.8660254037844387,-0.4999999999999998,0.0,8.571870752706934,2.9025198918318122,3.784189633918261,0.0,26.609442379806776,0.0,2.4149286498353457,0,1,1,sweing_team10,13,1,341910,train,-0.9856129740972022,0.8730664412292035,0.38378581130867345,0.5934516940043504,0.6119485794310182,-0.973454127137173,0.7874107079599998,-0.980051246628074,-0.136169228599398,-1.2861509192422065,3.393677892448722,1.207642908060418,-0.7363280996918251,0.7216984540246772,1.613096402097445,1.6586791514820058,0
2015-02-16,3,sweing,Monday,11,0.7,11.41,680.0,2160,30,0.0,0,2,54.0,0.565972222,0.5659171073617376,0.565972222,0.2652121013281591,1,1,-0.134027778,0,680.0,6.523562306149512,0,,0,39,7,46,2,0.8660254037844387,-0.4999999999999998,3.4339872044851463,7.6783263565068856,2.4344901638739844,3.9889840465642745,22.401829486979036,26.022385965998453,13.698120174797099,4.732690622261174,0,0,1,sweing_team11,14,1,325200,train,0.7304816282848566,0.7251882140281793,-0.2719852465748004,0.07609033318004338,0.8451544323417699,0.6126708770911498,0.7442690813224075,0.7478072907700818,2.6804729710226334,-0.3112018481025408,7.01624197219619,1.207642908060418,-0.7363280996918251,0.7216984540246772,1.613096402097445,1.6586791514820058,0
2015-02-16,3,finishing,Monday,12,0.8,4.08,,1080,0,0.0,0,0,9.0,0.891555556,0.8912284419181288,0.891555556,2.1033508972864143,0,0,0.09155555599999998,1,0.0,0.0,0,,0,39,7,46,2,0.8660254037844387,-0.4999999999999998,0.0,6.985641817639208,1.4060969884160703,2.1972245773362196,0.0,0.0,0.0,2.2058823529411766,0,1,0,finishing_team12,3,0,220215,train,-0.9856129740972022,-1.1731446939116332,-0.7803455191751631,-1.0606983384260422,-1.1951785524965162,-0.973454127137173,-1.168065122270806,-0.980051246628074,-0.3902111140526185,0.663747223037126,-0.22888618729874646,1.207642908060418,-0.7363280996918251,0.7216984540246772,1.613096402097445,1.6586791514820058,0
2015-02-16,3,sweing,Monday,12,0.8,15.26,1079.0,3720,38,0.0,0,0,34.0,0.800312375,0.8000614874686716,0.800312375,1.386678702114109,0,0,0.00031237499999992036,0,1079.0,6.984716320118265,0,,0,39,7,46,2,0.8660254037844387,-0.4999999999999998,3.6635616461296463,8.221747728346623,2.725235025856311,3.5263605246161616,25.588938819481076,24.63062790690731,12.919039168409387,2.2280471821756227,0,0,1,sweing_team12,15,0,223935,train,0.8452087477209552,0.8593823550912901,0.12683098393743322,0.39748051090269754,0.31835044575563654,0.8383289558846345,0.641991506045333,0.6495352832950346,-0.3632754778173688,0.663747223037126,-0.22888618729874646,1.207642908060418,-0.7363280996918251,0.7216984540246772,1.613096402097445,1.6586791514820058,0
2015-02-17,3,sweing,Tuesday,1,0.8,22.52,1445.0,6840,113,0.0,0,0,57.0,1.000230409,0.9995822890559732,0.999,7.780303087908306,0,0,0.200230409,0,1445.0,7.27655640271871,0,,0,40,7,47,3,1.2246467991473532e-16,-1.0,4.736198448394496,8.830689198760998,3.1144038032714896,4.04305126783455,34.46321514421139,29.419490589481494,19.148693141497397,2.5310834813499112,1,0,1,sweing_team1,12,0,374610,train,1.3812463381577667,0.9443067578419245,0.5737323286730242,0.8276687580304326,0.9067224814303124,1.4666576190086718,0.9939156499790878,1.4353336749780667,0.004987026454476854,0.663747223037126,-0.22888618729874646,-0.028538824941726233,-1.4377147039121636,0.7216984540246772,1.613096402097445,1.7435466020054555,0
2015-02-17,3,finishing,Tuesday,2,0.8,5.13,,1800,0,0.0,0,0,15.0,0.5814,0.5813319966583125,0.5814,0.3282437654218233,1,1,-0.21860000000000002,1,0.0,0.0,0,,0,40,7,47,3,1.2246467991473532e-16,-1.0,0.0,7.496097345175956,1.6351056591826783,2.70805020110221,0.0,0.0,0.0,2.9239766081871346,0,1,0,finishing_team2,4,0,361020,train,-0.9856129740972022,-1.1731446939116332,-0.40572287846610844,-0.8075515178910575,-0.6134853132140259,-0.973454127137173,-1.168065122270806,-0.980051246628074,0.48244734125675043,0.663747223037126,-0.22888618729874646,-0.028538824941726233,-1.4377147039121636,0.7216984540246772,1.613096402097445,1.7435466020054555,0
2015-02-17,3,sweing,Tuesday,2,0.5,30.33,838.0,6720,0,0.0,0,1,56.0,0.361071429,0.3611874929690894,0.361071429,-0.5702138004836139,1,1,-0.138928571,0,838.0,6.732210706467206,0,,0,40,7,47,3,1.2246467991473532e-16,-1.0,0.0,8.812992231969966,3.41213732170049,4.02535169073515,0.0,27.099515749663045,0.0,1.8463567424991758,0,1,1,sweing_team2,16,1,367740,train,-0.9856129740972022,0.7859041397638322,0.5607445480062361,1.1567842159940684,0.8865674150869745,-0.973454127137173,0.8234252405501659,-0.980051246628074,-0.8271218142294535,-2.2610999903818723,3.393677892448722,-0.028538824941726233,-1.4377147039121636,0.7216984540246772,1.613096402097445,1.7435466020054555,0
2015-02-17,3,finishing,Tuesday,3,0.5,5.13,,1800,0,0.0,0,0,15.0,0.7866,0.7863605680868838,0.7866,1.3031257288819116,0,0,0.28659999999999997,1,0.0,0.0,0,,0,40,7,47,3,1.2246467991473532e-16,-1.0,0.0,7.496097345175956,1.6351056591826783,2.70805020110221,0.0,0.0,0.0,2.9239766081871346,0,1,0,finishing_team3,5,0,342870,train,-0.9856129740972022,-1.1731446939116332,-0.40572287846610844,-0.8075515178910575,-0.6134853132140259,-0.973454127137173,-1.168065122270806,-0.980051246628074,0.48244734125675043,-2.2610999903818723,-0.22888618729874646,-0.028538824941726233,-1.4377147039121636,0.7216984540246772,1.613096402097445,1.7435466020054555,0
2015-02-17,3,sweing,Tuesday,3,0.7,30.1,1422.0,6960,50,0.0,0,1,58.0,0.700603448,0.7004358594887218,0.700603448,0.8493742444236544,0,0,0.0006034480000000064,0,1422.0,7.260522598089852,0,,0,40,7,47,3,1.2246467991473532e-16,-1.0,3.9318256327243257,8.848078421168667,3.40452517175483,4.060443010546419,28.547108858143897,29.480938236328267,15.964953909082741,1.9269102990033222,0,0,1,sweing_team3,17,1,349830,train,0.9792705109119583,0.9396409790023867,0.5864942561413656,1.1483697243081041,0.9265270070534614,1.0477773613289034,0.9984313172568285,1.0337420008373779,-0.7292297315745003,-0.3112018481025408,3.393677892448722,-0.028538824941726233,-1.4377147039121636,0.7216984540246772,1.613096402097445,1.7435466020054555,0
2015-02-17,3,finishing,Tuesday,4,0.75,5.13,,960,0,0.0,0,0,8.0,0.656666667,0.6565357842372598,0.656666667,0.6478942689815335,1,1,-0.09333333300000002,1,0.0,0.0,0,,0,40,7,47,3,1.2246467991473532e-16,-1.0,0.0,6.8679744089702925,1.6351056591826783,2.0794415416798357,0.0,0.0,0.0,1.5594541910331385,0,1,0,finishing_team4,6,0,436860,train,-0.9856129740972022,-1.1731446939116332,-0.8667014757335281,-0.8075515178910575,-1.329301807783477,-0.973454127137173,-1.168065122270806,-0.980051246628074,-1.1757779071554637,0.1762726874672926,-0.22888618729874646,-0.028538824941726233,-1.4377147039121636,0.7216984540246772,1.613096402097445,1.7435466020054555,0
2015-02-17,3,sweing,Tuesday,4,0.75,30.1,849.0,7020,45,0.0,0,1,58.0,0.750356125,0.7501469720133668,0.750356125,1.0993962930818257,0,0,0.00035612500000004044,0,849.0,6.745236349484362,0,,0,40,7,47,3,1.2246467991473532e-16,-1.0,3.828641396489095,8.85666093701725,3.40452517175483,4.060443010546419,25.82509111673881,27.38864778974742,15.545980198262827,1.9269102990033222,0,0,1,sweing_team4,18,1,443880,train,0.9277054058868384,0.7896945545136437,0.5927929532416565,1.1483697243081041,0.9265270070534614,0.855049334178031,0.8446729881752488,0.9808933402950712,-0.7292297315745003,0.1762726874672926,3.393677892448722,-0.028538824941726233,-1.4377147039121636,0.7216984540246772,1.613096402097445,1.7435466020054555,0
2015-02-17,3,sweing,Tuesday,5,0.8,30.1,680.0,7140,0,0.0,0,0,59.0,0.653431373,0.6533031930726817,0.653431373,0.6335906866927216,1,1,-0.14656862700000006,0,680.0,6.523562306149512,0,,0,40,7,47,3,1.2246467991473532e-16,-1.0,0.0,8.87360810154911,3.40452517175483,4.07753744390572,0.0,26.600069570976583,0.0,1.9601328903654485,0,1,1,sweing_team5,19,0,362280,train,-0.9856129740972022,0.7251882140281793,0.6052304550159893,1.1483697243081041,0.9459929771454892,-0.973454127137173,0.7867219185871446,-0.980051246628074,-0.6888562359676913,0.663747223037126,-0.22888618729874646,-0.028538824941726233,-1.4377147039121636,0.7216984540246772,1.613096402097445,1.7435466020054555,0
2015-02-17,3,finishing,Tuesday,6,0.8,2.9,,960,0,0.0,0,0,8.0,0.749166667,0.7489585077126149,0.749166667,1.0930653516825524,1,0,-0.050833333000000036,1,0.0,0.0,0,,0,40,7,47,3,1.2246467991473532e-16,-1.0,0.0,6.8679744089702925,1.0647107369924282,2.0794415416798357,0.0,0.0,0.0,2.7586206896551726,0,1,0,finishing_team6,8,0,224055,train,-0.9856129740972022,-1.1731446939116332,-0.8667014757335281,-1.4380676486489155,-1.329301807783477,-0.973454127137173,-1.168065122270806,-0.980051246628074,0.28149984809940837,0.663747223037126,-0.22888618729874646,-0.028538824941726233,-1.4377147039121636,0.7216984540246772,1.613096402097445,1.7435466020054555,0
2015-02-17,3,sweing,Tuesday,6,0.75,18.79,726.0,3360,0,0.0,0,0,33.0,0.750621354,0.7504119794352547,0.750621354,1.100810720819534,0,0,0.0006213539999999629,0,726.0,6.588926477533519,0,,0,40,7,47,3,1.2246467991473532e-16,-1.0,0.0,8.119993827725105,2.933324813425374,3.4965075614664802,0.0,23.03823125064265,0.0,1.7562533262373603,0,1,1,sweing_team6,20,0,227415,train,-0.9856129740972022,0.7442089502019583,0.05215393001810756,0.6275035398673704,0.28435593563553735,-0.973454127137173,0.5249693930292048,-0.980051246628074,-0.9366192896356608,0.1762726874672926,-0.22888618729874646,-0.028538824941726233,-1.4377147039121636,0.7216984540246772,1.613096402097445,1.7435466020054555,0
2015-02-17,3,finishing,Tuesday,7,0.7,5.13,,1200,0,0.0,0,0,10.0,0.91375,0.9134043441938179,0.91375,2.3559290063997795,0,0,0.21375,1,0.0,0.0,0,,0,40,7,47,3,1.2246467991473532e-16,-1.0,0.0,7.0909098220799835,1.6351056591826783,2.302585092994046,0.0,0.0,0.0,1.9493177387914231,0,1,0,finishing_team7,9,0,353970,train,-0.9856129740972022,-1.1731446939116332,-0.7030894690818731,-0.8075515178910575,-1.0752012122964671,-0.973454127137173,-1.168065122270806,-0.980051246628074,-0.7019992647519739,-0.3112018481025408,-0.22888618729874646,-0.028538824941726233,-1.4377147039121636,0.7216984540246772,1.613096402097445,1.7435466020054555,0
2015-02-17,3,sweing,Tuesday,7,0.7,30.1,562.0,840,30,0.0,0,1,59.0,0.700888203,0.700720376598162,0.700888203,0.8507305836074044,0,0,0.0008882030000000318,0,562.0,6.333279628139691,0,,0,40,7,47,3,1.2246467991473532e-16,-1.0,3.4339872044851463,6.734591659972948,3.40452517175483,4.07753744390572,21.748401205458144,25.82418482646488,14.002211408181312,1.9601328903654485,0,0,1,sweing_team7,21,1,354810,train,0.7304816282848566,0.6698166466965619,-0.9645908999024552,1.1483697243081041,0.9459929771454892,0.5664059532199702,0.7297036675737816,0.7861648629804329,-0.6888562359676913,-0.3112018481025408,3.393677892448722,-0.028538824941726233,-1.4377147039121636,0.7216984540246772,1.613096402097445,1.7435466020054555,0
2015-02-17,3,sweing,Tuesday,8,0.6,29.4,179.0,0,23,5.0,30,2,58.0,0.600982906,0.6008985426700084,0.600982906,0.4092104425025228,0,1,0.0009829060000000611,0,179.0,5.19295685089021,0,,1,40,7,47,3,1.2246467991473532e-16,-1.0,3.1780538303479458,0.0,3.380994674344636,4.060443010546419,16.50349641080324,21.0857053492663,12.904306462576592,1.9727891156462587,0,0,1,sweing_team8,22,1,336000,train,0.6025819432328481,0.33798686533838934,-5.90709886711144,1.1223590471356752,0.9265270070534614,0.19504902255345546,0.38148208677364254,0.647676923810132,-0.6734758566889066,-1.2861509192422065,7.01624197219619,-0.028538824941726233,-1.4377147039121636,0.7216984540246772,1.613096402097445,1.7435466020054555,0
2015-02-17,3,finishing,Tuesday,9,0.8,3.94,,960,0,0.0,0,0,8.0,0.586041667,0.5859697859081036,0.586041667,0.347329276303335,1,1,-0.213958333,1,0.0,0.0,0,,0,40,7,47,3,1.2246467991473532e-16,-1.0,0.0,6.8679744089702925,1.3711807233098425,2.0794415416798357,0.0,0.0,0.0,2.030456852791878,0,1,0,finishing_team9,11,0,347820,train,-0.9856129740972022,-1.1731446939116332,-0.8667014757335281,-1.0992948748235933,-1.329301807783477,-0.973454127137173,-1.168065122270806,-0.980051246628074,-0.6033955879065779,0.663747223037126,-0.22888618729874646,-0.028538824941726233,-1.4377147039121636,0.7216984540246772,1.613096402097445,1.7435466020054555,0
2015-02-17,3,sweing,Tuesday,9,0.65,18.79,2120.0,5520,0,0.0,0,1,51.0,0.650134,0.650008574770259,0.650134,0.6190768999171659,0,1,0.00013399999999996748,0,2120.0,7.659642954564682,0,,0,40,7,47,3,1.2246467991473532e-16,-1.0,0.0,8.616314282284044,2.933324813425374,3.9318256327243257,0.0,30.116380506273707,0.0,2.7142096860031932,0,1,1,sweing_team9,23,1,353340,train,-0.9856129740972022,1.0557835513222094,0.4164028592480935,0.6275035398673704,0.7800663448380777,-0.973454127137173,1.0451287257424824,-0.980051246628074,0.2275297215282096,-0.7986763836723731,3.393677892448722,-0.028538824941726233,-1.4377147039121636,0.7216984540246772,1.613096402097445,1.7435466020054555,0
2015-02-17,3,finishing,Tuesday,10,0.8,3.94,,960,0,0.0,0,0,8.0,0.927541667,0.9271844893333333,0.927541667,2.5442235722670996,0,0,0.12754166699999991,1,0.0,0.0,0,,0,40,7,47,3,1.2246467991473532e-16,-1.0,0.0,6.8679744089702925,1.3711807233098425,2.0794415416798357,0.0,0.0,0.0,2.030456852791878,0,1,0,finishing_team10,1,0,342870,train,-0.9856129740972022,-1.1731446939116332,-0.8667014757335281,-1.0992948748235933,-1.329301807783477,-0.973454127137173,-1.168065122270806,-0.980051246628074,-0.6033955879065779,0.663747223037126,-0.22888618729874646,-0.028538824941726233,-1.4377147039121636,0.7216984540246772,1.613096402097445,1.7435466020054555,0
2015-02-17,3,sweing,Tuesday,10,0.65,18.22,741.0,0,0,8.0,35,1,49.0,0.302117347,0.30228266249958224,0.302117347,-0.836451511971464,1,1,-0.34788265300000004,0,741.0,6.60934924316738,0,zero_incentive_zero_OT;,1,40,7,47,3,1.2246467991473532e-16,-1.0,0.0,0.0,2.9025198918318122,3.8918202981106265,0.0,25.722399541860916,0.0,2.689352360043908,0,1,1,sweing_team10,13,1,342870,train,-0.9856129740972022,0.7501519007333505,-5.90709886711144,0.5934516940043504,0.7345110093236575,-0.973454127137173,0.7222236662616437,-0.980051246628074,0.19732204960174152,-0.7986763836723731,3.393677892448722,-0.028538824941726233,-1.4377147039121636,0.7216984540246772,1.613096402097445,1.7435466020054555,0
2015-02-17,3,sweing,Tuesday,11,0.7,11.41,1054.0,3420,30,0.0,0,2,56.0,0.700614035,0.7004464376441102,0.700614035,0.8494246590014067,0,0,0.0006140350000000128,0,1054.0,6.961296045910167,0,,0,40,7,47,3,1.2246467991473532e-16,-1.0,3.4339872044851463,8.137688184977605,2.4344901638739844,4.02535169073515,23.905001548288556,28.021664808112405,13.823006199537154,4.9079754601226995,0,0,1,sweing_team11,14,1,328620,train,0.7304816282848566,0.852567140465334,0.06513979554799705,0.07609033318004338,0.8865674150869745,0.7191005235397255,0.8911921696698926,0.7635602102433567,2.8934865061260435,-0.3112018481025408,7.01624197219619,-0.028538824941726233,-1.4377147039121636,0.7216984540246772,1.613096402097445,1.7435466020054555,0
2015-02-17,3,finishing,Tuesday,12,0.8,5.13,,1080,0,0.0,0,0,9.0,0.9025,0.9021637426900584,0.9025,2.2215007990251148,0,0,0.10249999999999992,1,0.0,0.0,0,,0,40,7,47,3,1.2246467991473532e-16,-1.0,0.0,6.985641817639208,1.6351056591826783,2.1972245773362196,0.0,0.0,0.0,1.7543859649122808,0,1,0,finishing_team12,3,0,225015,train,-0.9856129740972022,-1.1731446939116332,-0.7803455191751631,-0.8075515178910575,-1.1951785524965162,-0.973454127137173,-1.168065122270806,-0.980051246628074,-0.9388885859537188,0.663747223037126,-0.22888618729874646,-0.028538824941726233,-1.4377147039121636,0.7216984540246772,1.613096402097445,1.7435466020054555,0
2015-02-17,3,sweing,Tuesday,12,0.8,15.26,1133.0,4080,38,0.0,0,0,34.0,0.800401961,0.8001509986265665,0.800401961,1.387238369876064,0,0,0.00040196100000000623,0,1133.0,7.033506484287697,0,,0,40,7,47,3,1.2246467991473532e-16,-1.0,3.6635616461296463,8.314097335405807,2.725235025856311,3.5263605246161616,25.767684593640578,24.802679615823937,12.919039168409387,2.2280471821756227,0,0,1,sweing_team12,15,0,229095,train,0.8452087477209552,0.8735801154375521,0.19460623917250247,0.39748051090269754,0.31835044575563654,0.8509847589278335,0.6546352493276681,0.6495352832950346,-0.3632754778173688,0.663747223037126,-0.22888618729874646,-0.028538824941726233,-1.4377147039121636,0.7216984540246772,1.613096402097445,1.7435466020054555,0
2015-02-18,3,sweing,Wednesday,1,0.8,22.52,1374.0,3960,63,0.0,0,0,57.0,0.800279693,0.8000288327719298,0.800279693,1.3864745756876,0,0,0.00027969299999996977,0,1374.0,7.226209010100671,0,,0,41,7,48,4,-0.8660254037844384,-0.5000000000000004,4.1588830833596715,8.284251797621916,3.1144038032714896,4.04305126783455,30.05295840892892,29.21593349992497,16.814577522952984,2.5310834813499112,0,0,1,sweing_team1,12,0,378570,val,1.0927397937785401,0.9296558496800306,0.1727026382223141,0.8276687580304326,0.9067224814303124,1.1543965830533789,0.9789566379480058,1.1409121377662224,0.004987026454476854,0.663747223037126,-0.22888618729874646,-1.2647205579438705,-0.736328099691826,0.7216984540246772,1.613096402097445,1.8284140525289054,1
2015-02-18,3,finishing,Wednesday,2,0.8,5.13,,1440,0,0.0,0,0,12.0,0.919125,0.9187748538011696,0.919125,2.4258162204399425,0,0,0.11912499999999993,1,0.0,0.0,0,,0,41,7,48,4,-0.8660254037844384,-0.5000000000000004,0.0,7.273092595999522,1.6351056591826783,2.4849066497880004,0.0,0.0,0.0,2.3391812865497075,0,1,0,finishing_team2,4,0,369180,val,-0.9856129740972022,-1.1731446939116332,-0.5693857707660099,-0.8075515178910575,-0.8675859087010354,-0.973454127137173,-1.168065122270806,-0.980051246628074,-0.22822062234848448,0.663747223037126,-0.22888618729874646,-1.2647205579438705,-0.736328099691826,0.7216984540246772,1.613096402097445,1.8284140525289054,1
2015-02-18,3,sweing,Wednesday,2,0.6,30.33,868.0,6840,0,0.0,0,1,57.0,0.328131579,0.3282751616407686,0.328131579,-0.7159966258020857,1,1,-0.27186842099999997,0,868.0,6.767343125265392,0,,0,41,7,48,4,-0.8660254037844384,-0.5000000000000004,0.0,8.830689198760998,3.41213732170049,4.04305126783455,0.0,27.36071520247567,0.0,1.8793273986152326,0,1,1,sweing_team2,16,1,376020,val,-0.9856129740972022,0.7961275458739036,0.5737323286730242,1.1567842159940684,0.9067224814303124,-0.973454127137173,0.8426202770170785,-0.980051246628074,-0.7870544809698111,-1.2861509192422065,3.393677892448722,-1.2647205579438705,-0.736328099691826,0.7216984540246772,1.613096402097445,1.8284140525289054,1
2015-02-18,3,finishing,Wednesday,3,0.5,5.13,,960,0,0.0,0,0,8.0,0.2565,0.25670342522974104,0.2565,-1.063173692475486,1,1,-0.2435,1,0.0,0.0,0,,0,41,7,48,4,-0.8660254037844384,-0.5000000000000004,0.0,6.8679744089702925,1.6351056591826783,2.0794415416798357,0.0,0.0,0.0,1.5594541910331385,0,1,0,finishing_team3,5,0,350790,val,-0.9856129740972022,-1.1731446939116332,-0.8667014757335281,-0.8075515178910575,-1.329301807783477,-0.973454127137173,-1.168065122270806,-0.980051246628074,-1.1757779071554637,-2.2610999903818723,-0.22888618729874646,-1.2647205579438705,-0.736328099691826,0.7216984540246772,1.613096402097445,1.8284140525289054,1
2015-02-18,3,sweing,Wednesday,3,0.7,30.1,1057.0,0,40,0.0,0,1,58.0,0.700603448,0.7004358594887218,0.700603448,0.8493742444236544,0,0,0.0006034480000000064,0,1057.0,6.964135612418245,0,,0,41,7,48,4,-0.8660254037844384,-0.5000000000000004,3.713572066704308,0.0,3.40452517175483,4.060443010546419,25.861819479017093,28.277475771941067,15.078747742409927,1.9269102990033222,0,0,1,sweing_team3,17,1,350790,val,0.870200865542169,0.8533934439930072,-5.90709886711144,1.1483697243081041,0.9265270070534614,0.8576498259730337,0.9099912166298022,0.9219574003636714,-0.7292297315745003,-0.3112018481025408,3.393677892448722,-1.2647205579438705,-0.736328099691826,0.7216984540246772,1.613096402097445,1.8284140525289054,1
2015-02-18,3,finishing,Wednesday,4,0.75,5.13,,960,0,0.0,0,0,8.0,0.734645833,0.7344498047351712,0.734645833,1.0173177717216,1,0,-0.01535416700000003,1,0.0,0.0,0,,0,41,7,48,4,-0.8660254037844384,-0.5000000000000004,0.0,6.8679744089702925,1.6351056591826783,2.0794415416798357,0.0,0.0,0.0,1.5594541910331385,0,1,0,finishing_team4,6,0,444840,val,-0.9856129740972022,-1.1731446939116332,-0.8667014757335281,-0.8075515178910575,-1.329301807783477,-0.973454127137173,-1.168065122270806,-0.980051246628074,-1.1757779071554637,0.1762726874672926,-0.22888618729874646,-1.2647205579438705,-0.736328099691826,0.7216984540246772,1.613096402097445,1.8284140525289054,1
2015-02-18,3,sweing,Wednesday,4,0.8,30.1,864.0,480,50,0.0,0,1,58.0,0.800980392,0.8007289463926484,0.800980392,1.3908565194174678,0,0,0.0009803919999999966,0,864.0,6.762729506931879,0,,0,41,7,48,4,-0.8660254037844384,-0.5000000000000004,3.9318256327243257,6.175867270105761,3.40452517175483,4.060443010546419,26.589873222535903,27.45967775863758,15.964953909082741,1.9269102990033222,0,0,1,sweing_team4,18,1,445320,val,0.9792705109119583,0.7947849997164266,-1.374637995230525,1.1483697243081041,0.9265270070534614,0.9091984839827928,0.8498928415417424,1.0337420008373779,-0.7292297315745003,0.663747223037126,3.393677892448722,-1.2647205579438705,-0.736328099691826,0.7216984540246772,1.613096402097445,1.8284140525289054,1
2015-02-18,3,sweing,Wednesday,5,0.8,30.1,511.0,0,0,0.0,0,0,59.0,0.800980392,0.8007289463926484,0.800980392,1.3908565194174678,0,0,0.0009803919999999966,0,511.0,6.238324625039508,0,zero_incentive_zero_OT;,0,41,7,48,4,-0.8660254037844384,-0.5000000000000004,0.0,0.0,3.40452517175483,4.07753744390572,0.0,25.4370022458377,0.0,1.9601328903654485,0,1,1,sweing_team5,19,0,362280,val,-0.9856129740972022,0.6421850861014123,-5.90709886711144,1.1483697243081041,0.9459929771454892,-0.973454127137173,0.7012503776665341,-0.980051246628074,-0.6888562359676913,0.663747223037126,-0.22888618729874646,-1.2647205579438705,-0.736328099691826,0.7216984540246772,1.613096402097445,1.8284140525289054,1
2015-02-18,3,finishing,Wednesday,6,0.8,2.9,,1440,0,0.0,0,0,12.0,0.936861111,0.9364961476658313,0.936861111,2.6910448375931364,0,0,0.13686111099999998,1,0.0,0.0,0,,0,41,7,48,4,-0.8660254037844384,-0.5000000000000004,0.0,7.273092595999522,1.0647107369924282,2.4849066497880004,0.0,0.0,0.0,4.137931034482759,0,1,0,finishing_team6,8,0,228855,val,-0.9856129740972022,-1.1731446939116332,-0.5693857707660099,-1.4380676486489155,-0.8675859087010354,-0.973454127137173,-1.168065122270806,-0.980051246628074,1.9576960105338241,0.663747223037126,-0.22888618729874646,-1.2647205579438705,-0.736328099691826,0.7216984540246772,1.613096402097445,1.8284140525289054,1
2015-02-18,3,sweing,Wednesday,6,0.75,18.79,759.0,3960,34,0.0,0,0,33.0,0.75065101,0.7504416106599834,0.75065101,1.1009689342378093,0,0,0.0006510100000000074,0,759.0,6.633318433280377,0,,0,41,7,48,4,-0.8660254037844384,-0.5000000000000004,3.5553480614894135,8.284251797621916,2.933324813425374,3.4965075614664802,23.58375583300538,23.193448059579826,12.431301380642926,1.7562533262373603,0,0,1,sweing_team6,20,0,232815,val,0.7911302851503994,0.7571268478914813,0.1727026382223141,0.6275035398673704,0.28435593563553735,0.6963552445522204,0.536375972467808,0.5880128342399801,-0.9366192896356608,0.1762726874672926,-0.22888618729874646,-1.2647205579438705,-0.736328099691826,0.7216984540246772,1.613096402097445,1.8284140525289054,1
2015-02-18,3,finishing,Wednesday,7,0.7,5.13,,960,0,0.0,0,0,8.0,0.671875,0.6717314118629908,0.671875,0.7160264363327833,1,1,-0.028124999999999956,1,0.0,0.0,0,,0,41,7,48,4,-0.8660254037844384,-0.5000000000000004,0.0,6.8679744089702925,1.6351056591826783,2.0794415416798357,0.0,0.0,0.0,1.5594541910331385,0,1,0,finishing_team7,9,0,355770,val,-0.9856129740972022,-1.1731446939116332,-0.8667014757335281,-0.8075515178910575,-1.329301807783477,-0.973454127137173,-1.168065122270806,-0.980051246628074,-1.1757779071554637,-0.3112018481025408,-0.22888618729874646,-1.2647205579438705,-0.736328099691826,0.7216984540246772,1.613096402097445,1.8284140525289054,1
2015-02-18,3,sweing,Wednesday,7,0.75,30.1,553.0,2280,45,0.0,0,1,59.0,0.75053268,0.7503233795154552,0.75053268,1.1003377238055945,0,0,0.0005326799999999521,0,553.0,6.317164686747284,0,,0,41,7,48,4,-0.8660254037844384,-0.5000000000000004,3.828641396489095,7.732369222284388,3.40452517175483,4.07753744390572,24.18615822811972,25.758475549530996,15.61142865347177,1.9601328903654485,0,0,1,sweing_team7,21,1,358050,val,0.9277054058868384,0.665127257353888,-0.2323232584154199,1.1483697243081041,0.9459929771454892,0.7390073637487019,0.7248748214434447,0.9891489016895724,-0.6888562359676913,0.1762726874672926,3.393677892448722,-1.2647205579438705,-0.736328099691826,0.7216984540246772,1.613096402097445,1.8284140525289054,1
2015-02-18,3,finishing,Wednesday,8,0.7,5.13,,960,0,0.0,0,0,8.0,0.58,0.5799331662489556,0.58,0.32249903969908267,1,1,-0.12,1,0.0,0.0,0,,0,41,7,48,4,-0.8660254037844384,-0.5000000000000004,0.0,6.8679744089702925,1.6351056591826783,2.0794415416798357,0.0,0.0,0.0,1.5594541910331385,0,1,0,finishing_team8,10,0,336960,val,-0.9856129740972022,-1.1731446939116332,-0.8667014757335281,-0.8075515178910575,-1.329301807783477,-0.973454127137173,-1.168065122270806,-0.980051246628074,-1.1757779071554637,-0.3112018481025408,-0.22888618729874646,-1.2647205579438705,-0.736328099691826,0.7216984540246772,1.613096402097445,1.8284140525289054,1
2015-02-18,3,sweing,Wednesday,8,0.65,29.4,962.0,4560,0,4.5,30,2,57.0,0.251399254,0.25160694050459487,0.251399254,-1.0900602106495443,1,1,-0.398600746,0,962.0,6.870053411798126,0,,1,41,7,48,4,-0.8660254037844384,-0.5000000000000004,0.0,8.4252971767117,3.380994674344636,4.04305126783455,0.0,27.77597815666149,0.0,1.9387755102040818,0,1,1,sweing_team8,22,1,341520,val,-0.9856129740972022,0.8260158657455813,0.27621565654421004,1.1223590471356752,0.9067224814303124,-0.973454127137173,0.8731371386074156,-0.980051246628074,-0.7148106260006397,-0.7986763836723731,7.01624197219619,-1.2647205579438705,-0.736328099691826,0.7216984540246772,1.613096402097445,1.8284140525289054,1
2015-02-18,3,finishing,Wednesday,9,0.8,3.94,,960,0,0.0,0,0,8.0,0.549791667,0.5497500699515455,0.549791667,0.1996609279828417,1,1,-0.250208333,1,0.0,0.0,0,,0,41,7,48,4,-0.8660254037844384,-0.5000000000000004,0.0,6.8679744089702925,1.3711807233098425,2.0794415416798357,0.0,0.0,0.0,2.030456852791878,0,1,0,finishing_team9,11,0,354300,val,-0.9856129740972022,-1.1731446939116332,-0.8667014757335281,-1.0992948748235933,-1.329301807783477,-0.973454127137173,-1.168065122270806,-0.980051246628074,-0.6033955879065779,0.663747223037126,-0.22888618729874646,-1.2647205579438705,-0.736328099691826,0.7216984540246772,1.613096402097445,1.8284140525289054,1
2015-02-18,3,sweing,Wednesday,9,0.7,18.79,1587.0,4560,30,0.0,0,1,51.0,0.70009573,0.699928565647452,0.70009573,0.8469577199410406,0,0,9.573000000007159e-05,0,1587.0,7.370230641807081,0,,0,41,7,48,4,-0.8660254037844384,-0.5000000000000004,3.4339872044851463,8.4252971767117,2.933324813425374,3.9318256327243257,25.30927771806986,28.97846175654734,13.501838913042048,2.7142096860031932,0,0,1,sweing_team9,23,1,358860,val,0.7304816282848566,0.9715656207671773,0.27621565654421004,0.6275035398673704,0.7800663448380777,0.8185280076667139,0.9615053043984487,0.7230486925444117,0.2275297215282096,-0.3112018481025408,3.393677892448722,-1.2647205579438705,-0.736328099691826,0.7216984540246772,1.613096402097445,1.8284140525289054,1
2015-02-18,3,finishing,Wednesday,10,0.8,3.94,,960,0,0.0,0,0,8.0,0.64025,0.6401328320802006,0.64025,0.5759407195830167,1,1,-0.15975000000000006,1,0.0,0.0,0,,0,41,7,48,4,-0.8660254037844384,-0.5000000000000004,0.0,6.8679744089702925,1.3711807233098425,2.0794415416798357,0.0,0.0,0.0,2.030456852791878,0,1,0,finishing_team10,1,0,343830,val,-0.9856129740972022,-1.1731446939116332,-0.8667014757335281,-1.0992948748235933,-1.329301807783477,-0.973454127137173,-1.168065122270806,-0.980051246628074,-0.6033955879065779,0.663747223037126,-0.22888618729874646,-1.2647205579438705,-0.736328099691826,0.7216984540246772,1.613096402097445,1.8284140525289054,1
2015-02-18,3,sweing,Wednesday,10,0.7,19.68,1119.0,5640,0,8.0,35,1,47.0,0.303574468,0.30373856618880535,0.303574468,-0.829557861328097,1,1,-0.39642553199999997,0,1119.0,7.02108396428914,0,,1,41,7,48,4,-0.8660254037844384,-0.5000000000000004,0.0,8.637816633739977,2.9796028916241073,3.8501476017100584,0.0,27.03220958651278,0.0,2.388211382113821,0,1,1,sweing_team10,13,1,349470,val,-0.9856129740972022,0.8699652072928761,0.4321834067185993,0.6786594560047909,0.6870569963863838,-0.973454127137173,0.8184790423778288,-0.980051246628074,-0.16863718027792352,-0.3112018481025408,3.393677892448722,-1.2647205579438705,-0.736328099691826,0.7216984540246772,1.613096402097445,1.8284140525289054,1
2015-02-18,3,sweing,Wednesday,11,0.7,11.41,685.0,3360,30,0.0,0,2,56.0,0.8211125,0.8208442355889725,0.8211125,1.5220777465423663,0,0,0.12111250000000007,0,685.0,6.530877627725885,0,,0,41,7,48,4,-0.8660254037844384,-0.5000000000000004,3.4339872044851463,8.119993827725105,2.4344901638739844,4.02535169073515,22.426950207668995,26.289079300750753,13.823006199537154,4.9079754601226995,0,0,1,sweing_team11,14,1,331980,val,0.7304816282848566,0.7273169460044955,0.05215393001810756,0.07609033318004338,0.8865674150869745,0.6144495087530745,0.7638678524183227,0.7635602102433567,2.8934865061260435,-0.3112018481025408,7.01624197219619,-1.2647205579438705,-0.736328099691826,0.7216984540246772,1.613096402097445,1.8284140525289054,1
2015-02-18,3,finishing,Wednesday,12,0.8,5.13,,1200,0,0.0,0,0,10.0,0.9918,0.9913891395154554,0.9918,4.746082877252651,0,0,0.19179999999999997,1,0.0,0.0,0,,0,41,7,48,4,-0.8660254037844384,-0.5000000000000004,0.0,7.0909098220799835,1.6351056591826783,2.302585092994046,0.0,0.0,0.0,1.9493177387914231,0,1,0,finishing_team12,3,0,230295,val,-0.9856129740972022,-1.1731446939116332,-0.7030894690818731,-0.8075515178910575,-1.0752012122964671,-0.973454127137173,-1.168065122270806,-0.980051246628074,-0.7019992647519739,0.663747223037126,-0.22888618729874646,-1.2647205579438705,-0.736328099691826,0.7216984540246772,1.613096402097445,1.8284140525289054,1
2015-02-18,3,sweing,Wednesday,12,0.8,15.26,1095.0,4080,63,0.0,0,0,34.0,0.800401961,0.8001509986265665,0.800401961,1.387238369876064,0,0,0.00040196100000000623,0,1095.0,6.999422467507961,0,,0,41,7,48,4,-0.8660254037844384,-0.5000000000000004,4.1588830833596715,8.314097335405807,2.725235025856311,3.5263605246161616,29.10977969340647,24.682487084531523,14.665721131653491,2.2280471821756227,0,0,1,sweing_team12,15,0,234375,val,1.0927397937785401,0.8636617905023013,0.19460623917250247,0.39748051090269754,0.31835044575563654,1.0876163522237652,0.645802535490157,0.8698588973237311,-0.3632754778173688,0.663747223037126,-0.22888618729874646,-1.2647205579438705,-0.736328099691826,0.7216984540246772,1.613096402097445,1.8284140525289054,1
2015-02-19,3,sweing,Thursday,1,0.8,22.52,265.0,3840,63,0.0,0,0,57.0,0.800470513,0.8002194933567252,0.800470513,1.3876667596254062,0,0,0.00047051300000000573,0,265.0,5.583496308781699,0,,0,42,8,49,5,-0.8660254037844386,0.5000000000000001,4.1588830833596715,8.253488028345904,3.1144038032714896,4.04305126783455,23.22110834459338,22.57436183016938,16.814577522952984,2.5310834813499112,0,0,1,sweing_team1,12,0,382410,val,1.0927397937785401,0.4516324273751806,0.15012514838699428,0.8276687580304326,0.9067224814303124,0.6706785805357742,0.49088053738272147,1.1409121377662224,0.004987026454476854,0.663747223037126,-0.22888618729874646,-1.2647205579438707,0.6664451087488514,0.7216984540246772,2.1233109827762298,1.9132815030523553,1
2015-02-19,3,finishing,Thursday,2,0.8,5.13,,3600,0,0.0,0,0,15.0,0.710125,0.7099494569757727,0.710125,0.8951385860584867,1,0,-0.08987500000000004,1,0.0,0.0,0,,0,42,8,49,5,-0.8660254037844386,0.5000000000000001,0.0,8.188966863648876,1.6351056591826783,2.70805020110221,0.0,0.0,0.0,2.9239766081871346,0,1,0,finishing_team2,4,0,379620,val,-0.9856129740972022,-1.1731446939116332,0.10277315042340172,-0.8075515178910575,-0.6134853132140259,-0.973454127137173,-1.168065122270806,-0.980051246628074,0.48244734125675043,0.663747223037126,-0.22888618729874646,-1.2647205579438707,0.6664451087488514,0.7216984540246772,2.1233109827762298,1.9132815030523553,1
2015-02-19,3,sweing,Thursday,2,0.65,30.33,841.0,6840,0,0.0,0,1,57.0,0.585315789,0.5852445143224728,0.585315789,0.3443405776552969,1,1,-0.06468421099999999,0,841.0,6.7357800142423265,0,,0,42,8,49,5,-0.8660254037844386,0.5000000000000001,0.0,8.830689198760998,3.41213732170049,4.04305126783455,0.0,27.233103926437064,0.0,1.8793273986152326,0,1,1,sweing_team2,16,1,386460,val,-0.9856129740972022,0.7869427953464868,0.5737323286730242,1.1567842159940684,0.9067224814303124,-0.973454127137173,0.8332423741509976,-0.980051246628074,-0.7870544809698111,-0.7986763836723731,3.393677892448722,-1.2647205579438707,0.6664451087488514,0.7216984540246772,2.1233109827762298,1.9132815030523553,1
2015-02-19,3,finishing,Thursday,3,0.5,5.13,,2880,0,0.0,0,0,12.0,0.81640625,0.816141917293233,0.81640625,1.4904240877186272,0,0,0.31640625,1,0.0,0.0,0,,0,42,8,49,5,-0.8660254037844386,0.5000000000000001,0.0,7.9658927350845286,1.6351056591826783,2.4849066497880004,0.0,0.0,0.0,2.3391812865497075,0,1,0,finishing_team3,5,0,353670,val,-0.9856129740972022,-1.1731446939116332,-0.060940659318095815,-0.8075515178910575,-0.8675859087010354,-0.973454127137173,-1.168065122270806,-0.980051246628074,-0.22822062234848448,-2.2610999903818723,-0.22888618729874646,-1.2647205579438707,0.6664451087488514,0.7216984540246772,2.1233109827762298,1.9132815030523553,1
2015-02-19,3,sweing,Thursday,3,0.7,30.1,247.0,6960,50,0.0,0,1,58.0,0.700603448,0.7004358594887218,0.700603448,0.8493742444236544,0,0,0.0006034480000000064,0,247.0,5.5134287461649825,0,,0,42,8,49,5,-0.8660254037844386,0.5000000000000001,3.9318256327243257,8.848078421168667,3.40452517175483,4.060443010546419,21.67784046837062,22.38696321651131,15.964953909082741,1.9269102990033222,0,0,1,sweing_team3,17,1,360630,val,0.9792705109119583,0.4312430214567208,0.5864942561413656,1.1483697243081041,0.9265270070534614,0.5614100152999733,0.47710898011381736,1.0337420008373779,-0.7292297315745003,-0.3112018481025408,3.393677892448722,-1.2647205579438707,0.6664451087488514,0.7216984540246772,2.1233109827762298,1.9132815030523553,1
2015-02-19,3,finishing,Thursday,4,0.75,5.13,,1920,0,0.0,0,0,8.0,0.684027778,0.683874037166249,0.684027778,0.7716329937510829,1,1,-0.06597222199999997,1,0.0,0.0,0,,0,42,8,49,5,-0.8660254037844386,0.5000000000000001,0.0,7.560601162768557,1.6351056591826783,2.0794415416798357,0.0,0.0,0.0,1.5594541910331385,0,1,0,finishing_team4,6,0,447240,val,-0.9856129740972022,-1.1731446939116332,-0.358383611519654,-0.8075515178910575,-1.329301807783477,-0.973454127137173,-1.168065122270806,-0.980051246628074,-1.1757779071554637,0.1762726874672926,-0.22888618729874646,-1.2647205579438707,0.6664451087488514,0.7216984540246772,2.1233109827762298,1.9132815030523553,1
2015-02-19,3,sweing,Thursday,4,0.8,30.1,859.0,7020,63,0.0,0,1,58.5,0.800094017,0.7998433118897244,0.800094017,1.3853153479769227,0,0,9.40170000000018e-05,0,859.0,6.756932389247553,0,,0,42,8,49,5,-0.8660254037844386,0.5000000000000001,4.1588830833596715,8.85666093701725,3.40452517175483,4.069026754237811,28.101291809046696,27.49413866842431,16.922606533937543,1.9435215946843853,0,0,1,sweing_team4,18,1,454260,val,1.0927397937785401,0.7930980595516977,0.5927929532416565,1.1483697243081041,0.9363015865590966,1.016212012199924,0.8524253063417885,1.154538741017943,-0.7090429837710958,0.663747223037126,3.393677892448722,-1.2647205579438707,0.6664451087488514,0.7216984540246772,2.1233109827762298,1.9132815030523553,1
2015-02-19,3,finishing,Thursday,5,0.75,5.13,,1920,0,0.0,0,0,8.0,0.631354167,0.6312444308538012,0.631354167,0.5375591478314955,1,1,-0.11864583299999998,1,0.0,0.0,0,,0,42,8,49,5,-0.8660254037844386,0.5000000000000001,0.0,7.560601162768557,1.6351056591826783,2.0794415416798357,0.0,0.0,0.0,1.5594541910331385,0,1,0,finishing_team5,7,0,364200,val,-0.9856129740972022,-1.1731446939116332,-0.358383611519654,-0.8075515178910575,-1.329301807783477,-0.973454127137173,-1.168065122270806,-0.980051246628074,-1.1757779071554637,0.1762726874672926,-0.22888618729874646,-1.2647205579438707,0.6664451087488514,0.7216984540246772,2.1233109827762298,1.9132815030523553,1
2015-02-19,3,sweing,Thursday,5,0.8,30.1,276.0,600,63,3.5,15,0,59.5,0.799982853,0.7997322407585631,0.799982853,1.3846217052252505,1,0,-1.714699999999514e-05,0,276.0,5.6240175061873385,0,,1,42,8,49,5,-0.8660254037844386,0.5000000000000001,4.1588830833596715,6.398594934535208,3.40452517175483,4.085976312551584,23.389631267001167,22.979602311656897,16.993097765279114,1.9767441860465116,0,0,1,sweing_team5,19,0,364800,val,1.0927397937785401,0.46342394846354956,-1.2111784550622335,1.1483697243081041,0.9556025828702426,0.6826105712319801,0.5206608670743085,1.1634303899691134,-0.6686694881642867,0.663747223037126,-0.22888618729874646,-1.2647205579438707,0.6664451087488514,0.7216984540246772,2.1233109827762298,1.9132815030523553,1
2015-02-19,3,finishing,Thursday,6,0.8,2.9,,4320,0,0.0,0,0,18.0,0.785864198,0.7856253807919799,0.785864198,1.298755022414304,1,0,-0.014135802000000086,1,0.0,0.0,0,,0,42,8,49,5,-0.8660254037844386,0.5000000000000001,0.0,8.371242135931933,1.0647107369924282,2.8903717578961645,0.0,0.0,0.0,6.206896551724138,0,1,0,finishing_team6,8,0,237135,val,-0.9856129740972022,-1.1731446939116332,0.2365447331666702,-1.4380676486489155,-0.40587000961859426,-0.973454127137173,-1.168065122270806,-0.980051246628074,4.471990254185447,0.663747223037126,-0.22888618729874646,-1.2647205579438707,0.6664451087488514,0.7216984540246772,2.1233109827762298,1.9132815030523553,1
2015-02-19,3,sweing,Thursday,6,0.75,18.79,899.0,3960,56,0.0,0,0,33.0,0.75065101,0.7504416106599834,0.75065101,1.1009689342378093,0,0,0.0006510100000000074,0,899.0,6.802394763324311,0,,0,42,8,49,5,-0.8660254037844386,0.5000000000000001,4.04305126783455,8.284251797621916,2.933324813425374,3.4965075614664802,27.50243077216946,23.78462472604344,14.136559329380145,1.7562533262373603,0,0,1,sweing_team6,20,0,241095,val,1.0348542101784763,0.80632744508261,0.1727026382223141,0.6275035398673704,0.28435593563553735,0.9738106330982222,0.5798203884072904,0.8031112906407915,-0.9366192896356608,0.1762726874672926,-0.22888618729874646,-1.2647205579438707,0.6664451087488514,0.7216984540246772,2.1233109827762298,1.9132815030523553,1
2015-02-19,3,sweing,Thursday,7,0.75,30.1,444.0,0,0,5.0,20,1,59.0,0.611140537,0.6110476877627402,0.611140537,0.4517182593835949,1,1,-0.13885946299999996,0,444.0,6.09807428216624,0,zero_incentive_zero_OT;,1,42,8,49,5,-0.8660254037844386,0.5000000000000001,0.0,0.0,3.40452517175483,4.07753744390572,0.0,24.865126221251337,0.0,1.9601328903654485,0,1,1,sweing_team7,21,1,358050,val,-0.9856129740972022,0.6013727463502936,-5.90709886711144,1.1483697243081041,0.9459929771454892,-0.973454127137173,0.6592243281159523,-0.980051246628074,-0.6888562359676913,0.1762726874672926,3.393677892448722,-1.2647205579438707,0.6664451087488514,0.7216984540246772,2.1233109827762298,1.9132815030523553,1
2015-02-19,3,finishing,Thursday,8,0.7,5.13,,1920,0,0.0,0,0,8.0,0.672135417,0.671991611304929,0.672135417,0.7172066739210928,1,1,-0.027864582999999943,1,0.0,0.0,0,,0,42,8,49,5,-0.8660254037844386,0.5000000000000001,0.0,7.560601162768557,1.6351056591826783,2.0794415416798357,0.0,0.0,0.0,1.5594541910331385,0,1,0,finishing_team8,10,0,343440,val,-0.9856129740972022,-1.1731446939116332,-0.358383611519654,-0.8075515178910575,-1.329301807783477,-0.973454127137173,-1.168065122270806,-0.980051246628074,-1.1757779071554637,-0.3112018481025408,-0.22888618729874646,-1.2647205579438707,0.6664451087488514,0.7216984540246772,2.1233109827762298,1.9132815030523553,1
2015-02-19,3,sweing,Thursday,8,0.7,29.4,1116.0,6240,0,0.0,0,2,57.0,0.7,0.6998329156223893,0.7,0.8465023470402906,0,0,0.0,0,1116.0,7.018401799069201,0,,0,42,8,49,5,-0.8660254037844386,0.5000000000000001,0.0,8.738895704934043,3.380994674344636,4.04305126783455,0.0,28.37575829189902,0.0,1.9387755102040818,0,1,1,sweing_team8,22,1,349680,val,-0.9856129740972022,0.8691847069676562,0.506365204208124,1.1223590471356752,0.9067224814303124,-0.973454127137173,0.9172138066250666,-0.980051246628074,-0.7148106260006397,-0.3112018481025408,7.01624197219619,-1.2647205579438707,0.6664451087488514,0.7216984540246772,2.1233109827762298,1.9132815030523553,1
2015-02-19,3,sweing,Thursday,9,0.7,18.79,1603.0,6120,30,0.0,0,1,51.0,0.638614379,0.6384985775137844,0.638614379,0.5688534710678315,1,1,-0.061385621,0,1603.0,7.38025578842646,0,,0,42,8,49,5,-0.8660254037844386,0.5000000000000001,3.4339872044851463,8.71948076085107,2.933324813425374,3.9318256327243257,25.3437039432839,29.017878884997234,13.501838913042048,2.7142096860031932,0,0,1,sweing_team9,23,1,364980,val,0.7304816282848566,0.9744829019766401,0.49211660226491494,0.6275035398673704,0.7800663448380777,0.8209655004011763,0.9644019920058285,0.7230486925444117,0.2275297215282096,-0.3112018481025408,3.393677892448722,-1.2647205579438707,0.6664451087488514,0.7216984540246772,2.1233109827762298,1.9132815030523553,1
2015-02-19,3,finishing,Thursday,10,0.8,3.94,,2400,0,0.0,0,0,10.0,0.733277778,0.7330828926382624,0.733277778,1.010320631433288,1,0,-0.066722222,1,0.0,0.0,0,,0,42,8,49,5,-0.8660254037844386,0.5000000000000001,0.0,7.783640596221253,1.3711807233098425,2.302585092994046,0.0,0.0,0.0,2.5380710659898478,0,1,0,finishing_team10,1,0,351870,val,-0.9856129740972022,-1.1731446939116332,-0.19469526447499352,-1.0992948748235933,-1.0752012122964671,-0.973454127137173,-1.168065122270806,-0.980051246628074,0.013478634309133644,0.663747223037126,-0.22888618729874646,-1.2647205579438707,0.6664451087488514,0.7216984540246772,2.1233109827762298,1.9132815030523553,1
2015-02-19,3,sweing,Thursday,10,0.7,19.68,1410.0,5760,0,0.0,0,1,48.0,0.249416667,0.2496260098011696,0.249416667,-1.100607898842022,1,1,-0.450583333,0,1410.0,7.2520539518528135,0,,0,42,8,49,5,-0.8660254037844386,0.5000000000000001,0.0,8.658866349732383,2.9796028916241073,3.871201010907891,0.0,28.07415858957118,0.0,2.4390243902439024,0,1,1,sweing_team10,13,1,357630,val,-0.9856129740972022,0.93717663374392,0.4476317656173736,0.6786594560047909,0.7110311770548096,-0.973454127137173,0.8950498349082274,-0.980051246628074,-0.10688706758661504,-0.3112018481025408,3.393677892448722,-1.2647205579438707,0.6664451087488514,0.7216984540246772,2.1233109827762298,1.9132815030523553,1
2015-02-19,3,sweing,Thursday,11,0.7,11.41,653.0,3480,30,0.0,0,2,58.0,0.700540441,0.7003729051261487,0.700540441,0.8490742304238962,0,0,0.0005404410000000581,0,653.0,6.483107351457199,0,,0,42,8,49,5,-0.8660254037844386,0.5000000000000001,3.4339872044851463,8.15507488781144,2.4344901638739844,4.060443010546419,22.26290769020761,26.32428793184649,13.94350934275755,5.083260297984224,0,0,1,sweing_team11,14,1,335460,val,0.7304816282848566,0.7134159693284946,0.07789987390441286,0.07609033318004338,0.9265270070534614,0.6028347458225155,0.7664552657936393,0.7787602801901629,3.106500041229453,-0.3112018481025408,7.01624197219619,-1.2647205579438707,0.6664451087488514,0.7216984540246772,2.1233109827762298,1.9132815030523553,1
2015-02-19,3,finishing,Thursday,12,0.8,5.13,,2160,0,0.0,0,0,9.0,0.609583333,0.609491784685046,0.609583333,0.44517646305600644,1,1,-0.19041666700000004,1,0.0,0.0,0,,0,42,8,49,5,-0.8660254037844386,0.5000000000000001,0.0,7.6783263565068856,1.6351056591826783,2.1972245773362196,0.0,0.0,0.0,1.7543859649122808,0,1,0,finishing_team12,3,0,236535,val,-0.9856129740972022,-1.1731446939116332,-0.2719852465748004,-0.8075515178910575,-1.1951785524965162,-0.973454127137173,-1.168065122270806,-0.980051246628074,-0.9388885859537188,0.663747223037126,-0.22888618729874646,-1.2647205579438707,0.6664451087488514,0.7216984540246772,2.1233109827762298,1.9132815030523553,1
2015-02-19,3,sweing,Thursday,12,0.8,15.26,1126.0,1080,38,0.0,0,0,34.0,0.800711494,0.8004602730359232,0.800711494,1.3891735543598263,0,0,0.0007114939999999237,0,1126.0,7.027314514039777,0,,0,42,8,49,5,-0.8660254037844386,0.5000000000000001,3.6635616461296463,6.985641817639208,2.725235025856311,3.5263605246161616,25.74499992892632,24.780844496372072,12.919039168409387,2.2280471821756227,0,0,1,sweing_team12,15,0,237615,val,0.8452087477209552,0.8717782746127115,-0.7803455191751631,0.39748051090269754,0.31835044575563654,0.8493786082365815,0.653030629143266,0.6495352832950346,-0.3632754778173688,0.663747223037126,-0.22888618729874646,-1.2647205579438707,0.6664451087488514,0.7216984540246772,2.1233109827762298,1.9132815030523553,1
2015-02-22,4,finishing,Sunday,1,0.8,3.94,,2880,0,0.0,0,0,12.0,0.727349537,0.7271596042205514,0.727349537,0.9802589981914072,1,0,-0.072650463,1,0.0,0.0,0,,0,43,8,52,1,0.8660254037844386,0.5000000000000001,0.0,7.9658927350845286,1.3711807233098425,2.4849066497880004,0.0,0.0,0.0,3.0456852791878175,0,1,0,finishing_team1,0,0,385290,val,-0.9856129740972022,-1.1731446939116332,-0.060940659318095815,-1.0992948748235933,-0.8675859087010354,-0.973454127137173,-1.168065122270806,-0.980051246628074,0.6303528565248452,0.663747223037126,-0.22888618729874646,1.207642908060418,0.6664451087488514,1.6665776064368176,2.1233109827762298,1.9981489535758052,1
2015-02-22,4,finishing,Sunday,2,0.8,5.13,,4800,0,0.0,0,0,20.0,0.8300625,0.8297867585630744,0.8300625,1.584116737997879,0,0,0.030062499999999992,1,0.0,0.0,0,,0,43,8,52,1,0.8660254037844386,0.5000000000000001,0.0,8.476579508530941,1.6351056591826783,2.995732273553991,0.0,0.0,0.0,3.8986354775828462,0,1,0,finishing_team2,4,0,391260,val,-0.9856129740972022,-1.1731446939116332,0.3138516924601087,-0.8075515178910575,-0.28589266941854513,-0.973454127137173,-1.168065122270806,-0.980051246628074,1.6668939472654751,0.663747223037126,-0.22888618729874646,1.207642908060418,0.6664451087488514,1.6665776064368176,2.1233109827762298,1.9981489535758052,1
2015-02-22,4,sweing,Sunday,2,0.7,30.33,746.0,6840,0,0.0,0,1,57.0,0.700605263,0.7004376729724311,0.700605263,0.8493828872584993,0,0,0.000605263000000078,0,746.0,6.616065185132817,0,,0,43,8,52,1,0.8660254037844386,0.5000000000000001,0.0,8.830689198760998,3.41213732170049,4.04305126783455,0.0,26.749090734827266,0.0,1.8793273986152326,0,1,1,sweing_team2,16,1,398100,val,-0.9856129740972022,0.752106215422548,0.5737323286730242,1.1567842159940684,0.9067224814303124,-0.973454127137173,0.797673192196847,-0.980051246628074,-0.7870544809698111,-0.3112018481025408,3.393677892448722,1.207642908060418,0.6664451087488514,1.6665776064368176,2.1233109827762298,1.9981489535758052,1
2015-02-22,4,finishing,Sunday,3,0.5,5.13,,1800,0,0.0,0,0,15.0,0.8721,0.8717891395154553,0.8721,1.9168713261188537,0,0,0.3721,1,0.0,0.0,0,,0,43,8,52,1,0.8660254037844386,0.5000000000000001,0.0,7.496097345175956,1.6351056591826783,2.70805020110221,0.0,0.0,0.0,2.9239766081871346,0,1,0,finishing_team3,5,0,362430,val,-0.9856129740972022,-1.1731446939116332,-0.40572287846610844,-0.8075515178910575,-0.6134853132140259,-0.973454127137173,-1.168065122270806,-0.980051246628074,0.48244734125675043,-2.2610999903818723,-0.22888618729874646,1.207642908060418,0.6664451087488514,1.6665776064368176,2.1233109827762298,1.9981489535758052,1
2015-02-22,4,sweing,Sunday,3,0.7,30.1,1041.0,8160,33,0.0,0,2,58.0,0.626577778,0.6264720321537177,0.626577778,0.5171112497103373,1,1,-0.07342222199999993,0,1041.0,6.948897222313312,0,,0,43,8,52,1,0.8660254037844386,0.5000000000000001,3.5263605246161616,9.007121989469242,3.40452517175483,4.060443010546419,24.50431685438056,28.215601157347514,14.318585944844497,1.9269102990033222,0,0,1,sweing_team3,17,1,370590,val,0.7766441054990699,0.8489591278873806,0.7032161218679799,1.1483697243081041,0.9265270070534614,0.7615340664323631,0.9054441723281764,0.8260718310324902,-0.7292297315745003,-0.3112018481025408,7.01624197219619,1.207642908060418,0.6664451087488514,1.6665776064368176,2.1233109827762298,1.9981489535758052,1
2015-02-22,4,sweing,Sunday,4,0.8,30.1,922.0,5820,63,0.0,0,1,59.0,0.80000295,0.7997523209690893,0.80000295,1.3847470854198898,0,0,2.9499999999460513e-06,0,922.0,6.827629234502852,0,,0,43,8,52,1,0.8660254037844386,0.5000000000000001,4.1588830833596715,8.669227347271736,3.40452517175483,4.07753744390572,28.395311722825852,27.839913856790723,16.958001497225133,1.9601328903654485,0,0,1,sweing_team4,18,1,460080,val,1.0927397937785401,0.8136705844295778,0.4552356880928589,1.1483697243081041,0.9459929771454892,1.037029612711402,0.8778356480503071,1.1590034039583281,-0.6888562359676913,0.663747223037126,3.393677892448722,1.207642908060418,0.6664451087488514,1.6665776064368176,2.1233109827762298,1.9981489535758052,1
2015-02-22,4,sweing,Sunday,5,0.8,30.1,450.0,5700,0,4.5,25,0,60.0,0.307501459,0.30766227649456973,0.307501459,-0.8110711998282203,1,1,-0.49249854100000007,0,450.0,6.111467339502679,0,,1,43,8,52,1,0.8660254037844386,0.5000000000000001,0.0,8.648396877031582,3.40452517175483,4.0943445622221,0.0,25.02245306869076,0.0,1.9933554817275747,0,1,1,sweing_team5,19,0,370500,val,-0.9856129740972022,0.605270077330902,0.4399482333634824,1.1483697243081041,0.9651317725418185,-0.973454127137173,0.6707859701535046,-0.980051246628074,-0.6484827403608823,0.663747223037126,-0.22888618729874646,1.207642908060418,0.6664451087488514,1.6665776064368176,2.1233109827762298,1.9981489535758052,1
2015-02-22,4,finishing,Sunday,6,0.8,2.9,,960,0,0.0,0,0,8.0,0.8319375,0.8316601921470342,0.8319375,1.5974393321332068,0,0,0.03193749999999995,1,0.0,0.0,0,,0,43,8,52,1,0.8660254037844386,0.5000000000000001,0.0,6.8679744089702925,1.0647107369924282,2.0794415416798357,0.0,0.0,0.0,2.7586206896551726,0,1,0,finishing_team6,8,0,242055,val,-0.9856129740972022,-1.1731446939116332,-0.8667014757335281,-1.4380676486489155,-1.329301807783477,-0.973454127137173,-1.168065122270806,-0.980051246628074,0.28149984809940837,0.663747223037126,-0.22888618729874646,1.207642908060418,0.6664451087488514,1.6665776064368176,2.1233109827762298,1.9981489535758052,1
2015-02-22,4,sweing,Sunday,6,0.75,18.79,1055.0,3960,45,0.0,0,0,33.0,0.75065101,0.7504416106599834,0.75065101,1.1009689342378093,0,0,0.0006510100000000074,0,1055.0,6.962243464266207,0,,0,43,8,52,1,0.8660254037844386,0.5000000000000001,3.828641396489095,8.284251797621916,2.933324813425374,3.4965075614664802,26.655933539725243,24.343536917577374,13.386873592967705,1.7562533262373603,0,0,1,sweing_team6,20,0,246015,val,0.9277054058868384,0.8528428357616235,0.1727026382223141,0.6275035398673704,0.28435593563553735,0.913875777011122,0.6208937512446622,0.708547154577133,-0.9366192896356608,0.1762726874672926,-0.22888618729874646,1.207642908060418,0.6664451087488514,1.6665776064368176,2.1233109827762298,1.9981489535758052,1
2015-02-22,4,finishing,Sunday,7,0.7,5.13,,960,0,0.0,0,0,8.0,0.283958333,0.2841388189373434,0.283958333,-0.9240233491528443,1,1,-0.41604166699999995,1,0.0,0.0,0,,0,43,8,52,1,0.8660254037844386,0.5000000000000001,0.0,6.8679744089702925,1.6351056591826783,2.0794415416798357,0.0,0.0,0.0,1.5594541910331385,0,1,0,finishing_team7,9,0,359010,val,-0.9856129740972022,-1.1731446939116332,-0.8667014757335281,-0.8075515178910575,-1.329301807783477,-0.973454127137173,-1.168065122270806,-0.980051246628074,-1.1757779071554637,-0.3112018481025408,-0.22888618729874646,1.207642908060418,0.6664451087488514,1.6665776064368176,2.1233109827762298,1.9981489535758052,1
2015-02-22,4,sweing,Sunday,7,0.75,30.1,627.0,6960,0,3.5,20,1,58.0,0.393548851,0.393637782619883,0.393548851,-0.43204637295614545,1,1,-0.356451149,0,627.0,6.4425401664681985,0,,1,43,8,52,1,0.8660254037844386,0.5000000000000001,0.0,8.848078421168667,3.40452517175483,4.060443010546419,0.0,26.15956718910036,0.0,1.9269102990033222,0,1,1,sweing_team7,21,1,365970,val,-0.9856129740972022,0.701611066020603,0.5864942561413656,1.1483697243081041,0.9265270070534614,-0.973454127137173,0.75435026086418,-0.980051246628074,-0.7292297315745003,0.1762726874672926,3.393677892448722,1.207642908060418,0.6664451087488514,1.6665776064368176,2.1233109827762298,1.9981489535758052,1
2015-02-22,4,sweing,Sunday,8,0.7,29.4,1146.0,6840,40,0.0,0,2,57.0,0.700614035,0.7004464376441102,0.700614035,0.8494246590014067,0,0,0.0006140350000000128,0,1146.0,7.044905117129371,0,,0,43,8,52,1,0.8660254037844386,0.5000000000000001,3.713572066704308,8.830689198760998,3.380994674344636,4.04305126783455,26.161762855553874,28.482912565584016,15.014162252483823,1.9387755102040818,0,0,1,sweing_team8,22,1,356520,val,0.870200865542169,0.8768970761429746,0.5737323286730242,1.1223590471356752,0.9067224814303124,0.8788868276051631,0.9250883644345138,0.9138106920024626,-0.7148106260006397,-0.3112018481025408,7.01624197219619,1.207642908060418,0.6664451087488514,1.6665776064368176,2.1233109827762298,1.9981489535758052,1
2015-02-22,4,finishing,Sunday,9,0.8,3.94,,2400,0,0.0,0,0,10.0,0.753525,0.7533131996658313,0.753525,1.1163615599582781,1,0,-0.046475000000000044,1,0.0,0.0,0,,0,43,8,52,1,0.8660254037844386,0.5000000000000001,0.0,7.783640596221253,1.3711807233098425,2.302585092994046,0.0,0.0,0.0,2.5380710659898478,0,1,0,finishing_team9,11,0,367380,val,-0.9856129740972022,-1.1731446939116332,-0.19469526447499352,-1.0992948748235933,-1.0752012122964671,-0.973454127137173,-1.168065122270806,-0.980051246628074,0.013478634309133644,0.663747223037126,-0.22888618729874646,1.207642908060418,0.6664451087488514,1.6665776064368176,2.1233109827762298,1.9981489535758052,1
2015-02-22,4,sweing,Sunday,9,0.7,18.79,1717.0,3240,30,0.0,0,1,57.0,0.627011183,0.6269050750776943,0.627011183,0.5189622560861521,1,1,-0.07298881699999993,0,1717.0,7.4489161025442,0,,0,43,8,52,1,0.8660254037844386,0.5000000000000001,3.4339872044851463,8.083637203141548,2.933324813425374,4.04305126783455,25.57948258342015,30.116349692384524,13.883786320821294,3.0335284725918044,0,0,1,sweing_team9,23,1,370620,val,0.7304816282848566,0.9944628036994034,0.025471851023910256,0.6275035398673704,0.9067224814303124,0.837659422511441,1.0451264612900872,0.7712269156105733,0.6155793919161666,-0.3112018481025408,3.393677892448722,1.207642908060418,0.6664451087488514,1.6665776064368176,2.1233109827762298,1.9981489535758052,1
2015-02-22,4,finishing,Sunday,10,0.8,3.94,,960,0,0.0,0,0,8.0,0.385791667,0.3858870791411863,0.385791667,-0.4646340358499127,1,1,-0.41420833300000004,1,0.0,0.0,0,,0,43,8,52,1,0.8660254037844386,0.5000000000000001,0.0,6.8679744089702925,1.3711807233098425,2.0794415416798357,0.0,0.0,0.0,2.030456852791878,0,1,0,finishing_team10,1,0,358590,val,-0.9856129740972022,-1.1731446939116332,-0.8667014757335281,-1.0992948748235933,-1.329301807783477,-0.973454127137173,-1.168065122270806,-0.980051246628074,-0.6033955879065779,0.663747223037126,-0.22888618729874646,1.207642908060418,0.6664451087488514,1.6665776064368176,2.1233109827762298,1.9981489535758052,1
2015-02-22,4,sweing,Sunday,10,0.7,21.25,1531.0,6000,0,0.0,0,1,50.0,0.456875,0.4569110275689223,0.456875,-0.17278447606861747,1,1,-0.24312499999999998,0,1531.0,7.3343293503005365,0,,0,43,8,52,1,0.8660254037844386,0.5000000000000001,0.0,8.699681400989514,3.056356895370426,3.912023005428146,0.0,28.692065147762566,0.0,2.3529411764705883,0,1,1,sweing_team10,13,1,364590,val,-0.9856129740972022,0.9611184754950047,0.477585878087085,0.7635035448625128,0.7575164689463868,-0.973454127137173,0.9404585782647327,-0.980051246628074,-0.21149902320483163,-0.3112018481025408,3.393677892448722,1.207642908060418,0.6664451087488514,1.6665776064368176,2.1233109827762298,1.9981489535758052,1
2015-02-22,4,finishing,Sunday,11,0.6,2.9,,2880,0,0.0,0,0,12.0,0.805555556,0.8053002882005011,0.805555556,1.419756804532613,0,0,0.20555555599999997,1,0.0,0.0,0,,0,43,8,52,1,0.8660254037844386,0.5000000000000001,0.0,7.9658927350845286,1.0647107369924282,2.4849066497880004,0.0,0.0,0.0,4.137931034482759,0,1,0,finishing_team11,2,0,338340,val,-0.9856129740972022,-1.1731446939116332,-0.060940659318095815,-1.4380676486489155,-0.8675859087010354,-0.973454127137173,-1.168065122270806,-0.980051246628074,1.9576960105338241,-1.2861509192422065,-0.22888618729874646,1.207642908060418,0.6664451087488514,1.6665776064368176,2.1233109827762298,1.9981489535758052,1
2015-02-22,4,sweing,Sunday,11,0.75,11.41,834.0,3480,0,0.0,0,2,58.0,0.672140805,0.6719969948036758,0.672140805,0.7172310979687241,1,1,-0.07785919500000005,0,834.0,6.727431724850855,0,,0,43,8,52,1,0.8660254037844386,0.5000000000000001,0.0,8.15507488781144,2.4344901638739844,4.060443010546419,0.0,27.316353126098896,0.0,5.083260297984224,0,1,1,sweing_team11,14,1,341820,val,-0.9856129740972022,0.7845134734923985,0.07789987390441286,0.07609033318004338,0.9265270070534614,-0.973454127137173,0.8393601948667112,-0.980051246628074,3.106500041229453,0.1762726874672926,7.01624197219619,1.207642908060418,0.6664451087488514,1.6665776064368176,2.1233109827762298,1.9981489535758052,1
2015-02-22,4,finishing,Sunday,12,0.8,5.13,,2400,0,0.0,0,0,10.0,0.78375,0.7835129490392647,0.78375,1.2862568539826176,1,0,-0.016250000000000098,1,0.0,0.0,0,,0,43,8,52,1,0.8660254037844386,0.5000000000000001,0.0,7.783640596221253,1.6351056591826783,2.302585092994046,0.0,0.0,0.0,1.9493177387914231,0,1,0,finishing_team12,3,0,240015,val,-0.9856129740972022,-1.1731446939116332,-0.19469526447499352,-0.8075515178910575,-1.0752012122964671,-0.973454127137173,-1.168065122270806,-0.980051246628074,-0.7019992647519739,0.663747223037126,-0.22888618729874646,1.207642908060418,0.6664451087488514,1.6665776064368176,2.1233109827762298,1.9981489535758052,1
2015-02-22,4,sweing,Sunday,12,0.8,15.26,1103.0,4080,63,0.0,0,0,34.0,0.800401961,0.8001509986265665,0.800401961,1.387238369876064,0,0,0.00040196100000000623,0,1103.0,7.00669522683704,0,,0,43,8,52,1,0.8660254037844386,0.5000000000000001,4.1588830833596715,8.314097335405807,2.725235025856311,3.5263605246161616,29.140026249149525,24.70813345593462,14.665721131653491,2.2280471821756227,0,0,1,sweing_team12,15,0,244095,val,1.0927397937785401,0.8657781370194338,0.19460623917250247,0.39748051090269754,0.31835044575563654,1.0897579102774826,0.6476872371196034,0.8698588973237311,-0.3632754778173688,0.663747223037126,-0.22888618729874646,1.207642908060418,0.6664451087488514,1.6665776064368176,2.1233109827762298,1.9981489535758052,1
2015-02-23,4,finishing,Monday,2,0.8,5.13,,960,0,0.0,0,0,8.0,0.36871875,0.368828425229741,0.36871875,-0.5372461712534102,1,1,-0.43128125000000006,1,0.0,0.0,0,,0,44,8,53,2,0.8660254037844387,-0.4999999999999998,0.0,6.8679744089702925,1.6351056591826783,2.0794415416798357,0.0,0.0,0.0,1.5594541910331385,0,1,0,finishing_team2,4,0,399060,val,-0.9856129740972022,-1.1731446939116332,-0.8667014757335281,-0.8075515178910575,-1.329301807783477,-0.973454127137173,-1.168065122270806,-0.980051246628074,-1.1757779071554637,0.663747223037126,-0.22888618729874646,1.207642908060418,-0.7363280996918251,1.6665776064368176,2.1233109827762298,2.083016404099255,1
2015-02-23,4,sweing,Monday,2,0.7,30.33,577.0,2160,30,0.0,0,1,58.0,0.700623,0.700455395154553,0.700623,0.8494673505216269,0,0,0.0006230000000000402,0,577.0,6.359573868672378,0,,0,44,8,53,2,0.8660254037844387,-0.4999999999999998,3.4339872044851463,7.6783263565068856,3.41213732170049,4.060443010546419,21.838695290999045,25.822687265104406,13.94350934275755,1.9122980547312893,0,0,1,sweing_team2,16,1,401220,val,0.7304816282848566,0.6774681750717001,-0.2719852465748004,1.1567842159940684,0.9265270070534614,0.5727990786963336,0.729593614721005,0.7787602801901629,-0.7469871477101687,-0.3112018481025408,3.393677892448722,1.207642908060418,-0.7363280996918251,1.6665776064368176,2.1233109827762298,2.083016404099255,1
2015-02-23,4,finishing,Monday,3,0.8,5.13,,2160,0,0.0,0,0,18.0,0.87115,0.8708399331662489,0.87115,1.908405722992502,0,0,0.07114999999999994,1,0.0,0.0,0,,0,44,8,53,2,0.8660254037844387,-0.4999999999999998,0.0,7.6783263565068856,1.6351056591826783,2.8903717578961645,0.0,0.0,0.0,3.5087719298245617,0,1,0,finishing_team3,5,0,372750,val,-0.9856129740972022,-1.1731446939116332,-0.2719852465748004,-0.8075515178910575,-0.40587000961859426,-0.973454127137173,-1.168065122270806,-0.980051246628074,1.1931153048619854,0.663747223037126,-0.22888618729874646,1.207642908060418,-0.7363280996918251,1.6665776064368176,2.1233109827762298,2.083016404099255,1
2015-02-23,4,sweing,Monday,3,0.7,29.4,1228.0,6960,30,0.0,0,2,58.0,0.700362069,0.7001946821420217,0.700362069,0.8482250901919031,0,0,0.0003620690000000204,0,1228.0,7.113956109566034,0,,0,44,8,53,2,0.8660254037844387,-0.4999999999999998,3.4339872044851463,8.848078421168667,3.380994674344636,4.060443010546419,24.429234253518693,28.8858133624214,13.94350934275755,1.9727891156462587,0,0,1,sweing_team3,17,1,379710,val,0.7304816282848566,0.89699066383583,0.5864942561413656,1.1223590471356752,0.9265270070534614,0.7562179653220176,0.9546967552812954,0.7787602801901629,-0.6734758566889066,-0.3112018481025408,7.01624197219619,1.207642908060418,-0.7363280996918251,1.6665776064368176,2.1233109827762298,2.083016404099255,1
2015-02-23,4,sweing,Monday,4,0.8,30.1,891.0,7140,38,0.0,0,1,59.0,0.800137255,0.7998865137677527,0.800137255,1.385585223033764,0,0,0.00013725499999994728,0,891.0,6.79346613258001,0,,0,44,8,53,2,0.8660254037844387,-0.4999999999999998,3.6635616461296463,8.87360810154911,3.40452517175483,4.07753744390572,24.888281967600822,27.70061252950037,14.938309790150509,1.9601328903654485,0,0,1,sweing_team4,18,1,467220,val,0.8452087477209552,0.8037292460052787,0.6052304550159893,1.1483697243081041,0.9459929771454892,0.7887200901088671,0.8675986662020111,0.9042427861180896,-0.6888562359676913,0.663747223037126,3.393677892448722,1.207642908060418,-0.7363280996918251,1.6665776064368176,2.1233109827762298,2.083016404099255,1
2015-02-23,4,sweing,Monday,5,0.8,30.1,541.0,7140,38,0.0,0,0,59.0,0.800137255,0.7998865137677527,0.800137255,1.385585223033764,0,0,0.00013725499999994728,0,541.0,6.295266001439646,0,,0,44,8,53,2,0.8660254037844387,-0.4999999999999998,3.6635616461296463,8.87360810154911,3.40452517175483,4.07753744390572,23.06309507505823,25.669182840216795,14.938309790150509,1.9601328903654485,0,0,1,sweing_team5,19,0,377640,val,0.8452087477209552,0.6587548195646575,0.6052304550159893,1.1483697243081041,0.9459929771454892,0.6594907086722174,0.7183128750340659,0.9042427861180896,-0.6888562359676913,0.663747223037126,-0.22888618729874646,1.207642908060418,-0.7363280996918251,1.6665776064368176,2.1233109827762298,2.083016404099255,1
2015-02-23,4,finishing,Monday,6,0.8,2.9,,960,0,0.0,0,0,8.0,0.3715625,0.3716697994987469,0.3715625,-0.5250600009267264,1,1,-0.4284375,1,0.0,0.0,0,,0,44,8,53,2,0.8660254037844387,-0.4999999999999998,0.0,6.8679744089702925,1.0647107369924282,2.0794415416798357,0.0,0.0,0.0,2.7586206896551726,0,1,0,finishing_team6,8,0,246975,val,-0.9856129740972022,-1.1731446939116332,-0.8667014757335281,-1.4380676486489155,-1.329301807783477,-0.973454127137173,-1.168065122270806,-0.980051246628074,0.28149984809940837,0.663747223037126,-0.22888618729874646,1.207642908060418,-0.7363280996918251,1.6665776064368176,2.1233109827762298,2.083016404099255,1
2015-02-23,4,sweing,Monday,6,0.75,18.79,1100.0,3960,45,0.0,0,0,33.0,0.75065101,0.7504416106599834,0.75065101,1.1009689342378093,0,0,0.0006510100000000074,0,1100.0,7.00397413672268,0,,0,44,8,53,2,0.8660254037844387,-0.4999999999999998,3.828641396489095,8.284251797621916,2.933324813425374,3.4965075614664802,26.815705319795423,24.489448529366513,13.386873592967705,1.7562533262373603,0,0,1,sweing_team6,20,0,250935,val,0.9277054058868384,0.8649863096914889,0.1727026382223141,0.6275035398673704,0.28435593563553735,0.9251881573453566,0.6316165099605761,0.708547154577133,-0.9366192896356608,0.1762726874672926,-0.22888618729874646,1.207642908060418,-0.7363280996918251,1.6665776064368176,2.1233109827762298,2.083016404099255,1
2015-02-23,4,finishing,Monday,7,0.7,5.13,,960,0,0.0,0,0,8.0,0.356458333,0.35657825085045947,0.356458333,-0.5902467044538011,1,1,-0.34354166699999994,1,0.0,0.0,0,,0,44,8,53,2,0.8660254037844387,-0.4999999999999998,0.0,6.8679744089702925,1.6351056591826783,2.0794415416798357,0.0,0.0,0.0,1.5594541910331385,0,1,0,finishing_team7,9,0,366930,val,-0.9856129740972022,-1.1731446939116332,-0.8667014757335281,-0.8075515178910575,-1.329301807783477,-0.973454127137173,-1.168065122270806,-0.980051246628074,-1.1757779071554637,-0.3112018481025408,-0.22888618729874646,1.207642908060418,-0.7363280996918251,1.6665776064368176,2.1233109827762298,2.083016404099255,1
2015-02-23,4,sweing,Monday,7,0.75,30.1,709.0,6960,45,0.0,0,1,58.0,0.750770115,0.7505606161570593,0.750770115,1.1016044803645788,0,0,0.0007701150000000156,0,709.0,6.565264970035361,0,,0,44,8,53,2,0.8660254037844387,-0.4999999999999998,3.828641396489095,8.848078421168667,3.40452517175483,4.060443010546419,25.136045243197124,26.65788425996533,15.545980198262827,1.9269102990033222,0,0,1,sweing_team7,21,1,373890,val,0.9277054058868384,0.7373235375658476,0.5864942561413656,1.1483697243081041,0.9265270070534614,0.8062625647885011,0.7909706069037249,0.9808933402950712,-0.7292297315745003,0.1762726874672926,3.393677892448722,1.207642908060418,-0.7363280996918251,1.6665776064368176,2.1233109827762298,2.083016404099255,1
2015-02-23,4,finishing,Monday,8,0.7,5.13,,960,0,0.0,0,0,8.0,0.930416667,0.9300570874954052,0.930416667,2.5875665949964155,0,0,0.23041666700000007,1,0.0,0.0,0,,0,44,8,53,2,0.8660254037844387,-0.4999999999999998,0.0,6.8679744089702925,1.6351056591826783,2.0794415416798357,0.0,0.0,0.0,1.5594541910331385,0,1,0,finishing_team8,10,0,357480,val,-0.9856129740972022,-1.1731446939116332,-0.8667014757335281,-0.8075515178910575,-1.329301807783477,-0.973454127137173,-1.168065122270806,-0.980051246628074,-1.1757779071554637,-0.3112018481025408,-0.22888618729874646,1.207642908060418,-0.7363280996918251,1.6665776064368176,2.1233109827762298,2.083016404099255,1
2015-02-23,4,sweing,Monday,8,0.7,29.4,1094.0,6840,40,0.0,0,2,57.0,0.700614035,0.7004464376441102,0.700614035,0.8494246590014067,0,0,0.0006140350000000128,0,1094.0,6.9985096422506015,0,,0,44,8,53,2,0.8660254037844387,-0.4999999999999998,3.713572066704308,8.830689198760998,3.380994674344636,4.04305126783455,25.989469916022593,28.29533328205362,15.014162252483823,1.9387755102040818,0,0,1,sweing_team8,22,1,364320,val,0.870200865542169,0.8633961616719288,0.5737323286730242,1.1223590471356752,0.9067224814303124,0.8666879069946208,0.911303530090369,0.9138106920024626,-0.7148106260006397,-0.3112018481025408,7.01624197219619,1.207642908060418,-0.7363280996918251,1.6665776064368176,2.1233109827762298,2.083016404099255,1
2015-02-23,4,finishing,Monday,9,0.8,2.9,,960,0,0.0,0,0,8.0,0.3715625,0.3716697994987469,0.3715625,-0.5250600009267264,1,1,-0.4284375,1,0.0,0.0,0,,0,44,8,53,2,0.8660254037844387,-0.4999999999999998,0.0,6.8679744089702925,1.0647107369924282,2.0794415416798357,0.0,0.0,0.0,2.7586206896551726,0,1,0,finishing_team9,11,0,371580,val,-0.9856129740972022,-1.1731446939116332,-0.8667014757335281,-1.4380676486489155,-1.329301807783477,-0.973454127137173,-1.168065122270806,-0.980051246628074,0.28149984809940837,0.663747223037126,-0.22888618729874646,1.207642908060418,-0.7363280996918251,1.6665776064368176,2.1233109827762298,2.083016404099255,1
2015-02-23,4,sweing,Monday,9,0.7,18.79,1641.0,6000,40,0.0,0,1,50.0,0.60128,0.601195388471178,0.60128,0.41044838577569226,1,1,-0.09871999999999992,0,1641.0,7.403670290012373,0,,0,44,8,53,2,0.8660254037844387,-0.4999999999999998,3.713572066704308,8.699681400989514,2.933324813425374,3.912023005428146,27.49406318007853,28.963328499133276,14.527579357262598,2.660989888238425,0,0,1,sweing_team9,23,1,377580,val,0.870200865542169,0.9812964367905328,0.477585878087085,0.6275035398673704,0.7575164689463868,0.9732181793859787,0.9603931909357359,0.8524339192094498,0.1628547764635503,-0.3112018481025408,3.393677892448722,1.207642908060418,-0.7363280996918251,1.6665776064368176,2.1233109827762298,2.083016404099255,1
2015-02-23,4,finishing,Monday,10,0.8,3.94,,2400,0,0.0,0,0,20.0,0.955791667,0.9554108886649958,0.955791667,3.064651809112643,0,0,0.1557916669999999,1,0.0,0.0,0,,0,44,8,53,2,0.8660254037844387,-0.4999999999999998,0.0,7.783640596221253,1.3711807233098425,2.995732273553991,0.0,0.0,0.0,5.0761421319796955,0,1,0,finishing_team10,1,0,366990,val,-0.9856129740972022,-1.1731446939116332,-0.19469526447499352,-1.0992948748235933,-0.28589266941854513,-0.973454127137173,-1.168065122270806,-0.980051246628074,3.0978497453876903,0.663747223037126,-0.22888618729874646,1.207642908060418,-0.7363280996918251,1.6665776064368176,2.1233109827762298,2.083016404099255,1
2015-02-23,4,sweing,Monday,10,0.7,21.25,1583.0,6000,0,0.0,0,1,50.0,0.417916667,0.4179852412130326,0.417916667,-0.33104968235178645,1,1,-0.28208333299999994,0,1583.0,7.367708572374371,0,,0,44,8,53,2,0.8660254037844387,-0.4999999999999998,0.0,8.699681400989514,3.056356895370426,3.912023005428146,0.0,28.822645432418703,0.0,2.3529411764705883,0,1,1,sweing_team10,13,1,372990,val,-0.9856129740972022,0.9708317077338476,0.477585878087085,0.7635035448625128,0.7575164689463868,-0.973454127137173,0.9500546677620274,-0.980051246628074,-0.21149902320483163,-0.3112018481025408,3.393677892448722,1.207642908060418,-0.7363280996918251,1.6665776064368176,2.1233109827762298,2.083016404099255,1
2015-02-23,4,sweing,Monday,11,0.75,11.41,826.0,2820,0,0.0,0,2,58.0,0.750293939,0.7500848379649122,0.750293939,1.0990648090099024,0,0,0.0002939389999999653,0,826.0,6.717804695023691,0,,0,44,8,53,2,0.8660254037844387,-0.4999999999999998,0.0,7.944846711001996,2.4344901638739844,4.060443010546419,0.0,27.277263120124864,0.0,5.083260297984224,0,1,1,sweing_team11,14,1,344640,val,-0.9856129740972022,0.7817120428217056,-0.07638630872906649,0.07609033318004338,0.9265270070534614,-0.973454127137173,0.8364875468497124,-0.980051246628074,3.106500041229453,0.1762726874672926,7.01624197219619,1.207642908060418,-0.7363280996918251,1.6665776064368176,2.1233109827762298,2.083016404099255,1
2015-02-23,4,finishing,Monday,12,0.8,5.13,,1080,0,0.0,0,0,9.0,0.9025,0.9021637426900584,0.9025,2.2215007990251148,0,0,0.10249999999999992,1,0.0,0.0,0,,0,44,8,53,2,0.8660254037844387,-0.4999999999999998,0.0,6.985641817639208,1.6351056591826783,2.1972245773362196,0.0,0.0,0.0,1.7543859649122808,0,1,0,finishing_team12,3,0,245175,val,-0.9856129740972022,-1.1731446939116332,-0.7803455191751631,-0.8075515178910575,-1.1951785524965162,-0.973454127137173,-1.168065122270806,-0.980051246628074,-0.9388885859537188,0.663747223037126,-0.22888618729874646,1.207642908060418,-0.7363280996918251,1.6665776064368176,2.1233109827762298,2.083016404099255,1
2015-02-23,4,sweing,Monday,12,0.8,15.26,1060.0,4080,63,0.0,0,0,34.0,0.800401961,0.8001509986265665,0.800401961,1.387238369876064,0,0,0.00040196100000000623,0,1060.0,6.966967138613983,0,,0,44,8,53,2,0.8660254037844387,-0.4999999999999998,4.1588830833596715,8.314097335405807,2.725235025856311,3.5263605246161616,28.974801775104428,24.568037893906364,14.665721131653491,2.2280471821756227,0,0,1,sweing_team12,15,0,249255,val,1.0927397937785401,0.8542174078190286,0.19460623917250247,0.39748051090269754,0.31835044575563654,1.0780594608385328,0.6373918885152015,0.8698588973237311,-0.3632754778173688,0.663747223037126,-0.22888618729874646,1.207642908060418,-0.7363280996918251,1.6665776064368176,2.1233109827762298,2.083016404099255,1
2015-02-24,4,sweing,Tuesday,1,0.6,22.53,708.0,5040,0,0.0,0,1,42.0,0.268214286,0.26840792485881376,0.268214286,-1.0027151532676974,1,1,-0.33178571399999995,0,708.0,6.5638555265321274,0,,0,45,8,54,3,1.2246467991473532e-16,-1.0,0.0,8.525359754082631,3.114847754444153,3.7376696182833684,0.0,24.533523380320513,0.0,1.8641810918774966,0,1,1,sweing_team1,12,1,390330,val,-0.9856129740972022,0.7369133946318943,0.34965145055303015,0.8281595028893776,0.5589747712914931,-0.973454127137173,0.634855484476892,-0.980051246628074,-0.8054609123607256,-1.2861509192422065,3.393677892448722,-0.028538824941726233,-1.4377147039121636,1.6665776064368176,2.1233109827762298,2.167883854622705,1
2015-02-24,4,finishing,Tuesday,2,0.7,3.9,,960,0,0.0,0,0,8.0,0.325,0.32514619883040935,0.325,-0.7302211528174625,1,1,-0.37499999999999994,1,0.0,0.0,0,,0,45,8,54,3,1.2246467991473532e-16,-1.0,0.0,6.8679744089702925,1.3609765531356006,2.0794415416798357,0.0,0.0,0.0,2.0512820512820515,0,1,0,finishing_team2,4,0,402180,val,-0.9856129740972022,-1.1731446939116332,-0.8667014757335281,-1.110574592867282,-1.329301807783477,-0.973454127137173,-1.168065122270806,-0.980051246628074,-0.5780879275079841,-0.3112018481025408,-0.22888618729874646,-0.028538824941726233,-1.4377147039121636,1.6665776064368176,2.1233109827762298,2.167883854622705,1
2015-02-24,4,sweing,Tuesday,2,0.7,30.33,408.0,1680,30,0.0,0,1,59.0,0.700623,0.700455395154553,0.700623,0.8494673505216269,0,0,0.0006230000000000402,0,408.0,6.013715156042802,0,,0,45,8,54,3,1.2246467991473532e-16,-1.0,3.4339872044851463,7.427144133408616,3.41213732170049,4.07753744390572,20.651020897269376,24.521148725747853,14.002211408181312,1.9452687108473459,0,0,1,sweing_team2,16,1,403860,val,0.7304816282848566,0.5768245474231203,-0.4563275499490556,1.1567842159940684,0.9459929771454892,0.4887077300914666,0.6339460953367928,0.7861648629804329,-0.7069198144505267,-0.3112018481025408,3.393677892448722,-0.028538824941726233,-1.4377147039121636,1.6665776064368176,2.1233109827762298,2.167883854622705,1
2015-02-24,4,finishing,Tuesday,3,0.8,4.6,,1440,0,0.0,0,0,12.0,0.811388889,0.8111287479064326,0.811388889,1.4573612164787273,0,0,0.011388888999999902,1,0.0,0.0,0,,0,45,8,54,3,1.2246467991473532e-16,-1.0,0.0,7.273092595999522,1.5260563034950492,2.4849066497880004,0.0,0.0,0.0,2.608695652173913,0,1,0,finishing_team3,5,0,381150,val,-0.9856129740972022,-1.1731446939116332,-0.5693857707660099,-0.9280949784565565,-0.8675859087010354,-0.973454127137173,-1.168065122270806,-0.980051246628074,0.0993046130521891,0.663747223037126,-0.22888618729874646,-0.028538824941726233,-1.4377147039121636,1.6665776064368176,2.1233109827762298,2.167883854622705,1
2015-02-24,4,sweing,Tuesday,3,0.75,29.4,1172.0,5340,45,0.0,0,2,60.0,0.750176991,0.7499679876658313,0.750176991,1.0984415635058764,0,0,0.00017699100000001522,0,1172.0,7.067319848653476,0,,0,45,8,54,3,1.2246467991473532e-16,-1.0,3.828641396489095,8.58316818033977,3.380994674344636,4.0943445622221,27.058233334783743,28.936042591818676,15.675777082413555,2.0408163265306123,0,0,1,sweing_team3,17,1,386490,val,0.9277054058868384,0.883419681504578,0.3920769785989091,1.1223590471356752,0.9651317725418185,0.942359957935234,0.9583880030216853,0.9972657075648625,-0.5908063180654407,0.1762726874672926,7.01624197219619,-0.028538824941726233,-1.4377147039121636,1.6665776064368176,2.1233109827762298,2.167883854622705,1
2015-02-24,4,sweing,Tuesday,4,0.8,30.1,901.0,6480,50,0.0,0,1,59.0,0.800071839,0.799821152417711,0.800071839,1.3851769383299577,0,0,7.183899999996246e-05,0,901.0,6.804614520062624,0,,0,45,8,54,3,1.2246467991473532e-16,-1.0,3.9318256327243257,8.776630098427717,3.40452517175483,4.07753744390572,26.75455779079036,27.746070496899897,16.032166240341738,1.9601328903654485,0,0,1,sweing_team4,18,1,473700,val,0.9792705109119583,0.8069733862212404,0.5340584259944958,1.1483697243081041,0.9459929771454892,0.9208587062727075,0.8709392832383401,1.0422200546799745,-0.6888562359676913,0.663747223037126,3.393677892448722,-0.028538824941726233,-1.4377147039121636,1.6665776064368176,2.1233109827762298,2.167883854622705,1
2015-02-24,4,sweing,Tuesday,5,0.8,30.1,450.0,7140,50,0.0,0,0,60.0,0.800137255,0.7998865137677527,0.800137255,1.385585223033764,0,0,0.00013725499999994728,0,450.0,6.111467339502679,0,,0,45,8,54,3,1.2246467991473532e-16,-1.0,3.9318256327243257,8.87360810154911,3.40452517175483,4.0943445622221,24.02922393901417,25.02245306869076,16.098248898950313,1.9933554817275747,0,0,1,sweing_team5,19,0,384780,val,0.9792705109119583,0.605270077330902,0.6052304550159893,1.1483697243081041,0.9651317725418185,0.7278958873348763,0.6707859701535046,1.050555613456928,-0.6484827403608823,0.663747223037126,-0.22888618729874646,-0.028538824941726233,-1.4377147039121636,1.6665776064368176,2.1233109827762298,2.167883854622705,1
2015-02-24,4,finishing,Tuesday,6,0.75,2.9,,1800,0,0.0,0,0,15.0,0.726933333,0.7267437479264828,0.726933333,0.9781639294073149,1,0,-0.02306666700000004,1,0.0,0.0,0,,0,45,8,54,3,1.2246467991473532e-16,-1.0,0.0,7.496097345175956,1.0647107369924282,2.70805020110221,0.0,0.0,0.0,5.172413793103448,0,1,0,finishing_team6,8,0,252735,val,-0.9856129740972022,-1.1731446939116332,-0.40572287846610844,-1.4380676486489155,-0.6134853132140259,-0.973454127137173,-1.168065122270806,-0.980051246628074,3.2148431323596354,0.1762726874672926,-0.22888618729874646,-0.028538824941726233,-1.4377147039121636,1.6665776064368176,2.1233109827762298,2.167883854622705,1
2015-02-24,4,sweing,Tuesday,6,0.75,18.79,913.0,3360,45,0.0,0,0,33.0,0.75065101,0.7504416106599834,0.75065101,1.1009689342378093,0,0,0.0006510100000000074,0,913.0,6.81783057145415,0,,0,45,8,54,3,1.2246467991473532e-16,-1.0,3.828641396489095,8.119993827725105,2.933324813425374,3.4965075614664802,26.10302836011826,23.83859614588677,13.386873592967705,1.7562533262373603,0,0,1,sweing_team6,20,0,256095,val,0.9277054058868384,0.8108192091155672,0.05215393001810756,0.6275035398673704,0.28435593563553735,0.8747282274392565,0.5837866423979025,0.708547154577133,-0.9366192896356608,0.1762726874672926,-0.22888618729874646,-0.028538824941726233,-1.4377147039121636,1.6665776064368176,2.1233109827762298,2.167883854622705,1
2015-02-24,4,sweing,Tuesday,7,0.75,30.1,739.0,5640,45,0.0,0,1,59.0,0.750727326,0.7505178629039265,0.750727326,1.1013761343047201,0,0,0.0007273260000000281,0,739.0,6.606650186198215,0,,0,45,8,54,3,1.2246467991473532e-16,-1.0,3.828641396489095,8.637816633739977,3.40452517175483,4.07753744390572,25.294494395000875,26.938863513009917,15.61142865347177,1.9601328903654485,0,0,1,sweing_team7,21,1,379530,val,0.9277054058868384,0.7493664849705332,0.4321834067185993,1.1483697243081041,0.9459929771454892,0.8174812985852554,0.8116192221690324,0.9891489016895724,-0.6888562359676913,0.1762726874672926,3.393677892448722,-0.028538824941726233,-1.4377147039121636,1.6665776064368176,2.1233109827762298,2.167883854622705,1
2015-02-24,4,finishing,Tuesday,8,0.7,4.6,,960,0,0.0,0,0,8.0,0.791458333,0.7912148423291562,0.791458333,1.3322637698658892,0,0,0.09145833300000006,1,0.0,0.0,0,,0,45,8,54,3,1.2246467991473532e-16,-1.0,0.0,6.8679744089702925,1.5260563034950492,2.0794415416798357,0.0,0.0,0.0,1.7391304347826089,0,1,0,finishing_team8,10,0,365280,val,-0.9856129740972022,-1.1731446939116332,-0.8667014757335281,-0.9280949784565565,-1.329301807783477,-0.973454127137173,-1.168065122270806,-0.980051246628074,-0.9574277502216814,-0.3112018481025408,-0.22888618729874646,-0.028538824941726233,-1.4377147039121636,1.6665776064368176,2.1233109827762298,2.167883854622705,1
2015-02-24,4,sweing,Tuesday,8,0.7,29.4,1079.0,4560,40,0.0,0,2,58.0,0.700518519,0.7003510014402673,0.700518519,0.8489698551326831,0,0,0.0005185189999999951,0,1079.0,6.984716320118265,0,,0,45,8,54,3,1.2246467991473532e-16,-1.0,3.713572066704308,8.4252971767117,3.380994674344636,4.060443010546419,25.938247420244895,28.361042562673713,15.078747742409927,1.9727891156462587,0,0,1,sweing_team8,22,1,369840,val,0.870200865542169,0.8593823550912901,0.27621565654421004,1.1223590471356752,0.9265270070534614,0.8630611817140267,0.9161323764915983,0.9219574003636714,-0.6734758566889066,-0.3112018481025408,7.01624197219619,-0.028538824941726233,-1.4377147039121636,1.6665776064368176,2.1233109827762298,2.167883854622705,1
2015-02-24,4,finishing,Tuesday,9,0.7,2.9,,1800,0,0.0,0,0,15.0,0.726933333,0.7267437479264828,0.726933333,0.9781639294073149,0,0,0.026933333000000004,1,0.0,0.0,0,,0,45,8,54,3,1.2246467991473532e-16,-1.0,0.0,7.496097345175956,1.0647107369924282,2.70805020110221,0.0,0.0,0.0,5.172413793103448,0,1,0,finishing_team9,11,0,379380,val,-0.9856129740972022,-1.1731446939116332,-0.40572287846610844,-1.4380676486489155,-0.6134853132140259,-0.973454127137173,-1.168065122270806,-0.980051246628074,3.2148431323596354,-0.3112018481025408,-0.22888618729874646,-0.028538824941726233,-1.4377147039121636,1.6665776064368176,2.1233109827762298,2.167883854622705,1
2015-02-24,4,sweing,Tuesday,9,0.7,18.79,1068.0,3000,30,0.0,0,1,52.0,0.700256795,0.7000894960902256,0.700256795,0.8477240685794596,0,0,0.00025679500000008737,0,1068.0,6.974478911025045,0,,0,45,8,54,3,1.2246467991473532e-16,-1.0,3.4339872044851463,8.006700845440367,2.933324813425374,3.9512437185814275,23.9502713384115,27.557865987566345,13.56852037141093,2.7674294837679616,0,0,1,sweing_team9,23,1,382380,val,0.7304816282848566,0.8564033062738393,-0.030991640766719373,0.6275035398673704,0.8021783312721362,0.7223057772040259,0.8571085022738545,0.7314597829464959,0.2922046665928689,-0.3112018481025408,3.393677892448722,-0.028538824941726233,-1.4377147039121636,1.6665776064368176,2.1233109827762298,2.167883854622705,1
2015-02-24,4,finishing,Tuesday,10,0.7,2.9,,1800,0,0.0,0,0,15.0,0.902222222,0.9018861967518798,0.902222222,2.218360281855625,0,0,0.20222222200000006,1,0.0,0.0,0,,0,45,8,54,3,1.2246467991473532e-16,-1.0,0.0,7.496097345175956,1.0647107369924282,2.70805020110221,0.0,0.0,0.0,5.172413793103448,0,1,0,finishing_team10,1,0,374790,val,-0.9856129740972022,-1.1731446939116332,-0.40572287846610844,-1.4380676486489155,-0.6134853132140259,-0.973454127137173,-1.168065122270806,-0.980051246628074,3.2148431323596354,-0.3112018481025408,-0.22888618729874646,-0.028538824941726233,-1.4377147039121636,1.6665776064368176,2.1233109827762298,2.167883854622705,1
2015-02-24,4,sweing,Tuesday,10,0.7,21.25,1834.0,6360,0,0.0,0,1,53.0,0.471108491,0.4711326275989975,0.471108491,-0.11559804498942985,1,1,-0.22889150899999994,0,1834.0,7.51479976048867,0,,0,45,8,54,3,1.2246467991473532e-16,-1.0,0.0,8.757940876678804,3.056356895370426,3.970291913552122,0.0,29.835948721031592,0.0,2.4941176470588236,0,1,1,sweing_team10,13,1,381150,val,-0.9856129740972022,1.013634708573147,0.5203424307183535,0.7635035448625128,0.8238691112946817,-0.973454127137173,1.0245203428142637,-0.980051246628074,-0.03993541599095623,-0.3112018481025408,3.393677892448722,-0.028538824941726233,-1.4377147039121636,1.6665776064368176,2.1233109827762298,2.167883854622705,1
2015-02-24,4,finishing,Tuesday,11,0.7,2.9,,960,0,0.0,0,0,8.0,0.5046875,0.5046835839598997,0.5046875,0.018734883809270703,1,1,-0.1953125,1,0.0,0.0,0,,0,45,8,54,3,1.2246467991473532e-16,-1.0,0.0,6.8679744089702925,1.0647107369924282,2.0794415416798357,0.0,0.0,0.0,2.7586206896551726,0,1,0,finishing_team11,2,0,345600,val,-0.9856129740972022,-1.1731446939116332,-0.8667014757335281,-1.4380676486489155,-1.329301807783477,-0.973454127137173,-1.168065122270806,-0.980051246628074,0.28149984809940837,-0.3112018481025408,-0.22888618729874646,-0.028538824941726233,-1.4377147039121636,1.6665776064368176,2.1233109827762298,2.167883854622705,1
2015-02-24,4,sweing,Tuesday,11,0.75,11.61,698.0,3360,34,0.0,0,2,57.0,0.750437269,0.750228048223893,0.750437269,1.0998289159451486,0,0,0.0004372689999999624,0,698.0,6.54965074223381,0,,0,45,8,54,3,1.2246467991473532e-16,-1.0,3.5553480614894135,8.119993827725105,2.4518667957098,4.04305126783455,23.286288069833674,26.48057373726191,14.374454487597884,4.909560723514212,0,0,1,sweing_team11,14,1,348960,val,0.7911302851503994,0.732779854057251,0.05215393001810756,0.09529851025962122,0.9067224814303124,0.6752935246872086,0.7779404036907764,0.8331189978945567,2.8954129851256867,0.1762726874672926,7.01624197219619,-0.028538824941726233,-1.4377147039121636,1.6665776064368176,2.1233109827762298,2.167883854622705,1
2015-02-24,4,sweing,Tuesday,12,0.8,15.26,1062.0,4080,50,0.0,0,0,34.0,0.800401961,0.8001509986265665,0.800401961,1.387238369876064,0,0,0.00040196100000000623,0,1062.0,6.968850378341948,0,,0,45,8,54,3,1.2246467991473532e-16,-1.0,3.9318256327243257,8.314097335405807,2.725235025856311,3.5263605246161616,27.400304548185485,24.574678876141448,13.865034700913025,2.2280471821756227,0,0,1,sweing_team12,15,0,253335,val,0.9792705109119583,0.8547654237314029,0.19460623917250247,0.39748051090269754,0.31835044575563654,0.9665797523550865,0.6378799212993665,0.7688616168589856,-0.3632754778173688,0.663747223037126,-0.22888618729874646,-0.028538824941726233,-1.4377147039121636,1.6665776064368176,2.1233109827762298,2.167883854622705,1
2015-02-25,4,sweing,Wednesday,1,0.65,22.53,762.0,5040,0,0.0,0,1,42.0,0.581130952,0.5810631734269005,0.581130952,0.32713934652017584,1,1,-0.06886904800000004,0,762.0,6.637258031284457,0,,0,46,8,55,4,-0.8660254037844384,-0.5000000000000004,0.0,8.525359754082631,3.114847754444153,3.7376696182833684,0.0,24.8078776922392,0.0,1.8641810918774966,0,1,1,sweing_team1,12,1,395370,val,-0.9856129740972022,0.7582732565841903,0.34965145055303015,0.8281595028893776,0.5589747712914931,-0.973454127137173,0.6550172457877462,-0.980051246628074,-0.8054609123607256,-0.7986763836723731,3.393677892448722,-1.2647205579438705,-0.736328099691826,1.6665776064368176,2.1233109827762298,2.2527513051461545,1
2015-02-25,4,finishing,Wednesday,2,0.7,3.9,,960,0,0.0,0,0,8.0,0.440375,0.44042481203007516,0.440375,-0.23943815992016665,1,1,-0.25962499999999994,1,0.0,0.0,0,,0,46,8,55,4,-0.8660254037844384,-0.5000000000000004,0.0,6.8679744089702925,1.3609765531356006,2.0794415416798357,0.0,0.0,0.0,2.0512820512820515,0,1,0,finishing_team2,4,0,404820,val,-0.9856129740972022,-1.1731446939116332,-0.8667014757335281,-1.110574592867282,-1.329301807783477,-0.973454127137173,-1.168065122270806,-0.980051246628074,-0.5780879275079841,-0.3112018481025408,-0.22888618729874646,-1.2647205579438705,-0.736328099691826,1.6665776064368176,2.1233109827762298,2.2527513051461545,1
2015-02-25,4,sweing,Wednesday,2,0.7,30.33,361.0,3960,30,0.0,0,1,58.0,0.700069811,0.6999026683007519,0.700069811,0.8468344190563286,0,0,6.981100000003071e-05,0,361.0,5.891644211825771,0,,0,46,8,55,4,-0.8660254037844384,-0.5000000000000004,3.4339872044851463,8.284251797621916,3.41213732170049,4.060443010546419,20.23183083678867,23.922685560534216,13.94350934275755,1.9122980547312893,0,0,1,sweing_team2,16,1,408780,val,0.7304816282848566,0.5413023465709828,0.1727026382223141,1.1567842159940684,0.9265270070534614,0.45902766146854934,0.5899662088681162,0.7787602801901629,-0.7469871477101687,-0.3112018481025408,3.393677892448722,-1.2647205579438705,-0.736328099691826,1.6665776064368176,2.1233109827762298,2.2527513051461545,1
2015-02-25,4,finishing,Wednesday,3,0.8,4.6,,2400,0,0.0,0,0,20.0,0.900833333,0.9004984680601503,0.900833333,2.202775422977869,0,0,0.10083333299999997,1,0.0,0.0,0,,0,46,8,55,4,-0.8660254037844384,-0.5000000000000004,0.0,7.783640596221253,1.5260563034950492,2.995732273553991,0.0,0.0,0.0,4.347826086956522,0,1,0,finishing_team3,5,0,388890,val,-0.9856129740972022,-1.1731446939116332,-0.19469526447499352,-0.9280949784565565,-0.28589266941854513,-0.973454127137173,-1.168065122270806,-0.980051246628074,2.212769339599931,0.663747223037126,-0.22888618729874646,-1.2647205579438705,-0.736328099691826,1.6665776064368176,2.1233109827762298,2.2527513051461545,1
2015-02-25,4,sweing,Wednesday,3,0.75,29.4,1283.0,6960,45,0.0,0,2,58.0,0.750206897,0.7499978686817043,0.750206897,1.0986009216695012,0,0,0.00020689699999998368,0,1283.0,7.157735484249907,0,,0,46,8,55,4,-0.8660254037844384,-0.5000000000000004,3.828641396489095,8.848078421168667,3.380994674344636,4.060443010546419,27.40440238011811,29.063577018362622,15.545980198262827,1.9727891156462587,0,0,1,sweing_team3,17,1,395850,val,0.9277054058868384,0.9097303026636954,0.5864942561413656,1.1223590471356752,0.9265270070534614,0.9668698926623878,0.967760258368843,0.9808933402950712,-0.6734758566889066,0.1762726874672926,7.01624197219619,-1.2647205579438705,-0.736328099691826,1.6665776064368176,2.1233109827762298,2.2527513051461545,1
2015-02-25,4,sweing,Wednesday,4,0.8,30.1,323.0,4080,50,0.0,0,1,59.0,0.800808642,0.8005573398763576,0.800808642,1.3897813828572416,0,0,0.0008086419999999706,0,323.0,5.780743515792329,0,,0,46,8,55,4,-0.8660254037844384,-0.5000000000000004,3.9318256327243257,8.314097335405807,3.40452517175483,4.07753744390572,22.728875531597218,23.571198139258417,16.032166240341738,1.9601328903654485,0,0,1,sweing_team4,18,1,477780,val,0.9792705109119583,0.5090306473192937,0.19460623917250247,1.1483697243081041,0.9459929771454892,0.6358268389381223,0.5641360863452718,1.0422200546799745,-0.6888562359676913,0.663747223037126,3.393677892448722,-1.2647205579438705,-0.736328099691826,1.6665776064368176,2.1233109827762298,2.2527513051461545,1
2015-02-25,4,finishing,Wednesday,5,0.8,4.6,,1080,0,0.0,0,0,9.0,0.902962963,0.9026263189206349,0.902962963,2.2267526866328193,0,0,0.10296296299999996,1,0.0,0.0,0,,0,46,8,55,4,-0.8660254037844384,-0.5000000000000004,0.0,6.985641817639208,1.5260563034950492,2.1972245773362196,0.0,0.0,0.0,1.956521739130435,0,1,0,finishing_team5,7,0,385860,val,-0.9856129740972022,-1.1731446939116332,-0.7803455191751631,-0.9280949784565565,-1.1951785524965162,-0.973454127137173,-1.168065122270806,-0.980051246628074,-0.6932446594032137,0.663747223037126,-0.22888618729874646,-1.2647205579438705,-0.736328099691826,1.6665776064368176,2.1233109827762298,2.2527513051461545,1
2015-02-25,4,sweing,Wednesday,5,0.8,30.1,15.0,1200,49,0.0,0,1,59.0,0.598792339,0.5987098057176273,0.598792339,0.4000921740526896,1,1,-0.2012076610000001,0,15.0,2.772588722239781,0,,0,46,8,55,4,-0.8660254037844384,-0.5000000000000004,3.912023005428146,7.0909098220799835,3.40452517175483,4.07753744390572,10.846430865992652,11.305334331483422,15.951420286053853,1.9601328903654485,0,0,1,sweing_team5,19,1,387060,val,0.9693743814879545,-0.36633145835027964,-0.7030894690818731,1.1483697243081041,0.9459929771454892,-0.20549027788171667,-0.337258233409766,1.032034891701672,-0.6888562359676913,0.663747223037126,3.393677892448722,-1.2647205579438705,-0.736328099691826,1.6665776064368176,2.1233109827762298,2.2527513051461545,1
2015-02-25,4,finishing,Wednesday,6,0.75,2.9,,960,0,0.0,0,0,8.0,0.410833333,0.4109078247852966,0.410833333,-0.3602137470814204,1,1,-0.339166667,1,0.0,0.0,0,,0,46,8,55,4,-0.8660254037844384,-0.5000000000000004,0.0,6.8679744089702925,1.0647107369924282,2.0794415416798357,0.0,0.0,0.0,2.7586206896551726,0,1,0,finishing_team6,8,0,257055,val,-0.9856129740972022,-1.1731446939116332,-0.8667014757335281,-1.4380676486489155,-1.329301807783477,-0.973454127137173,-1.168065122270806,-0.980051246628074,0.28149984809940837,0.1762726874672926,-0.22888618729874646,-1.2647205579438705,-0.736328099691826,1.6665776064368176,2.1233109827762298,2.2527513051461545,1
2015-02-25,4,sweing,Wednesday,6,0.75,18.79,1003.0,3960,45,0.0,0,1,33.0,0.75065101,0.7504416106599834,0.75065101,1.1009689342378093,0,0,0.0006510100000000074,0,1003.0,6.911747300251674,0,,0,46,8,55,4,-0.8660254037844384,-0.5000000000000004,3.828641396489095,8.284251797621916,2.933324813425374,3.4965075614664802,26.462601835815303,24.16697669827551,13.386873592967705,1.7562533262373603,0,0,1,sweing_team6,20,1,261015,val,0.9277054058868384,0.838148635664362,0.1727026382223141,0.6275035398673704,0.28435593563553735,0.9001872409984779,0.6079186863599106,0.708547154577133,-0.9366192896356608,0.1762726874672926,3.393677892448722,-1.2647205579438705,-0.736328099691826,1.6665776064368176,2.1233109827762298,2.2527513051461545,1
2015-02-25,4,finishing,Wednesday,7,0.75,4.6,,960,0,0.0,0,0,8.0,0.676666667,0.6765190757994987,0.676666667,0.737820499715635,1,1,-0.073333333,1,0.0,0.0,0,,0,46,8,55,4,-0.8660254037844384,-0.5000000000000004,0.0,6.8679744089702925,1.5260563034950492,2.0794415416798357,0.0,0.0,0.0,1.7391304347826089,0,1,0,finishing_team7,9,0,380490,val,-0.9856129740972022,-1.1731446939116332,-0.8667014757335281,-0.9280949784565565,-1.329301807783477,-0.973454127137173,-1.168065122270806,-0.980051246628074,-0.9574277502216814,0.1762726874672926,-0.22888618729874646,-1.2647205579438705,-0.736328099691826,1.6665776064368176,2.1233109827762298,2.2527513051461545,1
2015-02-25,4,sweing,Wednesday,7,0.8,30.1,786.0,7080,50,0.0,0,2,59.0,0.800115819,0.7998650956758563,0.800115819,1.3854514222617493,0,0,0.00011581899999990597,0,786.0,6.668228248417403,0,,0,46,8,55,4,-0.8660254037844384,-0.5000000000000004,3.9318256327243257,8.865170419651774,3.40452517175483,4.07753744390572,26.218310751983978,27.189950367431813,16.032166240341738,1.9601328903654485,0,0,1,sweing_team7,21,1,387570,val,0.9792705109119583,0.7672854771456606,0.5990380513621463,1.1483697243081041,0.9459929771454892,0.8828906091943604,0.8300711035764873,1.0422200546799745,-0.6888562359676913,0.663747223037126,7.01624197219619,-1.2647205579438705,-0.736328099691826,1.6665776064368176,2.1233109827762298,2.2527513051461545,1
2015-02-25,4,finishing,Wednesday,8,0.7,4.6,,960,0,0.0,0,0,8.0,0.658541667,0.6584092178212197,0.658541667,0.6562131723046751,1,1,-0.0414583329999999,1,0.0,0.0,0,,0,46,8,55,4,-0.8660254037844384,-0.5000000000000004,0.0,6.8679744089702925,1.5260563034950492,2.0794415416798357,0.0,0.0,0.0,1.7391304347826089,0,1,0,finishing_team8,10,0,370800,val,-0.9856129740972022,-1.1731446939116332,-0.8667014757335281,-0.9280949784565565,-1.329301807783477,-0.973454127137173,-1.168065122270806,-0.980051246628074,-0.9574277502216814,-0.3112018481025408,-0.22888618729874646,-1.2647205579438705,-0.736328099691826,1.6665776064368176,2.1233109827762298,2.2527513051461545,1
2015-02-25,4,sweing,Wednesday,8,0.7,29.4,847.0,6960,30,0.0,0,1,58.0,0.700362069,0.7001946821420217,0.700362069,0.8482250901919031,0,0,0.0003620690000000204,0,847.0,6.742880635791903,0,,0,46,8,55,4,-0.8660254037844384,-0.5000000000000004,3.4339872044851463,8.848078421168667,3.380994674344636,4.060443010546419,23.154965824680062,27.379082548550027,13.94350934275755,1.9727891156462587,0,0,1,sweing_team8,22,1,377760,val,0.7304816282848566,0.7890090503957689,0.5864942561413656,1.1223590471356752,0.9265270070534614,0.6659954672776289,0.8439700573244308,0.7787602801901629,-0.6734758566889066,-0.3112018481025408,3.393677892448722,-1.2647205579438705,-0.736328099691826,1.6665776064368176,2.1233109827762298,2.2527513051461545,1
2015-02-25,4,finishing,Wednesday,9,0.7,2.9,,960,0,0.0,0,0,8.0,0.410833333,0.4109078247852966,0.410833333,-0.3602137470814204,1,1,-0.28916666699999993,1,0.0,0.0,0,,0,46,8,55,4,-0.8660254037844384,-0.5000000000000004,0.0,6.8679744089702925,1.0647107369924282,2.0794415416798357,0.0,0.0,0.0,2.7586206896551726,0,1,0,finishing_team9,11,0,383340,val,-0.9856129740972022,-1.1731446939116332,-0.8667014757335281,-1.4380676486489155,-1.329301807783477,-0.973454127137173,-1.168065122270806,-0.980051246628074,0.28149984809940837,-0.3112018481025408,-0.22888618729874646,-1.2647205579438705,-0.736328099691826,1.6665776064368176,2.1233109827762298,2.2527513051461545,1
2015-02-25,4,sweing,Wednesday,9,0.75,18.79,1085.0,6240,56,0.0,0,1,52.0,0.970816667,0.9704233364511279,0.970816667,3.49074674885577,0,0,0.22081666700000002,0,1085.0,6.990256500493881,0,,0,46,8,55,4,-0.8660254037844384,-0.5000000000000004,4.04305126783455,8.738895704934043,2.933324813425374,3.9512437185814275,28.26196540681049,27.620207088849437,15.975080925933943,2.7674294837679616,0,0,1,sweing_team9,23,1,389580,val,1.0348542101784763,0.8609945274335454,0.506365204208124,0.6275035398673704,0.8021783312721362,1.0275882442652833,0.8616898277691069,1.0350194062259597,0.2922046665928689,0.1762726874672926,3.393677892448722,-1.2647205579438705,-0.736328099691826,1.6665776064368176,2.1233109827762298,2.2527513051461545,1
2015-02-25,4,finishing,Wednesday,10,0.7,2.9,,1200,0,0.0,0,0,10.0,0.845833333,0.8455444162639932,0.845833333,1.7000741284034946,0,0,0.145833333,1,0.0,0.0,0,,0,46,8,55,4,-0.8660254037844384,-0.5000000000000004,0.0,7.0909098220799835,1.0647107369924282,2.302585092994046,0.0,0.0,0.0,3.4482758620689657,0,1,0,finishing_team10,1,0,382350,val,-0.9856129740972022,-1.1731446939116332,-0.7030894690818731,-1.4380676486489155,-1.0752012122964671,-0.973454127137173,-1.168065122270806,-0.980051246628074,1.1195979293166163,-0.3112018481025408,-0.22888618729874646,-1.2647205579438705,-0.736328099691826,1.6665776064368176,2.1233109827762298,2.2527513051461545,1
2015-02-25,4,sweing,Wednesday,10,0.7,21.82,1653.0,6240,0,0.0,0,2,52.0,0.700058333,0.6998911998897244,0.700058333,0.8467798182914826,0,0,5.8333000000021507e-05,0,1653.0,7.4109518755836366,0,,0,46,8,55,4,-0.8660254037844384,-0.5000000000000004,0.0,8.738895704934043,3.0828269804049246,3.9512437185814275,0.0,29.282477047109094,0.0,2.383134738771769,0,1,1,sweing_team10,13,1,388590,val,-0.9856129740972022,0.9834153517120441,0.506365204208124,0.7927636503569598,0.8021783312721362,-0.973454127137173,0.9838467929658774,-0.980051246628074,-0.17480653159172038,-0.3112018481025408,7.01624197219619,-1.2647205579438705,-0.736328099691826,1.6665776064368176,2.1233109827762298,2.2527513051461545,1
2015-02-25,4,sweing,Wednesday,11,0.75,11.61,635.0,3360,45,0.0,0,0,57.0,0.750503571,0.750294294833751,0.750503571,1.1001824775685711,0,0,0.0005035709999999805,0,635.0,6.455198563340122,0,,0,46,8,55,4,-0.8660254037844384,-0.5000000000000004,3.828641396489095,8.119993827725105,2.4518667957098,4.04305126783455,24.714640442160928,26.09869873563605,15.479393452159078,4.909560723514212,0,0,1,sweing_team11,14,0,352320,val,0.9277054058868384,0.7052946134776547,0.05215393001810756,0.09529851025962122,0.9067224814303124,0.7764256850723209,0.7498771573742956,0.9724941967436365,2.8954129851256867,0.1762726874672926,-0.22888618729874646,-1.2647205579438705,-0.736328099691826,1.6665776064368176,2.1233109827762298,2.2527513051461545,1
2015-02-25,4,finishing,Wednesday,12,0.8,4.6,,1800,0,0.0,0,0,15.0,0.899555556,0.8992217585430243,0.899555556,2.1886072027399153,0,0,0.09955555599999999,1,0.0,0.0,0,,0,46,8,55,4,-0.8660254037844384,-0.5000000000000004,0.0,7.496097345175956,1.5260563034950492,2.70805020110221,0.0,0.0,0.0,3.2608695652173916,0,1,0,finishing_team12,3,0,255135,val,-0.9856129740972022,-1.1731446939116332,-0.40572287846610844,-0.9280949784565565,-0.6134853132140259,-0.973454127137173,-1.168065122270806,-0.980051246628074,0.8918538855075924,0.663747223037126,-0.22888618729874646,-1.2647205579438705,-0.736328099691826,1.6665776064368176,2.1233109827762298,2.2527513051461545,1
2015-02-25,4,sweing,Wednesday,12,0.8,15.26,1053.0,4080,50,0.0,0,0,34.0,0.800401961,0.8001509986265665,0.800401961,1.387238369876064,0,0,0.00040196100000000623,0,1053.0,6.960347729101308,0,,0,46,8,55,4,-0.8660254037844384,-0.5000000000000004,3.9318256327243257,8.314097335405807,2.725235025856311,3.5263605246161616,27.36687361395507,24.544695469504596,13.865034700913025,2.2280471821756227,0,0,1,sweing_team12,15,0,259215,val,0.9792705109119583,0.8522911837225413,0.19460623917250247,0.39748051090269754,0.31835044575563654,0.9642127295756125,0.6356764994407094,0.7688616168589856,-0.3632754778173688,0.663747223037126,-0.22888618729874646,-1.2647205579438705,-0.736328099691826,1.6665776064368176,2.1233109827762298,2.2527513051461545,1
2015-02-26,4,finishing,Thursday,1,0.5,3.94,,3360,0,0.0,0,0,8.0,0.768847222,0.7686226211461988,0.768847222,1.2005500571029686,0,0,0.268847222,1,0.0,0.0,0,,0,47,8,56,5,-0.8660254037844386,0.5000000000000001,0.0,8.119993827725105,1.3711807233098425,2.0794415416798357,0.0,0.0,0.0,2.030456852791878,0,1,0,finishing_team1,0,0,398730,val,-0.9856129740972022,-1.1731446939116332,0.05215393001810756,-1.0992948748235933,-1.329301807783477,-0.973454127137173,-1.168065122270806,-0.980051246628074,-0.6033955879065779,-2.2610999903818723,-0.22888618729874646,-1.2647205579438707,0.6664451087488514,1.6665776064368176,2.1233109827762298,2.3376187556696046,1
2015-02-26,4,sweing,Thursday,1,0.35,26.66,1164.0,6600,23,0.0,0,2,55.0,0.378895152,0.37899632564076857,0.378895152,-0.4938104886023449,0,1,0.028895152000000035,0,1164.0,7.060476365999801,0,,0,47,8,56,5,-0.8660254037844386,0.5000000000000001,3.1780538303479458,8.79497643168877,3.2831643147505627,4.007333185232471,22.43857395904681,28.293681245020565,12.735520578808488,2.0630157539384846,0,0,1,sweing_team1,12,1,405330,val,0.6025819432328481,0.881428252938909,0.547522775860096,1.0142170960028583,0.8660491749180281,0.6152725095135259,0.9111821251228138,0.6263865477191417,-0.5638286366691859,-3.7235235970913716,7.01624197219619,-1.2647205579438707,0.6664451087488514,1.6665776064368176,2.1233109827762298,2.3376187556696046,1
2015-02-26,4,finishing,Thursday,2,0.7,3.9,,960,0,0.0,0,0,8.0,0.5565625,0.5565152464494569,0.5565625,0.22703114377926076,1,1,-0.1434375,1,0.0,0.0,0,,0,47,8,56,5,-0.8660254037844386,0.5000000000000001,0.0,6.8679744089702925,1.3609765531356006,2.0794415416798357,0.0,0.0,0.0,2.0512820512820515,0,1,0,finishing_team2,4,0,409740,val,-0.9856129740972022,-1.1731446939116332,-0.8667014757335281,-1.110574592867282,-1.329301807783477,-0.973454127137173,-1.168065122270806,-0.980051246628074,-0.5780879275079841,-0.3112018481025408,-0.22888618729874646,-1.2647205579438707,0.6664451087488514,1.6665776064368176,2.1233109827762298,2.3376187556696046,1
2015-02-26,4,sweing,Thursday,2,0.7,30.33,398.0,6960,0,0.0,0,1,58.0,0.66237931,0.662243654770259,0.66237931,0.6733087833569845,1,1,-0.0376206899999999,0,398.0,5.988961416889864,0,,0,47,8,56,5,-0.8660254037844386,0.5000000000000001,0.0,8.848078421168667,3.41213732170049,4.060443010546419,0.0,24.317836525642626,0.0,1.9122980547312893,0,1,1,sweing_team2,16,1,416700,val,-0.9856129740972022,0.5696212993474049,0.5864942561413656,1.1567842159940684,0.9265270070534614,-0.973454127137173,0.6190050797520946,-0.980051246628074,-0.7469871477101687,-0.3112018481025408,3.393677892448722,-1.2647205579438707,0.6664451087488514,1.6665776064368176,2.1233109827762298,2.3376187556696046,1
2015-02-26,4,finishing,Thursday,3,0.8,4.6,,6300,0,0.0,0,0,15.0,0.921703704,0.9213514034954051,0.921703704,2.460851724561814,0,0,0.12170370399999997,1,0.0,0.0,0,,0,47,8,56,5,-0.8660254037844386,0.5000000000000001,0.0,8.748463629942055,1.5260563034950492,2.70805020110221,0.0,0.0,0.0,3.2608695652173916,0,1,0,finishing_team3,5,0,402150,val,-0.9856129740972022,-1.1731446939116332,0.5133870917952844,-0.9280949784565565,-0.6134853132140259,-0.973454127137173,-1.168065122270806,-0.980051246628074,0.8918538855075924,0.663747223037126,-0.22888618729874646,-1.2647205579438707,0.6664451087488514,1.6665776064368176,2.1233109827762298,2.3376187556696046,1
2015-02-26,4,sweing,Thursday,3,0.75,29.4,1244.0,6840,45,0.0,0,2,57.0,0.750473684,0.750264432802005,0.750473684,1.1000230945972098,0,0,0.00047368400000002975,0,1244.0,7.126890808898808,0,,0,47,8,56,5,-0.8660254037844386,0.5000000000000001,3.828641396489095,8.830689198760998,3.380994674344636,4.04305126783455,27.286309179207628,28.81438492063673,15.479393452159078,1.9387755102040818,0,0,1,sweing_team3,17,1,408990,val,0.9277054058868384,0.9007546143042059,0.5737323286730242,1.1223590471356752,0.9067224814303124,0.9585084961566984,0.9494476189218292,0.9724941967436365,-0.7148106260006397,0.1762726874672926,7.01624197219619,-1.2647205579438707,0.6664451087488514,1.6665776064368176,2.1233109827762298,2.3376187556696046,1
2015-02-26,4,sweing,Thursday,4,0.8,30.1,437.0,7080,32,0.0,0,2,59.0,0.495617514,0.4956211752247285,0.495617514,-0.017515746908638476,1,1,-0.30438248600000006,0,437.0,6.082218910376446,0,,0,47,8,56,5,-0.8660254037844386,0.5000000000000001,3.4965075614664802,8.865170419651774,3.40452517175483,4.07753744390572,21.26652441062566,24.800475349091407,14.257140504779052,1.9601328903654485,0,0,1,sweing_team4,18,1,484860,val,0.7617254392735912,0.5967588908180466,0.5990380513621463,1.1483697243081041,0.9459929771454892,0.5322874525999445,0.6544732620805354,0.8183212034393258,-0.6888562359676913,0.663747223037126,7.01624197219619,-1.2647205579438707,0.6664451087488514,1.6665776064368176,2.1233109827762298,2.3376187556696046,1
2015-02-26,4,finishing,Thursday,5,0.8,4.6,,7560,0,0.0,0,0,18.0,0.921604938,0.9212527200066833,0.921604938,2.4594906586747953,0,0,0.12160493799999994,1,0.0,0.0,0,,0,47,8,56,5,-0.8660254037844386,0.5000000000000001,0.0,8.93075873555827,1.5260563034950492,2.8903717578961645,0.0,0.0,0.0,3.91304347826087,0,1,0,finishing_team5,7,0,394620,val,-0.9856129740972022,-1.1731446939116332,0.6471732301956877,-0.9280949784565565,-0.40587000961859426,-0.973454127137173,-1.168065122270806,-0.980051246628074,1.6844031579629957,0.663747223037126,-0.22888618729874646,-1.2647205579438707,0.6664451087488514,1.6665776064368176,2.1233109827762298,2.3376187556696046,1
2015-02-26,4,sweing,Thursday,5,0.35,27.48,413.0,6840,38,0.0,0,1,57.0,0.449964912,0.4500067124076859,0.449964912,-0.20064357465979143,0,1,0.09996491200000002,0,413.0,6.025865973825314,0,,0,47,8,56,5,-0.8660254037844386,0.5000000000000001,3.6635616461296463,8.830689198760998,3.3134584673541485,4.04305126783455,22.07613146642409,24.362885065275513,14.811967558174498,2.074235807860262,0,0,1,sweing_team5,19,1,401460,val,0.8452087477209552,0.5803603912109813,0.5737323286730242,1.0477043364061487,0.9067224814303124,0.5896103598896355,0.6223156087433431,0.8883061830391257,-0.5501935534578427,-3.7235235970913716,3.393677892448722,-1.2647205579438707,0.6664451087488514,1.6665776064368176,2.1233109827762298,2.3376187556696046,1
2015-02-26,4,finishing,Thursday,6,0.75,2.9,,3360,0,0.0,0,0,8.0,0.271875,0.2720655806182122,0.271875,-0.9841678184233481,1,1,-0.478125,1,0.0,0.0,0,,0,47,8,56,5,-0.8660254037844386,0.5000000000000001,0.0,8.119993827725105,1.0647107369924282,2.0794415416798357,0.0,0.0,0.0,2.7586206896551726,0,1,0,finishing_team6,8,0,264375,val,-0.9856129740972022,-1.1731446939116332,0.05215393001810756,-1.4380676486489155,-1.329301807783477,-0.973454127137173,-1.168065122270806,-0.980051246628074,0.28149984809940837,0.1762726874672926,-0.22888618729874646,-1.2647205579438707,0.6664451087488514,1.6665776064368176,2.1233109827762298,2.3376187556696046,1
2015-02-26,4,sweing,Thursday,6,0.75,18.79,912.0,3960,45,0.0,0,0,33.0,0.75065101,0.7504416106599834,0.75065101,1.1009689342378093,0,0,0.0006510100000000074,0,912.0,6.816735880594968,0,,0,47,8,56,5,-0.8660254037844386,0.5000000000000001,3.828641396489095,8.284251797621916,2.933324813425374,3.4965075614664802,26.09883718137844,23.834768551020172,13.386873592967705,1.7562533262373603,0,0,1,sweing_team6,20,0,268335,val,0.9277054058868384,0.8105006580564248,0.1727026382223141,0.6275035398673704,0.28435593563553735,0.8744314778635005,0.5835053599440009,0.708547154577133,-0.9366192896356608,0.1762726874672926,-0.22888618729874646,-1.2647205579438707,0.6664451087488514,1.6665776064368176,2.1233109827762298,2.3376187556696046,1
2015-02-26,4,sweing,Thursday,7,0.8,30.1,694.0,4080,50,0.0,0,1,59.0,0.800808642,0.8005573398763576,0.800808642,1.3897813828572416,0,0,0.0008086419999999706,0,694.0,6.543911845564792,0,,0,47,8,56,5,-0.8660254037844386,0.5000000000000001,3.9318256327243257,8.314097335405807,3.40452517175483,4.07753744390572,25.72952033268,26.683045579908622,16.032166240341738,1.9601328903654485,0,0,1,sweing_team7,21,1,391650,val,0.9792705109119583,0.731109855996254,0.19460623917250247,1.1483697243081041,0.9459929771454892,0.8482826006682748,0.79281966305092,1.0422200546799745,-0.6888562359676913,0.663747223037126,3.393677892448722,-1.2647205579438707,0.6664451087488514,1.6665776064368176,2.1233109827762298,2.3376187556696046,1
2015-02-26,4,finishing,Thursday,8,0.75,4.6,,3360,0,0.0,0,0,8.0,0.376597222,0.3767003153817878,0.376597222,-0.5035774859071953,1,1,-0.373402778,1,0.0,0.0,0,,0,47,8,56,5,-0.8660254037844386,0.5000000000000001,0.0,8.119993827725105,1.5260563034950492,2.0794415416798357,0.0,0.0,0.0,1.7391304347826089,0,1,0,finishing_team8,10,0,381120,val,-0.9856129740972022,-1.1731446939116332,0.05215393001810756,-0.9280949784565565,-1.329301807783477,-0.973454127137173,-1.168065122270806,-0.980051246628074,-0.9574277502216814,0.1762726874672926,-0.22888618729874646,-1.2647205579438707,0.6664451087488514,1.6665776064368176,2.1233109827762298,2.3376187556696046,1
2015-02-26,4,sweing,Thursday,8,0.75,29.4,916.0,6960,56,0.0,0,2,58.0,0.750206897,0.7499978686817043,0.750206897,1.0986009216695012,0,0,0.00020689699999998368,0,916.0,6.821107472256465,0,,0,47,8,56,5,-0.8660254037844386,0.5000000000000001,4.04305126783455,8.848078421168667,3.380994674344636,4.060443010546419,27.578087213742222,27.696718159909715,16.416579261759637,1.9727891156462587,0,0,1,sweing_team8,22,1,388080,val,1.0348542101784763,0.8117727753324828,0.5864942561413656,1.1223590471356752,0.9265270070534614,0.9791673640642912,0.8673124766043557,1.0907092862291332,-0.6734758566889066,0.1762726874672926,7.01624197219619,-1.2647205579438707,0.6664451087488514,1.6665776064368176,2.1233109827762298,2.3376187556696046,1
2015-02-26,4,finishing,Thursday,9,0.75,2.9,,960,0,0.0,0,0,8.0,0.4078125,0.40788951545530494,0.4078125,-0.3726969044896274,1,1,-0.3421875,1,0.0,0.0,0,,0,47,8,56,5,-0.8660254037844386,0.5000000000000001,0.0,6.8679744089702925,1.0647107369924282,2.0794415416798357,0.0,0.0,0.0,2.7586206896551726,0,1,0,finishing_team9,11,0,390540,val,-0.9856129740972022,-1.1731446939116332,-0.8667014757335281,-1.4380676486489155,-1.329301807783477,-0.973454127137173,-1.168065122270806,-0.980051246628074,0.28149984809940837,0.1762726874672926,-0.22888618729874646,-1.2647205579438707,0.6664451087488514,1.6665776064368176,2.1233109827762298,2.3376187556696046,1
2015-02-26,4,sweing,Thursday,9,0.75,18.79,1020.0,5640,45,0.0,0,1,52.0,0.750371895,0.7501627288387636,0.750371895,1.0994803642105822,0,0,0.00037189500000001097,0,1020.0,6.928537818164665,0,,0,47,8,56,5,-0.8660254037844386,0.5000000000000001,3.828641396489095,8.637816633739977,2.933324813425374,3.9512437185814275,26.52688670776547,27.376341532977,15.127895268578362,2.7674294837679616,0,0,1,sweing_team9,23,1,396180,val,0.9277054058868384,0.8430346153177697,0.4321834067185993,0.6275035398673704,0.8021783312721362,0.9047388265220194,0.8437686254557417,0.9281567891556,0.2922046665928689,0.1762726874672926,3.393677892448722,-1.2647205579438707,0.6664451087488514,1.6665776064368176,2.1233109827762298,2.3376187556696046,1
2015-02-26,4,finishing,Thursday,10,0.7,2.9,,3360,0,0.0,0,0,8.0,0.410833333,0.4109078247852966,0.410833333,-0.3602137470814204,1,1,-0.28916666699999993,1,0.0,0.0,0,,0,47,8,56,5,-0.8660254037844386,0.5000000000000001,0.0,8.119993827725105,1.0647107369924282,2.0794415416798357,0.0,0.0,0.0,2.7586206896551726,0,1,0,finishing_team10,1,0,391950,val,-0.9856129740972022,-1.1731446939116332,0.05215393001810756,-1.4380676486489155,-1.329301807783477,-0.973454127137173,-1.168065122270806,-0.980051246628074,0.28149984809940837,-0.3112018481025408,-0.22888618729874646,-1.2647205579438707,0.6664451087488514,1.6665776064368176,2.1233109827762298,2.3376187556696046,1
2015-02-26,4,sweing,Thursday,10,0.7,21.82,1591.0,3240,0,0.0,0,1,52.0,0.700251773,0.7000844782857143,0.700251773,0.8477001703117002,0,0,0.0002517730000000107,0,1591.0,7.3727463664043285,0,,0,47,8,56,5,-0.8660254037844386,0.5000000000000001,0.0,8.083637203141548,3.0828269804049246,3.9512437185814275,0.0,29.13151776894915,0.0,2.383134738771769,0,1,1,sweing_team10,13,1,395190,val,-0.9856129740972022,0.9722976874764608,0.025471851023910256,0.7927636503569598,0.8021783312721362,-0.973454127137173,0.9727530911296121,-0.980051246628074,-0.17480653159172038,-0.3112018481025408,3.393677892448722,-1.2647205579438707,0.6664451087488514,1.6665776064368176,2.1233109827762298,2.3376187556696046,1
2015-02-26,4,sweing,Thursday,11,0.8,11.61,816.0,2820,50,0.0,0,2,57.0,0.800516667,0.8002656087986634,0.800516667,1.3879552436400415,0,0,0.0005166669999999707,0,816.0,6.705639094860003,0,,0,47,8,56,5,-0.8660254037844386,0.5000000000000001,3.9318256327243257,7.944846711001996,2.4518667957098,4.04305126783455,26.365403676968906,27.11124264411466,15.896572609290468,4.909560723514212,0,0,1,sweing_team11,14,1,355140,val,0.9792705109119583,0.7781718974146791,-0.07638630872906649,0.09529851025962122,0.9067224814303124,0.8933052838707873,0.8242870270670154,1.0251164952105658,2.8954129851256867,0.663747223037126,7.01624197219619,-1.2647205579438707,0.6664451087488514,1.6665776064368176,2.1233109827762298,2.3376187556696046,1
2015-02-26,4,finishing,Thursday,12,0.8,4.6,,3780,0,0.0,0,0,9.0,0.590617284,0.5905415803375105,0.590617284,0.36620468978063403,1,1,-0.20938271600000002,1,0.0,0.0,0,,0,47,8,56,5,-0.8660254037844386,0.5000000000000001,0.0,8.237743803890933,1.5260563034950492,2.1972245773362196,0.0,0.0,0.0,1.956521739130435,0,1,0,finishing_team12,3,0,262995,val,-0.9856129740972022,-1.1731446939116332,0.138570482753928,-0.9280949784565565,-1.1951785524965162,-0.973454127137173,-1.168065122270806,-0.980051246628074,-0.6932446594032137,0.663747223037126,-0.22888618729874646,-1.2647205579438707,0.6664451087488514,1.6665776064368176,2.1233109827762298,2.3376187556696046,1
2015-02-26,4,sweing,Thursday,12,0.8,15.26,1065.0,4080,63,0.0,0,0,34.0,0.800401961,0.8001509986265665,0.800401961,1.387238369876064,0,0,0.00040196100000000623,0,1065.0,6.97166860472579,0,,0,47,8,56,5,-0.8660254037844386,0.5000000000000001,4.1588830833596715,8.314097335405807,2.725235025856311,3.5263605246161616,28.99435462298381,24.58461695841086,14.665721131653491,2.2280471821756227,0,0,1,sweing_team12,15,0,267075,val,1.0927397937785401,0.8555855173605276,0.19460623917250247,0.39748051090269754,0.31835044575563654,1.0794438683461154,0.6386102515106988,0.8698588973237311,-0.3632754778173688,0.663747223037126,-0.22888618729874646,-1.2647205579438707,0.6664451087488514,1.6665776064368176,2.1233109827762298,2.3376187556696046,1
2015-02-28,4,finishing,Saturday,1,0.5,3.94,,3360,0,0.0,0,0,8.0,0.768847222,0.7686226211461988,0.768847222,1.2005500571029686,0,0,0.268847222,1,0.0,0.0,0,,0,48,9,58,0,0.0,1.0,0.0,8.119993827725105,1.3711807233098425,2.0794415416798357,0.0,0.0,0.0,2.030456852791878,0,1,0,finishing_team1,0,0,408690,val,-0.9856129740972022,-1.1731446939116332,0.05215393001810756,-1.0992948748235933,-1.329301807783477,-0.973454127137173,-1.168065122270806,-0.980051246628074,-0.6033955879065779,-2.2610999903818723,-0.22888618729874646,-0.028538824941726406,1.3678317129691895,1.6665776064368176,2.6335255634550143,2.4224862061930543,1
2015-02-28,4,sweing,Saturday,1,0.5,26.66,1448.0,6840,30,0.0,0,2,57.0,0.550349708,0.5503076447518798,0.550349708,0.20191378197911258,0,1,0.05034970800000005,0,1448.0,7.278628942320682,0,,0,48,9,58,0,0.0,1.0,3.4339872044851463,8.830689198760998,3.2831643147505627,4.04305126783455,24.994718654124476,29.427869973346887,13.883786320821294,2.1380345086271566,0,0,1,sweing_team1,12,1,415530,val,0.7304816282848566,0.9449098593292397,0.5737323286730242,1.0142170960028583,0.9067224814303124,0.7962561661226814,0.9945314344959943,0.7712269156105733,-0.47266267884735935,-2.2610999903818723,7.01624197219619,-0.028538824941726406,1.3678317129691895,1.6665776064368176,2.6335255634550143,2.4224862061930543,1
2015-02-28,4,finishing,Saturday,2,0.7,3.9,,960,0,0.0,0,0,8.0,0.5565625,0.5565152464494569,0.5565625,0.22703114377926076,1,1,-0.1434375,1,0.0,0.0,0,,0,48,9,58,0,0.0,1.0,0.0,6.8679744089702925,1.3609765531356006,2.0794415416798357,0.0,0.0,0.0,2.0512820512820515,0,1,0,finishing_team2,4,0,417660,val,-0.9856129740972022,-1.1731446939116332,-0.8667014757335281,-1.110574592867282,-1.329301807783477,-0.973454127137173,-1.168065122270806,-0.980051246628074,-0.5780879275079841,-0.3112018481025408,-0.22888618729874646,-0.028538824941726406,1.3678317129691895,1.6665776064368176,2.6335255634550143,2.4224862061930543,1
2015-02-28,4,sweing,Saturday,2,0.7,30.33,512.0,4560,0,0.0,0,1,58.0,0.700211111,0.7000438502556391,0.700211111,0.8475066798498503,0,0,0.00021111100000004157,0,512.0,6.240275845170769,0,,0,48,9,58,0,0.0,1.0,0.0,8.4252971767117,3.41213732170049,4.060443010546419,0.0,25.3382844394053,0.0,1.9122980547312893,0,1,1,sweing_team2,16,1,422220,val,-0.9856129740972022,0.642752884063933,0.27621565654421004,1.1567842159940684,0.9265270070534614,-0.973454127137173,0.6939957993203733,-0.980051246628074,-0.7469871477101687,-0.3112018481025408,3.393677892448722,-0.028538824941726406,1.3678317129691895,1.6665776064368176,2.6335255634550143,2.4224862061930543,1
2015-02-28,4,finishing,Saturday,3,0.8,4.6,,6300,0,0.0,0,0,15.0,0.921703704,0.9213514034954051,0.921703704,2.460851724561814,0,0,0.12170370399999997,1,0.0,0.0,0,,0,48,9,58,0,0.0,1.0,0.0,8.748463629942055,1.5260563034950492,2.70805020110221,0.0,0.0,0.0,3.2608695652173916,0,1,0,finishing_team3,5,0,415290,val,-0.9856129740972022,-1.1731446939116332,0.5133870917952844,-0.9280949784565565,-0.6134853132140259,-0.973454127137173,-1.168065122270806,-0.980051246628074,0.8918538855075924,0.663747223037126,-0.22888618729874646,-0.028538824941726406,1.3678317129691895,1.6665776064368176,2.6335255634550143,2.4224862061930543,1
2015-02-28,4,sweing,Saturday,3,0.75,29.4,1144.0,4440,45,0.0,0,2,57.0,0.750716981,0.7505075265463659,0.750716981,1.1013209315145234,0,0,0.0007169809999999499,0,1144.0,7.0431599159883405,0,,0,48,9,58,0,0.0,1.0,3.828641396489095,8.398634855292102,3.380994674344636,4.04305126783455,26.96573361644562,28.475856627898146,15.479393452159078,1.9387755102040818,0,0,1,sweing_team3,17,1,419730,val,0.9277054058868384,0.8763892289574162,0.2566482138997095,1.1223590471356752,0.9067224814303124,0.9358106662255788,0.9245698373865813,0.9724941967436365,-0.7148106260006397,0.1762726874672926,7.01624197219619,-0.028538824941726406,1.3678317129691895,1.6665776064368176,2.6335255634550143,2.4224862061930543,1
2015-02-28,4,sweing,Saturday,4,0.5,26.66,556.0,6960,23,0.0,0,2,58.0,0.500258046,0.5002578304227235,0.500258046,0.0010313217823057425,0,1,0.00025804600000001177,0,556.0,6.322565239927284,0,,0,48,9,58,0,0.0,1.0,3.1780538303479458,8.848078421168667,3.2831643147505627,4.060443010546419,20.093452678375684,25.672415837186485,12.904306462576592,2.175543885971493,0,0,1,sweing_team4,18,1,491820,val,0.6025819432328481,0.6666987986899782,0.5864942561413656,1.0142170960028583,0.9265270070534614,0.4492300216273265,0.7185504616525001,0.647676923810132,-0.42707969993644573,-2.2610999903818723,7.01624197219619,-0.028538824941726406,1.3678317129691895,1.6665776064368176,2.6335255634550143,2.4224862061930543,1
2015-02-28,4,finishing,Saturday,5,0.8,4.6,,7560,0,0.0,0,0,18.0,0.921604938,0.9212527200066833,0.921604938,2.4594906586747953,0,0,0.12160493799999994,1,0.0,0.0,0,,0,48,9,58,0,0.0,1.0,0.0,8.93075873555827,1.5260563034950492,2.8903717578961645,0.0,0.0,0.0,3.91304347826087,0,1,0,finishing_team5,7,0,409020,val,-0.9856129740972022,-1.1731446939116332,0.6471732301956877,-0.9280949784565565,-0.40587000961859426,-0.973454127137173,-1.168065122270806,-0.980051246628074,1.6844031579629957,0.663747223037126,-0.22888618729874646,-0.028538824941726406,1.3678317129691895,1.6665776064368176,2.6335255634550143,2.4224862061930543,1
2015-02-28,4,sweing,Saturday,5,0.5,27.48,609.0,6840,30,0.0,0,1,57.0,0.550403509,0.5503614008053467,0.550403509,0.20213100761354647,0,1,0.05040350900000001,0,609.0,6.413458957167357,0,,0,48,9,58,0,0.0,1.0,3.4339872044851463,8.830689198760998,3.3134584673541485,4.04305126783455,22.023735995403353,25.929943367980336,13.883786320821294,2.074235807860262,0,0,1,sweing_team5,19,1,415860,val,0.7304816282848566,0.6931485398688358,0.5737323286730242,1.0477043364061487,0.9067224814303124,0.5859005840098299,0.7374756557583547,0.7712269156105733,-0.5501935534578427,-2.2610999903818723,3.393677892448722,-0.028538824941726406,1.3678317129691895,1.6665776064368176,2.6335255634550143,2.4224862061930543,1
2015-02-28,4,finishing,Saturday,6,0.75,2.9,,3360,0,0.0,0,0,8.0,0.271875,0.2720655806182122,0.271875,-0.9841678184233481,1,1,-0.478125,1,0.0,0.0,0,,0,48,9,58,0,0.0,1.0,0.0,8.119993827725105,1.0647107369924282,2.0794415416798357,0.0,0.0,0.0,2.7586206896551726,0,1,0,finishing_team6,8,0,271695,val,-0.9856129740972022,-1.1731446939116332,0.05215393001810756,-1.4380676486489155,-1.329301807783477,-0.973454127137173,-1.168065122270806,-0.980051246628074,0.28149984809940837,0.1762726874672926,-0.22888618729874646,-0.028538824941726406,1.3678317129691895,1.6665776064368176,2.6335255634550143,2.4224862061930543,1
2015-02-28,4,sweing,Saturday,6,0.75,18.79,1012.0,3960,45,0.0,0,0,33.0,0.75065101,0.7504416106599834,0.75065101,1.1009689342378093,0,0,0.0006510100000000074,0,1012.0,6.920671504248683,0,,0,48,9,58,0,0.0,1.0,3.828641396489095,8.284251797621916,2.933324813425374,3.4965075614664802,26.496769412668964,24.19818024503112,13.386873592967705,1.7562533262373603,0,0,1,sweing_team6,20,0,275655,val,0.9277054058868384,0.8407455465743291,0.1727026382223141,0.6275035398673704,0.28435593563553735,0.9026064205575843,0.6102117739273669,0.708547154577133,-0.9366192896356608,0.1762726874672926,-0.22888618729874646,-0.028538824941726406,1.3678317129691895,1.6665776064368176,2.6335255634550143,2.4224862061930543,1
2015-02-28,4,sweing,Saturday,7,0.8,30.1,644.0,840,38,0.0,0,1,59.0,0.799982853,0.7997322407585631,0.799982853,1.3846217052252505,1,0,-1.714699999999514e-05,0,644.0,6.4692503167957724,0,,0,48,9,58,0,0.0,1.0,3.6635616461296463,6.734591659972948,3.40452517175483,4.07753744390572,23.700497339825056,26.378610400733702,14.938309790150509,1.9601328903654485,0,0,1,sweing_team7,21,1,392490,val,0.8452087477209552,0.7093836226335835,-0.9645908999024552,1.1483697243081041,0.9459929771454892,0.7046209365621344,0.7704473176912776,0.9042427861180896,-0.6888562359676913,0.663747223037126,3.393677892448722,-0.028538824941726406,1.3678317129691895,1.6665776064368176,2.6335255634550143,2.4224862061930543,1
2015-02-28,4,finishing,Saturday,8,0.75,4.6,,3360,0,0.0,0,0,8.0,0.376597222,0.3767003153817878,0.376597222,-0.5035774859071953,1,1,-0.373402778,1,0.0,0.0,0,,0,48,9,58,0,0.0,1.0,0.0,8.119993827725105,1.5260563034950492,2.0794415416798357,0.0,0.0,0.0,1.7391304347826089,0,1,0,finishing_team8,10,0,391440,val,-0.9856129740972022,-1.1731446939116332,0.05215393001810756,-0.9280949784565565,-1.329301807783477,-0.973454127137173,-1.168065122270806,-0.980051246628074,-0.9574277502216814,0.1762726874672926,-0.22888618729874646,-0.028538824941726406,1.3678317129691895,1.6665776064368176,2.6335255634550143,2.4224862061930543,1
2015-02-28,4,sweing,Saturday,8,0.75,29.4,792.0,4560,56,0.0,0,2,58.0,0.750425926,0.7502167147000836,0.750425926,1.099768434602393,0,0,0.0004259260000000209,0,792.0,6.675823221634848,0,,0,48,9,58,0,0.0,1.0,4.04305126783455,8.4252971767117,3.380994674344636,4.060443010546419,26.990695540070103,27.106799739930697,16.416579261759637,1.9727891156462587,0,0,1,sweing_team8,22,1,396000,val,1.0348542101784763,0.7694955867325661,0.27621565654421004,1.1223590471356752,0.9265270070534614,0.9375780545202468,0.8239605267359011,1.0907092862291332,-0.6734758566889066,0.1762726874672926,7.01624197219619,-0.028538824941726406,1.3678317129691895,1.6665776064368176,2.6335255634550143,2.4224862061930543,1
2015-02-28,4,finishing,Saturday,9,0.75,2.9,,960,0,0.0,0,0,8.0,0.4078125,0.40788951545530494,0.4078125,-0.3726969044896274,1,1,-0.3421875,1,0.0,0.0,0,,0,48,9,58,0,0.0,1.0,0.0,6.8679744089702925,1.0647107369924282,2.0794415416798357,0.0,0.0,0.0,2.7586206896551726,0,1,0,finishing_team9,11,0,397140,val,-0.9856129740972022,-1.1731446939116332,-0.8667014757335281,-1.4380676486489155,-1.329301807783477,-0.973454127137173,-1.168065122270806,-0.980051246628074,0.28149984809940837,0.1762726874672926,-0.22888618729874646,-0.028538824941726406,1.3678317129691895,1.6665776064368176,2.6335255634550143,2.4224862061930543,1
2015-02-28,4,sweing,Saturday,9,0.75,18.79,841.0,6240,45,0.0,0,1,52.0,0.750395513,0.7501863271077694,0.750395513,1.09960628026814,0,0,0.0003955129999999585,0,841.0,6.7357800142423265,0,,0,48,9,58,0,0.0,1.0,3.828641396489095,8.738895704934043,2.933324813425374,3.9512437185814275,25.788886200172076,26.614708471021313,15.127895268578362,2.7674294837679616,0,0,1,sweing_team9,23,1,403380,val,0.9277054058868384,0.7869427953464868,0.506365204208124,0.6275035398673704,0.8021783312721362,0.8524859041030062,0.7877977026945319,0.9281567891556,0.2922046665928689,0.1762726874672926,3.393677892448722,-0.028538824941726406,1.3678317129691895,1.6665776064368176,2.6335255634550143,2.4224862061930543,1
2015-02-28,4,finishing,Saturday,10,0.7,2.9,,3360,0,0.0,0,0,8.0,0.410833333,0.4109078247852966,0.410833333,-0.3602137470814204,1,1,-0.28916666699999993,1,0.0,0.0,0,,0,48,9,58,0,0.0,1.0,0.0,8.119993827725105,1.0647107369924282,2.0794415416798357,0.0,0.0,0.0,2.7586206896551726,0,1,0,finishing_team10,1,0,398550,val,-0.9856129740972022,-1.1731446939116332,0.05215393001810756,-1.4380676486489155,-1.329301807783477,-0.973454127137173,-1.168065122270806,-0.980051246628074,0.28149984809940837,-0.3112018481025408,-0.22888618729874646,-0.028538824941726406,1.3678317129691895,1.6665776064368176,2.6335255634550143,2.4224862061930543,1
2015-02-28,4,sweing,Saturday,10,0.7,21.82,1448.0,6120,40,0.0,0,1,51.0,0.700236601,0.7000693189607351,0.700236601,0.8476279724727748,0,0,0.00023660100000000295,0,1448.0,7.278628942320682,0,,0,48,9,58,0,0.0,1.0,3.713572066704308,8.71948076085107,3.0828269804049246,3.9318256327243257,27.02971312410761,28.618299846505607,14.601117840837048,2.3373052245646195,0,0,1,sweing_team10,13,1,404670,val,0.870200865542169,0.9449098593292397,0.49211660226491494,0.7927636503569598,0.7800663448380777,0.9403406309286798,0.9350377106772502,0.8617099435872481,-0.23050049207590725,-0.3112018481025408,3.393677892448722,-0.028538824941726406,1.3678317129691895,1.6665776064368176,2.6335255634550143,2.4224862061930543,1
2015-02-28,4,sweing,Saturday,11,0.8,11.61,954.0,0,50,0.0,0,2,58.0,0.800779018,0.8005277406248955,0.800779018,1.3895960100485119,0,0,0.0007790179999999092,0,954.0,6.86171134048073,0,,0,48,9,58,0,0.0,1.0,3.9318256327243257,0.0,2.4518667957098,4.060443010546419,26.979052532857327,27.86158785284208,15.964953909082741,4.995693367786392,0,0,1,sweing_team11,14,1,355140,val,0.9792705109119583,0.8235883533284369,-5.90709886711144,0.09529851025962122,0.9265270070534614,0.9367536903818032,0.8794284275914189,1.0337420008373779,3.00008501077297,0.663747223037126,7.01624197219619,-0.028538824941726406,1.3678317129691895,1.6665776064368176,2.6335255634550143,2.4224862061930543,1
2015-02-28,4,finishing,Saturday,12,0.8,4.6,,3780,0,0.0,0,0,9.0,0.590617284,0.5905415803375105,0.590617284,0.36620468978063403,1,1,-0.20938271600000002,1,0.0,0.0,0,,0,48,9,58,0,0.0,1.0,0.0,8.237743803890933,1.5260563034950492,2.1972245773362196,0.0,0.0,0.0,1.956521739130435,0,1,0,finishing_team12,3,0,270855,val,-0.9856129740972022,-1.1731446939116332,0.138570482753928,-0.9280949784565565,-1.1951785524965162,-0.973454127137173,-1.168065122270806,-0.980051246628074,-0.6932446594032137,0.663747223037126,-0.22888618729874646,-0.028538824941726406,1.3678317129691895,1.6665776064368176,2.6335255634550143,2.4224862061930543,1
2015-02-28,4,sweing,Saturday,12,0.8,15.26,1194.0,1700,62,0.0,0,0,34.0,0.800260821,0.8000099765380116,0.800260821,1.386356715648888,0,0,0.00026082099999991115,0,1194.0,7.085901464365611,0,,0,48,9,58,0,0.0,1.0,4.143134726391533,7.438971592395862,2.725235025856311,3.5263605246161616,29.357844424801772,24.987443205258742,14.610186747313481,2.2280471821756227,0,0,1,sweing_team12,15,0,272555,val,1.0848697381318242,0.8888268641041501,-0.44764739334449993,0.39748051090269754,0.31835044575563654,1.1051801709896374,0.6682131638246902,0.8628538806589201,-0.3632754778173688,0.663747223037126,-0.22888618729874646,-0.028538824941726406,1.3678317129691895,1.6665776064368176,2.6335255634550143,2.4224862061930543,1
2015-03-01,1,finishing,Sunday,1,0.6,3.94,,3360,0,0.0,0,0,8.0,0.448722222,0.4487650605781119,0.448722222,-0.2056616051950404,1,1,-0.15127777799999997,1,0.0,0.0,0,,0,49,9,59,1,0.8660254037844386,0.5000000000000001,0.0,8.119993827725105,1.3711807233098425,2.0794415416798357,0.0,0.0,0.0,2.030456852791878,0,1,0,finishing_team1,0,0,418890,val,-0.9856129740972022,-1.1731446939116332,0.05215393001810756,-1.0992948748235933,-1.329301807783477,-0.973454127137173,-1.168065122270806,-0.980051246628074,-0.6033955879065779,-1.2861509192422065,-0.22888618729874646,1.207642908060418,0.6664451087488514,-1.1680598507996036,2.6335255634550143,2.507353656716504,1
2015-03-01,1,sweing,Sunday,1,0.6,26.66,1578.0,6840,38,0.0,0,0,57.0,0.700019883,0.6998527820116959,0.700019883,0.846596920596049,0,0,0.10001988299999998,0,1578.0,7.364547014255642,0,,0,49,9,59,1,0.8660254037844386,0.5000000000000001,3.6635616461296463,8.830689198760998,3.2831643147505627,4.04305126783455,26.98047198254557,29.775241143013425,14.811967558174498,2.1380345086271566,0,0,1,sweing_team1,12,0,425730,val,0.8452087477209552,0.9699117058184079,0.5737323286730242,1.0142170960028583,0.9067224814303124,0.93685419220216,1.020059061745989,0.8883061830391257,-0.47266267884735935,-1.2861509192422065,-0.22888618729874646,1.207642908060418,0.6664451087488514,-1.1680598507996036,2.6335255634550143,2.507353656716504,1
2015-03-01,1,finishing,Sunday,2,0.7,3.9,,960,0,0.0,0,0,8.0,0.585,0.5849289891395154,0.585,0.3430408376775138,1,1,-0.11499999999999999,1,0.0,0.0,0,,0,49,9,59,1,0.8660254037844386,0.5000000000000001,0.0,6.8679744089702925,1.3609765531356006,2.0794415416798357,0.0,0.0,0.0,2.0512820512820515,0,1,0,finishing_team2,4,0,423180,val,-0.9856129740972022,-1.1731446939116332,-0.8667014757335281,-1.110574592867282,-1.329301807783477,-0.973454127137173,-1.168065122270806,-0.980051246628074,-0.5780879275079841,-0.3112018481025408,-0.22888618729874646,1.207642908060418,0.6664451087488514,-1.1680598507996036,2.6335255634550143,2.507353656716504,1
2015-03-01,1,sweing,Sunday,2,0.7,30.33,254.0,1800,0,0.0,0,0,58.0,0.683550607,0.6833972648053468,0.683550607,0.769428550654583,1,1,-0.016449392999999923,0,254.0,5.541263545158426,0,,0,49,9,59,1,0.8660254037844386,0.5000000000000001,0.0,7.496097345175956,3.41213732170049,4.060443010546419,0.0,22.499984831534203,0.0,1.9122980547312893,0,1,1,sweing_team2,16,0,424980,val,-0.9856129740972022,0.4393428467416473,-0.40572287846610844,1.1567842159940684,0.9265270070534614,-0.973454127137173,0.4854147173523637,-0.980051246628074,-0.7469871477101687,-0.3112018481025408,-0.22888618729874646,1.207642908060418,0.6664451087488514,-1.1680598507996036,2.6335255634550143,2.507353656716504,1
2015-03-01,1,finishing,Sunday,3,0.8,4.6,,10500,0,0.0,0,0,25.0,0.936355556,0.9359910150175439,0.936355556,2.6825824132345417,0,0,0.13635555599999993,1,0.0,0.0,0,,0,49,9,59,1,0.8660254037844386,0.5000000000000001,0.0,9.259225769705994,1.5260563034950492,3.2188758248682006,0.0,0.0,0.0,5.434782608695652,0,1,0,finishing_team3,5,0,430230,val,-0.9856129740972022,-1.1731446939116332,0.8882347548148589,-0.9280949784565565,-0.031792073931535665,-0.973454127137173,-1.168065122270806,-0.980051246628074,3.533684793692269,0.663747223037126,-0.22888618729874646,1.207642908060418,0.6664451087488514,-1.1680598507996036,2.6335255634550143,2.507353656716504,1
2015-03-01,1,sweing,Sunday,3,0.75,29.4,1143.0,6840,45,0.0,0,0,57.0,0.750473684,0.750264432802005,0.750473684,1.1000230945972098,0,0,0.00047368400000002975,0,1143.0,7.042286171939743,0,,0,49,9,59,1,0.8660254037844386,0.5000000000000001,3.828641396489095,8.830689198760998,3.380994674344636,4.04305126783455,26.962388363811222,28.4723240359147,15.479393452159078,1.9387755102040818,0,0,1,sweing_team3,17,0,437070,val,0.9277054058868384,0.8761349726166735,0.5737323286730242,1.1223590471356752,0.9067224814303124,0.9355738110681927,0.9243102341170689,0.9724941967436365,-0.7148106260006397,0.1762726874672926,-0.22888618729874646,1.207642908060418,0.6664451087488514,-1.1680598507996036,2.6335255634550143,2.507353656716504,1
2015-03-01,1,finishing,Sunday,4,0.6,3.94,,960,0,0.0,0,0,8.0,0.673083333,0.6729387353951546,0.673083333,0.7215067865183484,0,1,0.07308333300000003,1,0.0,0.0,0,,0,49,9,59,1,0.8660254037844386,0.5000000000000001,0.0,6.8679744089702925,1.3711807233098425,2.0794415416798357,0.0,0.0,0.0,2.030456852791878,0,1,0,finishing_team4,6,0,492780,val,-0.9856129740972022,-1.1731446939116332,-0.8667014757335281,-1.0992948748235933,-1.329301807783477,-0.973454127137173,-1.168065122270806,-0.980051246628074,-0.6033955879065779,-1.2861509192422065,-0.22888618729874646,1.207642908060418,0.6664451087488514,-1.1680598507996036,2.6335255634550143,2.507353656716504,1
2015-03-01,1,sweing,Sunday,4,0.6,26.66,692.0,6840,23,0.0,0,0,57.0,0.600239766,0.6001560235054302,0.600239766,0.4061152483358378,0,1,0.0002397659999999746,0,692.0,6.541029999189903,0,,0,49,9,59,1,0.8660254037844386,0.5000000000000001,3.1780538303479458,8.830689198760998,3.2831643147505627,4.04305126783455,20.787745443346292,26.445719631168565,12.84903456803471,2.1380345086271566,0,0,1,sweing_team4,18,0,499620,val,0.6025819432328481,0.7302712491810908,0.5737323286730242,1.0142170960028583,0.9067224814303124,0.4983882886079224,0.7753790436638727,0.6407050171803396,-0.47266267884735935,-1.2861509192422065,-0.22888618729874646,1.207642908060418,0.6664451087488514,-1.1680598507996036,2.6335255634550143,2.507353656716504,1
2015-03-01,1,sweing,Sunday,5,0.6,27.48,549.0,6720,38,0.0,0,0,56.0,0.707446429,0.7072731237126149,0.707446429,0.8821768934516172,0,0,0.10744642900000001,0,549.0,6.309918278226516,0,,0,49,9,59,1,0.8660254037844386,0.5000000000000001,3.6635616461296463,8.812992231969966,3.3134584673541485,4.02535169073515,23.11677459432308,25.399640209659733,14.74712406636042,2.037845705967977,0,0,1,sweing_team5,19,0,422580,val,0.8452087477209552,0.6630185788261483,0.5607445480062361,1.0477043364061487,0.8865674150869745,0.6632913994939391,0.6985047147671993,0.8801269307405657,-0.594416341586116,-1.2861509192422065,-0.22888618729874646,1.207642908060418,0.6664451087488514,-1.1680598507996036,2.6335255634550143,2.507353656716504,1
2015-03-01,1,sweing,Sunday,6,0.75,18.79,1193.0,3960,45,0.0,0,0,33.0,0.75065101,0.7504416106599834,0.75065101,1.1009689342378093,0,0,0.0006510100000000074,0,1193.0,7.085064293952548,0,,0,49,9,59,1,0.8660254037844386,0.5000000000000001,3.828641396489095,8.284251797621916,2.933324813425374,3.4965075614664802,27.126170452613508,24.772980877281253,13.386873592967705,1.7562533262373603,0,0,1,sweing_team6,20,0,279615,val,0.9277054058868384,0.8885832505583466,0.1727026382223141,0.6275035398673704,0.28435593563553735,0.9471701347722475,0.6524527471699891,0.708547154577133,-0.9366192896356608,0.1762726874672926,-0.22888618729874646,1.207642908060418,0.6664451087488514,-1.1680598507996036,2.6335255634550143,2.507353656716504,1
2015-03-01,1,finishing,Sunday,7,0.8,4.6,,3360,0,0.0,0,0,8.0,0.350416667,0.3505416321904762,0.350416667,-0.6166592563739621,1,1,-0.44958333300000003,1,0.0,0.0,0,,0,49,9,59,1,0.8660254037844386,0.5000000000000001,0.0,8.119993827725105,1.5260563034950492,2.0794415416798357,0.0,0.0,0.0,1.7391304347826089,0,1,0,finishing_team7,9,0,395850,val,-0.9856129740972022,-1.1731446939116332,0.05215393001810756,-0.9280949784565565,-1.329301807783477,-0.973454127137173,-1.168065122270806,-0.980051246628074,-0.9574277502216814,0.663747223037126,-0.22888618729874646,1.207642908060418,0.6664451087488514,-1.1680598507996036,2.6335255634550143,2.507353656716504,1
2015-03-01,1,sweing,Sunday,7,0.8,30.1,934.0,6960,0,3.5,15,0,58.0,0.579511494,0.5794450683575606,0.579511494,0.32049576185253553,1,1,-0.22048850600000003,0,934.0,6.840546529288687,0,,1,49,9,59,1,0.8660254037844386,0.5000000000000001,0.0,8.848078421168667,3.40452517175483,4.060443010546419,0.0,27.775649343167817,0.0,1.9269102990033222,0,1,1,sweing_team7,21,0,402810,val,-0.9856129740972022,0.817429470238087,0.5864942561413656,1.1483697243081041,0.9265270070534614,-0.973454127137173,0.8731129747474461,-0.980051246628074,-0.7292297315745003,0.663747223037126,-0.22888618729874646,1.207642908060418,0.6664451087488514,-1.1680598507996036,2.6335255634550143,2.507353656716504,1
2015-03-01,1,finishing,Sunday,8,0.75,4.6,,3360,0,0.0,0,0,8.0,0.813611111,0.8133491134135339,0.813611111,1.4719204758251054,0,0,0.06361111100000005,1,0.0,0.0,0,,0,49,9,59,1,0.8660254037844386,0.5000000000000001,0.0,8.119993827725105,1.5260563034950492,2.0794415416798357,0.0,0.0,0.0,1.7391304347826089,0,1,0,finishing_team8,10,0,399360,val,-0.9856129740972022,-1.1731446939116332,0.05215393001810756,-0.9280949784565565,-1.329301807783477,-0.973454127137173,-1.168065122270806,-0.980051246628074,-0.9574277502216814,0.1762726874672926,-0.22888618729874646,1.207642908060418,0.6664451087488514,-1.1680598507996036,2.6335255634550143,2.507353656716504,1
2015-03-01,1,sweing,Sunday,8,0.75,29.4,622.0,6240,56,0.0,0,0,57.0,0.75075,0.7505405179615706,0.75075,1.1014971322087592,0,0,0.0007500000000000284,0,622.0,6.434546518787453,0,,0,49,9,59,1,0.8660254037844386,0.5000000000000001,4.04305126783455,8.738895704934043,3.380994674344636,4.04305126783455,26.015201460724004,26.015201460724004,16.346263554338563,1.9387755102040818,0,0,1,sweing_team8,22,0,405600,val,1.0348542101784763,0.6992849436146698,0.506365204208124,1.1223590471356752,0.9067224814303124,0.868509787054553,0.7437411060940723,1.081839777579017,-0.7148106260006397,0.1762726874672926,-0.22888618729874646,1.207642908060418,0.6664451087488514,-1.1680598507996036,2.6335255634550143,2.507353656716504,1
2015-03-01,1,finishing,Sunday,9,0.75,2.9,,960,0,0.0,0,0,8.0,0.447083333,0.4471275407418547,0.447083333,-0.21228346070901183,1,1,-0.302916667,1,0.0,0.0,0,,0,49,9,59,1,0.8660254037844386,0.5000000000000001,0.0,6.8679744089702925,1.0647107369924282,2.0794415416798357,0.0,0.0,0.0,2.7586206896551726,0,1,0,finishing_team9,11,0,404340,val,-0.9856129740972022,-1.1731446939116332,-0.8667014757335281,-1.4380676486489155,-1.329301807783477,-0.973454127137173,-1.168065122270806,-0.980051246628074,0.28149984809940837,0.1762726874672926,-0.22888618729874646,1.207642908060418,0.6664451087488514,-1.1680598507996036,2.6335255634550143,2.507353656716504,1
2015-03-01,1,sweing,Sunday,9,0.75,18.79,895.0,6240,34,0.0,0,0,52.0,0.750395513,0.7501863271077694,0.750395513,1.09960628026814,0,0,0.0003955129999999585,0,895.0,6.79794041297493,0,,0,49,9,59,1,0.8660254037844386,0.5000000000000001,3.5553480614894135,8.738895704934043,2.933324813425374,3.9512437185814275,24.169044269390962,26.860319356058028,14.0480466953307,2.7674294837679616,0,0,1,sweing_team9,23,0,410580,val,0.7911302851503994,0.8050312453293323,0.506365204208124,0.6275035398673704,0.8021783312721362,0.7377956378101221,0.8058471658315486,0.7919464513447166,0.2922046665928689,0.1762726874672926,-0.22888618729874646,1.207642908060418,0.6664451087488514,-1.1680598507996036,2.6335255634550143,2.507353656716504,1
2015-03-01,1,finishing,Sunday,10,0.7,2.9,,3360,0,0.0,0,0,8.0,0.664583333,0.664445836481203,0.664583333,0.6831699800746885,1,1,-0.0354166669999999,1,0.0,0.0,0,,0,49,9,59,1,0.8660254037844386,0.5000000000000001,0.0,8.119993827725105,1.0647107369924282,2.0794415416798357,0.0,0.0,0.0,2.7586206896551726,0,1,0,finishing_team10,1,0,408030,val,-0.9856129740972022,-1.1731446939116332,0.05215393001810756,-1.4380676486489155,-1.329301807783477,-0.973454127137173,-1.168065122270806,-0.980051246628074,0.28149984809940837,-0.3112018481025408,-0.22888618729874646,1.207642908060418,0.6664451087488514,-1.1680598507996036,2.6335255634550143,2.507353656716504,1
2015-03-01,1,sweing,Sunday,10,0.7,21.82,1393.0,5640,30,0.0,0,0,52.0,0.700236601,0.7000693189607351,0.700236601,0.8476279724727748,0,0,0.00023660100000000295,0,1393.0,7.2399325913204695,0,,0,49,9,59,1,0.8660254037844386,0.5000000000000001,3.4339872044851463,8.637816633739977,3.0828269804049246,3.9512437185814275,24.86183587992948,28.606738174407962,13.56852037141093,2.383134738771769,0,0,1,sweing_team10,13,0,413670,val,0.7304816282848566,0.9336493619087357,0.4321834067185993,0.7927636503569598,0.8021783312721362,0.7868476179992159,0.9341880660277571,0.7314597829464959,-0.17480653159172038,-0.3112018481025408,-0.22888618729874646,1.207642908060418,0.6664451087488514,-1.1680598507996036,2.6335255634550143,2.507353656716504,1
2015-03-01,1,sweing,Sunday,11,0.8,11.61,347.0,0,50,4.0,20,0,57.0,0.682433036,0.6822806274486216,0.682433036,0.7642725334920796,1,1,-0.117566964,0,347.0,5.8522024797744745,0,,1,49,9,59,1,0.8660254037844386,0.5000000000000001,3.9318256327243257,0.0,2.4518667957098,4.04305126783455,23.00983971787014,23.660754655476687,15.896572609290468,4.909560723514212,0,0,1,sweing_team11,14,0,355140,val,0.9792705109119583,0.5298249459752163,-5.90709886711144,0.09529851025962122,0.9067224814303124,0.6557200499546231,0.570717419407606,1.0251164952105658,2.8954129851256867,0.663747223037126,-0.22888618729874646,1.207642908060418,0.6664451087488514,-1.1680598507996036,2.6335255634550143,2.507353656716504,1
2015-03-01,1,sweing,Sunday,12,0.8,15.26,1106.0,4080,63,0.0,0,0,34.0,0.800401961,0.8001509986265665,0.800401961,1.387238369876064,0,0,0.00040196100000000623,0,1106.0,7.009408932708637,0,,0,49,9,59,1,0.8660254037844386,0.5000000000000001,4.1588830833596715,8.314097335405807,2.725235025856311,3.5263605246161616,29.15131223459212,24.717702961195638,14.665721131653491,2.2280471821756227,0,0,1,sweing_team12,15,0,276635,val,1.0927397937785401,0.8665678155595875,0.19460623917250247,0.39748051090269754,0.31835044575563654,1.0905569960717147,0.6483904813281098,0.8698588973237311,-0.3632754778173688,0.663747223037126,-0.22888618729874646,1.207642908060418,0.6664451087488514,-1.1680598507996036,2.6335255634550143,2.507353656716504,1
2015-03-02,1,finishing,Monday,1,0.65,3.94,,3360,0,0.0,0,0,8.0,0.537919444,0.5378877652664996,0.537919444,0.15184212975036426,1,1,-0.112080556,1,0.0,0.0,0,,0,50,9,60,2,0.8660254037844387,-0.4999999999999998,0.0,8.119993827725105,1.3711807233098425,2.0794415416798357,0.0,0.0,0.0,2.030456852791878,0,1,0,finishing_team1,0,0,429090,test,-0.9856129740972022,-1.1731446939116332,0.05215393001810756,-1.0992948748235933,-1.329301807783477,-0.973454127137173,-1.168065122270806,-0.980051246628074,-0.6033955879065779,-0.7986763836723731,-0.22888618729874646,1.207642908060418,-0.7363280996918251,-1.1680598507996036,2.6335255634550143,2.592221107239954,2
2015-03-02,1,sweing,Monday,1,0.65,26.66,1527.0,6840,65,0.0,0,0,57.0,0.800579532,0.8003284212798663,0.800579532,1.3883482596105863,0,0,0.15057953199999996,0,1527.0,7.331714969726466,0,,0,50,9,60,2,0.8660254037844387,-0.4999999999999998,4.189654742026425,8.830689198760998,3.2831643147505627,4.04305126783455,30.717354390100617,29.64249950375414,16.938988916538975,2.1380345086271566,0,0,1,sweing_team1,12,0,435930,test,1.1081175672528816,0.9603577002552315,0.5737323286730242,1.0142170960028583,0.9067224814303124,1.2014380570123593,1.0103041385299456,1.1566051880398407,-0.47266267884735935,-0.7986763836723731,-0.22888618729874646,1.207642908060418,-0.7363280996918251,-1.1680598507996036,2.6335255634550143,2.592221107239954,2
2015-03-02,1,finishing,Monday,2,0.7,3.9,,1200,0,0.0,0,0,10.0,0.92885,0.9284917293233081,0.92885,2.5637483563751493,0,0,0.22885,1,0.0,0.0,0,,0,50,9,60,2,0.8660254037844387,-0.4999999999999998,0.0,7.0909098220799835,1.3609765531356006,2.302585092994046,0.0,0.0,0.0,2.5641025641025643,0,1,0,finishing_team2,4,0,426180,test,-0.9856129740972022,-1.1731446939116332,-0.7030894690818731,-1.110574592867282,-1.0752012122964671,-0.973454127137173,-1.168065122270806,-0.980051246628074,0.04511320980737544,-0.3112018481025408,-0.22888618729874646,1.207642908060418,-0.7363280996918251,-1.1680598507996036,2.6335255634550143,2.592221107239954,2
2015-03-02,1,finishing,Monday,3,0.8,4.6,,10080,0,0.0,0,0,24.0,0.86037037,0.860069308705096,0.86037037,1.815865739671478,0,0,0.060370370000000007,1,0.0,0.0,0,,0,50,9,60,2,0.8660254037844387,-0.4999999999999998,0.0,9.218407743053941,1.5260563034950492,3.1780538303479458,0.0,0.0,0.0,5.217391304347826,0,1,0,finishing_team3,5,0,447150,test,-0.9856129740972022,-1.1731446939116332,0.8582784587067249,-0.9280949784565565,-0.07827736582311291,-0.973454127137173,-1.168065122270806,-0.980051246628074,3.2695017028738014,0.663747223037126,-0.22888618729874646,1.207642908060418,-0.7363280996918251,-1.1680598507996036,2.6335255634550143,2.592221107239954,2
2015-03-02,1,sweing,Monday,3,0.8,29.4,1231.0,4680,50,0.0,0,0,57.0,0.800149813,0.7998990612765247,0.800149813,1.385663613452625,0,0,0.00014981299999994313,0,1231.0,7.116394144093465,0,,0,50,9,60,2,0.8660254037844387,-0.4999999999999998,3.9318256327243257,8.45126704130007,3.380994674344636,4.04305126783455,27.980420908315974,28.77194636668745,15.896572609290468,1.9387755102040818,0,0,1,sweing_team3,17,0,451830,test,0.9792705109119583,0.8977001230173192,0.2952749060304477,1.1223590471356752,0.9067224814303124,1.0076539451882975,0.9463288926691987,1.0251164952105658,-0.7148106260006397,0.663747223037126,-0.22888618729874646,1.207642908060418,-0.7363280996918251,-1.1680598507996036,2.6335255634550143,2.592221107239954,2
2015-03-02,1,finishing,Monday,4,0.65,3.94,,960,0,0.0,0,0,8.0,0.806879167,0.8066227934269006,0.806879167,1.4282134210117379,0,0,0.15687916699999993,1,0.0,0.0,0,,0,50,9,60,2,0.8660254037844387,-0.4999999999999998,0.0,6.8679744089702925,1.3711807233098425,2.0794415416798357,0.0,0.0,0.0,2.030456852791878,0,1,0,finishing_team4,6,0,500580,test,-0.9856129740972022,-1.1731446939116332,-0.8667014757335281,-1.0992948748235933,-1.329301807783477,-0.973454127137173,-1.168065122270806,-0.980051246628074,-0.6033955879065779,-0.7986763836723731,-0.22888618729874646,1.207642908060418,-0.7363280996918251,-1.1680598507996036,2.6335255634550143,2.592221107239954,2
2015-03-02,1,sweing,Monday,4,0.65,26.66,832.0,6780,55,0.0,0,0,57.0,0.750254867,0.7500457986065163,0.750254867,1.0988565628206324,0,0,0.10025486699999997,0,832.0,6.725033642166843,0,,0,50,9,60,2,0.8660254037844387,-0.4999999999999998,4.02535169073515,8.821879862683842,3.2831643147505627,4.04305126783455,27.070625541747063,27.189655793192657,16.274703256706697,2.1380345086271566,0,0,1,sweing_team4,18,0,507360,test,1.0260090552853378,0.783815640152058,0.5672671685051183,1.0142170960028583,0.9067224814303124,0.94323736794023,0.8300494558923059,1.0728132783496216,-0.47266267884735935,-0.7986763836723731,-0.22888618729874646,1.207642908060418,-0.7363280996918251,-1.1680598507996036,2.6335255634550143,2.592221107239954,2
2015-03-02,1,sweing,Monday,5,0.65,27.48,544.0,6720,34,0.0,0,0,56.0,0.700903571,0.7007357317593985,0.700903571,0.8508038051490749,0,0,0.05090357099999998,0,544.0,6.300785794663244,0,,0,50,9,60,2,0.8660254037844387,-0.4999999999999998,3.5553480614894135,8.812992231969966,3.3134584673541485,4.02535169073515,22.401486560916,25.3628787515077,14.311526330468347,2.037845705967977,0,0,1,sweing_team5,19,0,429300,test,0.7911302851503994,0.6603610593198141,0.5607445480062361,1.0477043364061487,0.8865674150869745,0.6126465967704955,0.6958031871713075,0.8251813427892193,-0.594416341586116,-0.7986763836723731,-0.22888618729874646,1.207642908060418,-0.7363280996918251,-1.1680598507996036,2.6335255634550143,2.592221107239954,2
2015-03-02,1,sweing,Monday,6,0.75,18.79,947.0,2880,34,0.0,0,0,33.0,0.750797009,0.750587487689223,0.750797009,1.1017480151789891,0,0,0.0007970090000000152,0,947.0,6.854354502255021,0,,0,50,9,60,2,0.8660254037844387,-0.4999999999999998,3.5553480614894135,7.9658927350845286,2.933324813425374,3.4965075614664802,24.369615992353623,23.966302346106495,12.431301380642926,1.7562533262373603,0,0,1,sweing_team6,20,0,282495,test,0.7911302851503994,0.8214475401581407,-0.060940659318095815,0.6275035398673704,0.28435593563553735,0.7519967915648699,0.5931715210562317,0.5880128342399801,-0.9366192896356608,0.1762726874672926,-0.22888618729874646,1.207642908060418,-0.7363280996918251,-1.1680598507996036,2.6335255634550143,2.592221107239954,2
2015-03-02,1,finishing,Monday,7,0.8,4.6,,3360,0,0.0,0,0,8.0,0.342361111,0.342492805978279,0.342361111,-0.6522050524312621,1,1,-0.45763888900000005,1,0.0,0.0,0,,0,50,9,60,2,0.8660254037844387,-0.4999999999999998,0.0,8.119993827725105,1.5260563034950492,2.0794415416798357,0.0,0.0,0.0,1.7391304347826089,0,1,0,finishing_team7,9,0,406170,test,-0.9856129740972022,-1.1731446939116332,0.05215393001810756,-0.9280949784565565,-1.329301807783477,-0.973454127137173,-1.168065122270806,-0.980051246628074,-0.9574277502216814,0.663747223037126,-0.22888618729874646,1.207642908060418,-0.7363280996918251,-1.1680598507996036,2.6335255634550143,2.592221107239954,2
2015-03-02,1,sweing,Monday,7,0.8,30.1,616.0,7080,0,0.0,0,0,59.0,0.800115819,0.7998650956758563,0.800115819,1.3854514222617493,0,0,0.00011581899999990597,0,616.0,6.424869023905388,0,,0,50,9,60,2,0.8660254037844387,-0.4999999999999998,0.0,8.865170419651774,3.40452517175483,4.07753744390572,0.0,26.19764401716421,0.0,1.9601328903654485,0,1,1,sweing_team7,21,0,413250,test,-0.9856129740972022,0.6964688277965184,0.5990380513621463,1.1483697243081041,0.9459929771454892,-0.973454127137173,0.7571484524199421,-0.980051246628074,-0.6888562359676913,0.663747223037126,-0.22888618729874646,1.207642908060418,-0.7363280996918251,-1.1680598507996036,2.6335255634550143,2.592221107239954,2
2015-03-02,1,finishing,Monday,8,0.75,4.6,,3360,0,0.0,0,0,8.0,0.773333333,0.7731049843508772,0.773333333,1.2259274291577404,0,0,0.023333332999999956,1,0.0,0.0,0,,0,50,9,60,2,0.8660254037844387,-0.4999999999999998,0.0,8.119993827725105,1.5260563034950492,2.0794415416798357,0.0,0.0,0.0,1.7391304347826089,0,1,0,finishing_team8,10,0,408960,test,-0.9856129740972022,-1.1731446939116332,0.05215393001810756,-0.9280949784565565,-1.329301807783477,-0.973454127137173,-1.168065122270806,-0.980051246628074,-0.9574277502216814,0.1762726874672926,-0.22888618729874646,1.207642908060418,-0.7363280996918251,-1.1680598507996036,2.6335255634550143,2.592221107239954,2
2015-03-02,1,sweing,Monday,8,0.75,29.4,551.0,6840,45,0.0,0,0,57.0,0.750473684,0.750264432802005,0.750473684,1.1000230945972098,0,0,0.00047368400000002975,0,551.0,6.313548046277095,0,,0,50,9,60,2,0.8660254037844387,-0.4999999999999998,3.828641396489095,8.830689198760998,3.380994674344636,4.04305126783455,24.172311408699336,25.525998433034957,15.479393452159078,1.9387755102040818,0,0,1,sweing_team8,22,0,415800,test,0.9277054058868384,0.6640748281290955,0.5737323286730242,1.1223590471356752,0.9067224814303124,0.7380269622808454,0.7077905332460062,0.9724941967436365,-0.7148106260006397,0.1762726874672926,-0.22888618729874646,1.207642908060418,-0.7363280996918251,-1.1680598507996036,2.6335255634550143,2.592221107239954,2
2015-03-02,1,finishing,Monday,9,0.75,2.9,,1200,0,0.0,0,0,10.0,0.8004,0.8001490392648287,0.8004,1.3872261169703495,0,0,0.0504,1,0.0,0.0,0,,0,50,9,60,2,0.8660254037844387,-0.4999999999999998,0.0,7.0909098220799835,1.0647107369924282,2.302585092994046,0.0,0.0,0.0,3.4482758620689657,0,1,0,finishing_team9,11,0,411780,test,-0.9856129740972022,-1.1731446939116332,-0.7030894690818731,-1.4380676486489155,-1.0752012122964671,-0.973454127137173,-1.168065122270806,-0.980051246628074,1.1195979293166163,0.1762726874672926,-0.22888618729874646,1.207642908060418,-0.7363280996918251,-1.1680598507996036,2.6335255634550143,2.592221107239954,2
2015-03-02,1,sweing,Monday,9,0.75,18.79,935.0,6240,45,0.0,0,0,52.0,0.750395513,0.7501863271077694,0.750395513,1.09960628026814,0,0,0.0003955129999999585,0,935.0,6.8416154764775925,0,,0,50,9,60,2,0.8660254037844387,-0.4999999999999998,3.828641396489095,8.738895704934043,2.933324813425374,3.9512437185814275,26.194092232102577,27.032890176381567,15.127895268578362,2.7674294837679616,0,0,1,sweing_team9,23,0,418020,test,0.9277054058868384,0.8177405299827967,0.506365204208124,0.6275035398673704,0.8021783312721362,0.8811758563893888,0.8185290575949729,0.9281567891556,0.2922046665928689,0.1762726874672926,-0.22888618729874646,1.207642908060418,-0.7363280996918251,-1.1680598507996036,2.6335255634550143,2.592221107239954,2
2015-03-02,1,finishing,Monday,10,0.7,2.9,,3360,0,0.0,0,0,8.0,0.632361111,0.6322505336307436,0.632361111,0.5418838211571216,1,1,-0.06763888899999992,1,0.0,0.0,0,,0,50,9,60,2,0.8660254037844387,-0.4999999999999998,0.0,8.119993827725105,1.0647107369924282,2.0794415416798357,0.0,0.0,0.0,2.7586206896551726,0,1,0,finishing_team10,1,0,417030,test,-0.9856129740972022,-1.1731446939116332,0.05215393001810756,-1.4380676486489155,-1.329301807783477,-0.973454127137173,-1.168065122270806,-0.980051246628074,0.28149984809940837,-0.3112018481025408,-0.22888618729874646,1.207642908060418,-0.7363280996918251,-1.1680598507996036,2.6335255634550143,2.592221107239954,2
2015-03-02,1,sweing,Monday,10,0.7,21.82,1511.0,3600,30,0.0,0,0,51.0,0.70013604,0.6999688419715957,0.70013604,0.8471494932257949,0,0,0.00013604000000000394,0,1511.0,7.321188556739479,0,,0,50,9,60,2,0.8660254037844387,-0.4999999999999998,3.4339872044851463,8.188966863648876,3.0828269804049246,3.9318256327243257,25.140867825466444,28.785636829396296,13.501838913042048,2.3373052245646195,0,0,1,sweing_team10,13,0,420630,test,0.7304816282848566,0.9572945523556665,0.10277315042340172,0.7927636503569598,0.7800663448380777,0.806604019861479,0.947334977973419,0.7230486925444117,-0.23050049207590725,-0.3112018481025408,-0.22888618729874646,1.207642908060418,-0.7363280996918251,-1.1680598507996036,2.6335255634550143,2.592221107239954,2
2015-03-02,1,sweing,Monday,11,0.8,11.61,632.0,0,50,0.0,0,0,57.0,0.800309211,0.8000583261119465,0.800309211,1.3866589391943844,0,0,0.0003092109999999204,0,632.0,6.450470422144176,0,,0,50,9,60,2,0.8660254037844387,-0.4999999999999998,3.9318256327243257,0.0,2.4518667957098,4.04305126783455,25.362124948916573,26.079582618379277,15.896572609290468,4.909560723514212,0,0,1,sweing_team11,14,0,355140,test,0.9792705109119583,0.7039187415836757,-5.90709886711144,0.09529851025962122,0.9067224814303124,0.8222697696642738,0.7484723513385313,1.0251164952105658,2.8954129851256867,0.663747223037126,-0.22888618729874646,1.207642908060418,-0.7363280996918251,-1.1680598507996036,2.6335255634550143,2.592221107239954,2
2015-03-02,1,finishing,Monday,12,0.8,4.6,,3780,0,0.0,0,0,9.0,0.607654321,0.6075643842238931,0.607654321,0.43708566433270335,1,1,-0.192345679,1,0.0,0.0,0,,0,50,9,60,2,0.8660254037844387,-0.4999999999999998,0.0,8.237743803890933,1.5260563034950492,2.1972245773362196,0.0,0.0,0.0,1.956521739130435,0,1,0,finishing_team12,3,0,280415,test,-0.9856129740972022,-1.1731446939116332,0.138570482753928,-0.9280949784565565,-1.1951785524965162,-0.973454127137173,-1.168065122270806,-0.980051246628074,-0.6932446594032137,0.663747223037126,-0.22888618729874646,1.207642908060418,-0.7363280996918251,-1.1680598507996036,2.6335255634550143,2.592221107239954,2
2015-03-02,1,sweing,Monday,12,0.8,15.26,1035.0,4080,63,0.0,0,0,34.0,0.800401961,0.8001509986265665,0.800401961,1.387238369876064,0,0,0.00040196100000000623,0,1035.0,6.943122422819428,0,,0,50,9,60,2,0.8660254037844387,-0.4999999999999998,4.1588830833596715,8.314097335405807,2.725235025856311,3.5263605246161616,28.875634389958936,24.48395282940775,14.665721131653491,2.2280471821756227,0,0,1,sweing_team12,15,0,284495,test,1.0927397937785401,0.8472786822349093,0.19460623917250247,0.39748051090269754,0.31835044575563654,1.071038075854122,0.6312126417289098,0.8698588973237311,-0.3632754778173688,0.663747223037126,-0.22888618729874646,1.207642908060418,-0.7363280996918251,-1.1680598507996036,2.6335255634550143,2.592221107239954,2
2015-03-03,1,finishing,Tuesday,1,0.7,3.94,,3360,0,0.0,0,0,8.0,0.555430556,0.5553842481002507,0.555430556,0.22244978283313258,1,1,-0.14456944399999994,1,0.0,0.0,0,,0,51,9,61,3,1.2246467991473532e-16,-1.0,0.0,8.119993827725105,1.3711807233098425,2.0794415416798357,0.0,0.0,0.0,2.030456852791878,0,1,0,finishing_team1,0,0,439290,test,-0.9856129740972022,-1.1731446939116332,0.05215393001810756,-1.0992948748235933,-1.329301807783477,-0.973454127137173,-1.168065122270806,-0.980051246628074,-0.6033955879065779,-0.3112018481025408,-0.22888618729874646,-0.028538824941726233,-1.4377147039121636,-1.1680598507996036,2.6335255634550143,2.677088557763404,2
2015-03-03,1,sweing,Tuesday,1,0.7,26.66,1562.0,6960,60,0.0,0,0,58.0,0.800566092,0.8003149925079365,0.800566092,1.3882642283562674,0,0,0.100566092,0,1562.0,7.354362330421477,0,,0,51,9,61,3,1.2246467991473532e-16,-1.0,4.110873864173311,8.848078421168667,3.2831643147505627,4.060443010546419,30.232855891790376,29.86196912158576,16.69196904902047,2.175543885971493,0,0,1,sweing_team1,12,0,446250,test,1.0687477527474374,0.9669479998596049,0.5864942561413656,1.0142170960028583,0.9265270070534614,1.1671339309530289,1.026432531113828,1.125446504837156,-0.42707969993644573,-0.3112018481025408,-0.22888618729874646,-0.028538824941726233,-1.4377147039121636,-1.1680598507996036,2.6335255634550143,2.677088557763404,2
2015-03-03,1,finishing,Tuesday,2,0.4,3.9,,6300,0,0.0,0,0,15.0,0.567377778,0.5673214891294904,0.567377778,0.2709311601576769,0,1,0.16737777799999998,1,0.0,0.0,0,,0,51,9,61,3,1.2246467991473532e-16,-1.0,0.0,8.748463629942055,1.3609765531356006,2.70805020110221,0.0,0.0,0.0,3.8461538461538463,0,1,0,finishing_team2,4,0,432480,test,-0.9856129740972022,-1.1731446939116332,0.5133870917952844,-1.110574592867282,-0.6134853132140259,-0.973454127137173,-1.168065122270806,-0.980051246628074,1.6031160530957744,-3.236049061521538,-0.22888618729874646,-0.028538824941726233,-1.4377147039121636,-1.1680598507996036,2.6335255634550143,2.677088557763404,2
2015-03-03,1,sweing,Tuesday,2,0.4,15.28,157.0,5400,0,6.5,30,1,45.0,0.30277037,0.3029351399498747,0.30277037,-0.8333597394331067,1,1,-0.09722963000000001,0,157.0,5.062595033026967,0,,1,51,9,61,3,1.2246467991473532e-16,-1.0,0.0,8.594339400592892,2.7265447837383743,3.8066624897703196,0.0,19.271590613121287,0.0,2.945026178010471,0,1,1,sweing_team2,16,1,437880,test,-0.9856129740972022,0.3000520504052399,0.4002755224590608,0.3989283209022275,0.6375391287463377,-0.973454127137173,0.2481663460992276,-0.980051246628074,0.5080276671718602,-3.236049061521538,3.393677892448722,-0.028538824941726233,-1.4377147039121636,-1.1680598507996036,2.6335255634550143,2.677088557763404,2
2015-03-03,1,finishing,Tuesday,3,0.8,4.6,,6300,0,0.0,0,0,15.0,0.902962963,0.9026263189206349,0.902962963,2.2267526866328193,0,0,0.10296296299999996,1,0.0,0.0,0,,0,51,9,61,3,1.2246467991473532e-16,-1.0,0.0,8.748463629942055,1.5260563034950492,2.70805020110221,0.0,0.0,0.0,3.2608695652173916,0,1,0,finishing_team3,5,0,458130,test,-0.9856129740972022,-1.1731446939116332,0.5133870917952844,-0.9280949784565565,-0.6134853132140259,-0.973454127137173,-1.168065122270806,-0.980051246628074,0.8918538855075924,0.663747223037126,-0.22888618729874646,-0.028538824941726233,-1.4377147039121636,-1.1680598507996036,2.6335255634550143,2.677088557763404,2
2015-03-03,1,sweing,Tuesday,3,0.8,29.4,1156.0,6840,50,0.0,0,0,57.0,0.800333333,0.8000824279598998,0.800333333,1.3868096155144782,0,0,0.0003333329999999357,0,1156.0,7.053585727193677,0,,0,51,9,61,3,1.2246467991473532e-16,-1.0,3.9318256327243257,8.830689198760998,3.380994674344636,4.04305126783455,27.733469164798553,28.51800871711008,15.896572609290468,1.9387755102040818,0,0,1,sweing_team3,17,0,464970,test,0.9792705109119583,0.8794231021043625,0.5737323286730242,1.1223590471356752,0.9067224814303124,0.9901689297140734,0.9276675119064436,1.0251164952105658,-0.7148106260006397,0.663747223037126,-0.22888618729874646,-0.028538824941726233,-1.4377147039121636,-1.1680598507996036,2.6335255634550143,2.677088557763404,2
2015-03-03,1,finishing,Tuesday,4,0.7,3.94,,3360,0,0.0,0,0,8.0,0.555430556,0.5553842481002507,0.555430556,0.22244978283313258,1,1,-0.14456944399999994,1,0.0,0.0,0,,0,51,9,61,3,1.2246467991473532e-16,-1.0,0.0,8.119993827725105,1.3711807233098425,2.0794415416798357,0.0,0.0,0.0,2.030456852791878,0,1,0,finishing_team4,6,0,510720,test,-0.9856129740972022,-1.1731446939116332,0.05215393001810756,-1.0992948748235933,-1.329301807783477,-0.973454127137173,-1.168065122270806,-0.980051246628074,-0.6033955879065779,-0.3112018481025408,-0.22888618729874646,-0.028538824941726233,-1.4377147039121636,-1.1680598507996036,2.6335255634550143,2.677088557763404,2
2015-03-03,1,sweing,Tuesday,4,0.7,26.66,950.0,6960,50,0.0,0,0,58.0,0.750770115,0.7505606161570593,0.750770115,1.1016044803645788,0,0,0.05077011500000006,0,950.0,6.85751406254539,0,,0,51,9,61,3,1.2246467991473532e-16,-1.0,3.9318256327243257,8.848078421168667,3.2831643147505627,4.060443010546419,26.962549567883492,27.84454504498621,15.964953909082741,2.175543885971493,0,0,1,sweing_team4,18,0,517680,test,0.9792705109119583,0.8223669607127927,0.5864942561413656,1.0142170960028583,0.9265270070534614,0.9355852248596405,0.878175985004846,1.0337420008373779,-0.42707969993644573,-0.3112018481025408,-0.22888618729874646,-0.028538824941726233,-1.4377147039121636,-1.1680598507996036,2.6335255634550143,2.677088557763404,2
2015-03-03,1,finishing,Tuesday,5,0.7,4.6,,3360,0,0.0,0,0,8.0,0.354444444,0.3545660442974102,0.354444444,-0.5990282588140071,1,1,-0.34555555599999993,1,0.0,0.0,0,,0,51,9,61,3,1.2246467991473532e-16,-1.0,0.0,8.119993827725105,1.5260563034950492,2.0794415416798357,0.0,0.0,0.0,1.7391304347826089,0,1,0,finishing_team5,7,0,432660,test,-0.9856129740972022,-1.1731446939116332,0.05215393001810756,-0.9280949784565565,-1.329301807783477,-0.973454127137173,-1.168065122270806,-0.980051246628074,-0.9574277502216814,-0.3112018481025408,-0.22888618729874646,-0.028538824941726233,-1.4377147039121636,-1.1680598507996036,2.6335255634550143,2.677088557763404,2
2015-03-03,1,sweing,Tuesday,5,0.7,27.48,573.0,6840,30,0.0,0,0,57.0,0.700659649,0.7004920135371763,0.700659649,0.8496418814370696,0,0,0.0006596490000000399,0,573.0,6.352629396319567,0,,0,51,9,61,3,1.2246467991473532e-16,-1.0,3.4339872044851463,8.830689198760998,3.3134584673541485,4.04305126783455,21.81484806179759,25.68400633487286,13.883786320821294,2.074235807860262,0,0,1,sweing_team5,19,0,439500,test,0.7304816282848566,0.6754473588708351,0.5737323286730242,1.0477043364061487,0.9067224814303124,0.5711106145224599,0.7194022246380803,0.7712269156105733,-0.5501935534578427,-0.3112018481025408,-0.22888618729874646,-0.028538824941726233,-1.4377147039121636,-1.1680598507996036,2.6335255634550143,2.677088557763404,2
2015-03-03,1,finishing,Tuesday,6,0.75,2.9,,3360,0,0.0,0,0,8.0,0.309333333,0.30949262010693396,0.309333333,-0.8024924132699591,1,1,-0.440666667,1,0.0,0.0,0,,0,51,9,61,3,1.2246467991473532e-16,-1.0,0.0,8.119993827725105,1.0647107369924282,2.0794415416798357,0.0,0.0,0.0,2.7586206896551726,0,1,0,finishing_team6,8,0,285855,test,-0.9856129740972022,-1.1731446939116332,0.05215393001810756,-1.4380676486489155,-1.329301807783477,-0.973454127137173,-1.168065122270806,-0.980051246628074,0.28149984809940837,0.1762726874672926,-0.22888618729874646,-0.028538824941726233,-1.4377147039121636,-1.1680598507996036,2.6335255634550143,2.677088557763404,2
2015-03-03,1,sweing,Tuesday,6,0.75,20.2,402.0,3120,45,0.0,0,0,33.0,0.750212553,0.7500035199565581,0.750212553,1.0986310618578614,0,0,0.0002125530000000042,0,402.0,5.998936561946683,0,,0,51,9,61,3,1.2246467991473532e-16,-1.0,3.828641396489095,8.045908742270779,3.005682604407159,3.4965075614664802,22.967776855981036,20.975327049604306,13.386873592967705,1.6336633663366338,0,0,1,sweing_team6,20,0,288975,test,0.9277054058868384,0.5725240302839948,-0.002217016818309519,0.707488042928574,0.28435593563553735,0.6527418576141052,0.3733706016064526,0.708547154577133,-1.0855957843811361,0.1762726874672926,-0.22888618729874646,-0.028538824941726233,-1.4377147039121636,-1.1680598507996036,2.6335255634550143,2.677088557763404,2
2015-03-03,1,finishing,Tuesday,7,0.8,4.6,,4200,0,0.0,0,0,10.0,0.999533333,0.9991160119197995,0.999,7.030182600325532,0,0,0.19953333299999998,1,0.0,0.0,0,,0,51,9,61,3,1.2246467991473532e-16,-1.0,0.0,8.343077871169383,1.5260563034950492,2.302585092994046,0.0,0.0,0.0,2.173913043478261,0,1,0,finishing_team7,9,0,417450,test,-0.9856129740972022,-1.1731446939116332,0.21587501627695377,-0.9280949784565565,-1.0752012122964671,-0.973454127137173,-1.168065122270806,-0.980051246628074,-0.42906156858474587,0.663747223037126,-0.22888618729874646,-0.028538824941726233,-1.4377147039121636,-1.1680598507996036,2.6335255634550143,2.677088557763404,2
2015-03-03,1,sweing,Tuesday,7,0.8,30.1,29.0,7080,50,0.0,0,0,59.0,0.800115819,0.7998650956758563,0.800115819,1.3854514222617493,0,0,0.00011581899999990597,0,29.0,3.4011973816621555,0,,0,51,9,61,3,1.2246467991473532e-16,-1.0,3.9318256327243257,8.865170419651774,3.40452517175483,4.07753744390572,13.372915047174125,13.868509677841532,16.032166240341738,1.9601328903654485,0,0,1,sweing_team7,21,0,424530,test,0.9792705109119583,-0.1834086244145116,0.5990380513621463,1.1483697243081041,0.9459929771454892,-0.02660668558902059,-0.14889549484105372,1.0422200546799745,-0.6888562359676913,0.663747223037126,-0.22888618729874646,-0.028538824941726233,-1.4377147039121636,-1.1680598507996036,2.6335255634550143,2.677088557763404,2
2015-03-03,1,finishing,Tuesday,8,0.75,4.6,,3360,0,0.0,0,0,8.0,0.702777778,0.702608373005848,0.702777778,0.8597497773251435,1,0,-0.047222222000000036,1,0.0,0.0,0,,0,51,9,61,3,1.2246467991473532e-16,-1.0,0.0,8.119993827725105,1.5260563034950492,2.0794415416798357,0.0,0.0,0.0,1.7391304347826089,0,1,0,finishing_team8,10,0,419160,test,-0.9856129740972022,-1.1731446939116332,0.05215393001810756,-0.9280949784565565,-1.329301807783477,-0.973454127137173,-1.168065122270806,-0.980051246628074,-0.9574277502216814,0.1762726874672926,-0.22888618729874646,-0.028538824941726233,-1.4377147039121636,-1.1680598507996036,2.6335255634550143,2.677088557763404,2
2015-03-03,1,sweing,Tuesday,8,0.75,29.4,534.0,6840,56,0.0,0,0,57.0,0.750473684,0.750264432802005,0.750473684,1.1000230945972098,0,0,0.00047368400000002975,0,534.0,6.282266746896006,0,,0,51,9,61,3,1.2246467991473532e-16,-1.0,4.04305126783455,8.830689198760998,3.380994674344636,4.04305126783455,25.399526535912734,25.399526535912734,16.346263554338563,1.9387755102040818,0,0,1,sweing_team8,22,0,426000,test,1.0348542101784763,0.6549720837646765,0.5737323286730242,1.1223590471356752,0.9067224814303124,0.8249179280375403,0.6984963611060585,1.081839777579017,-0.7148106260006397,0.1762726874672926,-0.22888618729874646,-0.028538824941726233,-1.4377147039121636,-1.1680598507996036,2.6335255634550143,2.677088557763404,2
2015-03-03,1,sweing,Tuesday,9,0.75,18.79,1096.0,6240,34,0.0,0,0,52.0,0.750395513,0.7501863271077694,0.750395513,1.09960628026814,0,0,0.0003955129999999585,0,1096.0,7.00033446027523,0,,0,51,9,61,3,1.2246467991473532e-16,-1.0,3.5553480614894135,8.738895704934043,2.933324813425374,3.9512437185814275,24.88862555311708,27.66002756413161,14.0480466953307,2.7674294837679616,0,0,1,sweing_team9,23,0,424260,test,0.7911302851503994,0.8639271770810847,0.506365204208124,0.6275035398673704,0.8021783312721362,0.7887444171210313,0.8646161565456048,0.7919464513447166,0.2922046665928689,0.1762726874672926,-0.22888618729874646,-0.028538824941726233,-1.4377147039121636,-1.1680598507996036,2.6335255634550143,2.677088557763404,2
2015-03-03,1,finishing,Tuesday,10,0.7,2.9,,3360,0,0.0,0,0,8.0,0.463194444,0.46322519216708435,0.463194444,-0.1473653422751705,1,1,-0.23680555599999997,1,0.0,0.0,0,,0,51,9,61,3,1.2246467991473532e-16,-1.0,0.0,8.119993827725105,1.0647107369924282,2.0794415416798357,0.0,0.0,0.0,2.7586206896551726,0,1,0,finishing_team10,1,0,423990,test,-0.9856129740972022,-1.1731446939116332,0.05215393001810756,-1.4380676486489155,-1.329301807783477,-0.973454127137173,-1.168065122270806,-0.980051246628074,0.28149984809940837,-0.3112018481025408,-0.22888618729874646,-0.028538824941726233,-1.4377147039121636,-1.1680598507996036,2.6335255634550143,2.677088557763404,2
2015-03-03,1,sweing,Tuesday,10,0.7,21.82,1313.0,5040,30,0.0,0,0,51.0,0.699984417,0.6998173456407686,0.699984417,0.8464282289474516,1,1,-1.558299999993018e-05,0,1313.0,7.1808311990445555,0,,0,51,9,61,3,1.2246467991473532e-16,-1.0,3.4339872044851463,8.525359754082631,3.0828269804049246,3.9318256327243257,24.658882455086733,28.233776172669938,13.501838913042048,2.3373052245646195,0,0,1,sweing_team10,13,0,429030,test,0.7304816282848566,0.9164510716806089,0.34965145055303015,0.7927636503569598,0.7800663448380777,0.7724778317268954,0.9067798186250731,0.7230486925444117,-0.23050049207590725,-0.3112018481025408,-0.22888618729874646,-0.028538824941726233,-1.4377147039121636,-1.1680598507996036,2.6335255634550143,2.677088557763404,2
2015-03-03,1,sweing,Tuesday,11,0.8,11.41,601.0,0,50,0.0,0,0,56.0,0.800701754,0.8004505411729322,0.800701754,1.3891126260852624,0,0,0.0007017539999999434,0,601.0,6.400257445308821,0,,0,51,9,61,3,1.2246467991473532e-16,-1.0,3.9318256327243257,0.0,2.4344901638739844,4.02535169073515,25.164696279499932,25.763287128614092,15.826980958362665,4.9079754601226995,0,0,1,sweing_team11,14,0,355140,test,0.9792705109119583,0.6893069479257354,-5.90709886711144,0.07609033318004338,0.8865674150869745,0.8082911546902032,0.7252284149711835,1.0163383178655843,2.8934865061260435,0.663747223037126,-0.22888618729874646,-0.028538824941726233,-1.4377147039121636,-1.1680598507996036,2.6335255634550143,2.677088557763404,2
2015-03-03,1,finishing,Tuesday,12,0.8,4.6,,3780,0,0.0,0,0,9.0,0.636049383,0.6359357243675857,0.636049383,0.557767062462055,1,1,-0.16395061700000002,1,0.0,0.0,0,,0,51,9,61,3,1.2246467991473532e-16,-1.0,0.0,8.237743803890933,1.5260563034950492,2.1972245773362196,0.0,0.0,0.0,1.956521739130435,0,1,0,finishing_team12,3,0,288275,test,-0.9856129740972022,-1.1731446939116332,0.138570482753928,-0.9280949784565565,-1.1951785524965162,-0.973454127137173,-1.168065122270806,-0.980051246628074,-0.6932446594032137,0.663747223037126,-0.22888618729874646,-0.028538824941726233,-1.4377147039121636,-1.1680598507996036,2.6335255634550143,2.677088557763404,2
2015-03-03,1,sweing,Tuesday,12,0.8,15.26,983.0,4080,50,0.0,0,0,34.0,0.800401961,0.8001509986265665,0.800401961,1.387238369876064,0,0,0.00040196100000000623,0,983.0,6.891625897052253,0,,0,51,9,61,3,1.2246467991473532e-16,-1.0,3.9318256327243257,8.314097335405807,2.725235025856311,3.5263605246161616,27.096671353176824,24.30235751378751,13.865034700913025,2.2280471821756227,0,0,1,sweing_team12,15,0,292355,test,0.9792705109119583,0.8322933805054775,0.19460623917250247,0.39748051090269754,0.31835044575563654,0.9450814991433611,0.6178675574723528,0.7688616168589856,-0.3632754778173688,0.663747223037126,-0.22888618729874646,-0.028538824941726233,-1.4377147039121636,-1.1680598507996036,2.6335255634550143,2.677088557763404,2
2015-03-04,1,finishing,Wednesday,1,0.7,3.94,,960,0,0.0,0,0,8.0,0.806879167,0.8066227934269006,0.806879167,1.4282134210117379,0,0,0.106879167,1,0.0,0.0,0,,0,52,9,62,4,-0.8660254037844384,-0.5000000000000004,0.0,6.8679744089702925,1.3711807233098425,2.0794415416798357,0.0,0.0,0.0,2.030456852791878,0,1,0,finishing_team1,0,0,447210,test,-0.9856129740972022,-1.1731446939116332,-0.8667014757335281,-1.0992948748235933,-1.329301807783477,-0.973454127137173,-1.168065122270806,-0.980051246628074,-0.6033955879065779,-0.3112018481025408,-0.22888618729874646,-1.2647205579438705,-0.736328099691826,-1.1680598507996036,2.6335255634550143,2.761956008286854,2
2015-03-04,1,sweing,Wednesday,1,0.7,26.82,1772.0,6960,50,0.0,0,0,58.0,0.750651724,0.7504423240634921,0.750651724,1.1009727435500687,0,0,0.050651724000000065,0,1772.0,7.480428306074208,0,,0,52,9,62,4,-0.8660254037844384,-0.5000000000000004,3.9318256327243257,8.848078421168667,3.2891478778535324,4.060443010546419,29.411739757579177,30.373852831292606,15.964953909082741,2.162565249813572,0,0,1,sweing_team1,12,0,454170,test,0.9792705109119583,1.003632740331467,0.5864942561413656,1.0208313432709495,0.9265270070534614,1.1089961421351697,1.0640498628840058,1.0337420008373779,-0.442851886524562,-0.3112018481025408,-0.22888618729874646,-1.2647205579438705,-0.736328099691826,-1.1680598507996036,2.6335255634550143,2.761956008286854,2
2015-03-04,1,finishing,Wednesday,2,0.5,3.9,,960,0,0.0,0,0,8.0,0.5403125,0.5402788220551379,0.5403125,0.16146517263466975,0,1,0.04031249999999997,1,0.0,0.0,0,,0,52,9,62,4,-0.8660254037844384,-0.5000000000000004,0.0,6.8679744089702925,1.3609765531356006,2.0794415416798357,0.0,0.0,0.0,2.0512820512820515,0,1,0,finishing_team2,4,0,438840,test,-0.9856129740972022,-1.1731446939116332,-0.8667014757335281,-1.110574592867282,-1.329301807783477,-0.973454127137173,-1.168065122270806,-0.980051246628074,-0.5780879275079841,-2.2610999903818723,-0.22888618729874646,-1.2647205579438705,-0.736328099691826,-1.1680598507996036,2.6335255634550143,2.761956008286854,2
2015-03-04,1,sweing,Wednesday,2,0.5,15.28,261.0,5520,0,0.0,0,1,46.0,0.404144928,0.40422500742522977,0.404144928,-0.38789139455135396,1,1,-0.09585507199999999,0,261.0,5.568344503761097,0,,0,52,9,62,4,-0.8660254037844384,-0.5000000000000004,0.0,8.616314282284044,2.7265447837383743,3.828641396489095,0.0,21.31919427701226,0.0,3.010471204188482,0,1,1,sweing_team2,16,1,444360,test,-0.9856129740972022,0.4472233072142245,0.4164028592480935,0.3989283209022275,0.6625672026140437,-0.973454127137173,0.39864073099913094,-0.980051246628074,0.5875592259261114,-2.2610999903818723,3.393677892448722,-1.2647205579438705,-0.736328099691826,-1.1680598507996036,2.6335255634550143,2.761956008286854,2
2015-03-04,1,finishing,Wednesday,3,0.8,4.6,,1200,0,0.0,0,0,10.0,0.939166667,0.9387997775538847,0.939166667,2.7304514027774296,0,0,0.1391666669999999,1,0.0,0.0,0,,0,52,9,62,4,-0.8660254037844384,-0.5000000000000004,0.0,7.0909098220799835,1.5260563034950492,2.302585092994046,0.0,0.0,0.0,2.173913043478261,0,1,0,finishing_team3,5,0,466170,test,-0.9856129740972022,-1.1731446939116332,-0.7030894690818731,-0.9280949784565565,-1.0752012122964671,-0.973454127137173,-1.168065122270806,-0.980051246628074,-0.42906156858474587,0.663747223037126,-0.22888618729874646,-1.2647205579438705,-0.736328099691826,-1.1680598507996036,2.6335255634550143,2.761956008286854,2
2015-03-04,1,sweing,Wednesday,3,0.8,29.4,1169.0,6840,63,0.0,0,0,57.0,0.800333333,0.8000824279598998,0.800333333,1.3868096155144782,0,0,0.0003333329999999357,0,1169.0,7.064759027791802,0,,0,52,9,62,4,-0.8660254037844384,-0.5000000000000004,4.1588830833596715,8.830689198760998,3.380994674344636,4.04305126783455,29.381506808695846,28.563182944259232,16.814577522952984,1.9387755102040818,0,0,1,sweing_team3,17,0,473010,test,1.0927397937785401,0.8826744919463405,0.5737323286730242,1.1223590471356752,0.9067224814303124,1.106855547492965,0.9309872774272181,1.1409121377662224,-0.7148106260006397,0.663747223037126,-0.22888618729874646,-1.2647205579438705,-0.736328099691826,-1.1680598507996036,2.6335255634550143,2.761956008286854,2
2015-03-04,1,finishing,Wednesday,4,0.7,3.94,,960,0,0.0,0,0,8.0,0.806058333,0.8058026451695907,0.806058333,1.422963920502764,0,0,0.106058333,1,0.0,0.0,0,,0,52,9,62,4,-0.8660254037844384,-0.5000000000000004,0.0,6.8679744089702925,1.3711807233098425,2.0794415416798357,0.0,0.0,0.0,2.030456852791878,0,1,0,finishing_team4,6,0,518640,test,-0.9856129740972022,-1.1731446939116332,-0.8667014757335281,-1.0992948748235933,-1.329301807783477,-0.973454127137173,-1.168065122270806,-0.980051246628074,-0.6033955879065779,-0.3112018481025408,-0.22888618729874646,-1.2647205579438705,-0.736328099691826,-1.1680598507996036,2.6335255634550143,2.761956008286854,2
2015-03-04,1,sweing,Wednesday,4,0.7,26.82,1028.0,6960,60,0.0,0,0,58.0,0.799975862,0.7997252555989975,0.799975862,1.3845780923207056,0,0,0.09997586200000008,0,1028.0,6.9363427358340495,0,,0,52,9,62,4,-0.8660254037844384,-0.5000000000000004,4.110873864173311,8.848078421168667,3.2891478778535324,4.060443010546419,28.514430065688597,28.164624380471793,16.69196904902047,2.162565249813572,0,0,1,sweing_team4,18,0,525600,test,1.0687477527474374,0.8453058179767197,0.5864942561413656,1.0208313432709495,0.9265270070534614,1.045463592721234,0.9016979887869839,1.125446504837156,-0.442851886524562,-0.3112018481025408,-0.22888618729874646,-1.2647205579438705,-0.736328099691826,-1.1680598507996036,2.6335255634550143,2.761956008286854,2
2015-03-04,1,finishing,Wednesday,5,0.7,4.6,,960,0,0.0,0,0,8.0,0.592083333,0.5920064045680868,0.592083333,0.37226597654250554,1,1,-0.10791666699999991,1,0.0,0.0,0,,0,52,9,62,4,-0.8660254037844384,-0.5000000000000004,0.0,6.8679744089702925,1.5260563034950492,2.0794415416798357,0.0,0.0,0.0,1.7391304347826089,0,1,0,finishing_team5,7,0,440460,test,-0.9856129740972022,-1.1731446939116332,-0.8667014757335281,-0.9280949784565565,-1.329301807783477,-0.973454127137173,-1.168065122270806,-0.980051246628074,-0.9574277502216814,-0.3112018481025408,-0.22888618729874646,-1.2647205579438705,-0.736328099691826,-1.1680598507996036,2.6335255634550143,2.761956008286854,2
2015-03-04,1,sweing,Wednesday,5,0.7,27.48,586.0,6960,40,0.0,0,0,58.0,0.700424138,0.7002566992882207,0.700424138,0.8485205370169365,0,0,0.00042413800000007384,0,586.0,6.375024819828097,0,,0,52,9,62,4,-0.8660254037844384,-0.5000000000000004,3.713572066704308,8.848078421168667,3.3134584673541485,4.060443010546419,23.674114095460283,25.88542497173094,15.078747742409927,2.1106259097525473,0,0,1,sweing_team5,19,0,447420,test,0.870200865542169,0.6819643456701203,0.5864942561413656,1.0477043364061487,0.9265270070534614,0.7027529139703208,0.7342040859665581,0.9219574003636714,-0.5059707653295695,-0.3112018481025408,-0.22888618729874646,-1.2647205579438705,-0.736328099691826,-1.1680598507996036,2.6335255634550143,2.761956008286854,2
2015-03-04,1,sweing,Wednesday,6,0.75,18.79,52.0,3960,0,0.0,0,0,33.0,0.332146465,0.33228669351712614,0.332146465,-0.6978607685248119,1,1,-0.417853535,0,52.0,3.970291913552122,0,,0,52,9,62,4,-0.8660254037844384,-0.5000000000000004,0.0,8.284251797621916,2.933324813425374,3.4965075614664802,0.0,13.882155696964215,0.0,1.7562533262373603,0,1,1,sweing_team6,20,0,292935,test,-0.9856129740972022,-0.017804185165584675,0.1727026382223141,0.6275035398673704,0.28435593563553735,-0.973454127137173,-0.1478926756089782,-0.980051246628074,-0.9366192896356608,0.1762726874672926,-0.22888618729874646,-1.2647205579438705,-0.736328099691826,-1.1680598507996036,2.6335255634550143,2.761956008286854,2
2015-03-04,1,finishing,Wednesday,7,0.8,4.6,,8400,0,0.0,0,0,20.0,0.684888889,0.6847344287752716,0.684888889,0.7756157009867436,1,1,-0.11511111100000004,1,0.0,0.0,0,,0,52,9,62,4,-0.8660254037844384,-0.5000000000000004,0.0,9.036106025364846,1.5260563034950492,2.995732273553991,0.0,0.0,0.0,4.347826086956522,0,1,0,finishing_team7,9,0,432930,test,-0.9856129740972022,-1.1731446939116332,0.7244874677147257,-0.9280949784565565,-0.28589266941854513,-0.973454127137173,-1.168065122270806,-0.980051246628074,2.212769339599931,0.663747223037126,-0.22888618729874646,-1.2647205579438705,-0.736328099691826,-1.1680598507996036,2.6335255634550143,2.761956008286854,2
2015-03-04,1,sweing,Wednesday,7,0.8,30.1,874.0,3960,50,0.0,0,0,59.0,0.800055762,0.7998050888487886,0.800055762,1.3850766113111868,0,0,5.576199999990372e-05,0,874.0,6.774223886357614,0,,0,52,9,62,4,-0.8660254037844384,-0.5000000000000004,3.9318256327243257,8.284251797621916,3.40452517175483,4.07753744390572,26.635067118194268,27.622151550023695,16.032166240341738,1.9601328903654485,0,0,1,sweing_team7,21,0,436890,test,0.9792705109119583,0.7981298223296253,0.1727026382223141,1.1483697243081041,0.9459929771454892,0.9123983640632962,0.8618327224143538,1.0422200546799745,-0.6888562359676913,0.663747223037126,-0.22888618729874646,-1.2647205579438705,-0.736328099691826,-1.1680598507996036,2.6335255634550143,2.761956008286854,2
2015-03-04,1,finishing,Wednesday,8,0.8,4.6,,960,0,0.0,0,0,8.0,0.930416667,0.9300570874954052,0.930416667,2.5875665949964155,0,0,0.130416667,1,0.0,0.0,0,,0,52,9,62,4,-0.8660254037844384,-0.5000000000000004,0.0,6.8679744089702925,1.5260563034950492,2.0794415416798357,0.0,0.0,0.0,1.7391304347826089,0,1,0,finishing_team8,10,0,426960,test,-0.9856129740972022,-1.1731446939116332,-0.8667014757335281,-0.9280949784565565,-1.329301807783477,-0.973454127137173,-1.168065122270806,-0.980051246628074,-0.9574277502216814,0.663747223037126,-0.22888618729874646,-1.2647205579438705,-0.736328099691826,-1.1680598507996036,2.6335255634550143,2.761956008286854,2
2015-03-04,1,sweing,Wednesday,8,0.8,29.4,30.0,6840,0,0.0,0,0,57.0,0.433263158,0.43331891141854634,0.433263158,-0.26832271860433415,1,1,-0.36673684200000006,0,30.0,3.4339872044851463,0,,0,52,9,62,4,-0.8660254037844384,-0.5000000000000004,0.0,8.830689198760998,3.380994674344636,4.04305126783455,0.0,13.883786320821294,0.0,1.9387755102040818,0,1,1,sweing_team8,22,0,433800,test,-0.9856129740972022,-0.1738669052142945,0.5737323286730242,1.1223590471356752,0.9067224814303124,-0.973454127137173,-0.1477728442538073,-0.980051246628074,-0.7148106260006397,0.663747223037126,-0.22888618729874646,-1.2647205579438705,-0.736328099691826,-1.1680598507996036,2.6335255634550143,2.761956008286854,2
2015-03-04,1,finishing,Wednesday,9,0.75,2.9,,960,0,0.0,0,0,8.0,0.83375,0.8334711779448621,0.83375,1.6104307221669623,0,0,0.08374999999999999,1,0.0,0.0,0,,0,52,9,62,4,-0.8660254037844384,-0.5000000000000004,0.0,6.8679744089702925,1.0647107369924282,2.0794415416798357,0.0,0.0,0.0,2.7586206896551726,0,1,0,finishing_team9,11,0,425220,test,-0.9856129740972022,-1.1731446939116332,-0.8667014757335281,-1.4380676486489155,-1.329301807783477,-0.973454127137173,-1.168065122270806,-0.980051246628074,0.28149984809940837,0.1762726874672926,-0.22888618729874646,-1.2647205579438705,-0.736328099691826,-1.1680598507996036,2.6335255634550143,2.761956008286854,2
2015-03-04,1,sweing,Wednesday,9,0.75,18.79,1206.0,6240,34,0.0,0,0,52.0,0.750395513,0.7501863271077694,0.750395513,1.09960628026814,0,0,0.0003955129999999585,0,1206.0,7.095893221097532,0,,0,52,9,62,4,-0.8660254037844384,-0.5000000000000004,3.5553480614894135,8.738895704934043,2.933324813425374,3.9512437185814275,25.22837020816498,28.037603517586156,14.0480466953307,2.7674294837679616,0,0,1,sweing_team9,23,0,431460,test,0.7911302851503994,0.8917344289777859,0.506365204208124,0.6275035398673704,0.8021783312721362,0.8127994833707595,0.8923634742277304,0.7919464513447166,0.2922046665928689,0.1762726874672926,-0.22888618729874646,-1.2647205579438705,-0.736328099691826,-1.1680598507996036,2.6335255634550143,2.761956008286854,2
2015-03-04,1,sweing,Wednesday,10,0.7,21.82,1334.0,5760,30,0.0,0,0,53.0,0.700058333,0.6998911998897244,0.700058333,0.8467798182914826,0,0,5.8333000000021507e-05,0,1334.0,7.19668657083435,0,,0,52,9,62,4,-0.8660254037844384,-0.5000000000000004,3.4339872044851463,8.658866349732383,3.0828269804049246,3.970291913552122,24.713329598935243,28.57294649655277,13.633931629208833,2.4289642529789184,0,0,1,sweing_team10,13,0,434790,test,0.7304816282848566,0.9210649272128562,0.4476317656173736,0.7927636503569598,0.8238691112946817,0.7763328729554314,0.9317047817722809,0.739710652320237,-0.11911257110753404,-0.3112018481025408,-0.22888618729874646,-1.2647205579438705,-0.736328099691826,-1.1680598507996036,2.6335255634550143,2.761956008286854,2
2015-03-04,1,sweing,Wednesday,11,0.8,11.41,433.0,0,38,0.0,0,0,56.0,0.800701754,0.8004505411729322,0.800701754,1.3891126260852624,0,0,0.0007017539999999434,0,433.0,6.073044534100405,0,,0,52,9,62,4,-0.8660254037844384,-0.5000000000000004,3.6635616461296463,0.0,2.4344901638739844,4.02535169073515,22.24897303036753,24.446140083250924,14.74712406636042,4.9079754601226995,0,0,1,sweing_team11,14,0,355140,test,0.8452087477209552,0.5940891806846408,-5.90709886711144,0.07609033318004338,0.8865674150869745,0.6018481249569916,0.6284338570355318,0.8801269307405657,2.8934865061260435,0.663747223037126,-0.22888618729874646,-1.2647205579438705,-0.736328099691826,-1.1680598507996036,2.6335255634550143,2.761956008286854,2
2015-03-04,1,finishing,Wednesday,12,0.8,4.6,,1080,0,0.0,0,0,9.0,0.885925926,0.8856035150342523,0.885925926,2.046598997835985,0,0,0.08592592599999993,1,0.0,0.0,0,,0,52,9,62,4,-0.8660254037844384,-0.5000000000000004,0.0,6.985641817639208,1.5260563034950492,2.1972245773362196,0.0,0.0,0.0,1.956521739130435,0,1,0,finishing_team12,3,0,293435,test,-0.9856129740972022,-1.1731446939116332,-0.7803455191751631,-0.9280949784565565,-1.1951785524965162,-0.973454127137173,-1.168065122270806,-0.980051246628074,-0.6932446594032137,0.663747223037126,-0.22888618729874646,-1.2647205579438705,-0.736328099691826,-1.1680598507996036,2.6335255634550143,2.761956008286854,2
2015-03-04,1,sweing,Wednesday,12,0.8,15.26,961.0,4080,50,0.0,0,0,34.0,0.800401961,0.8001509986265665,0.800401961,1.387238369876064,0,0,0.00040196100000000623,0,961.0,6.8690144506657065,0,,0,52,9,62,4,-0.8660254037844384,-0.5000000000000004,3.9318256327243257,8.314097335405807,2.725235025856311,3.5263605246161616,27.007767088681227,24.222621401845515,13.865034700913025,2.2280471821756227,0,0,1,sweing_team12,15,0,297515,test,0.9792705109119583,0.8257135318342637,0.19460623917250247,0.39748051090269754,0.31835044575563654,0.9387867776796094,0.6120079066960001,0.7688616168589856,-0.3632754778173688,0.663747223037126,-0.22888618729874646,-1.2647205579438705,-0.736328099691826,-1.1680598507996036,2.6335255634550143,2.761956008286854,2
2015-03-05,1,finishing,Thursday,1,0.7,3.94,,960,0,0.0,0,0,8.0,0.812625,0.8123638262322473,0.812625,1.4654434597684056,0,0,0.11262500000000009,1,0.0,0.0,0,,0,53,9,63,5,-0.8660254037844386,0.5000000000000001,0.0,6.8679744089702925,1.3711807233098425,2.0794415416798357,0.0,0.0,0.0,2.030456852791878,0,1,0,finishing_team1,0,0,455130,test,-0.9856129740972022,-1.1731446939116332,-0.8667014757335281,-1.0992948748235933,-1.329301807783477,-0.973454127137173,-1.168065122270806,-0.980051246628074,-0.6033955879065779,-0.3112018481025408,-0.22888618729874646,-1.2647205579438707,0.6664451087488514,-1.1680598507996036,2.6335255634550143,2.8468234588103036,2
2015-03-05,1,sweing,Thursday,1,0.7,26.82,1373.0,6960,50,0.0,0,0,58.0,0.750651724,0.7504423240634921,0.750651724,1.1009727435500687,0,0,0.050651724000000065,0,1373.0,7.2254814727822945,0,,0,53,9,63,5,-0.8660254037844386,0.5000000000000001,3.9318256327243257,8.848078421168667,3.2891478778535324,4.060443010546419,28.409333263460137,29.338655743991513,15.964953909082741,2.162565249813572,0,0,1,sweing_team1,12,0,462090,test,0.9792705109119583,0.9294441389660965,0.5864942561413656,1.0208313432709495,0.9265270070534614,1.0380223850298758,0.9879752554251585,1.0337420008373779,-0.442851886524562,-0.3112018481025408,-0.22888618729874646,-1.2647205579438707,0.6664451087488514,-1.1680598507996036,2.6335255634550143,2.8468234588103036,2
2015-03-05,1,finishing,Thursday,2,0.6,3.9,,960,0,0.0,0,0,8.0,0.950625,0.950248538011696,0.950625,2.949683719465594,0,0,0.3506250000000001,1,0.0,0.0,0,,0,53,9,63,5,-0.8660254037844386,0.5000000000000001,0.0,6.8679744089702925,1.3609765531356006,2.0794415416798357,0.0,0.0,0.0,2.0512820512820515,0,1,0,finishing_team2,4,0,445320,test,-0.9856129740972022,-1.1731446939116332,-0.8667014757335281,-1.110574592867282,-1.329301807783477,-0.973454127137173,-1.168065122270806,-0.980051246628074,-0.5780879275079841,-1.2861509192422065,-0.22888618729874646,-1.2647205579438707,0.6664451087488514,-1.1680598507996036,2.6335255634550143,2.8468234588103036,2
2015-03-05,1,sweing,Thursday,2,0.6,15.28,529.0,1320,0,0.0,0,1,46.0,0.600099145,0.6000155199832915,0.600099145,0.4055297751234144,0,1,9.914499999996718e-05,0,529.0,6.272877006546167,0,,0,53,9,63,5,-0.8660254037844386,0.5000000000000001,0.0,7.186144304522325,2.7265447837383743,3.828641396489095,0.0,24.01659658234725,0.0,3.010471204188482,0,1,1,sweing_team2,16,1,446640,test,-0.9856129740972022,0.6522397034689742,-0.6331970075950265,0.3989283209022275,0.6625672026140437,-0.973454127137173,0.5968675460222923,-0.980051246628074,0.5875592259261114,-1.2861509192422065,3.393677892448722,-1.2647205579438707,0.6664451087488514,-1.1680598507996036,2.6335255634550143,2.8468234588103036,2
2015-03-05,1,finishing,Thursday,3,0.8,4.6,,1800,0,0.0,0,0,15.0,0.810111111,0.8098520373901421,0.810111111,1.4490490414218076,0,0,0.01011111099999995,1,0.0,0.0,0,,0,53,9,63,5,-0.8660254037844386,0.5000000000000001,0.0,7.496097345175956,1.5260563034950492,2.70805020110221,0.0,0.0,0.0,3.2608695652173916,0,1,0,finishing_team3,5,0,474810,test,-0.9856129740972022,-1.1731446939116332,-0.40572287846610844,-0.9280949784565565,-0.6134853132140259,-0.973454127137173,-1.168065122270806,-0.980051246628074,0.8918538855075924,0.663747223037126,-0.22888618729874646,-1.2647205579438707,0.6664451087488514,-1.1680598507996036,2.6335255634550143,2.8468234588103036,2
2015-03-05,1,sweing,Thursday,3,0.8,29.4,797.0,1800,63,0.0,0,0,57.0,0.800534979,0.8002839055004177,0.800534979,1.3880697160254805,0,0,0.000534978999999991,0,797.0,6.682108597449809,0,,0,53,9,63,5,-0.8660254037844386,0.5000000000000001,4.1588830833596715,7.496097345175956,3.380994674344636,4.04305126783455,27.79010840710623,27.0161076367276,16.814577522952984,1.9387755102040818,0,0,1,sweing_team3,17,0,476610,test,1.0927397937785401,0.7713246082377433,-0.40572287846610844,1.1223590471356752,0.9067224814303124,0.9941791788991666,0.8172957416090607,1.1409121377662224,-0.7148106260006397,0.663747223037126,-0.22888618729874646,-1.2647205579438707,0.6664451087488514,-1.1680598507996036,2.6335255634550143,2.8468234588103036,2
2015-03-05,1,finishing,Thursday,4,0.7,3.94,,960,0,0.0,0,0,8.0,0.812625,0.8123638262322473,0.812625,1.4654434597684056,0,0,0.11262500000000009,1,0.0,0.0,0,,0,53,9,63,5,-0.8660254037844386,0.5000000000000001,0.0,6.8679744089702925,1.3711807233098425,2.0794415416798357,0.0,0.0,0.0,2.030456852791878,0,1,0,finishing_team4,6,0,526560,test,-0.9856129740972022,-1.1731446939116332,-0.8667014757335281,-1.0992948748235933,-1.329301807783477,-0.973454127137173,-1.168065122270806,-0.980051246628074,-0.6033955879065779,-0.3112018481025408,-0.22888618729874646,-1.2647205579438707,0.6664451087488514,-1.1680598507996036,2.6335255634550143,2.8468234588103036,2
2015-03-05,1,sweing,Thursday,4,0.7,26.82,1117.0,7080,50,0.0,0,0,59.0,0.750050847,0.7498419490492899,0.750050847,1.0977695278133037,0,0,0.050050847000000065,0,1117.0,7.0192966537150445,0,,0,53,9,63,5,-0.8660254037844386,0.5000000000000001,3.9318256327243257,8.865170419651774,3.2891478778535324,4.07753744390572,27.5986505067729,28.621444935405215,16.032166240341738,2.199850857568978,0,0,1,sweing_team4,18,0,533640,test,0.9792705109119583,0.8694451064154283,0.5990380513621463,1.0208313432709495,0.9459929771454892,0.9806233144929911,0.9352688371037016,1.0422200546799745,-0.397540841865168,-0.3112018481025408,-0.22888618729874646,-1.2647205579438707,0.6664451087488514,-1.1680598507996036,2.6335255634550143,2.8468234588103036,2
2015-03-05,1,sweing,Thursday,5,0.7,27.48,230.0,6960,40,0.0,0,0,58.0,0.700424138,0.7002566992882207,0.700424138,0.8485205370169365,0,0,0.00042413800000007384,0,230.0,5.442417710521793,0,,0,53,9,63,5,-0.8660254037844386,0.5000000000000001,3.713572066704308,8.848078421168667,3.3134584673541485,4.060443010546419,20.210810385130543,22.09862695316226,15.078747742409927,2.1106259097525473,0,0,1,sweing_team5,19,0,454380,test,0.870200865542169,0.41057906831852814,0.5864942561413656,1.0477043364061487,0.9265270070534614,0.4575393426687608,0.45591971256321223,0.9219574003636714,-0.5059707653295695,-0.3112018481025408,-0.22888618729874646,-1.2647205579438707,0.6664451087488514,-1.1680598507996036,2.6335255634550143,2.8468234588103036,2
2015-03-05,1,sweing,Thursday,6,0.35,22.53,1450.0,2640,0,0.0,0,1,39.0,0.26369382,0.2638912353550543,0.26369382,-1.0258408548961993,1,1,-0.08630617999999995,0,1450.0,7.280008252884188,0,,0,53,9,63,5,-0.8660254037844386,0.5000000000000001,0.0,7.878912912297132,3.114847754444153,3.6635616461296463,0.0,26.670759018773804,0.0,1.7310252996005326,0,1,1,sweing_team6,20,1,295575,test,-0.9856129740972022,0.9453112336873114,-0.12477503693422305,0.8281595028893776,0.47458568747665486,-0.973454127137173,0.7919167477251173,-0.980051246628074,-0.9672774526756325,-3.7235235970913716,3.393677892448722,-1.2647205579438707,0.6664451087488514,-1.1680598507996036,2.6335255634550143,2.8468234588103036,2
2015-03-05,1,sweing,Thursday,7,0.8,30.1,834.0,1200,0,4.0,40,0,59.0,0.366053523,0.36616542481871345,0.366053523,-0.5487027862960536,1,1,-0.43394647700000005,0,834.0,6.727431724850855,0,,1,53,9,63,5,-0.8660254037844386,0.5000000000000001,0.0,7.0909098220799835,3.40452517175483,4.07753744390572,0.0,27.4313547593986,0.0,1.9601328903654485,0,1,1,sweing_team7,21,0,438090,test,-0.9856129740972022,0.7845134734923985,-0.7030894690818731,1.1483697243081041,0.9459929771454892,-0.973454127137173,0.8478114397723654,-0.980051246628074,-0.6888562359676913,0.663747223037126,-0.22888618729874646,-1.2647205579438707,0.6664451087488514,-1.1680598507996036,2.6335255634550143,2.8468234588103036,2
2015-03-05,1,finishing,Thursday,8,0.8,4.6,,2640,0,0.0,0,0,22.0,0.980984848,0.9805830227301587,0.980984848,3.9219995155426313,0,0,0.18098484799999992,1,0.0,0.0,0,,0,53,9,63,5,-0.8660254037844386,0.5000000000000001,0.0,7.878912912297132,1.5260563034950492,3.091042453358316,0.0,0.0,0.0,4.782608695652175,0,1,0,finishing_team8,10,0,436440,test,-0.9856129740972022,-1.1731446939116332,-0.12477503693422305,-0.9280949784565565,-0.1773599634469038,-0.973454127137173,-1.168065122270806,-0.980051246628074,2.741135521236867,0.663747223037126,-0.22888618729874646,-1.2647205579438707,0.6664451087488514,-1.1680598507996036,2.6335255634550143,2.8468234588103036,2
2015-03-05,1,finishing,Thursday,9,0.75,2.9,,960,0,0.0,0,0,8.0,0.453125,0.4531641604010025,0.453125,-0.187894202128901,1,1,-0.296875,1,0.0,0.0,0,,0,53,9,63,5,-0.8660254037844386,0.5000000000000001,0.0,6.8679744089702925,1.0647107369924282,2.0794415416798357,0.0,0.0,0.0,2.7586206896551726,0,1,0,finishing_team9,11,0,432420,test,-0.9856129740972022,-1.1731446939116332,-0.8667014757335281,-1.4380676486489155,-1.329301807783477,-0.973454127137173,-1.168065122270806,-0.980051246628074,0.28149984809940837,0.1762726874672926,-0.22888618729874646,-1.2647205579438707,0.6664451087488514,-1.1680598507996036,2.6335255634550143,2.8468234588103036,2
2015-03-05,1,sweing,Thursday,9,0.75,18.79,1228.0,6240,45,0.0,0,0,52.0,0.750395513,0.7501863271077694,0.750395513,1.09960628026814,0,0,0.0003955129999999585,0,1228.0,7.113956109566034,0,,0,53,9,63,5,-0.8660254037844386,0.5000000000000001,3.828641396489095,8.738895704934043,2.933324813425374,3.9512437185814275,27.236786853891033,28.108974392186763,15.127895268578362,2.7674294837679616,0,0,1,sweing_team9,23,0,438660,test,0.9277054058868384,0.89699066383583,0.506365204208124,0.6275035398673704,0.8021783312721362,0.9550021486729879,0.8976083800875327,0.9281567891556,0.2922046665928689,0.1762726874672926,-0.22888618729874646,-1.2647205579438707,0.6664451087488514,-1.1680598507996036,2.6335255634550143,2.8468234588103036,2
2015-03-05,1,sweing,Thursday,10,0.7,21.82,1390.0,6000,30,0.0,0,0,50.0,0.700422,0.7002545630743525,0.700422,0.8485103596112311,0,0,0.00042200000000003346,0,1390.0,7.237778191923443,0,,0,53,9,63,5,-0.8660254037844386,0.5000000000000001,3.4339872044851463,8.699681400989514,3.0828269804049246,3.912023005428146,24.85443769996674,28.31435479499064,13.433836944291778,2.2914757103574703,0,0,1,sweing_team10,13,0,440790,test,0.7304816282848566,0.9330224395187455,0.477585878087085,0.7927636503569598,0.7575164689463868,0.786323801931805,0.9127013838398708,0.714471035116554,-0.28619445256009357,-0.3112018481025408,-0.22888618729874646,-1.2647205579438707,0.6664451087488514,-1.1680598507996036,2.6335255634550143,2.8468234588103036,2
2015-03-05,1,finishing,Thursday,11,0.8,2.9,,1200,0,0.0,0,0,10.0,0.927291667,0.9269346981888054,0.927291667,2.5405295322038013,0,0,0.12729166699999994,1,0.0,0.0,0,,0,53,9,63,5,-0.8660254037844386,0.5000000000000001,0.0,7.0909098220799835,1.0647107369924282,2.302585092994046,0.0,0.0,0.0,3.4482758620689657,0,1,0,finishing_team11,2,0,356340,test,-0.9856129740972022,-1.1731446939116332,-0.7030894690818731,-1.4380676486489155,-1.0752012122964671,-0.973454127137173,-1.168065122270806,-0.980051246628074,1.1195979293166163,0.663747223037126,-0.22888618729874646,-1.2647205579438707,0.6664451087488514,-1.1680598507996036,2.6335255634550143,2.8468234588103036,2
2015-03-05,1,sweing,Thursday,11,0.8,11.41,455.0,3420,50,0.0,0,0,56.0,0.800701754,0.8004505411729322,0.800701754,1.3891126260852624,0,0,0.0007017539999999434,0,455.0,6.1224928095143865,0,,0,53,9,63,5,-0.8660254037844386,0.5000000000000001,3.9318256327243257,8.137688184977605,2.4344901638739844,4.02535169073515,24.072574164619038,24.645186782292534,15.826980958362665,4.9079754601226995,0,0,1,sweing_team11,14,0,359760,test,0.9792705109119583,0.6084784490098233,0.06513979554799705,0.07609033318004338,0.8865674150869745,0.7309652293638739,0.6430614092971482,1.0163383178655843,2.8934865061260435,0.663747223037126,-0.22888618729874646,-1.2647205579438707,0.6664451087488514,-1.1680598507996036,2.6335255634550143,2.8468234588103036,2
2015-03-05,1,finishing,Thursday,12,0.8,4.6,,1080,0,0.0,0,0,9.0,0.868888889,0.8685807111478697,0.868888889,1.8884676228301474,0,0,0.06888888900000001,1,0.0,0.0,0,,0,53,9,63,5,-0.8660254037844386,0.5000000000000001,0.0,6.985641817639208,1.5260563034950492,2.1972245773362196,0.0,0.0,0.0,1.956521739130435,0,1,0,finishing_team12,3,0,298595,test,-0.9856129740972022,-1.1731446939116332,-0.7803455191751631,-0.9280949784565565,-1.1951785524965162,-0.973454127137173,-1.168065122270806,-0.980051246628074,-0.6932446594032137,0.663747223037126,-0.22888618729874646,-1.2647205579438707,0.6664451087488514,-1.1680598507996036,2.6335255634550143,2.8468234588103036,2
2015-03-05,1,sweing,Thursday,12,0.8,15.26,959.0,4080,50,0.0,0,0,34.0,0.800401961,0.8001509986265665,0.800401961,1.387238369876064,0,0,0.00040196100000000623,0,959.0,6.866933284461882,0,,0,53,9,63,5,-0.8660254037844386,0.5000000000000001,3.9318256327243257,8.314097335405807,2.725235025856311,3.5263605246161616,26.99958430605507,24.215282459499182,13.865034700913025,2.2280471821756227,0,0,1,sweing_team12,15,0,302675,test,0.9792705109119583,0.8251079200371804,0.19460623917250247,0.39748051090269754,0.31835044575563654,0.9382074091001343,0.6114685821895759,0.7688616168589856,-0.3632754778173688,0.663747223037126,-0.22888618729874646,-1.2647205579438707,0.6664451087488514,-1.1680598507996036,2.6335255634550143,2.8468234588103036,2
2015-03-07,1,finishing,Saturday,1,0.7,3.94,,960,0,0.0,0,0,8.0,0.664875,0.6647372598162072,0.664875,0.6844773410839464,1,1,-0.03512499999999996,1,0.0,0.0,0,,0,54,10,65,0,0.0,1.0,0.0,6.8679744089702925,1.3711807233098425,2.0794415416798357,0.0,0.0,0.0,2.030456852791878,0,1,0,finishing_team1,0,0,463050,test,-0.9856129740972022,-1.1731446939116332,-0.8667014757335281,-1.0992948748235933,-1.329301807783477,-0.973454127137173,-1.168065122270806,-0.980051246628074,-0.6033955879065779,-0.3112018481025408,-0.22888618729874646,-0.028538824941726406,1.3678317129691895,-1.1680598507996036,3.143740144133799,2.9316909093337533,2
2015-03-07,1,sweing,Saturday,1,0.7,26.82,1267.0,8160,70,0.0,0,0,58.0,0.850045,0.8497525647451964,0.850045,1.7326617033886085,0,0,0.1500450000000001,0,1267.0,7.145196134997171,0,,0,54,10,65,0,0.0,1.0,4.2626798770413155,9.007121989469242,3.2891478778535324,4.060443010546419,30.457683782165823,29.01266170533255,17.30836871292928,2.162565249813572,1,0,1,sweing_team1,12,0,471210,test,1.1446110171625363,0.9060813976309069,0.7032161218679799,1.0208313432709495,0.9265270070534614,1.1830525030848131,0.9640185916853468,1.2031981531030074,-0.442851886524562,-0.3112018481025408,-0.22888618729874646,-0.028538824941726406,1.3678317129691895,-1.1680598507996036,3.143740144133799,2.9316909093337533,2
2015-03-07,1,finishing,Saturday,2,0.65,3.9,,1920,0,0.0,0,0,8.0,0.528125,0.5281015037593985,0.528125,0.11252459507749256,1,1,-0.12187500000000007,1,0.0,0.0,0,,0,54,10,65,0,0.0,1.0,0.0,7.560601162768557,1.3609765531356006,2.0794415416798357,0.0,0.0,0.0,2.0512820512820515,0,1,0,finishing_team2,4,0,448560,test,-0.9856129740972022,-1.1731446939116332,-0.358383611519654,-1.110574592867282,-1.329301807783477,-0.973454127137173,-1.168065122270806,-0.980051246628074,-0.5780879275079841,-0.7986763836723731,-0.22888618729874646,-0.028538824941726406,1.3678317129691895,-1.1680598507996036,3.143740144133799,2.9316909093337533,2
2015-03-07,1,sweing,Saturday,2,0.65,16.1,626.0,4200,0,0.0,0,1,45.0,0.65024031,0.6501147959565581,0.65024031,0.6195438442238803,0,1,0.00024031000000002134,0,626.0,6.440946540632921,0,,0,54,10,65,0,0.0,1.0,0.0,8.343077871169383,2.7788192719904172,3.8066624897703196,0.0,24.51850959484324,0.0,2.795031055900621,0,1,1,sweing_team2,16,1,452760,test,-0.9856129740972022,0.7011473266978101,0.21587501627695377,0.456712685362316,0.6375391287463377,-0.973454127137173,0.6337521507729376,-0.980051246628074,0.325747262325161,-0.7986763836723731,3.393677892448722,-0.028538824941726406,1.3678317129691895,-1.1680598507996036,3.143740144133799,2.9316909093337533,2
2015-03-07,1,sweing,Saturday,3,0.8,29.4,983.0,6840,63,0.0,0,1,57.0,0.800578947,0.8003278367685881,0.800578947,1.3883446019118972,0,0,0.0005789469999999408,0,983.0,6.891625897052253,0,,0,54,10,65,0,0.0,1.0,4.1588830833596715,8.830689198760998,3.380994674344636,4.04305126783455,28.661466360094035,27.86319682051853,16.814577522952984,1.9387755102040818,0,0,1,sweing_team3,17,1,483450,test,1.0927397937785401,0.8322933805054775,0.5737323286730242,1.1223590471356752,0.9067224814303124,1.0558742577618325,0.8795466674762692,1.1409121377662224,-0.7148106260006397,0.663747223037126,3.393677892448722,-0.028538824941726406,1.3678317129691895,-1.1680598507996036,3.143740144133799,2.9316909093337533,2
2015-03-07,1,finishing,Saturday,4,0.7,3.94,,960,0,0.0,0,0,8.0,0.664875,0.6647372598162072,0.664875,0.6844773410839464,1,1,-0.03512499999999996,1,0.0,0.0,0,,0,54,10,65,0,0.0,1.0,0.0,6.8679744089702925,1.3711807233098425,2.0794415416798357,0.0,0.0,0.0,2.030456852791878,0,1,0,finishing_team4,6,0,534600,test,-0.9856129740972022,-1.1731446939116332,-0.8667014757335281,-1.0992948748235933,-1.329301807783477,-0.973454127137173,-1.168065122270806,-0.980051246628074,-0.6033955879065779,-0.3112018481025408,-0.22888618729874646,-0.028538824941726406,1.3678317129691895,-1.1680598507996036,3.143740144133799,2.9316909093337533,2
2015-03-07,1,sweing,Saturday,4,0.7,26.82,1195.0,6960,60,0.0,0,0,58.0,0.800746552,0.8004953017477026,0.800746552,1.3893928770829438,0,0,0.10074655200000004,0,1195.0,7.086737934510577,0,,0,54,10,65,0,0.0,1.0,4.110873864173311,8.848078421168667,3.2891478778535324,4.060443010546419,29.132685757225087,28.775295513757637,16.69196904902047,2.162565249813572,0,0,1,sweing_team4,18,0,541560,test,1.0687477527474374,0.889070273874484,0.5864942561413656,1.0208313432709495,0.9265270070534614,1.0892381787175467,0.9465750149311446,1.125446504837156,-0.442851886524562,-0.3112018481025408,-0.22888618729874646,-0.028538824941726406,1.3678317129691895,-1.1680598507996036,3.143740144133799,2.9316909093337533,2
2015-03-07,1,finishing,Saturday,5,0.35,3.94,,2400,0,0.0,0,0,10.0,0.80575,0.8054945697577276,0.80575,1.420996379486791,0,0,0.45575,1,0.0,0.0,0,,0,54,10,65,0,0.0,1.0,0.0,7.783640596221253,1.3711807233098425,2.302585092994046,0.0,0.0,0.0,2.5380710659898478,0,1,0,finishing_team5,7,0,456780,test,-0.9856129740972022,-1.1731446939116332,-0.19469526447499352,-1.0992948748235933,-1.0752012122964671,-0.973454127137173,-1.168065122270806,-0.980051246628074,0.013478634309133644,-3.7235235970913716,-0.22888618729874646,-0.028538824941726406,1.3678317129691895,-1.1680598507996036,3.143740144133799,2.9316909093337533,2
2015-03-07,1,sweing,Saturday,5,0.7,27.48,541.0,6960,24,0.0,0,1,58.0,0.408960345,0.40903640152046783,0.408960345,-0.36795026905696626,1,1,-0.29103965499999995,0,541.0,6.295266001439646,0,,0,54,10,65,0,0.0,1.0,3.2188758248682006,8.848078421168667,3.3134584673541485,4.060443010546419,20.26367954314878,25.561568835076116,13.070061844902924,2.1106259097525473,0,0,1,sweing_team5,19,1,463740,test,0.6229822535086641,0.6587548195646575,0.5864942561413656,1.0477043364061487,0.9265270070534614,0.46128265718394196,0.7104045324599042,0.6685850373919643,-0.5059707653295695,-0.3112018481025408,3.393677892448722,-0.028538824941726406,1.3678317129691895,-1.1680598507996036,3.143740144133799,2.9316909093337533,2
2015-03-07,1,finishing,Saturday,6,0.5,2.9,,960,0,0.0,0,0,8.0,0.7975,0.7972514619883041,0.7975,1.3692036575011062,0,0,0.2975,1,0.0,0.0,0,,0,54,10,65,0,0.0,1.0,0.0,6.8679744089702925,1.0647107369924282,2.0794415416798357,0.0,0.0,0.0,2.7586206896551726,0,1,0,finishing_team6,8,0,296535,test,-0.9856129740972022,-1.1731446939116332,-0.8667014757335281,-1.4380676486489155,-1.329301807783477,-0.973454127137173,-1.168065122270806,-0.980051246628074,0.28149984809940837,-2.2610999903818723,-0.22888618729874646,-0.028538824941726406,1.3678317129691895,-1.1680598507996036,3.143740144133799,2.9316909093337533,2
2015-03-07,1,sweing,Saturday,6,0.5,23.41,1379.0,2280,0,0.0,0,1,39.0,0.500528095,0.500527653817878,0.500528095,0.0021106160550251364,0,1,0.0005280949999999507,0,1379.0,7.22983877815125,0,,0,54,10,65,0,0.0,1.0,0.0,7.732369222284388,3.1531632815028194,3.6635616461296463,0.0,26.486960055335743,0.0,1.6659547202050407,0,1,1,sweing_team6,20,1,298815,test,-0.9856129740972022,0.9307120989829777,-0.2323232584154199,0.870513592887606,0.47458568747665486,-0.973454127137173,0.7784097217042582,-0.980051246628074,-1.0463539678914604,-2.2610999903818723,3.393677892448722,-0.028538824941726406,1.3678317129691895,-1.1680598507996036,3.143740144133799,2.9316909093337533,2
2015-03-07,1,finishing,Saturday,7,0.8,4.6,,6000,0,0.0,0,0,25.0,0.825444444,0.825172560588137,0.825444444,1.5517931018697337,0,0,0.02544444400000001,1,0.0,0.0,0,,0,54,10,65,0,0.0,1.0,0.0,8.699681400989514,1.5260563034950492,3.2188758248682006,0.0,0.0,0.0,5.434782608695652,0,1,0,finishing_team7,9,0,444090,test,-0.9856129740972022,-1.1731446939116332,0.477585878087085,-0.9280949784565565,-0.031792073931535665,-0.973454127137173,-1.168065122270806,-0.980051246628074,3.533684793692269,0.663747223037126,-0.22888618729874646,-0.028538824941726406,1.3678317129691895,-1.1680598507996036,3.143740144133799,2.9316909093337533,2
2015-03-07,1,finishing,Saturday,8,0.8,4.6,,3600,0,0.0,0,0,15.0,0.590740741,0.5906649341988304,0.590740741,0.3667148569773552,1,1,-0.2092592590000001,1,0.0,0.0,0,,0,54,10,65,0,0.0,1.0,0.0,8.188966863648876,1.5260563034950492,2.70805020110221,0.0,0.0,0.0,3.2608695652173916,0,1,0,finishing_team8,10,0,440040,test,-0.9856129740972022,-1.1731446939116332,0.10277315042340172,-0.9280949784565565,-0.6134853132140259,-0.973454127137173,-1.168065122270806,-0.980051246628074,0.8918538855075924,0.663747223037126,-0.22888618729874646,-0.028538824941726406,1.3678317129691895,-1.1680598507996036,3.143740144133799,2.9316909093337533,2
2015-03-07,1,sweing,Saturday,9,0.75,18.79,1226.0,3480,45,0.0,0,0,51.0,0.749987124,0.7497782792848788,0.749987124,1.097430127529234,1,0,-1.2875999999995003e-05,0,1226.0,7.112327444710911,0,,0,54,10,65,0,0.0,1.0,3.828641396489095,8.15507488781144,2.933324813425374,3.9318256327243257,27.2305512802057,27.964431355443065,15.053550381225282,2.7142096860031932,0,0,1,sweing_team9,23,0,442140,test,0.9277054058868384,0.8965167282856826,0.07789987390441286,0.6275035398673704,0.7800663448380777,0.9545606490470862,0.8869861952726055,0.9187790463203992,0.2275297215282096,0.1762726874672926,-0.22888618729874646,-0.028538824941726406,1.3678317129691895,-1.1680598507996036,3.143740144133799,2.9316909093337533,2
2015-03-07,1,sweing,Saturday,10,0.7,21.82,1251.0,6000,30,0.0,0,0,50.0,0.700422,0.7002545630743525,0.700422,0.8485103596112311,0,0,0.00042200000000003346,0,1251.0,7.132497551660044,0,,0,54,10,65,0,0.0,1.0,3.4339872044851463,8.699681400989514,3.0828269804049246,3.912023005428146,24.492905328422225,27.902494508254016,13.433836944291778,2.2914757103574703,0,0,1,sweing_team10,13,0,446790,test,0.7304816282848566,0.9023861560586204,0.477585878087085,0.7927636503569598,0.7575164689463868,0.7607260919466438,0.8824345776193624,0.714471035116554,-0.28619445256009357,-0.3112018481025408,-0.22888618729874646,-0.028538824941726406,1.3678317129691895,-1.1680598507996036,3.143740144133799,2.9316909093337533,2
2015-03-07,1,finishing,Saturday,11,0.8,2.9,,960,0,0.0,0,0,8.0,0.657083333,0.6569521021453634,0.657083333,0.6497410306309489,1,1,-0.14291666700000005,1,0.0,0.0,0,,0,54,10,65,0,0.0,1.0,0.0,6.8679744089702925,1.0647107369924282,2.0794415416798357,0.0,0.0,0.0,2.7586206896551726,0,1,0,finishing_team11,2,0,360720,test,-0.9856129740972022,-1.1731446939116332,-0.8667014757335281,-1.4380676486489155,-1.329301807783477,-0.973454127137173,-1.168065122270806,-0.980051246628074,0.28149984809940837,0.663747223037126,-0.22888618729874646,-0.028538824941726406,1.3678317129691895,-1.1680598507996036,3.143740144133799,2.9316909093337533,2
2015-03-07,1,sweing,Saturday,11,0.8,11.41,471.0,3420,50,0.0,0,0,58.0,0.800034503,0.7997838476090227,0.800034503,1.3849439557710048,0,0,3.4502999999963535e-05,0,471.0,6.156978985585555,0,,0,54,10,65,0,0.0,1.0,3.9318256327243257,8.137688184977605,2.4344901638739844,4.060443010546419,24.208167795670303,25.000062288102047,15.964953909082741,5.083260297984224,0,0,1,sweing_team11,14,0,364140,test,0.9792705109119583,0.6185138008364155,0.06513979554799705,0.07609033318004338,0.9265270070534614,0.7405657152862191,0.6691405155199098,1.0337420008373779,3.106500041229453,0.663747223037126,-0.22888618729874646,-0.028538824941726406,1.3678317129691895,-1.1680598507996036,3.143740144133799,2.9316909093337533,2
2015-03-07,1,finishing,Saturday,12,0.8,4.6,,1080,0,0.0,0,0,9.0,0.868888889,0.8685807111478697,0.868888889,1.8884676228301474,0,0,0.06888888900000001,1,0.0,0.0,0,,0,54,10,65,0,0.0,1.0,0.0,6.985641817639208,1.5260563034950492,2.1972245773362196,0.0,0.0,0.0,1.956521739130435,0,1,0,finishing_team12,3,0,303755,test,-0.9856129740972022,-1.1731446939116332,-0.7803455191751631,-0.9280949784565565,-1.1951785524965162,-0.973454127137173,-1.168065122270806,-0.980051246628074,-0.6932446594032137,0.663747223037126,-0.22888618729874646,-0.028538824941726406,1.3678317129691895,-1.1680598507996036,3.143740144133799,2.9316909093337533,2
2015-03-07,1,sweing,Saturday,12,0.8,15.26,986.0,4080,75,0.0,0,0,34.0,0.850520588,0.8502277554285714,0.850520588,1.7363884904745794,0,0,0.05052058799999992,0,986.0,6.894670039433482,0,,0,54,10,65,0,0.0,1.0,4.330733340286331,8.314097335405807,2.725235025856311,3.5263605246161616,29.858977410047853,24.313092257311986,15.271727093824808,2.2280471821756227,1,0,1,sweing_team12,15,0,307835,test,1.178619932744878,0.8331792148682907,0.19460623917250247,0.39748051090269754,0.31835044575563654,1.1406620747691656,0.6186564327597872,0.9462995010044039,-0.3632754778173688,0.663747223037126,-0.22888618729874646,-0.028538824941726406,1.3678317129691895,-1.1680598507996036,3.143740144133799,2.9316909093337533,2
2015-03-08,2,finishing,Sunday,1,0.75,3.94,,960,0,0.0,0,0,8.0,0.890604167,0.8902778477293233,0.890604167,2.0935823205596407,0,0,0.140604167,1,0.0,0.0,0,,0,55,10,66,1,0.8660254037844386,0.5000000000000001,0.0,6.8679744089702925,1.3711807233098425,2.0794415416798357,0.0,0.0,0.0,2.030456852791878,0,1,0,finishing_team1,0,0,472170,test,-0.9856129740972022,-1.1731446939116332,-0.8667014757335281,-1.0992948748235933,-1.329301807783477,-0.973454127137173,-1.168065122270806,-0.980051246628074,-0.6033955879065779,0.1762726874672926,-0.22888618729874646,1.207642908060418,0.6664451087488514,-0.22318069838746318,3.143740144133799,3.0165583598572034,2
2015-03-08,2,sweing,Sunday,1,0.75,26.82,1254.0,6960,65,0.0,0,0,58.0,0.85007069,0.849778233283208,0.85007069,1.7328627663723652,0,0,0.10007069000000002,0,1254.0,7.134890851565884,0,,0,55,10,66,1,0.8660254037844386,0.5000000000000001,4.189654742026425,8.848078421168667,3.2891478778535324,4.060443010546419,29.892729290103965,28.970817689252282,17.011854313863857,2.162565249813572,0,0,1,sweing_team1,12,0,479130,test,1.1081175672528816,0.9030825976279058,0.5864942561413656,1.0208313432709495,0.9265270070534614,1.1430518215944343,0.9609435568568511,1.1657963104159133,-0.442851886524562,0.1762726874672926,-0.22888618729874646,1.207642908060418,0.6664451087488514,-0.22318069838746318,3.143740144133799,3.0165583598572034,2
2015-03-08,2,finishing,Sunday,2,0.7,3.9,,1200,0,0.0,0,0,10.0,0.884,0.8836791979949874,0.884,2.027742190000869,0,0,0.18400000000000005,1,0.0,0.0,0,,0,55,10,66,1,0.8660254037844386,0.5000000000000001,0.0,7.0909098220799835,1.3609765531356006,2.302585092994046,0.0,0.0,0.0,2.5641025641025643,0,1,0,finishing_team2,4,0,453960,test,-0.9856129740972022,-1.1731446939116332,-0.7030894690818731,-1.110574592867282,-1.0752012122964671,-0.973454127137173,-1.168065122270806,-0.980051246628074,0.04511320980737544,-0.3112018481025408,-0.22888618729874646,1.207642908060418,0.6664451087488514,-0.22318069838746318,3.143740144133799,3.0165583598572034,2
2015-03-08,2,sweing,Sunday,2,0.7,16.1,928.0,4800,30,0.0,0,1,45.0,0.700106061,0.6999388880167083,0.700106061,0.8470068678772179,0,0,0.00010606099999999063,0,928.0,6.834108738813838,0,,0,55,10,66,1,0.8660254037844386,0.5000000000000001,3.4339872044851463,8.476579508530941,2.7788192719904172,3.8066624897703196,23.46824196314684,26.015145387054183,13.072030281664846,2.795031055900621,0,0,1,sweing_team2,16,1,458760,test,0.7304816282848566,0.8155560966211435,0.3138516924601087,0.456712685362316,0.6375391287463377,0.6881764733753261,0.7437369853498462,0.6688333327946192,0.325747262325161,-0.3112018481025408,3.393677892448722,1.207642908060418,0.6664451087488514,-0.22318069838746318,3.143740144133799,3.0165583598572034,2
2015-03-08,2,finishing,Sunday,3,0.8,4.6,,1440,0,0.0,0,0,12.0,0.951944444,0.9515668797192982,0.951944444,2.9779260899742868,0,0,0.15194444399999996,1,0.0,0.0,0,,0,55,10,66,1,0.8660254037844386,0.5000000000000001,0.0,7.273092595999522,1.5260563034950492,2.4849066497880004,0.0,0.0,0.0,2.608695652173913,0,1,0,finishing_team3,5,0,484890,test,-0.9856129740972022,-1.1731446939116332,-0.5693857707660099,-0.9280949784565565,-0.8675859087010354,-0.973454127137173,-1.168065122270806,-0.980051246628074,0.0993046130521891,0.663747223037126,-0.22888618729874646,1.207642908060418,0.6664451087488514,-0.22318069838746318,3.143740144133799,3.0165583598572034,2
2015-03-08,2,sweing,Sunday,3,0.8,30.1,1278.0,3360,50,0.0,0,1,57.0,0.800511068,0.8002600144761906,0.800511068,1.3879202446164107,0,0,0.0005110680000000034,0,1278.0,7.153833801578843,0,,0,55,10,66,1,0.8660254037844386,0.5000000000000001,3.9318256327243257,8.119993827725105,3.40452517175483,4.04305126783455,28.127627113297404,28.923316821351,15.896572609290468,1.893687707641196,0,0,1,sweing_team3,17,1,488250,test,0.9792705109119583,0.9085949271950138,0.05215393001810756,1.1483697243081041,0.9067224814303124,1.0180766404701413,0.9574528110618008,1.0251164952105658,-0.7696032271813092,0.663747223037126,3.393677892448722,1.207642908060418,0.6664451087488514,-0.22318069838746318,3.143740144133799,3.0165583598572034,2
2015-03-08,2,finishing,Sunday,4,0.75,3.94,,960,0,0.0,0,0,8.0,0.890604167,0.8902778477293233,0.890604167,2.0935823205596407,0,0,0.140604167,1,0.0,0.0,0,,0,55,10,66,1,0.8660254037844386,0.5000000000000001,0.0,6.8679744089702925,1.3711807233098425,2.0794415416798357,0.0,0.0,0.0,2.030456852791878,0,1,0,finishing_team4,6,0,542520,test,-0.9856129740972022,-1.1731446939116332,-0.8667014757335281,-1.0992948748235933,-1.329301807783477,-0.973454127137173,-1.168065122270806,-0.980051246628074,-0.6033955879065779,0.1762726874672926,-0.22888618729874646,1.207642908060418,0.6664451087488514,-0.22318069838746318,3.143740144133799,3.0165583598572034,2
2015-03-08,2,sweing,Sunday,4,0.75,26.82,1082.0,6840,65,0.0,0,0,57.0,0.850084211,0.8497917429874686,0.850084211,1.7329685999435782,0,0,0.10008421099999998,0,1082.0,6.9874902470009905,0,,0,55,10,66,1,0.8660254037844386,0.5000000000000001,4.189654742026425,8.830689198760998,3.2891478778535324,4.04305126783455,29.275171648211096,28.25078130211891,16.938988916538975,2.1252796420581657,0,0,1,sweing_team4,18,0,549360,test,1.1081175672528816,0.8601895577266866,0.5737323286730242,1.0208313432709495,0.9067224814303124,1.0993266598647682,0.9080294922992815,1.1566051880398407,-0.48816293118395593,0.1762726874672926,-0.22888618729874646,1.207642908060418,0.6664451087488514,-0.22318069838746318,3.143740144133799,3.0165583598572034,2
2015-03-08,2,finishing,Sunday,5,0.5,3.94,,960,0,0.0,0,0,8.0,0.857916667,0.857617655582289,0.857916667,1.7956423718438055,0,0,0.357916667,1,0.0,0.0,0,,0,55,10,66,1,0.8660254037844386,0.5000000000000001,0.0,6.8679744089702925,1.3711807233098425,2.0794415416798357,0.0,0.0,0.0,2.030456852791878,0,1,0,finishing_team5,7,0,464700,test,-0.9856129740972022,-1.1731446939116332,-0.8667014757335281,-1.0992948748235933,-1.329301807783477,-0.973454127137173,-1.168065122270806,-0.980051246628074,-0.6033955879065779,-2.2610999903818723,-0.22888618729874646,1.207642908060418,0.6664451087488514,-0.22318069838746318,3.143740144133799,3.0165583598572034,2
2015-03-08,2,sweing,Sunday,5,0.5,26.82,711.0,7080,23,0.0,0,1,59.0,0.500033898,0.5000338696808688,0.500033898,0.00013547872368252205,0,1,3.389799999997667e-05,0,711.0,6.568077911411976,0,,0,55,10,66,1,0.8660254037844386,0.5000000000000001,3.1780538303479458,8.865170419651774,3.2891478778535324,4.07753744390572,20.873705164386564,26.781583618272407,12.958633491991744,2.199850857568978,0,0,1,sweing_team5,19,1,471780,test,0.6025819432328481,0.7381420932770881,0.5990380513621463,1.0208313432709495,0.9459929771454892,0.5044745264742411,0.8000610305936297,0.654529646693901,-0.397540841865168,-2.2610999903818723,3.393677892448722,1.207642908060418,0.6664451087488514,-0.22318069838746318,3.143740144133799,3.0165583598572034,2
2015-03-08,2,finishing,Sunday,6,0.6,2.9,,960,0,0.0,0,0,8.0,0.271875,0.2720655806182122,0.271875,-0.9841678184233481,1,1,-0.328125,1,0.0,0.0,0,,0,55,10,66,1,0.8660254037844386,0.5000000000000001,0.0,6.8679744089702925,1.0647107369924282,2.0794415416798357,0.0,0.0,0.0,2.7586206896551726,0,1,0,finishing_team6,8,0,299775,test,-0.9856129740972022,-1.1731446939116332,-0.8667014757335281,-1.4380676486489155,-1.329301807783477,-0.973454127137173,-1.168065122270806,-0.980051246628074,0.28149984809940837,-1.2861509192422065,-0.22888618729874646,1.207642908060418,0.6664451087488514,-0.22318069838746318,3.143740144133799,3.0165583598572034,2
2015-03-08,2,sweing,Sunday,6,0.6,23.41,1266.0,2520,23,0.0,0,1,38.0,0.601037091,0.6009526824026734,0.601037091,0.40943619966452593,0,1,0.0010370910000000455,0,1266.0,7.144407180321139,0,,0,55,10,66,1,0.8660254037844386,0.5000000000000001,3.1780538303479458,7.83241092718792,3.1531632815028194,3.6375861597263857,22.705310604984962,25.988396678585985,11.560444628139114,1.6232379325074755,0,0,1,sweing_team6,20,1,302295,test,0.6025819432328481,0.9058518146892413,-0.1589027826829887,0.870513592887606,0.44500658234787077,0.6341583627387016,0.7417712751274048,0.47816438383486215,-1.098265211708844,-1.2861509192422065,3.393677892448722,1.207642908060418,0.6664451087488514,-0.22318069838746318,3.143740144133799,3.0165583598572034,2
2015-03-08,2,finishing,Sunday,8,0.6,3.9,,960,0,0.0,0,0,8.0,0.4509375,0.4509784878863826,0.4509375,-0.19671798525441786,1,1,-0.1490625,1,0.0,0.0,0,,0,55,10,66,1,0.8660254037844386,0.5000000000000001,0.0,6.8679744089702925,1.3609765531356006,2.0794415416798357,0.0,0.0,0.0,2.0512820512820515,0,1,0,finishing_team8,10,0,441000,test,-0.9856129740972022,-1.1731446939116332,-0.8667014757335281,-1.110574592867282,-1.329301807783477,-0.973454127137173,-1.168065122270806,-0.980051246628074,-0.5780879275079841,-1.2861509192422065,-0.22888618729874646,1.207642908060418,0.6664451087488514,-0.22318069838746318,3.143740144133799,3.0165583598572034,2
2015-03-08,2,sweing,Sunday,8,0.6,30.48,869.0,6720,0,0.0,0,1,56.0,0.600528571,0.6004445872314118,0.600528571,0.4073178986552335,0,1,0.0005285710000000332,0,869.0,6.76849321164863,0,,0,55,10,66,1,0.8660254037844386,0.5000000000000001,0.0,8.812992231969966,3.4170707308184456,4.02535169073515,0.0,27.245565593239196,0.0,1.837270341207349,0,1,1,sweing_team8,22,1,447720,test,-0.9856129740972022,0.7964622168290986,0.5607445480062361,1.162237620131249,0.8865674150869745,-0.973454127137173,0.8341581576495067,-0.980051246628074,-0.8381639926868354,-1.2861509192422065,3.393677892448722,1.207642908060418,0.6664451087488514,-0.22318069838746318,3.143740144133799,3.0165583598572034,2
2015-03-08,2,finishing,Sunday,9,0.75,2.9,,1080,0,0.0,0,0,9.0,0.929074074,0.9287156161269842,0.929074074,2.5671252902618154,0,0,0.17907407399999997,1,0.0,0.0,0,,0,55,10,66,1,0.8660254037844386,0.5000000000000001,0.0,6.985641817639208,1.0647107369924282,2.1972245773362196,0.0,0.0,0.0,3.103448275862069,0,1,0,finishing_team9,11,0,443220,test,-0.9856129740972022,-1.1731446939116332,-0.7803455191751631,-1.4380676486489155,-1.1951785524965162,-0.973454127137173,-1.168065122270806,-0.980051246628074,0.700548888708012,0.1762726874672926,-0.22888618729874646,1.207642908060418,0.6664451087488514,-0.22318069838746318,3.143740144133799,3.0165583598572034,2
2015-03-08,2,sweing,Sunday,9,0.75,18.79,1239.0,5640,45,0.0,0,0,52.0,0.750371895,0.7501627288387636,0.750371895,1.0994803642105822,0,0,0.00037189500000001097,0,1239.0,7.122866658599083,0,,0,55,10,66,1,0.8660254037844386,0.5000000000000001,3.828641396489095,8.637816633739977,2.933324813425374,3.9512437185814275,27.27090215078441,28.14418214308271,15.127895268578362,2.7674294837679616,0,0,1,sweing_team9,23,0,448860,test,0.9277054058868384,0.8995836012009414,0.4321834067185993,0.6275035398673704,0.8021783312721362,0.9574176266347637,0.9001957287786897,0.9281567891556,0.2922046665928689,0.1762726874672926,-0.22888618729874646,1.207642908060418,0.6664451087488514,-0.22318069838746318,3.143740144133799,3.0165583598572034,2
2015-03-08,2,finishing,Sunday,10,0.7,2.9,,960,0,0.0,0,0,8.0,0.441041667,0.4410909220818714,0.441041667,-0.23673578189922642,1,1,-0.25895833299999993,1,0.0,0.0,0,,0,55,10,66,1,0.8660254037844386,0.5000000000000001,0.0,6.8679744089702925,1.0647107369924282,2.0794415416798357,0.0,0.0,0.0,2.7586206896551726,0,1,0,finishing_team10,1,0,447750,test,-0.9856129740972022,-1.1731446939116332,-0.8667014757335281,-1.4380676486489155,-1.329301807783477,-0.973454127137173,-1.168065122270806,-0.980051246628074,0.28149984809940837,-0.3112018481025408,-0.22888618729874646,1.207642908060418,0.6664451087488514,-0.22318069838746318,3.143740144133799,3.0165583598572034,2
2015-03-08,2,sweing,Sunday,10,0.7,21.82,1335.0,6000,30,0.0,0,0,50.0,0.700422,0.7002545630743525,0.700422,0.8485103596112311,0,0,0.00042200000000003346,0,1335.0,7.197435354096591,0,,0,55,10,66,1,0.8660254037844386,0.5000000000000001,3.4339872044851463,8.699681400989514,3.0828269804049246,3.912023005428146,24.715900911076712,28.156532685307738,13.433836944291778,2.2914757103574703,0,0,1,sweing_team10,13,0,453750,test,0.7304816282848566,0.9212828204191932,0.477585878087085,0.7927636503569598,0.7575164689463868,0.7765149305183475,0.9011033459495635,0.714471035116554,-0.28619445256009357,-0.3112018481025408,-0.22888618729874646,1.207642908060418,0.6664451087488514,-0.22318069838746318,3.143740144133799,3.0165583598572034,2
2015-03-08,2,finishing,Sunday,11,0.8,2.9,,960,0,0.0,0,0,8.0,0.755208333,0.7549951263725981,0.755208333,1.1254331913889395,1,0,-0.044791667000000035,1,0.0,0.0,0,,0,55,10,66,1,0.8660254037844386,0.5000000000000001,0.0,6.8679744089702925,1.0647107369924282,2.0794415416798357,0.0,0.0,0.0,2.7586206896551726,0,1,0,finishing_team11,2,0,365100,test,-0.9856129740972022,-1.1731446939116332,-0.8667014757335281,-1.4380676486489155,-1.329301807783477,-0.973454127137173,-1.168065122270806,-0.980051246628074,0.28149984809940837,0.663747223037126,-0.22888618729874646,1.207642908060418,0.6664451087488514,-0.22318069838746318,3.143740144133799,3.0165583598572034,2
2015-03-08,2,sweing,Sunday,11,0.8,11.41,313.0,3420,50,0.0,0,0,58.0,0.800034503,0.7997838476090227,0.800034503,1.3849439557710048,0,0,3.4502999999963535e-05,0,313.0,5.749392985908253,0,,0,55,10,66,1,0.8660254037844386,0.5000000000000001,3.9318256327243257,8.137688184977605,2.4344901638739844,4.060443010546419,22.605610714599518,23.345082564515774,15.964953909082741,5.083260297984224,0,0,1,sweing_team11,14,0,368520,test,0.9792705109119583,0.49990775713026453,0.06513979554799705,0.07609033318004338,0.9265270070534614,0.6270992745891782,0.5475192953980278,1.0337420008373779,3.106500041229453,0.663747223037126,-0.22888618729874646,1.207642908060418,0.6664451087488514,-0.22318069838746318,3.143740144133799,3.0165583598572034,2
2015-03-08,2,finishing,Sunday,12,0.8,4.6,,1080,0,0.0,0,0,9.0,0.945555556,0.9451833291361738,0.945555556,2.8473845472300816,0,0,0.14555555599999992,1,0.0,0.0,0,,0,55,10,66,1,0.8660254037844386,0.5000000000000001,0.0,6.985641817639208,1.5260563034950492,2.1972245773362196,0.0,0.0,0.0,1.956521739130435,0,1,0,finishing_team12,3,0,308915,test,-0.9856129740972022,-1.1731446939116332,-0.7803455191751631,-0.9280949784565565,-1.1951785524965162,-0.973454127137173,-1.168065122270806,-0.980051246628074,-0.6932446594032137,0.663747223037126,-0.22888618729874646,1.207642908060418,0.6664451087488514,-0.22318069838746318,3.143740144133799,3.0165583598572034,2
2015-03-08,2,sweing,Sunday,12,0.8,15.26,1064.0,4080,63,0.0,0,0,34.0,0.800401961,0.8001509986265665,0.800401961,1.387238369876064,0,0,0.00040196100000000623,0,1064.0,6.970730078143525,0,,0,55,10,66,1,0.8660254037844386,0.5000000000000001,4.1588830833596715,8.314097335405807,2.725235025856311,3.5263605246161616,28.990451400657548,24.58130737531986,14.665721131653491,2.2280471821756227,0,0,1,sweing_team12,15,0,312995,test,1.0927397937785401,0.8553124095380715,0.19460623917250247,0.39748051090269754,0.31835044575563654,1.079167507054626,0.6383670367281334,0.8698588973237311,-0.3632754778173688,0.663747223037126,-0.22888618729874646,1.207642908060418,0.6664451087488514,-0.22318069838746318,3.143740144133799,3.0165583598572034,2
2015-03-09,2,finishing,Monday,1,0.75,3.94,,0,960,0.0,0,0,8.0,0.794566667,0.7943205795588972,0.794566667,1.351168387170219,0,0,0.044566667000000004,1,0.0,0.0,0,,0,56,10,67,2,0.8660254037844387,-0.4999999999999998,6.8679744089702925,0.0,1.3711807233098425,2.0794415416798357,0.0,0.0,14.281551293206844,2.030456852791878,1,0,0,finishing_team1,0,0,479130,test,2.4465762306669157,-1.1731446939116332,-5.90709886711144,-1.0992948748235933,-1.329301807783477,-0.973454127137173,-1.168065122270806,0.8214003404779381,-0.6033955879065779,0.1762726874672926,-0.22888618729874646,1.207642908060418,-0.7363280996918251,-0.22318069838746318,3.143740144133799,3.101425810380653,2
2015-03-09,2,sweing,Monday,1,0.75,26.82,1322.0,7140,65,0.0,0,0,59.0,0.850426891,0.8501341367050961,0.850426891,1.7356534956020604,0,0,0.10042689100000002,0,1322.0,7.187657164114956,0,,0,56,10,67,2,0.8660254037844387,-0.4999999999999998,4.189654742026425,8.87360810154911,3.2891478778535324,4.07753744390572,30.11380192169443,29.307941220635932,17.083474087649908,2.199850857568978,0,0,1,sweing_team1,12,0,486270,test,1.1081175672528816,0.9184374026932481,0.6052304550159893,1.0208313432709495,0.9459929771454892,1.1587045087519725,0.9857181052300654,1.1748303118703927,-0.397540841865168,0.1762726874672926,-0.22888618729874646,1.207642908060418,-0.7363280996918251,-0.22318069838746318,3.143740144133799,3.101425810380653,2
2015-03-09,2,finishing,Monday,2,0.7,3.9,,0,1200,0.0,0,0,10.0,0.6825,0.6823475355054303,0.6825,0.7645812046981263,1,1,-0.01749999999999996,1,0.0,0.0,0,,0,56,10,67,2,0.8660254037844387,-0.4999999999999998,7.0909098220799835,0.0,1.3609765531356006,2.302585092994046,0.0,0.0,16.327423252086433,2.5641025641025643,1,0,0,finishing_team2,4,0,458760,test,2.5579855738985002,-1.1731446939116332,-5.90709886711144,-1.110574592867282,-1.0752012122964671,-0.973454127137173,-1.168065122270806,1.0794632925812142,0.04511320980737544,-0.3112018481025408,-0.22888618729874646,1.207642908060418,-0.7363280996918251,-0.22318069838746318,3.143740144133799,3.101425810380653,2
2015-03-09,2,sweing,Monday,2,0.7,16.1,817.0,5520,30,0.0,0,1,45.0,0.700516224,0.7003487083575606,0.700516224,0.8489589284033876,0,0,0.0005162240000000651,0,817.0,6.706862336602747,0,,0,56,10,67,2,0.8660254037844387,-0.4999999999999998,3.4339872044851463,8.616314282284044,2.7788192719904172,3.8066624897703196,23.031279446137184,25.530761280798995,13.072030281664846,2.795031055900621,0,0,1,sweing_team2,16,1,464280,test,0.7304816282848566,0.7785278563134584,0.4164028592480935,0.456712685362316,0.6375391287463377,0.6572380549509554,0.7081405456045031,0.6688333327946192,0.325747262325161,-0.3112018481025408,3.393677892448722,1.207642908060418,-0.7363280996918251,-0.22318069838746318,3.143740144133799,3.101425810380653,2
2015-03-09,2,finishing,Monday,3,0.8,4.6,,0,1440,0.0,0,0,12.0,0.795416667,0.7951698694502924,0.795416667,1.3563747599254412,1,0,-0.004583333000000023,1,0.0,0.0,0,,0,56,10,67,2,0.8660254037844387,-0.4999999999999998,7.273092595999522,0.0,1.5260563034950492,2.4849066497880004,0.0,0.0,18.072956156323084,2.608695652173913,1,0,0,finishing_team3,5,0,488250,test,2.6490292663624575,-1.1731446939116332,-5.90709886711144,-0.9280949784565565,-0.8675859087010354,-0.973454127137173,-1.168065122270806,1.2996419661808105,0.0993046130521891,0.663747223037126,-0.22888618729874646,1.207642908060418,-0.7363280996918251,-0.22318069838746318,3.143740144133799,3.101425810380653,2
2015-03-09,2,sweing,Monday,3,0.8,30.1,964.0,5160,50,0.0,0,1,58.0,0.800842424,0.8005910936541354,0.800842424,1.3899927996509487,0,0,0.0008424240000000083,0,964.0,6.872128101338986,0,,0,56,10,67,2,0.8660254037844387,-0.4999999999999998,3.9318256327243257,8.548885638148727,3.40452517175483,4.060443010546419,27.020009420209778,27.90388451666152,15.964953909082741,1.9269102990033222,0,0,1,sweing_team3,17,1,493410,test,0.9792705109119583,0.8266195928572946,0.3669170659463742,1.1483697243081041,0.9265270070534614,0.9396535759988616,0.8825367266161694,1.0337420008373779,-0.7292297315745003,0.663747223037126,3.393677892448722,1.207642908060418,-0.7363280996918251,-0.22318069838746318,3.143740144133799,3.101425810380653,2
2015-03-09,2,finishing,Monday,4,0.75,3.94,,0,960,0.0,0,0,8.0,0.7953875,0.7951407268170426,0.7953875,1.3561958427230845,0,0,0.045387500000000025,1,0.0,0.0,0,,0,56,10,67,2,0.8660254037844387,-0.4999999999999998,6.8679744089702925,0.0,1.3711807233098425,2.0794415416798357,0.0,0.0,14.281551293206844,2.030456852791878,1,0,0,finishing_team4,6,0,549360,test,2.4465762306669157,-1.1731446939116332,-5.90709886711144,-1.0992948748235933,-1.329301807783477,-0.973454127137173,-1.168065122270806,0.8214003404779381,-0.6033955879065779,0.1762726874672926,-0.22888618729874646,1.207642908060418,-0.7363280996918251,-0.22318069838746318,3.143740144133799,3.101425810380653,2
2015-03-09,2,sweing,Monday,4,0.75,26.82,1079.0,7020,65,0.0,0,0,58.0,0.850446154,0.8501533836123643,0.850446154,1.735804571001664,0,0,0.10044615400000001,0,1079.0,6.984716320118265,0,,0,56,10,67,2,0.8660254037844387,-0.4999999999999998,4.189654742026425,8.85666093701725,3.2891478778535324,4.060443010546419,29.26354985229285,28.361042562673713,17.011854313863857,2.162565249813572,0,0,1,sweing_team4,18,0,556380,test,1.1081175672528816,0.8593823550912901,0.5927929532416565,1.0208313432709495,0.9265270070534614,1.0985037975574428,0.9161323764915983,1.1657963104159133,-0.442851886524562,0.1762726874672926,-0.22888618729874646,1.207642908060418,-0.7363280996918251,-0.22318069838746318,3.143740144133799,3.101425810380653,2
2015-03-09,2,finishing,Monday,5,0.6,3.94,,0,2880,0.0,0,0,12.0,0.864342593,0.8640382132230577,0.864342593,1.849243129420856,0,0,0.26434259300000007,1,0.0,0.0,0,,0,56,10,67,2,0.8660254037844387,-0.4999999999999998,7.9658927350845286,0.0,1.3711807233098425,2.4849066497880004,0.0,0.0,19.794499828909466,3.0456852791878175,1,0,0,finishing_team5,7,0,471780,test,2.995247964457919,-1.1731446939116332,-5.90709886711144,-1.0992948748235933,-0.8675859087010354,-0.973454127137173,-1.168065122270806,1.5167946772261576,0.6303528565248452,-1.2861509192422065,-0.22888618729874646,1.207642908060418,-0.7363280996918251,-0.22318069838746318,3.143740144133799,3.101425810380653,2
2015-03-09,2,sweing,Monday,5,0.6,26.82,919.0,7080,23,0.0,0,1,59.0,0.600040678,0.5999571018279031,0.600040678,0.4052863689187782,0,1,4.067800000007171e-05,0,919.0,6.824373670043086,0,,0,56,10,67,2,0.8660254037844387,-0.4999999999999998,3.1780538303479458,8.865170419651774,3.2891478778535324,4.07753744390572,21.6882268818061,27.82663917080498,12.958633491991744,2.199850857568978,0,0,1,sweing_team5,19,1,478860,test,0.6025819432328481,0.8127232270107537,0.5990380513621463,1.0208313432709495,0.9459929771454892,0.5621454083652514,0.876860117363549,0.654529646693901,-0.397540841865168,-1.2861509192422065,3.393677892448722,1.207642908060418,-0.7363280996918251,-0.22318069838746318,3.143740144133799,3.101425810380653,2
2015-03-09,2,sweing,Monday,6,0.65,23.41,1262.0,4560,35,0.0,0,1,38.0,0.650962281,0.6508361638061821,0.650962281,0.6227166853050774,0,1,0.0009622809999999538,0,1262.0,7.141245122350491,0,,0,56,10,67,2,0.8660254037844387,-0.4999999999999998,3.58351893845611,8.4252971767117,3.1531632815028194,3.6375861597263857,25.590787140100304,25.976894420275705,13.035358893645334,1.6232379325074755,0,0,1,sweing_team6,20,1,306855,test,0.8052083486457364,0.904931667318711,0.27621565654421004,0.870513592887606,0.44500658234787077,0.838459823211863,0.7409259966808376,0.6642076637203812,-1.098265211708844,-0.7986763836723731,3.393677892448722,1.207642908060418,-0.7363280996918251,-0.22318069838746318,3.143740144133799,3.101425810380653,2
2015-03-09,2,sweing,Monday,7,0.5,30.48,1161.0,6600,0,0.0,0,1,55.0,0.500610909,0.5006103986332499,0.500610909,0.002441595745940686,0,1,0.0006109090000000483,0,1161.0,7.057897937411856,0,,0,56,10,67,2,0.8660254037844387,-0.4999999999999998,0.0,8.79497643168877,3.4170707308184456,4.007333185232471,0.0,28.28334862257434,0.0,1.804461942257218,0,1,1,sweing_team7,21,1,450690,test,-0.9856129740972022,0.8806779395963579,0.547522775860096,1.162237620131249,0.8660491749180281,-0.973454127137173,0.9104228009262336,-0.980051246628074,-0.87803414418831,-2.2610999903818723,3.393677892448722,1.207642908060418,-0.7363280996918251,-0.22318069838746318,3.143740144133799,3.101425810380653,2
2015-03-09,2,finishing,Monday,8,0.65,3.9,,0,960,0.0,0,0,8.0,0.2640625,0.2642596073517126,0.2640625,-1.0239453479817213,1,1,-0.38593750000000004,1,0.0,0.0,0,,0,56,10,67,2,0.8660254037844387,-0.4999999999999998,6.8679744089702925,0.0,1.3609765531356006,2.0794415416798357,0.0,0.0,14.281551293206844,2.0512820512820515,1,0,0,finishing_team8,10,0,447720,test,2.4465762306669157,-1.1731446939116332,-5.90709886711144,-1.110574592867282,-1.329301807783477,-0.973454127137173,-1.168065122270806,0.8214003404779381,-0.5780879275079841,-0.7986763836723731,-0.22888618729874646,1.207642908060418,-0.7363280996918251,-0.22318069838746318,3.143740144133799,3.101425810380653,2
2015-03-09,2,sweing,Monday,8,0.65,30.48,953.0,6720,26,0.0,0,1,56.0,0.650421429,0.6502957636457811,0.650421429,0.6203395221437371,0,1,0.0004214289999999732,0,953.0,6.860663671448287,0,,0,56,10,67,2,0.8660254037844387,-0.4999999999999998,3.295836866004329,8.812992231969966,3.4170707308184456,4.02535169073515,22.611628253615876,27.61658410942958,13.266902500957762,1.837270341207349,0,0,1,sweing_team8,22,1,454440,test,0.6614426260793346,0.8232834854498788,0.5607445480062361,1.162237620131249,0.8865674150869745,0.6275253366259111,0.861423582103834,0.693414196702245,-0.8381639926868354,-0.7986763836723731,3.393677892448722,1.207642908060418,-0.7363280996918251,-0.22318069838746318,3.143740144133799,3.101425810380653,2
2015-03-09,2,finishing,Monday,9,0.75,2.9,,0,3600,0.0,0,0,15.0,0.841,0.8407151211361737,0.841,1.6635585743193888,0,0,0.09099999999999997,1,0.0,0.0,0,,0,56,10,67,2,0.8660254037844387,-0.4999999999999998,8.188966863648876,0.0,1.0647107369924282,2.70805020110221,0.0,0.0,22.17613336192367,5.172413793103448,1,0,0,finishing_team9,11,0,448860,test,3.106726629101852,-1.1731446939116332,-5.90709886711144,-1.4380676486489155,-0.6134853132140259,-0.973454127137173,-1.168065122270806,1.817210046668139,3.2148431323596354,0.1762726874672926,-0.22888618729874646,1.207642908060418,-0.7363280996918251,-0.22318069838746318,3.143740144133799,3.101425810380653,2
2015-03-09,2,sweing,Monday,9,0.75,18.79,1193.0,6240,45,0.0,0,0,52.0,0.750395513,0.7501863271077694,0.750395513,1.09960628026814,0,0,0.0003955129999999585,0,1193.0,7.085064293952548,0,,0,56,10,67,2,0.8660254037844387,-0.4999999999999998,3.828641396489095,8.738895704934043,2.933324813425374,3.9512437185814275,27.126170452613508,27.994815787225562,15.127895268578362,2.7674294837679616,0,0,1,sweing_team9,23,0,455100,test,0.9277054058868384,0.8885832505583466,0.506365204208124,0.6275035398673704,0.8021783312721362,0.9471701347722475,0.8892190876841751,0.9281567891556,0.2922046665928689,0.1762726874672926,-0.22888618729874646,1.207642908060418,-0.7363280996918251,-0.22318069838746318,3.143740144133799,3.101425810380653,2
2015-03-09,2,finishing,Monday,10,0.7,2.9,,0,960,0.0,0,0,8.0,0.477291667,0.4773106380384294,0.477291667,-0.0908198217066255,1,1,-0.22270833299999998,1,0.0,0.0,0,,0,56,10,67,2,0.8660254037844387,-0.4999999999999998,6.8679744089702925,0.0,1.0647107369924282,2.0794415416798357,0.0,0.0,14.281551293206844,2.7586206896551726,1,0,0,finishing_team10,1,0,453750,test,2.4465762306669157,-1.1731446939116332,-5.90709886711144,-1.4380676486489155,-1.329301807783477,-0.973454127137173,-1.168065122270806,0.8214003404779381,0.28149984809940837,-0.3112018481025408,-0.22888618729874646,1.207642908060418,-0.7363280996918251,-0.22318069838746318,3.143740144133799,3.101425810380653,2
2015-03-09,2,sweing,Monday,10,0.7,21.82,1576.0,6000,30,0.0,0,0,50.0,0.700422,0.7002545630743525,0.700422,0.8485103596112311,0,0,0.00042200000000003346,0,1576.0,7.3632795869630385,0,,0,56,10,67,2,0.8660254037844387,-0.4999999999999998,3.4339872044851463,8.699681400989514,3.0828269804049246,3.912023005428146,25.285407884677745,28.805319139598865,13.433836944291778,2.2914757103574703,0,0,1,sweing_team10,13,0,459750,test,0.7304816282848566,0.9695428890853015,0.477585878087085,0.7927636503569598,0.7575164689463868,0.816837943039983,0.9487813924203988,0.714471035116554,-0.28619445256009357,-0.3112018481025408,-0.22888618729874646,1.207642908060418,-0.7363280996918251,-0.22318069838746318,3.143740144133799,3.101425810380653,2
2015-03-09,2,finishing,Monday,11,0.8,2.9,,0,960,0.0,0,0,8.0,0.960625,0.9602401837928154,0.960625,3.1843266853980996,0,0,0.1606249999999999,1,0.0,0.0,0,,0,56,10,67,2,0.8660254037844387,-0.4999999999999998,6.8679744089702925,0.0,1.0647107369924282,2.0794415416798357,0.0,0.0,14.281551293206844,2.7586206896551726,1,0,0,finishing_team11,2,0,368520,test,2.4465762306669157,-1.1731446939116332,-5.90709886711144,-1.4380676486489155,-1.329301807783477,-0.973454127137173,-1.168065122270806,0.8214003404779381,0.28149984809940837,0.663747223037126,-0.22888618729874646,1.207642908060418,-0.7363280996918251,-0.22318069838746318,3.143740144133799,3.101425810380653,2
2015-03-09,2,sweing,Monday,11,0.8,11.41,357.0,3420,50,0.0,0,0,58.0,0.800034503,0.7997838476090227,0.800034503,1.3849439557710048,0,0,3.4502999999963535e-05,0,357.0,5.8805329864007,0,,0,56,10,67,2,0.8660254037844387,-0.4999999999999998,3.9318256327243257,8.137688184977605,2.4344901638739844,4.060443010546419,23.1212303300112,23.877569062918383,15.964953909082741,5.083260297984224,0,0,1,sweing_team11,14,0,371940,test,0.9792705109119583,0.5380690203786255,0.06513979554799705,0.07609033318004338,0.9265270070534614,0.6636068805929838,0.5866506857777346,1.0337420008373779,3.106500041229453,0.663747223037126,-0.22888618729874646,1.207642908060418,-0.7363280996918251,-0.22318069838746318,3.143740144133799,3.101425810380653,2
2015-03-09,2,finishing,Monday,12,0.8,4.6,,0,1080,0.0,0,0,9.0,0.902962963,0.9026263189206349,0.902962963,2.2267526866328193,0,0,0.10296296299999996,1,0.0,0.0,0,,0,56,10,67,2,0.8660254037844387,-0.4999999999999998,6.985641817639208,0.0,1.5260563034950492,2.1972245773362196,0.0,0.0,15.34902389018453,1.956521739130435,1,0,0,finishing_team12,3,0,312995,test,2.505379130290208,-1.1731446939116332,-5.90709886711144,-0.9280949784565565,-1.1951785524965162,-0.973454127137173,-1.168065122270806,0.9560495928271784,-0.6932446594032137,0.663747223037126,-0.22888618729874646,1.207642908060418,-0.7363280996918251,-0.22318069838746318,3.143740144133799,3.101425810380653,2
2015-03-09,2,sweing,Monday,12,0.8,15.26,1132.0,4080,63,0.0,0,0,34.0,0.800401961,0.8001509986265665,0.800401961,1.387238369876064,0,0,0.00040196100000000623,0,1132.0,7.0326242610280065,0,,0,56,10,67,2,0.8660254037844387,-0.4999999999999998,4.1588830833596715,8.314097335405807,2.725235025856311,3.5263605246161616,29.247862070814186,24.799568578547067,14.665721131653491,2.2280471821756227,0,0,1,sweing_team12,15,0,317075,test,1.0927397937785401,0.8733233916772162,0.19460623917250247,0.39748051090269754,0.31835044575563654,1.0973930497732653,0.6544066252883127,0.8698588973237311,-0.3632754778173688,0.663747223037126,-0.22888618729874646,1.207642908060418,-0.7363280996918251,-0.22318069838746318,3.143740144133799,3.101425810380653,2
2015-03-10,2,finishing,Tuesday,1,0.75,3.94,,960,0,0.0,0,0,8.0,0.880754167,0.8804360766349206,0.880754167,1.9965661744545269,0,0,0.13075416699999998,1,0.0,0.0,0,,0,57,10,68,3,1.2246467991473532e-16,-1.0,0.0,6.8679744089702925,1.3711807233098425,2.0794415416798357,0.0,0.0,0.0,2.030456852791878,0,1,0,finishing_team1,0,0,487230,test,-0.9856129740972022,-1.1731446939116332,-0.8667014757335281,-1.0992948748235933,-1.329301807783477,-0.973454127137173,-1.168065122270806,-0.980051246628074,-0.6033955879065779,0.1762726874672926,-0.22888618729874646,-0.028538824941726233,-1.4377147039121636,-0.22318069838746318,3.143740144133799,3.186293260904103,2
2015-03-10,2,sweing,Tuesday,1,0.75,26.82,1574.0,7080,75,0.0,0,0,59.0,0.900061017,0.8997267972698412,0.900061017,2.1941926705655574,0,0,0.15006101699999996,0,1574.0,7.362010551259734,0,,0,57,10,68,3,1.2246467991473532e-16,-1.0,4.330733340286331,8.865170419651774,3.2891478778535324,4.07753744390572,31.88290454588028,30.018873685190552,17.658727354588407,2.199850857568978,1,0,1,sweing_team1,12,0,494310,test,1.178619932744878,0.9691736043105299,0.5990380513621463,1.0208313432709495,0.9459929771454892,1.2839629350290809,1.0379631403390301,1.2473918207316324,-0.397540841865168,0.1762726874672926,-0.22888618729874646,-0.028538824941726233,-1.4377147039121636,-0.22318069838746318,3.143740144133799,3.186293260904103,2
2015-03-10,2,finishing,Tuesday,2,0.7,3.9,,960,0,0.0,0,0,8.0,0.741,0.7407986633249791,0.741,1.0501237575733553,0,0,0.041000000000000036,1,0.0,0.0,0,,0,57,10,68,3,1.2246467991473532e-16,-1.0,0.0,6.8679744089702925,1.3609765531356006,2.0794415416798357,0.0,0.0,0.0,2.0512820512820515,0,1,0,finishing_team2,4,0,465240,test,-0.9856129740972022,-1.1731446939116332,-0.8667014757335281,-1.110574592867282,-1.329301807783477,-0.973454127137173,-1.168065122270806,-0.980051246628074,-0.5780879275079841,-0.3112018481025408,-0.22888618729874646,-0.028538824941726233,-1.4377147039121636,-0.22318069838746318,3.143740144133799,3.186293260904103,2
2015-03-10,2,sweing,Tuesday,2,0.7,16.1,957.0,5400,40,0.0,0,1,45.0,0.700051852,0.6998847243040935,0.700051852,0.8467489887467826,0,0,5.185200000001888e-05,0,957.0,6.86484777797086,0,,0,57,10,68,3,1.2246467991473532e-16,-1.0,3.713572066704308,8.594339400592892,2.7788192719904172,3.8066624897703196,25.493106950449725,26.1321585343848,14.136315489382133,2.795031055900621,0,0,1,sweing_team2,16,1,470640,test,0.870200865542169,0.8245010452323063,0.4002755224590608,0.456712685362316,0.6375391287463377,0.8315437366791715,0.7523360524839211,0.803080533061142,0.325747262325161,-0.3112018481025408,3.393677892448722,-0.028538824941726233,-1.4377147039121636,-0.22318069838746318,3.143740144133799,3.186293260904103,2
2015-03-10,2,finishing,Tuesday,3,0.8,4.6,,1440,0,0.0,0,0,12.0,0.894444444,0.8941149164778612,0.894444444,2.133479920518541,0,0,0.09444444399999996,1,0.0,0.0,0,,0,57,10,68,3,1.2246467991473532e-16,-1.0,0.0,7.273092595999522,1.5260563034950492,2.4849066497880004,0.0,0.0,0.0,2.608695652173913,0,1,0,finishing_team3,5,0,494850,test,-0.9856129740972022,-1.1731446939116332,-0.5693857707660099,-0.9280949784565565,-0.8675859087010354,-0.973454127137173,-1.168065122270806,-0.980051246628074,0.0993046130521891,0.663747223037126,-0.22888618729874646,-0.028538824941726233,-1.4377147039121636,-0.22318069838746318,3.143740144133799,3.186293260904103,2
2015-03-10,2,sweing,Tuesday,3,0.8,30.1,756.0,6960,63,0.0,0,1,58.0,0.800071839,0.799821152417711,0.800071839,1.3851769383299577,0,0,7.183899999996246e-05,0,756.0,6.6293632534374485,0,,0,57,10,68,3,1.2246467991473532e-16,-1.0,4.1588830833596715,8.848078421168667,3.40452517175483,4.060443010546419,27.57074668816724,26.918151686793358,16.886907747507518,1.9269102990033222,0,0,1,sweing_team3,17,1,501810,test,1.0927397937785401,0.7559759049403312,0.5864942561413656,1.1483697243081041,0.9265270070534614,0.9786476301217834,0.8100971506055502,1.1500357543219026,-0.7292297315745003,0.663747223037126,3.393677892448722,-0.028538824941726233,-1.4377147039121636,-0.22318069838746318,3.143740144133799,3.186293260904103,2
2015-03-10,2,finishing,Tuesday,4,0.75,3.94,,960,0,0.0,0,0,8.0,0.881575,0.8812562238930661,0.881575,2.004380386865106,0,0,0.131575,1,0.0,0.0,0,,0,57,10,68,3,1.2246467991473532e-16,-1.0,0.0,6.8679744089702925,1.3711807233098425,2.0794415416798357,0.0,0.0,0.0,2.030456852791878,0,1,0,finishing_team4,6,0,557340,test,-0.9856129740972022,-1.1731446939116332,-0.8667014757335281,-1.0992948748235933,-1.329301807783477,-0.973454127137173,-1.168065122270806,-0.980051246628074,-0.6033955879065779,0.1762726874672926,-0.22888618729874646,-0.028538824941726233,-1.4377147039121636,-0.22318069838746318,3.143740144133799,3.186293260904103,2
2015-03-10,2,sweing,Tuesday,4,0.75,26.82,1104.0,5880,65,0.0,0,0,59.0,0.850084211,0.8497917429874686,0.850084211,1.7329685999435782,0,0,0.10008421099999998,0,1104.0,7.007600613951853,0,,0,57,10,68,3,1.2246467991473532e-16,-1.0,4.189654742026425,8.679482094459956,3.2891478778535324,4.07753744390572,29.35942714247067,28.57375389532539,17.083474087649908,2.199850857568978,0,0,1,sweing_team4,18,0,563220,test,1.1081175672528816,0.8660416013773742,0.4627616335753051,1.0208313432709495,0.9459929771454892,1.1052922327331092,0.9317641159275284,1.1748303118703927,-0.397540841865168,0.1762726874672926,-0.22888618729874646,-0.028538824941726233,-1.4377147039121636,-0.22318069838746318,3.143740144133799,3.186293260904103,2
2015-03-10,2,finishing,Tuesday,5,0.6,3.94,,1440,0,0.0,0,0,12.0,0.909391667,0.9090496522406015,0.909391667,2.302085987023086,0,0,0.309391667,1,0.0,0.0,0,,0,57,10,68,3,1.2246467991473532e-16,-1.0,0.0,7.273092595999522,1.3711807233098425,2.4849066497880004,0.0,0.0,0.0,3.0456852791878175,0,1,0,finishing_team5,7,0,480300,test,-0.9856129740972022,-1.1731446939116332,-0.5693857707660099,-1.0992948748235933,-0.8675859087010354,-0.973454127137173,-1.168065122270806,-0.980051246628074,0.6303528565248452,-1.2861509192422065,-0.22888618729874646,-0.028538824941726233,-1.4377147039121636,-0.22318069838746318,3.143740144133799,3.186293260904103,2
2015-03-10,2,sweing,Tuesday,5,0.65,26.82,1001.0,7080,26,0.0,0,1,59.0,0.650044068,0.6499187179014203,0.650044068,0.6186819435993696,0,1,4.406800000000821e-05,0,1001.0,6.90975328164481,0,,0,57,10,68,3,1.2246467991473532e-16,-1.0,3.295836866004329,8.865170419651774,3.2891478778535324,4.07753744390572,22.773419600639357,28.174777734057137,13.43889823013753,2.199850857568978,0,0,1,sweing_team5,19,1,487380,test,0.6614426260793346,0.837568383501079,0.5990380513621463,1.0208313432709495,0.9459929771454892,0.6389807091047922,0.9024441388659122,0.7151094574582476,-0.397540841865168,-0.7986763836723731,3.393677892448722,-0.028538824941726233,-1.4377147039121636,-0.22318069838746318,3.143740144133799,3.186293260904103,2
2015-03-10,2,sweing,Tuesday,6,0.7,23.41,1180.0,4560,30,0.0,0,1,38.0,0.700246491,0.7000792006984128,0.700246491,0.8476750350245877,0,0,0.00024649100000007085,0,1180.0,7.074116816197362,0,,0,57,10,68,3,1.2246467991473532e-16,-1.0,3.4339872044851463,8.4252971767117,3.1531632815028194,3.6375861597263857,24.292426629854944,25.732709422887208,12.49142432771267,1.6232379325074755,0,0,1,sweing_team6,20,1,311415,test,0.7304816282848566,0.8853975743424519,0.27621565654421004,0.870513592887606,0.44500658234787077,0.7465315246325079,0.7229813192357912,0.5955966447236352,-1.098265211708844,-0.3112018481025408,3.393677892448722,-0.028538824941726233,-1.4377147039121636,-0.22318069838746318,3.143740144133799,3.186293260904103,2
2015-03-10,2,finishing,Tuesday,7,0.5,3.9,,960,0,0.0,0,0,8.0,0.560625,0.5605743525480368,0.560625,0.24349336017553608,0,1,0.06062500000000004,1,0.0,0.0,0,,0,57,10,68,3,1.2246467991473532e-16,-1.0,0.0,6.8679744089702925,1.3609765531356006,2.0794415416798357,0.0,0.0,0.0,2.0512820512820515,0,1,0,finishing_team7,9,0,451650,test,-0.9856129740972022,-1.1731446939116332,-0.8667014757335281,-1.110574592867282,-1.329301807783477,-0.973454127137173,-1.168065122270806,-0.980051246628074,-0.5780879275079841,-2.2610999903818723,-0.22888618729874646,-0.028538824941726233,-1.4377147039121636,-0.22318069838746318,3.143740144133799,3.186293260904103,2
2015-03-10,2,sweing,Tuesday,7,0.6,30.48,1017.0,6840,25,0.0,0,1,57.0,0.630402924,0.6302939825430242,0.630402924,0.5334782070960653,0,1,0.030402923999999998,0,1017.0,6.925595197110468,0,,0,57,10,68,3,1.2246467991473532e-16,-1.0,3.258096538021482,8.830689198760998,3.4170707308184456,4.04305126783455,22.56425773544382,28.00053644218635,13.172651338775113,1.8700787401574803,0,0,1,sweing_team7,21,1,458490,test,0.6425823423080668,0.8421783232919369,0.5737323286730242,1.162237620131249,0.9067224814303124,0.6241713443379321,0.8896394874185716,0.6815255088269102,-0.7982938411853605,-1.2861509192422065,3.393677892448722,-0.028538824941726233,-1.4377147039121636,-0.22318069838746318,3.143740144133799,3.186293260904103,2
2015-03-10,2,finishing,Tuesday,8,0.65,3.9,,960,0,0.0,0,0,8.0,0.560625,0.5605743525480368,0.560625,0.24349336017553608,1,1,-0.08937499999999998,1,0.0,0.0,0,,0,57,10,68,3,1.2246467991473532e-16,-1.0,0.0,6.8679744089702925,1.3609765531356006,2.0794415416798357,0.0,0.0,0.0,2.0512820512820515,0,1,0,finishing_team8,10,0,455400,test,-0.9856129740972022,-1.1731446939116332,-0.8667014757335281,-1.110574592867282,-1.329301807783477,-0.973454127137173,-1.168065122270806,-0.980051246628074,-0.5780879275079841,-0.7986763836723731,-0.22888618729874646,-0.028538824941726233,-1.4377147039121636,-0.22318069838746318,3.143740144133799,3.186293260904103,2
2015-03-10,2,sweing,Tuesday,8,0.7,30.48,923.0,6840,30,0.0,0,1,57.0,0.700505263,0.7003377565146199,0.700505263,0.8489067426232425,0,0,0.0005052630000000891,0,923.0,6.828712071641684,0,,0,57,10,68,3,1.2246467991473532e-16,-1.0,3.4339872044851463,8.830689198760998,3.4170707308184456,4.04305126783455,23.449709877130797,27.60883299892801,13.883786320821294,1.8700787401574803,0,0,1,sweing_team8,22,1,462240,test,0.7304816282848566,0.813985686099205,0.5737323286730242,1.162237620131249,0.9067224814303124,0.6868643392468325,0.8608539681665357,0.7712269156105733,-0.7982938411853605,-0.3112018481025408,3.393677892448722,-0.028538824941726233,-1.4377147039121636,-0.22318069838746318,3.143740144133799,3.186293260904103,2
2015-03-10,2,finishing,Tuesday,9,0.75,2.9,,1800,0,0.0,0,0,15.0,0.821666667,0.821397939625731,0.821666667,1.5258474885243831,0,0,0.07166666700000002,1,0.0,0.0,0,,0,57,10,68,3,1.2246467991473532e-16,-1.0,0.0,7.496097345175956,1.0647107369924282,2.70805020110221,0.0,0.0,0.0,5.172413793103448,0,1,0,finishing_team9,11,0,456900,test,-0.9856129740972022,-1.1731446939116332,-0.40572287846610844,-1.4380676486489155,-0.6134853132140259,-0.973454127137173,-1.168065122270806,-0.980051246628074,3.2148431323596354,0.1762726874672926,-0.22888618729874646,-0.028538824941726233,-1.4377147039121636,-0.22318069838746318,3.143740144133799,3.186293260904103,2
2015-03-10,2,sweing,Tuesday,9,0.75,18.79,1247.0,6240,45,0.0,0,0,52.0,0.750395513,0.7501863271077694,0.750395513,1.09960628026814,0,0,0.0003955129999999585,0,1247.0,7.129297548929373,0,,0,57,10,68,3,1.2246467991473532e-16,-1.0,3.828641396489095,8.738895704934043,2.933324813425374,3.9512437185814275,27.29552372371924,28.169592158105154,15.127895268578362,2.7674294837679616,0,0,1,sweing_team9,23,0,463140,test,0.9277054058868384,0.9014549669009109,0.506365204208124,0.6275035398673704,0.8021783312721362,0.9591609169538898,0.9020630610404097,0.9281567891556,0.2922046665928689,0.1762726874672926,-0.22888618729874646,-0.028538824941726233,-1.4377147039121636,-0.22318069838746318,3.143740144133799,3.186293260904103,2
2015-03-10,2,finishing,Tuesday,10,0.7,2.9,,960,0,0.0,0,0,8.0,0.39875,0.3988345864661654,0.39875,-0.4103233665001707,1,1,-0.30124999999999996,1,0.0,0.0,0,,0,57,10,68,3,1.2246467991473532e-16,-1.0,0.0,6.8679744089702925,1.0647107369924282,2.0794415416798357,0.0,0.0,0.0,2.7586206896551726,0,1,0,finishing_team10,1,0,460710,test,-0.9856129740972022,-1.1731446939116332,-0.8667014757335281,-1.4380676486489155,-1.329301807783477,-0.973454127137173,-1.168065122270806,-0.980051246628074,0.28149984809940837,-0.3112018481025408,-0.22888618729874646,-0.028538824941726233,-1.4377147039121636,-0.22318069838746318,3.143740144133799,3.186293260904103,2
2015-03-10,2,sweing,Tuesday,10,0.75,21.82,1499.0,6000,34,0.0,0,0,50.0,0.750608,0.7503986365914788,0.750608,1.1007394819271172,0,0,0.0006080000000000529,0,1499.0,7.313220387090301,0,,0,57,10,68,3,1.2246467991473532e-16,-1.0,3.5553480614894135,8.699681400989514,3.0828269804049246,3.912023005428146,26.00104392648636,28.60948639806339,13.908603408850949,2.2914757103574703,0,0,1,sweing_team10,13,0,466710,test,0.7911302851503994,0.9549758439642679,0.477585878087085,0.7927636503569598,0.7575164689463868,0.8675073859307699,0.9343900276043113,0.7743573026182955,-0.28619445256009357,0.1762726874672926,-0.22888618729874646,-0.028538824941726233,-1.4377147039121636,-0.22318069838746318,3.143740144133799,3.186293260904103,2
2015-03-10,2,finishing,Tuesday,11,0.8,2.9,,960,0,0.0,0,0,8.0,0.758229167,0.7580134367017544,0.758229167,1.1418189109504955,1,0,-0.04177083300000006,1,0.0,0.0,0,,0,57,10,68,3,1.2246467991473532e-16,-1.0,0.0,6.8679744089702925,1.0647107369924282,2.0794415416798357,0.0,0.0,0.0,2.7586206896551726,0,1,0,finishing_team11,2,0,372900,test,-0.9856129740972022,-1.1731446939116332,-0.8667014757335281,-1.4380676486489155,-1.329301807783477,-0.973454127137173,-1.168065122270806,-0.980051246628074,0.28149984809940837,0.663747223037126,-0.22888618729874646,-0.028538824941726233,-1.4377147039121636,-0.22318069838746318,3.143740144133799,3.186293260904103,2
2015-03-10,2,sweing,Tuesday,11,0.8,11.41,338.0,3420,50,0.0,0,0,58.0,0.800034503,0.7997838476090227,0.800034503,1.3849439557710048,0,0,3.4502999999963535e-05,0,338.0,5.82600010738045,0,,0,57,10,68,3,1.2246467991473532e-16,-1.0,3.9318256327243257,8.137688184977605,2.4344901638739844,4.060443010546419,22.906816558453126,23.656141415455636,15.964953909082741,5.083260297984224,0,0,1,sweing_team11,14,0,376320,test,0.9792705109119583,0.5222001508943475,0.06513979554799705,0.07609033318004338,0.9265270070534614,0.6484256631608613,0.5703784014292712,1.0337420008373779,3.106500041229453,0.663747223037126,-0.22888618729874646,-0.028538824941726233,-1.4377147039121636,-0.22318069838746318,3.143740144133799,3.186293260904103,2
2015-03-10,2,finishing,Tuesday,12,0.8,4.6,,1080,0,0.0,0,0,9.0,0.92,0.9196491228070175,0.92,2.437589199769166,0,0,0.12,1,0.0,0.0,0,,0,57,10,68,3,1.2246467991473532e-16,-1.0,0.0,6.985641817639208,1.5260563034950492,2.1972245773362196,0.0,0.0,0.0,1.956521739130435,0,1,0,finishing_team12,3,0,318155,test,-0.9856129740972022,-1.1731446939116332,-0.7803455191751631,-0.9280949784565565,-1.1951785524965162,-0.973454127137173,-1.168065122270806,-0.980051246628074,-0.6932446594032137,0.663747223037126,-0.22888618729874646,-0.028538824941726233,-1.4377147039121636,-0.22318069838746318,3.143740144133799,3.186293260904103,2
2015-03-10,2,sweing,Tuesday,12,0.8,15.26,1069.0,4080,63,0.0,0,0,34.0,0.800401961,0.8001509986265665,0.800401961,1.387238369876064,0,0,0.00040196100000000623,0,1069.0,6.975413927455952,0,,0,57,10,68,3,1.2246467991473532e-16,-1.0,4.1588830833596715,8.314097335405807,2.725235025856311,3.5263605246161616,29.009930982328004,24.597824316638448,14.665721131653491,2.2280471821756227,0,0,1,sweing_team12,15,0,322235,test,1.0927397937785401,0.856675392655015,0.19460623917250247,0.39748051090269754,0.31835044575563654,1.0805467270677673,0.6395808344123101,0.8698588973237311,-0.3632754778173688,0.663747223037126,-0.22888618729874646,-0.028538824941726233,-1.4377147039121636,-0.22318069838746318,3.143740144133799,3.186293260904103,2
2015-03-11,2,finishing,Wednesday,1,0.75,3.94,,1920,0,0.0,0,0,8.0,0.812625,0.8123638262322473,0.812625,1.4654434597684056,0,0,0.06262500000000004,1,0.0,0.0,0,,0,58,10,69,4,-0.8660254037844384,-0.5000000000000004,0.0,7.560601162768557,1.3711807233098425,2.0794415416798357,0.0,0.0,0.0,2.030456852791878,0,1,0,finishing_team1,0,0,496230,test,-0.9856129740972022,-1.1731446939116332,-0.358383611519654,-1.0992948748235933,-1.329301807783477,-0.973454127137173,-1.168065122270806,-0.980051246628074,-0.6033955879065779,0.1762726874672926,-0.22888618729874646,-1.2647205579438705,-0.736328099691826,-0.22318069838746318,3.143740144133799,3.271160711427553,2
2015-03-11,2,sweing,Wednesday,1,0.75,26.82,1322.0,7080,45,0.0,0,0,59.0,0.750050847,0.7498419490492899,0.750050847,1.0977695278133037,0,0,5.0847000000020515e-05,0,1322.0,7.187657164114956,0,,0,58,10,69,4,-0.8660254037844384,-0.5000000000000004,3.828641396489095,8.865170419651774,3.2891478778535324,4.07753744390572,27.518961762301934,29.307941220635932,15.61142865347177,2.199850857568978,0,0,1,sweing_team1,12,0,503310,test,0.9277054058868384,0.9184374026932481,0.5990380513621463,1.0208313432709495,0.9459929771454892,0.9749810828960394,0.9857181052300654,0.9891489016895724,-0.397540841865168,0.1762726874672926,-0.22888618729874646,-1.2647205579438705,-0.736328099691826,-0.22318069838746318,3.143740144133799,3.271160711427553,2
2015-03-11,2,finishing,Wednesday,2,0.75,3.9,,1920,0,0.0,0,0,8.0,0.819270833,0.8190041071578947,0.819270833,1.5096147591570106,0,0,0.06927083300000003,1,0.0,0.0,0,,0,58,10,69,4,-0.8660254037844384,-0.5000000000000004,0.0,7.560601162768557,1.3609765531356006,2.0794415416798357,0.0,0.0,0.0,2.0512820512820515,0,1,0,finishing_team2,4,0,472560,test,-0.9856129740972022,-1.1731446939116332,-0.358383611519654,-1.110574592867282,-1.329301807783477,-0.973454127137173,-1.168065122270806,-0.980051246628074,-0.5780879275079841,0.1762726874672926,-0.22888618729874646,-1.2647205579438705,-0.736328099691826,-0.22318069838746318,3.143740144133799,3.271160711427553,2
2015-03-11,2,sweing,Wednesday,2,0.75,16.1,971.0,5400,45,0.0,0,1,45.0,0.750140741,0.7499317679498748,0.750140741,1.098248417500328,0,0,0.0001407410000000553,0,971.0,6.879355804460439,0,,0,58,10,69,4,-0.8660254037844384,-0.5000000000000004,3.828641396489095,8.594339400592892,2.7788192719904172,3.8066624897703196,26.338586414134777,26.187385694623273,14.574345590796892,2.795031055900621,0,0,1,sweing_team2,16,1,477960,test,0.9277054058868384,0.8287228281818564,0.4002755224590608,0.456712685362316,0.6375391287463377,0.8914065313090423,0.756394588377953,0.8583329356323643,0.325747262325161,0.1762726874672926,3.393677892448722,-1.2647205579438705,-0.736328099691826,-0.22318069838746318,3.143740144133799,3.271160711427553,2
2015-03-11,2,finishing,Wednesday,3,0.8,4.6,,1920,0,0.0,0,0,8.0,0.786631944,0.7863924854001672,0.786631944,1.303315725912626,1,0,-0.013368056000000017,1,0.0,0.0,0,,0,58,10,69,4,-0.8660254037844384,-0.5000000000000004,0.0,7.560601162768557,1.5260563034950492,2.0794415416798357,0.0,0.0,0.0,1.7391304347826089,0,1,0,finishing_team3,5,0,503730,test,-0.9856129740972022,-1.1731446939116332,-0.358383611519654,-0.9280949784565565,-1.329301807783477,-0.973454127137173,-1.168065122270806,-0.980051246628074,-0.9574277502216814,0.663747223037126,-0.22888618729874646,-1.2647205579438705,-0.736328099691826,-0.22318069838746318,3.143740144133799,3.271160711427553,2
2015-03-11,2,sweing,Wednesday,3,0.8,30.1,735.0,6960,63,0.0,0,1,58.0,0.800071839,0.799821152417711,0.800071839,1.3851769383299577,0,0,7.183899999996246e-05,0,735.0,6.601230118728877,0,,0,58,10,69,4,-0.8660254037844384,-0.5000000000000004,4.1588830833596715,8.848078421168667,3.40452517175483,4.060443010546419,27.45374427014588,26.803918696601176,16.886907747507518,1.9269102990033222,0,0,1,sweing_team3,17,1,510690,test,1.0927397937785401,0.7477892650472099,0.5864942561413656,1.1483697243081041,0.9265270070534614,0.9703634647197243,0.8017023917771833,1.1500357543219026,-0.7292297315745003,0.663747223037126,3.393677892448722,-1.2647205579438705,-0.736328099691826,-0.22318069838746318,3.143740144133799,3.271160711427553,2
2015-03-11,2,finishing,Wednesday,4,0.75,3.94,,1920,0,0.0,0,0,8.0,0.813309028,0.813047282780284,0.813309028,1.4699335304675725,0,0,0.06330902800000004,1,0.0,0.0,0,,0,58,10,69,4,-0.8660254037844384,-0.5000000000000004,0.0,7.560601162768557,1.3711807233098425,2.0794415416798357,0.0,0.0,0.0,2.030456852791878,0,1,0,finishing_team4,6,0,565140,test,-0.9856129740972022,-1.1731446939116332,-0.358383611519654,-1.0992948748235933,-1.329301807783477,-0.973454127137173,-1.168065122270806,-0.980051246628074,-0.6033955879065779,0.1762726874672926,-0.22888618729874646,-1.2647205579438705,-0.736328099691826,-0.22318069838746318,3.143740144133799,3.271160711427553,2
2015-03-11,2,sweing,Wednesday,4,0.75,26.82,1054.0,7080,45,0.0,0,0,59.0,0.750050847,0.7498419490492899,0.750050847,1.0977695278133037,0,0,5.0847000000020515e-05,0,1054.0,6.961296045910167,0,,0,58,10,69,4,-0.8660254037844384,-0.5000000000000004,3.828641396489095,8.865170419651774,3.2891478778535324,4.07753744390572,26.65230621458752,28.384945285311538,15.61142865347177,2.199850857568978,0,0,1,sweing_team4,18,0,572220,test,0.9277054058868384,0.852567140465334,0.5990380513621463,1.0208313432709495,0.9459929771454892,0.9136189501701376,0.9178889407866264,0.9891489016895724,-0.397540841865168,0.1762726874672926,-0.22888618729874646,-1.2647205579438705,-0.736328099691826,-0.22318069838746318,3.143740144133799,3.271160711427553,2
2015-03-11,2,finishing,Wednesday,5,0.7,3.94,,1440,0,0.0,0,0,12.0,0.75885,0.7586337510442773,0.75885,1.1452036343736522,0,0,0.05885000000000007,1,0.0,0.0,0,,0,58,10,69,4,-0.8660254037844384,-0.5000000000000004,0.0,7.273092595999522,1.3711807233098425,2.4849066497880004,0.0,0.0,0.0,3.0456852791878175,0,1,0,finishing_team5,7,0,488820,test,-0.9856129740972022,-1.1731446939116332,-0.5693857707660099,-1.0992948748235933,-0.8675859087010354,-0.973454127137173,-1.168065122270806,-0.980051246628074,0.6303528565248452,-0.3112018481025408,-0.22888618729874646,-1.2647205579438705,-0.736328099691826,-0.22318069838746318,3.143740144133799,3.271160711427553,2
2015-03-11,2,sweing,Wednesday,5,0.7,26.82,992.0,6960,30,0.0,0,1,58.0,0.700556897,0.7003893473784462,0.700556897,0.8491525837986257,0,0,0.0005568970000000562,0,992.0,6.900730664045173,0,,0,58,10,69,4,-0.8660254037844384,-0.5000000000000004,3.4339872044851463,8.848078421168667,3.2891478778535324,4.060443010546419,23.697020801929412,28.020023592485572,13.94350934275755,2.162565249813572,0,0,1,sweing_team5,19,1,495780,test,0.7304816282848566,0.8349428345906313,0.5864942561413656,1.0208313432709495,0.9265270070534614,0.7043747859659238,0.8910715599462967,0.7787602801901629,-0.442851886524562,-0.3112018481025408,3.393677892448722,-1.2647205579438705,-0.736328099691826,-0.22318069838746318,3.143740144133799,3.271160711427553,2
2015-03-11,2,finishing,Wednesday,6,0.7,2.9,,720,0,0.0,0,0,6.0,0.394722222,0.39481017336006685,0.394722222,-0.42713709624216983,1,1,-0.30527777799999994,1,0.0,0.0,0,,0,58,10,69,4,-0.8660254037844384,-0.5000000000000004,0.0,6.580639137284949,1.0647107369924282,1.791759469228055,0.0,0.0,0.0,2.0689655172413794,0,1,0,finishing_team6,8,0,312135,test,-0.9856129740972022,-1.1731446939116332,-1.0775764539457442,-1.4380676486489155,-1.6568944515789579,-0.973454127137173,-1.168065122270806,-0.980051246628074,-0.5565982331177994,-0.3112018481025408,-0.22888618729874646,-1.2647205579438705,-0.736328099691826,-0.22318069838746318,3.143740144133799,3.271160711427553,2
2015-03-11,2,sweing,Wednesday,6,0.7,23.41,1128.0,4560,40,0.0,0,1,38.0,0.700246491,0.7000792006984128,0.700246491,0.8476750350245877,0,0,0.00024649100000007085,0,1128.0,7.029087564149662,0,,0,58,10,69,4,-0.8660254037844384,-0.5000000000000004,3.713572066704308,8.4252971767117,3.1531632815028194,3.6375861597263857,26.10302323264481,25.568911638855663,13.508438352990101,1.6232379325074755,0,0,1,sweing_team6,20,1,316695,test,0.870200865542169,0.8722942257469328,0.27621565654421004,0.870513592887606,0.44500658234787077,0.8747278643968607,0.7109441407354962,0.7238811351358608,-1.098265211708844,-0.3112018481025408,3.393677892448722,-1.2647205579438705,-0.736328099691826,-0.22318069838746318,3.143740144133799,3.271160711427553,2
2015-03-11,2,finishing,Wednesday,7,0.65,3.9,,960,0,0.0,0,0,8.0,0.625625,0.6255200501253132,0.625625,0.5130451208113904,1,1,-0.024375000000000036,1,0.0,0.0,0,,0,58,10,69,4,-0.8660254037844384,-0.5000000000000004,0.0,6.8679744089702925,1.3609765531356006,2.0794415416798357,0.0,0.0,0.0,2.0512820512820515,0,1,0,finishing_team7,9,0,459450,test,-0.9856129740972022,-1.1731446939116332,-0.8667014757335281,-1.110574592867282,-1.329301807783477,-0.973454127137173,-1.168065122270806,-0.980051246628074,-0.5780879275079841,-0.7986763836723731,-0.22888618729874646,-1.2647205579438705,-0.736328099691826,-0.22318069838746318,3.143740144133799,3.271160711427553,2
2015-03-11,2,sweing,Wednesday,7,0.65,30.48,935.0,6840,26,0.0,0,1,57.0,0.650596491,0.6504706793951546,0.650596491,0.6211087718272361,0,1,0.0005964910000000323,0,935.0,6.8416154764775925,0,,0,58,10,69,4,-0.8660254037844384,-0.5000000000000004,3.295836866004329,8.830689198760998,3.4170707308184456,4.04305126783455,22.548848510400624,27.661002126209212,13.325237419674654,1.8700787401574803,0,0,1,sweing_team7,21,1,466290,test,0.6614426260793346,0.8177405299827967,0.5737323286730242,1.162237620131249,0.9067224814303124,0.6230803192879021,0.864687775204899,0.7007724682057217,-0.7982938411853605,-0.7986763836723731,3.393677892448722,-1.2647205579438705,-0.736328099691826,-0.22318069838746318,3.143740144133799,3.271160711427553,2
2015-03-11,2,finishing,Wednesday,8,0.7,3.9,,960,0,0.0,0,0,8.0,0.625625,0.6255200501253132,0.625625,0.5130451208113904,1,1,-0.07437499999999997,1,0.0,0.0,0,,0,58,10,69,4,-0.8660254037844384,-0.5000000000000004,0.0,6.8679744089702925,1.3609765531356006,2.0794415416798357,0.0,0.0,0.0,2.0512820512820515,0,1,0,finishing_team8,10,0,463200,test,-0.9856129740972022,-1.1731446939116332,-0.8667014757335281,-1.110574592867282,-1.329301807783477,-0.973454127137173,-1.168065122270806,-0.980051246628074,-0.5780879275079841,-0.3112018481025408,-0.22888618729874646,-1.2647205579438705,-0.736328099691826,-0.22318069838746318,3.143740144133799,3.271160711427553,2
2015-03-11,2,sweing,Wednesday,8,0.7,30.48,914.0,6840,30,0.0,0,1,57.0,0.700505263,0.7003377565146199,0.700505263,0.8489067426232425,0,0,0.0005052630000000891,0,914.0,6.818924065275521,0,,0,58,10,69,4,-0.8660254037844384,-0.5000000000000004,3.4339872044851463,8.830689198760998,3.4170707308184456,4.04305126783455,23.416097988511975,27.569259587379722,13.883786320821294,1.8700787401574803,0,0,1,sweing_team8,22,1,470040,test,0.7304816282848566,0.8111374118410598,0.5737323286730242,1.162237620131249,0.9067224814303124,0.6844845042869853,0.8579457956201927,0.7712269156105733,-0.7982938411853605,-0.3112018481025408,3.393677892448722,-1.2647205579438705,-0.736328099691826,-0.22318069838746318,3.143740144133799,3.271160711427553,2
2015-03-11,2,finishing,Wednesday,9,0.75,2.9,,1800,0,0.0,0,0,15.0,0.505888889,0.5058839692932331,0.505888889,0.023536963713656656,1,1,-0.24411111100000005,1,0.0,0.0,0,,0,58,10,69,4,-0.8660254037844384,-0.5000000000000004,0.0,7.496097345175956,1.0647107369924282,2.70805020110221,0.0,0.0,0.0,5.172413793103448,0,1,0,finishing_team9,11,0,464940,test,-0.9856129740972022,-1.1731446939116332,-0.40572287846610844,-1.4380676486489155,-0.6134853132140259,-0.973454127137173,-1.168065122270806,-0.980051246628074,3.2148431323596354,0.1762726874672926,-0.22888618729874646,-1.2647205579438705,-0.736328099691826,-0.22318069838746318,3.143740144133799,3.271160711427553,2
2015-03-11,2,sweing,Wednesday,9,0.75,18.79,290.0,5040,45,0.0,0,0,52.0,0.750347333,0.750138187358396,0.750347333,1.0993494237632624,0,0,0.0003473330000000052,0,290.0,5.673323267171493,0,,0,58,10,69,4,-0.8660254037844384,-0.5000000000000004,3.828641396489095,8.525359754082631,2.933324813425374,3.9512437185814275,21.72112031635754,22.416682922893223,15.127895268578362,2.7674294837679616,0,0,1,sweing_team9,23,0,469980,test,0.9277054058868384,0.47777174560791086,0.34965145055303015,0.6275035398673704,0.8021783312721362,0.5644743743565027,0.47929302315695477,0.9281567891556,0.2922046665928689,0.1762726874672926,-0.22888618729874646,-1.2647205579438705,-0.736328099691826,-0.22318069838746318,3.143740144133799,3.271160711427553,2
2015-03-11,2,finishing,Wednesday,10,0.75,2.9,,960,0,0.0,0,0,8.0,0.628333333,0.628226120524645,0.628333333,0.5246143476060059,1,1,-0.12166666699999995,1,0.0,0.0,0,,0,58,10,69,4,-0.8660254037844384,-0.5000000000000004,0.0,6.8679744089702925,1.0647107369924282,2.0794415416798357,0.0,0.0,0.0,2.7586206896551726,0,1,0,finishing_team10,1,0,467670,test,-0.9856129740972022,-1.1731446939116332,-0.8667014757335281,-1.4380676486489155,-1.329301807783477,-0.973454127137173,-1.168065122270806,-0.980051246628074,0.28149984809940837,0.1762726874672926,-0.22888618729874646,-1.2647205579438705,-0.736328099691826,-0.22318069838746318,3.143740144133799,3.271160711427553,2
2015-03-11,2,sweing,Wednesday,10,0.75,21.82,1674.0,6000,34,0.0,0,0,50.0,0.750608,0.7503986365914788,0.750608,1.1007394819271172,0,0,0.0006080000000000529,0,1674.0,7.423568444259167,0,,0,58,10,69,4,-0.8660254037844384,-0.5000000000000004,3.5553480614894135,8.699681400989514,3.0828269804049246,3.912023005428146,26.393369677630808,29.04117053631229,13.908603408850949,2.2914757103574703,0,0,1,sweing_team10,13,0,473670,test,0.7911302851503994,0.9870867273160548,0.477585878087085,0.7927636503569598,0.7575164689463868,0.8952853709410817,0.9661136498655708,0.7743573026182955,-0.28619445256009357,0.1762726874672926,-0.22888618729874646,-1.2647205579438705,-0.736328099691826,-0.22318069838746318,3.143740144133799,3.271160711427553,2
2015-03-11,2,finishing,Wednesday,11,0.8,2.9,,2400,0,0.0,0,0,10.0,0.874027778,0.8737153070075188,0.874027778,1.9342157605167858,0,0,0.07402777799999993,1,0.0,0.0,0,,0,58,10,69,4,-0.8660254037844384,-0.5000000000000004,0.0,7.783640596221253,1.0647107369924282,2.302585092994046,0.0,0.0,0.0,3.4482758620689657,0,1,0,finishing_team11,2,0,378720,test,-0.9856129740972022,-1.1731446939116332,-0.19469526447499352,-1.4380676486489155,-1.0752012122964671,-0.973454127137173,-1.168065122270806,-0.980051246628074,1.1195979293166163,0.663747223037126,-0.22888618729874646,-1.2647205579438705,-0.736328099691826,-0.22318069838746318,3.143740144133799,3.271160711427553,2
2015-03-11,2,sweing,Wednesday,11,0.8,11.41,560.0,3420,50,0.0,0,0,58.0,0.800034503,0.7997838476090227,0.800034503,1.3849439557710048,0,0,3.4502999999963535e-05,0,560.0,6.329720905522696,0,,0,58,10,69,4,-0.8660254037844384,-0.5000000000000004,3.9318256327243257,8.137688184977605,2.4344901638739844,4.060443010546419,24.887358904325165,25.70147100953918,15.964953909082741,5.083260297984224,0,0,1,sweing_team11,14,0,382140,test,0.9792705109119583,0.6687810713564287,0.06513979554799705,0.07609033318004338,0.9265270070534614,0.7886547341189531,0.7206856693907128,1.0337420008373779,3.106500041229453,0.663747223037126,-0.22888618729874646,-1.2647205579438705,-0.736328099691826,-0.22318069838746318,3.143740144133799,3.271160711427553,2
2015-03-11,2,finishing,Wednesday,12,0.8,4.6,,2160,0,0.0,0,0,9.0,0.922839506,0.9224862566215539,0.922839506,2.4766172232795567,0,0,0.12283950599999993,1,0.0,0.0,0,,0,58,10,69,4,-0.8660254037844384,-0.5000000000000004,0.0,7.6783263565068856,1.5260563034950492,2.1972245773362196,0.0,0.0,0.0,1.956521739130435,0,1,0,finishing_team12,3,0,324395,test,-0.9856129740972022,-1.1731446939116332,-0.2719852465748004,-0.9280949784565565,-1.1951785524965162,-0.973454127137173,-1.168065122270806,-0.980051246628074,-0.6932446594032137,0.663747223037126,-0.22888618729874646,-1.2647205579438705,-0.736328099691826,-0.22318069838746318,3.143740144133799,3.271160711427553,2
2015-03-11,2,sweing,Wednesday,12,0.8,15.26,470.0,4080,63,0.0,0,0,34.0,0.800401961,0.8001509986265665,0.800401961,1.387238369876064,0,0,0.00040196100000000623,0,470.0,6.154858094016418,0,,0,58,10,69,4,-0.8660254037844384,-0.5000000000000004,4.1588830833596715,8.314097335405807,2.725235025856311,3.5263605246161616,25.59733520768423,21.704248617353763,14.665721131653491,2.2280471821756227,0,0,1,sweing_team12,15,0,328475,test,1.0927397937785401,0.6178966291024888,0.19460623917250247,0.39748051090269754,0.31835044575563654,0.8389234484586439,0.42693762069399643,0.8698588973237311,-0.3632754778173688,0.663747223037126,-0.22888618729874646,-1.2647205579438705,-0.736328099691826,-0.22318069838746318,3.143740144133799,3.271160711427553,2
